<?xml version="1.0" encoding="utf-8"?>
<COLLADA xmlns="http://www.collada.org/2005/11/COLLADASchema" version="1.4.1">
  <asset>
    <contributor>
      <authoring_tool>Fusion URDF/XACRO Exporter</authoring_tool>
    </contributor>
    <created>2026-08-08T07:58:23Z</created>
    <modified>2026-08-08T07:58:23Z</modified>
    <unit name="meter" meter="1.0"/>
    <up_axis>Z_UP</up_axis>
  </asset>
  <library_effects>
    <effect id="Opaque_246_246_243_-effect">
      <profile_COMMON>
        <technique sid="common">
          <lambert>
            <emission><color>0 0 0 1</color></emission>
            <ambient><color>0.0000 0.0000 0.0000 1</color></ambient>
            <diffuse><color>0.9647 0.9647 0.9529 1</color></diffuse>
            <reflective><color>0 0 0 1</color></reflective>
            <transparent opaque="A_ONE"><color>1 1 1 1</color></transparent>
            <transparency><float>1</float></transparency>
          </lambert>
        </technique>
      </profile_COMMON>
    </effect>
  </library_effects>
  <library_materials>
    <material id="Opaque_246_246_243_" name="Opaque(246,246,243)">
      <instance_effect url="#Opaque_246_246_243_-effect"/>
    </material>
  </library_materials>
  <library_geometries>
    <geometry id="gripper_left_gear-mesh" name="gripper_left_gear">
      <mesh>
        <source id="gripper_left_gear-mesh-positions">
          <float_array id="gripper_left_gear-mesh-positions-array" count="7836">0.210014 0.122690 0.172095 0.210043 0.122448 0.172095 0.210126 0.122218 0.172095 0.210260 0.122015 0.172095 0.210437 0.121847 0.172095 0.210648 0.121726 0.172095 0.210882 0.121656 0.172095 0.211125 0.121641 0.172095 0.211365 0.121684 0.172095 0.211589 0.121780 0.172095 0.211785 0.121926 0.172095 0.211941 0.122113 0.172095 0.212051 0.122331 0.172095 0.212107 0.122568 0.172095 0.212107 0.122812 0.172095 0.212051 0.123049 0.172095 0.211941 0.123267 0.172095 0.211785 0.123453 0.172095 0.211589 0.123599 0.172095 0.211365 0.123696 0.172095 0.211125 0.123738 0.172095 0.210882 0.123724 0.172095 0.210648 0.123654 0.172095 0.210437 0.123532 0.172095 0.210260 0.123365 0.172095 0.210126 0.123161 0.172095 0.210043 0.122932 0.172095 0.210014 0.122690 0.169095 0.210043 0.122932 0.169095 0.210126 0.123161 0.169095 0.210260 0.123365 0.169095 0.210437 0.123532 0.169095 0.210648 0.123654 0.169095 0.210882 0.123724 0.169095 0.211125 0.123738 0.169095 0.211365 0.123696 0.169095 0.211589 0.123599 0.169095 0.211785 0.123453 0.169095 0.211941 0.123267 0.169095 0.212051 0.123049 0.169095 0.212107 0.122812 0.169095 0.212107 0.122568 0.169095 0.212051 0.122331 0.169095 0.211941 0.122113 0.169095 0.211785 0.121926 0.169095 0.211589 0.121780 0.169095 0.211365 0.121684 0.169095 0.211125 0.121641 0.169095 0.210882 0.121656 0.169095 0.210648 0.121726 0.169095 0.210437 0.121847 0.169095 0.210260 0.122015 0.169095 0.210126 0.122218 0.169095 0.210043 0.122448 0.169095 0.180014 0.122690 0.172095 0.180043 0.122448 0.172095 0.180126 0.122218 0.172095 0.180260 0.122015 0.172095 0.180437 0.121847 0.172095 0.180648 0.121726 0.172095 0.180882 0.121656 0.172095 0.181125 0.121641 0.172095 0.181365 0.121684 0.172095 0.181589 0.121780 0.172095 0.181785 0.121926 0.172095 0.181941 0.122113 0.172095 0.182051 0.122331 0.172095 0.182107 0.122568 0.172095 0.182107 0.122812 0.172095 0.182051 0.123049 0.172095 0.181941 0.123267 0.172095 0.181785 0.123453 0.172095 0.181589 0.123599 0.172095 0.181365 0.123696 0.172095 0.181125 0.123738 0.172095 0.180882 0.123724 0.172095 0.180648 0.123654 0.172095 0.180437 0.123532 0.172095 0.180260 0.123365 0.172095 0.180126 0.123161 0.172095 0.180043 0.122932 0.172095 0.180014 0.122690 0.169095 0.180043 0.122932 0.169095 0.180126 0.123161 0.169095 0.180260 0.123365 0.169095 0.180437 0.123532 0.169095 0.180648 0.123654 0.169095 0.180882 0.123724 0.169095 0.181125 0.123738 0.169095 0.181365 0.123696 0.169095 0.181589 0.123599 0.169095 0.181785 0.123453 0.169095 0.181941 0.123267 0.169095 0.182051 0.123049 0.169095 0.182107 0.122812 0.169095 0.182107 0.122568 0.169095 0.182051 0.122331 0.169095 0.181941 0.122113 0.169095 0.181785 0.121926 0.169095 0.181589 0.121780 0.169095 0.181365 0.121684 0.169095 0.181125 0.121641 0.169095 0.180882 0.121656 0.169095 0.180648 0.121726 0.169095 0.180437 0.121847 0.169095 0.180260 0.122015 0.169095 0.180126 0.122218 0.169095 0.180043 0.122448 0.169095 0.181064 0.125190 0.172095 0.199077 0.125190 0.172095 0.199077 0.125190 0.169095 0.181064 0.125190 0.169095 0.181064 0.120190 0.172095 0.180692 0.120218 0.172095 0.180327 0.120301 0.172095 0.179979 0.120437 0.172095 0.179656 0.120624 0.172095 0.179364 0.120857 0.172095 0.179110 0.121131 0.172095 0.178899 0.121440 0.172095 0.178737 0.121776 0.172095 0.178627 0.122133 0.172095 0.178571 0.122503 0.172095 0.178571 0.122876 0.172095 0.178627 0.123246 0.172095 0.178737 0.123603 0.172095 0.178899 0.123940 0.172095 0.179110 0.124248 0.172095 0.179364 0.124522 0.172095 0.179656 0.124755 0.172095 0.179979 0.124942 0.172095 0.180327 0.125079 0.172095 0.180692 0.125162 0.172095 0.180692 0.125162 0.169095 0.180327 0.125079 0.169095 0.179979 0.124942 0.169095 0.179656 0.124755 0.169095 0.179364 0.124522 0.169095 0.179110 0.124248 0.169095 0.178899 0.123940 0.169095 0.178737 0.123603 0.169095 0.178627 0.123246 0.169095 0.178571 0.122876 0.169095 0.178571 0.122503 0.169095 0.178627 0.122133 0.169095 0.178737 0.121776 0.169095 0.178899 0.121440 0.169095 0.179110 0.121131 0.169095 0.179364 0.120857 0.169095 0.179656 0.120624 0.169095 0.179979 0.120437 0.169095 0.180327 0.120301 0.169095 0.180692 0.120218 0.169095 0.181064 0.120190 0.169095 0.199077 0.120190 0.172095 0.199077 0.120190 0.169095 0.198980 0.120121 0.172095 0.198980 0.120121 0.169095 0.198803 0.119985 0.172095 0.198803 0.119985 0.169095 0.198616 0.119829 0.172095 0.198616 0.119829 0.169095 0.198444 0.119672 0.172095 0.198444 0.119672 0.169095 0.198626 0.118993 0.172095 0.198561 0.119218 0.172095 0.198500 0.119444 0.172095 0.198500 0.119444 0.169095 0.198561 0.119218 0.169095 0.198626 0.118993 0.169095 0.198854 0.118944 0.172095 0.198854 0.118944 0.169095 0.199093 0.118901 0.172095 0.199093 0.118901 0.169095 0.199314 0.118872 0.172095 0.199314 0.118872 0.169095 0.199517 0.118854 0.172095 0.199517 0.118854 0.169095 0.199700 0.118845 0.172095 0.199700 0.118845 0.169095 0.199864 0.118844 0.172095 0.199864 0.118844 0.169095 0.200009 0.118849 0.172095 0.200009 0.118849 0.169095 0.200132 0.118858 0.172095 0.200132 0.118858 0.169095 0.200237 0.118871 0.172095 0.200237 0.118871 0.169095 0.200385 0.118898 0.172095 0.200385 0.118898 0.169095 0.200463 0.118915 0.172095 0.200463 0.118915 0.169095 0.200517 0.118924 0.172095 0.200517 0.118924 0.169095 0.200567 0.118929 0.172095 0.200567 0.118929 0.169095 0.200613 0.118931 0.172095 0.200613 0.118931 0.169095 0.200654 0.118929 0.172095 0.200654 0.118929 0.169095 0.200690 0.118924 0.172095 0.200690 0.118924 0.169095 0.200721 0.118915 0.172095 0.200721 0.118915 0.169095 0.200748 0.118904 0.172095 0.200748 0.118904 0.169095 0.200769 0.118890 0.172095 0.200769 0.118890 0.169095 0.200785 0.118874 0.172095 0.200785 0.118874 0.169095 0.200798 0.118850 0.172095 0.200798 0.118850 0.169095 0.200863 0.118682 0.172095 0.200863 0.118682 0.169095 0.200938 0.118495 0.172095 0.200938 0.118495 0.169095 0.201017 0.118310 0.172095 0.201017 0.118310 0.169095 0.201090 0.118146 0.172095 0.201090 0.118146 0.169095 0.201098 0.118120 0.172095 0.201098 0.118120 0.169095 0.201098 0.118097 0.172095 0.201098 0.118097 0.169095 0.201093 0.118072 0.172095 0.201093 0.118072 0.169095 0.201082 0.118045 0.172095 0.201082 0.118045 0.169095 0.201065 0.118017 0.172095 0.201065 0.118017 0.169095 0.201044 0.117988 0.172095 0.201044 0.117988 0.169095 0.201016 0.117957 0.172095 0.201016 0.117957 0.169095 0.200983 0.117926 0.172095 0.200983 0.117926 0.169095 0.200944 0.117894 0.172095 0.200944 0.117894 0.169095 0.200899 0.117862 0.172095 0.200899 0.117862 0.169095 0.200831 0.117820 0.172095 0.200831 0.117820 0.169095 0.200708 0.117734 0.172095 0.200708 0.117734 0.169095 0.200625 0.117669 0.172095 0.200625 0.117669 0.169095 0.200531 0.117588 0.172095 0.200531 0.117588 0.169095 0.200425 0.117490 0.172095 0.200425 0.117490 0.169095 0.200310 0.117373 0.172095 0.200310 0.117373 0.169095 0.200187 0.117237 0.172095 0.200187 0.117237 0.169095 0.200056 0.117081 0.172095 0.200056 0.117081 0.169095 0.199921 0.116904 0.172095 0.199921 0.116904 0.169095 0.199781 0.116704 0.172095 0.199781 0.116704 0.169095 0.199655 0.116508 0.172095 0.199655 0.116508 0.169095 0.200006 0.115900 0.172095 0.199886 0.116100 0.172095 0.199768 0.116303 0.172095 0.199768 0.116303 0.169095 0.199886 0.116100 0.169095 0.200006 0.115900 0.169095 0.200239 0.115911 0.172095 0.200239 0.115911 0.169095 0.200482 0.115932 0.172095 0.200482 0.115932 0.169095 0.200703 0.115961 0.172095 0.200703 0.115961 0.169095 0.200903 0.115996 0.172095 0.200903 0.115996 0.169095 0.201082 0.116035 0.172095 0.201082 0.116035 0.169095 0.201241 0.116076 0.172095 0.201241 0.116076 0.169095 0.201380 0.116118 0.172095 0.201380 0.116118 0.169095 0.201496 0.116160 0.172095 0.201496 0.116160 0.169095 0.201594 0.116199 0.172095 0.201594 0.116199 0.169095 0.201730 0.116263 0.172095 0.201730 0.116263 0.169095 0.201801 0.116300 0.172095 0.201801 0.116300 0.169095 0.201851 0.116323 0.172095 0.201851 0.116323 0.169095 0.201898 0.116341 0.172095 0.201898 0.116341 0.169095 0.201942 0.116354 0.172095 0.201942 0.116354 0.169095 0.201982 0.116362 0.172095 0.201982 0.116362 0.169095 0.202018 0.116367 0.172095 0.202018 0.116367 0.169095 0.202051 0.116367 0.172095 0.202051 0.116367 0.169095 0.202079 0.116363 0.172095 0.202079 0.116363 0.169095 0.202103 0.116355 0.172095 0.202103 0.116355 0.169095 0.202123 0.116343 0.172095 0.202123 0.116343 0.169095 0.202142 0.116324 0.172095 0.202142 0.116324 0.169095 0.202248 0.116178 0.172095 0.202248 0.116178 0.169095 0.202369 0.116017 0.172095 0.202369 0.116017 0.169095 0.202493 0.115859 0.172095 0.202493 0.115859 0.169095 0.202606 0.115719 0.172095 0.202606 0.115719 0.169095 0.202620 0.115696 0.172095 0.202620 0.115696 0.169095 0.202626 0.115674 0.172095 0.202626 0.115674 0.169095 0.202627 0.115648 0.172095 0.202627 0.115648 0.169095 0.202624 0.115620 0.172095 0.202624 0.115620 0.169095 0.202615 0.115588 0.172095 0.202615 0.115588 0.169095 0.202602 0.115554 0.172095 0.202602 0.115554 0.169095 0.202583 0.115518 0.172095 0.202583 0.115518 0.169095 0.202559 0.115479 0.172095 0.202559 0.115479 0.169095 0.202530 0.115438 0.172095 0.202530 0.115438 0.169095 0.202495 0.115396 0.172095 0.202495 0.115396 0.169095 0.202441 0.115337 0.172095 0.202441 0.115337 0.169095 0.202343 0.115222 0.172095 0.202343 0.115222 0.169095 0.202280 0.115138 0.172095 0.202280 0.115138 0.169095 0.202210 0.115036 0.172095 0.202210 0.115036 0.169095 0.202134 0.114913 0.172095 0.202134 0.114913 0.169095 0.202052 0.114770 0.172095 0.202052 0.114770 0.169095 0.201969 0.114607 0.172095 0.201969 0.114607 0.169095 0.201883 0.114423 0.172095 0.201883 0.114423 0.169095 0.201798 0.114217 0.172095 0.201798 0.114217 0.169095 0.201715 0.113988 0.172095 0.201715 0.113988 0.169095 0.201644 0.113766 0.172095 0.201644 0.113766 0.169095 0.202140 0.113269 0.172095 0.201972 0.113432 0.172095 0.201806 0.113597 0.172095 0.201806 0.113597 0.169095 0.201972 0.113432 0.169095 0.202140 0.113269 0.169095 0.202363 0.113340 0.172095 0.202363 0.113340 0.169095 0.202591 0.113423 0.172095 0.202591 0.113423 0.169095 0.202797 0.113509 0.172095 0.202797 0.113509 0.169095 0.202982 0.113594 0.172095 0.202982 0.113594 0.169095 0.203145 0.113678 0.172095 0.203145 0.113678 0.169095 0.203288 0.113759 0.172095 0.203288 0.113759 0.169095 0.203410 0.113836 0.172095 0.203410 0.113836 0.169095 0.203512 0.113906 0.172095 0.203512 0.113906 0.169095 0.203597 0.113969 0.172095 0.203597 0.113969 0.169095 0.203712 0.114066 0.172095 0.203712 0.114066 0.169095 0.203770 0.114120 0.172095 0.203770 0.114120 0.169095 0.203813 0.114155 0.172095 0.203813 0.114155 0.169095 0.203854 0.114185 0.172095 0.203854 0.114185 0.169095 0.203892 0.114209 0.172095 0.203892 0.114209 0.169095 0.203929 0.114227 0.172095 0.203929 0.114227 0.169095 0.203963 0.114241 0.172095 0.203963 0.114241 0.169095 0.203994 0.114249 0.172095 0.203994 0.114249 0.169095 0.204023 0.114253 0.172095 0.204023 0.114253 0.169095 0.204048 0.114252 0.172095 0.204048 0.114252 0.169095 0.204071 0.114246 0.172095 0.204071 0.114246 0.169095 0.204093 0.114232 0.172095 0.204093 0.114232 0.169095 0.204234 0.114118 0.172095 0.204234 0.114118 0.169095 0.204392 0.113994 0.172095 0.204392 0.113994 0.169095 0.204552 0.113873 0.172095 0.204552 0.113873 0.169095 0.204699 0.113767 0.172095 0.204699 0.113767 0.169095 0.204718 0.113749 0.172095 0.204718 0.113749 0.169095 0.204730 0.113729 0.172095 0.204730 0.113729 0.169095 0.204737 0.113705 0.172095 0.204737 0.113705 0.169095 0.204741 0.113676 0.172095 0.204741 0.113676 0.169095 0.204741 0.113644 0.172095 0.204741 0.113644 0.169095 0.204737 0.113607 0.172095 0.204737 0.113607 0.169095 0.204728 0.113567 0.172095 0.204728 0.113567 0.169095 0.204715 0.113524 0.172095 0.204715 0.113524 0.169095 0.204697 0.113477 0.172095 0.204697 0.113477 0.169095 0.204675 0.113426 0.172095 0.204675 0.113426 0.169095 0.204637 0.113356 0.172095 0.204637 0.113356 0.169095 0.204573 0.113219 0.172095 0.204573 0.113219 0.169095 0.204534 0.113122 0.172095 0.204534 0.113122 0.169095 0.204493 0.113005 0.172095 0.204493 0.113005 0.169095 0.204451 0.112867 0.172095 0.204451 0.112867 0.169095 0.204409 0.112708 0.172095 0.204409 0.112708 0.169095 0.204370 0.112529 0.172095 0.204370 0.112529 0.169095 0.204336 0.112328 0.172095 0.204336 0.112328 0.169095 0.204307 0.112107 0.172095 0.204307 0.112107 0.169095 0.204285 0.111865 0.172095 0.204285 0.111865 0.169095 0.204274 0.111632 0.172095 0.204274 0.111632 0.169095 0.204883 0.111280 0.172095 0.204678 0.111394 0.172095 0.204475 0.111511 0.172095 0.204475 0.111511 0.169095 0.204678 0.111394 0.169095 0.204883 0.111280 0.169095 0.205079 0.111407 0.172095 0.205079 0.111407 0.169095 0.205278 0.111546 0.172095 0.205278 0.111546 0.169095 0.205455 0.111682 0.172095 0.205455 0.111682 0.169095 0.205611 0.111812 0.172095 0.205611 0.111812 0.169095 0.205747 0.111935 0.172095 0.205747 0.111935 0.169095 0.205864 0.112051 0.172095 0.205864 0.112051 0.169095 0.205963 0.112157 0.172095 0.205963 0.112157 0.169095 0.206043 0.112250 0.172095 0.206043 0.112250 0.169095 0.206108 0.112333 0.172095 0.206108 0.112333 0.169095 0.206194 0.112457 0.172095 0.206194 0.112457 0.169095 0.206237 0.112524 0.172095 0.206237 0.112524 0.169095 0.206269 0.112569 0.172095 0.206269 0.112569 0.169095 0.206301 0.112608 0.172095 0.206301 0.112608 0.169095 0.206332 0.112641 0.172095 0.206332 0.112641 0.169095 0.206362 0.112669 0.172095 0.206362 0.112669 0.169095 0.206392 0.112691 0.172095 0.206392 0.112691 0.169095 0.206420 0.112707 0.172095 0.206420 0.112707 0.169095 0.206446 0.112718 0.172095 0.206446 0.112718 0.169095 0.206471 0.112723 0.172095 0.206471 0.112723 0.169095 0.206494 0.112723 0.172095 0.206494 0.112723 0.169095 0.206520 0.112716 0.172095 0.206520 0.112716 0.169095 0.206685 0.112642 0.172095 0.206685 0.112642 0.169095 0.206870 0.112564 0.172095 0.206870 0.112564 0.169095 0.207056 0.112488 0.172095 0.207056 0.112488 0.169095 0.207225 0.112424 0.172095 0.207225 0.112424 0.169095 0.207248 0.112411 0.172095 0.207248 0.112411 0.169095 0.207265 0.112395 0.172095 0.207265 0.112395 0.169095 0.207279 0.112373 0.172095 0.207279 0.112373 0.169095 0.207290 0.112347 0.172095 0.207290 0.112347 0.169095 0.207298 0.112315 0.172095 0.207298 0.112315 0.169095 0.207303 0.112279 0.172095 0.207303 0.112279 0.169095 0.207305 0.112238 0.172095 0.207305 0.112238 0.169095 0.207304 0.112193 0.172095 0.207304 0.112193 0.169095 0.207299 0.112143 0.172095 0.207299 0.112143 0.169095 0.207290 0.112088 0.172095 0.207290 0.112088 0.169095 0.207272 0.112010 0.172095 0.207272 0.112010 0.169095 0.207245 0.111862 0.172095 0.207245 0.111862 0.169095 0.207233 0.111758 0.172095 0.207233 0.111758 0.169095 0.207223 0.111634 0.172095 0.207223 0.111634 0.169095 0.207218 0.111490 0.172095 0.207218 0.111490 0.169095 0.207219 0.111325 0.172095 0.207219 0.111325 0.169095 0.207228 0.111142 0.172095 0.207228 0.111142 0.169095 0.207247 0.110940 0.172095 0.207247 0.110940 0.169095 0.207276 0.110719 0.172095 0.207276 0.110719 0.169095 0.207318 0.110479 0.172095 0.207318 0.110479 0.169095 0.207368 0.110251 0.172095 0.207368 0.110251 0.169095 0.208046 0.110069 0.172095 0.207819 0.110126 0.172095 0.207593 0.110186 0.172095 0.207593 0.110186 0.169095 0.207819 0.110126 0.169095 0.208046 0.110069 0.169095 0.208203 0.110242 0.172095 0.208203 0.110242 0.169095 0.208359 0.110428 0.172095 0.208359 0.110428 0.169095 0.208495 0.110605 0.172095 0.208495 0.110605 0.169095 0.208613 0.110771 0.172095 0.208613 0.110771 0.169095 0.208712 0.110925 0.172095 0.208712 0.110925 0.169095 0.208795 0.111067 0.172095 0.208795 0.111067 0.169095 0.208863 0.111195 0.172095 0.208863 0.111195 0.169095 0.208916 0.111307 0.172095 0.208916 0.111307 0.169095 0.208958 0.111403 0.172095 0.208958 0.111403 0.169095 0.209008 0.111545 0.172095 0.209008 0.111545 0.169095 0.209032 0.111621 0.172095 0.209032 0.111621 0.169095 0.209052 0.111673 0.172095 0.209052 0.111673 0.169095 0.209072 0.111719 0.172095 0.209072 0.111719 0.169095 0.209094 0.111759 0.172095 0.209094 0.111759 0.169095 0.209116 0.111793 0.172095 0.209116 0.111793 0.169095 0.209139 0.111822 0.172095 0.209139 0.111822 0.169095 0.209162 0.111845 0.172095 0.209162 0.111845 0.169095 0.209185 0.111863 0.172095 0.209185 0.111863 0.169095 0.209207 0.111874 0.172095 0.209207 0.111874 0.169095 0.209230 0.111880 0.172095 0.209230 0.111880 0.169095 0.209256 0.111880 0.172095 0.209256 0.111880 0.169095 0.209435 0.111851 0.172095 0.209435 0.111851 0.169095 0.209634 0.111823 0.172095 0.209634 0.111823 0.169095 0.209833 0.111799 0.172095 0.209833 0.111799 0.169095 0.210013 0.111780 0.172095 0.210013 0.111780 0.169095 0.210039 0.111774 0.172095 0.210039 0.111774 0.169095 0.210059 0.111762 0.172095 0.210059 0.111762 0.169095 0.210078 0.111745 0.172095 0.210078 0.111745 0.169095 0.210095 0.111722 0.172095 0.210095 0.111722 0.169095 0.210111 0.111694 0.172095 0.210111 0.111694 0.169095 0.210126 0.111661 0.172095 0.210126 0.111661 0.169095 0.210138 0.111621 0.172095 0.210138 0.111621 0.169095 0.210149 0.111577 0.172095 0.210149 0.111577 0.169095 0.210157 0.111527 0.172095 0.210157 0.111527 0.169095 0.210162 0.111473 0.172095 0.210162 0.111473 0.169095 0.210165 0.111393 0.172095 0.210165 0.111393 0.169095 0.210178 0.111243 0.172095 0.210178 0.111243 0.169095 0.210193 0.111138 0.172095 0.210193 0.111138 0.169095 0.210216 0.111017 0.172095 0.210216 0.111017 0.169095 0.210248 0.110876 0.172095 0.210248 0.110876 0.169095 0.210292 0.110717 0.172095 0.210292 0.110717 0.169095 0.210348 0.110543 0.172095 0.210348 0.110543 0.169095 0.210418 0.110352 0.172095 0.210418 0.110352 0.169095 0.210503 0.110146 0.172095 0.210503 0.110146 0.169095 0.210606 0.109926 0.172095 0.210606 0.109926 0.169095 0.210713 0.109718 0.172095 0.210713 0.109718 0.169095 0.211416 0.109718 0.172095 0.211181 0.109714 0.172095 0.210947 0.109714 0.172095 0.210947 0.109714 0.169095 0.211181 0.109714 0.169095 0.211416 0.109718 0.169095 0.211522 0.109926 0.172095 0.211522 0.109926 0.169095 0.211625 0.110146 0.172095 0.211625 0.110146 0.169095 0.211711 0.110352 0.172095 0.211711 0.110352 0.169095 0.211781 0.110543 0.172095 0.211781 0.110543 0.169095 0.211837 0.110717 0.172095 0.211837 0.110717 0.169095 0.211880 0.110876 0.172095 0.211880 0.110876 0.169095 0.211913 0.111017 0.172095 0.211913 0.111017 0.169095 0.211935 0.111138 0.172095 0.211935 0.111138 0.169095 0.211950 0.111243 0.172095 0.211950 0.111243 0.169095 0.211963 0.111393 0.172095 0.211963 0.111393 0.169095 0.211966 0.111473 0.172095 0.211966 0.111473 0.169095 0.211972 0.111527 0.172095 0.211972 0.111527 0.169095 0.211980 0.111577 0.172095 0.211980 0.111577 0.169095 0.211990 0.111621 0.172095 0.211990 0.111621 0.169095 0.212003 0.111661 0.172095 0.212003 0.111661 0.169095 0.212017 0.111694 0.172095 0.212017 0.111694 0.169095 0.212033 0.111722 0.172095 0.212033 0.111722 0.169095 0.212051 0.111745 0.172095 0.212051 0.111745 0.169095 0.212070 0.111762 0.172095 0.212070 0.111762 0.169095 0.212090 0.111774 0.172095 0.212090 0.111774 0.169095 0.212116 0.111780 0.172095 0.212116 0.111780 0.169095 0.212295 0.111799 0.172095 0.212295 0.111799 0.169095 0.212495 0.111823 0.172095 0.212495 0.111823 0.169095 0.212694 0.111851 0.172095 0.212694 0.111851 0.169095 0.212872 0.111880 0.172095 0.212872 0.111880 0.169095 0.212899 0.111880 0.172095 0.212899 0.111880 0.169095 0.212921 0.111874 0.172095 0.212921 0.111874 0.169095 0.212944 0.111863 0.172095 0.212944 0.111863 0.169095 0.212967 0.111845 0.172095 0.212967 0.111845 0.169095 0.212990 0.111822 0.172095 0.212990 0.111822 0.169095 0.213012 0.111793 0.172095 0.213012 0.111793 0.169095 0.213035 0.111759 0.172095 0.213035 0.111759 0.169095 0.213056 0.111719 0.172095 0.213056 0.111719 0.169095 0.213077 0.111673 0.172095 0.213077 0.111673 0.169095 0.213096 0.111621 0.172095 0.213096 0.111621 0.169095 0.213120 0.111545 0.172095 0.213120 0.111545 0.169095 0.213171 0.111403 0.172095 0.213171 0.111403 0.169095 0.213212 0.111307 0.172095 0.213212 0.111307 0.169095 0.213266 0.111195 0.172095 0.213266 0.111195 0.169095 0.213334 0.111067 0.172095 0.213334 0.111067 0.169095 0.213417 0.110925 0.172095 0.213417 0.110925 0.169095 0.213516 0.110771 0.172095 0.213516 0.110771 0.169095 0.213633 0.110605 0.172095 0.213633 0.110605 0.169095 0.213769 0.110428 0.172095 0.213769 0.110428 0.169095 0.213925 0.110242 0.172095 0.213925 0.110242 0.169095 0.214082 0.110069 0.172095 0.214082 0.110069 0.169095 0.214761 0.110251 0.172095 0.214536 0.110186 0.172095 0.214309 0.110126 0.172095 0.214309 0.110126 0.169095 0.214536 0.110186 0.169095 0.214761 0.110251 0.169095 0.214810 0.110479 0.172095 0.214810 0.110479 0.169095 0.214852 0.110719 0.172095 0.214852 0.110719 0.169095 0.214882 0.110940 0.172095 0.214882 0.110940 0.169095 0.214900 0.111142 0.172095 0.214900 0.111142 0.169095 0.214909 0.111325 0.172095 0.214909 0.111325 0.169095 0.214910 0.111490 0.172095 0.214910 0.111490 0.169095 0.214905 0.111634 0.172095 0.214905 0.111634 0.169095 0.214895 0.111758 0.172095 0.214895 0.111758 0.169095 0.214883 0.111862 0.172095 0.214883 0.111862 0.169095 0.214856 0.112010 0.172095 0.214856 0.112010 0.169095 0.214839 0.112088 0.172095 0.214839 0.112088 0.169095 0.214830 0.112143 0.172095 0.214830 0.112143 0.169095 0.214825 0.112193 0.172095 0.214825 0.112193 0.169095 0.214823 0.112238 0.172095 0.214823 0.112238 0.169095 0.214825 0.112279 0.172095 0.214825 0.112279 0.169095 0.214830 0.112315 0.172095 0.214830 0.112315 0.169095 0.214839 0.112347 0.172095 0.214839 0.112347 0.169095 0.214850 0.112373 0.172095 0.214850 0.112373 0.169095 0.214864 0.112395 0.172095 0.214864 0.112395 0.169095 0.214880 0.112411 0.172095 0.214880 0.112411 0.169095 0.214904 0.112424 0.172095 0.214904 0.112424 0.169095 0.215072 0.112488 0.172095 0.215072 0.112488 0.169095 0.215259 0.112564 0.172095 0.215259 0.112564 0.169095 0.215443 0.112642 0.172095 0.215443 0.112642 0.169095 0.215608 0.112716 0.172095 0.215608 0.112716 0.169095 0.215634 0.112723 0.172095 0.215634 0.112723 0.169095 0.215657 0.112723 0.172095 0.215657 0.112723 0.169095 0.215682 0.112718 0.172095 0.215682 0.112718 0.169095 0.215709 0.112707 0.172095 0.215709 0.112707 0.169095 0.215737 0.112691 0.172095 0.215737 0.112691 0.169095 0.215766 0.112669 0.172095 0.215766 0.112669 0.169095 0.215797 0.112641 0.172095 0.215797 0.112641 0.169095 0.215828 0.112608 0.172095 0.215828 0.112608 0.169095 0.215860 0.112569 0.172095 0.215860 0.112569 0.169095 0.215892 0.112524 0.172095 0.215892 0.112524 0.169095 0.215934 0.112457 0.172095 0.215934 0.112457 0.169095 0.216020 0.112333 0.172095 0.216020 0.112333 0.169095 0.216085 0.112250 0.172095 0.216085 0.112250 0.169095 0.216166 0.112157 0.172095 0.216166 0.112157 0.169095 0.216264 0.112051 0.172095 0.216264 0.112051 0.169095 0.216381 0.111935 0.172095 0.216381 0.111935 0.169095 0.216517 0.111812 0.172095 0.216517 0.111812 0.169095 0.216673 0.111682 0.172095 0.216673 0.111682 0.169095 0.216850 0.111546 0.172095 0.216850 0.111546 0.169095 0.217049 0.111407 0.172095 0.217049 0.111407 0.169095 0.217246 0.111280 0.172095 0.217246 0.111280 0.169095 0.217854 0.111632 0.172095 0.217653 0.111511 0.172095 0.217451 0.111394 0.172095 0.217451 0.111394 0.169095 0.217653 0.111511 0.169095 0.217854 0.111632 0.169095 0.217843 0.111865 0.172095 0.217843 0.111865 0.169095 0.217822 0.112107 0.172095 0.217822 0.112107 0.169095 0.217793 0.112328 0.172095 0.217793 0.112328 0.169095 0.217758 0.112529 0.172095 0.217758 0.112529 0.169095 0.217719 0.112708 0.172095 0.217719 0.112708 0.169095 0.217678 0.112867 0.172095 0.217678 0.112867 0.169095 0.217635 0.113005 0.172095 0.217635 0.113005 0.169095 0.217594 0.113122 0.172095 0.217594 0.113122 0.169095 0.217555 0.113219 0.172095 0.217555 0.113219 0.169095 0.217491 0.113356 0.172095 0.217491 0.113356 0.169095 0.217454 0.113426 0.172095 0.217454 0.113426 0.169095 0.217431 0.113477 0.172095 0.217431 0.113477 0.169095 0.217413 0.113524 0.172095 0.217413 0.113524 0.169095 0.217400 0.113567 0.172095 0.217400 0.113567 0.169095 0.217391 0.113607 0.172095 0.217391 0.113607 0.169095 0.217387 0.113644 0.172095 0.217387 0.113644 0.169095 0.217387 0.113676 0.172095 0.217387 0.113676 0.169095 0.217391 0.113705 0.172095 0.217391 0.113705 0.169095 0.217399 0.113729 0.172095 0.217399 0.113729 0.169095 0.217410 0.113749 0.172095 0.217410 0.113749 0.169095 0.217430 0.113767 0.172095 0.217430 0.113767 0.169095 0.217576 0.113873 0.172095 0.217576 0.113873 0.169095 0.217736 0.113994 0.172095 0.217736 0.113994 0.169095 0.217895 0.114118 0.172095 0.217895 0.114118 0.169095 0.218035 0.114232 0.172095 0.218035 0.114232 0.169095 0.218058 0.114246 0.172095 0.218058 0.114246 0.169095 0.218080 0.114252 0.172095 0.218080 0.114252 0.169095 0.218106 0.114253 0.172095 0.218106 0.114253 0.169095 0.218134 0.114249 0.172095 0.218134 0.114249 0.169095 0.218165 0.114241 0.172095 0.218165 0.114241 0.169095 0.218200 0.114227 0.172095 0.218200 0.114227 0.169095 0.218236 0.114209 0.172095 0.218236 0.114209 0.169095 0.218275 0.114185 0.172095 0.218275 0.114185 0.169095 0.218315 0.114155 0.172095 0.218315 0.114155 0.169095 0.218358 0.114120 0.172095 0.218358 0.114120 0.169095 0.218417 0.114066 0.172095 0.218417 0.114066 0.169095 0.218532 0.113969 0.172095 0.218532 0.113969 0.169095 0.218616 0.113906 0.172095 0.218616 0.113906 0.169095 0.218718 0.113836 0.172095 0.218718 0.113836 0.169095 0.218841 0.113759 0.172095 0.218841 0.113759 0.169095 0.218984 0.113678 0.172095 0.218984 0.113678 0.169095 0.219146 0.113594 0.172095 0.219146 0.113594 0.169095 0.219331 0.113509 0.172095 0.219331 0.113509 0.169095 0.219537 0.113423 0.172095 0.219537 0.113423 0.169095 0.219766 0.113340 0.172095 0.219766 0.113340 0.169095 0.219988 0.113269 0.172095 0.219988 0.113269 0.169095 0.220485 0.113766 0.172095 0.220322 0.113597 0.172095 0.220157 0.113432 0.172095 0.220157 0.113432 0.169095 0.220322 0.113597 0.169095 0.220485 0.113766 0.169095 0.220414 0.113988 0.172095 0.220414 0.113988 0.169095 0.220330 0.114217 0.172095 0.220330 0.114217 0.169095 0.220245 0.114423 0.172095 0.220245 0.114423 0.169095 0.220160 0.114607 0.172095 0.220160 0.114607 0.169095 0.220076 0.114770 0.172095 0.220076 0.114770 0.169095 0.219995 0.114913 0.172095 0.219995 0.114913 0.169095 0.219918 0.115036 0.172095 0.219918 0.115036 0.169095 0.219848 0.115138 0.172095 0.219848 0.115138 0.169095 0.219785 0.115222 0.172095 0.219785 0.115222 0.169095 0.219688 0.115337 0.172095 0.219688 0.115337 0.169095 0.219634 0.115396 0.172095 0.219634 0.115396 0.169095 0.219599 0.115438 0.172095 0.219599 0.115438 0.169095 0.219569 0.115479 0.172095 0.219569 0.115479 0.169095 0.219545 0.115518 0.172095 0.219545 0.115518 0.169095 0.219526 0.115554 0.172095 0.219526 0.115554 0.169095 0.219513 0.115588 0.172095 0.219513 0.115588 0.169095 0.219504 0.115620 0.172095 0.219504 0.115620 0.169095 0.219501 0.115648 0.172095 0.219501 0.115648 0.169095 0.219502 0.115674 0.172095 0.219502 0.115674 0.169095 0.219508 0.115696 0.172095 0.219508 0.115696 0.169095 0.219522 0.115719 0.172095 0.219522 0.115719 0.169095 0.219636 0.115859 0.172095 0.219636 0.115859 0.169095 0.219760 0.116017 0.172095 0.219760 0.116017 0.169095 0.219880 0.116178 0.172095 0.219880 0.116178 0.169095 0.219986 0.116324 0.172095 0.219986 0.116324 0.169095 0.220005 0.116343 0.172095 0.220005 0.116343 0.169095 0.220025 0.116355 0.172095 0.220025 0.116355 0.169095 0.220049 0.116363 0.172095 0.220049 0.116363 0.169095 0.220078 0.116367 0.172095 0.220078 0.116367 0.169095 0.220110 0.116367 0.172095 0.220110 0.116367 0.169095 0.220147 0.116362 0.172095 0.220147 0.116362 0.169095 0.220187 0.116354 0.172095 0.220187 0.116354 0.169095 0.220230 0.116341 0.172095 0.220230 0.116341 0.169095 0.220277 0.116323 0.172095 0.220277 0.116323 0.169095 0.220327 0.116300 0.172095 0.220327 0.116300 0.169095 0.220398 0.116263 0.172095 0.220398 0.116263 0.169095 0.220534 0.116199 0.172095 0.220534 0.116199 0.169095 0.220632 0.116160 0.172095 0.220632 0.116160 0.169095 0.220749 0.116118 0.172095 0.220749 0.116118 0.169095 0.220887 0.116076 0.172095 0.220887 0.116076 0.169095 0.221046 0.116035 0.172095 0.221046 0.116035 0.169095 0.221225 0.115996 0.172095 0.221225 0.115996 0.169095 0.221426 0.115961 0.172095 0.221426 0.115961 0.169095 0.221647 0.115932 0.172095 0.221647 0.115932 0.169095 0.221889 0.115911 0.172095 0.221889 0.115911 0.169095 0.222122 0.115900 0.172095 0.222122 0.115900 0.169095 0.222473 0.116508 0.172095 0.222360 0.116303 0.172095 0.222243 0.116100 0.172095 0.222243 0.116100 0.169095 0.222360 0.116303 0.169095 0.222473 0.116508 0.169095 0.222347 0.116704 0.172095 0.222347 0.116704 0.169095 0.222208 0.116904 0.172095 0.222208 0.116904 0.169095 0.222072 0.117081 0.172095 0.222072 0.117081 0.169095 0.221942 0.117237 0.172095 0.221942 0.117237 0.169095 0.221819 0.117373 0.172095 0.221819 0.117373 0.169095 0.221703 0.117490 0.172095 0.221703 0.117490 0.169095 0.221597 0.117588 0.172095 0.221597 0.117588 0.169095 0.221503 0.117669 0.172095 0.221503 0.117669 0.169095 0.221421 0.117734 0.172095 0.221421 0.117734 0.169095 0.221297 0.117820 0.172095 0.221297 0.117820 0.169095 0.221229 0.117862 0.172095 0.221229 0.117862 0.169095 0.221185 0.117894 0.172095 0.221185 0.117894 0.169095 0.221146 0.117926 0.172095 0.221146 0.117926 0.169095 0.221112 0.117957 0.172095 0.221112 0.117957 0.169095 0.221085 0.117988 0.172095 0.221085 0.117988 0.169095 0.221063 0.118017 0.172095 0.221063 0.118017 0.169095 0.221047 0.118045 0.172095 0.221047 0.118045 0.169095 0.221036 0.118072 0.172095 0.221036 0.118072 0.169095 0.221031 0.118097 0.172095 0.221031 0.118097 0.169095 0.221031 0.118120 0.172095 0.221031 0.118120 0.169095 0.221038 0.118146 0.172095 0.221038 0.118146 0.169095 0.221112 0.118310 0.172095 0.221112 0.118310 0.169095 0.221190 0.118495 0.172095 0.221190 0.118495 0.169095 0.221265 0.118682 0.172095 0.221265 0.118682 0.169095 0.221330 0.118850 0.172095 0.221330 0.118850 0.169095 0.221343 0.118874 0.172095 0.221343 0.118874 0.169095 0.221359 0.118890 0.172095 0.221359 0.118890 0.169095 0.221381 0.118904 0.172095 0.221381 0.118904 0.169095 0.221407 0.118915 0.172095 0.221407 0.118915 0.169095 0.221438 0.118924 0.172095 0.221438 0.118924 0.169095 0.221475 0.118929 0.172095 0.221475 0.118929 0.169095 0.221516 0.118931 0.172095 0.221516 0.118931 0.169095 0.221561 0.118929 0.172095 0.221561 0.118929 0.169095 0.221611 0.118924 0.172095 0.221611 0.118924 0.169095 0.221666 0.118915 0.172095 0.221666 0.118915 0.169095 0.221744 0.118898 0.172095 0.221744 0.118898 0.169095 0.221892 0.118871 0.172095 0.221892 0.118871 0.169095 0.221996 0.118858 0.172095 0.221996 0.118858 0.169095 0.222120 0.118849 0.172095 0.222120 0.118849 0.169095 0.222264 0.118844 0.172095 0.222264 0.118844 0.169095 0.222428 0.118845 0.172095 0.222428 0.118845 0.169095 0.222611 0.118854 0.172095 0.222611 0.118854 0.169095 0.222814 0.118872 0.172095 0.222814 0.118872 0.169095 0.223035 0.118901 0.172095 0.223035 0.118901 0.169095 0.223275 0.118944 0.172095 0.223275 0.118944 0.169095 0.223503 0.118993 0.172095 0.223503 0.118993 0.169095 0.223685 0.119672 0.172095 0.223628 0.119444 0.172095 0.223567 0.119218 0.172095 0.223567 0.119218 0.169095 0.223628 0.119444 0.169095 0.223685 0.119672 0.169095 0.223512 0.119829 0.172095 0.223512 0.119829 0.169095 0.223325 0.119985 0.172095 0.223325 0.119985 0.169095 0.223149 0.120121 0.172095 0.223149 0.120121 0.169095 0.222982 0.120238 0.172095 0.222982 0.120238 0.169095 0.222828 0.120337 0.172095 0.222828 0.120337 0.169095 0.222687 0.120420 0.172095 0.222687 0.120420 0.169095 0.222559 0.120488 0.172095 0.222559 0.120488 0.169095 0.222447 0.120542 0.172095 0.222447 0.120542 0.169095 0.222350 0.120583 0.172095 0.222350 0.120583 0.169095 0.222209 0.120634 0.172095 0.222209 0.120634 0.169095 0.222132 0.120658 0.172095 0.222132 0.120658 0.169095 0.222081 0.120677 0.172095 0.222081 0.120677 0.169095 0.222035 0.120698 0.172095 0.222035 0.120698 0.169095 0.221995 0.120719 0.172095 0.221995 0.120719 0.169095 0.221960 0.120741 0.172095 0.221960 0.120741 0.169095 0.221932 0.120764 0.172095 0.221932 0.120764 0.169095 0.221909 0.120787 0.172095 0.221909 0.120787 0.169095 0.221891 0.120810 0.172095 0.221891 0.120810 0.169095 0.221880 0.120833 0.172095 0.221880 0.120833 0.169095 0.221874 0.120855 0.172095 0.221874 0.120855 0.169095 0.221874 0.120882 0.172095 0.221874 0.120882 0.169095 0.221903 0.121060 0.172095 0.221903 0.121060 0.169095 0.221931 0.121259 0.172095 0.221931 0.121259 0.169095 0.221955 0.121458 0.172095 0.221955 0.121458 0.169095 0.221974 0.121638 0.172095 0.221974 0.121638 0.169095 0.221980 0.121664 0.172095 0.221980 0.121664 0.169095 0.221992 0.121684 0.172095 0.221992 0.121684 0.169095 0.222009 0.121703 0.172095 0.222009 0.121703 0.169095 0.222032 0.121721 0.172095 0.222032 0.121721 0.169095 0.222060 0.121737 0.172095 0.222060 0.121737 0.169095 0.222093 0.121751 0.172095 0.222093 0.121751 0.169095 0.222132 0.121764 0.172095 0.222132 0.121764 0.169095 0.222177 0.121774 0.172095 0.222177 0.121774 0.169095 0.222226 0.121782 0.172095 0.222226 0.121782 0.169095 0.222281 0.121788 0.172095 0.222281 0.121788 0.169095 0.222361 0.121791 0.172095 0.222361 0.121791 0.169095 0.222511 0.121803 0.172095 0.222511 0.121803 0.169095 0.222615 0.121818 0.172095 0.222615 0.121818 0.169095 0.222737 0.121841 0.172095 0.222737 0.121841 0.169095 0.222878 0.121874 0.172095 0.222878 0.121874 0.169095 0.223036 0.121917 0.172095 0.223036 0.121917 0.169095 0.223211 0.121973 0.172095 0.223211 0.121973 0.169095 0.223402 0.122043 0.172095 0.223402 0.122043 0.169095 0.223608 0.122129 0.172095 0.223608 0.122129 0.169095 0.223828 0.122232 0.172095 0.223828 0.122232 0.169095 0.224036 0.122338 0.172095 0.224036 0.122338 0.169095 0.224036 0.123041 0.172095 0.224040 0.122807 0.172095 0.224040 0.122573 0.172095 0.224040 0.122573 0.169095 0.224040 0.122807 0.169095 0.224036 0.123041 0.169095 0.223828 0.123148 0.172095 0.223828 0.123148 0.169095 0.223608 0.123251 0.172095 0.223608 0.123251 0.169095 0.223402 0.123336 0.172095 0.223402 0.123336 0.169095 0.223211 0.123406 0.172095 0.223211 0.123406 0.169095 0.223036 0.123462 0.172095 0.223036 0.123462 0.169095 0.222878 0.123506 0.172095 0.222878 0.123506 0.169095 0.222737 0.123538 0.172095 0.222737 0.123538 0.169095 0.222615 0.123561 0.172095 0.222615 0.123561 0.169095 0.222511 0.123576 0.172095 0.222511 0.123576 0.169095 0.222361 0.123588 0.172095 0.222361 0.123588 0.169095 0.222281 0.123592 0.172095 0.222281 0.123592 0.169095 0.222226 0.123597 0.172095 0.222226 0.123597 0.169095 0.222177 0.123605 0.172095 0.222177 0.123605 0.169095 0.222132 0.123615 0.172095 0.222132 0.123615 0.169095 0.222093 0.123628 0.172095 0.222093 0.123628 0.169095 0.222060 0.123642 0.172095 0.222060 0.123642 0.169095 0.222032 0.123659 0.172095 0.222032 0.123659 0.169095 0.222009 0.123676 0.172095 0.222009 0.123676 0.169095 0.221992 0.123695 0.172095 0.221992 0.123695 0.169095 0.221980 0.123715 0.172095 0.221980 0.123715 0.169095 0.221974 0.123741 0.172095 0.221974 0.123741 0.169095 0.221955 0.123921 0.172095 0.221955 0.123921 0.169095 0.221931 0.124120 0.172095 0.221931 0.124120 0.169095 0.221903 0.124319 0.172095 0.221903 0.124319 0.169095 0.221874 0.124497 0.172095 0.221874 0.124497 0.169095 0.221874 0.124524 0.172095 0.221874 0.124524 0.169095 0.221880 0.124547 0.172095 0.221880 0.124547 0.169095 0.221891 0.124569 0.172095 0.221891 0.124569 0.169095 0.221909 0.124592 0.172095 0.221909 0.124592 0.169095 0.221932 0.124615 0.172095 0.221932 0.124615 0.169095 0.221960 0.124638 0.172095 0.221960 0.124638 0.169095 0.221995 0.124660 0.172095 0.221995 0.124660 0.169095 0.222035 0.124682 0.172095 0.222035 0.124682 0.169095 0.222081 0.124702 0.172095 0.222081 0.124702 0.169095 0.222132 0.124722 0.172095 0.222132 0.124722 0.169095 0.222209 0.124745 0.172095 0.222209 0.124745 0.169095 0.222350 0.124796 0.172095 0.222350 0.124796 0.169095 0.222447 0.124838 0.172095 0.222447 0.124838 0.169095 0.222559 0.124891 0.172095 0.222559 0.124891 0.169095 0.222687 0.124959 0.172095 0.222687 0.124959 0.169095 0.222828 0.125042 0.172095 0.222828 0.125042 0.169095 0.222982 0.125141 0.172095 0.222982 0.125141 0.169095 0.223149 0.125258 0.172095 0.223149 0.125258 0.169095 0.223325 0.125394 0.172095 0.223325 0.125394 0.169095 0.223512 0.125551 0.172095 0.223512 0.125551 0.169095 0.223685 0.125708 0.172095 0.223685 0.125708 0.169095 0.223503 0.126386 0.172095 0.223567 0.126161 0.172095 0.223628 0.125935 0.172095 0.223628 0.125935 0.169095 0.223567 0.126161 0.169095 0.223503 0.126386 0.169095 0.223275 0.126436 0.172095 0.223275 0.126436 0.169095 0.223035 0.126478 0.172095 0.223035 0.126478 0.169095 0.222814 0.126507 0.172095 0.222814 0.126507 0.169095 0.222611 0.126526 0.172095 0.222611 0.126526 0.169095 0.222428 0.126534 0.172095 0.222428 0.126534 0.169095 0.222264 0.126536 0.172095 0.222264 0.126536 0.169095 0.222120 0.126530 0.172095 0.222120 0.126530 0.169095 0.221996 0.126521 0.172095 0.221996 0.126521 0.169095 0.221892 0.126508 0.172095 0.221892 0.126508 0.169095 0.221744 0.126482 0.172095 0.221744 0.126482 0.169095 0.221666 0.126464 0.172095 0.221666 0.126464 0.169095 0.221611 0.126455 0.172095 0.221611 0.126455 0.169095 0.221561 0.126450 0.172095 0.221561 0.126450 0.169095 0.221516 0.126449 0.172095 0.221516 0.126449 0.169095 0.221475 0.126451 0.172095 0.221475 0.126451 0.169095 0.221438 0.126456 0.172095 0.221438 0.126456 0.169095 0.221407 0.126464 0.172095 0.221407 0.126464 0.169095 0.221381 0.126475 0.172095 0.221381 0.126475 0.169095 0.221359 0.126489 0.172095 0.221359 0.126489 0.169095 0.221343 0.126506 0.172095 0.221343 0.126506 0.169095 0.221330 0.126529 0.172095 0.221330 0.126529 0.169095 0.221265 0.126698 0.172095 0.221265 0.126698 0.169095 0.221190 0.126884 0.172095 0.221190 0.126884 0.169095 0.221112 0.127069 0.172095 0.221112 0.127069 0.169095 0.221038 0.127234 0.172095 0.221038 0.127234 0.169095 0.221031 0.127260 0.172095 0.221031 0.127260 0.169095 0.221031 0.127283 0.172095 0.221031 0.127283 0.169095 0.221036 0.127308 0.172095 0.221036 0.127308 0.169095 0.221047 0.127334 0.172095 0.221047 0.127334 0.169095 0.221063 0.127362 0.172095 0.221063 0.127362 0.169095 0.221085 0.127392 0.172095 0.221085 0.127392 0.169095 0.221112 0.127422 0.172095 0.221112 0.127422 0.169095 0.221146 0.127453 0.172095 0.221146 0.127453 0.169095 0.221185 0.127485 0.172095 0.221185 0.127485 0.169095 0.221229 0.127517 0.172095 0.221229 0.127517 0.169095 0.221297 0.127560 0.172095 0.221297 0.127560 0.169095 0.221421 0.127646 0.172095 0.221421 0.127646 0.169095 0.221503 0.127711 0.172095 0.221503 0.127711 0.169095 0.221597 0.127791 0.172095 0.221597 0.127791 0.169095 0.221703 0.127890 0.172095 0.221703 0.127890 0.169095 0.221819 0.128007 0.172095 0.221819 0.128007 0.169095 0.221942 0.128142 0.172095 0.221942 0.128142 0.169095 0.222072 0.128299 0.172095 0.222072 0.128299 0.169095 0.222208 0.128476 0.172095 0.222208 0.128476 0.169095 0.222347 0.128675 0.172095 0.222347 0.128675 0.169095 0.222473 0.128871 0.172095 0.222473 0.128871 0.169095 0.222122 0.129480 0.172095 0.222243 0.129279 0.172095 0.222360 0.129076 0.172095 0.222360 0.129076 0.169095 0.222243 0.129279 0.169095 0.222122 0.129480 0.169095 0.221889 0.129468 0.172095 0.221889 0.129468 0.169095 0.221647 0.129447 0.172095 0.221647 0.129447 0.169095 0.221426 0.129418 0.172095 0.221426 0.129418 0.169095 0.221225 0.129384 0.172095 0.221225 0.129384 0.169095 0.221046 0.129345 0.172095 0.221046 0.129345 0.169095 0.220887 0.129303 0.172095 0.220887 0.129303 0.169095 0.220749 0.129261 0.172095 0.220749 0.129261 0.169095 0.220632 0.129220 0.172095 0.220632 0.129220 0.169095 0.220534 0.129181 0.172095 0.220534 0.129181 0.169095 0.220398 0.129116 0.172095 0.220398 0.129116 0.169095 0.220327 0.129079 0.172095 0.220327 0.129079 0.169095 0.220277 0.129057 0.172095 0.220277 0.129057 0.169095 0.220230 0.129039 0.172095 0.220230 0.129039 0.169095 0.220187 0.129025 0.172095 0.220187 0.129025 0.169095 0.220147 0.129017 0.172095 0.220147 0.129017 0.169095 0.220110 0.129013 0.172095 0.220110 0.129013 0.169095 0.220078 0.129012 0.172095 0.220078 0.129012 0.169095 0.220049 0.129016 0.172095 0.220049 0.129016 0.169095 0.220025 0.129024 0.172095 0.220025 0.129024 0.169095 0.220005 0.129036 0.172095 0.220005 0.129036 0.169095 0.219986 0.129055 0.172095 0.219986 0.129055 0.169095 0.219880 0.129201 0.172095 0.219880 0.129201 0.169095 0.219760 0.129362 0.172095 0.219760 0.129362 0.169095 0.219636 0.129520 0.172095 0.219636 0.129520 0.169095 0.219522 0.129660 0.172095 0.219522 0.129660 0.169095 0.219508 0.129683 0.172095 0.219508 0.129683 0.169095 0.219502 0.129706 0.172095 0.219502 0.129706 0.169095 0.219501 0.129731 0.172095 0.219501 0.129731 0.169095 0.219504 0.129760 0.172095 0.219504 0.129760 0.169095 0.219513 0.129791 0.172095 0.219513 0.129791 0.169095 0.219526 0.129825 0.172095 0.219526 0.129825 0.169095 0.219545 0.129861 0.172095 0.219545 0.129861 0.169095 0.219569 0.129900 0.172095 0.219569 0.129900 0.169095 0.219599 0.129941 0.172095 0.219599 0.129941 0.169095 0.219634 0.129984 0.172095 0.219634 0.129984 0.169095 0.219688 0.130042 0.172095 0.219688 0.130042 0.169095 0.219785 0.130157 0.172095 0.219785 0.130157 0.169095 0.219848 0.130242 0.172095 0.219848 0.130242 0.169095 0.219918 0.130344 0.172095 0.219918 0.130344 0.169095 0.219995 0.130466 0.172095 0.219995 0.130466 0.169095 0.220076 0.130609 0.172095 0.220076 0.130609 0.169095 0.220160 0.130772 0.172095 0.220160 0.130772 0.169095 0.220245 0.130957 0.172095 0.220245 0.130957 0.169095 0.220330 0.131163 0.172095 0.220330 0.131163 0.169095 0.220414 0.131391 0.172095 0.220414 0.131391 0.169095 0.220485 0.131613 0.172095 0.220485 0.131613 0.169095 0.219988 0.132110 0.172095 0.220157 0.131948 0.172095 0.220322 0.131782 0.172095 0.220322 0.131782 0.169095 0.220157 0.131948 0.169095 0.219988 0.132110 0.169095 0.219766 0.132039 0.172095 0.219766 0.132039 0.169095 0.219537 0.131956 0.172095 0.219537 0.131956 0.169095 0.219331 0.131871 0.172095 0.219331 0.131871 0.169095 0.219146 0.131785 0.172095 0.219146 0.131785 0.169095 0.218984 0.131701 0.172095 0.218984 0.131701 0.169095 0.218841 0.131620 0.172095 0.218841 0.131620 0.169095 0.218718 0.131544 0.172095 0.218718 0.131544 0.169095 0.218616 0.131474 0.172095 0.218616 0.131474 0.169095 0.218532 0.131411 0.172095 0.218532 0.131411 0.169095 0.218417 0.131313 0.172095 0.218417 0.131313 0.169095 0.218358 0.131259 0.172095 0.218358 0.131259 0.169095 0.218315 0.131224 0.172095 0.218315 0.131224 0.169095 0.218275 0.131195 0.172095 0.218275 0.131195 0.169095 0.218236 0.131171 0.172095 0.218236 0.131171 0.169095 0.218200 0.131152 0.172095 0.218200 0.131152 0.169095 0.218165 0.131138 0.172095 0.218165 0.131138 0.169095 0.218134 0.131130 0.172095 0.218134 0.131130 0.169095 0.218106 0.131126 0.172095 0.218106 0.131126 0.169095 0.218080 0.131128 0.172095 0.218080 0.131128 0.169095 0.218058 0.131134 0.172095 0.218058 0.131134 0.169095 0.218035 0.131148 0.172095 0.218035 0.131148 0.169095 0.217895 0.131261 0.172095 0.217895 0.131261 0.169095 0.217736 0.131385 0.172095 0.217736 0.131385 0.169095 0.217576 0.131506 0.172095 0.217576 0.131506 0.169095 0.217430 0.131612 0.172095 0.217430 0.131612 0.169095 0.217410 0.131631 0.172095 0.217410 0.131631 0.169095 0.217399 0.131650 0.172095 0.217399 0.131650 0.169095 0.217391 0.131675 0.172095 0.217391 0.131675 0.169095 0.217387 0.131703 0.172095 0.217387 0.131703 0.169095 0.217387 0.131736 0.172095 0.217387 0.131736 0.169095 0.217391 0.131772 0.172095 0.217391 0.131772 0.169095 0.217400 0.131812 0.172095 0.217400 0.131812 0.169095 0.217413 0.131856 0.172095 0.217413 0.131856 0.169095 0.217431 0.131903 0.172095 0.217431 0.131903 0.169095 0.217454 0.131953 0.172095 0.217454 0.131953 0.169095 0.217491 0.132024 0.172095 0.217491 0.132024 0.169095 0.217555 0.132160 0.172095 0.217555 0.132160 0.169095 0.217594 0.132258 0.172095 0.217594 0.132258 0.169095 0.217635 0.132374 0.172095 0.217635 0.132374 0.169095 0.217678 0.132513 0.172095 0.217678 0.132513 0.169095 0.217719 0.132672 0.172095 0.217719 0.132672 0.169095 0.217758 0.132851 0.172095 0.217758 0.132851 0.169095 0.217793 0.133051 0.172095 0.217793 0.133051 0.169095 0.217822 0.133272 0.172095 0.217822 0.133272 0.169095 0.217843 0.133515 0.172095 0.217843 0.133515 0.169095 0.217854 0.133748 0.172095 0.217854 0.133748 0.169095 0.217246 0.134099 0.172095 0.217451 0.133985 0.172095 0.217653 0.133868 0.172095 0.217653 0.133868 0.169095 0.217451 0.133985 0.169095 0.217246 0.134099 0.169095 0.217049 0.133973 0.172095 0.217049 0.133973 0.169095 0.216850 0.133833 0.172095 0.216850 0.133833 0.169095 0.216673 0.133698 0.172095 0.216673 0.133698 0.169095 0.216517 0.133567 0.172095 0.216517 0.133567 0.169095 0.216381 0.133444 0.172095 0.216381 0.133444 0.169095 0.216264 0.133329 0.172095 0.216264 0.133329 0.169095 0.216166 0.133223 0.172095 0.216166 0.133223 0.169095 0.216085 0.133129 0.172095 0.216085 0.133129 0.169095 0.216020 0.133046 0.172095 0.216020 0.133046 0.169095 0.215934 0.132922 0.172095 0.215934 0.132922 0.169095 0.215892 0.132855 0.172095 0.215892 0.132855 0.169095 0.215860 0.132810 0.172095 0.215860 0.132810 0.169095 0.215828 0.132771 0.172095 0.215828 0.132771 0.169095 0.215797 0.132738 0.172095 0.215797 0.132738 0.169095 0.215766 0.132710 0.172095 0.215766 0.132710 0.169095 0.215737 0.132688 0.172095 0.215737 0.132688 0.169095 0.215709 0.132672 0.172095 0.215709 0.132672 0.169095 0.215682 0.132661 0.172095 0.215682 0.132661 0.169095 0.215657 0.132656 0.172095 0.215657 0.132656 0.169095 0.215634 0.132656 0.172095 0.215634 0.132656 0.169095 0.215608 0.132664 0.172095 0.215608 0.132664 0.169095 0.215443 0.132737 0.172095 0.215443 0.132737 0.169095 0.215259 0.132816 0.172095 0.215259 0.132816 0.169095 0.215072 0.132891 0.172095 0.215072 0.132891 0.169095 0.214904 0.132955 0.172095 0.214904 0.132955 0.169095 0.214880 0.132968 0.172095 0.214880 0.132968 0.169095 0.214864 0.132985 0.172095 0.214864 0.132985 0.169095 0.214850 0.133006 0.172095 0.214850 0.133006 0.169095 0.214839 0.133032 0.172095 0.214839 0.133032 0.169095 0.214830 0.133064 0.172095 0.214830 0.133064 0.169095 0.214825 0.133100 0.172095 0.214825 0.133100 0.169095 0.214823 0.133141 0.172095 0.214823 0.133141 0.169095 0.214825 0.133187 0.172095 0.214825 0.133187 0.169095 0.214830 0.133237 0.172095 0.214830 0.133237 0.169095 0.214839 0.133291 0.172095 0.214839 0.133291 0.169095 0.214856 0.133369 0.172095 0.214856 0.133369 0.169095 0.214883 0.133517 0.172095 0.214883 0.133517 0.169095 0.214895 0.133622 0.172095 0.214895 0.133622 0.169095 0.214905 0.133745 0.172095 0.214905 0.133745 0.169095 0.214910 0.133890 0.172095 0.214910 0.133890 0.169095 0.214909 0.134054 0.172095 0.214909 0.134054 0.169095 0.214900 0.134237 0.172095 0.214900 0.134237 0.169095 0.214882 0.134440 0.172095 0.214882 0.134440 0.169095 0.214852 0.134661 0.172095 0.214852 0.134661 0.169095 0.214810 0.134900 0.172095 0.214810 0.134900 0.169095 0.214761 0.135128 0.172095 0.214761 0.135128 0.169095 0.214082 0.135310 0.172095 0.214309 0.135253 0.172095 0.214536 0.135193 0.172095 0.214536 0.135193 0.169095 0.214309 0.135253 0.169095 0.214082 0.135310 0.169095 0.213925 0.135137 0.172095 0.213925 0.135137 0.169095 0.213769 0.134951 0.172095 0.213769 0.134951 0.169095 0.213633 0.134774 0.172095 0.213633 0.134774 0.169095 0.213516 0.134608 0.172095 0.213516 0.134608 0.169095 0.213417 0.134454 0.172095 0.213417 0.134454 0.169095 0.213334 0.134312 0.172095 0.213334 0.134312 0.169095 0.213266 0.134184 0.172095 0.213266 0.134184 0.169095 0.213212 0.134073 0.172095 0.213212 0.134073 0.169095 0.213171 0.133976 0.172095 0.213171 0.133976 0.169095 0.213120 0.133834 0.172095 0.213120 0.133834 0.169095 0.213096 0.133758 0.172095 0.213096 0.133758 0.169095 0.213077 0.133706 0.172095 0.213077 0.133706 0.169095 0.213056 0.133660 0.172095 0.213056 0.133660 0.169095 0.213035 0.133620 0.172095 0.213035 0.133620 0.169095 0.213012 0.133586 0.172095 0.213012 0.133586 0.169095 0.212990 0.133557 0.172095 0.212990 0.133557 0.169095 0.212967 0.133534 0.172095 0.212967 0.133534 0.169095 0.212944 0.133517 0.172095 0.212944 0.133517 0.169095 0.212921 0.133505 0.172095 0.212921 0.133505 0.169095 0.212899 0.133499 0.172095 0.212899 0.133499 0.169095 0.212872 0.133500 0.172095 0.212872 0.133500 0.169095 0.212694 0.133528 0.172095 0.212694 0.133528 0.169095 0.212495 0.133556 0.172095 0.212495 0.133556 0.169095 0.212295 0.133581 0.172095 0.212295 0.133581 0.169095 0.212116 0.133599 0.172095 0.212116 0.133599 0.169095 0.212090 0.133606 0.172095 0.212090 0.133606 0.169095 0.212070 0.133617 0.172095 0.212070 0.133617 0.169095 0.212051 0.133634 0.172095 0.212051 0.133634 0.169095 0.212033 0.133657 0.172095 0.212033 0.133657 0.169095 0.212017 0.133685 0.172095 0.212017 0.133685 0.169095 0.212003 0.133719 0.172095 0.212003 0.133719 0.169095 0.211990 0.133758 0.172095 0.211990 0.133758 0.169095 0.211980 0.133802 0.172095 0.211980 0.133802 0.169095 0.211972 0.133852 0.172095 0.211972 0.133852 0.169095 0.211966 0.133907 0.172095 0.211966 0.133907 0.169095 0.211963 0.133987 0.172095 0.211963 0.133987 0.169095 0.211950 0.134137 0.172095 0.211950 0.134137 0.169095 0.211935 0.134241 0.172095 0.211935 0.134241 0.169095 0.211913 0.134362 0.172095 0.211913 0.134362 0.169095 0.211880 0.134503 0.172095 0.211880 0.134503 0.169095 0.211837 0.134662 0.172095 0.211837 0.134662 0.169095 0.211781 0.134836 0.172095 0.211781 0.134836 0.169095 0.211711 0.135027 0.172095 0.211711 0.135027 0.169095 0.211625 0.135233 0.172095 0.211625 0.135233 0.169095 0.211522 0.135454 0.172095 0.211522 0.135454 0.169095 0.211416 0.135661 0.172095 0.211416 0.135661 0.169095 0.210713 0.135661 0.172095 0.210947 0.135665 0.172095 0.211181 0.135665 0.172095 0.211181 0.135665 0.169095 0.210947 0.135665 0.169095 0.210713 0.135661 0.169095 0.210606 0.135454 0.172095 0.210606 0.135454 0.169095 0.210503 0.135233 0.172095 0.210503 0.135233 0.169095 0.210418 0.135027 0.172095 0.210418 0.135027 0.169095 0.210348 0.134836 0.172095 0.210348 0.134836 0.169095 0.210292 0.134662 0.172095 0.210292 0.134662 0.169095 0.210248 0.134503 0.172095 0.210248 0.134503 0.169095 0.210216 0.134362 0.172095 0.210216 0.134362 0.169095 0.210193 0.134241 0.172095 0.210193 0.134241 0.169095 0.210178 0.134137 0.172095 0.210178 0.134137 0.169095 0.210165 0.133987 0.172095 0.210165 0.133987 0.169095 0.210162 0.133907 0.172095 0.210162 0.133907 0.169095 0.210157 0.133852 0.172095 0.210157 0.133852 0.169095 0.210149 0.133802 0.172095 0.210149 0.133802 0.169095 0.210138 0.133758 0.172095 0.210138 0.133758 0.169095 0.210126 0.133719 0.172095 0.210126 0.133719 0.169095 0.210111 0.133685 0.172095 0.210111 0.133685 0.169095 0.210095 0.133657 0.172095 0.210095 0.133657 0.169095 0.210078 0.133634 0.172095 0.210078 0.133634 0.169095 0.210059 0.133617 0.172095 0.210059 0.133617 0.169095 0.210039 0.133606 0.172095 0.210039 0.133606 0.169095 0.210013 0.133599 0.172095 0.210013 0.133599 0.169095 0.209833 0.133581 0.172095 0.209833 0.133581 0.169095 0.209634 0.133556 0.172095 0.209634 0.133556 0.169095 0.209435 0.133528 0.172095 0.209435 0.133528 0.169095 0.209256 0.133500 0.172095 0.209256 0.133500 0.169095 0.209230 0.133499 0.172095 0.209230 0.133499 0.169095 0.209207 0.133505 0.172095 0.209207 0.133505 0.169095 0.209185 0.133517 0.172095 0.209185 0.133517 0.169095 0.209162 0.133534 0.172095 0.209162 0.133534 0.169095 0.209139 0.133557 0.172095 0.209139 0.133557 0.169095 0.209116 0.133586 0.172095 0.209116 0.133586 0.169095 0.209094 0.133620 0.172095 0.209094 0.133620 0.169095 0.209072 0.133660 0.172095 0.209072 0.133660 0.169095 0.209052 0.133706 0.172095 0.209052 0.133706 0.169095 0.209032 0.133758 0.172095 0.209032 0.133758 0.169095 0.209008 0.133834 0.172095 0.209008 0.133834 0.169095 0.208958 0.133976 0.172095 0.208958 0.133976 0.169095 0.208916 0.134073 0.172095 0.208916 0.134073 0.169095 0.208863 0.134184 0.172095 0.208863 0.134184 0.169095 0.208795 0.134312 0.172095 0.208795 0.134312 0.169095 0.208712 0.134454 0.172095 0.208712 0.134454 0.169095 0.208613 0.134608 0.172095 0.208613 0.134608 0.169095 0.208495 0.134774 0.172095 0.208495 0.134774 0.169095 0.208359 0.134951 0.172095 0.208359 0.134951 0.169095 0.208203 0.135137 0.172095 0.208203 0.135137 0.169095 0.208046 0.135310 0.172095 0.208046 0.135310 0.169095 0.207368 0.135128 0.172095 0.207593 0.135193 0.172095 0.207819 0.135253 0.172095 0.207819 0.135253 0.169095 0.207593 0.135193 0.169095 0.207368 0.135128 0.169095 0.207318 0.134900 0.172095 0.207318 0.134900 0.169095 0.207276 0.134661 0.172095 0.207276 0.134661 0.169095 0.207247 0.134440 0.172095 0.207247 0.134440 0.169095 0.207228 0.134237 0.172095 0.207228 0.134237 0.169095 0.207219 0.134054 0.172095 0.207219 0.134054 0.169095 0.207218 0.133890 0.172095 0.207218 0.133890 0.169095 0.207223 0.133745 0.172095 0.207223 0.133745 0.169095 0.207233 0.133622 0.172095 0.207233 0.133622 0.169095 0.207245 0.133517 0.172095 0.207245 0.133517 0.169095 0.207272 0.133369 0.172095 0.207272 0.133369 0.169095 0.207290 0.133291 0.172095 0.207290 0.133291 0.169095 0.207299 0.133237 0.172095 0.207299 0.133237 0.169095 0.207304 0.133187 0.172095 0.207304 0.133187 0.169095 0.207305 0.133141 0.172095 0.207305 0.133141 0.169095 0.207303 0.133100 0.172095 0.207303 0.133100 0.169095 0.207298 0.133064 0.172095 0.207298 0.133064 0.169095 0.207290 0.133032 0.172095 0.207290 0.133032 0.169095 0.207279 0.133006 0.172095 0.207279 0.133006 0.169095 0.207265 0.132985 0.172095 0.207265 0.132985 0.169095 0.207248 0.132968 0.172095 0.207248 0.132968 0.169095 0.207225 0.132955 0.172095 0.207225 0.132955 0.169095 0.207056 0.132891 0.172095 0.207056 0.132891 0.169095 0.206870 0.132816 0.172095 0.206870 0.132816 0.169095 0.206685 0.132737 0.172095 0.206685 0.132737 0.169095 0.206520 0.132664 0.172095 0.206520 0.132664 0.169095 0.206494 0.132656 0.172095 0.206494 0.132656 0.169095 0.206471 0.132656 0.172095 0.206471 0.132656 0.169095 0.206446 0.132661 0.172095 0.206446 0.132661 0.169095 0.206420 0.132672 0.172095 0.206420 0.132672 0.169095 0.206392 0.132688 0.172095 0.206392 0.132688 0.169095 0.206362 0.132710 0.172095 0.206362 0.132710 0.169095 0.206332 0.132738 0.172095 0.206332 0.132738 0.169095 0.206301 0.132771 0.172095 0.206301 0.132771 0.169095 0.206269 0.132810 0.172095 0.206269 0.132810 0.169095 0.206237 0.132855 0.172095 0.206237 0.132855 0.169095 0.206194 0.132922 0.172095 0.206194 0.132922 0.169095 0.206108 0.133046 0.172095 0.206108 0.133046 0.169095 0.206043 0.133129 0.172095 0.206043 0.133129 0.169095 0.205963 0.133223 0.172095 0.205963 0.133223 0.169095 0.205864 0.133329 0.172095 0.205864 0.133329 0.169095 0.205747 0.133444 0.172095 0.205747 0.133444 0.169095 0.205611 0.133567 0.172095 0.205611 0.133567 0.169095 0.205455 0.133698 0.172095 0.205455 0.133698 0.169095 0.205278 0.133833 0.172095 0.205278 0.133833 0.169095 0.205079 0.133973 0.172095 0.205079 0.133973 0.169095 0.204883 0.134099 0.172095 0.204883 0.134099 0.169095 0.204274 0.133748 0.172095 0.204475 0.133868 0.172095 0.204678 0.133985 0.172095 0.204678 0.133985 0.169095 0.204475 0.133868 0.169095 0.204274 0.133748 0.169095 0.204285 0.133515 0.172095 0.204285 0.133515 0.169095 0.204307 0.133272 0.172095 0.204307 0.133272 0.169095 0.204336 0.133051 0.172095 0.204336 0.133051 0.169095 0.204370 0.132851 0.172095 0.204370 0.132851 0.169095 0.204409 0.132672 0.172095 0.204409 0.132672 0.169095 0.204451 0.132513 0.172095 0.204451 0.132513 0.169095 0.204493 0.132374 0.172095 0.204493 0.132374 0.169095 0.204534 0.132258 0.172095 0.204534 0.132258 0.169095 0.204573 0.132160 0.172095 0.204573 0.132160 0.169095 0.204637 0.132024 0.172095 0.204637 0.132024 0.169095 0.204675 0.131953 0.172095 0.204675 0.131953 0.169095 0.204697 0.131903 0.172095 0.204697 0.131903 0.169095 0.204715 0.131856 0.172095 0.204715 0.131856 0.169095 0.204728 0.131812 0.172095 0.204728 0.131812 0.169095 0.204737 0.131772 0.172095 0.204737 0.131772 0.169095 0.204741 0.131736 0.172095 0.204741 0.131736 0.169095 0.204741 0.131703 0.172095 0.204741 0.131703 0.169095 0.204737 0.131675 0.172095 0.204737 0.131675 0.169095 0.204730 0.131650 0.172095 0.204730 0.131650 0.169095 0.204718 0.131631 0.172095 0.204718 0.131631 0.169095 0.204699 0.131612 0.172095 0.204699 0.131612 0.169095 0.204552 0.131506 0.172095 0.204552 0.131506 0.169095 0.204392 0.131385 0.172095 0.204392 0.131385 0.169095 0.204234 0.131261 0.172095 0.204234 0.131261 0.169095 0.204093 0.131148 0.172095 0.204093 0.131148 0.169095 0.204071 0.131134 0.172095 0.204071 0.131134 0.169095 0.204048 0.131128 0.172095 0.204048 0.131128 0.169095 0.204023 0.131126 0.172095 0.204023 0.131126 0.169095 0.203994 0.131130 0.172095 0.203994 0.131130 0.169095 0.203963 0.131138 0.172095 0.203963 0.131138 0.169095 0.203929 0.131152 0.172095 0.203929 0.131152 0.169095 0.203892 0.131171 0.172095 0.203892 0.131171 0.169095 0.203854 0.131195 0.172095 0.203854 0.131195 0.169095 0.203813 0.131224 0.172095 0.203813 0.131224 0.169095 0.203770 0.131259 0.172095 0.203770 0.131259 0.169095 0.203712 0.131313 0.172095 0.203712 0.131313 0.169095 0.203597 0.131411 0.172095 0.203597 0.131411 0.169095 0.203512 0.131474 0.172095 0.203512 0.131474 0.169095 0.203410 0.131544 0.172095 0.203410 0.131544 0.169095 0.203288 0.131620 0.172095 0.203288 0.131620 0.169095 0.203145 0.131701 0.172095 0.203145 0.131701 0.169095 0.202982 0.131785 0.172095 0.202982 0.131785 0.169095 0.202797 0.131871 0.172095 0.202797 0.131871 0.169095 0.202591 0.131956 0.172095 0.202591 0.131956 0.169095 0.202363 0.132039 0.172095 0.202363 0.132039 0.169095 0.202140 0.132110 0.172095 0.202140 0.132110 0.169095 0.201644 0.131613 0.172095 0.201806 0.131782 0.172095 0.201972 0.131948 0.172095 0.201972 0.131948 0.169095 0.201806 0.131782 0.169095 0.201644 0.131613 0.169095 0.201715 0.131391 0.172095 0.201715 0.131391 0.169095 0.201798 0.131163 0.172095 0.201798 0.131163 0.169095 0.201883 0.130957 0.172095 0.201883 0.130957 0.169095 0.201969 0.130772 0.172095 0.201969 0.130772 0.169095 0.202052 0.130609 0.172095 0.202052 0.130609 0.169095 0.202134 0.130466 0.172095 0.202134 0.130466 0.169095 0.202210 0.130344 0.172095 0.202210 0.130344 0.169095 0.202280 0.130242 0.172095 0.202280 0.130242 0.169095 0.202343 0.130157 0.172095 0.202343 0.130157 0.169095 0.202441 0.130042 0.172095 0.202441 0.130042 0.169095 0.202495 0.129984 0.172095 0.202495 0.129984 0.169095 0.202530 0.129941 0.172095 0.202530 0.129941 0.169095 0.202559 0.129900 0.172095 0.202559 0.129900 0.169095 0.202583 0.129861 0.172095 0.202583 0.129861 0.169095 0.202602 0.129825 0.172095 0.202602 0.129825 0.169095 0.202615 0.129791 0.172095 0.202615 0.129791 0.169095 0.202624 0.129760 0.172095 0.202624 0.129760 0.169095 0.202627 0.129731 0.172095 0.202627 0.129731 0.169095 0.202626 0.129706 0.172095 0.202626 0.129706 0.169095 0.202620 0.129683 0.172095 0.202620 0.129683 0.169095 0.202606 0.129660 0.172095 0.202606 0.129660 0.169095 0.202493 0.129520 0.172095 0.202493 0.129520 0.169095 0.202369 0.129362 0.172095 0.202369 0.129362 0.169095 0.202248 0.129201 0.172095 0.202248 0.129201 0.169095 0.202142 0.129055 0.172095 0.202142 0.129055 0.169095 0.202123 0.129036 0.172095 0.202123 0.129036 0.169095 0.202103 0.129024 0.172095 0.202103 0.129024 0.169095 0.202079 0.129016 0.172095 0.202079 0.129016 0.169095 0.202051 0.129012 0.172095 0.202051 0.129012 0.169095 0.202018 0.129013 0.172095 0.202018 0.129013 0.169095 0.201982 0.129017 0.172095 0.201982 0.129017 0.169095 0.201942 0.129025 0.172095 0.201942 0.129025 0.169095 0.201898 0.129039 0.172095 0.201898 0.129039 0.169095 0.201851 0.129057 0.172095 0.201851 0.129057 0.169095 0.201801 0.129079 0.172095 0.201801 0.129079 0.169095 0.201730 0.129116 0.172095 0.201730 0.129116 0.169095 0.201594 0.129181 0.172095 0.201594 0.129181 0.169095 0.201496 0.129220 0.172095 0.201496 0.129220 0.169095 0.201380 0.129261 0.172095 0.201380 0.129261 0.169095 0.201241 0.129303 0.172095 0.201241 0.129303 0.169095 0.201082 0.129345 0.172095 0.201082 0.129345 0.169095 0.200903 0.129384 0.172095 0.200903 0.129384 0.169095 0.200703 0.129418 0.172095 0.200703 0.129418 0.169095 0.200482 0.129447 0.172095 0.200482 0.129447 0.169095 0.200239 0.129468 0.172095 0.200239 0.129468 0.169095 0.200006 0.129480 0.172095 0.200006 0.129480 0.169095 0.199655 0.128871 0.172095 0.199768 0.129076 0.172095 0.199886 0.129279 0.172095 0.199886 0.129279 0.169095 0.199768 0.129076 0.169095 0.199655 0.128871 0.169095 0.199781 0.128675 0.172095 0.199781 0.128675 0.169095 0.199921 0.128476 0.172095 0.199921 0.128476 0.169095 0.200056 0.128299 0.172095 0.200056 0.128299 0.169095 0.200187 0.128142 0.172095 0.200187 0.128142 0.169095 0.200310 0.128007 0.172095 0.200310 0.128007 0.169095 0.200425 0.127890 0.172095 0.200425 0.127890 0.169095 0.200531 0.127791 0.172095 0.200531 0.127791 0.169095 0.200625 0.127711 0.172095 0.200625 0.127711 0.169095 0.200708 0.127646 0.172095 0.200708 0.127646 0.169095 0.200831 0.127560 0.172095 0.200831 0.127560 0.169095 0.200899 0.127517 0.172095 0.200899 0.127517 0.169095 0.200944 0.127485 0.172095 0.200944 0.127485 0.169095 0.200983 0.127453 0.172095 0.200983 0.127453 0.169095 0.201016 0.127422 0.172095 0.201016 0.127422 0.169095 0.201044 0.127392 0.172095 0.201044 0.127392 0.169095 0.201065 0.127362 0.172095 0.201065 0.127362 0.169095 0.201082 0.127334 0.172095 0.201082 0.127334 0.169095 0.201093 0.127308 0.172095 0.201093 0.127308 0.169095 0.201098 0.127283 0.172095 0.201098 0.127283 0.169095 0.201098 0.127260 0.172095 0.201098 0.127260 0.169095 0.201090 0.127234 0.172095 0.201090 0.127234 0.169095 0.201017 0.127069 0.172095 0.201017 0.127069 0.169095 0.200938 0.126884 0.172095 0.200938 0.126884 0.169095 0.200863 0.126698 0.172095 0.200863 0.126698 0.169095 0.200798 0.126529 0.172095 0.200798 0.126529 0.169095 0.200785 0.126506 0.172095 0.200785 0.126506 0.169095 0.200769 0.126489 0.172095 0.200769 0.126489 0.169095 0.200748 0.126475 0.172095 0.200748 0.126475 0.169095 0.200721 0.126464 0.172095 0.200721 0.126464 0.169095 0.200690 0.126456 0.172095 0.200690 0.126456 0.169095 0.200654 0.126451 0.172095 0.200654 0.126451 0.169095 0.200613 0.126449 0.172095 0.200613 0.126449 0.169095 0.200567 0.126450 0.172095 0.200567 0.126450 0.169095 0.200517 0.126455 0.172095 0.200517 0.126455 0.169095 0.200463 0.126464 0.172095 0.200463 0.126464 0.169095 0.200385 0.126482 0.172095 0.200385 0.126482 0.169095 0.200237 0.126508 0.172095 0.200237 0.126508 0.169095 0.200132 0.126521 0.172095 0.200132 0.126521 0.169095 0.200009 0.126530 0.172095 0.200009 0.126530 0.169095 0.199864 0.126536 0.172095 0.199864 0.126536 0.169095 0.199700 0.126534 0.172095 0.199700 0.126534 0.169095 0.199517 0.126526 0.172095 0.199517 0.126526 0.169095 0.199314 0.126507 0.172095 0.199314 0.126507 0.169095 0.199093 0.126478 0.172095 0.199093 0.126478 0.169095 0.198854 0.126436 0.172095 0.198854 0.126436 0.169095 0.198626 0.126386 0.172095 0.198626 0.126386 0.169095 0.198444 0.125708 0.172095 0.198500 0.125935 0.172095 0.198561 0.126161 0.172095 0.198561 0.126161 0.169095 0.198500 0.125935 0.169095 0.198444 0.125708 0.169095 0.198616 0.125551 0.172095 0.198616 0.125551 0.169095 0.198803 0.125394 0.172095 0.198803 0.125394 0.169095 0.198980 0.125258 0.172095 0.198980 0.125258 0.169095 0.180014 0.122690 0.165095 0.180043 0.122448 0.165095 0.180126 0.122218 0.165095 0.180260 0.122015 0.165095 0.180437 0.121847 0.165095 0.180648 0.121726 0.165095 0.180882 0.121656 0.165095 0.181125 0.121641 0.165095 0.181365 0.121684 0.165095 0.181589 0.121780 0.165095 0.181785 0.121926 0.165095 0.181941 0.122113 0.165095 0.182051 0.122331 0.165095 0.182107 0.122568 0.165095 0.182107 0.122812 0.165095 0.182051 0.123049 0.165095 0.181941 0.123267 0.165095 0.181785 0.123453 0.165095 0.181589 0.123599 0.165095 0.181365 0.123696 0.165095 0.181125 0.123738 0.165095 0.180882 0.123724 0.165095 0.180648 0.123654 0.165095 0.180437 0.123532 0.165095 0.180260 0.123365 0.165095 0.180126 0.123161 0.165095 0.180043 0.122932 0.165095 0.180014 0.122690 0.162095 0.180043 0.122932 0.162095 0.180126 0.123161 0.162095 0.180260 0.123365 0.162095 0.180437 0.123532 0.162095 0.180648 0.123654 0.162095 0.180882 0.123724 0.162095 0.181125 0.123738 0.162095 0.181365 0.123696 0.162095 0.181589 0.123599 0.162095 0.181785 0.123453 0.162095 0.181941 0.123267 0.162095 0.182051 0.123049 0.162095 0.182107 0.122812 0.162095 0.182107 0.122568 0.162095 0.182051 0.122331 0.162095 0.181941 0.122113 0.162095 0.181785 0.121926 0.162095 0.181589 0.121780 0.162095 0.181365 0.121684 0.162095 0.181125 0.121641 0.162095 0.180882 0.121656 0.162095 0.180648 0.121726 0.162095 0.180437 0.121847 0.162095 0.180260 0.122015 0.162095 0.180126 0.122218 0.162095 0.180043 0.122448 0.162095 0.210014 0.122690 0.165095 0.210043 0.122448 0.165095 0.210126 0.122218 0.165095 0.210260 0.122015 0.165095 0.210437 0.121847 0.165095 0.210648 0.121726 0.165095 0.210882 0.121656 0.165095 0.211125 0.121641 0.165095 0.211365 0.121684 0.165095 0.211589 0.121780 0.165095 0.211785 0.121926 0.165095 0.211941 0.122113 0.165095 0.212051 0.122331 0.165095 0.212107 0.122568 0.165095 0.212107 0.122812 0.165095 0.212051 0.123049 0.165095 0.211941 0.123267 0.165095 0.211785 0.123453 0.165095 0.211589 0.123599 0.165095 0.211365 0.123696 0.165095 0.211125 0.123738 0.165095 0.210882 0.123724 0.165095 0.210648 0.123654 0.165095 0.210437 0.123532 0.165095 0.210260 0.123365 0.165095 0.210126 0.123161 0.165095 0.210043 0.122932 0.165095 0.210014 0.122690 0.162095 0.210043 0.122932 0.162095 0.210126 0.123161 0.162095 0.210260 0.123365 0.162095 0.210437 0.123532 0.162095 0.210648 0.123654 0.162095 0.210882 0.123724 0.162095 0.211125 0.123738 0.162095 0.211365 0.123696 0.162095 0.211589 0.123599 0.162095 0.211785 0.123453 0.162095 0.211941 0.123267 0.162095 0.212051 0.123049 0.162095 0.212107 0.122812 0.162095 0.212107 0.122568 0.162095 0.212051 0.122331 0.162095 0.211941 0.122113 0.162095 0.211785 0.121926 0.162095 0.211589 0.121780 0.162095 0.211365 0.121684 0.162095 0.211125 0.121641 0.162095 0.210882 0.121656 0.162095 0.210648 0.121726 0.162095 0.210437 0.121847 0.162095 0.210260 0.122015 0.162095 0.210126 0.122218 0.162095 0.210043 0.122448 0.162095 0.211064 0.125190 0.165095 0.211437 0.125162 0.165095 0.211801 0.125079 0.165095 0.212149 0.124942 0.165095 0.212473 0.124755 0.165095 0.212765 0.124522 0.165095 0.213019 0.124248 0.165095 0.213229 0.123940 0.165095 0.213391 0.123603 0.165095 0.213502 0.123246 0.165095 0.213557 0.122876 0.165095 0.213557 0.122503 0.165095 0.213502 0.122133 0.165095 0.213391 0.121776 0.165095 0.213229 0.121440 0.165095 0.213019 0.121131 0.165095 0.212765 0.120857 0.165095 0.212473 0.120624 0.165095 0.212149 0.120437 0.165095 0.211801 0.120301 0.165095 0.211437 0.120218 0.165095 0.211064 0.120190 0.165095 0.211064 0.120190 0.162095 0.211437 0.120218 0.162095 0.211801 0.120301 0.162095 0.212149 0.120437 0.162095 0.212473 0.120624 0.162095 0.212765 0.120857 0.162095 0.213019 0.121131 0.162095 0.213229 0.121440 0.162095 0.213391 0.121776 0.162095 0.213502 0.122133 0.162095 0.213557 0.122503 0.162095 0.213557 0.122876 0.162095 0.213502 0.123246 0.162095 0.213391 0.123603 0.162095 0.213229 0.123940 0.162095 0.213019 0.124248 0.162095 0.212765 0.124522 0.162095 0.212473 0.124755 0.162095 0.212149 0.124942 0.162095 0.211801 0.125079 0.162095 0.211437 0.125162 0.162095 0.211064 0.125190 0.162095 0.210453 0.125114 0.165095 0.210657 0.125139 0.165095 0.210860 0.125164 0.165095 0.210860 0.125164 0.162095 0.210657 0.125139 0.162095 0.210453 0.125114 0.162095 0.181676 0.125114 0.165095 0.183474 0.124906 0.165095 0.185273 0.124723 0.165095 0.187071 0.124565 0.165095 0.188870 0.124433 0.165095 0.190668 0.124328 0.165095 0.192467 0.124252 0.165095 0.194266 0.124205 0.165095 0.196064 0.124190 0.165095 0.197863 0.124205 0.165095 0.199661 0.124252 0.165095 0.201460 0.124328 0.165095 0.203259 0.124433 0.165095 0.205057 0.124565 0.165095 0.206856 0.124723 0.165095 0.208654 0.124906 0.165095 0.208654 0.124906 0.162095 0.206856 0.124723 0.162095 0.205057 0.124565 0.162095 0.203259 0.124433 0.162095 0.201460 0.124328 0.162095 0.199661 0.124252 0.162095 0.197863 0.124205 0.162095 0.196064 0.124190 0.162095 0.194266 0.124205 0.162095 0.192467 0.124252 0.162095 0.190668 0.124328 0.162095 0.188870 0.124433 0.162095 0.187071 0.124565 0.162095 0.185273 0.124723 0.162095 0.183474 0.124906 0.162095 0.181676 0.125114 0.162095 0.181064 0.125190 0.165095 0.181268 0.125164 0.165095 0.181472 0.125139 0.165095 0.181472 0.125139 0.162095 0.181268 0.125164 0.162095 0.181064 0.125190 0.162095 0.181064 0.120190 0.165095 0.180692 0.120218 0.165095 0.180327 0.120301 0.165095 0.179979 0.120437 0.165095 0.179656 0.120624 0.165095 0.179364 0.120857 0.165095 0.179110 0.121131 0.165095 0.178899 0.121440 0.165095 0.178737 0.121776 0.165095 0.178627 0.122133 0.165095 0.178571 0.122503 0.165095 0.178571 0.122876 0.165095 0.178627 0.123246 0.165095 0.178737 0.123603 0.165095 0.178899 0.123940 0.165095 0.179110 0.124248 0.165095 0.179364 0.124522 0.165095 0.179656 0.124755 0.165095 0.179979 0.124942 0.165095 0.180327 0.125079 0.165095 0.180692 0.125162 0.165095 0.180692 0.125162 0.162095 0.180327 0.125079 0.162095 0.179979 0.124942 0.162095 0.179656 0.124755 0.162095 0.179364 0.124522 0.162095 0.179110 0.124248 0.162095 0.178899 0.123940 0.162095 0.178737 0.123603 0.162095 0.178627 0.123246 0.162095 0.178571 0.122876 0.162095 0.178571 0.122503 0.162095 0.178627 0.122133 0.162095 0.178737 0.121776 0.162095 0.178899 0.121440 0.162095 0.179110 0.121131 0.162095 0.179364 0.120857 0.162095 0.179656 0.120624 0.162095 0.179979 0.120437 0.162095 0.180327 0.120301 0.162095 0.180692 0.120218 0.162095 0.181064 0.120190 0.162095 0.181676 0.120266 0.165095 0.181472 0.120241 0.165095 0.181268 0.120215 0.165095 0.181268 0.120215 0.162095 0.181472 0.120241 0.162095 0.181676 0.120266 0.162095 0.210453 0.120266 0.165095 0.208654 0.120473 0.165095 0.206856 0.120656 0.165095 0.205057 0.120814 0.165095 0.203259 0.120946 0.165095 0.201460 0.121051 0.165095 0.199661 0.121128 0.165095 0.197863 0.121174 0.165095 0.196064 0.121190 0.165095 0.194266 0.121174 0.165095 0.192467 0.121128 0.165095 0.190668 0.121051 0.165095 0.188870 0.120946 0.165095 0.187071 0.120814 0.165095 0.185273 0.120656 0.165095 0.183474 0.120473 0.165095 0.183474 0.120473 0.162095 0.185273 0.120656 0.162095 0.187071 0.120814 0.162095 0.188870 0.120946 0.162095 0.190668 0.121051 0.162095 0.192467 0.121128 0.162095 0.194266 0.121174 0.162095 0.196064 0.121190 0.162095 0.197863 0.121174 0.162095 0.199661 0.121128 0.162095 0.201460 0.121051 0.162095 0.203259 0.120946 0.162095 0.205057 0.120814 0.162095 0.206856 0.120656 0.162095 0.208654 0.120473 0.162095 0.210453 0.120266 0.162095 0.210860 0.120215 0.165095 0.210657 0.120241 0.165095 0.210657 0.120241 0.162095 0.210860 0.120215 0.162095</float_array>
          <technique_common>
            <accessor source="#gripper_left_gear-mesh-positions-array" count="2612" stride="3">
              <param name="X" type="float"/>
              <param name="Y" type="float"/>
              <param name="Z" type="float"/>
            </accessor>
          </technique_common>
        </source>
        <source id="gripper_left_gear-mesh-normals">
          <float_array id="gripper_left_gear-mesh-normals-array" count="21972">0.973045 0.230616 0.000000 0.973045 0.230616 0.000000 1.000000 0.000000 0.000000 1.000000 0.000000 0.000000 0.973045 -0.230616 0.000000 0.973045 -0.230616 0.000000 0.893633 -0.448799 0.000000 0.893633 -0.448799 0.000000 0.766044 -0.642788 0.000000 0.766044 -0.642788 0.000000 0.597159 -0.802123 0.000000 0.597159 -0.802123 0.000000 0.396080 -0.918216 0.000000 0.396080 -0.918216 0.000000 0.173648 -0.984808 0.000000 0.173648 -0.984808 0.000000 -0.058145 -0.998308 -0.000000 -0.058145 -0.998308 -0.000000 -0.286803 -0.957990 -0.000000 -0.286803 -0.957990 -0.000000 -0.500000 -0.866025 -0.000000 -0.500000 -0.866025 -0.000000 -0.686242 -0.727374 -0.000000 -0.686242 -0.727374 -0.000000 -0.835488 -0.549509 -0.000000 -0.835488 -0.549509 -0.000000 -0.939693 -0.342020 -0.000000 -0.939693 -0.342020 -0.000000 -0.993238 -0.116093 -0.000000 -0.993238 -0.116093 -0.000000 -0.993238 0.116093 -0.000000 -0.993238 0.116093 -0.000000 -0.939693 0.342020 -0.000000 -0.939693 0.342020 -0.000000 -0.835488 0.549509 -0.000000 -0.835488 0.549509 -0.000000 -0.686242 0.727374 -0.000000 -0.686242 0.727374 -0.000000 -0.500000 0.866025 -0.000000 -0.500000 0.866025 -0.000000 -0.286803 0.957990 -0.000000 -0.286803 0.957990 -0.000000 -0.058145 0.998308 -0.000000 -0.058145 0.998308 -0.000000 0.173648 0.984808 0.000000 0.173648 0.984808 0.000000 0.396080 0.918216 0.000000 0.396080 0.918216 0.000000 0.597159 0.802123 0.000000 0.597159 0.802123 0.000000 0.766044 0.642788 0.000000 0.766044 0.642788 0.000000 0.893633 0.448799 0.000000 0.893633 0.448799 0.000000 0.973045 0.230616 0.000000 0.973045 0.230616 0.000000 1.000000 0.000000 0.000000 1.000000 0.000000 0.000000 0.973045 -0.230616 0.000000 0.973045 -0.230616 0.000000 0.893633 -0.448799 0.000000 0.893633 -0.448799 0.000000 0.766044 -0.642788 0.000000 0.766044 -0.642788 0.000000 0.597159 -0.802123 0.000000 0.597159 -0.802123 0.000000 0.396080 -0.918216 0.000000 0.396080 -0.918216 0.000000 0.173648 -0.984808 0.000000 0.173648 -0.984808 0.000000 -0.058145 -0.998308 -0.000000 -0.058145 -0.998308 -0.000000 -0.286803 -0.957990 -0.000000 -0.286803 -0.957990 -0.000000 -0.500000 -0.866025 -0.000000 -0.500000 -0.866025 -0.000000 -0.686242 -0.727374 -0.000000 -0.686242 -0.727374 -0.000000 -0.835488 -0.549509 -0.000000 -0.835488 -0.549509 -0.000000 -0.939693 -0.342020 -0.000000 -0.939693 -0.342020 -0.000000 -0.993238 -0.116093 -0.000000 -0.993238 -0.116093 -0.000000 -0.993238 0.116093 -0.000000 -0.993238 0.116093 -0.000000 -0.939693 0.342020 -0.000000 -0.939693 0.342020 -0.000000 -0.835488 0.549509 -0.000000 -0.835488 0.549509 -0.000000 -0.686242 0.727374 -0.000000 -0.686242 0.727374 -0.000000 -0.500000 0.866025 -0.000000 -0.500000 0.866025 -0.000000 -0.286803 0.957990 -0.000000 -0.286803 0.957990 -0.000000 -0.058145 0.998308 -0.000000 -0.058145 0.998308 -0.000000 0.173648 0.984808 0.000000 0.173648 0.984808 0.000000 0.396080 0.918216 0.000000 0.396080 0.918216 0.000000 0.597159 0.802123 0.000000 0.597159 0.802123 0.000000 0.766044 0.642788 0.000000 0.766044 0.642788 0.000000 0.893633 0.448799 0.000000 0.893633 0.448799 0.000000 0.000000 1.000000 0.000000 0.000000 1.000000 0.000000 0.000000 1.000000 0.000000 0.000000 1.000000 0.000000 -0.000000 -1.000000 -0.000000 0.000000 -1.000000 0.000000 -0.149042 -0.988831 -0.000000 -0.149042 -0.988831 -0.000000 -0.294755 -0.955573 -0.000000 -0.294755 -0.955573 -0.000000 -0.433884 -0.900969 -0.000000 -0.433884 -0.900969 -0.000000 -0.563320 -0.826239 -0.000000 -0.563320 -0.826239 -0.000000 -0.680173 -0.733052 -0.000000 -0.680173 -0.733052 -0.000000 -0.781831 -0.623490 -0.000000 -0.781831 -0.623490 -0.000000 -0.866025 -0.500000 -0.000000 -0.866025 -0.500000 -0.000000 -0.930874 -0.365341 -0.000000 -0.930874 -0.365341 -0.000000 -0.974928 -0.222521 -0.000000 -0.974928 -0.222521 -0.000000 -0.997204 -0.074730 -0.000000 -0.997204 -0.074730 -0.000000 -0.997204 0.074730 -0.000000 -0.997204 0.074730 -0.000000 -0.974928 0.222521 -0.000000 -0.974928 0.222521 -0.000000 -0.930874 0.365341 -0.000000 -0.930874 0.365341 -0.000000 -0.866025 0.500000 -0.000000 -0.866025 0.500000 -0.000000 -0.781831 0.623490 -0.000000 -0.781831 0.623490 -0.000000 -0.680173 0.733052 -0.000000 -0.680173 0.733052 -0.000000 -0.563320 0.826239 -0.000000 -0.563320 0.826239 -0.000000 -0.433884 0.900969 -0.000000 -0.433884 0.900969 -0.000000 -0.294755 0.955573 -0.000000 -0.294755 0.955573 -0.000000 -0.149042 0.988831 -0.000000 -0.149042 0.988831 -0.000000 -0.000000 -1.000000 -0.000000 -0.000000 -1.000000 -0.000000 -0.575972 0.817469 -0.000000 -0.575972 0.817469 -0.000000 -0.575972 0.817469 -0.000000 -0.575972 0.817469 -0.000000 -0.609660 0.792663 -0.000000 -0.609660 0.792663 -0.000000 -0.609660 0.792663 -0.000000 -0.609660 0.792663 -0.000000 -0.642310 0.766445 -0.000000 -0.642310 0.766445 -0.000000 -0.642310 0.766445 -0.000000 -0.642310 0.766445 -0.000000 -0.672500 0.740097 -0.000000 -0.672500 0.740097 -0.000000 -0.672500 0.740097 -0.000000 -0.672500 0.740097 -0.000000 -0.958564 -0.284876 -0.000000 -0.958564 -0.284876 -0.000000 -0.963551 -0.267526 -0.000000 -0.963551 -0.267526 -0.000000 -0.968223 -0.250090 -0.000000 -0.968223 -0.250090 -0.000000 -0.972579 -0.232572 -0.000000 -0.972579 -0.232572 -0.000000 -0.212381 -0.977187 -0.000000 -0.212381 -0.977187 -0.000000 -0.212381 -0.977187 -0.000000 -0.212381 -0.977187 -0.000000 -0.173035 -0.984916 -0.000000 -0.173035 -0.984916 -0.000000 -0.173035 -0.984916 -0.000000 -0.173035 -0.984916 -0.000000 -0.131650 -0.991296 -0.000000 -0.131650 -0.991296 -0.000000 -0.131650 -0.991296 -0.000000 -0.131650 -0.991296 -0.000000 -0.090073 -0.995935 -0.000000 -0.090073 -0.995935 -0.000000 -0.090073 -0.995935 -0.000000 -0.090073 -0.995935 -0.000000 -0.048399 -0.998828 -0.000000 -0.048399 -0.998828 -0.000000 -0.048399 -0.998828 -0.000000 -0.048399 -0.998828 -0.000000 -0.006574 -0.999978 -0.000000 -0.006574 -0.999978 -0.000000 -0.006574 -0.999978 -0.000000 -0.006574 -0.999978 -0.000000 0.035358 -0.999375 0.000000 0.035358 -0.999375 0.000000 0.035358 -0.999375 0.000000 0.035358 -0.999375 0.000000 0.076992 -0.997032 0.000000 0.076992 -0.997032 0.000000 0.076992 -0.997032 0.000000 0.076992 -0.997032 0.000000 0.118562 -0.992947 0.000000 0.118562 -0.992947 0.000000 0.118562 -0.992947 0.000000 0.118562 -0.992947 0.000000 0.177951 -0.984039 0.000000 0.177951 -0.984039 0.000000 0.177951 -0.984039 0.000000 0.177951 -0.984039 0.000000 0.219838 -0.975536 0.000000 0.219838 -0.975536 0.000000 0.219838 -0.975536 0.000000 0.219838 -0.975536 0.000000 0.162407 -0.986724 0.000000 0.162407 -0.986724 0.000000 0.162407 -0.986724 0.000000 0.162407 -0.986724 0.000000 0.101588 -0.994827 0.000000 0.101588 -0.994827 0.000000 0.101588 -0.994827 0.000000 0.101588 -0.994827 0.000000 0.031881 -0.999492 0.000000 0.031881 -0.999492 0.000000 0.031881 -0.999492 0.000000 0.031881 -0.999492 0.000000 -0.048830 -0.998807 -0.000000 -0.048830 -0.998807 -0.000000 -0.048830 -0.998807 -0.000000 -0.048830 -0.998807 -0.000000 -0.143985 -0.989580 -0.000000 -0.143985 -0.989580 -0.000000 -0.143985 -0.989580 -0.000000 -0.143985 -0.989580 -0.000000 -0.256749 -0.966478 -0.000000 -0.256749 -0.966478 -0.000000 -0.256749 -0.966478 -0.000000 -0.256749 -0.966478 -0.000000 -0.389974 -0.920826 -0.000000 -0.389974 -0.920826 -0.000000 -0.389974 -0.920826 -0.000000 -0.389974 -0.920826 -0.000000 -0.543890 -0.839157 -0.000000 -0.543890 -0.839157 -0.000000 -0.543890 -0.839157 -0.000000 -0.543890 -0.839157 -0.000000 -0.708719 -0.705491 -0.000000 -0.708719 -0.705491 -0.000000 -0.708719 -0.705491 -0.000000 -0.708719 -0.705491 -0.000000 -0.876380 -0.481621 -0.000000 -0.876380 -0.481621 -0.000000 -0.876380 -0.481621 -0.000000 -0.876380 -0.481621 -0.000000 -0.933755 -0.357913 -0.000000 -0.933755 -0.357913 -0.000000 -0.933755 -0.357913 -0.000000 -0.933755 -0.357913 -0.000000 -0.927277 -0.374376 -0.000000 -0.927277 -0.374376 -0.000000 -0.927277 -0.374376 -0.000000 -0.927277 -0.374376 -0.000000 -0.920406 -0.390963 -0.000000 -0.920406 -0.390963 -0.000000 -0.920406 -0.390963 -0.000000 -0.920406 -0.390963 -0.000000 -0.913349 -0.407178 -0.000000 -0.913349 -0.407178 -0.000000 -0.913349 -0.407178 -0.000000 -0.913349 -0.407178 -0.000000 -0.960257 -0.279118 -0.000000 -0.960257 -0.279118 -0.000000 -0.960257 -0.279118 -0.000000 -0.960257 -0.279118 -0.000000 -0.999997 -0.002304 -0.000000 -0.999997 -0.002304 -0.000000 -0.999997 -0.002304 -0.000000 -0.999997 -0.002304 -0.000000 -0.977960 0.208792 -0.000000 -0.977960 0.208792 -0.000000 -0.977960 0.208792 -0.000000 -0.977960 0.208792 -0.000000 -0.926884 0.375349 -0.000000 -0.926884 0.375349 -0.000000 -0.926884 0.375349 -0.000000 -0.926884 0.375349 -0.000000 -0.864950 0.501857 -0.000000 -0.864950 0.501857 -0.000000 -0.864950 0.501857 -0.000000 -0.864950 0.501857 -0.000000 -0.801552 0.597925 -0.000000 -0.801552 0.597925 -0.000000 -0.801552 0.597925 -0.000000 -0.801552 0.597925 -0.000000 -0.740787 0.671739 -0.000000 -0.740787 0.671739 -0.000000 -0.740787 0.671739 -0.000000 -0.740787 0.671739 -0.000000 -0.684201 0.729294 -0.000000 -0.684201 0.729294 -0.000000 -0.684201 0.729294 -0.000000 -0.684201 0.729294 -0.000000 -0.631621 0.775277 -0.000000 -0.631621 0.775277 -0.000000 -0.631621 0.775277 -0.000000 -0.631621 0.775277 -0.000000 -0.582877 0.812560 -0.000000 -0.582877 0.812560 -0.000000 -0.582877 0.812560 -0.000000 -0.582877 0.812560 -0.000000 -0.534362 0.845256 -0.000000 -0.534362 0.845256 -0.000000 -0.534362 0.845256 -0.000000 -0.534362 0.845256 -0.000000 -0.569991 0.821651 -0.000000 -0.569991 0.821651 -0.000000 -0.569991 0.821651 -0.000000 -0.569991 0.821651 -0.000000 -0.618282 0.785956 -0.000000 -0.618282 0.785956 -0.000000 -0.618282 0.785956 -0.000000 -0.618282 0.785956 -0.000000 -0.650565 0.759450 -0.000000 -0.650565 0.759450 -0.000000 -0.650565 0.759450 -0.000000 -0.650565 0.759450 -0.000000 -0.681663 0.731666 -0.000000 -0.681663 0.731666 -0.000000 -0.681663 0.731666 -0.000000 -0.681663 0.731666 -0.000000 -0.711739 0.702444 -0.000000 -0.711739 0.702444 -0.000000 -0.711739 0.702444 -0.000000 -0.711739 0.702444 -0.000000 -0.740501 0.672055 -0.000000 -0.740501 0.672055 -0.000000 -0.740501 0.672055 -0.000000 -0.740501 0.672055 -0.000000 -0.767924 0.640541 -0.000000 -0.767924 0.640541 -0.000000 -0.767924 0.640541 -0.000000 -0.767924 0.640541 -0.000000 -0.794043 0.607861 -0.000000 -0.794043 0.607861 -0.000000 -0.794043 0.607861 -0.000000 -0.794043 0.607861 -0.000000 -0.818795 0.574086 -0.000000 -0.818795 0.574086 -0.000000 -0.818795 0.574086 -0.000000 -0.818795 0.574086 -0.000000 -0.841136 0.540824 -0.000000 -0.841136 0.540824 -0.000000 -0.841136 0.540824 -0.000000 -0.841136 0.540824 -0.000000 -0.852171 -0.523264 -0.000000 -0.852171 -0.523264 -0.000000 -0.861477 -0.507796 -0.000000 -0.861477 -0.507796 -0.000000 -0.870503 -0.492163 -0.000000 -0.870503 -0.492163 -0.000000 -0.879245 -0.476369 -0.000000 -0.879245 -0.476369 -0.000000 0.047783 -0.998858 0.000000 0.047783 -0.998858 0.000000 0.047783 -0.998858 0.000000 0.047783 -0.998858 0.000000 0.087778 -0.996140 0.000000 0.087778 -0.996140 0.000000 0.087778 -0.996140 0.000000 0.087778 -0.996140 0.000000 0.129400 -0.991592 0.000000 0.129400 -0.991592 0.000000 0.129400 -0.991592 0.000000 0.129400 -0.991592 0.000000 0.170766 -0.985312 0.000000 0.170766 -0.985312 0.000000 0.170766 -0.985312 0.000000 0.170766 -0.985312 0.000000 0.211763 -0.977321 0.000000 0.211763 -0.977321 0.000000 0.211763 -0.977321 0.000000 0.211763 -0.977321 0.000000 0.252463 -0.967607 0.000000 0.252463 -0.967607 0.000000 0.252463 -0.967607 0.000000 0.252463 -0.967607 0.000000 0.292815 -0.956169 0.000000 0.292815 -0.956169 0.000000 0.292815 -0.956169 0.000000 0.292815 -0.956169 0.000000 0.332417 -0.943132 0.000000 0.332417 -0.943132 0.000000 0.332417 -0.943132 0.000000 0.332417 -0.943132 0.000000 0.371517 -0.928426 0.000000 0.371517 -0.928426 0.000000 0.371517 -0.928426 0.000000 0.371517 -0.928426 0.000000 0.426572 -0.904454 0.000000 0.426572 -0.904454 0.000000 0.426572 -0.904454 0.000000 0.426572 -0.904454 0.000000 0.464836 -0.885397 0.000000 0.464836 -0.885397 0.000000 0.464836 -0.885397 0.000000 0.464836 -0.885397 0.000000 0.412259 -0.911067 0.000000 0.412259 -0.911067 0.000000 0.412259 -0.911067 0.000000 0.412259 -0.911067 0.000000 0.355611 -0.934634 0.000000 0.355611 -0.934634 0.000000 0.355611 -0.934634 0.000000 0.355611 -0.934634 0.000000 0.289471 -0.957187 0.000000 0.289471 -0.957187 0.000000 0.289471 -0.957187 0.000000 0.289471 -0.957187 0.000000 0.211346 -0.977411 0.000000 0.211346 -0.977411 0.000000 0.211346 -0.977411 0.000000 0.211346 -0.977411 0.000000 0.117059 -0.993125 0.000000 0.117059 -0.993125 0.000000 0.117059 -0.993125 0.000000 0.117059 -0.993125 0.000000 0.002140 -0.999998 0.000000 0.002140 -0.999998 0.000000 0.002140 -0.999998 0.000000 0.002140 -0.999998 0.000000 -0.138379 -0.990379 -0.000000 -0.138379 -0.990379 -0.000000 -0.138379 -0.990379 -0.000000 -0.138379 -0.990379 -0.000000 -0.308145 -0.951339 -0.000000 -0.308145 -0.951339 -0.000000 -0.308145 -0.951339 -0.000000 -0.308145 -0.951339 -0.000000 -0.501988 -0.864875 -0.000000 -0.501988 -0.864875 -0.000000 -0.501988 -0.864875 -0.000000 -0.501988 -0.864875 -0.000000 -0.721867 -0.692032 -0.000000 -0.721867 -0.692032 -0.000000 -0.721867 -0.692032 -0.000000 -0.721867 -0.692032 -0.000000 -0.809302 -0.587392 -0.000000 -0.809302 -0.587392 -0.000000 -0.809302 -0.587392 -0.000000 -0.809302 -0.587392 -0.000000 -0.798784 -0.601618 -0.000000 -0.798784 -0.601618 -0.000000 -0.798784 -0.601618 -0.000000 -0.798784 -0.601618 -0.000000 -0.787859 -0.615856 -0.000000 -0.787859 -0.615856 -0.000000 -0.787859 -0.615856 -0.000000 -0.787859 -0.615856 -0.000000 -0.776840 -0.629698 -0.000000 -0.776840 -0.629698 -0.000000 -0.776840 -0.629698 -0.000000 -0.776840 -0.629698 -0.000000 -0.855290 -0.518150 -0.000000 -0.855290 -0.518150 -0.000000 -0.855290 -0.518150 -0.000000 -0.855290 -0.518150 -0.000000 -0.965327 -0.261044 -0.000000 -0.965327 -0.261044 -0.000000 -0.965327 -0.261044 -0.000000 -0.965327 -0.261044 -0.000000 -0.998676 -0.051436 -0.000000 -0.998676 -0.051436 -0.000000 -0.998676 -0.051436 -0.000000 -0.998676 -0.051436 -0.000000 -0.992445 0.122686 -0.000000 -0.992445 0.122686 -0.000000 -0.992445 0.122686 -0.000000 -0.992445 0.122686 -0.000000 -0.965369 0.260889 -0.000000 -0.965369 0.260889 -0.000000 -0.965369 0.260889 -0.000000 -0.965369 0.260889 -0.000000 -0.928990 0.370106 -0.000000 -0.928990 0.370106 -0.000000 -0.928990 0.370106 -0.000000 -0.928990 0.370106 -0.000000 -0.889410 0.457111 -0.000000 -0.889410 0.457111 -0.000000 -0.889410 0.457111 -0.000000 -0.889410 0.457111 -0.000000 -0.849647 0.527353 -0.000000 -0.849647 0.527353 -0.000000 -0.849647 0.527353 -0.000000 -0.849647 0.527353 -0.000000 -0.810751 0.585391 -0.000000 -0.810751 0.585391 -0.000000 -0.810751 0.585391 -0.000000 -0.810751 0.585391 -0.000000 -0.773325 0.634010 -0.000000 -0.773325 0.634010 -0.000000 -0.773325 0.634010 -0.000000 -0.773325 0.634010 -0.000000 -0.734919 0.678155 -0.000000 -0.734919 0.678155 -0.000000 -0.734919 0.678155 -0.000000 -0.734919 0.678155 -0.000000 -0.763229 0.646128 -0.000000 -0.763229 0.646128 -0.000000 -0.763229 0.646128 -0.000000 -0.763229 0.646128 -0.000000 -0.800635 0.599153 -0.000000 -0.800635 0.599153 -0.000000 -0.800635 0.599153 -0.000000 -0.800635 0.599153 -0.000000 -0.824959 0.565193 -0.000000 -0.824959 0.565193 -0.000000 -0.824959 0.565193 -0.000000 -0.824959 0.565193 -0.000000 -0.847805 0.530307 -0.000000 -0.847805 0.530307 -0.000000 -0.847805 0.530307 -0.000000 -0.847805 0.530307 -0.000000 -0.869293 0.494298 -0.000000 -0.869293 0.494298 -0.000000 -0.869293 0.494298 -0.000000 -0.869293 0.494298 -0.000000 -0.889210 0.457499 -0.000000 -0.889210 0.457499 -0.000000 -0.889210 0.457499 -0.000000 -0.889210 0.457499 -0.000000 -0.907542 0.419961 -0.000000 -0.907542 0.419961 -0.000000 -0.907542 0.419961 -0.000000 -0.907542 0.419961 -0.000000 -0.924313 0.381635 -0.000000 -0.924313 0.381635 -0.000000 -0.924313 0.381635 -0.000000 -0.924313 0.381635 -0.000000 -0.939480 0.342605 -0.000000 -0.939480 0.342605 -0.000000 -0.939480 0.342605 -0.000000 -0.939480 0.342605 -0.000000 -0.952450 0.304694 -0.000000 -0.952450 0.304694 -0.000000 -0.952450 0.304694 -0.000000 -0.952450 0.304694 -0.000000 -0.687703 -0.725992 -0.000000 -0.687703 -0.725992 -0.000000 -0.700696 -0.713460 -0.000000 -0.700696 -0.713460 -0.000000 -0.713460 -0.700696 -0.000000 -0.713460 -0.700696 -0.000000 -0.725992 -0.687703 -0.000000 -0.725992 -0.687703 -0.000000 0.304693 -0.952451 0.000000 0.304693 -0.952451 0.000000 0.304693 -0.952451 0.000000 0.304693 -0.952451 0.000000 0.342605 -0.939480 0.000000 0.342605 -0.939480 0.000000 0.342605 -0.939480 0.000000 0.342605 -0.939480 0.000000 0.381635 -0.924313 0.000000 0.381635 -0.924313 0.000000 0.381635 -0.924313 0.000000 0.381635 -0.924313 0.000000 0.419961 -0.907542 0.000000 0.419961 -0.907542 0.000000 0.419961 -0.907542 0.000000 0.419961 -0.907542 0.000000 0.457499 -0.889210 0.000000 0.457499 -0.889210 0.000000 0.457499 -0.889210 0.000000 0.457499 -0.889210 0.000000 0.494298 -0.869293 0.000000 0.494298 -0.869293 0.000000 0.494298 -0.869293 0.000000 0.494298 -0.869293 0.000000 0.530307 -0.847805 0.000000 0.530307 -0.847805 0.000000 0.530307 -0.847805 0.000000 0.530307 -0.847805 0.000000 0.565193 -0.824959 0.000000 0.565193 -0.824959 0.000000 0.565193 -0.824959 0.000000 0.565193 -0.824959 0.000000 0.599153 -0.800635 0.000000 0.599153 -0.800635 0.000000 0.599153 -0.800635 0.000000 0.599153 -0.800635 0.000000 0.646128 -0.763229 0.000000 0.646128 -0.763229 0.000000 0.646128 -0.763229 0.000000 0.646128 -0.763229 0.000000 0.678155 -0.734919 0.000000 0.678155 -0.734919 0.000000 0.678155 -0.734919 0.000000 0.678155 -0.734919 0.000000 0.634010 -0.773325 0.000000 0.634010 -0.773325 0.000000 0.634010 -0.773325 0.000000 0.634010 -0.773325 0.000000 0.585391 -0.810751 0.000000 0.585391 -0.810751 0.000000 0.585391 -0.810751 0.000000 0.585391 -0.810751 0.000000 0.527353 -0.849647 0.000000 0.527353 -0.849647 0.000000 0.527353 -0.849647 0.000000 0.527353 -0.849647 0.000000 0.457111 -0.889410 0.000000 0.457111 -0.889410 0.000000 0.457111 -0.889410 0.000000 0.457111 -0.889410 0.000000 0.370106 -0.928990 0.000000 0.370106 -0.928990 0.000000 0.370106 -0.928990 0.000000 0.370106 -0.928990 0.000000 0.260889 -0.965369 0.000000 0.260889 -0.965369 0.000000 0.260889 -0.965369 0.000000 0.260889 -0.965369 0.000000 0.122686 -0.992445 0.000000 0.122686 -0.992445 0.000000 0.122686 -0.992445 0.000000 0.122686 -0.992445 0.000000 -0.051436 -0.998676 -0.000000 -0.051436 -0.998676 -0.000000 -0.051436 -0.998676 -0.000000 -0.051436 -0.998676 -0.000000 -0.261044 -0.965327 -0.000000 -0.261044 -0.965327 -0.000000 -0.261044 -0.965327 -0.000000 -0.261044 -0.965327 -0.000000 -0.518150 -0.855290 -0.000000 -0.518150 -0.855290 -0.000000 -0.518150 -0.855290 -0.000000 -0.518150 -0.855290 -0.000000 -0.629698 -0.776840 -0.000000 -0.629698 -0.776840 -0.000000 -0.629698 -0.776840 -0.000000 -0.629698 -0.776840 -0.000000 -0.615856 -0.787859 -0.000000 -0.615856 -0.787859 -0.000000 -0.615856 -0.787859 -0.000000 -0.615856 -0.787859 -0.000000 -0.601618 -0.798784 -0.000000 -0.601618 -0.798784 -0.000000 -0.601618 -0.798784 -0.000000 -0.601618 -0.798784 -0.000000 -0.587392 -0.809302 -0.000000 -0.587392 -0.809302 -0.000000 -0.587392 -0.809302 -0.000000 -0.587392 -0.809302 -0.000000 -0.692032 -0.721867 -0.000000 -0.692032 -0.721867 -0.000000 -0.692032 -0.721867 -0.000000 -0.692032 -0.721867 -0.000000 -0.864875 -0.501988 -0.000000 -0.864875 -0.501988 -0.000000 -0.864875 -0.501988 -0.000000 -0.864875 -0.501988 -0.000000 -0.951339 -0.308145 -0.000000 -0.951339 -0.308145 -0.000000 -0.951339 -0.308145 -0.000000 -0.951339 -0.308145 -0.000000 -0.990379 -0.138379 -0.000000 -0.990379 -0.138379 -0.000000 -0.990379 -0.138379 -0.000000 -0.990379 -0.138379 -0.000000 -0.999998 0.002140 -0.000000 -0.999998 0.002140 -0.000000 -0.999998 0.002140 -0.000000 -0.999998 0.002140 -0.000000 -0.993125 0.117059 -0.000000 -0.993125 0.117059 -0.000000 -0.993125 0.117059 -0.000000 -0.993125 0.117059 -0.000000 -0.977411 0.211346 -0.000000 -0.977411 0.211346 -0.000000 -0.977411 0.211346 -0.000000 -0.977411 0.211346 -0.000000 -0.957187 0.289471 -0.000000 -0.957187 0.289471 -0.000000 -0.957187 0.289471 -0.000000 -0.957187 0.289471 -0.000000 -0.934634 0.355611 -0.000000 -0.934634 0.355611 -0.000000 -0.934634 0.355611 -0.000000 -0.934634 0.355611 -0.000000 -0.911067 0.412259 -0.000000 -0.911067 0.412259 -0.000000 -0.911067 0.412259 -0.000000 -0.911067 0.412259 -0.000000 -0.885397 0.464836 -0.000000 -0.885397 0.464836 -0.000000 -0.885397 0.464836 -0.000000 -0.885397 0.464836 -0.000000 -0.904454 0.426572 -0.000000 -0.904454 0.426572 -0.000000 -0.904454 0.426572 -0.000000 -0.904454 0.426572 -0.000000 -0.928426 0.371517 -0.000000 -0.928426 0.371517 -0.000000 -0.928426 0.371517 -0.000000 -0.928426 0.371517 -0.000000 -0.943132 0.332417 -0.000000 -0.943132 0.332417 -0.000000 -0.943132 0.332417 -0.000000 -0.943132 0.332417 -0.000000 -0.956169 0.292815 -0.000000 -0.956169 0.292815 -0.000000 -0.956169 0.292815 -0.000000 -0.956169 0.292815 -0.000000 -0.967607 0.252463 -0.000000 -0.967607 0.252463 -0.000000 -0.967607 0.252463 -0.000000 -0.967607 0.252463 -0.000000 -0.977321 0.211763 -0.000000 -0.977321 0.211763 -0.000000 -0.977321 0.211763 -0.000000 -0.977321 0.211763 -0.000000 -0.985312 0.170766 -0.000000 -0.985312 0.170766 -0.000000 -0.985312 0.170766 -0.000000 -0.985312 0.170766 -0.000000 -0.991592 0.129400 -0.000000 -0.991592 0.129400 -0.000000 -0.991592 0.129400 -0.000000 -0.991592 0.129400 -0.000000 -0.996140 0.087778 -0.000000 -0.996140 0.087778 -0.000000 -0.996140 0.087778 -0.000000 -0.996140 0.087778 -0.000000 -0.998857 0.047798 -0.000000 -0.998857 0.047798 -0.000000 -0.998857 0.047798 -0.000000 -0.998857 0.047798 -0.000000 -0.476369 -0.879245 -0.000000 -0.476369 -0.879245 -0.000000 -0.492163 -0.870503 -0.000000 -0.492163 -0.870503 -0.000000 -0.507796 -0.861477 -0.000000 -0.507796 -0.861477 -0.000000 -0.523264 -0.852171 -0.000000 -0.523264 -0.852171 -0.000000 0.540834 -0.841129 0.000000 0.540834 -0.841129 0.000000 0.540834 -0.841129 0.000000 0.540834 -0.841129 0.000000 0.574086 -0.818795 0.000000 0.574086 -0.818795 0.000000 0.574086 -0.818795 0.000000 0.574086 -0.818795 0.000000 0.607861 -0.794043 0.000000 0.607861 -0.794043 0.000000 0.607861 -0.794043 0.000000 0.607861 -0.794043 0.000000 0.640541 -0.767924 0.000000 0.640541 -0.767924 0.000000 0.640541 -0.767924 0.000000 0.640541 -0.767924 0.000000 0.672055 -0.740501 0.000000 0.672055 -0.740501 0.000000 0.672055 -0.740501 0.000000 0.672055 -0.740501 0.000000 0.702444 -0.711739 0.000000 0.702444 -0.711739 0.000000 0.702444 -0.711739 0.000000 0.702444 -0.711739 0.000000 0.731666 -0.681663 0.000000 0.731666 -0.681663 0.000000 0.731666 -0.681663 0.000000 0.731666 -0.681663 0.000000 0.759450 -0.650565 0.000000 0.759450 -0.650565 0.000000 0.759450 -0.650565 0.000000 0.759450 -0.650565 0.000000 0.785956 -0.618282 0.000000 0.785956 -0.618282 0.000000 0.785956 -0.618282 0.000000 0.785956 -0.618282 0.000000 0.821651 -0.569991 0.000000 0.821651 -0.569991 0.000000 0.821651 -0.569991 0.000000 0.821651 -0.569991 0.000000 0.845256 -0.534362 0.000000 0.845256 -0.534362 0.000000 0.845256 -0.534362 0.000000 0.845256 -0.534362 0.000000 0.812560 -0.582877 0.000000 0.812560 -0.582877 0.000000 0.812560 -0.582877 0.000000 0.812560 -0.582877 0.000000 0.775277 -0.631621 0.000000 0.775277 -0.631621 0.000000 0.775277 -0.631621 0.000000 0.775277 -0.631621 0.000000 0.729294 -0.684201 0.000000 0.729294 -0.684201 0.000000 0.729294 -0.684201 0.000000 0.729294 -0.684201 0.000000 0.671739 -0.740787 0.000000 0.671739 -0.740787 0.000000 0.671739 -0.740787 0.000000 0.671739 -0.740787 0.000000 0.597925 -0.801552 0.000000 0.597925 -0.801552 0.000000 0.597925 -0.801552 0.000000 0.597925 -0.801552 0.000000 0.501857 -0.864950 0.000000 0.501857 -0.864950 0.000000 0.501857 -0.864950 0.000000 0.501857 -0.864950 0.000000 0.375349 -0.926884 0.000000 0.375349 -0.926884 0.000000 0.375349 -0.926884 0.000000 0.375349 -0.926884 0.000000 0.208792 -0.977960 0.000000 0.208792 -0.977960 0.000000 0.208792 -0.977960 0.000000 0.208792 -0.977960 0.000000 -0.002304 -0.999997 -0.000000 -0.002304 -0.999997 -0.000000 -0.002304 -0.999997 -0.000000 -0.002304 -0.999997 -0.000000 -0.279118 -0.960257 -0.000000 -0.279118 -0.960257 -0.000000 -0.279118 -0.960257 -0.000000 -0.279118 -0.960257 -0.000000 -0.407178 -0.913349 -0.000000 -0.407178 -0.913349 -0.000000 -0.407178 -0.913349 -0.000000 -0.407178 -0.913349 -0.000000 -0.390963 -0.920406 -0.000000 -0.390963 -0.920406 -0.000000 -0.390963 -0.920406 -0.000000 -0.390963 -0.920406 -0.000000 -0.374376 -0.927277 -0.000000 -0.374376 -0.927277 -0.000000 -0.374376 -0.927277 -0.000000 -0.374376 -0.927277 -0.000000 -0.357913 -0.933755 -0.000000 -0.357913 -0.933755 -0.000000 -0.357913 -0.933755 -0.000000 -0.357913 -0.933755 -0.000000 -0.481621 -0.876380 -0.000000 -0.481621 -0.876380 -0.000000 -0.481621 -0.876380 -0.000000 -0.481621 -0.876380 -0.000000 -0.705491 -0.708719 -0.000000 -0.705491 -0.708719 -0.000000 -0.705491 -0.708719 -0.000000 -0.705491 -0.708719 -0.000000 -0.839157 -0.543890 -0.000000 -0.839157 -0.543890 -0.000000 -0.839157 -0.543890 -0.000000 -0.839157 -0.543890 -0.000000 -0.920826 -0.389974 -0.000000 -0.920826 -0.389974 -0.000000 -0.920826 -0.389974 -0.000000 -0.920826 -0.389974 -0.000000 -0.966478 -0.256749 -0.000000 -0.966478 -0.256749 -0.000000 -0.966478 -0.256749 -0.000000 -0.966478 -0.256749 -0.000000 -0.989580 -0.143985 -0.000000 -0.989580 -0.143985 -0.000000 -0.989580 -0.143985 -0.000000 -0.989580 -0.143985 -0.000000 -0.998807 -0.048830 -0.000000 -0.998807 -0.048830 -0.000000 -0.998807 -0.048830 -0.000000 -0.998807 -0.048830 -0.000000 -0.999492 0.031881 -0.000000 -0.999492 0.031881 -0.000000 -0.999492 0.031881 -0.000000 -0.999492 0.031881 -0.000000 -0.994827 0.101588 -0.000000 -0.994827 0.101588 -0.000000 -0.994827 0.101588 -0.000000 -0.994827 0.101588 -0.000000 -0.986724 0.162407 -0.000000 -0.986724 0.162407 -0.000000 -0.986724 0.162407 -0.000000 -0.986724 0.162407 -0.000000 -0.975536 0.219838 -0.000000 -0.975536 0.219838 -0.000000 -0.975536 0.219838 -0.000000 -0.975536 0.219838 -0.000000 -0.984039 0.177951 -0.000000 -0.984039 0.177951 -0.000000 -0.984039 0.177951 -0.000000 -0.984039 0.177951 -0.000000 -0.992947 0.118562 -0.000000 -0.992947 0.118562 -0.000000 -0.992947 0.118562 -0.000000 -0.992947 0.118562 -0.000000 -0.997032 0.076992 -0.000000 -0.997032 0.076992 -0.000000 -0.997032 0.076992 -0.000000 -0.997032 0.076992 -0.000000 -0.999375 0.035358 -0.000000 -0.999375 0.035358 -0.000000 -0.999375 0.035358 -0.000000 -0.999375 0.035358 -0.000000 -0.999978 -0.006574 -0.000000 -0.999978 -0.006574 -0.000000 -0.999978 -0.006574 -0.000000 -0.999978 -0.006574 -0.000000 -0.998828 -0.048399 -0.000000 -0.998828 -0.048399 -0.000000 -0.998828 -0.048399 -0.000000 -0.998828 -0.048399 -0.000000 -0.995935 -0.090073 -0.000000 -0.995935 -0.090073 -0.000000 -0.995935 -0.090073 -0.000000 -0.995935 -0.090073 -0.000000 -0.991296 -0.131650 -0.000000 -0.991296 -0.131650 -0.000000 -0.991296 -0.131650 -0.000000 -0.991296 -0.131650 -0.000000 -0.984916 -0.173035 -0.000000 -0.984916 -0.173035 -0.000000 -0.984916 -0.173035 -0.000000 -0.984916 -0.173035 -0.000000 -0.977193 -0.212352 -0.000000 -0.977193 -0.212352 -0.000000 -0.977193 -0.212352 -0.000000 -0.977193 -0.212352 -0.000000 -0.232572 -0.972579 -0.000000 -0.232572 -0.972579 -0.000000 -0.250090 -0.968223 -0.000000 -0.250090 -0.968223 -0.000000 -0.267527 -0.963550 -0.000000 -0.267527 -0.963550 -0.000000 -0.284876 -0.958564 -0.000000 -0.284876 -0.958564 -0.000000 0.740115 -0.672480 0.000000 0.740115 -0.672480 0.000000 0.740115 -0.672480 0.000000 0.740115 -0.672480 0.000000 0.766445 -0.642310 0.000000 0.766445 -0.642310 0.000000 0.766445 -0.642310 0.000000 0.766445 -0.642310 0.000000 0.792663 -0.609660 0.000000 0.792663 -0.609660 0.000000 0.792663 -0.609660 0.000000 0.792663 -0.609660 0.000000 0.817469 -0.575972 0.000000 0.817469 -0.575972 0.000000 0.817469 -0.575972 0.000000 0.817469 -0.575972 0.000000 0.840810 -0.541330 0.000000 0.840810 -0.541330 0.000000 0.840810 -0.541330 0.000000 0.840810 -0.541330 0.000000 0.862721 -0.505681 0.000000 0.862721 -0.505681 0.000000 0.862721 -0.505681 0.000000 0.862721 -0.505681 0.000000 0.883163 -0.469067 0.000000 0.883163 -0.469067 0.000000 0.883163 -0.469067 0.000000 0.883163 -0.469067 0.000000 0.901951 -0.431839 0.000000 0.901951 -0.431839 0.000000 0.901951 -0.431839 0.000000 0.901951 -0.431839 0.000000 0.919198 -0.393796 0.000000 0.919198 -0.393796 0.000000 0.919198 -0.393796 0.000000 0.919198 -0.393796 0.000000 0.941178 -0.337911 0.000000 0.941178 -0.337911 0.000000 0.941178 -0.337911 0.000000 0.941178 -0.337911 0.000000 0.954759 -0.297382 0.000000 0.954759 -0.297382 0.000000 0.954759 -0.297382 0.000000 0.954759 -0.297382 0.000000 0.935732 -0.352711 0.000000 0.935732 -0.352711 0.000000 0.935732 -0.352711 0.000000 0.935732 -0.352711 0.000000 0.912341 -0.409432 0.000000 0.912341 -0.409432 0.000000 0.912341 -0.409432 0.000000 0.912341 -0.409432 0.000000 0.881525 -0.472138 0.000000 0.881525 -0.472138 0.000000 0.881525 -0.472138 0.000000 0.881525 -0.472138 0.000000 0.840576 -0.541694 0.000000 0.840576 -0.541694 0.000000 0.840576 -0.541694 0.000000 0.840576 -0.541694 0.000000 0.785008 -0.619485 0.000000 0.785008 -0.619485 0.000000 0.785008 -0.619485 0.000000 0.785008 -0.619485 0.000000 0.708621 -0.705589 0.000000 0.708621 -0.705589 0.000000 0.708621 -0.705589 0.000000 0.708621 -0.705589 0.000000 0.602463 -0.798147 0.000000 0.602463 -0.798147 0.000000 0.602463 -0.798147 0.000000 0.602463 -0.798147 0.000000 0.454803 -0.890592 0.000000 0.454803 -0.890592 0.000000 0.454803 -0.890592 0.000000 0.454803 -0.890592 0.000000 0.256594 -0.966519 0.000000 0.256594 -0.966519 0.000000 0.256594 -0.966519 0.000000 0.256594 -0.966519 0.000000 -0.021096 -0.999777 -0.000000 -0.021096 -0.999777 -0.000000 -0.021096 -0.999777 -0.000000 -0.021096 -0.999777 -0.000000 -0.156914 -0.987612 -0.000000 -0.156914 -0.987612 -0.000000 -0.156914 -0.987612 -0.000000 -0.156914 -0.987612 -0.000000 -0.139418 -0.990234 -0.000000 -0.139418 -0.990234 -0.000000 -0.139418 -0.990234 -0.000000 -0.139418 -0.990234 -0.000000 -0.121621 -0.992577 -0.000000 -0.121621 -0.992577 -0.000000 -0.121621 -0.992577 -0.000000 -0.121621 -0.992577 -0.000000 -0.104050 -0.994572 -0.000000 -0.104050 -0.994572 -0.000000 -0.104050 -0.994572 -0.000000 -0.104050 -0.994572 -0.000000 -0.238375 -0.971173 -0.000000 -0.238375 -0.971173 -0.000000 -0.238375 -0.971173 -0.000000 -0.238375 -0.971173 -0.000000 -0.498002 -0.867176 -0.000000 -0.498002 -0.867176 -0.000000 -0.498002 -0.867176 -0.000000 -0.498002 -0.867176 -0.000000 -0.669807 -0.742535 -0.000000 -0.669807 -0.742535 -0.000000 -0.669807 -0.742535 -0.000000 -0.669807 -0.742535 -0.000000 -0.788511 -0.615020 -0.000000 -0.788511 -0.615020 -0.000000 -0.788511 -0.615020 -0.000000 -0.788511 -0.615020 -0.000000 -0.867094 -0.498145 -0.000000 -0.867094 -0.498145 -0.000000 -0.867094 -0.498145 -0.000000 -0.867094 -0.498145 -0.000000 -0.918593 -0.395206 -0.000000 -0.918593 -0.395206 -0.000000 -0.918593 -0.395206 -0.000000 -0.918593 -0.395206 -0.000000 -0.952136 -0.305673 -0.000000 -0.952136 -0.305673 -0.000000 -0.952136 -0.305673 -0.000000 -0.952136 -0.305673 -0.000000 -0.973686 -0.227892 -0.000000 -0.973686 -0.227892 -0.000000 -0.973686 -0.227892 -0.000000 -0.973686 -0.227892 -0.000000 -0.987222 -0.159352 -0.000000 -0.987222 -0.159352 -0.000000 -0.987222 -0.159352 -0.000000 -0.987222 -0.159352 -0.000000 -0.995136 -0.098509 -0.000000 -0.995136 -0.098509 -0.000000 -0.995136 -0.098509 -0.000000 -0.995136 -0.098509 -0.000000 -0.999194 -0.040141 -0.000000 -0.999194 -0.040141 -0.000000 -0.999194 -0.040141 -0.000000 -0.999194 -0.040141 -0.000000 -0.996566 -0.082803 -0.000000 -0.996566 -0.082803 -0.000000 -0.996566 -0.082803 -0.000000 -0.996566 -0.082803 -0.000000 -0.989799 -0.142469 -0.000000 -0.989799 -0.142469 -0.000000 -0.989799 -0.142469 -0.000000 -0.989799 -0.142469 -0.000000 -0.982985 -0.183683 -0.000000 -0.982985 -0.183683 -0.000000 -0.982985 -0.183683 -0.000000 -0.982985 -0.183683 -0.000000 -0.974473 -0.224504 -0.000000 -0.974473 -0.224504 -0.000000 -0.974473 -0.224504 -0.000000 -0.974473 -0.224504 -0.000000 -0.964204 -0.265162 -0.000000 -0.964204 -0.265162 -0.000000 -0.964204 -0.265162 -0.000000 -0.964204 -0.265162 -0.000000 -0.952267 -0.305266 -0.000000 -0.952267 -0.305266 -0.000000 -0.952267 -0.305266 -0.000000 -0.952267 -0.305266 -0.000000 -0.938687 -0.344771 -0.000000 -0.938687 -0.344771 -0.000000 -0.938687 -0.344771 -0.000000 -0.938687 -0.344771 -0.000000 -0.923445 -0.383731 -0.000000 -0.923445 -0.383731 -0.000000 -0.923445 -0.383731 -0.000000 -0.923445 -0.383731 -0.000000 -0.906571 -0.422054 -0.000000 -0.906571 -0.422054 -0.000000 -0.906571 -0.422054 -0.000000 -0.906571 -0.422054 -0.000000 -0.888936 -0.458032 -0.000000 -0.888936 -0.458032 -0.000000 -0.888936 -0.458032 -0.000000 -0.888936 -0.458032 -0.000000 0.027075 -0.999633 0.000000 0.027075 -0.999633 0.000000 0.009026 -0.999959 0.000000 0.009026 -0.999959 0.000000 -0.009026 -0.999959 -0.000000 -0.009026 -0.999959 -0.000000 -0.027075 -0.999633 -0.000000 -0.027075 -0.999633 -0.000000 0.888935 -0.458033 0.000000 0.888935 -0.458033 0.000000 0.888935 -0.458033 0.000000 0.888935 -0.458033 0.000000 0.906571 -0.422054 0.000000 0.906571 -0.422054 0.000000 0.906571 -0.422054 0.000000 0.906571 -0.422054 0.000000 0.923445 -0.383731 0.000000 0.923445 -0.383731 0.000000 0.923445 -0.383731 0.000000 0.923445 -0.383731 0.000000 0.938687 -0.344771 0.000000 0.938687 -0.344771 0.000000 0.938687 -0.344771 0.000000 0.938687 -0.344771 0.000000 0.952267 -0.305266 0.000000 0.952267 -0.305266 0.000000 0.952267 -0.305266 0.000000 0.952267 -0.305266 0.000000 0.964204 -0.265162 0.000000 0.964204 -0.265162 0.000000 0.964204 -0.265162 0.000000 0.964204 -0.265162 0.000000 0.974473 -0.224504 0.000000 0.974473 -0.224504 0.000000 0.974473 -0.224504 0.000000 0.974473 -0.224504 0.000000 0.982985 -0.183683 0.000000 0.982985 -0.183683 0.000000 0.982985 -0.183683 0.000000 0.982985 -0.183683 0.000000 0.989799 -0.142469 0.000000 0.989799 -0.142469 0.000000 0.989799 -0.142469 0.000000 0.989799 -0.142469 0.000000 0.996566 -0.082803 0.000000 0.996566 -0.082803 0.000000 0.996566 -0.082803 0.000000 0.996566 -0.082803 0.000000 0.999194 -0.040141 0.000000 0.999194 -0.040141 0.000000 0.999194 -0.040141 0.000000 0.999194 -0.040141 0.000000 0.995136 -0.098509 0.000000 0.995136 -0.098509 0.000000 0.995136 -0.098509 0.000000 0.995136 -0.098509 0.000000 0.987222 -0.159352 0.000000 0.987222 -0.159352 0.000000 0.987222 -0.159352 0.000000 0.987222 -0.159352 0.000000 0.973686 -0.227892 0.000000 0.973686 -0.227892 0.000000 0.973686 -0.227892 0.000000 0.973686 -0.227892 0.000000 0.952136 -0.305673 0.000000 0.952136 -0.305673 0.000000 0.952136 -0.305673 0.000000 0.952136 -0.305673 0.000000 0.918593 -0.395206 0.000000 0.918593 -0.395206 0.000000 0.918593 -0.395206 0.000000 0.918593 -0.395206 0.000000 0.867094 -0.498145 0.000000 0.867094 -0.498145 0.000000 0.867094 -0.498145 0.000000 0.867094 -0.498145 0.000000 0.788511 -0.615020 0.000000 0.788511 -0.615020 0.000000 0.788511 -0.615020 0.000000 0.788511 -0.615020 0.000000 0.669807 -0.742535 0.000000 0.669807 -0.742535 0.000000 0.669807 -0.742535 0.000000 0.669807 -0.742535 0.000000 0.498002 -0.867176 0.000000 0.498002 -0.867176 0.000000 0.498002 -0.867176 0.000000 0.498002 -0.867176 0.000000 0.238375 -0.971173 0.000000 0.238375 -0.971173 0.000000 0.238375 -0.971173 0.000000 0.238375 -0.971173 0.000000 0.104050 -0.994572 0.000000 0.104050 -0.994572 0.000000 0.104050 -0.994572 0.000000 0.104050 -0.994572 0.000000 0.121621 -0.992577 0.000000 0.121621 -0.992577 0.000000 0.121621 -0.992577 0.000000 0.121621 -0.992577 0.000000 0.139418 -0.990234 0.000000 0.139418 -0.990234 0.000000 0.139418 -0.990234 0.000000 0.139418 -0.990234 0.000000 0.156914 -0.987612 0.000000 0.156914 -0.987612 0.000000 0.156914 -0.987612 0.000000 0.156914 -0.987612 0.000000 0.021096 -0.999777 0.000000 0.021096 -0.999777 0.000000 0.021096 -0.999777 0.000000 0.021096 -0.999777 0.000000 -0.256594 -0.966519 -0.000000 -0.256594 -0.966519 -0.000000 -0.256594 -0.966519 -0.000000 -0.256594 -0.966519 -0.000000 -0.454803 -0.890592 -0.000000 -0.454803 -0.890592 -0.000000 -0.454803 -0.890592 -0.000000 -0.454803 -0.890592 -0.000000 -0.602463 -0.798147 -0.000000 -0.602463 -0.798147 -0.000000 -0.602463 -0.798147 -0.000000 -0.602463 -0.798147 -0.000000 -0.708621 -0.705589 -0.000000 -0.708621 -0.705589 -0.000000 -0.708621 -0.705589 -0.000000 -0.708621 -0.705589 -0.000000 -0.785008 -0.619485 -0.000000 -0.785008 -0.619485 -0.000000 -0.785008 -0.619485 -0.000000 -0.785008 -0.619485 -0.000000 -0.840576 -0.541694 -0.000000 -0.840576 -0.541694 -0.000000 -0.840576 -0.541694 -0.000000 -0.840576 -0.541694 -0.000000 -0.881525 -0.472138 -0.000000 -0.881525 -0.472138 -0.000000 -0.881525 -0.472138 -0.000000 -0.881525 -0.472138 -0.000000 -0.912341 -0.409432 -0.000000 -0.912341 -0.409432 -0.000000 -0.912341 -0.409432 -0.000000 -0.912341 -0.409432 -0.000000 -0.935732 -0.352711 -0.000000 -0.935732 -0.352711 -0.000000 -0.935732 -0.352711 -0.000000 -0.935732 -0.352711 -0.000000 -0.954759 -0.297382 -0.000000 -0.954759 -0.297382 -0.000000 -0.954759 -0.297382 -0.000000 -0.954759 -0.297382 -0.000000 -0.941178 -0.337911 -0.000000 -0.941178 -0.337911 -0.000000 -0.941178 -0.337911 -0.000000 -0.941178 -0.337911 -0.000000 -0.919198 -0.393796 -0.000000 -0.919198 -0.393796 -0.000000 -0.919198 -0.393796 -0.000000 -0.919198 -0.393796 -0.000000 -0.901951 -0.431839 -0.000000 -0.901951 -0.431839 -0.000000 -0.901951 -0.431839 -0.000000 -0.901951 -0.431839 -0.000000 -0.883163 -0.469067 -0.000000 -0.883163 -0.469067 -0.000000 -0.883163 -0.469067 -0.000000 -0.883163 -0.469067 -0.000000 -0.862721 -0.505681 -0.000000 -0.862721 -0.505681 -0.000000 -0.862721 -0.505681 -0.000000 -0.862721 -0.505681 -0.000000 -0.840810 -0.541330 -0.000000 -0.840810 -0.541330 -0.000000 -0.840810 -0.541330 -0.000000 -0.840810 -0.541330 -0.000000 -0.817469 -0.575972 -0.000000 -0.817469 -0.575972 -0.000000 -0.817469 -0.575972 -0.000000 -0.817469 -0.575972 -0.000000 -0.792663 -0.609660 -0.000000 -0.792663 -0.609660 -0.000000 -0.792663 -0.609660 -0.000000 -0.792663 -0.609660 -0.000000 -0.766445 -0.642310 -0.000000 -0.766445 -0.642310 -0.000000 -0.766445 -0.642310 -0.000000 -0.766445 -0.642310 -0.000000 -0.740097 -0.672500 -0.000000 -0.740097 -0.672500 -0.000000 -0.740097 -0.672500 -0.000000 -0.740097 -0.672500 -0.000000 0.284876 -0.958564 0.000000 0.284876 -0.958564 0.000000 0.267526 -0.963551 0.000000 0.267526 -0.963551 0.000000 0.250090 -0.968223 0.000000 0.250090 -0.968223 0.000000 0.232572 -0.972579 0.000000 0.232572 -0.972579 0.000000 0.977187 -0.212381 0.000000 0.977187 -0.212381 0.000000 0.977187 -0.212381 0.000000 0.977187 -0.212381 0.000000 0.984916 -0.173035 0.000000 0.984916 -0.173035 0.000000 0.984916 -0.173035 0.000000 0.984916 -0.173035 0.000000 0.991296 -0.131650 0.000000 0.991296 -0.131650 0.000000 0.991296 -0.131650 0.000000 0.991296 -0.131650 0.000000 0.995935 -0.090073 0.000000 0.995935 -0.090073 0.000000 0.995935 -0.090073 0.000000 0.995935 -0.090073 0.000000 0.998828 -0.048399 0.000000 0.998828 -0.048399 0.000000 0.998828 -0.048399 0.000000 0.998828 -0.048399 0.000000 0.999978 -0.006574 0.000000 0.999978 -0.006574 0.000000 0.999978 -0.006574 0.000000 0.999978 -0.006574 0.000000 0.999375 0.035358 0.000000 0.999375 0.035358 0.000000 0.999375 0.035358 0.000000 0.999375 0.035358 0.000000 0.997032 0.076992 0.000000 0.997032 0.076992 0.000000 0.997032 0.076992 0.000000 0.997032 0.076992 0.000000 0.992947 0.118562 0.000000 0.992947 0.118562 0.000000 0.992947 0.118562 0.000000 0.992947 0.118562 0.000000 0.984039 0.177951 0.000000 0.984039 0.177951 0.000000 0.984039 0.177951 0.000000 0.984039 0.177951 0.000000 0.975536 0.219838 0.000000 0.975536 0.219838 0.000000 0.975536 0.219838 0.000000 0.975536 0.219838 0.000000 0.986724 0.162407 0.000000 0.986724 0.162407 0.000000 0.986724 0.162407 0.000000 0.986724 0.162407 0.000000 0.994827 0.101588 0.000000 0.994827 0.101588 0.000000 0.994827 0.101588 0.000000 0.994827 0.101588 0.000000 0.999492 0.031881 0.000000 0.999492 0.031881 0.000000 0.999492 0.031881 0.000000 0.999492 0.031881 0.000000 0.998807 -0.048830 0.000000 0.998807 -0.048830 0.000000 0.998807 -0.048830 0.000000 0.998807 -0.048830 0.000000 0.989580 -0.143985 0.000000 0.989580 -0.143985 0.000000 0.989580 -0.143985 0.000000 0.989580 -0.143985 0.000000 0.966478 -0.256749 0.000000 0.966478 -0.256749 0.000000 0.966478 -0.256749 0.000000 0.966478 -0.256749 0.000000 0.920826 -0.389974 0.000000 0.920826 -0.389974 0.000000 0.920826 -0.389974 0.000000 0.920826 -0.389974 0.000000 0.839157 -0.543890 0.000000 0.839157 -0.543890 0.000000 0.839157 -0.543890 0.000000 0.839157 -0.543890 0.000000 0.705491 -0.708719 0.000000 0.705491 -0.708719 0.000000 0.705491 -0.708719 0.000000 0.705491 -0.708719 0.000000 0.481621 -0.876380 0.000000 0.481621 -0.876380 0.000000 0.481621 -0.876380 0.000000 0.481621 -0.876380 0.000000 0.357913 -0.933755 0.000000 0.357913 -0.933755 0.000000 0.357913 -0.933755 0.000000 0.357913 -0.933755 0.000000 0.374376 -0.927277 0.000000 0.374376 -0.927277 0.000000 0.374376 -0.927277 0.000000 0.374376 -0.927277 0.000000 0.390963 -0.920406 0.000000 0.390963 -0.920406 0.000000 0.390963 -0.920406 0.000000 0.390963 -0.920406 0.000000 0.407178 -0.913349 0.000000 0.407178 -0.913349 0.000000 0.407178 -0.913349 0.000000 0.407178 -0.913349 0.000000 0.279118 -0.960257 0.000000 0.279118 -0.960257 0.000000 0.279118 -0.960257 0.000000 0.279118 -0.960257 0.000000 0.002304 -0.999997 0.000000 0.002304 -0.999997 0.000000 0.002304 -0.999997 0.000000 0.002304 -0.999997 0.000000 -0.208792 -0.977960 -0.000000 -0.208792 -0.977960 -0.000000 -0.208792 -0.977960 -0.000000 -0.208792 -0.977960 -0.000000 -0.375349 -0.926884 -0.000000 -0.375349 -0.926884 -0.000000 -0.375349 -0.926884 -0.000000 -0.375349 -0.926884 -0.000000 -0.501857 -0.864950 -0.000000 -0.501857 -0.864950 -0.000000 -0.501857 -0.864950 -0.000000 -0.501857 -0.864950 -0.000000 -0.597925 -0.801552 -0.000000 -0.597925 -0.801552 -0.000000 -0.597925 -0.801552 -0.000000 -0.597925 -0.801552 -0.000000 -0.671739 -0.740787 -0.000000 -0.671739 -0.740787 -0.000000 -0.671739 -0.740787 -0.000000 -0.671739 -0.740787 -0.000000 -0.729294 -0.684201 -0.000000 -0.729294 -0.684201 -0.000000 -0.729294 -0.684201 -0.000000 -0.729294 -0.684201 -0.000000 -0.775277 -0.631621 -0.000000 -0.775277 -0.631621 -0.000000 -0.775277 -0.631621 -0.000000 -0.775277 -0.631621 -0.000000 -0.812560 -0.582877 -0.000000 -0.812560 -0.582877 -0.000000 -0.812560 -0.582877 -0.000000 -0.812560 -0.582877 -0.000000 -0.845256 -0.534362 -0.000000 -0.845256 -0.534362 -0.000000 -0.845256 -0.534362 -0.000000 -0.845256 -0.534362 -0.000000 -0.821651 -0.569991 -0.000000 -0.821651 -0.569991 -0.000000 -0.821651 -0.569991 -0.000000 -0.821651 -0.569991 -0.000000 -0.785956 -0.618282 -0.000000 -0.785956 -0.618282 -0.000000 -0.785956 -0.618282 -0.000000 -0.785956 -0.618282 -0.000000 -0.759450 -0.650565 -0.000000 -0.759450 -0.650565 -0.000000 -0.759450 -0.650565 -0.000000 -0.759450 -0.650565 -0.000000 -0.731666 -0.681663 -0.000000 -0.731666 -0.681663 -0.000000 -0.731666 -0.681663 -0.000000 -0.731666 -0.681663 -0.000000 -0.702444 -0.711739 -0.000000 -0.702444 -0.711739 -0.000000 -0.702444 -0.711739 -0.000000 -0.702444 -0.711739 -0.000000 -0.672055 -0.740501 -0.000000 -0.672055 -0.740501 -0.000000 -0.672055 -0.740501 -0.000000 -0.672055 -0.740501 -0.000000 -0.640541 -0.767924 -0.000000 -0.640541 -0.767924 -0.000000 -0.640541 -0.767924 -0.000000 -0.640541 -0.767924 -0.000000 -0.607861 -0.794043 -0.000000 -0.607861 -0.794043 -0.000000 -0.607861 -0.794043 -0.000000 -0.607861 -0.794043 -0.000000 -0.574086 -0.818795 -0.000000 -0.574086 -0.818795 -0.000000 -0.574086 -0.818795 -0.000000 -0.574086 -0.818795 -0.000000 -0.540824 -0.841136 -0.000000 -0.540824 -0.841136 -0.000000 -0.540824 -0.841136 -0.000000 -0.540824 -0.841136 -0.000000 0.523264 -0.852171 0.000000 0.523264 -0.852171 0.000000 0.507796 -0.861477 0.000000 0.507796 -0.861477 0.000000 0.492163 -0.870503 0.000000 0.492163 -0.870503 0.000000 0.476369 -0.879245 0.000000 0.476369 -0.879245 0.000000 0.998858 0.047783 0.000000 0.998858 0.047783 0.000000 0.998858 0.047783 0.000000 0.998858 0.047783 0.000000 0.996140 0.087778 0.000000 0.996140 0.087778 0.000000 0.996140 0.087778 0.000000 0.996140 0.087778 0.000000 0.991592 0.129400 0.000000 0.991592 0.129400 0.000000 0.991592 0.129400 0.000000 0.991592 0.129400 0.000000 0.985312 0.170766 0.000000 0.985312 0.170766 0.000000 0.985312 0.170766 0.000000 0.985312 0.170766 0.000000 0.977321 0.211763 0.000000 0.977321 0.211763 0.000000 0.977321 0.211763 0.000000 0.977321 0.211763 0.000000 0.967607 0.252463 0.000000 0.967607 0.252463 0.000000 0.967607 0.252463 0.000000 0.967607 0.252463 0.000000 0.956169 0.292815 0.000000 0.956169 0.292815 0.000000 0.956169 0.292815 0.000000 0.956169 0.292815 0.000000 0.943132 0.332417 0.000000 0.943132 0.332417 0.000000 0.943132 0.332417 0.000000 0.943132 0.332417 0.000000 0.928426 0.371517 0.000000 0.928426 0.371517 0.000000 0.928426 0.371517 0.000000 0.928426 0.371517 0.000000 0.904454 0.426572 0.000000 0.904454 0.426572 0.000000 0.904454 0.426572 0.000000 0.904454 0.426572 0.000000 0.885397 0.464836 0.000000 0.885397 0.464836 0.000000 0.885397 0.464836 0.000000 0.885397 0.464836 0.000000 0.911067 0.412259 0.000000 0.911067 0.412259 0.000000 0.911067 0.412259 0.000000 0.911067 0.412259 0.000000 0.934634 0.355611 0.000000 0.934634 0.355611 0.000000 0.934634 0.355611 0.000000 0.934634 0.355611 0.000000 0.957187 0.289471 0.000000 0.957187 0.289471 0.000000 0.957187 0.289471 0.000000 0.957187 0.289471 0.000000 0.977411 0.211346 0.000000 0.977411 0.211346 0.000000 0.977411 0.211346 0.000000 0.977411 0.211346 0.000000 0.993125 0.117059 0.000000 0.993125 0.117059 0.000000 0.993125 0.117059 0.000000 0.993125 0.117059 0.000000 0.999998 0.002140 0.000000 0.999998 0.002140 0.000000 0.999998 0.002140 0.000000 0.999998 0.002140 0.000000 0.990379 -0.138379 0.000000 0.990379 -0.138379 0.000000 0.990379 -0.138379 0.000000 0.990379 -0.138379 0.000000 0.951339 -0.308145 0.000000 0.951339 -0.308145 0.000000 0.951339 -0.308145 0.000000 0.951339 -0.308145 0.000000 0.864875 -0.501988 0.000000 0.864875 -0.501988 0.000000 0.864875 -0.501988 0.000000 0.864875 -0.501988 0.000000 0.692032 -0.721867 0.000000 0.692032 -0.721867 0.000000 0.692032 -0.721867 0.000000 0.692032 -0.721867 0.000000 0.587392 -0.809302 0.000000 0.587392 -0.809302 0.000000 0.587392 -0.809302 0.000000 0.587392 -0.809302 0.000000 0.601618 -0.798784 0.000000 0.601618 -0.798784 0.000000 0.601618 -0.798784 0.000000 0.601618 -0.798784 0.000000 0.615856 -0.787859 0.000000 0.615856 -0.787859 0.000000 0.615856 -0.787859 0.000000 0.615856 -0.787859 0.000000 0.629698 -0.776840 0.000000 0.629698 -0.776840 0.000000 0.629698 -0.776840 0.000000 0.629698 -0.776840 0.000000 0.518150 -0.855290 0.000000 0.518150 -0.855290 0.000000 0.518150 -0.855290 0.000000 0.518150 -0.855290 0.000000 0.261044 -0.965327 0.000000 0.261044 -0.965327 0.000000 0.261044 -0.965327 0.000000 0.261044 -0.965327 0.000000 0.051436 -0.998676 0.000000 0.051436 -0.998676 0.000000 0.051436 -0.998676 0.000000 0.051436 -0.998676 0.000000 -0.122686 -0.992445 -0.000000 -0.122686 -0.992445 -0.000000 -0.122686 -0.992445 -0.000000 -0.122686 -0.992445 -0.000000 -0.260889 -0.965369 -0.000000 -0.260889 -0.965369 -0.000000 -0.260889 -0.965369 -0.000000 -0.260889 -0.965369 -0.000000 -0.370106 -0.928990 -0.000000 -0.370106 -0.928990 -0.000000 -0.370106 -0.928990 -0.000000 -0.370106 -0.928990 -0.000000 -0.457111 -0.889410 -0.000000 -0.457111 -0.889410 -0.000000 -0.457111 -0.889410 -0.000000 -0.457111 -0.889410 -0.000000 -0.527353 -0.849647 -0.000000 -0.527353 -0.849647 -0.000000 -0.527353 -0.849647 -0.000000 -0.527353 -0.849647 -0.000000 -0.585391 -0.810751 -0.000000 -0.585391 -0.810751 -0.000000 -0.585391 -0.810751 -0.000000 -0.585391 -0.810751 -0.000000 -0.634010 -0.773325 -0.000000 -0.634010 -0.773325 -0.000000 -0.634010 -0.773325 -0.000000 -0.634010 -0.773325 -0.000000 -0.678155 -0.734919 -0.000000 -0.678155 -0.734919 -0.000000 -0.678155 -0.734919 -0.000000 -0.678155 -0.734919 -0.000000 -0.646128 -0.763229 -0.000000 -0.646128 -0.763229 -0.000000 -0.646128 -0.763229 -0.000000 -0.646128 -0.763229 -0.000000 -0.599153 -0.800635 -0.000000 -0.599153 -0.800635 -0.000000 -0.599153 -0.800635 -0.000000 -0.599153 -0.800635 -0.000000 -0.565193 -0.824959 -0.000000 -0.565193 -0.824959 -0.000000 -0.565193 -0.824959 -0.000000 -0.565193 -0.824959 -0.000000 -0.530307 -0.847805 -0.000000 -0.530307 -0.847805 -0.000000 -0.530307 -0.847805 -0.000000 -0.530307 -0.847805 -0.000000 -0.494298 -0.869293 -0.000000 -0.494298 -0.869293 -0.000000 -0.494298 -0.869293 -0.000000 -0.494298 -0.869293 -0.000000 -0.457499 -0.889210 -0.000000 -0.457499 -0.889210 -0.000000 -0.457499 -0.889210 -0.000000 -0.457499 -0.889210 -0.000000 -0.419961 -0.907542 -0.000000 -0.419961 -0.907542 -0.000000 -0.419961 -0.907542 -0.000000 -0.419961 -0.907542 -0.000000 -0.381635 -0.924313 -0.000000 -0.381635 -0.924313 -0.000000 -0.381635 -0.924313 -0.000000 -0.381635 -0.924313 -0.000000 -0.342605 -0.939480 -0.000000 -0.342605 -0.939480 -0.000000 -0.342605 -0.939480 -0.000000 -0.342605 -0.939480 -0.000000 -0.304694 -0.952450 -0.000000 -0.304694 -0.952450 -0.000000 -0.304694 -0.952450 -0.000000 -0.304694 -0.952450 -0.000000 0.725992 -0.687703 0.000000 0.725992 -0.687703 0.000000 0.713460 -0.700696 0.000000 0.713460 -0.700696 0.000000 0.700696 -0.713460 0.000000 0.700696 -0.713460 0.000000 0.687703 -0.725992 0.000000 0.687703 -0.725992 0.000000 0.952451 0.304693 0.000000 0.952451 0.304693 0.000000 0.952451 0.304693 0.000000 0.952451 0.304693 0.000000 0.939480 0.342605 0.000000 0.939480 0.342605 0.000000 0.939480 0.342605 0.000000 0.939480 0.342605 0.000000 0.924313 0.381635 0.000000 0.924313 0.381635 0.000000 0.924313 0.381635 0.000000 0.924313 0.381635 0.000000 0.907542 0.419961 0.000000 0.907542 0.419961 0.000000 0.907542 0.419961 0.000000 0.907542 0.419961 0.000000 0.889210 0.457499 0.000000 0.889210 0.457499 0.000000 0.889210 0.457499 0.000000 0.889210 0.457499 0.000000 0.869293 0.494298 0.000000 0.869293 0.494298 0.000000 0.869293 0.494298 0.000000 0.869293 0.494298 0.000000 0.847805 0.530307 0.000000 0.847805 0.530307 0.000000 0.847805 0.530307 0.000000 0.847805 0.530307 0.000000 0.824959 0.565193 0.000000 0.824959 0.565193 0.000000 0.824959 0.565193 0.000000 0.824959 0.565193 0.000000 0.800635 0.599153 0.000000 0.800635 0.599153 0.000000 0.800635 0.599153 0.000000 0.800635 0.599153 0.000000 0.763229 0.646128 0.000000 0.763229 0.646128 0.000000 0.763229 0.646128 0.000000 0.763229 0.646128 0.000000 0.734919 0.678155 0.000000 0.734919 0.678155 0.000000 0.734919 0.678155 0.000000 0.734919 0.678155 0.000000 0.773325 0.634010 0.000000 0.773325 0.634010 0.000000 0.773325 0.634010 0.000000 0.773325 0.634010 0.000000 0.810751 0.585391 0.000000 0.810751 0.585391 0.000000 0.810751 0.585391 0.000000 0.810751 0.585391 0.000000 0.849647 0.527353 0.000000 0.849647 0.527353 0.000000 0.849647 0.527353 0.000000 0.849647 0.527353 0.000000 0.889410 0.457111 0.000000 0.889410 0.457111 0.000000 0.889410 0.457111 0.000000 0.889410 0.457111 0.000000 0.928990 0.370106 0.000000 0.928990 0.370106 0.000000 0.928990 0.370106 0.000000 0.928990 0.370106 0.000000 0.965369 0.260889 0.000000 0.965369 0.260889 0.000000 0.965369 0.260889 0.000000 0.965369 0.260889 0.000000 0.992445 0.122686 0.000000 0.992445 0.122686 0.000000 0.992445 0.122686 0.000000 0.992445 0.122686 0.000000 0.998676 -0.051436 0.000000 0.998676 -0.051436 0.000000 0.998676 -0.051436 0.000000 0.998676 -0.051436 0.000000 0.965327 -0.261044 0.000000 0.965327 -0.261044 0.000000 0.965327 -0.261044 0.000000 0.965327 -0.261044 0.000000 0.855290 -0.518150 0.000000 0.855290 -0.518150 0.000000 0.855290 -0.518150 0.000000 0.855290 -0.518150 0.000000 0.776840 -0.629698 0.000000 0.776840 -0.629698 0.000000 0.776840 -0.629698 0.000000 0.776840 -0.629698 0.000000 0.787859 -0.615856 0.000000 0.787859 -0.615856 0.000000 0.787859 -0.615856 0.000000 0.787859 -0.615856 0.000000 0.798784 -0.601618 0.000000 0.798784 -0.601618 0.000000 0.798784 -0.601618 0.000000 0.798784 -0.601618 0.000000 0.809302 -0.587392 0.000000 0.809302 -0.587392 0.000000 0.809302 -0.587392 0.000000 0.809302 -0.587392 0.000000 0.721867 -0.692032 0.000000 0.721867 -0.692032 0.000000 0.721867 -0.692032 0.000000 0.721867 -0.692032 0.000000 0.501988 -0.864875 0.000000 0.501988 -0.864875 0.000000 0.501988 -0.864875 0.000000 0.501988 -0.864875 0.000000 0.308145 -0.951339 0.000000 0.308145 -0.951339 0.000000 0.308145 -0.951339 0.000000 0.308145 -0.951339 0.000000 0.138379 -0.990379 0.000000 0.138379 -0.990379 0.000000 0.138379 -0.990379 0.000000 0.138379 -0.990379 0.000000 -0.002140 -0.999998 -0.000000 -0.002140 -0.999998 -0.000000 -0.002140 -0.999998 -0.000000 -0.002140 -0.999998 -0.000000 -0.117059 -0.993125 -0.000000 -0.117059 -0.993125 -0.000000 -0.117059 -0.993125 -0.000000 -0.117059 -0.993125 -0.000000 -0.211346 -0.977411 -0.000000 -0.211346 -0.977411 -0.000000 -0.211346 -0.977411 -0.000000 -0.211346 -0.977411 -0.000000 -0.289471 -0.957187 -0.000000 -0.289471 -0.957187 -0.000000 -0.289471 -0.957187 -0.000000 -0.289471 -0.957187 -0.000000 -0.355611 -0.934634 -0.000000 -0.355611 -0.934634 -0.000000 -0.355611 -0.934634 -0.000000 -0.355611 -0.934634 -0.000000 -0.412259 -0.911067 -0.000000 -0.412259 -0.911067 -0.000000 -0.412259 -0.911067 -0.000000 -0.412259 -0.911067 -0.000000 -0.464836 -0.885397 -0.000000 -0.464836 -0.885397 -0.000000 -0.464836 -0.885397 -0.000000 -0.464836 -0.885397 -0.000000 -0.426572 -0.904454 -0.000000 -0.426572 -0.904454 -0.000000 -0.426572 -0.904454 -0.000000 -0.426572 -0.904454 -0.000000 -0.371517 -0.928426 -0.000000 -0.371517 -0.928426 -0.000000 -0.371517 -0.928426 -0.000000 -0.371517 -0.928426 -0.000000 -0.332417 -0.943132 -0.000000 -0.332417 -0.943132 -0.000000 -0.332417 -0.943132 -0.000000 -0.332417 -0.943132 -0.000000 -0.292815 -0.956169 -0.000000 -0.292815 -0.956169 -0.000000 -0.292815 -0.956169 -0.000000 -0.292815 -0.956169 -0.000000 -0.252463 -0.967607 -0.000000 -0.252463 -0.967607 -0.000000 -0.252463 -0.967607 -0.000000 -0.252463 -0.967607 -0.000000 -0.211763 -0.977321 -0.000000 -0.211763 -0.977321 -0.000000 -0.211763 -0.977321 -0.000000 -0.211763 -0.977321 -0.000000 -0.170766 -0.985312 -0.000000 -0.170766 -0.985312 -0.000000 -0.170766 -0.985312 -0.000000 -0.170766 -0.985312 -0.000000 -0.129400 -0.991592 -0.000000 -0.129400 -0.991592 -0.000000 -0.129400 -0.991592 -0.000000 -0.129400 -0.991592 -0.000000 -0.087778 -0.996140 -0.000000 -0.087778 -0.996140 -0.000000 -0.087778 -0.996140 -0.000000 -0.087778 -0.996140 -0.000000 -0.047798 -0.998857 -0.000000 -0.047798 -0.998857 -0.000000 -0.047798 -0.998857 -0.000000 -0.047798 -0.998857 -0.000000 0.879245 -0.476369 0.000000 0.879245 -0.476369 0.000000 0.870503 -0.492163 0.000000 0.870503 -0.492163 0.000000 0.861477 -0.507796 0.000000 0.861477 -0.507796 0.000000 0.852171 -0.523264 0.000000 0.852171 -0.523264 0.000000 0.841129 0.540834 0.000000 0.841129 0.540834 0.000000 0.841129 0.540834 0.000000 0.841129 0.540834 0.000000 0.818795 0.574086 0.000000 0.818795 0.574086 0.000000 0.818795 0.574086 0.000000 0.818795 0.574086 0.000000 0.794043 0.607861 0.000000 0.794043 0.607861 0.000000 0.794043 0.607861 0.000000 0.794043 0.607861 0.000000 0.767924 0.640541 0.000000 0.767924 0.640541 0.000000 0.767924 0.640541 0.000000 0.767924 0.640541 0.000000 0.740501 0.672055 0.000000 0.740501 0.672055 0.000000 0.740501 0.672055 0.000000 0.740501 0.672055 0.000000 0.711739 0.702444 0.000000 0.711739 0.702444 0.000000 0.711739 0.702444 0.000000 0.711739 0.702444 0.000000 0.681663 0.731666 0.000000 0.681663 0.731666 0.000000 0.681663 0.731666 0.000000 0.681663 0.731666 0.000000 0.650565 0.759450 0.000000 0.650565 0.759450 0.000000 0.650565 0.759450 0.000000 0.650565 0.759450 0.000000 0.618282 0.785956 0.000000 0.618282 0.785956 0.000000 0.618282 0.785956 0.000000 0.618282 0.785956 0.000000 0.569991 0.821651 0.000000 0.569991 0.821651 0.000000 0.569991 0.821651 0.000000 0.569991 0.821651 0.000000 0.534362 0.845256 0.000000 0.534362 0.845256 0.000000 0.534362 0.845256 0.000000 0.534362 0.845256 0.000000 0.582877 0.812560 0.000000 0.582877 0.812560 0.000000 0.582877 0.812560 0.000000 0.582877 0.812560 0.000000 0.631621 0.775277 0.000000 0.631621 0.775277 0.000000 0.631621 0.775277 0.000000 0.631621 0.775277 0.000000 0.684201 0.729294 0.000000 0.684201 0.729294 0.000000 0.684201 0.729294 0.000000 0.684201 0.729294 0.000000 0.740787 0.671739 0.000000 0.740787 0.671739 0.000000 0.740787 0.671739 0.000000 0.740787 0.671739 0.000000 0.801552 0.597925 0.000000 0.801552 0.597925 0.000000 0.801552 0.597925 0.000000 0.801552 0.597925 0.000000 0.864950 0.501857 0.000000 0.864950 0.501857 0.000000 0.864950 0.501857 0.000000 0.864950 0.501857 0.000000 0.926884 0.375349 0.000000 0.926884 0.375349 0.000000 0.926884 0.375349 0.000000 0.926884 0.375349 0.000000 0.977960 0.208792 0.000000 0.977960 0.208792 0.000000 0.977960 0.208792 0.000000 0.977960 0.208792 0.000000 0.999997 -0.002304 0.000000 0.999997 -0.002304 0.000000 0.999997 -0.002304 0.000000 0.999997 -0.002304 0.000000 0.960257 -0.279118 0.000000 0.960257 -0.279118 0.000000 0.960257 -0.279118 0.000000 0.960257 -0.279118 0.000000 0.913349 -0.407178 0.000000 0.913349 -0.407178 0.000000 0.913349 -0.407178 0.000000 0.913349 -0.407178 0.000000 0.920406 -0.390963 0.000000 0.920406 -0.390963 0.000000 0.920406 -0.390963 0.000000 0.920406 -0.390963 0.000000 0.927277 -0.374376 0.000000 0.927277 -0.374376 0.000000 0.927277 -0.374376 0.000000 0.927277 -0.374376 0.000000 0.933755 -0.357913 0.000000 0.933755 -0.357913 0.000000 0.933755 -0.357913 0.000000 0.933755 -0.357913 0.000000 0.876380 -0.481621 0.000000 0.876380 -0.481621 0.000000 0.876380 -0.481621 0.000000 0.876380 -0.481621 0.000000 0.708719 -0.705491 0.000000 0.708719 -0.705491 0.000000 0.708719 -0.705491 0.000000 0.708719 -0.705491 0.000000 0.543890 -0.839157 0.000000 0.543890 -0.839157 0.000000 0.543890 -0.839157 0.000000 0.543890 -0.839157 0.000000 0.389974 -0.920826 0.000000 0.389974 -0.920826 0.000000 0.389974 -0.920826 0.000000 0.389974 -0.920826 0.000000 0.256749 -0.966478 0.000000 0.256749 -0.966478 0.000000 0.256749 -0.966478 0.000000 0.256749 -0.966478 0.000000 0.143985 -0.989580 0.000000 0.143985 -0.989580 0.000000 0.143985 -0.989580 0.000000 0.143985 -0.989580 0.000000 0.048830 -0.998807 0.000000 0.048830 -0.998807 0.000000 0.048830 -0.998807 0.000000 0.048830 -0.998807 0.000000 -0.031881 -0.999492 -0.000000 -0.031881 -0.999492 -0.000000 -0.031881 -0.999492 -0.000000 -0.031881 -0.999492 -0.000000 -0.101588 -0.994827 -0.000000 -0.101588 -0.994827 -0.000000 -0.101588 -0.994827 -0.000000 -0.101588 -0.994827 -0.000000 -0.162407 -0.986724 -0.000000 -0.162407 -0.986724 -0.000000 -0.162407 -0.986724 -0.000000 -0.162407 -0.986724 -0.000000 -0.219838 -0.975536 -0.000000 -0.219838 -0.975536 -0.000000 -0.219838 -0.975536 -0.000000 -0.219838 -0.975536 -0.000000 -0.177951 -0.984039 -0.000000 -0.177951 -0.984039 -0.000000 -0.177951 -0.984039 -0.000000 -0.177951 -0.984039 -0.000000 -0.118562 -0.992947 -0.000000 -0.118562 -0.992947 -0.000000 -0.118562 -0.992947 -0.000000 -0.118562 -0.992947 -0.000000 -0.076992 -0.997032 -0.000000 -0.076992 -0.997032 -0.000000 -0.076992 -0.997032 -0.000000 -0.076992 -0.997032 -0.000000 -0.035358 -0.999375 -0.000000 -0.035358 -0.999375 -0.000000 -0.035358 -0.999375 -0.000000 -0.035358 -0.999375 -0.000000 0.006574 -0.999978 0.000000 0.006574 -0.999978 0.000000 0.006574 -0.999978 0.000000 0.006574 -0.999978 0.000000 0.048399 -0.998828 0.000000 0.048399 -0.998828 0.000000 0.048399 -0.998828 0.000000 0.048399 -0.998828 0.000000 0.090073 -0.995935 0.000000 0.090073 -0.995935 0.000000 0.090073 -0.995935 0.000000 0.090073 -0.995935 0.000000 0.131650 -0.991296 0.000000 0.131650 -0.991296 0.000000 0.131650 -0.991296 0.000000 0.131650 -0.991296 0.000000 0.173035 -0.984916 0.000000 0.173035 -0.984916 0.000000 0.173035 -0.984916 0.000000 0.173035 -0.984916 0.000000 0.212352 -0.977193 0.000000 0.212352 -0.977193 0.000000 0.212352 -0.977193 0.000000 0.212352 -0.977193 0.000000 0.972579 -0.232572 0.000000 0.972579 -0.232572 0.000000 0.968223 -0.250090 0.000000 0.968223 -0.250090 0.000000 0.963550 -0.267527 0.000000 0.963550 -0.267527 0.000000 0.958564 -0.284876 0.000000 0.958564 -0.284876 0.000000 0.672480 0.740115 0.000000 0.672480 0.740115 0.000000 0.672480 0.740115 0.000000 0.672480 0.740115 0.000000 0.642310 0.766445 0.000000 0.642310 0.766445 0.000000 0.642310 0.766445 0.000000 0.642310 0.766445 0.000000 0.609660 0.792663 0.000000 0.609660 0.792663 0.000000 0.609660 0.792663 0.000000 0.609660 0.792663 0.000000 0.575972 0.817469 0.000000 0.575972 0.817469 0.000000 0.575972 0.817469 0.000000 0.575972 0.817469 0.000000 0.541330 0.840810 0.000000 0.541330 0.840810 0.000000 0.541330 0.840810 0.000000 0.541330 0.840810 0.000000 0.505681 0.862721 0.000000 0.505681 0.862721 0.000000 0.505681 0.862721 0.000000 0.505681 0.862721 0.000000 0.469067 0.883163 0.000000 0.469067 0.883163 0.000000 0.469067 0.883163 0.000000 0.469067 0.883163 0.000000 0.431839 0.901951 0.000000 0.431839 0.901951 0.000000 0.431839 0.901951 0.000000 0.431839 0.901951 0.000000 0.393796 0.919198 0.000000 0.393796 0.919198 0.000000 0.393796 0.919198 0.000000 0.393796 0.919198 0.000000 0.337911 0.941178 0.000000 0.337911 0.941178 0.000000 0.337911 0.941178 0.000000 0.337911 0.941178 0.000000 0.297382 0.954759 0.000000 0.297382 0.954759 0.000000 0.297382 0.954759 0.000000 0.297382 0.954759 0.000000 0.352711 0.935732 0.000000 0.352711 0.935732 0.000000 0.352711 0.935732 0.000000 0.352711 0.935732 0.000000 0.409432 0.912341 0.000000 0.409432 0.912341 0.000000 0.409432 0.912341 0.000000 0.409432 0.912341 0.000000 0.472138 0.881525 0.000000 0.472138 0.881525 0.000000 0.472138 0.881525 0.000000 0.472138 0.881525 0.000000 0.541694 0.840576 0.000000 0.541694 0.840576 0.000000 0.541694 0.840576 0.000000 0.541694 0.840576 0.000000 0.619485 0.785008 0.000000 0.619485 0.785008 0.000000 0.619485 0.785008 0.000000 0.619485 0.785008 0.000000 0.705589 0.708621 0.000000 0.705589 0.708621 0.000000 0.705589 0.708621 0.000000 0.705589 0.708621 0.000000 0.798147 0.602463 0.000000 0.798147 0.602463 0.000000 0.798147 0.602463 0.000000 0.798147 0.602463 0.000000 0.890592 0.454803 0.000000 0.890592 0.454803 0.000000 0.890592 0.454803 0.000000 0.890592 0.454803 0.000000 0.966519 0.256594 0.000000 0.966519 0.256594 0.000000 0.966519 0.256594 0.000000 0.966519 0.256594 0.000000 0.999777 -0.021096 0.000000 0.999777 -0.021096 0.000000 0.999777 -0.021096 0.000000 0.999777 -0.021096 0.000000 0.987612 -0.156914 0.000000 0.987612 -0.156914 0.000000 0.987612 -0.156914 0.000000 0.987612 -0.156914 0.000000 0.990234 -0.139418 0.000000 0.990234 -0.139418 0.000000 0.990234 -0.139418 0.000000 0.990234 -0.139418 0.000000 0.992577 -0.121621 0.000000 0.992577 -0.121621 0.000000 0.992577 -0.121621 0.000000 0.992577 -0.121621 0.000000 0.994572 -0.104050 0.000000 0.994572 -0.104050 0.000000 0.994572 -0.104050 0.000000 0.994572 -0.104050 0.000000 0.971173 -0.238375 0.000000 0.971173 -0.238375 0.000000 0.971173 -0.238375 0.000000 0.971173 -0.238375 0.000000 0.867176 -0.498002 0.000000 0.867176 -0.498002 0.000000 0.867176 -0.498002 0.000000 0.867176 -0.498002 0.000000 0.742535 -0.669807 0.000000 0.742535 -0.669807 0.000000 0.742535 -0.669807 0.000000 0.742535 -0.669807 0.000000 0.615020 -0.788511 0.000000 0.615020 -0.788511 0.000000 0.615020 -0.788511 0.000000 0.615020 -0.788511 0.000000 0.498145 -0.867094 0.000000 0.498145 -0.867094 0.000000 0.498145 -0.867094 0.000000 0.498145 -0.867094 0.000000 0.395206 -0.918593 0.000000 0.395206 -0.918593 0.000000 0.395206 -0.918593 0.000000 0.395206 -0.918593 0.000000 0.305673 -0.952136 0.000000 0.305673 -0.952136 0.000000 0.305673 -0.952136 0.000000 0.305673 -0.952136 0.000000 0.227892 -0.973686 0.000000 0.227892 -0.973686 0.000000 0.227892 -0.973686 0.000000 0.227892 -0.973686 0.000000 0.159352 -0.987222 0.000000 0.159352 -0.987222 0.000000 0.159352 -0.987222 0.000000 0.159352 -0.987222 0.000000 0.098509 -0.995136 0.000000 0.098509 -0.995136 0.000000 0.098509 -0.995136 0.000000 0.098509 -0.995136 0.000000 0.040141 -0.999194 0.000000 0.040141 -0.999194 0.000000 0.040141 -0.999194 0.000000 0.040141 -0.999194 0.000000 0.082803 -0.996566 0.000000 0.082803 -0.996566 0.000000 0.082803 -0.996566 0.000000 0.082803 -0.996566 0.000000 0.142469 -0.989799 0.000000 0.142469 -0.989799 0.000000 0.142469 -0.989799 0.000000 0.142469 -0.989799 0.000000 0.183683 -0.982985 0.000000 0.183683 -0.982985 0.000000 0.183683 -0.982985 0.000000 0.183683 -0.982985 0.000000 0.224504 -0.974473 0.000000 0.224504 -0.974473 0.000000 0.224504 -0.974473 0.000000 0.224504 -0.974473 0.000000 0.265162 -0.964204 0.000000 0.265162 -0.964204 0.000000 0.265162 -0.964204 0.000000 0.265162 -0.964204 0.000000 0.305266 -0.952267 0.000000 0.305266 -0.952267 0.000000 0.305266 -0.952267 0.000000 0.305266 -0.952267 0.000000 0.344771 -0.938687 0.000000 0.344771 -0.938687 0.000000 0.344771 -0.938687 0.000000 0.344771 -0.938687 0.000000 0.383731 -0.923445 0.000000 0.383731 -0.923445 0.000000 0.383731 -0.923445 0.000000 0.383731 -0.923445 0.000000 0.422054 -0.906571 0.000000 0.422054 -0.906571 0.000000 0.422054 -0.906571 0.000000 0.422054 -0.906571 0.000000 0.458032 -0.888936 0.000000 0.458032 -0.888936 0.000000 0.458032 -0.888936 0.000000 0.458032 -0.888936 0.000000 0.999633 0.027075 0.000000 0.999633 0.027075 0.000000 0.999959 0.009026 0.000000 0.999959 0.009026 0.000000 0.999959 -0.009026 0.000000 0.999959 -0.009026 0.000000 0.999633 -0.027075 0.000000 0.999633 -0.027075 0.000000 0.458033 0.888935 0.000000 0.458033 0.888935 0.000000 0.458033 0.888935 0.000000 0.458033 0.888935 0.000000 0.422054 0.906571 0.000000 0.422054 0.906571 0.000000 0.422054 0.906571 0.000000 0.422054 0.906571 0.000000 0.383731 0.923445 0.000000 0.383731 0.923445 0.000000 0.383731 0.923445 0.000000 0.383731 0.923445 0.000000 0.344771 0.938687 0.000000 0.344771 0.938687 0.000000 0.344771 0.938687 0.000000 0.344771 0.938687 0.000000 0.305266 0.952267 0.000000 0.305266 0.952267 0.000000 0.305266 0.952267 0.000000 0.305266 0.952267 0.000000 0.265162 0.964204 0.000000 0.265162 0.964204 0.000000 0.265162 0.964204 0.000000 0.265162 0.964204 0.000000 0.224504 0.974473 0.000000 0.224504 0.974473 0.000000 0.224504 0.974473 0.000000 0.224504 0.974473 0.000000 0.183683 0.982985 0.000000 0.183683 0.982985 0.000000 0.183683 0.982985 0.000000 0.183683 0.982985 0.000000 0.142469 0.989799 0.000000 0.142469 0.989799 0.000000 0.142469 0.989799 0.000000 0.142469 0.989799 0.000000 0.082803 0.996566 0.000000 0.082803 0.996566 0.000000 0.082803 0.996566 0.000000 0.082803 0.996566 0.000000 0.040141 0.999194 0.000000 0.040141 0.999194 0.000000 0.040141 0.999194 0.000000 0.040141 0.999194 0.000000 0.098509 0.995136 0.000000 0.098509 0.995136 0.000000 0.098509 0.995136 0.000000 0.098509 0.995136 0.000000 0.159352 0.987222 0.000000 0.159352 0.987222 0.000000 0.159352 0.987222 0.000000 0.159352 0.987222 0.000000 0.227892 0.973686 0.000000 0.227892 0.973686 0.000000 0.227892 0.973686 0.000000 0.227892 0.973686 0.000000 0.305673 0.952136 0.000000 0.305673 0.952136 0.000000 0.305673 0.952136 0.000000 0.305673 0.952136 0.000000 0.395206 0.918593 0.000000 0.395206 0.918593 0.000000 0.395206 0.918593 0.000000 0.395206 0.918593 0.000000 0.498145 0.867094 0.000000 0.498145 0.867094 0.000000 0.498145 0.867094 0.000000 0.498145 0.867094 0.000000 0.615020 0.788511 0.000000 0.615020 0.788511 0.000000 0.615020 0.788511 0.000000 0.615020 0.788511 0.000000 0.742535 0.669807 0.000000 0.742535 0.669807 0.000000 0.742535 0.669807 0.000000 0.742535 0.669807 0.000000 0.867176 0.498002 0.000000 0.867176 0.498002 0.000000 0.867176 0.498002 0.000000 0.867176 0.498002 0.000000 0.971173 0.238375 0.000000 0.971173 0.238375 0.000000 0.971173 0.238375 0.000000 0.971173 0.238375 0.000000 0.994572 0.104050 0.000000 0.994572 0.104050 0.000000 0.994572 0.104050 0.000000 0.994572 0.104050 0.000000 0.992577 0.121621 0.000000 0.992577 0.121621 0.000000 0.992577 0.121621 0.000000 0.992577 0.121621 0.000000 0.990234 0.139418 0.000000 0.990234 0.139418 0.000000 0.990234 0.139418 0.000000 0.990234 0.139418 0.000000 0.987612 0.156914 0.000000 0.987612 0.156914 0.000000 0.987612 0.156914 0.000000 0.987612 0.156914 0.000000 0.999777 0.021096 0.000000 0.999777 0.021096 0.000000 0.999777 0.021096 0.000000 0.999777 0.021096 0.000000 0.966519 -0.256594 0.000000 0.966519 -0.256594 0.000000 0.966519 -0.256594 0.000000 0.966519 -0.256594 0.000000 0.890592 -0.454803 0.000000 0.890592 -0.454803 0.000000 0.890592 -0.454803 0.000000 0.890592 -0.454803 0.000000 0.798147 -0.602463 0.000000 0.798147 -0.602463 0.000000 0.798147 -0.602463 0.000000 0.798147 -0.602463 0.000000 0.705589 -0.708621 0.000000 0.705589 -0.708621 0.000000 0.705589 -0.708621 0.000000 0.705589 -0.708621 0.000000 0.619485 -0.785008 0.000000 0.619485 -0.785008 0.000000 0.619485 -0.785008 0.000000 0.619485 -0.785008 0.000000 0.541694 -0.840576 0.000000 0.541694 -0.840576 0.000000 0.541694 -0.840576 0.000000 0.541694 -0.840576 0.000000 0.472138 -0.881525 0.000000 0.472138 -0.881525 0.000000 0.472138 -0.881525 0.000000 0.472138 -0.881525 0.000000 0.409432 -0.912341 0.000000 0.409432 -0.912341 0.000000 0.409432 -0.912341 0.000000 0.409432 -0.912341 0.000000 0.352711 -0.935732 0.000000 0.352711 -0.935732 0.000000 0.352711 -0.935732 0.000000 0.352711 -0.935732 0.000000 0.297382 -0.954759 0.000000 0.297382 -0.954759 0.000000 0.297382 -0.954759 0.000000 0.297382 -0.954759 0.000000 0.337911 -0.941178 0.000000 0.337911 -0.941178 0.000000 0.337911 -0.941178 0.000000 0.337911 -0.941178 0.000000 0.393796 -0.919198 0.000000 0.393796 -0.919198 0.000000 0.393796 -0.919198 0.000000 0.393796 -0.919198 0.000000 0.431839 -0.901951 0.000000 0.431839 -0.901951 0.000000 0.431839 -0.901951 0.000000 0.431839 -0.901951 0.000000 0.469067 -0.883163 0.000000 0.469067 -0.883163 0.000000 0.469067 -0.883163 0.000000 0.469067 -0.883163 0.000000 0.505681 -0.862721 0.000000 0.505681 -0.862721 0.000000 0.505681 -0.862721 0.000000 0.505681 -0.862721 0.000000 0.541330 -0.840810 0.000000 0.541330 -0.840810 0.000000 0.541330 -0.840810 0.000000 0.541330 -0.840810 0.000000 0.575972 -0.817469 0.000000 0.575972 -0.817469 0.000000 0.575972 -0.817469 0.000000 0.575972 -0.817469 0.000000 0.609660 -0.792663 0.000000 0.609660 -0.792663 0.000000 0.609660 -0.792663 0.000000 0.609660 -0.792663 0.000000 0.642310 -0.766445 0.000000 0.642310 -0.766445 0.000000 0.642310 -0.766445 0.000000 0.642310 -0.766445 0.000000 0.672500 -0.740097 0.000000 0.672500 -0.740097 0.000000 0.672500 -0.740097 0.000000 0.672500 -0.740097 0.000000 0.958564 0.284876 0.000000 0.958564 0.284876 0.000000 0.963551 0.267526 0.000000 0.963551 0.267526 0.000000 0.968223 0.250090 0.000000 0.968223 0.250090 0.000000 0.972579 0.232572 0.000000 0.972579 0.232572 0.000000 0.212381 0.977187 0.000000 0.212381 0.977187 0.000000 0.212381 0.977187 0.000000 0.212381 0.977187 0.000000 0.173035 0.984916 0.000000 0.173035 0.984916 0.000000 0.173035 0.984916 0.000000 0.173035 0.984916 0.000000 0.131650 0.991296 0.000000 0.131650 0.991296 0.000000 0.131650 0.991296 0.000000 0.131650 0.991296 0.000000 0.090073 0.995935 0.000000 0.090073 0.995935 0.000000 0.090073 0.995935 0.000000 0.090073 0.995935 0.000000 0.048399 0.998828 0.000000 0.048399 0.998828 0.000000 0.048399 0.998828 0.000000 0.048399 0.998828 0.000000 0.006574 0.999978 0.000000 0.006574 0.999978 0.000000 0.006574 0.999978 0.000000 0.006574 0.999978 0.000000 -0.035358 0.999375 -0.000000 -0.035358 0.999375 -0.000000 -0.035358 0.999375 -0.000000 -0.035358 0.999375 -0.000000 -0.076992 0.997032 -0.000000 -0.076992 0.997032 -0.000000 -0.076992 0.997032 -0.000000 -0.076992 0.997032 -0.000000 -0.118562 0.992947 -0.000000 -0.118562 0.992947 -0.000000 -0.118562 0.992947 -0.000000 -0.118562 0.992947 -0.000000 -0.177951 0.984039 -0.000000 -0.177951 0.984039 -0.000000 -0.177951 0.984039 -0.000000 -0.177951 0.984039 -0.000000 -0.219838 0.975536 -0.000000 -0.219838 0.975536 -0.000000 -0.219838 0.975536 -0.000000 -0.219838 0.975536 -0.000000 -0.162407 0.986724 -0.000000 -0.162407 0.986724 -0.000000 -0.162407 0.986724 -0.000000 -0.162407 0.986724 -0.000000 -0.101588 0.994827 -0.000000 -0.101588 0.994827 -0.000000 -0.101588 0.994827 -0.000000 -0.101588 0.994827 -0.000000 -0.031881 0.999492 -0.000000 -0.031881 0.999492 -0.000000 -0.031881 0.999492 -0.000000 -0.031881 0.999492 -0.000000 0.048830 0.998807 0.000000 0.048830 0.998807 0.000000 0.048830 0.998807 0.000000 0.048830 0.998807 0.000000 0.143985 0.989580 0.000000 0.143985 0.989580 0.000000 0.143985 0.989580 0.000000 0.143985 0.989580 0.000000 0.256749 0.966478 0.000000 0.256749 0.966478 0.000000 0.256749 0.966478 0.000000 0.256749 0.966478 0.000000 0.389974 0.920826 0.000000 0.389974 0.920826 0.000000 0.389974 0.920826 0.000000 0.389974 0.920826 0.000000 0.543890 0.839157 0.000000 0.543890 0.839157 0.000000 0.543890 0.839157 0.000000 0.543890 0.839157 0.000000 0.708719 0.705491 0.000000 0.708719 0.705491 0.000000 0.708719 0.705491 0.000000 0.708719 0.705491 0.000000 0.876380 0.481621 0.000000 0.876380 0.481621 0.000000 0.876380 0.481621 0.000000 0.876380 0.481621 0.000000 0.933755 0.357913 0.000000 0.933755 0.357913 0.000000 0.933755 0.357913 0.000000 0.933755 0.357913 0.000000 0.927277 0.374376 0.000000 0.927277 0.374376 0.000000 0.927277 0.374376 0.000000 0.927277 0.374376 0.000000 0.920406 0.390963 0.000000 0.920406 0.390963 0.000000 0.920406 0.390963 0.000000 0.920406 0.390963 0.000000 0.913349 0.407178 0.000000 0.913349 0.407178 0.000000 0.913349 0.407178 0.000000 0.913349 0.407178 0.000000 0.960257 0.279118 0.000000 0.960257 0.279118 0.000000 0.960257 0.279118 0.000000 0.960257 0.279118 0.000000 0.999997 0.002304 0.000000 0.999997 0.002304 0.000000 0.999997 0.002304 0.000000 0.999997 0.002304 0.000000 0.977960 -0.208792 0.000000 0.977960 -0.208792 0.000000 0.977960 -0.208792 0.000000 0.977960 -0.208792 0.000000 0.926884 -0.375349 0.000000 0.926884 -0.375349 0.000000 0.926884 -0.375349 0.000000 0.926884 -0.375349 0.000000 0.864950 -0.501857 0.000000 0.864950 -0.501857 0.000000 0.864950 -0.501857 0.000000 0.864950 -0.501857 0.000000 0.801552 -0.597925 0.000000 0.801552 -0.597925 0.000000 0.801552 -0.597925 0.000000 0.801552 -0.597925 0.000000 0.740787 -0.671739 0.000000 0.740787 -0.671739 0.000000 0.740787 -0.671739 0.000000 0.740787 -0.671739 0.000000 0.684201 -0.729294 0.000000 0.684201 -0.729294 0.000000 0.684201 -0.729294 0.000000 0.684201 -0.729294 0.000000 0.631621 -0.775277 0.000000 0.631621 -0.775277 0.000000 0.631621 -0.775277 0.000000 0.631621 -0.775277 0.000000 0.582877 -0.812560 0.000000 0.582877 -0.812560 0.000000 0.582877 -0.812560 0.000000 0.582877 -0.812560 0.000000 0.534362 -0.845256 0.000000 0.534362 -0.845256 0.000000 0.534362 -0.845256 0.000000 0.534362 -0.845256 0.000000 0.569991 -0.821651 0.000000 0.569991 -0.821651 0.000000 0.569991 -0.821651 0.000000 0.569991 -0.821651 0.000000 0.618282 -0.785956 0.000000 0.618282 -0.785956 0.000000 0.618282 -0.785956 0.000000 0.618282 -0.785956 0.000000 0.650565 -0.759450 0.000000 0.650565 -0.759450 0.000000 0.650565 -0.759450 0.000000 0.650565 -0.759450 0.000000 0.681663 -0.731666 0.000000 0.681663 -0.731666 0.000000 0.681663 -0.731666 0.000000 0.681663 -0.731666 0.000000 0.711739 -0.702444 0.000000 0.711739 -0.702444 0.000000 0.711739 -0.702444 0.000000 0.711739 -0.702444 0.000000 0.740501 -0.672055 0.000000 0.740501 -0.672055 0.000000 0.740501 -0.672055 0.000000 0.740501 -0.672055 0.000000 0.767924 -0.640541 0.000000 0.767924 -0.640541 0.000000 0.767924 -0.640541 0.000000 0.767924 -0.640541 0.000000 0.794043 -0.607861 0.000000 0.794043 -0.607861 0.000000 0.794043 -0.607861 0.000000 0.794043 -0.607861 0.000000 0.818795 -0.574086 0.000000 0.818795 -0.574086 0.000000 0.818795 -0.574086 0.000000 0.818795 -0.574086 0.000000 0.841136 -0.540824 0.000000 0.841136 -0.540824 0.000000 0.841136 -0.540824 0.000000 0.841136 -0.540824 0.000000 0.852171 0.523264 0.000000 0.852171 0.523264 0.000000 0.861477 0.507796 0.000000 0.861477 0.507796 0.000000 0.870503 0.492163 0.000000 0.870503 0.492163 0.000000 0.879245 0.476369 0.000000 0.879245 0.476369 0.000000 -0.047783 0.998858 -0.000000 -0.047783 0.998858 -0.000000 -0.047783 0.998858 -0.000000 -0.047783 0.998858 -0.000000 -0.087778 0.996140 -0.000000 -0.087778 0.996140 -0.000000 -0.087778 0.996140 -0.000000 -0.087778 0.996140 -0.000000 -0.129400 0.991592 -0.000000 -0.129400 0.991592 -0.000000 -0.129400 0.991592 -0.000000 -0.129400 0.991592 -0.000000 -0.170766 0.985312 -0.000000 -0.170766 0.985312 -0.000000 -0.170766 0.985312 -0.000000 -0.170766 0.985312 -0.000000 -0.211763 0.977321 -0.000000 -0.211763 0.977321 -0.000000 -0.211763 0.977321 -0.000000 -0.211763 0.977321 -0.000000 -0.252463 0.967607 -0.000000 -0.252463 0.967607 -0.000000 -0.252463 0.967607 -0.000000 -0.252463 0.967607 -0.000000 -0.292815 0.956169 -0.000000 -0.292815 0.956169 -0.000000 -0.292815 0.956169 -0.000000 -0.292815 0.956169 -0.000000 -0.332417 0.943132 -0.000000 -0.332417 0.943132 -0.000000 -0.332417 0.943132 -0.000000 -0.332417 0.943132 -0.000000 -0.371517 0.928426 -0.000000 -0.371517 0.928426 -0.000000 -0.371517 0.928426 -0.000000 -0.371517 0.928426 -0.000000 -0.426572 0.904454 -0.000000 -0.426572 0.904454 -0.000000 -0.426572 0.904454 -0.000000 -0.426572 0.904454 -0.000000 -0.464836 0.885397 -0.000000 -0.464836 0.885397 -0.000000 -0.464836 0.885397 -0.000000 -0.464836 0.885397 -0.000000 -0.412259 0.911067 -0.000000 -0.412259 0.911067 -0.000000 -0.412259 0.911067 -0.000000 -0.412259 0.911067 -0.000000 -0.355611 0.934634 -0.000000 -0.355611 0.934634 -0.000000 -0.355611 0.934634 -0.000000 -0.355611 0.934634 -0.000000 -0.289471 0.957187 -0.000000 -0.289471 0.957187 -0.000000 -0.289471 0.957187 -0.000000 -0.289471 0.957187 -0.000000 -0.211346 0.977411 -0.000000 -0.211346 0.977411 -0.000000 -0.211346 0.977411 -0.000000 -0.211346 0.977411 -0.000000 -0.117059 0.993125 -0.000000 -0.117059 0.993125 -0.000000 -0.117059 0.993125 -0.000000 -0.117059 0.993125 -0.000000 -0.002140 0.999998 -0.000000 -0.002140 0.999998 -0.000000 -0.002140 0.999998 -0.000000 -0.002140 0.999998 -0.000000 0.138379 0.990379 0.000000 0.138379 0.990379 0.000000 0.138379 0.990379 0.000000 0.138379 0.990379 0.000000 0.308145 0.951339 0.000000 0.308145 0.951339 0.000000 0.308145 0.951339 0.000000 0.308145 0.951339 0.000000 0.501988 0.864875 0.000000 0.501988 0.864875 0.000000 0.501988 0.864875 0.000000 0.501988 0.864875 0.000000 0.721867 0.692032 0.000000 0.721867 0.692032 0.000000 0.721867 0.692032 0.000000 0.721867 0.692032 0.000000 0.809302 0.587392 0.000000 0.809302 0.587392 0.000000 0.809302 0.587392 0.000000 0.809302 0.587392 0.000000 0.798784 0.601618 0.000000 0.798784 0.601618 0.000000 0.798784 0.601618 0.000000 0.798784 0.601618 0.000000 0.787859 0.615856 0.000000 0.787859 0.615856 0.000000 0.787859 0.615856 0.000000 0.787859 0.615856 0.000000 0.776840 0.629698 0.000000 0.776840 0.629698 0.000000 0.776840 0.629698 0.000000 0.776840 0.629698 0.000000 0.855290 0.518150 0.000000 0.855290 0.518150 0.000000 0.855290 0.518150 0.000000 0.855290 0.518150 0.000000 0.965327 0.261044 0.000000 0.965327 0.261044 0.000000 0.965327 0.261044 0.000000 0.965327 0.261044 0.000000 0.998676 0.051436 0.000000 0.998676 0.051436 0.000000 0.998676 0.051436 0.000000 0.998676 0.051436 0.000000 0.992445 -0.122686 0.000000 0.992445 -0.122686 0.000000 0.992445 -0.122686 0.000000 0.992445 -0.122686 0.000000 0.965369 -0.260889 0.000000 0.965369 -0.260889 0.000000 0.965369 -0.260889 0.000000 0.965369 -0.260889 0.000000 0.928990 -0.370106 0.000000 0.928990 -0.370106 0.000000 0.928990 -0.370106 0.000000 0.928990 -0.370106 0.000000 0.889410 -0.457111 0.000000 0.889410 -0.457111 0.000000 0.889410 -0.457111 0.000000 0.889410 -0.457111 0.000000 0.849647 -0.527353 0.000000 0.849647 -0.527353 0.000000 0.849647 -0.527353 0.000000 0.849647 -0.527353 0.000000 0.810751 -0.585391 0.000000 0.810751 -0.585391 0.000000 0.810751 -0.585391 0.000000 0.810751 -0.585391 0.000000 0.773325 -0.634010 0.000000 0.773325 -0.634010 0.000000 0.773325 -0.634010 0.000000 0.773325 -0.634010 0.000000 0.734919 -0.678155 0.000000 0.734919 -0.678155 0.000000 0.734919 -0.678155 0.000000 0.734919 -0.678155 0.000000 0.763229 -0.646128 0.000000 0.763229 -0.646128 0.000000 0.763229 -0.646128 0.000000 0.763229 -0.646128 0.000000 0.800635 -0.599153 0.000000 0.800635 -0.599153 0.000000 0.800635 -0.599153 0.000000 0.800635 -0.599153 0.000000 0.824959 -0.565193 0.000000 0.824959 -0.565193 0.000000 0.824959 -0.565193 0.000000 0.824959 -0.565193 0.000000 0.847805 -0.530307 0.000000 0.847805 -0.530307 0.000000 0.847805 -0.530307 0.000000 0.847805 -0.530307 0.000000 0.869293 -0.494298 0.000000 0.869293 -0.494298 0.000000 0.869293 -0.494298 0.000000 0.869293 -0.494298 0.000000 0.889210 -0.457499 0.000000 0.889210 -0.457499 0.000000 0.889210 -0.457499 0.000000 0.889210 -0.457499 0.000000 0.907542 -0.419961 0.000000 0.907542 -0.419961 0.000000 0.907542 -0.419961 0.000000 0.907542 -0.419961 0.000000 0.924313 -0.381635 0.000000 0.924313 -0.381635 0.000000 0.924313 -0.381635 0.000000 0.924313 -0.381635 0.000000 0.939480 -0.342605 0.000000 0.939480 -0.342605 0.000000 0.939480 -0.342605 0.000000 0.939480 -0.342605 0.000000 0.952450 -0.304694 0.000000 0.952450 -0.304694 0.000000 0.952450 -0.304694 0.000000 0.952450 -0.304694 0.000000 0.687703 0.725992 0.000000 0.687703 0.725992 0.000000 0.700696 0.713460 0.000000 0.700696 0.713460 0.000000 0.713460 0.700696 0.000000 0.713460 0.700696 0.000000 0.725992 0.687703 0.000000 0.725992 0.687703 0.000000 -0.304693 0.952451 -0.000000 -0.304693 0.952451 -0.000000 -0.304693 0.952451 -0.000000 -0.304693 0.952451 -0.000000 -0.342605 0.939480 -0.000000 -0.342605 0.939480 -0.000000 -0.342605 0.939480 -0.000000 -0.342605 0.939480 -0.000000 -0.381635 0.924313 -0.000000 -0.381635 0.924313 -0.000000 -0.381635 0.924313 -0.000000 -0.381635 0.924313 -0.000000 -0.419961 0.907542 -0.000000 -0.419961 0.907542 -0.000000 -0.419961 0.907542 -0.000000 -0.419961 0.907542 -0.000000 -0.457499 0.889210 -0.000000 -0.457499 0.889210 -0.000000 -0.457499 0.889210 -0.000000 -0.457499 0.889210 -0.000000 -0.494298 0.869293 -0.000000 -0.494298 0.869293 -0.000000 -0.494298 0.869293 -0.000000 -0.494298 0.869293 -0.000000 -0.530307 0.847805 -0.000000 -0.530307 0.847805 -0.000000 -0.530307 0.847805 -0.000000 -0.530307 0.847805 -0.000000 -0.565193 0.824959 -0.000000 -0.565193 0.824959 -0.000000 -0.565193 0.824959 -0.000000 -0.565193 0.824959 -0.000000 -0.599153 0.800635 -0.000000 -0.599153 0.800635 -0.000000 -0.599153 0.800635 -0.000000 -0.599153 0.800635 -0.000000 -0.646128 0.763229 -0.000000 -0.646128 0.763229 -0.000000 -0.646128 0.763229 -0.000000 -0.646128 0.763229 -0.000000 -0.678155 0.734919 -0.000000 -0.678155 0.734919 -0.000000 -0.678155 0.734919 -0.000000 -0.678155 0.734919 -0.000000 -0.634010 0.773325 -0.000000 -0.634010 0.773325 -0.000000 -0.634010 0.773325 -0.000000 -0.634010 0.773325 -0.000000 -0.585391 0.810751 -0.000000 -0.585391 0.810751 -0.000000 -0.585391 0.810751 -0.000000 -0.585391 0.810751 -0.000000 -0.527353 0.849647 -0.000000 -0.527353 0.849647 -0.000000 -0.527353 0.849647 -0.000000 -0.527353 0.849647 -0.000000 -0.457111 0.889410 -0.000000 -0.457111 0.889410 -0.000000 -0.457111 0.889410 -0.000000 -0.457111 0.889410 -0.000000 -0.370106 0.928990 -0.000000 -0.370106 0.928990 -0.000000 -0.370106 0.928990 -0.000000 -0.370106 0.928990 -0.000000 -0.260889 0.965369 -0.000000 -0.260889 0.965369 -0.000000 -0.260889 0.965369 -0.000000 -0.260889 0.965369 -0.000000 -0.122686 0.992445 -0.000000 -0.122686 0.992445 -0.000000 -0.122686 0.992445 -0.000000 -0.122686 0.992445 -0.000000 0.051436 0.998676 0.000000 0.051436 0.998676 0.000000 0.051436 0.998676 0.000000 0.051436 0.998676 0.000000 0.261044 0.965327 0.000000 0.261044 0.965327 0.000000 0.261044 0.965327 0.000000 0.261044 0.965327 0.000000 0.518150 0.855290 0.000000 0.518150 0.855290 0.000000 0.518150 0.855290 0.000000 0.518150 0.855290 0.000000 0.629698 0.776840 0.000000 0.629698 0.776840 0.000000 0.629698 0.776840 0.000000 0.629698 0.776840 0.000000 0.615856 0.787859 0.000000 0.615856 0.787859 0.000000 0.615856 0.787859 0.000000 0.615856 0.787859 0.000000 0.601618 0.798784 0.000000 0.601618 0.798784 0.000000 0.601618 0.798784 0.000000 0.601618 0.798784 0.000000 0.587392 0.809302 0.000000 0.587392 0.809302 0.000000 0.587392 0.809302 0.000000 0.587392 0.809302 0.000000 0.692032 0.721867 0.000000 0.692032 0.721867 0.000000 0.692032 0.721867 0.000000 0.692032 0.721867 0.000000 0.864875 0.501988 0.000000 0.864875 0.501988 0.000000 0.864875 0.501988 0.000000 0.864875 0.501988 0.000000 0.951339 0.308145 0.000000 0.951339 0.308145 0.000000 0.951339 0.308145 0.000000 0.951339 0.308145 0.000000 0.990379 0.138379 0.000000 0.990379 0.138379 0.000000 0.990379 0.138379 0.000000 0.990379 0.138379 0.000000 0.999998 -0.002140 0.000000 0.999998 -0.002140 0.000000 0.999998 -0.002140 0.000000 0.999998 -0.002140 0.000000 0.993125 -0.117059 0.000000 0.993125 -0.117059 0.000000 0.993125 -0.117059 0.000000 0.993125 -0.117059 0.000000 0.977411 -0.211346 0.000000 0.977411 -0.211346 0.000000 0.977411 -0.211346 0.000000 0.977411 -0.211346 0.000000 0.957187 -0.289471 0.000000 0.957187 -0.289471 0.000000 0.957187 -0.289471 0.000000 0.957187 -0.289471 0.000000 0.934634 -0.355611 0.000000 0.934634 -0.355611 0.000000 0.934634 -0.355611 0.000000 0.934634 -0.355611 0.000000 0.911067 -0.412259 0.000000 0.911067 -0.412259 0.000000 0.911067 -0.412259 0.000000 0.911067 -0.412259 0.000000 0.885397 -0.464836 0.000000 0.885397 -0.464836 0.000000 0.885397 -0.464836 0.000000 0.885397 -0.464836 0.000000 0.904454 -0.426572 0.000000 0.904454 -0.426572 0.000000 0.904454 -0.426572 0.000000 0.904454 -0.426572 0.000000 0.928426 -0.371517 0.000000 0.928426 -0.371517 0.000000 0.928426 -0.371517 0.000000 0.928426 -0.371517 0.000000 0.943132 -0.332417 0.000000 0.943132 -0.332417 0.000000 0.943132 -0.332417 0.000000 0.943132 -0.332417 0.000000 0.956169 -0.292815 0.000000 0.956169 -0.292815 0.000000 0.956169 -0.292815 0.000000 0.956169 -0.292815 0.000000 0.967607 -0.252463 0.000000 0.967607 -0.252463 0.000000 0.967607 -0.252463 0.000000 0.967607 -0.252463 0.000000 0.977321 -0.211763 0.000000 0.977321 -0.211763 0.000000 0.977321 -0.211763 0.000000 0.977321 -0.211763 0.000000 0.985312 -0.170766 0.000000 0.985312 -0.170766 0.000000 0.985312 -0.170766 0.000000 0.985312 -0.170766 0.000000 0.991592 -0.129400 0.000000 0.991592 -0.129400 0.000000 0.991592 -0.129400 0.000000 0.991592 -0.129400 0.000000 0.996140 -0.087778 0.000000 0.996140 -0.087778 0.000000 0.996140 -0.087778 0.000000 0.996140 -0.087778 0.000000 0.998857 -0.047798 0.000000 0.998857 -0.047798 0.000000 0.998857 -0.047798 0.000000 0.998857 -0.047798 0.000000 0.476369 0.879245 0.000000 0.476369 0.879245 0.000000 0.492163 0.870503 0.000000 0.492163 0.870503 0.000000 0.507796 0.861477 0.000000 0.507796 0.861477 0.000000 0.523264 0.852171 0.000000 0.523264 0.852171 0.000000 -0.540834 0.841129 -0.000000 -0.540834 0.841129 -0.000000 -0.540834 0.841129 -0.000000 -0.540834 0.841129 -0.000000 -0.574086 0.818795 -0.000000 -0.574086 0.818795 -0.000000 -0.574086 0.818795 -0.000000 -0.574086 0.818795 -0.000000 -0.607861 0.794043 -0.000000 -0.607861 0.794043 -0.000000 -0.607861 0.794043 -0.000000 -0.607861 0.794043 -0.000000 -0.640541 0.767924 -0.000000 -0.640541 0.767924 -0.000000 -0.640541 0.767924 -0.000000 -0.640541 0.767924 -0.000000 -0.672055 0.740501 -0.000000 -0.672055 0.740501 -0.000000 -0.672055 0.740501 -0.000000 -0.672055 0.740501 -0.000000 -0.702444 0.711739 -0.000000 -0.702444 0.711739 -0.000000 -0.702444 0.711739 -0.000000 -0.702444 0.711739 -0.000000 -0.731666 0.681663 -0.000000 -0.731666 0.681663 -0.000000 -0.731666 0.681663 -0.000000 -0.731666 0.681663 -0.000000 -0.759450 0.650565 -0.000000 -0.759450 0.650565 -0.000000 -0.759450 0.650565 -0.000000 -0.759450 0.650565 -0.000000 -0.785956 0.618282 -0.000000 -0.785956 0.618282 -0.000000 -0.785956 0.618282 -0.000000 -0.785956 0.618282 -0.000000 -0.821651 0.569991 -0.000000 -0.821651 0.569991 -0.000000 -0.821651 0.569991 -0.000000 -0.821651 0.569991 -0.000000 -0.845256 0.534362 -0.000000 -0.845256 0.534362 -0.000000 -0.845256 0.534362 -0.000000 -0.845256 0.534362 -0.000000 -0.812560 0.582877 -0.000000 -0.812560 0.582877 -0.000000 -0.812560 0.582877 -0.000000 -0.812560 0.582877 -0.000000 -0.775277 0.631621 -0.000000 -0.775277 0.631621 -0.000000 -0.775277 0.631621 -0.000000 -0.775277 0.631621 -0.000000 -0.729294 0.684201 -0.000000 -0.729294 0.684201 -0.000000 -0.729294 0.684201 -0.000000 -0.729294 0.684201 -0.000000 -0.671739 0.740787 -0.000000 -0.671739 0.740787 -0.000000 -0.671739 0.740787 -0.000000 -0.671739 0.740787 -0.000000 -0.597925 0.801552 -0.000000 -0.597925 0.801552 -0.000000 -0.597925 0.801552 -0.000000 -0.597925 0.801552 -0.000000 -0.501857 0.864950 -0.000000 -0.501857 0.864950 -0.000000 -0.501857 0.864950 -0.000000 -0.501857 0.864950 -0.000000 -0.375349 0.926884 -0.000000 -0.375349 0.926884 -0.000000 -0.375349 0.926884 -0.000000 -0.375349 0.926884 -0.000000 -0.208792 0.977960 -0.000000 -0.208792 0.977960 -0.000000 -0.208792 0.977960 -0.000000 -0.208792 0.977960 -0.000000 0.002304 0.999997 0.000000 0.002304 0.999997 0.000000 0.002304 0.999997 0.000000 0.002304 0.999997 0.000000 0.279118 0.960257 0.000000 0.279118 0.960257 0.000000 0.279118 0.960257 0.000000 0.279118 0.960257 0.000000 0.407178 0.913349 0.000000 0.407178 0.913349 0.000000 0.407178 0.913349 0.000000 0.407178 0.913349 0.000000 0.390963 0.920406 0.000000 0.390963 0.920406 0.000000 0.390963 0.920406 0.000000 0.390963 0.920406 0.000000 0.374376 0.927277 0.000000 0.374376 0.927277 0.000000 0.374376 0.927277 0.000000 0.374376 0.927277 0.000000 0.357913 0.933755 0.000000 0.357913 0.933755 0.000000 0.357913 0.933755 0.000000 0.357913 0.933755 0.000000 0.481621 0.876380 0.000000 0.481621 0.876380 0.000000 0.481621 0.876380 0.000000 0.481621 0.876380 0.000000 0.705491 0.708719 0.000000 0.705491 0.708719 0.000000 0.705491 0.708719 0.000000 0.705491 0.708719 0.000000 0.839157 0.543890 0.000000 0.839157 0.543890 0.000000 0.839157 0.543890 0.000000 0.839157 0.543890 0.000000 0.920826 0.389974 0.000000 0.920826 0.389974 0.000000 0.920826 0.389974 0.000000 0.920826 0.389974 0.000000 0.966478 0.256749 0.000000 0.966478 0.256749 0.000000 0.966478 0.256749 0.000000 0.966478 0.256749 0.000000 0.989580 0.143985 0.000000 0.989580 0.143985 0.000000 0.989580 0.143985 0.000000 0.989580 0.143985 0.000000 0.998807 0.048830 0.000000 0.998807 0.048830 0.000000 0.998807 0.048830 0.000000 0.998807 0.048830 0.000000 0.999492 -0.031881 0.000000 0.999492 -0.031881 0.000000 0.999492 -0.031881 0.000000 0.999492 -0.031881 0.000000 0.994827 -0.101588 0.000000 0.994827 -0.101588 0.000000 0.994827 -0.101588 0.000000 0.994827 -0.101588 0.000000 0.986724 -0.162407 0.000000 0.986724 -0.162407 0.000000 0.986724 -0.162407 0.000000 0.986724 -0.162407 0.000000 0.975536 -0.219838 0.000000 0.975536 -0.219838 0.000000 0.975536 -0.219838 0.000000 0.975536 -0.219838 0.000000 0.984039 -0.177951 0.000000 0.984039 -0.177951 0.000000 0.984039 -0.177951 0.000000 0.984039 -0.177951 0.000000 0.992947 -0.118562 0.000000 0.992947 -0.118562 0.000000 0.992947 -0.118562 0.000000 0.992947 -0.118562 0.000000 0.997032 -0.076992 0.000000 0.997032 -0.076992 0.000000 0.997032 -0.076992 0.000000 0.997032 -0.076992 0.000000 0.999375 -0.035358 0.000000 0.999375 -0.035358 0.000000 0.999375 -0.035358 0.000000 0.999375 -0.035358 0.000000 0.999978 0.006574 0.000000 0.999978 0.006574 0.000000 0.999978 0.006574 0.000000 0.999978 0.006574 0.000000 0.998828 0.048399 0.000000 0.998828 0.048399 0.000000 0.998828 0.048399 0.000000 0.998828 0.048399 0.000000 0.995935 0.090073 0.000000 0.995935 0.090073 0.000000 0.995935 0.090073 0.000000 0.995935 0.090073 0.000000 0.991296 0.131650 0.000000 0.991296 0.131650 0.000000 0.991296 0.131650 0.000000 0.991296 0.131650 0.000000 0.984916 0.173035 0.000000 0.984916 0.173035 0.000000 0.984916 0.173035 0.000000 0.984916 0.173035 0.000000 0.977193 0.212352 0.000000 0.977193 0.212352 0.000000 0.977193 0.212352 0.000000 0.977193 0.212352 0.000000 0.232572 0.972579 0.000000 0.232572 0.972579 0.000000 0.250090 0.968223 0.000000 0.250090 0.968223 0.000000 0.267527 0.963550 0.000000 0.267527 0.963550 0.000000 0.284876 0.958564 0.000000 0.284876 0.958564 0.000000 -0.740115 0.672480 -0.000000 -0.740115 0.672480 -0.000000 -0.740115 0.672480 -0.000000 -0.740115 0.672480 -0.000000 -0.766445 0.642310 -0.000000 -0.766445 0.642310 -0.000000 -0.766445 0.642310 -0.000000 -0.766445 0.642310 -0.000000 -0.792663 0.609660 -0.000000 -0.792663 0.609660 -0.000000 -0.792663 0.609660 -0.000000 -0.792663 0.609660 -0.000000 -0.817469 0.575972 -0.000000 -0.817469 0.575972 -0.000000 -0.817469 0.575972 -0.000000 -0.817469 0.575972 -0.000000 -0.840810 0.541330 -0.000000 -0.840810 0.541330 -0.000000 -0.840810 0.541330 -0.000000 -0.840810 0.541330 -0.000000 -0.862721 0.505681 -0.000000 -0.862721 0.505681 -0.000000 -0.862721 0.505681 -0.000000 -0.862721 0.505681 -0.000000 -0.883163 0.469067 -0.000000 -0.883163 0.469067 -0.000000 -0.883163 0.469067 -0.000000 -0.883163 0.469067 -0.000000 -0.901951 0.431839 -0.000000 -0.901951 0.431839 -0.000000 -0.901951 0.431839 -0.000000 -0.901951 0.431839 -0.000000 -0.919198 0.393796 -0.000000 -0.919198 0.393796 -0.000000 -0.919198 0.393796 -0.000000 -0.919198 0.393796 -0.000000 -0.941178 0.337911 -0.000000 -0.941178 0.337911 -0.000000 -0.941178 0.337911 -0.000000 -0.941178 0.337911 -0.000000 -0.954759 0.297382 -0.000000 -0.954759 0.297382 -0.000000 -0.954759 0.297382 -0.000000 -0.954759 0.297382 -0.000000 -0.935732 0.352711 -0.000000 -0.935732 0.352711 -0.000000 -0.935732 0.352711 -0.000000 -0.935732 0.352711 -0.000000 -0.912341 0.409432 -0.000000 -0.912341 0.409432 -0.000000 -0.912341 0.409432 -0.000000 -0.912341 0.409432 -0.000000 -0.881525 0.472138 -0.000000 -0.881525 0.472138 -0.000000 -0.881525 0.472138 -0.000000 -0.881525 0.472138 -0.000000 -0.840576 0.541694 -0.000000 -0.840576 0.541694 -0.000000 -0.840576 0.541694 -0.000000 -0.840576 0.541694 -0.000000 -0.785008 0.619485 -0.000000 -0.785008 0.619485 -0.000000 -0.785008 0.619485 -0.000000 -0.785008 0.619485 -0.000000 -0.708621 0.705589 -0.000000 -0.708621 0.705589 -0.000000 -0.708621 0.705589 -0.000000 -0.708621 0.705589 -0.000000 -0.602463 0.798147 -0.000000 -0.602463 0.798147 -0.000000 -0.602463 0.798147 -0.000000 -0.602463 0.798147 -0.000000 -0.454803 0.890592 -0.000000 -0.454803 0.890592 -0.000000 -0.454803 0.890592 -0.000000 -0.454803 0.890592 -0.000000 -0.256594 0.966519 -0.000000 -0.256594 0.966519 -0.000000 -0.256594 0.966519 -0.000000 -0.256594 0.966519 -0.000000 0.021096 0.999777 0.000000 0.021096 0.999777 0.000000 0.021096 0.999777 0.000000 0.021096 0.999777 0.000000 0.156914 0.987612 0.000000 0.156914 0.987612 0.000000 0.156914 0.987612 0.000000 0.156914 0.987612 0.000000 0.139418 0.990234 0.000000 0.139418 0.990234 0.000000 0.139418 0.990234 0.000000 0.139418 0.990234 0.000000 0.121621 0.992577 0.000000 0.121621 0.992577 0.000000 0.121621 0.992577 0.000000 0.121621 0.992577 0.000000 0.104050 0.994572 0.000000 0.104050 0.994572 0.000000 0.104050 0.994572 0.000000 0.104050 0.994572 0.000000 0.238375 0.971173 0.000000 0.238375 0.971173 0.000000 0.238375 0.971173 0.000000 0.238375 0.971173 0.000000 0.498002 0.867176 0.000000 0.498002 0.867176 0.000000 0.498002 0.867176 0.000000 0.498002 0.867176 0.000000 0.669807 0.742535 0.000000 0.669807 0.742535 0.000000 0.669807 0.742535 0.000000 0.669807 0.742535 0.000000 0.788511 0.615020 0.000000 0.788511 0.615020 0.000000 0.788511 0.615020 0.000000 0.788511 0.615020 0.000000 0.867094 0.498145 0.000000 0.867094 0.498145 0.000000 0.867094 0.498145 0.000000 0.867094 0.498145 0.000000 0.918593 0.395206 0.000000 0.918593 0.395206 0.000000 0.918593 0.395206 0.000000 0.918593 0.395206 0.000000 0.952136 0.305673 0.000000 0.952136 0.305673 0.000000 0.952136 0.305673 0.000000 0.952136 0.305673 0.000000 0.973686 0.227892 0.000000 0.973686 0.227892 0.000000 0.973686 0.227892 0.000000 0.973686 0.227892 0.000000 0.987222 0.159352 0.000000 0.987222 0.159352 0.000000 0.987222 0.159352 0.000000 0.987222 0.159352 0.000000 0.995136 0.098509 0.000000 0.995136 0.098509 0.000000 0.995136 0.098509 0.000000 0.995136 0.098509 0.000000 0.999194 0.040141 0.000000 0.999194 0.040141 0.000000 0.999194 0.040141 0.000000 0.999194 0.040141 0.000000 0.996566 0.082803 0.000000 0.996566 0.082803 0.000000 0.996566 0.082803 0.000000 0.996566 0.082803 0.000000 0.989799 0.142469 0.000000 0.989799 0.142469 0.000000 0.989799 0.142469 0.000000 0.989799 0.142469 0.000000 0.982985 0.183683 0.000000 0.982985 0.183683 0.000000 0.982985 0.183683 0.000000 0.982985 0.183683 0.000000 0.974473 0.224504 0.000000 0.974473 0.224504 0.000000 0.974473 0.224504 0.000000 0.974473 0.224504 0.000000 0.964204 0.265162 0.000000 0.964204 0.265162 0.000000 0.964204 0.265162 0.000000 0.964204 0.265162 0.000000 0.952267 0.305266 0.000000 0.952267 0.305266 0.000000 0.952267 0.305266 0.000000 0.952267 0.305266 0.000000 0.938687 0.344771 0.000000 0.938687 0.344771 0.000000 0.938687 0.344771 0.000000 0.938687 0.344771 0.000000 0.923445 0.383731 0.000000 0.923445 0.383731 0.000000 0.923445 0.383731 0.000000 0.923445 0.383731 0.000000 0.906571 0.422054 0.000000 0.906571 0.422054 0.000000 0.906571 0.422054 0.000000 0.906571 0.422054 0.000000 0.888936 0.458032 0.000000 0.888936 0.458032 0.000000 0.888936 0.458032 0.000000 0.888936 0.458032 0.000000 -0.027075 0.999633 -0.000000 -0.027075 0.999633 -0.000000 -0.009026 0.999959 -0.000000 -0.009026 0.999959 -0.000000 0.009026 0.999959 0.000000 0.009026 0.999959 0.000000 0.027075 0.999633 0.000000 0.027075 0.999633 0.000000 -0.888935 0.458033 -0.000000 -0.888935 0.458033 -0.000000 -0.888935 0.458033 -0.000000 -0.888935 0.458033 -0.000000 -0.906571 0.422054 -0.000000 -0.906571 0.422054 -0.000000 -0.906571 0.422054 -0.000000 -0.906571 0.422054 -0.000000 -0.923445 0.383731 -0.000000 -0.923445 0.383731 -0.000000 -0.923445 0.383731 -0.000000 -0.923445 0.383731 -0.000000 -0.938687 0.344771 -0.000000 -0.938687 0.344771 -0.000000 -0.938687 0.344771 -0.000000 -0.938687 0.344771 -0.000000 -0.952267 0.305266 -0.000000 -0.952267 0.305266 -0.000000 -0.952267 0.305266 -0.000000 -0.952267 0.305266 -0.000000 -0.964204 0.265162 -0.000000 -0.964204 0.265162 -0.000000 -0.964204 0.265162 -0.000000 -0.964204 0.265162 -0.000000 -0.974473 0.224504 -0.000000 -0.974473 0.224504 -0.000000 -0.974473 0.224504 -0.000000 -0.974473 0.224504 -0.000000 -0.982985 0.183683 -0.000000 -0.982985 0.183683 -0.000000 -0.982985 0.183683 -0.000000 -0.982985 0.183683 -0.000000 -0.989799 0.142469 -0.000000 -0.989799 0.142469 -0.000000 -0.989799 0.142469 -0.000000 -0.989799 0.142469 -0.000000 -0.996566 0.082803 -0.000000 -0.996566 0.082803 -0.000000 -0.996566 0.082803 -0.000000 -0.996566 0.082803 -0.000000 -0.999194 0.040141 -0.000000 -0.999194 0.040141 -0.000000 -0.999194 0.040141 -0.000000 -0.999194 0.040141 -0.000000 -0.995136 0.098509 -0.000000 -0.995136 0.098509 -0.000000 -0.995136 0.098509 -0.000000 -0.995136 0.098509 -0.000000 -0.987222 0.159352 -0.000000 -0.987222 0.159352 -0.000000 -0.987222 0.159352 -0.000000 -0.987222 0.159352 -0.000000 -0.973686 0.227892 -0.000000 -0.973686 0.227892 -0.000000 -0.973686 0.227892 -0.000000 -0.973686 0.227892 -0.000000 -0.952136 0.305673 -0.000000 -0.952136 0.305673 -0.000000 -0.952136 0.305673 -0.000000 -0.952136 0.305673 -0.000000 -0.918593 0.395206 -0.000000 -0.918593 0.395206 -0.000000 -0.918593 0.395206 -0.000000 -0.918593 0.395206 -0.000000 -0.867094 0.498145 -0.000000 -0.867094 0.498145 -0.000000 -0.867094 0.498145 -0.000000 -0.867094 0.498145 -0.000000 -0.788511 0.615020 -0.000000 -0.788511 0.615020 -0.000000 -0.788511 0.615020 -0.000000 -0.788511 0.615020 -0.000000 -0.669807 0.742535 -0.000000 -0.669807 0.742535 -0.000000 -0.669807 0.742535 -0.000000 -0.669807 0.742535 -0.000000 -0.498002 0.867176 -0.000000 -0.498002 0.867176 -0.000000 -0.498002 0.867176 -0.000000 -0.498002 0.867176 -0.000000 -0.238375 0.971173 -0.000000 -0.238375 0.971173 -0.000000 -0.238375 0.971173 -0.000000 -0.238375 0.971173 -0.000000 -0.104050 0.994572 -0.000000 -0.104050 0.994572 -0.000000 -0.104050 0.994572 -0.000000 -0.104050 0.994572 -0.000000 -0.121621 0.992577 -0.000000 -0.121621 0.992577 -0.000000 -0.121621 0.992577 -0.000000 -0.121621 0.992577 -0.000000 -0.139418 0.990234 -0.000000 -0.139418 0.990234 -0.000000 -0.139418 0.990234 -0.000000 -0.139418 0.990234 -0.000000 -0.156914 0.987612 -0.000000 -0.156914 0.987612 -0.000000 -0.156914 0.987612 -0.000000 -0.156914 0.987612 -0.000000 -0.021096 0.999777 -0.000000 -0.021096 0.999777 -0.000000 -0.021096 0.999777 -0.000000 -0.021096 0.999777 -0.000000 0.256594 0.966519 0.000000 0.256594 0.966519 0.000000 0.256594 0.966519 0.000000 0.256594 0.966519 0.000000 0.454803 0.890592 0.000000 0.454803 0.890592 0.000000 0.454803 0.890592 0.000000 0.454803 0.890592 0.000000 0.602463 0.798147 0.000000 0.602463 0.798147 0.000000 0.602463 0.798147 0.000000 0.602463 0.798147 0.000000 0.708621 0.705589 0.000000 0.708621 0.705589 0.000000 0.708621 0.705589 0.000000 0.708621 0.705589 0.000000 0.785008 0.619485 0.000000 0.785008 0.619485 0.000000 0.785008 0.619485 0.000000 0.785008 0.619485 0.000000 0.840576 0.541694 0.000000 0.840576 0.541694 0.000000 0.840576 0.541694 0.000000 0.840576 0.541694 0.000000 0.881525 0.472138 0.000000 0.881525 0.472138 0.000000 0.881525 0.472138 0.000000 0.881525 0.472138 0.000000 0.912341 0.409432 0.000000 0.912341 0.409432 0.000000 0.912341 0.409432 0.000000 0.912341 0.409432 0.000000 0.935732 0.352711 0.000000 0.935732 0.352711 0.000000 0.935732 0.352711 0.000000 0.935732 0.352711 0.000000 0.954759 0.297382 0.000000 0.954759 0.297382 0.000000 0.954759 0.297382 0.000000 0.954759 0.297382 0.000000 0.941178 0.337911 0.000000 0.941178 0.337911 0.000000 0.941178 0.337911 0.000000 0.941178 0.337911 0.000000 0.919198 0.393796 0.000000 0.919198 0.393796 0.000000 0.919198 0.393796 0.000000 0.919198 0.393796 0.000000 0.901951 0.431839 0.000000 0.901951 0.431839 0.000000 0.901951 0.431839 0.000000 0.901951 0.431839 0.000000 0.883163 0.469067 0.000000 0.883163 0.469067 0.000000 0.883163 0.469067 0.000000 0.883163 0.469067 0.000000 0.862721 0.505681 0.000000 0.862721 0.505681 0.000000 0.862721 0.505681 0.000000 0.862721 0.505681 0.000000 0.840810 0.541330 0.000000 0.840810 0.541330 0.000000 0.840810 0.541330 0.000000 0.840810 0.541330 0.000000 0.817469 0.575972 0.000000 0.817469 0.575972 0.000000 0.817469 0.575972 0.000000 0.817469 0.575972 0.000000 0.792663 0.609660 0.000000 0.792663 0.609660 0.000000 0.792663 0.609660 0.000000 0.792663 0.609660 0.000000 0.766445 0.642310 0.000000 0.766445 0.642310 0.000000 0.766445 0.642310 0.000000 0.766445 0.642310 0.000000 0.740097 0.672500 0.000000 0.740097 0.672500 0.000000 0.740097 0.672500 0.000000 0.740097 0.672500 0.000000 -0.284876 0.958564 -0.000000 -0.284876 0.958564 -0.000000 -0.267526 0.963551 -0.000000 -0.267526 0.963551 -0.000000 -0.250090 0.968223 -0.000000 -0.250090 0.968223 -0.000000 -0.232572 0.972579 -0.000000 -0.232572 0.972579 -0.000000 -0.977187 0.212381 -0.000000 -0.977187 0.212381 -0.000000 -0.977187 0.212381 -0.000000 -0.977187 0.212381 -0.000000 -0.984916 0.173035 -0.000000 -0.984916 0.173035 -0.000000 -0.984916 0.173035 -0.000000 -0.984916 0.173035 -0.000000 -0.991296 0.131650 -0.000000 -0.991296 0.131650 -0.000000 -0.991296 0.131650 -0.000000 -0.991296 0.131650 -0.000000 -0.995935 0.090073 -0.000000 -0.995935 0.090073 -0.000000 -0.995935 0.090073 -0.000000 -0.995935 0.090073 -0.000000 -0.998828 0.048399 -0.000000 -0.998828 0.048399 -0.000000 -0.998828 0.048399 -0.000000 -0.998828 0.048399 -0.000000 -0.999978 0.006574 -0.000000 -0.999978 0.006574 -0.000000 -0.999978 0.006574 -0.000000 -0.999978 0.006574 -0.000000 -0.999375 -0.035358 -0.000000 -0.999375 -0.035358 -0.000000 -0.999375 -0.035358 -0.000000 -0.999375 -0.035358 -0.000000 -0.997032 -0.076992 -0.000000 -0.997032 -0.076992 -0.000000 -0.997032 -0.076992 -0.000000 -0.997032 -0.076992 -0.000000 -0.992947 -0.118562 -0.000000 -0.992947 -0.118562 -0.000000 -0.992947 -0.118562 -0.000000 -0.992947 -0.118562 -0.000000 -0.984039 -0.177951 -0.000000 -0.984039 -0.177951 -0.000000 -0.984039 -0.177951 -0.000000 -0.984039 -0.177951 -0.000000 -0.975536 -0.219838 -0.000000 -0.975536 -0.219838 -0.000000 -0.975536 -0.219838 -0.000000 -0.975536 -0.219838 -0.000000 -0.986724 -0.162407 -0.000000 -0.986724 -0.162407 -0.000000 -0.986724 -0.162407 -0.000000 -0.986724 -0.162407 -0.000000 -0.994827 -0.101588 -0.000000 -0.994827 -0.101588 -0.000000 -0.994827 -0.101588 -0.000000 -0.994827 -0.101588 -0.000000 -0.999492 -0.031881 -0.000000 -0.999492 -0.031881 -0.000000 -0.999492 -0.031881 -0.000000 -0.999492 -0.031881 -0.000000 -0.998807 0.048830 -0.000000 -0.998807 0.048830 -0.000000 -0.998807 0.048830 -0.000000 -0.998807 0.048830 -0.000000 -0.989580 0.143985 -0.000000 -0.989580 0.143985 -0.000000 -0.989580 0.143985 -0.000000 -0.989580 0.143985 -0.000000 -0.966478 0.256749 -0.000000 -0.966478 0.256749 -0.000000 -0.966478 0.256749 -0.000000 -0.966478 0.256749 -0.000000 -0.920826 0.389974 -0.000000 -0.920826 0.389974 -0.000000 -0.920826 0.389974 -0.000000 -0.920826 0.389974 -0.000000 -0.839157 0.543890 -0.000000 -0.839157 0.543890 -0.000000 -0.839157 0.543890 -0.000000 -0.839157 0.543890 -0.000000 -0.705491 0.708719 -0.000000 -0.705491 0.708719 -0.000000 -0.705491 0.708719 -0.000000 -0.705491 0.708719 -0.000000 -0.481621 0.876380 -0.000000 -0.481621 0.876380 -0.000000 -0.481621 0.876380 -0.000000 -0.481621 0.876380 -0.000000 -0.357913 0.933755 -0.000000 -0.357913 0.933755 -0.000000 -0.357913 0.933755 -0.000000 -0.357913 0.933755 -0.000000 -0.374376 0.927277 -0.000000 -0.374376 0.927277 -0.000000 -0.374376 0.927277 -0.000000 -0.374376 0.927277 -0.000000 -0.390963 0.920406 -0.000000 -0.390963 0.920406 -0.000000 -0.390963 0.920406 -0.000000 -0.390963 0.920406 -0.000000 -0.407178 0.913349 -0.000000 -0.407178 0.913349 -0.000000 -0.407178 0.913349 -0.000000 -0.407178 0.913349 -0.000000 -0.279118 0.960257 -0.000000 -0.279118 0.960257 -0.000000 -0.279118 0.960257 -0.000000 -0.279118 0.960257 -0.000000 -0.002304 0.999997 -0.000000 -0.002304 0.999997 -0.000000 -0.002304 0.999997 -0.000000 -0.002304 0.999997 -0.000000 0.208792 0.977960 0.000000 0.208792 0.977960 0.000000 0.208792 0.977960 0.000000 0.208792 0.977960 0.000000 0.375349 0.926884 0.000000 0.375349 0.926884 0.000000 0.375349 0.926884 0.000000 0.375349 0.926884 0.000000 0.501857 0.864950 0.000000 0.501857 0.864950 0.000000 0.501857 0.864950 0.000000 0.501857 0.864950 0.000000 0.597925 0.801552 0.000000 0.597925 0.801552 0.000000 0.597925 0.801552 0.000000 0.597925 0.801552 0.000000 0.671739 0.740787 0.000000 0.671739 0.740787 0.000000 0.671739 0.740787 0.000000 0.671739 0.740787 0.000000 0.729294 0.684201 0.000000 0.729294 0.684201 0.000000 0.729294 0.684201 0.000000 0.729294 0.684201 0.000000 0.775277 0.631621 0.000000 0.775277 0.631621 0.000000 0.775277 0.631621 0.000000 0.775277 0.631621 0.000000 0.812560 0.582877 0.000000 0.812560 0.582877 0.000000 0.812560 0.582877 0.000000 0.812560 0.582877 0.000000 0.845256 0.534362 0.000000 0.845256 0.534362 0.000000 0.845256 0.534362 0.000000 0.845256 0.534362 0.000000 0.821651 0.569991 0.000000 0.821651 0.569991 0.000000 0.821651 0.569991 0.000000 0.821651 0.569991 0.000000 0.785956 0.618282 0.000000 0.785956 0.618282 0.000000 0.785956 0.618282 0.000000 0.785956 0.618282 0.000000 0.759450 0.650565 0.000000 0.759450 0.650565 0.000000 0.759450 0.650565 0.000000 0.759450 0.650565 0.000000 0.731666 0.681663 0.000000 0.731666 0.681663 0.000000 0.731666 0.681663 0.000000 0.731666 0.681663 0.000000 0.702444 0.711739 0.000000 0.702444 0.711739 0.000000 0.702444 0.711739 0.000000 0.702444 0.711739 0.000000 0.672055 0.740501 0.000000 0.672055 0.740501 0.000000 0.672055 0.740501 0.000000 0.672055 0.740501 0.000000 0.640541 0.767924 0.000000 0.640541 0.767924 0.000000 0.640541 0.767924 0.000000 0.640541 0.767924 0.000000 0.607861 0.794043 0.000000 0.607861 0.794043 0.000000 0.607861 0.794043 0.000000 0.607861 0.794043 0.000000 0.574086 0.818795 0.000000 0.574086 0.818795 0.000000 0.574086 0.818795 0.000000 0.574086 0.818795 0.000000 0.540824 0.841136 0.000000 0.540824 0.841136 0.000000 0.540824 0.841136 0.000000 0.540824 0.841136 0.000000 -0.523264 0.852171 -0.000000 -0.523264 0.852171 -0.000000 -0.507796 0.861477 -0.000000 -0.507796 0.861477 -0.000000 -0.492163 0.870503 -0.000000 -0.492163 0.870503 -0.000000 -0.476369 0.879245 -0.000000 -0.476369 0.879245 -0.000000 -0.998858 -0.047783 -0.000000 -0.998858 -0.047783 -0.000000 -0.998858 -0.047783 -0.000000 -0.998858 -0.047783 -0.000000 -0.996140 -0.087778 -0.000000 -0.996140 -0.087778 -0.000000 -0.996140 -0.087778 -0.000000 -0.996140 -0.087778 -0.000000 -0.991592 -0.129400 -0.000000 -0.991592 -0.129400 -0.000000 -0.991592 -0.129400 -0.000000 -0.991592 -0.129400 -0.000000 -0.985312 -0.170766 -0.000000 -0.985312 -0.170766 -0.000000 -0.985312 -0.170766 -0.000000 -0.985312 -0.170766 -0.000000 -0.977321 -0.211763 -0.000000 -0.977321 -0.211763 -0.000000 -0.977321 -0.211763 -0.000000 -0.977321 -0.211763 -0.000000 -0.967607 -0.252463 -0.000000 -0.967607 -0.252463 -0.000000 -0.967607 -0.252463 -0.000000 -0.967607 -0.252463 -0.000000 -0.956169 -0.292815 -0.000000 -0.956169 -0.292815 -0.000000 -0.956169 -0.292815 -0.000000 -0.956169 -0.292815 -0.000000 -0.943132 -0.332417 -0.000000 -0.943132 -0.332417 -0.000000 -0.943132 -0.332417 -0.000000 -0.943132 -0.332417 -0.000000 -0.928426 -0.371517 -0.000000 -0.928426 -0.371517 -0.000000 -0.928426 -0.371517 -0.000000 -0.928426 -0.371517 -0.000000 -0.904454 -0.426572 -0.000000 -0.904454 -0.426572 -0.000000 -0.904454 -0.426572 -0.000000 -0.904454 -0.426572 -0.000000 -0.885397 -0.464836 -0.000000 -0.885397 -0.464836 -0.000000 -0.885397 -0.464836 -0.000000 -0.885397 -0.464836 -0.000000 -0.911067 -0.412259 -0.000000 -0.911067 -0.412259 -0.000000 -0.911067 -0.412259 -0.000000 -0.911067 -0.412259 -0.000000 -0.934634 -0.355611 -0.000000 -0.934634 -0.355611 -0.000000 -0.934634 -0.355611 -0.000000 -0.934634 -0.355611 -0.000000 -0.957187 -0.289471 -0.000000 -0.957187 -0.289471 -0.000000 -0.957187 -0.289471 -0.000000 -0.957187 -0.289471 -0.000000 -0.977411 -0.211346 -0.000000 -0.977411 -0.211346 -0.000000 -0.977411 -0.211346 -0.000000 -0.977411 -0.211346 -0.000000 -0.993125 -0.117059 -0.000000 -0.993125 -0.117059 -0.000000 -0.993125 -0.117059 -0.000000 -0.993125 -0.117059 -0.000000 -0.999998 -0.002140 -0.000000 -0.999998 -0.002140 -0.000000 -0.999998 -0.002140 -0.000000 -0.999998 -0.002140 -0.000000 -0.990379 0.138379 -0.000000 -0.990379 0.138379 -0.000000 -0.990379 0.138379 -0.000000 -0.990379 0.138379 -0.000000 -0.951339 0.308145 -0.000000 -0.951339 0.308145 -0.000000 -0.951339 0.308145 -0.000000 -0.951339 0.308145 -0.000000 -0.864875 0.501988 -0.000000 -0.864875 0.501988 -0.000000 -0.864875 0.501988 -0.000000 -0.864875 0.501988 -0.000000 -0.692032 0.721867 -0.000000 -0.692032 0.721867 -0.000000 -0.692032 0.721867 -0.000000 -0.692032 0.721867 -0.000000 -0.587392 0.809302 -0.000000 -0.587392 0.809302 -0.000000 -0.587392 0.809302 -0.000000 -0.587392 0.809302 -0.000000 -0.601618 0.798784 -0.000000 -0.601618 0.798784 -0.000000 -0.601618 0.798784 -0.000000 -0.601618 0.798784 -0.000000 -0.615856 0.787859 -0.000000 -0.615856 0.787859 -0.000000 -0.615856 0.787859 -0.000000 -0.615856 0.787859 -0.000000 -0.629698 0.776840 -0.000000 -0.629698 0.776840 -0.000000 -0.629698 0.776840 -0.000000 -0.629698 0.776840 -0.000000 -0.518150 0.855290 -0.000000 -0.518150 0.855290 -0.000000 -0.518150 0.855290 -0.000000 -0.518150 0.855290 -0.000000 -0.261044 0.965327 -0.000000 -0.261044 0.965327 -0.000000 -0.261044 0.965327 -0.000000 -0.261044 0.965327 -0.000000 -0.051436 0.998676 -0.000000 -0.051436 0.998676 -0.000000 -0.051436 0.998676 -0.000000 -0.051436 0.998676 -0.000000 0.122686 0.992445 0.000000 0.122686 0.992445 0.000000 0.122686 0.992445 0.000000 0.122686 0.992445 0.000000 0.260889 0.965369 0.000000 0.260889 0.965369 0.000000 0.260889 0.965369 0.000000 0.260889 0.965369 0.000000 0.370106 0.928990 0.000000 0.370106 0.928990 0.000000 0.370106 0.928990 0.000000 0.370106 0.928990 0.000000 0.457111 0.889410 0.000000 0.457111 0.889410 0.000000 0.457111 0.889410 0.000000 0.457111 0.889410 0.000000 0.527353 0.849647 0.000000 0.527353 0.849647 0.000000 0.527353 0.849647 0.000000 0.527353 0.849647 0.000000 0.585391 0.810751 0.000000 0.585391 0.810751 0.000000 0.585391 0.810751 0.000000 0.585391 0.810751 0.000000 0.634010 0.773325 0.000000 0.634010 0.773325 0.000000 0.634010 0.773325 0.000000 0.634010 0.773325 0.000000 0.678155 0.734919 0.000000 0.678155 0.734919 0.000000 0.678155 0.734919 0.000000 0.678155 0.734919 0.000000 0.646128 0.763229 0.000000 0.646128 0.763229 0.000000 0.646128 0.763229 0.000000 0.646128 0.763229 0.000000 0.599153 0.800635 0.000000 0.599153 0.800635 0.000000 0.599153 0.800635 0.000000 0.599153 0.800635 0.000000 0.565193 0.824959 0.000000 0.565193 0.824959 0.000000 0.565193 0.824959 0.000000 0.565193 0.824959 0.000000 0.530307 0.847805 0.000000 0.530307 0.847805 0.000000 0.530307 0.847805 0.000000 0.530307 0.847805 0.000000 0.494298 0.869293 0.000000 0.494298 0.869293 0.000000 0.494298 0.869293 0.000000 0.494298 0.869293 0.000000 0.457499 0.889210 0.000000 0.457499 0.889210 0.000000 0.457499 0.889210 0.000000 0.457499 0.889210 0.000000 0.419961 0.907542 0.000000 0.419961 0.907542 0.000000 0.419961 0.907542 0.000000 0.419961 0.907542 0.000000 0.381635 0.924313 0.000000 0.381635 0.924313 0.000000 0.381635 0.924313 0.000000 0.381635 0.924313 0.000000 0.342605 0.939480 0.000000 0.342605 0.939480 0.000000 0.342605 0.939480 0.000000 0.342605 0.939480 0.000000 0.304694 0.952450 0.000000 0.304694 0.952450 0.000000 0.304694 0.952450 0.000000 0.304694 0.952450 0.000000 -0.725992 0.687703 -0.000000 -0.725992 0.687703 -0.000000 -0.713460 0.700696 -0.000000 -0.713460 0.700696 -0.000000 -0.700696 0.713460 -0.000000 -0.700696 0.713460 -0.000000 -0.687703 0.725992 -0.000000 -0.687703 0.725992 -0.000000 -0.952451 -0.304693 -0.000000 -0.952451 -0.304693 -0.000000 -0.952451 -0.304693 -0.000000 -0.952451 -0.304693 -0.000000 -0.939480 -0.342605 -0.000000 -0.939480 -0.342605 -0.000000 -0.939480 -0.342605 -0.000000 -0.939480 -0.342605 -0.000000 -0.924313 -0.381635 -0.000000 -0.924313 -0.381635 -0.000000 -0.924313 -0.381635 -0.000000 -0.924313 -0.381635 -0.000000 -0.907542 -0.419961 -0.000000 -0.907542 -0.419961 -0.000000 -0.907542 -0.419961 -0.000000 -0.907542 -0.419961 -0.000000 -0.889210 -0.457499 -0.000000 -0.889210 -0.457499 -0.000000 -0.889210 -0.457499 -0.000000 -0.889210 -0.457499 -0.000000 -0.869293 -0.494298 -0.000000 -0.869293 -0.494298 -0.000000 -0.869293 -0.494298 -0.000000 -0.869293 -0.494298 -0.000000 -0.847805 -0.530307 -0.000000 -0.847805 -0.530307 -0.000000 -0.847805 -0.530307 -0.000000 -0.847805 -0.530307 -0.000000 -0.824959 -0.565193 -0.000000 -0.824959 -0.565193 -0.000000 -0.824959 -0.565193 -0.000000 -0.824959 -0.565193 -0.000000 -0.800635 -0.599153 -0.000000 -0.800635 -0.599153 -0.000000 -0.800635 -0.599153 -0.000000 -0.800635 -0.599153 -0.000000 -0.763229 -0.646128 -0.000000 -0.763229 -0.646128 -0.000000 -0.763229 -0.646128 -0.000000 -0.763229 -0.646128 -0.000000 -0.734919 -0.678155 -0.000000 -0.734919 -0.678155 -0.000000 -0.734919 -0.678155 -0.000000 -0.734919 -0.678155 -0.000000 -0.773325 -0.634010 -0.000000 -0.773325 -0.634010 -0.000000 -0.773325 -0.634010 -0.000000 -0.773325 -0.634010 -0.000000 -0.810751 -0.585391 -0.000000 -0.810751 -0.585391 -0.000000 -0.810751 -0.585391 -0.000000 -0.810751 -0.585391 -0.000000 -0.849647 -0.527353 -0.000000 -0.849647 -0.527353 -0.000000 -0.849647 -0.527353 -0.000000 -0.849647 -0.527353 -0.000000 -0.889410 -0.457111 -0.000000 -0.889410 -0.457111 -0.000000 -0.889410 -0.457111 -0.000000 -0.889410 -0.457111 -0.000000 -0.928990 -0.370106 -0.000000 -0.928990 -0.370106 -0.000000 -0.928990 -0.370106 -0.000000 -0.928990 -0.370106 -0.000000 -0.965369 -0.260889 -0.000000 -0.965369 -0.260889 -0.000000 -0.965369 -0.260889 -0.000000 -0.965369 -0.260889 -0.000000 -0.992445 -0.122686 -0.000000 -0.992445 -0.122686 -0.000000 -0.992445 -0.122686 -0.000000 -0.992445 -0.122686 -0.000000 -0.998676 0.051436 -0.000000 -0.998676 0.051436 -0.000000 -0.998676 0.051436 -0.000000 -0.998676 0.051436 -0.000000 -0.965327 0.261044 -0.000000 -0.965327 0.261044 -0.000000 -0.965327 0.261044 -0.000000 -0.965327 0.261044 -0.000000 -0.855290 0.518150 -0.000000 -0.855290 0.518150 -0.000000 -0.855290 0.518150 -0.000000 -0.855290 0.518150 -0.000000 -0.776840 0.629698 -0.000000 -0.776840 0.629698 -0.000000 -0.776840 0.629698 -0.000000 -0.776840 0.629698 -0.000000 -0.787859 0.615856 -0.000000 -0.787859 0.615856 -0.000000 -0.787859 0.615856 -0.000000 -0.787859 0.615856 -0.000000 -0.798784 0.601618 -0.000000 -0.798784 0.601618 -0.000000 -0.798784 0.601618 -0.000000 -0.798784 0.601618 -0.000000 -0.809302 0.587392 -0.000000 -0.809302 0.587392 -0.000000 -0.809302 0.587392 -0.000000 -0.809302 0.587392 -0.000000 -0.721867 0.692032 -0.000000 -0.721867 0.692032 -0.000000 -0.721867 0.692032 -0.000000 -0.721867 0.692032 -0.000000 -0.501988 0.864875 -0.000000 -0.501988 0.864875 -0.000000 -0.501988 0.864875 -0.000000 -0.501988 0.864875 -0.000000 -0.308145 0.951339 -0.000000 -0.308145 0.951339 -0.000000 -0.308145 0.951339 -0.000000 -0.308145 0.951339 -0.000000 -0.138379 0.990379 -0.000000 -0.138379 0.990379 -0.000000 -0.138379 0.990379 -0.000000 -0.138379 0.990379 -0.000000 0.002140 0.999998 0.000000 0.002140 0.999998 0.000000 0.002140 0.999998 0.000000 0.002140 0.999998 0.000000 0.117059 0.993125 0.000000 0.117059 0.993125 0.000000 0.117059 0.993125 0.000000 0.117059 0.993125 0.000000 0.211346 0.977411 0.000000 0.211346 0.977411 0.000000 0.211346 0.977411 0.000000 0.211346 0.977411 0.000000 0.289471 0.957187 0.000000 0.289471 0.957187 0.000000 0.289471 0.957187 0.000000 0.289471 0.957187 0.000000 0.355611 0.934634 0.000000 0.355611 0.934634 0.000000 0.355611 0.934634 0.000000 0.355611 0.934634 0.000000 0.412259 0.911067 0.000000 0.412259 0.911067 0.000000 0.412259 0.911067 0.000000 0.412259 0.911067 0.000000 0.464836 0.885397 0.000000 0.464836 0.885397 0.000000 0.464836 0.885397 0.000000 0.464836 0.885397 0.000000 0.426572 0.904454 0.000000 0.426572 0.904454 0.000000 0.426572 0.904454 0.000000 0.426572 0.904454 0.000000 0.371517 0.928426 0.000000 0.371517 0.928426 0.000000 0.371517 0.928426 0.000000 0.371517 0.928426 0.000000 0.332417 0.943132 0.000000 0.332417 0.943132 0.000000 0.332417 0.943132 0.000000 0.332417 0.943132 0.000000 0.292815 0.956169 0.000000 0.292815 0.956169 0.000000 0.292815 0.956169 0.000000 0.292815 0.956169 0.000000 0.252463 0.967607 0.000000 0.252463 0.967607 0.000000 0.252463 0.967607 0.000000 0.252463 0.967607 0.000000 0.211763 0.977321 0.000000 0.211763 0.977321 0.000000 0.211763 0.977321 0.000000 0.211763 0.977321 0.000000 0.170766 0.985312 0.000000 0.170766 0.985312 0.000000 0.170766 0.985312 0.000000 0.170766 0.985312 0.000000 0.129400 0.991592 0.000000 0.129400 0.991592 0.000000 0.129400 0.991592 0.000000 0.129400 0.991592 0.000000 0.087778 0.996140 0.000000 0.087778 0.996140 0.000000 0.087778 0.996140 0.000000 0.087778 0.996140 0.000000 0.047798 0.998857 0.000000 0.047798 0.998857 0.000000 0.047798 0.998857 0.000000 0.047798 0.998857 0.000000 -0.879245 0.476369 -0.000000 -0.879245 0.476369 -0.000000 -0.870503 0.492163 -0.000000 -0.870503 0.492163 -0.000000 -0.861477 0.507796 -0.000000 -0.861477 0.507796 -0.000000 -0.852171 0.523264 -0.000000 -0.852171 0.523264 -0.000000 -0.841129 -0.540834 -0.000000 -0.841129 -0.540834 -0.000000 -0.841129 -0.540834 -0.000000 -0.841129 -0.540834 -0.000000 -0.818795 -0.574086 -0.000000 -0.818795 -0.574086 -0.000000 -0.818795 -0.574086 -0.000000 -0.818795 -0.574086 -0.000000 -0.794043 -0.607861 -0.000000 -0.794043 -0.607861 -0.000000 -0.794043 -0.607861 -0.000000 -0.794043 -0.607861 -0.000000 -0.767924 -0.640541 -0.000000 -0.767924 -0.640541 -0.000000 -0.767924 -0.640541 -0.000000 -0.767924 -0.640541 -0.000000 -0.740501 -0.672055 -0.000000 -0.740501 -0.672055 -0.000000 -0.740501 -0.672055 -0.000000 -0.740501 -0.672055 -0.000000 -0.711739 -0.702444 -0.000000 -0.711739 -0.702444 -0.000000 -0.711739 -0.702444 -0.000000 -0.711739 -0.702444 -0.000000 -0.681663 -0.731666 -0.000000 -0.681663 -0.731666 -0.000000 -0.681663 -0.731666 -0.000000 -0.681663 -0.731666 -0.000000 -0.650565 -0.759450 -0.000000 -0.650565 -0.759450 -0.000000 -0.650565 -0.759450 -0.000000 -0.650565 -0.759450 -0.000000 -0.618282 -0.785956 -0.000000 -0.618282 -0.785956 -0.000000 -0.618282 -0.785956 -0.000000 -0.618282 -0.785956 -0.000000 -0.569991 -0.821651 -0.000000 -0.569991 -0.821651 -0.000000 -0.569991 -0.821651 -0.000000 -0.569991 -0.821651 -0.000000 -0.534362 -0.845256 -0.000000 -0.534362 -0.845256 -0.000000 -0.534362 -0.845256 -0.000000 -0.534362 -0.845256 -0.000000 -0.582877 -0.812560 -0.000000 -0.582877 -0.812560 -0.000000 -0.582877 -0.812560 -0.000000 -0.582877 -0.812560 -0.000000 -0.631621 -0.775277 -0.000000 -0.631621 -0.775277 -0.000000 -0.631621 -0.775277 -0.000000 -0.631621 -0.775277 -0.000000 -0.684201 -0.729294 -0.000000 -0.684201 -0.729294 -0.000000 -0.684201 -0.729294 -0.000000 -0.684201 -0.729294 -0.000000 -0.740787 -0.671739 -0.000000 -0.740787 -0.671739 -0.000000 -0.740787 -0.671739 -0.000000 -0.740787 -0.671739 -0.000000 -0.801552 -0.597925 -0.000000 -0.801552 -0.597925 -0.000000 -0.801552 -0.597925 -0.000000 -0.801552 -0.597925 -0.000000 -0.864950 -0.501857 -0.000000 -0.864950 -0.501857 -0.000000 -0.864950 -0.501857 -0.000000 -0.864950 -0.501857 -0.000000 -0.926884 -0.375349 -0.000000 -0.926884 -0.375349 -0.000000 -0.926884 -0.375349 -0.000000 -0.926884 -0.375349 -0.000000 -0.977960 -0.208792 -0.000000 -0.977960 -0.208792 -0.000000 -0.977960 -0.208792 -0.000000 -0.977960 -0.208792 -0.000000 -0.999997 0.002304 -0.000000 -0.999997 0.002304 -0.000000 -0.999997 0.002304 -0.000000 -0.999997 0.002304 -0.000000 -0.960257 0.279118 -0.000000 -0.960257 0.279118 -0.000000 -0.960257 0.279118 -0.000000 -0.960257 0.279118 -0.000000 -0.913349 0.407178 -0.000000 -0.913349 0.407178 -0.000000 -0.913349 0.407178 -0.000000 -0.913349 0.407178 -0.000000 -0.920406 0.390963 -0.000000 -0.920406 0.390963 -0.000000 -0.920406 0.390963 -0.000000 -0.920406 0.390963 -0.000000 -0.927277 0.374376 -0.000000 -0.927277 0.374376 -0.000000 -0.927277 0.374376 -0.000000 -0.927277 0.374376 -0.000000 -0.933755 0.357913 -0.000000 -0.933755 0.357913 -0.000000 -0.933755 0.357913 -0.000000 -0.933755 0.357913 -0.000000 -0.876380 0.481621 -0.000000 -0.876380 0.481621 -0.000000 -0.876380 0.481621 -0.000000 -0.876380 0.481621 -0.000000 -0.708719 0.705491 -0.000000 -0.708719 0.705491 -0.000000 -0.708719 0.705491 -0.000000 -0.708719 0.705491 -0.000000 -0.543890 0.839157 -0.000000 -0.543890 0.839157 -0.000000 -0.543890 0.839157 -0.000000 -0.543890 0.839157 -0.000000 -0.389974 0.920826 -0.000000 -0.389974 0.920826 -0.000000 -0.389974 0.920826 -0.000000 -0.389974 0.920826 -0.000000 -0.256749 0.966478 -0.000000 -0.256749 0.966478 -0.000000 -0.256749 0.966478 -0.000000 -0.256749 0.966478 -0.000000 -0.143985 0.989580 -0.000000 -0.143985 0.989580 -0.000000 -0.143985 0.989580 -0.000000 -0.143985 0.989580 -0.000000 -0.048830 0.998807 -0.000000 -0.048830 0.998807 -0.000000 -0.048830 0.998807 -0.000000 -0.048830 0.998807 -0.000000 0.031881 0.999492 0.000000 0.031881 0.999492 0.000000 0.031881 0.999492 0.000000 0.031881 0.999492 0.000000 0.101588 0.994827 0.000000 0.101588 0.994827 0.000000 0.101588 0.994827 0.000000 0.101588 0.994827 0.000000 0.162407 0.986724 0.000000 0.162407 0.986724 0.000000 0.162407 0.986724 0.000000 0.162407 0.986724 0.000000 0.219838 0.975536 0.000000 0.219838 0.975536 0.000000 0.219838 0.975536 0.000000 0.219838 0.975536 0.000000 0.177951 0.984039 0.000000 0.177951 0.984039 0.000000 0.177951 0.984039 0.000000 0.177951 0.984039 0.000000 0.118562 0.992947 0.000000 0.118562 0.992947 0.000000 0.118562 0.992947 0.000000 0.118562 0.992947 0.000000 0.076992 0.997032 0.000000 0.076992 0.997032 0.000000 0.076992 0.997032 0.000000 0.076992 0.997032 0.000000 0.035358 0.999375 0.000000 0.035358 0.999375 0.000000 0.035358 0.999375 0.000000 0.035358 0.999375 0.000000 -0.006574 0.999978 -0.000000 -0.006574 0.999978 -0.000000 -0.006574 0.999978 -0.000000 -0.006574 0.999978 -0.000000 -0.048399 0.998828 -0.000000 -0.048399 0.998828 -0.000000 -0.048399 0.998828 -0.000000 -0.048399 0.998828 -0.000000 -0.090073 0.995935 -0.000000 -0.090073 0.995935 -0.000000 -0.090073 0.995935 -0.000000 -0.090073 0.995935 -0.000000 -0.131650 0.991296 -0.000000 -0.131650 0.991296 -0.000000 -0.131650 0.991296 -0.000000 -0.131650 0.991296 -0.000000 -0.173035 0.984916 -0.000000 -0.173035 0.984916 -0.000000 -0.173035 0.984916 -0.000000 -0.173035 0.984916 -0.000000 -0.212352 0.977193 -0.000000 -0.212352 0.977193 -0.000000 -0.212352 0.977193 -0.000000 -0.212352 0.977193 -0.000000 -0.972579 0.232572 -0.000000 -0.972579 0.232572 -0.000000 -0.968223 0.250090 -0.000000 -0.968223 0.250090 -0.000000 -0.963550 0.267527 -0.000000 -0.963550 0.267527 -0.000000 -0.958564 0.284876 -0.000000 -0.958564 0.284876 -0.000000 -0.672480 -0.740115 -0.000000 -0.672480 -0.740115 -0.000000 -0.672480 -0.740115 -0.000000 -0.672480 -0.740115 -0.000000 -0.642310 -0.766445 -0.000000 -0.642310 -0.766445 -0.000000 -0.642310 -0.766445 -0.000000 -0.642310 -0.766445 -0.000000 -0.609660 -0.792663 -0.000000 -0.609660 -0.792663 -0.000000 -0.609660 -0.792663 -0.000000 -0.609660 -0.792663 -0.000000 -0.575972 -0.817469 -0.000000 -0.575972 -0.817469 -0.000000 -0.575972 -0.817469 -0.000000 -0.575972 -0.817469 -0.000000 0.000000 0.000000 -1.000000 0.000000 0.000000 -1.000000 0.000000 0.000000 -1.000000 0.000000 0.000000 -1.000000 0.000000 0.000000 -1.000000 0.000000 0.000000 -1.000000 0.000000 0.000000 -1.000000 0.000000 0.000000 -1.000000 0.000000 0.000000 -1.000000 0.000000 0.000000 -1.000000 0.000000 0.000000 -1.000000 0.000000 0.000000 -1.000000 0.000000 0.000000 -1.000000 0.000000 0.000000 -1.000000 0.000000 0.000000 -1.000000 0.000000 0.000000 -1.000000 0.000000 0.000000 -1.000000 0.000000 0.000000 -1.000000 0.000000 0.000000 -1.000000 0.000000 0.000000 -1.000000 0.000000 0.000000 -1.000000 0.000000 0.000000 -1.000000 0.000000 0.000000 -1.000000 0.000000 0.000000 -1.000000 0.000000 0.000000 -1.000000 0.000000 0.000000 -1.000000 0.000000 0.000000 -1.000000 0.000000 0.000000 -1.000000 0.000000 0.000000 -1.000000 0.000000 0.000000 -1.000000 0.000000 0.000000 -1.000000 0.000000 0.000000 -1.000000 0.000000 0.000000 -1.000000 0.000000 0.000000 -1.000000 0.000000 0.000000 -1.000000 0.000000 0.000000 -1.000000 0.000000 0.000000 -1.000000 0.000000 0.000000 -1.000000 0.000000 0.000000 -1.000000 0.000000 0.000000 -1.000000 0.000000 0.000000 -1.000000 0.000000 0.000000 -1.000000 0.000000 0.000000 -1.000000 0.000000 0.000000 -1.000000 0.000000 0.000000 -1.000000 0.000000 0.000000 -1.000000 0.000000 0.000000 -1.000000 0.000000 0.000000 -1.000000 0.000000 0.000000 -1.000000 0.000000 0.000000 -1.000000 0.000000 0.000000 -1.000000 0.000000 0.000000 -1.000000 0.000000 0.000000 -1.000000 0.000000 0.000000 -1.000000 0.000000 0.000000 -1.000000 0.000000 0.000000 -1.000000 0.000000 0.000000 -1.000000 0.000000 0.000000 -1.000000 0.000000 0.000000 -1.000000 0.000000 0.000000 -1.000000 0.000000 0.000000 -1.000000 0.000000 0.000000 -1.000000 0.000000 0.000000 -1.000000 0.000000 0.000000 -1.000000 0.000000 0.000000 -1.000000 0.000000 0.000000 -1.000000 0.000000 0.000000 -1.000000 0.000000 0.000000 -1.000000 0.000000 0.000000 -1.000000 0.000000 0.000000 -1.000000 0.000000 0.000000 -1.000000 0.000000 0.000000 -1.000000 0.000000 0.000000 -1.000000 0.000000 0.000000 -1.000000 0.000000 0.000000 -1.000000 0.000000 0.000000 -1.000000 0.000000 0.000000 -1.000000 0.000000 0.000000 -1.000000 0.000000 0.000000 -1.000000 0.000000 0.000000 -1.000000 0.000000 0.000000 -1.000000 0.000000 0.000000 -1.000000 0.000000 0.000000 -1.000000 0.000000 0.000000 -1.000000 0.000000 0.000000 -1.000000 0.000000 0.000000 -1.000000 0.000000 0.000000 -1.000000 0.000000 0.000000 -1.000000 0.000000 0.000000 -1.000000 0.000000 0.000000 -1.000000 0.000000 0.000000 -1.000000 0.000000 0.000000 -1.000000 0.000000 0.000000 -1.000000 0.000000 0.000000 -1.000000 0.000000 0.000000 -1.000000 0.000000 0.000000 -1.000000 0.000000 0.000000 -1.000000 0.000000 0.000000 -1.000000 0.000000 0.000000 -1.000000 0.000000 0.000000 -1.000000 0.000000 0.000000 -1.000000 0.000000 0.000000 -1.000000 0.000000 0.000000 -1.000000 0.000000 0.000000 -1.000000 0.000000 0.000000 -1.000000 0.000000 0.000000 -1.000000 0.000000 0.000000 -1.000000 0.000000 0.000000 -1.000000 0.000000 0.000000 -1.000000 0.000000 0.000000 -1.000000 0.000000 0.000000 -1.000000 0.000000 0.000000 -1.000000 0.000000 0.000000 -1.000000 0.000000 0.000000 -1.000000 0.000000 0.000000 -1.000000 0.000000 0.000000 -1.000000 0.000000 0.000000 -1.000000 0.000000 0.000000 -1.000000 0.000000 0.000000 -1.000000 0.000000 0.000000 -1.000000 0.000000 0.000000 -1.000000 0.000000 0.000000 -1.000000 0.000000 0.000000 -1.000000 0.000000 0.000000 -1.000000 0.000000 0.000000 -1.000000 0.000000 0.000000 -1.000000 0.000000 0.000000 -1.000000 0.000000 0.000000 -1.000000 0.000000 0.000000 -1.000000 0.000000 0.000000 -1.000000 0.000000 0.000000 -1.000000 0.000000 0.000000 -1.000000 0.000000 0.000000 -1.000000 0.000000 0.000000 -1.000000 0.000000 0.000000 -1.000000 0.000000 0.000000 -1.000000 0.000000 0.000000 -1.000000 0.000000 0.000000 -1.000000 0.000000 0.000000 -1.000000 0.000000 0.000000 -1.000000 0.000000 0.000000 -1.000000 0.000000 0.000000 -1.000000 0.000000 0.000000 -1.000000 0.000000 0.000000 -1.000000 0.000000 0.000000 -1.000000 0.000000 0.000000 -1.000000 0.000000 0.000000 -1.000000 0.000000 0.000000 -1.000000 0.000000 0.000000 -1.000000 0.000000 0.000000 -1.000000 0.000000 0.000000 -1.000000 0.000000 0.000000 -1.000000 0.000000 0.000000 -1.000000 0.000000 0.000000 -1.000000 0.000000 0.000000 -1.000000 0.000000 0.000000 -1.000000 0.000000 0.000000 -1.000000 0.000000 0.000000 -1.000000 0.000000 0.000000 -1.000000 0.000000 0.000000 -1.000000 0.000000 0.000000 -1.000000 0.000000 0.000000 -1.000000 0.000000 0.000000 -1.000000 0.000000 0.000000 -1.000000 0.000000 0.000000 -1.000000 0.000000 0.000000 -1.000000 0.000000 0.000000 -1.000000 0.000000 0.000000 -1.000000 0.000000 0.000000 -1.000000 0.000000 0.000000 -1.000000 0.000000 0.000000 -1.000000 0.000000 0.000000 -1.000000 0.000000 0.000000 -1.000000 0.000000 0.000000 -1.000000 0.000000 0.000000 -1.000000 0.000000 0.000000 -1.000000 0.000000 0.000000 -1.000000 0.000000 0.000000 -1.000000 0.000000 0.000000 -1.000000 0.000000 0.000000 -1.000000 0.000000 0.000000 -1.000000 0.000000 0.000000 -1.000000 0.000000 0.000000 -1.000000 0.000000 0.000000 -1.000000 0.000000 0.000000 -1.000000 0.000000 0.000000 -1.000000 0.000000 0.000000 -1.000000 0.000000 0.000000 -1.000000 0.000000 0.000000 -1.000000 0.000000 0.000000 -1.000000 0.000000 0.000000 -1.000000 0.000000 0.000000 -1.000000 0.000000 0.000000 -1.000000 0.000000 0.000000 -1.000000 0.000000 0.000000 -1.000000 0.000000 0.000000 -1.000000 0.000000 0.000000 -1.000000 0.000000 0.000000 -1.000000 0.000000 0.000000 -1.000000 0.000000 0.000000 -1.000000 0.000000 0.000000 -1.000000 0.000000 0.000000 -1.000000 0.000000 0.000000 -1.000000 0.000000 0.000000 -1.000000 0.000000 0.000000 -1.000000 0.000000 0.000000 -1.000000 0.000000 0.000000 -1.000000 0.000000 0.000000 -1.000000 0.000000 0.000000 -1.000000 0.000000 0.000000 -1.000000 0.000000 0.000000 -1.000000 0.000000 0.000000 -1.000000 0.000000 0.000000 -1.000000 0.000000 0.000000 -1.000000 0.000000 0.000000 -1.000000 0.000000 0.000000 -1.000000 0.000000 0.000000 -1.000000 0.000000 0.000000 -1.000000 0.000000 0.000000 -1.000000 0.000000 0.000000 -1.000000 0.000000 0.000000 -1.000000 0.000000 0.000000 -1.000000 0.000000 0.000000 -1.000000 0.000000 0.000000 -1.000000 0.000000 0.000000 -1.000000 0.000000 0.000000 -1.000000 0.000000 0.000000 -1.000000 0.000000 0.000000 -1.000000 0.000000 0.000000 -1.000000 0.000000 0.000000 -1.000000 0.000000 0.000000 -1.000000 0.000000 0.000000 -1.000000 0.000000 0.000000 -1.000000 0.000000 0.000000 -1.000000 0.000000 0.000000 -1.000000 0.000000 0.000000 -1.000000 0.000000 0.000000 -1.000000 0.000000 0.000000 -1.000000 0.000000 0.000000 -1.000000 0.000000 0.000000 -1.000000 0.000000 0.000000 -1.000000 0.000000 0.000000 -1.000000 0.000000 0.000000 -1.000000 0.000000 0.000000 -1.000000 0.000000 0.000000 -1.000000 0.000000 0.000000 -1.000000 0.000000 0.000000 -1.000000 0.000000 0.000000 -1.000000 0.000000 0.000000 -1.000000 0.000000 0.000000 -1.000000 0.000000 0.000000 -1.000000 0.000000 0.000000 -1.000000 0.000000 0.000000 -1.000000 0.000000 0.000000 -1.000000 0.000000 0.000000 -1.000000 0.000000 0.000000 -1.000000 0.000000 0.000000 -1.000000 0.000000 0.000000 -1.000000 0.000000 0.000000 -1.000000 0.000000 0.000000 -1.000000 0.000000 0.000000 -1.000000 0.000000 0.000000 -1.000000 0.000000 0.000000 -1.000000 0.000000 0.000000 -1.000000 0.000000 0.000000 -1.000000 0.000000 0.000000 -1.000000 0.000000 0.000000 -1.000000 0.000000 0.000000 -1.000000 0.000000 0.000000 -1.000000 0.000000 0.000000 -1.000000 0.000000 0.000000 -1.000000 0.000000 0.000000 -1.000000 0.000000 0.000000 -1.000000 0.000000 0.000000 -1.000000 0.000000 0.000000 -1.000000 0.000000 0.000000 -1.000000 0.000000 0.000000 -1.000000 0.000000 0.000000 -1.000000 0.000000 0.000000 -1.000000 0.000000 0.000000 -1.000000 0.000000 0.000000 -1.000000 0.000000 0.000000 -1.000000 0.000000 0.000000 -1.000000 0.000000 0.000000 -1.000000 0.000000 0.000000 -1.000000 0.000000 0.000000 -1.000000 0.000000 0.000000 -1.000000 0.000000 0.000000 -1.000000 0.000000 0.000000 -1.000000 0.000000 0.000000 -1.000000 0.000000 0.000000 -1.000000 0.000000 0.000000 -1.000000 0.000000 0.000000 -1.000000 0.000000 0.000000 -1.000000 0.000000 0.000000 -1.000000 0.000000 0.000000 -1.000000 0.000000 0.000000 -1.000000 0.000000 0.000000 -1.000000 0.000000 0.000000 -1.000000 0.000000 0.000000 -1.000000 0.000000 0.000000 -1.000000 0.000000 0.000000 -1.000000 0.000000 0.000000 -1.000000 0.000000 0.000000 -1.000000 0.000000 0.000000 -1.000000 0.000000 0.000000 -1.000000 0.000000 0.000000 -1.000000 0.000000 0.000000 -1.000000 0.000000 0.000000 -1.000000 0.000000 0.000000 -1.000000 0.000000 0.000000 -1.000000 0.000000 0.000000 -1.000000 0.000000 0.000000 -1.000000 0.000000 0.000000 -1.000000 0.000000 0.000000 -1.000000 0.000000 0.000000 -1.000000 0.000000 0.000000 -1.000000 0.000000 0.000000 -1.000000 0.000000 0.000000 -1.000000 0.000000 0.000000 -1.000000 0.000000 0.000000 -1.000000 0.000000 0.000000 -1.000000 0.000000 0.000000 -1.000000 0.000000 0.000000 -1.000000 0.000000 0.000000 -1.000000 0.000000 0.000000 -1.000000 0.000000 0.000000 -1.000000 0.000000 0.000000 -1.000000 0.000000 0.000000 -1.000000 0.000000 0.000000 -1.000000 0.000000 0.000000 -1.000000 0.000000 0.000000 -1.000000 0.000000 0.000000 -1.000000 0.000000 0.000000 -1.000000 0.000000 0.000000 -1.000000 0.000000 0.000000 -1.000000 0.000000 0.000000 -1.000000 0.000000 0.000000 -1.000000 0.000000 0.000000 -1.000000 0.000000 0.000000 -1.000000 0.000000 0.000000 -1.000000 0.000000 0.000000 -1.000000 0.000000 0.000000 -1.000000 0.000000 0.000000 -1.000000 0.000000 0.000000 -1.000000 0.000000 0.000000 -1.000000 0.000000 0.000000 -1.000000 0.000000 0.000000 -1.000000 0.000000 0.000000 -1.000000 0.000000 0.000000 -1.000000 0.000000 0.000000 -1.000000 0.000000 0.000000 -1.000000 0.000000 0.000000 -1.000000 0.000000 0.000000 -1.000000 0.000000 0.000000 -1.000000 0.000000 0.000000 -1.000000 0.000000 0.000000 -1.000000 0.000000 0.000000 -1.000000 0.000000 0.000000 -1.000000 0.000000 0.000000 -1.000000 0.000000 0.000000 -1.000000 0.000000 0.000000 -1.000000 0.000000 0.000000 -1.000000 0.000000 0.000000 -1.000000 0.000000 0.000000 -1.000000 0.000000 0.000000 -1.000000 0.000000 0.000000 -1.000000 0.000000 0.000000 -1.000000 0.000000 0.000000 -1.000000 0.000000 0.000000 -1.000000 0.000000 0.000000 -1.000000 0.000000 0.000000 -1.000000 0.000000 0.000000 -1.000000 0.000000 0.000000 -1.000000 0.000000 0.000000 -1.000000 0.000000 0.000000 -1.000000 0.000000 0.000000 -1.000000 0.000000 0.000000 -1.000000 0.000000 0.000000 -1.000000 0.000000 0.000000 -1.000000 0.000000 0.000000 -1.000000 0.000000 0.000000 -1.000000 0.000000 0.000000 -1.000000 0.000000 0.000000 -1.000000 0.000000 0.000000 -1.000000 0.000000 0.000000 -1.000000 0.000000 0.000000 -1.000000 0.000000 0.000000 -1.000000 0.000000 0.000000 -1.000000 0.000000 0.000000 -1.000000 0.000000 0.000000 -1.000000 0.000000 0.000000 -1.000000 0.000000 0.000000 -1.000000 0.000000 0.000000 -1.000000 0.000000 0.000000 -1.000000 0.000000 0.000000 -1.000000 0.000000 0.000000 -1.000000 0.000000 0.000000 -1.000000 0.000000 0.000000 -1.000000 0.000000 0.000000 -1.000000 0.000000 0.000000 -1.000000 0.000000 0.000000 -1.000000 0.000000 0.000000 -1.000000 0.000000 0.000000 -1.000000 0.000000 0.000000 -1.000000 0.000000 0.000000 -1.000000 0.000000 0.000000 -1.000000 0.000000 0.000000 -1.000000 0.000000 0.000000 -1.000000 0.000000 0.000000 -1.000000 0.000000 0.000000 -1.000000 0.000000 0.000000 -1.000000 0.000000 0.000000 -1.000000 0.000000 0.000000 -1.000000 0.000000 0.000000 -1.000000 0.000000 0.000000 -1.000000 0.000000 0.000000 -1.000000 0.000000 0.000000 -1.000000 0.000000 0.000000 -1.000000 0.000000 0.000000 -1.000000 0.000000 0.000000 -1.000000 0.000000 0.000000 -1.000000 0.000000 0.000000 -1.000000 0.000000 0.000000 -1.000000 0.000000 0.000000 -1.000000 0.000000 0.000000 -1.000000 0.000000 0.000000 -1.000000 0.000000 0.000000 -1.000000 0.000000 0.000000 -1.000000 0.000000 0.000000 -1.000000 0.000000 0.000000 -1.000000 0.000000 0.000000 -1.000000 0.000000 0.000000 -1.000000 0.000000 0.000000 -1.000000 0.000000 0.000000 -1.000000 0.000000 0.000000 -1.000000 0.000000 0.000000 -1.000000 0.000000 0.000000 -1.000000 0.000000 0.000000 -1.000000 0.000000 0.000000 -1.000000 0.000000 0.000000 -1.000000 0.000000 0.000000 -1.000000 0.000000 0.000000 -1.000000 0.000000 0.000000 -1.000000 0.000000 0.000000 -1.000000 0.000000 0.000000 -1.000000 0.000000 0.000000 -1.000000 0.000000 0.000000 -1.000000 0.000000 0.000000 -1.000000 0.000000 0.000000 -1.000000 0.000000 0.000000 -1.000000 0.000000 0.000000 -1.000000 0.000000 0.000000 -1.000000 0.000000 0.000000 -1.000000 0.000000 0.000000 -1.000000 0.000000 0.000000 -1.000000 0.000000 0.000000 -1.000000 0.000000 0.000000 -1.000000 0.000000 0.000000 -1.000000 0.000000 0.000000 -1.000000 0.000000 0.000000 -1.000000 0.000000 0.000000 -1.000000 0.000000 0.000000 -1.000000 0.000000 0.000000 -1.000000 0.000000 0.000000 -1.000000 0.000000 0.000000 -1.000000 0.000000 0.000000 -1.000000 0.000000 0.000000 -1.000000 0.000000 0.000000 -1.000000 0.000000 0.000000 -1.000000 0.000000 0.000000 -1.000000 0.000000 0.000000 -1.000000 0.000000 0.000000 -1.000000 0.000000 0.000000 -1.000000 0.000000 0.000000 -1.000000 0.000000 0.000000 -1.000000 0.000000 0.000000 -1.000000 0.000000 0.000000 -1.000000 0.000000 0.000000 -1.000000 0.000000 0.000000 -1.000000 0.000000 0.000000 -1.000000 0.000000 0.000000 -1.000000 0.000000 0.000000 -1.000000 0.000000 0.000000 -1.000000 0.000000 0.000000 -1.000000 0.000000 0.000000 -1.000000 0.000000 0.000000 -1.000000 0.000000 0.000000 -1.000000 0.000000 0.000000 -1.000000 0.000000 0.000000 -1.000000 0.000000 0.000000 -1.000000 0.000000 0.000000 -1.000000 0.000000 0.000000 -1.000000 0.000000 0.000000 -1.000000 0.000000 0.000000 -1.000000 0.000000 0.000000 -1.000000 0.000000 0.000000 -1.000000 0.000000 0.000000 -1.000000 0.000000 0.000000 -1.000000 0.000000 0.000000 -1.000000 0.000000 0.000000 -1.000000 0.000000 0.000000 -1.000000 0.000000 0.000000 -1.000000 0.000000 0.000000 -1.000000 0.000000 0.000000 -1.000000 0.000000 0.000000 -1.000000 0.000000 0.000000 -1.000000 0.000000 0.000000 -1.000000 0.000000 0.000000 -1.000000 0.000000 0.000000 -1.000000 0.000000 0.000000 -1.000000 0.000000 0.000000 -1.000000 0.000000 0.000000 -1.000000 0.000000 0.000000 -1.000000 0.000000 0.000000 -1.000000 0.000000 0.000000 -1.000000 0.000000 0.000000 -1.000000 0.000000 0.000000 -1.000000 0.000000 0.000000 -1.000000 0.000000 0.000000 -1.000000 0.000000 0.000000 -1.000000 0.000000 0.000000 -1.000000 0.000000 0.000000 -1.000000 0.000000 0.000000 -1.000000 0.000000 0.000000 -1.000000 0.000000 0.000000 -1.000000 0.000000 0.000000 -1.000000 0.000000 0.000000 -1.000000 0.000000 0.000000 -1.000000 0.000000 0.000000 -1.000000 0.000000 0.000000 -1.000000 0.000000 0.000000 -1.000000 0.000000 0.000000 -1.000000 0.000000 0.000000 -1.000000 0.000000 0.000000 -1.000000 0.000000 0.000000 -1.000000 0.000000 0.000000 -1.000000 0.000000 0.000000 -1.000000 0.000000 0.000000 -1.000000 0.000000 0.000000 -1.000000 0.000000 0.000000 -1.000000 0.000000 0.000000 -1.000000 0.000000 0.000000 -1.000000 0.000000 0.000000 -1.000000 0.000000 0.000000 -1.000000 0.000000 0.000000 -1.000000 0.000000 0.000000 -1.000000 0.000000 0.000000 -1.000000 0.000000 0.000000 -1.000000 0.000000 0.000000 -1.000000 0.000000 0.000000 -1.000000 0.000000 0.000000 -1.000000 0.000000 0.000000 -1.000000 0.000000 0.000000 -1.000000 0.000000 0.000000 -1.000000 0.000000 0.000000 -1.000000 0.000000 0.000000 -1.000000 0.000000 0.000000 -1.000000 0.000000 0.000000 -1.000000 0.000000 0.000000 -1.000000 0.000000 0.000000 -1.000000 0.000000 0.000000 -1.000000 0.000000 0.000000 -1.000000 0.000000 0.000000 -1.000000 0.000000 0.000000 -1.000000 0.000000 0.000000 -1.000000 0.000000 0.000000 -1.000000 0.000000 0.000000 -1.000000 0.000000 0.000000 -1.000000 0.000000 0.000000 -1.000000 0.000000 0.000000 -1.000000 0.000000 0.000000 -1.000000 0.000000 0.000000 -1.000000 0.000000 0.000000 -1.000000 0.000000 0.000000 -1.000000 0.000000 0.000000 -1.000000 0.000000 0.000000 -1.000000 0.000000 0.000000 -1.000000 0.000000 0.000000 -1.000000 0.000000 0.000000 -1.000000 0.000000 0.000000 -1.000000 0.000000 0.000000 -1.000000 0.000000 0.000000 -1.000000 0.000000 0.000000 -1.000000 0.000000 0.000000 -1.000000 0.000000 0.000000 -1.000000 0.000000 0.000000 -1.000000 0.000000 0.000000 -1.000000 0.000000 0.000000 -1.000000 0.000000 0.000000 -1.000000 0.000000 0.000000 -1.000000 0.000000 0.000000 -1.000000 0.000000 0.000000 -1.000000 0.000000 0.000000 -1.000000 0.000000 0.000000 -1.000000 0.000000 0.000000 -1.000000 0.000000 0.000000 -1.000000 0.000000 0.000000 -1.000000 0.000000 0.000000 -1.000000 0.000000 0.000000 -1.000000 0.000000 0.000000 -1.000000 0.000000 0.000000 -1.000000 0.000000 0.000000 -1.000000 0.000000 0.000000 -1.000000 0.000000 0.000000 -1.000000 0.000000 0.000000 -1.000000 0.000000 0.000000 -1.000000 0.000000 0.000000 -1.000000 0.000000 0.000000 -1.000000 0.000000 0.000000 -1.000000 0.000000 0.000000 -1.000000 0.000000 0.000000 -1.000000 0.000000 0.000000 -1.000000 0.000000 0.000000 -1.000000 0.000000 0.000000 -1.000000 0.000000 0.000000 -1.000000 0.000000 0.000000 -1.000000 0.000000 0.000000 -1.000000 0.000000 0.000000 -1.000000 0.000000 0.000000 -1.000000 0.000000 0.000000 -1.000000 0.000000 0.000000 -1.000000 0.000000 0.000000 -1.000000 0.000000 0.000000 -1.000000 0.000000 0.000000 -1.000000 0.000000 0.000000 -1.000000 0.000000 0.000000 -1.000000 0.000000 0.000000 -1.000000 0.000000 0.000000 -1.000000 0.000000 0.000000 -1.000000 0.000000 0.000000 -1.000000 0.000000 0.000000 -1.000000 0.000000 0.000000 -1.000000 0.000000 0.000000 -1.000000 0.000000 0.000000 -1.000000 0.000000 0.000000 -1.000000 0.000000 0.000000 -1.000000 0.000000 0.000000 -1.000000 0.000000 0.000000 -1.000000 0.000000 0.000000 -1.000000 0.000000 0.000000 -1.000000 0.000000 0.000000 -1.000000 0.000000 0.000000 -1.000000 0.000000 0.000000 -1.000000 0.000000 0.000000 -1.000000 0.000000 0.000000 -1.000000 0.000000 0.000000 -1.000000 0.000000 0.000000 -1.000000 0.000000 0.000000 -1.000000 0.000000 0.000000 -1.000000 0.000000 0.000000 -1.000000 0.000000 0.000000 -1.000000 0.000000 0.000000 -1.000000 0.000000 0.000000 -1.000000 0.000000 0.000000 -1.000000 0.000000 0.000000 -1.000000 0.000000 0.000000 -1.000000 0.000000 0.000000 -1.000000 0.000000 0.000000 -1.000000 0.000000 0.000000 -1.000000 0.000000 0.000000 -1.000000 0.000000 0.000000 -1.000000 0.000000 0.000000 -1.000000 0.000000 0.000000 -1.000000 0.000000 0.000000 -1.000000 0.000000 0.000000 -1.000000 0.000000 0.000000 -1.000000 0.000000 0.000000 -1.000000 0.000000 0.000000 -1.000000 0.000000 0.000000 -1.000000 0.000000 0.000000 -1.000000 0.000000 0.000000 -1.000000 0.000000 0.000000 -1.000000 0.000000 0.000000 -1.000000 0.000000 0.000000 -1.000000 0.000000 0.000000 -1.000000 0.000000 0.000000 -1.000000 0.000000 0.000000 -1.000000 0.000000 0.000000 -1.000000 0.000000 0.000000 -1.000000 0.000000 0.000000 -1.000000 0.000000 0.000000 -1.000000 0.000000 0.000000 -1.000000 0.000000 0.000000 -1.000000 0.000000 0.000000 -1.000000 0.000000 0.000000 -1.000000 0.000000 0.000000 -1.000000 0.000000 0.000000 -1.000000 0.000000 0.000000 -1.000000 0.000000 0.000000 -1.000000 0.000000 0.000000 -1.000000 0.000000 0.000000 -1.000000 0.000000 0.000000 -1.000000 0.000000 0.000000 -1.000000 0.000000 0.000000 -1.000000 0.000000 0.000000 -1.000000 0.000000 0.000000 -1.000000 0.000000 0.000000 -1.000000 0.000000 0.000000 -1.000000 0.000000 0.000000 -1.000000 0.000000 0.000000 -1.000000 0.000000 0.000000 -1.000000 0.000000 0.000000 -1.000000 0.000000 0.000000 -1.000000 0.000000 0.000000 -1.000000 0.000000 0.000000 -1.000000 0.000000 0.000000 -1.000000 0.000000 0.000000 -1.000000 0.000000 0.000000 -1.000000 0.000000 0.000000 -1.000000 0.000000 0.000000 -1.000000 0.000000 0.000000 -1.000000 0.000000 0.000000 -1.000000 0.000000 0.000000 -1.000000 0.000000 0.000000 -1.000000 0.000000 0.000000 -1.000000 0.000000 0.000000 -1.000000 0.000000 0.000000 -1.000000 0.000000 0.000000 -1.000000 0.000000 0.000000 -1.000000 0.000000 0.000000 -1.000000 0.000000 0.000000 -1.000000 0.000000 0.000000 -1.000000 0.000000 0.000000 -1.000000 0.000000 0.000000 -1.000000 0.000000 0.000000 -1.000000 0.000000 0.000000 -1.000000 0.000000 0.000000 -1.000000 0.000000 0.000000 -1.000000 0.000000 0.000000 -1.000000 0.000000 0.000000 -1.000000 0.000000 0.000000 -1.000000 0.000000 0.000000 -1.000000 0.000000 0.000000 -1.000000 0.000000 0.000000 -1.000000 0.000000 0.000000 -1.000000 0.000000 0.000000 -1.000000 0.000000 0.000000 -1.000000 0.000000 0.000000 -1.000000 0.000000 0.000000 -1.000000 0.000000 0.000000 -1.000000 0.000000 0.000000 -1.000000 0.000000 0.000000 -1.000000 0.000000 0.000000 -1.000000 0.000000 0.000000 -1.000000 0.000000 0.000000 -1.000000 0.000000 0.000000 -1.000000 0.000000 0.000000 -1.000000 0.000000 0.000000 -1.000000 0.000000 0.000000 -1.000000 0.000000 0.000000 -1.000000 0.000000 0.000000 -1.000000 0.000000 0.000000 -1.000000 0.000000 0.000000 -1.000000 0.000000 0.000000 -1.000000 0.000000 0.000000 -1.000000 0.000000 0.000000 -1.000000 0.000000 0.000000 -1.000000 0.000000 0.000000 -1.000000 0.000000 0.000000 -1.000000 0.000000 0.000000 -1.000000 0.000000 0.000000 -1.000000 0.000000 0.000000 -1.000000 0.000000 0.000000 -1.000000 0.000000 0.000000 -1.000000 0.000000 0.000000 -1.000000 0.000000 0.000000 -1.000000 0.000000 0.000000 -1.000000 0.000000 0.000000 -1.000000 0.000000 0.000000 -1.000000 0.000000 0.000000 -1.000000 0.000000 0.000000 -1.000000 0.000000 0.000000 -1.000000 0.000000 0.000000 -1.000000 0.000000 0.000000 -1.000000 0.000000 0.000000 -1.000000 0.000000 0.000000 -1.000000 0.000000 0.000000 -1.000000 0.000000 0.000000 -1.000000 0.000000 0.000000 -1.000000 0.000000 0.000000 -1.000000 0.000000 0.000000 -1.000000 0.000000 0.000000 -1.000000 0.000000 0.000000 -1.000000 0.000000 0.000000 -1.000000 0.000000 0.000000 -1.000000 0.000000 0.000000 -1.000000 0.000000 0.000000 -1.000000 0.000000 0.000000 -1.000000 0.000000 0.000000 -1.000000 0.000000 0.000000 -1.000000 0.000000 0.000000 -1.000000 0.000000 0.000000 -1.000000 0.000000 0.000000 -1.000000 0.000000 0.000000 -1.000000 0.000000 0.000000 -1.000000 0.000000 0.000000 -1.000000 0.000000 0.000000 -1.000000 0.000000 0.000000 -1.000000 0.000000 0.000000 -1.000000 0.000000 0.000000 -1.000000 0.000000 0.000000 -1.000000 0.000000 0.000000 -1.000000 0.000000 0.000000 -1.000000 0.000000 0.000000 -1.000000 0.000000 0.000000 -1.000000 0.000000 0.000000 -1.000000 0.000000 0.000000 -1.000000 0.000000 0.000000 -1.000000 0.000000 0.000000 -1.000000 0.000000 0.000000 -1.000000 0.000000 0.000000 -1.000000 0.000000 0.000000 -1.000000 0.000000 0.000000 -1.000000 0.000000 0.000000 -1.000000 0.000000 0.000000 -1.000000 0.000000 0.000000 -1.000000 0.000000 0.000000 -1.000000 0.000000 0.000000 -1.000000 0.000000 0.000000 -1.000000 0.000000 0.000000 -1.000000 0.000000 0.000000 -1.000000 0.000000 0.000000 -1.000000 0.000000 0.000000 -1.000000 0.000000 0.000000 -1.000000 0.000000 0.000000 -1.000000 0.000000 0.000000 -1.000000 0.000000 0.000000 -1.000000 0.000000 0.000000 -1.000000 0.000000 0.000000 -1.000000 0.000000 0.000000 -1.000000 0.000000 0.000000 -1.000000 0.000000 0.000000 -1.000000 0.000000 0.000000 -1.000000 0.000000 0.000000 -1.000000 0.000000 0.000000 -1.000000 0.000000 0.000000 -1.000000 0.000000 0.000000 -1.000000 0.000000 0.000000 -1.000000 0.000000 0.000000 -1.000000 0.000000 0.000000 -1.000000 0.000000 0.000000 -1.000000 0.000000 0.000000 -1.000000 0.000000 0.000000 -1.000000 0.000000 0.000000 -1.000000 0.000000 0.000000 -1.000000 0.000000 0.000000 -1.000000 0.000000 0.000000 -1.000000 0.000000 0.000000 -1.000000 0.000000 0.000000 -1.000000 0.000000 0.000000 -1.000000 0.000000 0.000000 -1.000000 0.000000 0.000000 -1.000000 0.000000 0.000000 -1.000000 0.000000 0.000000 -1.000000 0.000000 0.000000 -1.000000 0.000000 0.000000 -1.000000 0.000000 0.000000 -1.000000 0.000000 0.000000 -1.000000 0.000000 0.000000 -1.000000 0.000000 0.000000 -1.000000 0.000000 0.000000 -1.000000 0.000000 0.000000 -1.000000 0.000000 0.000000 -1.000000 0.000000 0.000000 -1.000000 0.000000 0.000000 -1.000000 0.000000 0.000000 -1.000000 0.000000 0.000000 -1.000000 0.000000 0.000000 -1.000000 0.000000 0.000000 -1.000000 0.000000 0.000000 -1.000000 0.000000 0.000000 -1.000000 0.000000 0.000000 -1.000000 0.000000 0.000000 -1.000000 0.000000 0.000000 -1.000000 0.000000 0.000000 -1.000000 0.000000 0.000000 -1.000000 0.000000 0.000000 -1.000000 0.000000 0.000000 -1.000000 0.000000 0.000000 -1.000000 0.000000 0.000000 -1.000000 0.000000 0.000000 -1.000000 0.000000 0.000000 -1.000000 0.000000 0.000000 -1.000000 0.000000 0.000000 -1.000000 0.000000 0.000000 -1.000000 0.000000 0.000000 -1.000000 0.000000 0.000000 -1.000000 0.000000 0.000000 -1.000000 0.000000 0.000000 -1.000000 0.000000 0.000000 -1.000000 0.000000 0.000000 -1.000000 0.000000 0.000000 -1.000000 0.000000 0.000000 -1.000000 0.000000 0.000000 -1.000000 0.000000 0.000000 -1.000000 0.000000 0.000000 -1.000000 0.000000 0.000000 -1.000000 0.000000 0.000000 -1.000000 0.000000 0.000000 -1.000000 0.000000 0.000000 -1.000000 0.000000 0.000000 -1.000000 0.000000 0.000000 -1.000000 0.000000 0.000000 -1.000000 0.000000 0.000000 -1.000000 0.000000 0.000000 -1.000000 0.000000 0.000000 -1.000000 0.000000 0.000000 -1.000000 0.000000 0.000000 -1.000000 0.000000 0.000000 -1.000000 0.000000 0.000000 -1.000000 0.000000 0.000000 -1.000000 0.000000 0.000000 -1.000000 0.000000 0.000000 -1.000000 0.000000 0.000000 -1.000000 0.000000 0.000000 -1.000000 0.000000 0.000000 -1.000000 0.000000 0.000000 -1.000000 0.000000 0.000000 -1.000000 0.000000 0.000000 -1.000000 0.000000 0.000000 -1.000000 0.000000 0.000000 -1.000000 0.000000 0.000000 -1.000000 0.000000 0.000000 -1.000000 0.000000 0.000000 -1.000000 0.000000 0.000000 -1.000000 0.000000 0.000000 -1.000000 0.000000 0.000000 -1.000000 0.000000 0.000000 -1.000000 0.000000 0.000000 -1.000000 0.000000 0.000000 -1.000000 0.000000 0.000000 -1.000000 0.000000 0.000000 -1.000000 0.000000 0.000000 -1.000000 0.000000 0.000000 -1.000000 0.000000 0.000000 -1.000000 0.000000 0.000000 -1.000000 0.000000 0.000000 -1.000000 0.000000 0.000000 -1.000000 0.000000 0.000000 -1.000000 0.000000 0.000000 -1.000000 0.000000 0.000000 -1.000000 0.000000 0.000000 -1.000000 0.000000 0.000000 -1.000000 0.000000 0.000000 -1.000000 0.000000 0.000000 -1.000000 0.000000 0.000000 -1.000000 0.000000 0.000000 -1.000000 0.000000 0.000000 -1.000000 0.000000 0.000000 -1.000000 0.000000 0.000000 -1.000000 0.000000 0.000000 -1.000000 0.000000 0.000000 -1.000000 0.000000 0.000000 -1.000000 0.000000 0.000000 -1.000000 0.000000 0.000000 -1.000000 0.000000 0.000000 -1.000000 0.000000 0.000000 -1.000000 0.000000 0.000000 -1.000000 0.000000 0.000000 -1.000000 0.000000 0.000000 -1.000000 0.000000 0.000000 -1.000000 0.000000 0.000000 -1.000000 0.000000 0.000000 -1.000000 0.000000 0.000000 -1.000000 0.000000 0.000000 -1.000000 0.000000 0.000000 -1.000000 0.000000 0.000000 -1.000000 0.000000 0.000000 -1.000000 0.000000 0.000000 -1.000000 0.000000 0.000000 -1.000000 0.000000 0.000000 -1.000000 0.000000 0.000000 -1.000000 0.000000 0.000000 -1.000000 0.000000 0.000000 -1.000000 0.000000 0.000000 -1.000000 0.000000 0.000000 -1.000000 0.000000 0.000000 -1.000000 0.000000 0.000000 -1.000000 0.000000 0.000000 -1.000000 0.000000 0.000000 -1.000000 0.000000 0.000000 -1.000000 0.000000 0.000000 -1.000000 0.000000 0.000000 -1.000000 0.000000 0.000000 -1.000000 0.000000 0.000000 -1.000000 0.000000 0.000000 -1.000000 0.000000 0.000000 -1.000000 0.000000 0.000000 -1.000000 0.000000 0.000000 -1.000000 0.000000 0.000000 -1.000000 0.000000 0.000000 -1.000000 0.000000 0.000000 -1.000000 0.000000 0.000000 -1.000000 0.000000 0.000000 -1.000000 0.000000 0.000000 -1.000000 0.000000 0.000000 -1.000000 0.000000 0.000000 -1.000000 0.000000 0.000000 -1.000000 0.000000 0.000000 -1.000000 0.000000 0.000000 -1.000000 0.000000 0.000000 -1.000000 0.000000 0.000000 -1.000000 0.000000 0.000000 -1.000000 0.000000 0.000000 -1.000000 0.000000 0.000000 -1.000000 0.000000 0.000000 -1.000000 0.000000 0.000000 -1.000000 0.000000 0.000000 -1.000000 0.000000 0.000000 -1.000000 0.000000 0.000000 -1.000000 0.000000 0.000000 -1.000000 0.000000 0.000000 -1.000000 0.000000 0.000000 -1.000000 0.000000 0.000000 -1.000000 0.000000 0.000000 -1.000000 0.000000 0.000000 -1.000000 0.000000 0.000000 -1.000000 0.000000 0.000000 -1.000000 0.000000 0.000000 -1.000000 0.000000 0.000000 -1.000000 0.000000 0.000000 -1.000000 0.000000 0.000000 -1.000000 0.000000 0.000000 -1.000000 0.000000 0.000000 -1.000000 0.000000 0.000000 -1.000000 0.000000 0.000000 -1.000000 0.000000 0.000000 -1.000000 0.000000 0.000000 -1.000000 0.000000 0.000000 -1.000000 0.000000 0.000000 -1.000000 0.000000 0.000000 -1.000000 0.000000 0.000000 -1.000000 0.000000 0.000000 -1.000000 0.000000 0.000000 -1.000000 0.000000 0.000000 -1.000000 0.000000 0.000000 -1.000000 0.000000 0.000000 -1.000000 0.000000 0.000000 -1.000000 0.000000 0.000000 -1.000000 0.000000 0.000000 -1.000000 0.000000 0.000000 -1.000000 0.000000 0.000000 -1.000000 0.000000 0.000000 -1.000000 0.000000 0.000000 -1.000000 0.000000 0.000000 -1.000000 0.000000 0.000000 -1.000000 0.000000 0.000000 -1.000000 0.000000 0.000000 -1.000000 0.000000 0.000000 -1.000000 0.000000 0.000000 -1.000000 0.000000 0.000000 -1.000000 0.000000 0.000000 -1.000000 0.000000 0.000000 -1.000000 0.000000 0.000000 -1.000000 0.000000 0.000000 -1.000000 0.000000 0.000000 -1.000000 0.000000 0.000000 -1.000000 0.000000 0.000000 -1.000000 0.000000 0.000000 -1.000000 0.000000 0.000000 -1.000000 0.000000 0.000000 -1.000000 0.000000 0.000000 -1.000000 0.000000 0.000000 -1.000000 0.000000 0.000000 -1.000000 0.000000 0.000000 -1.000000 0.000000 0.000000 -1.000000 0.000000 0.000000 -1.000000 0.000000 0.000000 -1.000000 0.000000 0.000000 -1.000000 0.000000 0.000000 -1.000000 0.000000 0.000000 -1.000000 0.000000 0.000000 -1.000000 0.000000 0.000000 -1.000000 0.000000 0.000000 -1.000000 0.000000 0.000000 -1.000000 0.000000 0.000000 -1.000000 0.000000 0.000000 -1.000000 0.000000 0.000000 -1.000000 0.000000 0.000000 -1.000000 0.000000 0.000000 -1.000000 0.000000 0.000000 -1.000000 0.000000 0.000000 -1.000000 0.000000 0.000000 -1.000000 0.000000 0.000000 -1.000000 0.000000 0.000000 -1.000000 0.000000 0.000000 -1.000000 0.000000 0.000000 -1.000000 0.000000 0.000000 -1.000000 0.000000 0.000000 -1.000000 0.000000 0.000000 -1.000000 0.000000 0.000000 -1.000000 0.000000 0.000000 -1.000000 0.000000 0.000000 -1.000000 0.000000 0.000000 -1.000000 0.000000 0.000000 -1.000000 0.000000 0.000000 -1.000000 0.000000 0.000000 -1.000000 0.000000 0.000000 -1.000000 0.000000 0.000000 -1.000000 0.000000 0.000000 -1.000000 0.000000 0.000000 -1.000000 0.000000 0.000000 -1.000000 0.000000 0.000000 -1.000000 0.000000 0.000000 -1.000000 0.000000 0.000000 -1.000000 0.000000 0.000000 -1.000000 0.000000 0.000000 -1.000000 0.000000 0.000000 -1.000000 0.000000 0.000000 -1.000000 0.000000 0.000000 -1.000000 0.000000 0.000000 -1.000000 0.000000 0.000000 -1.000000 0.000000 0.000000 -1.000000 0.000000 0.000000 -1.000000 0.000000 0.000000 -1.000000 0.000000 0.000000 -1.000000 0.000000 0.000000 -1.000000 0.000000 0.000000 -1.000000 0.000000 0.000000 -1.000000 0.000000 0.000000 -1.000000 0.000000 0.000000 -1.000000 0.000000 0.000000 -1.000000 0.000000 0.000000 -1.000000 0.000000 0.000000 -1.000000 0.000000 0.000000 -1.000000 0.000000 0.000000 -1.000000 0.000000 0.000000 -1.000000 0.000000 0.000000 -1.000000 0.000000 0.000000 -1.000000 0.000000 0.000000 -1.000000 0.000000 0.000000 -1.000000 0.000000 0.000000 -1.000000 0.000000 0.000000 -1.000000 0.000000 0.000000 -1.000000 0.000000 0.000000 -1.000000 0.000000 0.000000 -1.000000 0.000000 0.000000 -1.000000 0.000000 0.000000 -1.000000 0.000000 0.000000 -1.000000 0.000000 0.000000 -1.000000 0.000000 0.000000 -1.000000 0.000000 0.000000 -1.000000 0.000000 0.000000 -1.000000 0.000000 0.000000 -1.000000 0.000000 0.000000 -1.000000 0.000000 0.000000 -1.000000 0.000000 0.000000 -1.000000 0.000000 0.000000 -1.000000 0.000000 0.000000 -1.000000 0.000000 0.000000 -1.000000 0.000000 0.000000 -1.000000 0.000000 0.000000 -1.000000 0.000000 0.000000 -1.000000 0.000000 0.000000 -1.000000 0.000000 0.000000 -1.000000 0.000000 0.000000 -1.000000 0.000000 0.000000 -1.000000 0.000000 0.000000 -1.000000 0.000000 0.000000 -1.000000 0.000000 0.000000 -1.000000 0.000000 0.000000 -1.000000 0.000000 0.000000 -1.000000 0.000000 0.000000 -1.000000 0.000000 0.000000 -1.000000 0.000000 0.000000 -1.000000 -0.000000 -0.000000 1.000000 -0.000000 -0.000000 1.000000 -0.000000 -0.000000 1.000000 -0.000000 -0.000000 1.000000 -0.000000 -0.000000 1.000000 -0.000000 -0.000000 1.000000 -0.000000 -0.000000 1.000000 -0.000000 -0.000000 1.000000 -0.000000 -0.000000 1.000000 -0.000000 -0.000000 1.000000 -0.000000 -0.000000 1.000000 -0.000000 -0.000000 1.000000 -0.000000 -0.000000 1.000000 -0.000000 -0.000000 1.000000 -0.000000 -0.000000 1.000000 -0.000000 -0.000000 1.000000 -0.000000 -0.000000 1.000000 -0.000000 -0.000000 1.000000 -0.000000 -0.000000 1.000000 -0.000000 -0.000000 1.000000 -0.000000 -0.000000 1.000000 -0.000000 -0.000000 1.000000 -0.000000 -0.000000 1.000000 -0.000000 -0.000000 1.000000 -0.000000 -0.000000 1.000000 -0.000000 -0.000000 1.000000 -0.000000 -0.000000 1.000000 -0.000000 -0.000000 1.000000 -0.000000 -0.000000 1.000000 -0.000000 -0.000000 1.000000 -0.000000 -0.000000 1.000000 -0.000000 -0.000000 1.000000 -0.000000 -0.000000 1.000000 -0.000000 -0.000000 1.000000 -0.000000 -0.000000 1.000000 -0.000000 -0.000000 1.000000 -0.000000 -0.000000 1.000000 -0.000000 -0.000000 1.000000 -0.000000 -0.000000 1.000000 -0.000000 -0.000000 1.000000 -0.000000 -0.000000 1.000000 -0.000000 -0.000000 1.000000 -0.000000 -0.000000 1.000000 -0.000000 -0.000000 1.000000 -0.000000 -0.000000 1.000000 -0.000000 -0.000000 1.000000 -0.000000 -0.000000 1.000000 -0.000000 -0.000000 1.000000 -0.000000 -0.000000 1.000000 -0.000000 -0.000000 1.000000 -0.000000 -0.000000 1.000000 -0.000000 -0.000000 1.000000 -0.000000 -0.000000 1.000000 -0.000000 -0.000000 1.000000 -0.000000 -0.000000 1.000000 -0.000000 -0.000000 1.000000 -0.000000 -0.000000 1.000000 -0.000000 -0.000000 1.000000 -0.000000 -0.000000 1.000000 -0.000000 -0.000000 1.000000 -0.000000 -0.000000 1.000000 -0.000000 -0.000000 1.000000 -0.000000 -0.000000 1.000000 -0.000000 -0.000000 1.000000 -0.000000 -0.000000 1.000000 -0.000000 -0.000000 1.000000 -0.000000 -0.000000 1.000000 -0.000000 -0.000000 1.000000 -0.000000 -0.000000 1.000000 -0.000000 -0.000000 1.000000 -0.000000 -0.000000 1.000000 -0.000000 -0.000000 1.000000 -0.000000 -0.000000 1.000000 -0.000000 -0.000000 1.000000 -0.000000 -0.000000 1.000000 -0.000000 -0.000000 1.000000 -0.000000 -0.000000 1.000000 -0.000000 -0.000000 1.000000 -0.000000 -0.000000 1.000000 -0.000000 -0.000000 1.000000 -0.000000 -0.000000 1.000000 -0.000000 -0.000000 1.000000 -0.000000 -0.000000 1.000000 -0.000000 -0.000000 1.000000 -0.000000 -0.000000 1.000000 -0.000000 -0.000000 1.000000 -0.000000 -0.000000 1.000000 -0.000000 -0.000000 1.000000 -0.000000 -0.000000 1.000000 -0.000000 -0.000000 1.000000 -0.000000 -0.000000 1.000000 -0.000000 -0.000000 1.000000 -0.000000 -0.000000 1.000000 -0.000000 -0.000000 1.000000 -0.000000 -0.000000 1.000000 -0.000000 -0.000000 1.000000 -0.000000 -0.000000 1.000000 -0.000000 -0.000000 1.000000 -0.000000 -0.000000 1.000000 -0.000000 -0.000000 1.000000 -0.000000 -0.000000 1.000000 -0.000000 -0.000000 1.000000 -0.000000 -0.000000 1.000000 -0.000000 -0.000000 1.000000 -0.000000 -0.000000 1.000000 -0.000000 -0.000000 1.000000 -0.000000 -0.000000 1.000000 -0.000000 -0.000000 1.000000 -0.000000 -0.000000 1.000000 -0.000000 -0.000000 1.000000 -0.000000 -0.000000 1.000000 -0.000000 -0.000000 1.000000 -0.000000 -0.000000 1.000000 -0.000000 -0.000000 1.000000 -0.000000 -0.000000 1.000000 -0.000000 -0.000000 1.000000 -0.000000 -0.000000 1.000000 -0.000000 -0.000000 1.000000 -0.000000 -0.000000 1.000000 -0.000000 -0.000000 1.000000 -0.000000 -0.000000 1.000000 -0.000000 -0.000000 1.000000 -0.000000 -0.000000 1.000000 -0.000000 -0.000000 1.000000 -0.000000 -0.000000 1.000000 -0.000000 -0.000000 1.000000 -0.000000 -0.000000 1.000000 -0.000000 -0.000000 1.000000 -0.000000 -0.000000 1.000000 -0.000000 -0.000000 1.000000 -0.000000 -0.000000 1.000000 -0.000000 -0.000000 1.000000 -0.000000 -0.000000 1.000000 -0.000000 -0.000000 1.000000 -0.000000 -0.000000 1.000000 -0.000000 -0.000000 1.000000 -0.000000 -0.000000 1.000000 -0.000000 -0.000000 1.000000 -0.000000 -0.000000 1.000000 -0.000000 -0.000000 1.000000 -0.000000 -0.000000 1.000000 -0.000000 -0.000000 1.000000 -0.000000 -0.000000 1.000000 -0.000000 -0.000000 1.000000 -0.000000 -0.000000 1.000000 -0.000000 -0.000000 1.000000 -0.000000 -0.000000 1.000000 -0.000000 -0.000000 1.000000 -0.000000 -0.000000 1.000000 -0.000000 -0.000000 1.000000 -0.000000 -0.000000 1.000000 -0.000000 -0.000000 1.000000 -0.000000 -0.000000 1.000000 -0.000000 -0.000000 1.000000 -0.000000 -0.000000 1.000000 -0.000000 -0.000000 1.000000 -0.000000 -0.000000 1.000000 -0.000000 -0.000000 1.000000 -0.000000 -0.000000 1.000000 -0.000000 -0.000000 1.000000 -0.000000 -0.000000 1.000000 -0.000000 -0.000000 1.000000 -0.000000 -0.000000 1.000000 -0.000000 -0.000000 1.000000 -0.000000 -0.000000 1.000000 -0.000000 -0.000000 1.000000 -0.000000 -0.000000 1.000000 -0.000000 -0.000000 1.000000 -0.000000 -0.000000 1.000000 -0.000000 -0.000000 1.000000 -0.000000 -0.000000 1.000000 -0.000000 -0.000000 1.000000 -0.000000 -0.000000 1.000000 -0.000000 -0.000000 1.000000 -0.000000 -0.000000 1.000000 -0.000000 -0.000000 1.000000 -0.000000 -0.000000 1.000000 -0.000000 -0.000000 1.000000 -0.000000 -0.000000 1.000000 -0.000000 -0.000000 1.000000 -0.000000 -0.000000 1.000000 -0.000000 -0.000000 1.000000 -0.000000 -0.000000 1.000000 -0.000000 -0.000000 1.000000 -0.000000 -0.000000 1.000000 -0.000000 -0.000000 1.000000 -0.000000 -0.000000 1.000000 -0.000000 -0.000000 1.000000 -0.000000 -0.000000 1.000000 -0.000000 -0.000000 1.000000 -0.000000 -0.000000 1.000000 -0.000000 -0.000000 1.000000 -0.000000 -0.000000 1.000000 -0.000000 -0.000000 1.000000 -0.000000 -0.000000 1.000000 -0.000000 -0.000000 1.000000 -0.000000 -0.000000 1.000000 -0.000000 -0.000000 1.000000 -0.000000 -0.000000 1.000000 -0.000000 -0.000000 1.000000 -0.000000 -0.000000 1.000000 -0.000000 -0.000000 1.000000 -0.000000 -0.000000 1.000000 -0.000000 -0.000000 1.000000 -0.000000 -0.000000 1.000000 -0.000000 -0.000000 1.000000 -0.000000 -0.000000 1.000000 -0.000000 -0.000000 1.000000 -0.000000 -0.000000 1.000000 -0.000000 -0.000000 1.000000 -0.000000 -0.000000 1.000000 -0.000000 -0.000000 1.000000 -0.000000 -0.000000 1.000000 -0.000000 -0.000000 1.000000 -0.000000 -0.000000 1.000000 -0.000000 -0.000000 1.000000 -0.000000 -0.000000 1.000000 -0.000000 -0.000000 1.000000 -0.000000 -0.000000 1.000000 -0.000000 -0.000000 1.000000 -0.000000 -0.000000 1.000000 -0.000000 -0.000000 1.000000 -0.000000 -0.000000 1.000000 -0.000000 -0.000000 1.000000 -0.000000 -0.000000 1.000000 -0.000000 -0.000000 1.000000 -0.000000 -0.000000 1.000000 -0.000000 -0.000000 1.000000 -0.000000 -0.000000 1.000000 -0.000000 -0.000000 1.000000 -0.000000 -0.000000 1.000000 -0.000000 -0.000000 1.000000 -0.000000 -0.000000 1.000000 -0.000000 -0.000000 1.000000 -0.000000 -0.000000 1.000000 -0.000000 -0.000000 1.000000 -0.000000 -0.000000 1.000000 -0.000000 -0.000000 1.000000 -0.000000 -0.000000 1.000000 -0.000000 -0.000000 1.000000 -0.000000 -0.000000 1.000000 -0.000000 -0.000000 1.000000 -0.000000 -0.000000 1.000000 -0.000000 -0.000000 1.000000 -0.000000 -0.000000 1.000000 -0.000000 -0.000000 1.000000 -0.000000 -0.000000 1.000000 -0.000000 -0.000000 1.000000 -0.000000 -0.000000 1.000000 -0.000000 -0.000000 1.000000 -0.000000 -0.000000 1.000000 -0.000000 -0.000000 1.000000 -0.000000 -0.000000 1.000000 -0.000000 -0.000000 1.000000 -0.000000 -0.000000 1.000000 -0.000000 -0.000000 1.000000 -0.000000 -0.000000 1.000000 -0.000000 -0.000000 1.000000 -0.000000 -0.000000 1.000000 -0.000000 -0.000000 1.000000 -0.000000 -0.000000 1.000000 -0.000000 -0.000000 1.000000 -0.000000 -0.000000 1.000000 -0.000000 -0.000000 1.000000 -0.000000 -0.000000 1.000000 -0.000000 -0.000000 1.000000 -0.000000 -0.000000 1.000000 -0.000000 -0.000000 1.000000 -0.000000 -0.000000 1.000000 -0.000000 -0.000000 1.000000 -0.000000 -0.000000 1.000000 -0.000000 -0.000000 1.000000 -0.000000 -0.000000 1.000000 -0.000000 -0.000000 1.000000 -0.000000 -0.000000 1.000000 -0.000000 -0.000000 1.000000 -0.000000 -0.000000 1.000000 -0.000000 -0.000000 1.000000 -0.000000 -0.000000 1.000000 -0.000000 -0.000000 1.000000 -0.000000 -0.000000 1.000000 -0.000000 -0.000000 1.000000 -0.000000 -0.000000 1.000000 -0.000000 -0.000000 1.000000 -0.000000 -0.000000 1.000000 -0.000000 -0.000000 1.000000 -0.000000 -0.000000 1.000000 -0.000000 -0.000000 1.000000 -0.000000 -0.000000 1.000000 -0.000000 -0.000000 1.000000 -0.000000 -0.000000 1.000000 -0.000000 -0.000000 1.000000 -0.000000 -0.000000 1.000000 -0.000000 -0.000000 1.000000 -0.000000 -0.000000 1.000000 -0.000000 -0.000000 1.000000 -0.000000 -0.000000 1.000000 -0.000000 -0.000000 1.000000 -0.000000 -0.000000 1.000000 -0.000000 -0.000000 1.000000 -0.000000 -0.000000 1.000000 -0.000000 -0.000000 1.000000 -0.000000 -0.000000 1.000000 -0.000000 -0.000000 1.000000 -0.000000 -0.000000 1.000000 -0.000000 -0.000000 1.000000 -0.000000 -0.000000 1.000000 -0.000000 -0.000000 1.000000 -0.000000 -0.000000 1.000000 -0.000000 -0.000000 1.000000 -0.000000 -0.000000 1.000000 -0.000000 -0.000000 1.000000 -0.000000 -0.000000 1.000000 -0.000000 -0.000000 1.000000 -0.000000 -0.000000 1.000000 -0.000000 -0.000000 1.000000 -0.000000 -0.000000 1.000000 -0.000000 -0.000000 1.000000 -0.000000 -0.000000 1.000000 -0.000000 -0.000000 1.000000 -0.000000 -0.000000 1.000000 -0.000000 -0.000000 1.000000 -0.000000 -0.000000 1.000000 -0.000000 -0.000000 1.000000 -0.000000 -0.000000 1.000000 -0.000000 -0.000000 1.000000 -0.000000 -0.000000 1.000000 -0.000000 -0.000000 1.000000 -0.000000 -0.000000 1.000000 -0.000000 -0.000000 1.000000 -0.000000 -0.000000 1.000000 -0.000000 -0.000000 1.000000 -0.000000 -0.000000 1.000000 -0.000000 -0.000000 1.000000 -0.000000 -0.000000 1.000000 -0.000000 -0.000000 1.000000 -0.000000 -0.000000 1.000000 -0.000000 -0.000000 1.000000 -0.000000 -0.000000 1.000000 -0.000000 -0.000000 1.000000 -0.000000 -0.000000 1.000000 -0.000000 -0.000000 1.000000 -0.000000 -0.000000 1.000000 -0.000000 -0.000000 1.000000 -0.000000 -0.000000 1.000000 -0.000000 -0.000000 1.000000 -0.000000 -0.000000 1.000000 -0.000000 -0.000000 1.000000 -0.000000 -0.000000 1.000000 -0.000000 -0.000000 1.000000 -0.000000 -0.000000 1.000000 -0.000000 -0.000000 1.000000 -0.000000 -0.000000 1.000000 -0.000000 -0.000000 1.000000 -0.000000 -0.000000 1.000000 -0.000000 -0.000000 1.000000 -0.000000 -0.000000 1.000000 -0.000000 -0.000000 1.000000 -0.000000 -0.000000 1.000000 -0.000000 -0.000000 1.000000 -0.000000 -0.000000 1.000000 -0.000000 -0.000000 1.000000 -0.000000 -0.000000 1.000000 -0.000000 -0.000000 1.000000 -0.000000 -0.000000 1.000000 -0.000000 -0.000000 1.000000 -0.000000 -0.000000 1.000000 -0.000000 -0.000000 1.000000 -0.000000 -0.000000 1.000000 -0.000000 -0.000000 1.000000 -0.000000 -0.000000 1.000000 -0.000000 -0.000000 1.000000 -0.000000 -0.000000 1.000000 -0.000000 -0.000000 1.000000 -0.000000 -0.000000 1.000000 -0.000000 -0.000000 1.000000 -0.000000 -0.000000 1.000000 -0.000000 -0.000000 1.000000 -0.000000 -0.000000 1.000000 -0.000000 -0.000000 1.000000 -0.000000 -0.000000 1.000000 -0.000000 -0.000000 1.000000 -0.000000 -0.000000 1.000000 -0.000000 -0.000000 1.000000 -0.000000 -0.000000 1.000000 -0.000000 -0.000000 1.000000 -0.000000 -0.000000 1.000000 -0.000000 -0.000000 1.000000 -0.000000 -0.000000 1.000000 -0.000000 -0.000000 1.000000 -0.000000 -0.000000 1.000000 -0.000000 -0.000000 1.000000 -0.000000 -0.000000 1.000000 -0.000000 -0.000000 1.000000 -0.000000 -0.000000 1.000000 -0.000000 -0.000000 1.000000 -0.000000 -0.000000 1.000000 -0.000000 -0.000000 1.000000 -0.000000 -0.000000 1.000000 -0.000000 -0.000000 1.000000 -0.000000 -0.000000 1.000000 -0.000000 -0.000000 1.000000 -0.000000 -0.000000 1.000000 -0.000000 -0.000000 1.000000 -0.000000 -0.000000 1.000000 -0.000000 -0.000000 1.000000 -0.000000 -0.000000 1.000000 -0.000000 -0.000000 1.000000 -0.000000 -0.000000 1.000000 -0.000000 -0.000000 1.000000 -0.000000 -0.000000 1.000000 -0.000000 -0.000000 1.000000 -0.000000 -0.000000 1.000000 -0.000000 -0.000000 1.000000 -0.000000 -0.000000 1.000000 -0.000000 -0.000000 1.000000 -0.000000 -0.000000 1.000000 -0.000000 -0.000000 1.000000 -0.000000 -0.000000 1.000000 -0.000000 -0.000000 1.000000 -0.000000 -0.000000 1.000000 -0.000000 -0.000000 1.000000 -0.000000 -0.000000 1.000000 -0.000000 -0.000000 1.000000 -0.000000 -0.000000 1.000000 -0.000000 -0.000000 1.000000 -0.000000 -0.000000 1.000000 -0.000000 -0.000000 1.000000 -0.000000 -0.000000 1.000000 -0.000000 -0.000000 1.000000 -0.000000 -0.000000 1.000000 -0.000000 -0.000000 1.000000 -0.000000 -0.000000 1.000000 -0.000000 -0.000000 1.000000 -0.000000 -0.000000 1.000000 -0.000000 -0.000000 1.000000 -0.000000 -0.000000 1.000000 -0.000000 -0.000000 1.000000 -0.000000 -0.000000 1.000000 -0.000000 -0.000000 1.000000 -0.000000 -0.000000 1.000000 -0.000000 -0.000000 1.000000 -0.000000 -0.000000 1.000000 -0.000000 -0.000000 1.000000 -0.000000 -0.000000 1.000000 -0.000000 -0.000000 1.000000 -0.000000 -0.000000 1.000000 -0.000000 -0.000000 1.000000 -0.000000 -0.000000 1.000000 -0.000000 -0.000000 1.000000 -0.000000 -0.000000 1.000000 -0.000000 -0.000000 1.000000 -0.000000 -0.000000 1.000000 -0.000000 -0.000000 1.000000 -0.000000 -0.000000 1.000000 -0.000000 -0.000000 1.000000 -0.000000 -0.000000 1.000000 -0.000000 -0.000000 1.000000 -0.000000 -0.000000 1.000000 -0.000000 -0.000000 1.000000 -0.000000 -0.000000 1.000000 -0.000000 -0.000000 1.000000 -0.000000 -0.000000 1.000000 -0.000000 -0.000000 1.000000 -0.000000 -0.000000 1.000000 -0.000000 -0.000000 1.000000 -0.000000 -0.000000 1.000000 -0.000000 -0.000000 1.000000 -0.000000 -0.000000 1.000000 -0.000000 -0.000000 1.000000 -0.000000 -0.000000 1.000000 -0.000000 -0.000000 1.000000 -0.000000 -0.000000 1.000000 -0.000000 -0.000000 1.000000 -0.000000 -0.000000 1.000000 -0.000000 -0.000000 1.000000 -0.000000 -0.000000 1.000000 -0.000000 -0.000000 1.000000 -0.000000 -0.000000 1.000000 -0.000000 -0.000000 1.000000 -0.000000 -0.000000 1.000000 -0.000000 -0.000000 1.000000 -0.000000 -0.000000 1.000000 -0.000000 -0.000000 1.000000 -0.000000 -0.000000 1.000000 -0.000000 -0.000000 1.000000 -0.000000 -0.000000 1.000000 -0.000000 -0.000000 1.000000 -0.000000 -0.000000 1.000000 -0.000000 -0.000000 1.000000 -0.000000 -0.000000 1.000000 -0.000000 -0.000000 1.000000 -0.000000 -0.000000 1.000000 -0.000000 -0.000000 1.000000 -0.000000 -0.000000 1.000000 -0.000000 -0.000000 1.000000 -0.000000 -0.000000 1.000000 -0.000000 -0.000000 1.000000 -0.000000 -0.000000 1.000000 -0.000000 -0.000000 1.000000 -0.000000 -0.000000 1.000000 -0.000000 -0.000000 1.000000 -0.000000 -0.000000 1.000000 -0.000000 -0.000000 1.000000 -0.000000 -0.000000 1.000000 -0.000000 -0.000000 1.000000 -0.000000 -0.000000 1.000000 -0.000000 -0.000000 1.000000 -0.000000 -0.000000 1.000000 -0.000000 -0.000000 1.000000 -0.000000 -0.000000 1.000000 -0.000000 -0.000000 1.000000 -0.000000 -0.000000 1.000000 -0.000000 -0.000000 1.000000 -0.000000 -0.000000 1.000000 -0.000000 -0.000000 1.000000 -0.000000 -0.000000 1.000000 -0.000000 -0.000000 1.000000 -0.000000 -0.000000 1.000000 -0.000000 -0.000000 1.000000 -0.000000 -0.000000 1.000000 -0.000000 -0.000000 1.000000 -0.000000 -0.000000 1.000000 -0.000000 -0.000000 1.000000 -0.000000 -0.000000 1.000000 -0.000000 -0.000000 1.000000 -0.000000 -0.000000 1.000000 -0.000000 -0.000000 1.000000 -0.000000 -0.000000 1.000000 -0.000000 -0.000000 1.000000 -0.000000 -0.000000 1.000000 -0.000000 -0.000000 1.000000 -0.000000 -0.000000 1.000000 -0.000000 -0.000000 1.000000 -0.000000 -0.000000 1.000000 -0.000000 -0.000000 1.000000 -0.000000 -0.000000 1.000000 -0.000000 -0.000000 1.000000 -0.000000 -0.000000 1.000000 -0.000000 -0.000000 1.000000 -0.000000 -0.000000 1.000000 -0.000000 -0.000000 1.000000 -0.000000 -0.000000 1.000000 -0.000000 -0.000000 1.000000 -0.000000 -0.000000 1.000000 -0.000000 -0.000000 1.000000 -0.000000 -0.000000 1.000000 -0.000000 -0.000000 1.000000 -0.000000 -0.000000 1.000000 -0.000000 -0.000000 1.000000 -0.000000 -0.000000 1.000000 -0.000000 -0.000000 1.000000 -0.000000 -0.000000 1.000000 -0.000000 -0.000000 1.000000 -0.000000 -0.000000 1.000000 -0.000000 -0.000000 1.000000 -0.000000 -0.000000 1.000000 -0.000000 -0.000000 1.000000 -0.000000 -0.000000 1.000000 -0.000000 -0.000000 1.000000 -0.000000 -0.000000 1.000000 -0.000000 -0.000000 1.000000 -0.000000 -0.000000 1.000000 -0.000000 -0.000000 1.000000 -0.000000 -0.000000 1.000000 -0.000000 -0.000000 1.000000 -0.000000 -0.000000 1.000000 -0.000000 -0.000000 1.000000 -0.000000 -0.000000 1.000000 -0.000000 -0.000000 1.000000 -0.000000 -0.000000 1.000000 -0.000000 -0.000000 1.000000 -0.000000 -0.000000 1.000000 -0.000000 -0.000000 1.000000 -0.000000 -0.000000 1.000000 -0.000000 -0.000000 1.000000 -0.000000 -0.000000 1.000000 -0.000000 -0.000000 1.000000 -0.000000 -0.000000 1.000000 -0.000000 -0.000000 1.000000 -0.000000 -0.000000 1.000000 -0.000000 -0.000000 1.000000 -0.000000 -0.000000 1.000000 -0.000000 -0.000000 1.000000 -0.000000 -0.000000 1.000000 -0.000000 -0.000000 1.000000 -0.000000 -0.000000 1.000000 -0.000000 -0.000000 1.000000 -0.000000 -0.000000 1.000000 -0.000000 -0.000000 1.000000 -0.000000 -0.000000 1.000000 -0.000000 -0.000000 1.000000 -0.000000 -0.000000 1.000000 -0.000000 -0.000000 1.000000 -0.000000 -0.000000 1.000000 -0.000000 -0.000000 1.000000 -0.000000 -0.000000 1.000000 -0.000000 -0.000000 1.000000 -0.000000 -0.000000 1.000000 -0.000000 -0.000000 1.000000 -0.000000 -0.000000 1.000000 -0.000000 -0.000000 1.000000 -0.000000 -0.000000 1.000000 -0.000000 -0.000000 1.000000 -0.000000 -0.000000 1.000000 -0.000000 -0.000000 1.000000 -0.000000 -0.000000 1.000000 -0.000000 -0.000000 1.000000 -0.000000 -0.000000 1.000000 -0.000000 -0.000000 1.000000 -0.000000 -0.000000 1.000000 -0.000000 -0.000000 1.000000 -0.000000 -0.000000 1.000000 -0.000000 -0.000000 1.000000 -0.000000 -0.000000 1.000000 -0.000000 -0.000000 1.000000 -0.000000 -0.000000 1.000000 -0.000000 -0.000000 1.000000 -0.000000 -0.000000 1.000000 -0.000000 -0.000000 1.000000 -0.000000 -0.000000 1.000000 -0.000000 -0.000000 1.000000 -0.000000 -0.000000 1.000000 -0.000000 -0.000000 1.000000 -0.000000 -0.000000 1.000000 -0.000000 -0.000000 1.000000 -0.000000 -0.000000 1.000000 -0.000000 -0.000000 1.000000 -0.000000 -0.000000 1.000000 -0.000000 -0.000000 1.000000 -0.000000 -0.000000 1.000000 -0.000000 -0.000000 1.000000 -0.000000 -0.000000 1.000000 -0.000000 -0.000000 1.000000 -0.000000 -0.000000 1.000000 -0.000000 -0.000000 1.000000 -0.000000 -0.000000 1.000000 -0.000000 -0.000000 1.000000 -0.000000 -0.000000 1.000000 -0.000000 -0.000000 1.000000 -0.000000 -0.000000 1.000000 -0.000000 -0.000000 1.000000 -0.000000 -0.000000 1.000000 -0.000000 -0.000000 1.000000 -0.000000 -0.000000 1.000000 -0.000000 -0.000000 1.000000 -0.000000 -0.000000 1.000000 -0.000000 -0.000000 1.000000 -0.000000 -0.000000 1.000000 -0.000000 -0.000000 1.000000 -0.000000 -0.000000 1.000000 -0.000000 -0.000000 1.000000 -0.000000 -0.000000 1.000000 -0.000000 -0.000000 1.000000 -0.000000 -0.000000 1.000000 -0.000000 -0.000000 1.000000 -0.000000 -0.000000 1.000000 -0.000000 -0.000000 1.000000 -0.000000 -0.000000 1.000000 -0.000000 -0.000000 1.000000 -0.000000 -0.000000 1.000000 -0.000000 -0.000000 1.000000 -0.000000 -0.000000 1.000000 -0.000000 -0.000000 1.000000 -0.000000 -0.000000 1.000000 -0.000000 -0.000000 1.000000 -0.000000 -0.000000 1.000000 -0.000000 -0.000000 1.000000 -0.000000 -0.000000 1.000000 -0.000000 -0.000000 1.000000 -0.000000 -0.000000 1.000000 -0.000000 -0.000000 1.000000 -0.000000 -0.000000 1.000000 -0.000000 -0.000000 1.000000 -0.000000 -0.000000 1.000000 -0.000000 -0.000000 1.000000 -0.000000 -0.000000 1.000000 -0.000000 -0.000000 1.000000 -0.000000 -0.000000 1.000000 -0.000000 -0.000000 1.000000 -0.000000 -0.000000 1.000000 -0.000000 -0.000000 1.000000 -0.000000 -0.000000 1.000000 -0.000000 -0.000000 1.000000 -0.000000 -0.000000 1.000000 -0.000000 -0.000000 1.000000 -0.000000 -0.000000 1.000000 -0.000000 -0.000000 1.000000 -0.000000 -0.000000 1.000000 -0.000000 -0.000000 1.000000 -0.000000 -0.000000 1.000000 -0.000000 -0.000000 1.000000 -0.000000 -0.000000 1.000000 -0.000000 -0.000000 1.000000 -0.000000 -0.000000 1.000000 -0.000000 -0.000000 1.000000 -0.000000 -0.000000 1.000000 -0.000000 -0.000000 1.000000 -0.000000 -0.000000 1.000000 -0.000000 -0.000000 1.000000 -0.000000 -0.000000 1.000000 -0.000000 -0.000000 1.000000 -0.000000 -0.000000 1.000000 -0.000000 -0.000000 1.000000 -0.000000 -0.000000 1.000000 -0.000000 -0.000000 1.000000 -0.000000 -0.000000 1.000000 -0.000000 -0.000000 1.000000 -0.000000 -0.000000 1.000000 -0.000000 -0.000000 1.000000 -0.000000 -0.000000 1.000000 -0.000000 -0.000000 1.000000 -0.000000 -0.000000 1.000000 -0.000000 -0.000000 1.000000 -0.000000 -0.000000 1.000000 -0.000000 -0.000000 1.000000 -0.000000 -0.000000 1.000000 -0.000000 -0.000000 1.000000 -0.000000 -0.000000 1.000000 -0.000000 -0.000000 1.000000 -0.000000 -0.000000 1.000000 -0.000000 -0.000000 1.000000 -0.000000 -0.000000 1.000000 -0.000000 -0.000000 1.000000 -0.000000 -0.000000 1.000000 -0.000000 -0.000000 1.000000 -0.000000 -0.000000 1.000000 -0.000000 -0.000000 1.000000 -0.000000 -0.000000 1.000000 -0.000000 -0.000000 1.000000 -0.000000 -0.000000 1.000000 -0.000000 -0.000000 1.000000 -0.000000 -0.000000 1.000000 -0.000000 -0.000000 1.000000 -0.000000 -0.000000 1.000000 -0.000000 -0.000000 1.000000 -0.000000 -0.000000 1.000000 -0.000000 -0.000000 1.000000 -0.000000 -0.000000 1.000000 -0.000000 -0.000000 1.000000 -0.000000 -0.000000 1.000000 -0.000000 -0.000000 1.000000 -0.000000 -0.000000 1.000000 -0.000000 -0.000000 1.000000 -0.000000 -0.000000 1.000000 -0.000000 -0.000000 1.000000 -0.000000 -0.000000 1.000000 -0.000000 -0.000000 1.000000 -0.000000 -0.000000 1.000000 -0.000000 -0.000000 1.000000 -0.000000 -0.000000 1.000000 -0.000000 -0.000000 1.000000 -0.000000 -0.000000 1.000000 -0.000000 -0.000000 1.000000 -0.000000 -0.000000 1.000000 -0.000000 -0.000000 1.000000 -0.000000 -0.000000 1.000000 -0.000000 -0.000000 1.000000 -0.000000 -0.000000 1.000000 -0.000000 -0.000000 1.000000 -0.000000 -0.000000 1.000000 -0.000000 -0.000000 1.000000 -0.000000 -0.000000 1.000000 -0.000000 -0.000000 1.000000 -0.000000 -0.000000 1.000000 -0.000000 -0.000000 1.000000 -0.000000 -0.000000 1.000000 -0.000000 -0.000000 1.000000 -0.000000 -0.000000 1.000000 -0.000000 -0.000000 1.000000 -0.000000 -0.000000 1.000000 -0.000000 -0.000000 1.000000 -0.000000 -0.000000 1.000000 -0.000000 -0.000000 1.000000 -0.000000 -0.000000 1.000000 -0.000000 -0.000000 1.000000 -0.000000 -0.000000 1.000000 -0.000000 -0.000000 1.000000 -0.000000 -0.000000 1.000000 -0.000000 -0.000000 1.000000 -0.000000 -0.000000 1.000000 -0.000000 -0.000000 1.000000 -0.000000 -0.000000 1.000000 -0.000000 -0.000000 1.000000 -0.000000 -0.000000 1.000000 -0.000000 -0.000000 1.000000 -0.000000 -0.000000 1.000000 -0.000000 -0.000000 1.000000 -0.000000 -0.000000 1.000000 -0.000000 -0.000000 1.000000 -0.000000 -0.000000 1.000000 -0.000000 -0.000000 1.000000 -0.000000 -0.000000 1.000000 -0.000000 -0.000000 1.000000 -0.000000 -0.000000 1.000000 -0.000000 -0.000000 1.000000 -0.000000 -0.000000 1.000000 -0.000000 -0.000000 1.000000 -0.000000 -0.000000 1.000000 -0.000000 -0.000000 1.000000 -0.000000 -0.000000 1.000000 -0.000000 -0.000000 1.000000 -0.000000 -0.000000 1.000000 -0.000000 -0.000000 1.000000 -0.000000 -0.000000 1.000000 -0.000000 -0.000000 1.000000 -0.000000 -0.000000 1.000000 -0.000000 -0.000000 1.000000 -0.000000 -0.000000 1.000000 -0.000000 -0.000000 1.000000 -0.000000 -0.000000 1.000000 -0.000000 -0.000000 1.000000 -0.000000 -0.000000 1.000000 -0.000000 -0.000000 1.000000 -0.000000 -0.000000 1.000000 -0.000000 -0.000000 1.000000 -0.000000 -0.000000 1.000000 -0.000000 -0.000000 1.000000 -0.000000 -0.000000 1.000000 -0.000000 -0.000000 1.000000 -0.000000 -0.000000 1.000000 -0.000000 -0.000000 1.000000 -0.000000 -0.000000 1.000000 -0.000000 -0.000000 1.000000 -0.000000 -0.000000 1.000000 -0.000000 -0.000000 1.000000 -0.000000 -0.000000 1.000000 -0.000000 -0.000000 1.000000 -0.000000 -0.000000 1.000000 -0.000000 -0.000000 1.000000 -0.000000 -0.000000 1.000000 -0.000000 -0.000000 1.000000 -0.000000 -0.000000 1.000000 -0.000000 -0.000000 1.000000 -0.000000 -0.000000 1.000000 -0.000000 -0.000000 1.000000 -0.000000 -0.000000 1.000000 -0.000000 -0.000000 1.000000 -0.000000 -0.000000 1.000000 -0.000000 -0.000000 1.000000 -0.000000 -0.000000 1.000000 -0.000000 -0.000000 1.000000 -0.000000 -0.000000 1.000000 -0.000000 -0.000000 1.000000 -0.000000 -0.000000 1.000000 -0.000000 -0.000000 1.000000 -0.000000 -0.000000 1.000000 -0.000000 -0.000000 1.000000 -0.000000 -0.000000 1.000000 -0.000000 -0.000000 1.000000 -0.000000 -0.000000 1.000000 -0.000000 -0.000000 1.000000 -0.000000 -0.000000 1.000000 -0.000000 -0.000000 1.000000 -0.000000 -0.000000 1.000000 -0.000000 -0.000000 1.000000 -0.000000 -0.000000 1.000000 -0.000000 -0.000000 1.000000 -0.000000 -0.000000 1.000000 -0.000000 -0.000000 1.000000 -0.000000 -0.000000 1.000000 -0.000000 -0.000000 1.000000 -0.000000 -0.000000 1.000000 -0.000000 -0.000000 1.000000 -0.000000 -0.000000 1.000000 -0.000000 -0.000000 1.000000 -0.000000 -0.000000 1.000000 -0.000000 -0.000000 1.000000 -0.000000 -0.000000 1.000000 -0.000000 -0.000000 1.000000 -0.000000 -0.000000 1.000000 -0.000000 -0.000000 1.000000 -0.000000 -0.000000 1.000000 -0.000000 -0.000000 1.000000 -0.000000 -0.000000 1.000000 -0.000000 -0.000000 1.000000 -0.000000 -0.000000 1.000000 -0.000000 -0.000000 1.000000 -0.000000 -0.000000 1.000000 -0.000000 -0.000000 1.000000 -0.000000 -0.000000 1.000000 -0.000000 -0.000000 1.000000 -0.000000 -0.000000 1.000000 -0.000000 -0.000000 1.000000 -0.000000 -0.000000 1.000000 -0.000000 -0.000000 1.000000 -0.000000 -0.000000 1.000000 -0.000000 -0.000000 1.000000 -0.000000 -0.000000 1.000000 -0.000000 -0.000000 1.000000 -0.000000 -0.000000 1.000000 -0.000000 -0.000000 1.000000 -0.000000 -0.000000 1.000000 -0.000000 -0.000000 1.000000 -0.000000 -0.000000 1.000000 -0.000000 -0.000000 1.000000 -0.000000 -0.000000 1.000000 -0.000000 -0.000000 1.000000 -0.000000 -0.000000 1.000000 -0.000000 -0.000000 1.000000 -0.000000 -0.000000 1.000000 -0.000000 -0.000000 1.000000 -0.000000 -0.000000 1.000000 -0.000000 -0.000000 1.000000 -0.000000 -0.000000 1.000000 -0.000000 -0.000000 1.000000 -0.000000 -0.000000 1.000000 -0.000000 -0.000000 1.000000 -0.000000 -0.000000 1.000000 -0.000000 -0.000000 1.000000 -0.000000 -0.000000 1.000000 -0.000000 -0.000000 1.000000 -0.000000 -0.000000 1.000000 -0.000000 -0.000000 1.000000 -0.000000 -0.000000 1.000000 -0.000000 -0.000000 1.000000 -0.000000 -0.000000 1.000000 -0.000000 -0.000000 1.000000 -0.000000 -0.000000 1.000000 -0.000000 -0.000000 1.000000 -0.000000 -0.000000 1.000000 -0.000000 -0.000000 1.000000 -0.000000 -0.000000 1.000000 -0.000000 -0.000000 1.000000 -0.000000 -0.000000 1.000000 -0.000000 -0.000000 1.000000 -0.000000 -0.000000 1.000000 -0.000000 -0.000000 1.000000 -0.000000 -0.000000 1.000000 -0.000000 -0.000000 1.000000 -0.000000 -0.000000 1.000000 -0.000000 -0.000000 1.000000 -0.000000 -0.000000 1.000000 -0.000000 -0.000000 1.000000 -0.000000 -0.000000 1.000000 -0.000000 -0.000000 1.000000 -0.000000 -0.000000 1.000000 -0.000000 -0.000000 1.000000 -0.000000 -0.000000 1.000000 -0.000000 -0.000000 1.000000 -0.000000 -0.000000 1.000000 -0.000000 -0.000000 1.000000 -0.000000 -0.000000 1.000000 -0.000000 -0.000000 1.000000 -0.000000 -0.000000 1.000000 -0.000000 -0.000000 1.000000 -0.000000 -0.000000 1.000000 -0.000000 -0.000000 1.000000 -0.000000 -0.000000 1.000000 -0.000000 -0.000000 1.000000 -0.000000 -0.000000 1.000000 -0.000000 -0.000000 1.000000 -0.000000 -0.000000 1.000000 -0.000000 -0.000000 1.000000 -0.000000 -0.000000 1.000000 -0.000000 -0.000000 1.000000 -0.000000 -0.000000 1.000000 -0.000000 -0.000000 1.000000 -0.000000 -0.000000 1.000000 -0.000000 -0.000000 1.000000 -0.000000 -0.000000 1.000000 -0.000000 -0.000000 1.000000 -0.000000 -0.000000 1.000000 -0.000000 -0.000000 1.000000 -0.000000 -0.000000 1.000000 -0.000000 -0.000000 1.000000 -0.000000 -0.000000 1.000000 -0.000000 -0.000000 1.000000 -0.000000 -0.000000 1.000000 -0.000000 -0.000000 1.000000 -0.000000 -0.000000 1.000000 -0.000000 -0.000000 1.000000 -0.000000 -0.000000 1.000000 -0.000000 -0.000000 1.000000 -0.000000 -0.000000 1.000000 -0.000000 -0.000000 1.000000 -0.000000 -0.000000 1.000000 -0.000000 -0.000000 1.000000 -0.000000 -0.000000 1.000000 -0.000000 -0.000000 1.000000 -0.000000 -0.000000 1.000000 -0.000000 -0.000000 1.000000 -0.000000 -0.000000 1.000000 -0.000000 -0.000000 1.000000 -0.000000 -0.000000 1.000000 -0.000000 -0.000000 1.000000 -0.000000 -0.000000 1.000000 -0.000000 -0.000000 1.000000 -0.000000 -0.000000 1.000000 -0.000000 -0.000000 1.000000 -0.000000 -0.000000 1.000000 -0.000000 -0.000000 1.000000 -0.000000 -0.000000 1.000000 -0.000000 -0.000000 1.000000 -0.000000 -0.000000 1.000000 -0.000000 -0.000000 1.000000 -0.000000 -0.000000 1.000000 -0.000000 -0.000000 1.000000 -0.000000 -0.000000 1.000000 -0.000000 -0.000000 1.000000 -0.000000 -0.000000 1.000000 -0.000000 -0.000000 1.000000 -0.000000 -0.000000 1.000000 -0.000000 -0.000000 1.000000 -0.000000 -0.000000 1.000000 -0.000000 -0.000000 1.000000 -0.000000 -0.000000 1.000000 -0.000000 -0.000000 1.000000 -0.000000 -0.000000 1.000000 -0.000000 -0.000000 1.000000 -0.000000 -0.000000 1.000000 -0.000000 -0.000000 1.000000 -0.000000 -0.000000 1.000000 -0.000000 -0.000000 1.000000 -0.000000 -0.000000 1.000000 -0.000000 -0.000000 1.000000 -0.000000 -0.000000 1.000000 -0.000000 -0.000000 1.000000 -0.000000 -0.000000 1.000000 -0.000000 -0.000000 1.000000 -0.000000 -0.000000 1.000000 -0.000000 -0.000000 1.000000 -0.000000 -0.000000 1.000000 -0.000000 -0.000000 1.000000 -0.000000 -0.000000 1.000000 -0.000000 -0.000000 1.000000 -0.000000 -0.000000 1.000000 -0.000000 -0.000000 1.000000 -0.000000 -0.000000 1.000000 -0.000000 -0.000000 1.000000 -0.000000 -0.000000 1.000000 -0.000000 -0.000000 1.000000 -0.000000 -0.000000 1.000000 -0.000000 -0.000000 1.000000 -0.000000 -0.000000 1.000000 -0.000000 -0.000000 1.000000 -0.000000 -0.000000 1.000000 -0.000000 -0.000000 1.000000 -0.000000 -0.000000 1.000000 -0.000000 -0.000000 1.000000 -0.000000 -0.000000 1.000000 -0.000000 -0.000000 1.000000 -0.000000 -0.000000 1.000000 -0.000000 -0.000000 1.000000 -0.000000 -0.000000 1.000000 -0.000000 -0.000000 1.000000 -0.000000 -0.000000 1.000000 -0.000000 -0.000000 1.000000 -0.000000 -0.000000 1.000000 -0.000000 -0.000000 1.000000 -0.000000 -0.000000 1.000000 -0.000000 -0.000000 1.000000 -0.000000 -0.000000 1.000000 -0.000000 -0.000000 1.000000 -0.000000 -0.000000 1.000000 -0.000000 -0.000000 1.000000 -0.000000 -0.000000 1.000000 -0.000000 -0.000000 1.000000 -0.000000 -0.000000 1.000000 -0.000000 -0.000000 1.000000 -0.000000 -0.000000 1.000000 -0.000000 -0.000000 1.000000 -0.000000 -0.000000 1.000000 -0.000000 -0.000000 1.000000 -0.000000 -0.000000 1.000000 -0.000000 -0.000000 1.000000 -0.000000 -0.000000 1.000000 -0.000000 -0.000000 1.000000 -0.000000 -0.000000 1.000000 -0.000000 -0.000000 1.000000 -0.000000 -0.000000 1.000000 -0.000000 -0.000000 1.000000 -0.000000 -0.000000 1.000000 -0.000000 -0.000000 1.000000 -0.000000 -0.000000 1.000000 -0.000000 -0.000000 1.000000 -0.000000 -0.000000 1.000000 -0.000000 -0.000000 1.000000 -0.000000 -0.000000 1.000000 -0.000000 -0.000000 1.000000 -0.000000 -0.000000 1.000000 -0.000000 -0.000000 1.000000 -0.000000 -0.000000 1.000000 -0.000000 -0.000000 1.000000 -0.000000 -0.000000 1.000000 -0.000000 -0.000000 1.000000 -0.000000 -0.000000 1.000000 -0.000000 -0.000000 1.000000 -0.000000 -0.000000 1.000000 -0.000000 -0.000000 1.000000 -0.000000 -0.000000 1.000000 -0.000000 -0.000000 1.000000 -0.000000 -0.000000 1.000000 -0.000000 -0.000000 1.000000 -0.000000 -0.000000 1.000000 -0.000000 -0.000000 1.000000 -0.000000 -0.000000 1.000000 -0.000000 -0.000000 1.000000 -0.000000 -0.000000 1.000000 -0.000000 -0.000000 1.000000 -0.000000 -0.000000 1.000000 -0.000000 -0.000000 1.000000 -0.000000 -0.000000 1.000000 -0.000000 -0.000000 1.000000 -0.000000 -0.000000 1.000000 -0.000000 -0.000000 1.000000 -0.000000 -0.000000 1.000000 -0.000000 -0.000000 1.000000 -0.000000 -0.000000 1.000000 -0.000000 -0.000000 1.000000 -0.000000 -0.000000 1.000000 -0.000000 -0.000000 1.000000 -0.000000 -0.000000 1.000000 -0.000000 -0.000000 1.000000 -0.000000 -0.000000 1.000000 -0.000000 -0.000000 1.000000 -0.000000 -0.000000 1.000000 -0.000000 -0.000000 1.000000 -0.000000 -0.000000 1.000000 -0.000000 -0.000000 1.000000 -0.000000 -0.000000 1.000000 -0.000000 -0.000000 1.000000 -0.000000 -0.000000 1.000000 -0.000000 -0.000000 1.000000 -0.000000 -0.000000 1.000000 -0.000000 -0.000000 1.000000 -0.000000 -0.000000 1.000000 -0.000000 -0.000000 1.000000 -0.000000 -0.000000 1.000000 -0.000000 -0.000000 1.000000 -0.000000 -0.000000 1.000000 -0.000000 -0.000000 1.000000 -0.000000 -0.000000 1.000000 -0.000000 -0.000000 1.000000 -0.000000 -0.000000 1.000000 -0.000000 -0.000000 1.000000 -0.000000 -0.000000 1.000000 -0.000000 -0.000000 1.000000 -0.000000 -0.000000 1.000000 -0.000000 -0.000000 1.000000 -0.000000 -0.000000 1.000000 -0.000000 -0.000000 1.000000 -0.000000 -0.000000 1.000000 -0.000000 -0.000000 1.000000 -0.000000 -0.000000 1.000000 -0.000000 -0.000000 1.000000 -0.000000 -0.000000 1.000000 -0.000000 -0.000000 1.000000 -0.000000 -0.000000 1.000000 -0.000000 -0.000000 1.000000 -0.000000 -0.000000 1.000000 -0.000000 -0.000000 1.000000 -0.000000 -0.000000 1.000000 -0.000000 -0.000000 1.000000 -0.000000 -0.000000 1.000000 -0.000000 -0.000000 1.000000 -0.000000 -0.000000 1.000000 -0.000000 -0.000000 1.000000 -0.000000 -0.000000 1.000000 -0.000000 -0.000000 1.000000 -0.000000 -0.000000 1.000000 -0.000000 -0.000000 1.000000 -0.000000 -0.000000 1.000000 -0.000000 -0.000000 1.000000 -0.000000 -0.000000 1.000000 -0.000000 -0.000000 1.000000 0.973045 0.230616 0.000000 0.973045 0.230616 0.000000 1.000000 0.000000 0.000000 1.000000 0.000000 0.000000 0.973045 -0.230616 0.000000 0.973045 -0.230616 0.000000 0.893633 -0.448799 0.000000 0.893633 -0.448799 0.000000 0.766044 -0.642788 0.000000 0.766044 -0.642788 0.000000 0.597159 -0.802123 0.000000 0.597159 -0.802123 0.000000 0.396080 -0.918216 0.000000 0.396080 -0.918216 0.000000 0.173648 -0.984808 0.000000 0.173648 -0.984808 0.000000 -0.058145 -0.998308 -0.000000 -0.058145 -0.998308 -0.000000 -0.286803 -0.957990 -0.000000 -0.286803 -0.957990 -0.000000 -0.500000 -0.866025 -0.000000 -0.500000 -0.866025 -0.000000 -0.686242 -0.727374 -0.000000 -0.686242 -0.727374 -0.000000 -0.835488 -0.549509 -0.000000 -0.835488 -0.549509 -0.000000 -0.939693 -0.342020 -0.000000 -0.939693 -0.342020 -0.000000 -0.993238 -0.116093 -0.000000 -0.993238 -0.116093 -0.000000 -0.993238 0.116093 -0.000000 -0.993238 0.116093 -0.000000 -0.939693 0.342020 -0.000000 -0.939693 0.342020 -0.000000 -0.835488 0.549509 -0.000000 -0.835488 0.549509 -0.000000 -0.686242 0.727374 -0.000000 -0.686242 0.727374 -0.000000 -0.500000 0.866025 -0.000000 -0.500000 0.866025 -0.000000 -0.286803 0.957990 -0.000000 -0.286803 0.957990 -0.000000 -0.058145 0.998308 -0.000000 -0.058145 0.998308 -0.000000 0.173648 0.984808 0.000000 0.173648 0.984808 0.000000 0.396080 0.918216 0.000000 0.396080 0.918216 0.000000 0.597159 0.802123 0.000000 0.597159 0.802123 0.000000 0.766044 0.642788 0.000000 0.766044 0.642788 0.000000 0.893633 0.448799 0.000000 0.893633 0.448799 0.000000 0.973045 0.230616 0.000000 0.973045 0.230616 0.000000 1.000000 0.000000 0.000000 1.000000 0.000000 0.000000 0.973045 -0.230616 0.000000 0.973045 -0.230616 0.000000 0.893633 -0.448799 0.000000 0.893633 -0.448799 0.000000 0.766044 -0.642788 0.000000 0.766044 -0.642788 0.000000 0.597159 -0.802123 0.000000 0.597159 -0.802123 0.000000 0.396080 -0.918216 0.000000 0.396080 -0.918216 0.000000 0.173648 -0.984808 0.000000 0.173648 -0.984808 0.000000 -0.058145 -0.998308 -0.000000 -0.058145 -0.998308 -0.000000 -0.286803 -0.957990 -0.000000 -0.286803 -0.957990 -0.000000 -0.500000 -0.866025 -0.000000 -0.500000 -0.866025 -0.000000 -0.686242 -0.727374 -0.000000 -0.686242 -0.727374 -0.000000 -0.835488 -0.549509 -0.000000 -0.835488 -0.549509 -0.000000 -0.939693 -0.342020 -0.000000 -0.939693 -0.342020 -0.000000 -0.993238 -0.116093 -0.000000 -0.993238 -0.116093 -0.000000 -0.993238 0.116093 -0.000000 -0.993238 0.116093 -0.000000 -0.939693 0.342020 -0.000000 -0.939693 0.342020 -0.000000 -0.835488 0.549509 -0.000000 -0.835488 0.549509 -0.000000 -0.686242 0.727374 -0.000000 -0.686242 0.727374 -0.000000 -0.500000 0.866025 -0.000000 -0.500000 0.866025 -0.000000 -0.286803 0.957990 -0.000000 -0.286803 0.957990 -0.000000 -0.058145 0.998308 -0.000000 -0.058145 0.998308 -0.000000 0.173648 0.984808 0.000000 0.173648 0.984808 0.000000 0.396080 0.918216 0.000000 0.396080 0.918216 0.000000 0.597159 0.802123 0.000000 0.597159 0.802123 0.000000 0.766044 0.642788 0.000000 0.766044 0.642788 0.000000 0.893633 0.448799 0.000000 0.893633 0.448799 0.000000 -0.000000 1.000000 -0.000000 0.000000 1.000000 0.000000 0.149042 0.988831 0.000000 0.149042 0.988831 0.000000 0.294755 0.955573 0.000000 0.294755 0.955573 0.000000 0.433884 0.900969 0.000000 0.433884 0.900969 0.000000 0.563320 0.826239 0.000000 0.563320 0.826239 0.000000 0.680173 0.733052 0.000000 0.680173 0.733052 0.000000 0.781831 0.623490 0.000000 0.781831 0.623490 0.000000 0.866025 0.500000 0.000000 0.866025 0.500000 0.000000 0.930874 0.365341 0.000000 0.930874 0.365341 0.000000 0.974928 0.222521 0.000000 0.974928 0.222521 0.000000 0.997204 0.074730 0.000000 0.997204 0.074730 0.000000 0.997204 -0.074730 0.000000 0.997204 -0.074730 0.000000 0.974928 -0.222521 0.000000 0.974928 -0.222521 0.000000 0.930874 -0.365341 0.000000 0.930874 -0.365341 0.000000 0.866025 -0.500000 0.000000 0.866025 -0.500000 0.000000 0.781831 -0.623490 0.000000 0.781831 -0.623490 0.000000 0.680173 -0.733052 0.000000 0.680173 -0.733052 0.000000 0.563320 -0.826239 0.000000 0.563320 -0.826239 0.000000 0.433884 -0.900969 0.000000 0.433884 -0.900969 0.000000 0.294755 -0.955573 0.000000 0.294755 -0.955573 0.000000 0.149042 -0.988831 0.000000 0.149042 -0.988831 0.000000 -0.000000 -1.000000 -0.000000 -0.000000 -1.000000 -0.000000 -0.121016 0.992651 0.000000 -0.122484 0.992471 0.000000 -0.121016 0.992651 0.000000 -0.122484 0.992471 0.000000 -0.123950 0.992288 0.000000 -0.123950 0.992288 0.000000 -0.125415 0.992104 0.000000 -0.125415 0.992104 0.000000 0.121016 0.992651 0.000000 0.107949 0.994156 0.000000 0.121016 0.992651 0.000000 0.107949 0.994156 0.000000 0.094530 0.995522 0.000000 0.094530 0.995522 0.000000 0.080564 0.996749 0.000000 0.080564 0.996749 0.000000 0.065901 0.997826 0.000000 0.065901 0.997826 0.000000 0.050453 0.998726 0.000000 0.050453 0.998726 0.000000 0.034220 0.999414 0.000000 0.034220 0.999414 0.000000 0.017317 0.999850 0.000000 0.017317 0.999850 0.000000 0.000000 1.000000 0.000000 0.000000 1.000000 0.000000 -0.017317 0.999850 0.000000 -0.017317 0.999850 0.000000 -0.034220 0.999414 0.000000 -0.034220 0.999414 0.000000 -0.050453 0.998726 0.000000 -0.050453 0.998726 0.000000 -0.065901 0.997826 0.000000 -0.065901 0.997826 0.000000 -0.080564 0.996749 0.000000 -0.080564 0.996749 0.000000 -0.094530 0.995522 0.000000 -0.094530 0.995522 0.000000 -0.107949 0.994156 0.000000 -0.107949 0.994156 0.000000 -0.121016 0.992651 0.000000 -0.121016 0.992651 0.000000 0.125415 0.992104 0.000000 0.123950 0.992288 0.000000 0.125415 0.992104 0.000000 0.123950 0.992288 0.000000 0.122484 0.992471 0.000000 0.122484 0.992471 0.000000 -0.000000 -1.000000 -0.000000 -0.000000 -1.000000 -0.000000 -0.149042 -0.988831 -0.000000 -0.149042 -0.988831 -0.000000 -0.294755 -0.955573 -0.000000 -0.294755 -0.955573 -0.000000 -0.433884 -0.900969 -0.000000 -0.433884 -0.900969 -0.000000 -0.563320 -0.826239 -0.000000 -0.563320 -0.826239 -0.000000 -0.680173 -0.733052 -0.000000 -0.680173 -0.733052 -0.000000 -0.781831 -0.623490 -0.000000 -0.781831 -0.623490 -0.000000 -0.866025 -0.500000 -0.000000 -0.866025 -0.500000 -0.000000 -0.930874 -0.365341 -0.000000 -0.930874 -0.365341 -0.000000 -0.974928 -0.222521 -0.000000 -0.974928 -0.222521 -0.000000 -0.997204 -0.074730 -0.000000 -0.997204 -0.074730 -0.000000 -0.997204 0.074730 -0.000000 -0.997204 0.074730 -0.000000 -0.974928 0.222521 -0.000000 -0.974928 0.222521 -0.000000 -0.930874 0.365341 -0.000000 -0.930874 0.365341 -0.000000 -0.866025 0.500000 -0.000000 -0.866025 0.500000 -0.000000 -0.781831 0.623490 -0.000000 -0.781831 0.623490 -0.000000 -0.680173 0.733052 -0.000000 -0.680173 0.733052 -0.000000 -0.563320 0.826239 -0.000000 -0.563320 0.826239 -0.000000 -0.433884 0.900969 -0.000000 -0.433884 0.900969 -0.000000 -0.294755 0.955573 -0.000000 -0.294755 0.955573 -0.000000 -0.149042 0.988831 -0.000000 -0.149042 0.988831 -0.000000 -0.000000 1.000000 -0.000000 -0.000000 1.000000 0.000000 0.121016 -0.992651 0.000000 0.122484 -0.992471 0.000000 0.121016 -0.992651 0.000000 0.122484 -0.992471 0.000000 0.123950 -0.992288 0.000000 0.123950 -0.992288 0.000000 0.125415 -0.992104 0.000000 0.125415 -0.992104 0.000000 -0.121016 -0.992651 -0.000000 -0.107949 -0.994156 -0.000000 -0.121016 -0.992651 -0.000000 -0.107949 -0.994156 -0.000000 -0.094530 -0.995522 -0.000000 -0.094530 -0.995522 -0.000000 -0.080564 -0.996749 -0.000000 -0.080564 -0.996749 -0.000000 -0.065901 -0.997826 -0.000000 -0.065901 -0.997826 -0.000000 -0.050453 -0.998726 -0.000000 -0.050453 -0.998726 -0.000000 -0.034220 -0.999414 -0.000000 -0.034220 -0.999414 -0.000000 -0.017317 -0.999850 -0.000000 -0.017317 -0.999850 -0.000000 0.000000 -1.000000 0.000000 0.000000 -1.000000 0.000000 0.017317 -0.999850 0.000000 0.017317 -0.999850 0.000000 0.034220 -0.999414 0.000000 0.034220 -0.999414 0.000000 0.050453 -0.998726 0.000000 0.050453 -0.998726 0.000000 0.065901 -0.997826 0.000000 0.065901 -0.997826 0.000000 0.080564 -0.996749 0.000000 0.080564 -0.996749 0.000000 0.094530 -0.995522 0.000000 0.094530 -0.995522 0.000000 0.107949 -0.994156 0.000000 0.107949 -0.994156 0.000000 -0.125415 -0.992104 -0.000000 -0.123950 -0.992288 -0.000000 -0.125415 -0.992104 -0.000000 -0.123950 -0.992288 -0.000000 -0.122484 -0.992471 -0.000000 -0.122484 -0.992471 -0.000000 -0.121016 -0.992651 -0.000000 -0.121016 -0.992651 -0.000000 0.000000 0.000000 -1.000000 0.000000 0.000000 -1.000000 0.000000 0.000000 -1.000000 0.000000 0.000000 -1.000000 0.000000 0.000000 -1.000000 0.000000 0.000000 -1.000000 0.000000 0.000000 -1.000000 0.000000 0.000000 -1.000000 0.000000 0.000000 -1.000000 0.000000 0.000000 -1.000000 0.000000 0.000000 -1.000000 0.000000 0.000000 -1.000000 0.000000 0.000000 -1.000000 0.000000 0.000000 -1.000000 0.000000 0.000000 -1.000000 0.000000 0.000000 -1.000000 0.000000 0.000000 -1.000000 0.000000 0.000000 -1.000000 0.000000 0.000000 -1.000000 0.000000 0.000000 -1.000000 0.000000 0.000000 -1.000000 0.000000 0.000000 -1.000000 0.000000 0.000000 -1.000000 0.000000 0.000000 -1.000000 0.000000 0.000000 -1.000000 0.000000 0.000000 -1.000000 0.000000 0.000000 -1.000000 0.000000 0.000000 -1.000000 0.000000 0.000000 -1.000000 0.000000 0.000000 -1.000000 0.000000 0.000000 -1.000000 0.000000 0.000000 -1.000000 0.000000 0.000000 -1.000000 0.000000 0.000000 -1.000000 0.000000 0.000000 -1.000000 0.000000 0.000000 -1.000000 0.000000 0.000000 -1.000000 0.000000 0.000000 -1.000000 0.000000 0.000000 -1.000000 0.000000 0.000000 -1.000000 0.000000 0.000000 -1.000000 0.000000 0.000000 -1.000000 0.000000 0.000000 -1.000000 0.000000 0.000000 -1.000000 0.000000 0.000000 -1.000000 0.000000 0.000000 -1.000000 0.000000 0.000000 -1.000000 0.000000 0.000000 -1.000000 0.000000 0.000000 -1.000000 0.000000 0.000000 -1.000000 0.000000 0.000000 -1.000000 0.000000 0.000000 -1.000000 0.000000 0.000000 -1.000000 0.000000 0.000000 -1.000000 0.000000 0.000000 -1.000000 0.000000 0.000000 -1.000000 0.000000 0.000000 -1.000000 0.000000 0.000000 -1.000000 0.000000 0.000000 -1.000000 0.000000 0.000000 -1.000000 0.000000 0.000000 -1.000000 0.000000 0.000000 -1.000000 0.000000 0.000000 -1.000000 0.000000 0.000000 -1.000000 0.000000 0.000000 -1.000000 0.000000 0.000000 -1.000000 0.000000 0.000000 -1.000000 0.000000 0.000000 -1.000000 0.000000 0.000000 -1.000000 0.000000 0.000000 -1.000000 0.000000 0.000000 -1.000000 0.000000 0.000000 -1.000000 0.000000 0.000000 -1.000000 0.000000 0.000000 -1.000000 0.000000 0.000000 -1.000000 0.000000 0.000000 -1.000000 0.000000 0.000000 -1.000000 0.000000 0.000000 -1.000000 0.000000 0.000000 -1.000000 0.000000 0.000000 -1.000000 0.000000 0.000000 -1.000000 0.000000 0.000000 -1.000000 0.000000 0.000000 -1.000000 0.000000 0.000000 -1.000000 0.000000 0.000000 -1.000000 0.000000 0.000000 -1.000000 0.000000 0.000000 -1.000000 0.000000 0.000000 -1.000000 0.000000 0.000000 -1.000000 0.000000 0.000000 -1.000000 0.000000 0.000000 -1.000000 0.000000 0.000000 -1.000000 0.000000 0.000000 -1.000000 0.000000 0.000000 -1.000000 0.000000 0.000000 -1.000000 0.000000 0.000000 -1.000000 0.000000 0.000000 -1.000000 0.000000 0.000000 -1.000000 0.000000 0.000000 -1.000000 0.000000 0.000000 -1.000000 0.000000 0.000000 -1.000000 0.000000 0.000000 -1.000000 0.000000 0.000000 -1.000000 0.000000 0.000000 -1.000000 0.000000 0.000000 -1.000000 0.000000 0.000000 -1.000000 0.000000 0.000000 -1.000000 0.000000 0.000000 -1.000000 0.000000 0.000000 -1.000000 0.000000 0.000000 -1.000000 0.000000 0.000000 -1.000000 0.000000 0.000000 -1.000000 0.000000 0.000000 -1.000000 0.000000 0.000000 -1.000000 0.000000 0.000000 -1.000000 0.000000 0.000000 -1.000000 0.000000 0.000000 -1.000000 0.000000 0.000000 -1.000000 0.000000 0.000000 -1.000000 0.000000 0.000000 -1.000000 0.000000 0.000000 -1.000000 0.000000 0.000000 -1.000000 0.000000 0.000000 -1.000000 0.000000 0.000000 -1.000000 0.000000 0.000000 -1.000000 0.000000 0.000000 -1.000000 0.000000 0.000000 -1.000000 0.000000 0.000000 -1.000000 0.000000 0.000000 -1.000000 0.000000 0.000000 -1.000000 0.000000 0.000000 -1.000000 0.000000 0.000000 -1.000000 0.000000 0.000000 -1.000000 0.000000 0.000000 -1.000000 0.000000 0.000000 -1.000000 0.000000 0.000000 -1.000000 0.000000 0.000000 -1.000000 0.000000 0.000000 -1.000000 0.000000 0.000000 -1.000000 0.000000 0.000000 -1.000000 -0.000000 -0.000000 1.000000 -0.000000 -0.000000 1.000000 -0.000000 -0.000000 1.000000 -0.000000 -0.000000 1.000000 -0.000000 -0.000000 1.000000 -0.000000 -0.000000 1.000000 -0.000000 -0.000000 1.000000 -0.000000 -0.000000 1.000000 -0.000000 -0.000000 1.000000 -0.000000 -0.000000 1.000000 -0.000000 -0.000000 1.000000 -0.000000 -0.000000 1.000000 -0.000000 -0.000000 1.000000 -0.000000 -0.000000 1.000000 -0.000000 -0.000000 1.000000 -0.000000 -0.000000 1.000000 -0.000000 -0.000000 1.000000 -0.000000 -0.000000 1.000000 -0.000000 -0.000000 1.000000 -0.000000 -0.000000 1.000000 -0.000000 -0.000000 1.000000 -0.000000 -0.000000 1.000000 -0.000000 -0.000000 1.000000 -0.000000 -0.000000 1.000000 -0.000000 -0.000000 1.000000 -0.000000 -0.000000 1.000000 -0.000000 -0.000000 1.000000 -0.000000 -0.000000 1.000000 -0.000000 -0.000000 1.000000 -0.000000 -0.000000 1.000000 -0.000000 -0.000000 1.000000 -0.000000 -0.000000 1.000000 -0.000000 -0.000000 1.000000 -0.000000 -0.000000 1.000000 -0.000000 -0.000000 1.000000 -0.000000 -0.000000 1.000000 -0.000000 -0.000000 1.000000 -0.000000 -0.000000 1.000000 -0.000000 -0.000000 1.000000 -0.000000 -0.000000 1.000000 -0.000000 -0.000000 1.000000 -0.000000 -0.000000 1.000000 -0.000000 -0.000000 1.000000 -0.000000 -0.000000 1.000000 -0.000000 -0.000000 1.000000 -0.000000 -0.000000 1.000000 -0.000000 -0.000000 1.000000 -0.000000 -0.000000 1.000000 -0.000000 -0.000000 1.000000 -0.000000 -0.000000 1.000000 -0.000000 -0.000000 1.000000 -0.000000 -0.000000 1.000000 -0.000000 -0.000000 1.000000 -0.000000 -0.000000 1.000000 -0.000000 -0.000000 1.000000 -0.000000 -0.000000 1.000000 -0.000000 -0.000000 1.000000 -0.000000 -0.000000 1.000000 -0.000000 -0.000000 1.000000 -0.000000 -0.000000 1.000000 -0.000000 -0.000000 1.000000 -0.000000 -0.000000 1.000000 -0.000000 -0.000000 1.000000 -0.000000 -0.000000 1.000000 -0.000000 -0.000000 1.000000 -0.000000 -0.000000 1.000000 -0.000000 -0.000000 1.000000 -0.000000 -0.000000 1.000000 -0.000000 -0.000000 1.000000 -0.000000 -0.000000 1.000000 -0.000000 -0.000000 1.000000 -0.000000 -0.000000 1.000000 -0.000000 -0.000000 1.000000 -0.000000 -0.000000 1.000000 -0.000000 -0.000000 1.000000 -0.000000 -0.000000 1.000000 -0.000000 -0.000000 1.000000 -0.000000 -0.000000 1.000000 -0.000000 -0.000000 1.000000 -0.000000 -0.000000 1.000000 -0.000000 -0.000000 1.000000 -0.000000 -0.000000 1.000000 -0.000000 -0.000000 1.000000 -0.000000 -0.000000 1.000000 -0.000000 -0.000000 1.000000 -0.000000 -0.000000 1.000000 -0.000000 -0.000000 1.000000 -0.000000 -0.000000 1.000000 -0.000000 -0.000000 1.000000 -0.000000 -0.000000 1.000000 -0.000000 -0.000000 1.000000 -0.000000 -0.000000 1.000000 -0.000000 -0.000000 1.000000 -0.000000 -0.000000 1.000000 -0.000000 -0.000000 1.000000 -0.000000 -0.000000 1.000000 -0.000000 -0.000000 1.000000 -0.000000 -0.000000 1.000000 -0.000000 -0.000000 1.000000 -0.000000 -0.000000 1.000000 -0.000000 -0.000000 1.000000 -0.000000 -0.000000 1.000000 -0.000000 -0.000000 1.000000 -0.000000 -0.000000 1.000000 -0.000000 -0.000000 1.000000 -0.000000 -0.000000 1.000000 -0.000000 -0.000000 1.000000 -0.000000 -0.000000 1.000000 -0.000000 -0.000000 1.000000 -0.000000 -0.000000 1.000000 -0.000000 -0.000000 1.000000 -0.000000 -0.000000 1.000000 -0.000000 -0.000000 1.000000 -0.000000 -0.000000 1.000000 -0.000000 -0.000000 1.000000 -0.000000 -0.000000 1.000000 -0.000000 -0.000000 1.000000 -0.000000 -0.000000 1.000000 -0.000000 -0.000000 1.000000 -0.000000 -0.000000 1.000000 -0.000000 -0.000000 1.000000 -0.000000 -0.000000 1.000000 -0.000000 -0.000000 1.000000 -0.000000 -0.000000 1.000000 -0.000000 -0.000000 1.000000 -0.000000 -0.000000 1.000000 -0.000000 -0.000000 1.000000 -0.000000 -0.000000 1.000000 -0.000000 -0.000000 1.000000 -0.000000 -0.000000 1.000000 -0.000000 -0.000000 1.000000 -0.000000 -0.000000 1.000000 -0.000000 -0.000000 1.000000 -0.000000 -0.000000 1.000000 -0.000000 -0.000000 1.000000 -0.000000 -0.000000 1.000000 -0.000000 -0.000000 1.000000 -0.000000 -0.000000 1.000000 -0.000000 -0.000000 1.000000 -0.000000 -0.000000 1.000000</float_array>
          <technique_common>
            <accessor source="#gripper_left_gear-mesh-normals-array" count="7324" stride="3">
              <param name="X" type="float"/>
              <param name="Y" type="float"/>
              <param name="Z" type="float"/>
            </accessor>
          </technique_common>
        </source>
        <vertices id="gripper_left_gear-mesh-vertices">
          <input semantic="POSITION" source="#gripper_left_gear-mesh-positions"/>
        </vertices>
        <triangles material="Opaque_246_246_243_" count="5232">
          <input semantic="VERTEX" source="#gripper_left_gear-mesh-vertices" offset="0"/>
          <input semantic="NORMAL" source="#gripper_left_gear-mesh-normals" offset="1"/>
          <p>1 0 53 1 0 2 0 2 53 1 27 3 0 2 27 3 26 4 26 4 27 3 28 5 26 4 28 5 25 6 25 6 28 5 29 7 25 6 29 7 24 8 24 8 29 7 30 9 24 8 30 9 23 10 23 10 30 9 31 11 23 10 31 11 22 12 22 12 31 11 32 13 22 12 32 13 21 14 21 14 32 13 33 15 21 14 33 15 20 16 20 16 33 15 34 17 20 16 34 17 19 18 19 18 34 17 35 19 19 18 35 19 18 20 18 20 35 19 36 21 18 20 36 21 17 22 17 22 36 21 37 23 17 22 37 23 16 24 16 24 37 23 38 25 16 24 38 25 15 26 15 26 38 25 39 27 15 26 39 27 14 28 14 28 39 27 40 29 14 28 40 29 13 30 13 30 40 29 41 31 13 30 41 31 12 32 12 32 41 31 42 33 12 32 42 33 11 34 11 34 42 33 43 35 11 34 43 35 10 36 10 36 43 35 44 37 10 36 44 37 9 38 9 38 44 37 45 39 9 38 45 39 8 40 8 40 45 39 46 41 8 40 46 41 7 42 7 42 46 41 47 43 7 42 47 43 6 44 6 44 47 43 48 45 6 44 48 45 5 46 5 46 48 45 49 47 5 46 49 47 4 48 4 48 49 47 50 49 4 48 50 49 3 50 3 50 50 49 51 51 3 50 51 51 2 52 2 52 51 51 52 53 2 52 52 53 1 0 1 0 52 53 53 1 55 54 107 55 54 56 54 56 107 55 81 57 54 56 81 57 80 58 80 58 81 57 82 59 80 58 82 59 79 60 79 60 82 59 83 61 79 60 83 61 78 62 78 62 83 61 84 63 78 62 84 63 77 64 77 64 84 63 85 65 77 64 85 65 76 66 76 66 85 65 86 67 76 66 86 67 75 68 75 68 86 67 87 69 75 68 87 69 74 70 74 70 87 69 88 71 74 70 88 71 73 72 73 72 88 71 89 73 73 72 89 73 72 74 72 74 89 73 90 75 72 74 90 75 71 76 71 76 90 75 91 77 71 76 91 77 70 78 70 78 91 77 92 79 70 78 92 79 69 80 69 80 92 79 93 81 69 80 93 81 68 82 68 82 93 81 94 83 68 82 94 83 67 84 67 84 94 83 95 85 67 84 95 85 66 86 66 86 95 85 96 87 66 86 96 87 65 88 65 88 96 87 97 89 65 88 97 89 64 90 64 90 97 89 98 91 64 90 98 91 63 92 63 92 98 91 99 93 63 92 99 93 62 94 62 94 99 93 100 95 62 94 100 95 61 96 61 96 100 95 101 97 61 96 101 97 60 98 60 98 101 97 102 99 60 98 102 99 59 100 59 100 102 99 103 101 59 100 103 101 58 102 58 102 103 101 104 103 58 102 104 103 57 104 57 104 104 103 105 105 57 104 105 105 56 106 56 106 105 105 106 107 56 106 106 107 55 54 55 54 106 107 107 55 108 108 109 109 111 110 111 110 109 109 110 111 153 112 112 113 152 114 152 114 112 113 113 115 152 114 113 115 151 116 151 116 113 115 114 117 151 116 114 117 150 118 150 118 114 117 115 119 150 118 115 119 149 120 149 120 115 119 116 121 149 120 116 121 148 122 148 122 116 121 117 123 148 122 117 123 147 124 147 124 117 123 118 125 147 124 118 125 146 126 146 126 118 125 119 127 146 126 119 127 145 128 145 128 119 127 120 129 145 128 120 129 144 130 144 130 120 129 121 131 144 130 121 131 143 132 143 132 121 131 122 133 143 132 122 133 142 134 142 134 122 133 123 135 142 134 123 135 141 136 141 136 123 135 124 137 141 136 124 137 140 138 140 138 124 137 125 139 140 138 125 139 139 140 139 140 125 139 126 141 139 140 126 141 138 142 138 142 126 141 127 143 138 142 127 143 137 144 137 144 127 143 128 145 137 144 128 145 136 146 136 146 128 145 129 147 136 146 129 147 135 148 135 148 129 147 130 149 135 148 130 149 134 150 134 150 130 149 131 151 134 150 131 151 133 152 133 152 131 151 132 153 133 152 132 153 111 110 111 110 132 153 108 108 154 154 112 113 155 155 155 155 112 113 153 112 156 156 154 157 157 158 157 158 154 157 155 159 158 160 156 161 159 162 159 162 156 161 157 163 160 164 158 165 161 166 161 166 158 165 159 167 162 168 160 169 163 170 163 170 160 169 161 171 169 172 164 173 168 174 168 174 164 173 165 175 168 174 165 175 167 176 167 176 165 175 166 177 167 176 166 177 163 178 163 178 166 177 162 179 170 180 164 181 171 182 171 182 164 181 169 183 172 184 170 185 173 186 173 186 170 185 171 187 174 188 172 189 175 190 175 190 172 189 173 191 176 192 174 193 177 194 177 194 174 193 175 195 178 196 176 197 179 198 179 198 176 197 177 199 180 200 178 201 181 202 181 202 178 201 179 203 182 204 180 205 183 206 183 206 180 205 181 207 184 208 182 209 185 210 185 210 182 209 183 211 186 212 184 213 187 214 187 214 184 213 185 215 188 216 186 217 189 218 189 218 186 217 187 219 190 220 188 221 191 222 191 222 188 221 189 223 192 224 190 225 193 226 193 226 190 225 191 227 194 228 192 229 195 230 195 230 192 229 193 231 196 232 194 233 197 234 197 234 194 233 195 235 198 236 196 237 199 238 199 238 196 237 197 239 200 240 198 241 201 242 201 242 198 241 199 243 202 244 200 245 203 246 203 246 200 245 201 247 204 248 202 249 205 250 205 250 202 249 203 251 206 252 204 253 207 254 207 254 204 253 205 255 208 256 206 257 209 258 209 258 206 257 207 259 210 260 208 261 211 262 211 262 208 261 209 263 212 264 210 265 213 266 213 266 210 265 211 267 214 268 212 269 215 270 215 270 212 269 213 271 216 272 214 273 217 274 217 274 214 273 215 275 218 276 216 277 219 278 219 278 216 277 217 279 220 280 218 281 221 282 221 282 218 281 219 283 222 284 220 285 223 286 223 286 220 285 221 287 224 288 222 289 225 290 225 290 222 289 223 291 226 292 224 293 227 294 227 294 224 293 225 295 228 296 226 297 229 298 229 298 226 297 227 299 230 300 228 301 231 302 231 302 228 301 229 303 232 304 230 305 233 306 233 306 230 305 231 307 234 308 232 309 235 310 235 310 232 309 233 311 236 312 234 313 237 314 237 314 234 313 235 315 238 316 236 317 239 318 239 318 236 317 237 319 240 320 238 321 241 322 241 322 238 321 239 323 242 324 240 325 243 326 243 326 240 325 241 327 244 328 242 329 245 330 245 330 242 329 243 331 246 332 244 333 247 334 247 334 244 333 245 335 248 336 246 337 249 338 249 338 246 337 247 339 250 340 248 341 251 342 251 342 248 341 249 343 252 344 250 345 253 346 253 346 250 345 251 347 254 348 252 349 255 350 255 350 252 349 253 351 256 352 254 353 257 354 257 354 254 353 255 355 258 356 256 357 259 358 259 358 256 357 257 359 260 360 258 361 261 362 261 362 258 361 259 363 267 364 262 365 266 366 266 366 262 365 263 367 266 366 263 367 265 368 265 368 263 367 264 369 265 368 264 369 261 370 261 370 264 369 260 371 268 372 262 373 269 374 269 374 262 373 267 375 270 376 268 377 271 378 271 378 268 377 269 379 272 380 270 381 273 382 273 382 270 381 271 383 274 384 272 385 275 386 275 386 272 385 273 387 276 388 274 389 277 390 277 390 274 389 275 391 278 392 276 393 279 394 279 394 276 393 277 395 280 396 278 397 281 398 281 398 278 397 279 399 282 400 280 401 283 402 283 402 280 401 281 403 284 404 282 405 285 406 285 406 282 405 283 407 286 408 284 409 287 410 287 410 284 409 285 411 288 412 286 413 289 414 289 414 286 413 287 415 290 416 288 417 291 418 291 418 288 417 289 419 292 420 290 421 293 422 293 422 290 421 291 423 294 424 292 425 295 426 295 426 292 425 293 427 296 428 294 429 297 430 297 430 294 429 295 431 298 432 296 433 299 434 299 434 296 433 297 435 300 436 298 437 301 438 301 438 298 437 299 439 302 440 300 441 303 442 303 442 300 441 301 443 304 444 302 445 305 446 305 446 302 445 303 447 306 448 304 449 307 450 307 450 304 449 305 451 308 452 306 453 309 454 309 454 306 453 307 455 310 456 308 457 311 458 311 458 308 457 309 459 312 460 310 461 313 462 313 462 310 461 311 463 314 464 312 465 315 466 315 466 312 465 313 467 316 468 314 469 317 470 317 470 314 469 315 471 318 472 316 473 319 474 319 474 316 473 317 475 320 476 318 477 321 478 321 478 318 477 319 479 322 480 320 481 323 482 323 482 320 481 321 483 324 484 322 485 325 486 325 486 322 485 323 487 326 488 324 489 327 490 327 490 324 489 325 491 328 492 326 493 329 494 329 494 326 493 327 495 330 496 328 497 331 498 331 498 328 497 329 499 332 500 330 501 333 502 333 502 330 501 331 503 334 504 332 505 335 506 335 506 332 505 333 507 336 508 334 509 337 510 337 510 334 509 335 511 338 512 336 513 339 514 339 514 336 513 337 515 340 516 338 517 341 518 341 518 338 517 339 519 342 520 340 521 343 522 343 522 340 521 341 523 344 524 342 525 345 526 345 526 342 525 343 527 346 528 344 529 347 530 347 530 344 529 345 531 348 532 346 533 349 534 349 534 346 533 347 535 350 536 348 537 351 538 351 538 348 537 349 539 352 540 350 541 353 542 353 542 350 541 351 543 354 544 352 545 355 546 355 546 352 545 353 547 356 548 354 549 357 550 357 550 354 549 355 551 358 552 356 553 359 554 359 554 356 553 357 555 365 556 360 557 364 558 364 558 360 557 361 559 364 558 361 559 363 560 363 560 361 559 362 561 363 560 362 561 359 562 359 562 362 561 358 563 366 564 360 565 367 566 367 566 360 565 365 567 368 568 366 569 369 570 369 570 366 569 367 571 370 572 368 573 371 574 371 574 368 573 369 575 372 576 370 577 373 578 373 578 370 577 371 579 374 580 372 581 375 582 375 582 372 581 373 583 376 584 374 585 377 586 377 586 374 585 375 587 378 588 376 589 379 590 379 590 376 589 377 591 380 592 378 593 381 594 381 594 378 593 379 595 382 596 380 597 383 598 383 598 380 597 381 599 384 600 382 601 385 602 385 602 382 601 383 603 386 604 384 605 387 606 387 606 384 605 385 607 388 608 386 609 389 610 389 610 386 609 387 611 390 612 388 613 391 614 391 614 388 613 389 615 392 616 390 617 393 618 393 618 390 617 391 619 394 620 392 621 395 622 395 622 392 621 393 623 396 624 394 625 397 626 397 626 394 625 395 627 398 628 396 629 399 630 399 630 396 629 397 631 400 632 398 633 401 634 401 634 398 633 399 635 402 636 400 637 403 638 403 638 400 637 401 639 404 640 402 641 405 642 405 642 402 641 403 643 406 644 404 645 407 646 407 646 404 645 405 647 408 648 406 649 409 650 409 650 406 649 407 651 410 652 408 653 411 654 411 654 408 653 409 655 412 656 410 657 413 658 413 658 410 657 411 659 414 660 412 661 415 662 415 662 412 661 413 663 416 664 414 665 417 666 417 666 414 665 415 667 418 668 416 669 419 670 419 670 416 669 417 671 420 672 418 673 421 674 421 674 418 673 419 675 422 676 420 677 423 678 423 678 420 677 421 679 424 680 422 681 425 682 425 682 422 681 423 683 426 684 424 685 427 686 427 686 424 685 425 687 428 688 426 689 429 690 429 690 426 689 427 691 430 692 428 693 431 694 431 694 428 693 429 695 432 696 430 697 433 698 433 698 430 697 431 699 434 700 432 701 435 702 435 702 432 701 433 703 436 704 434 705 437 706 437 706 434 705 435 707 438 708 436 709 439 710 439 710 436 709 437 711 440 712 438 713 441 714 441 714 438 713 439 715 442 716 440 717 443 718 443 718 440 717 441 719 444 720 442 721 445 722 445 722 442 721 443 723 446 724 444 725 447 726 447 726 444 725 445 727 448 728 446 729 449 730 449 730 446 729 447 731 450 732 448 733 451 734 451 734 448 733 449 735 452 736 450 737 453 738 453 738 450 737 451 739 454 740 452 741 455 742 455 742 452 741 453 743 456 744 454 745 457 746 457 746 454 745 455 747 463 748 458 749 462 750 462 750 458 749 459 751 462 750 459 751 461 752 461 752 459 751 460 753 461 752 460 753 457 754 457 754 460 753 456 755 464 756 458 757 465 758 465 758 458 757 463 759 466 760 464 761 467 762 467 762 464 761 465 763 468 764 466 765 469 766 469 766 466 765 467 767 470 768 468 769 471 770 471 770 468 769 469 771 472 772 470 773 473 774 473 774 470 773 471 775 474 776 472 777 475 778 475 778 472 777 473 779 476 780 474 781 477 782 477 782 474 781 475 783 478 784 476 785 479 786 479 786 476 785 477 787 480 788 478 789 481 790 481 790 478 789 479 791 482 792 480 793 483 794 483 794 480 793 481 795 484 796 482 797 485 798 485 798 482 797 483 799 486 800 484 801 487 802 487 802 484 801 485 803 488 804 486 805 489 806 489 806 486 805 487 807 490 808 488 809 491 810 491 810 488 809 489 811 492 812 490 813 493 814 493 814 490 813 491 815 494 816 492 817 495 818 495 818 492 817 493 819 496 820 494 821 497 822 497 822 494 821 495 823 498 824 496 825 499 826 499 826 496 825 497 827 500 828 498 829 501 830 501 830 498 829 499 831 502 832 500 833 503 834 503 834 500 833 501 835 504 836 502 837 505 838 505 838 502 837 503 839 506 840 504 841 507 842 507 842 504 841 505 843 508 844 506 845 509 846 509 846 506 845 507 847 510 848 508 849 511 850 511 850 508 849 509 851 512 852 510 853 513 854 513 854 510 853 511 855 514 856 512 857 515 858 515 858 512 857 513 859 516 860 514 861 517 862 517 862 514 861 515 863 518 864 516 865 519 866 519 866 516 865 517 867 520 868 518 869 521 870 521 870 518 869 519 871 522 872 520 873 523 874 523 874 520 873 521 875 524 876 522 877 525 878 525 878 522 877 523 879 526 880 524 881 527 882 527 882 524 881 525 883 528 884 526 885 529 886 529 886 526 885 527 887 530 888 528 889 531 890 531 890 528 889 529 891 532 892 530 893 533 894 533 894 530 893 531 895 534 896 532 897 535 898 535 898 532 897 533 899 536 900 534 901 537 902 537 902 534 901 535 903 538 904 536 905 539 906 539 906 536 905 537 907 540 908 538 909 541 910 541 910 538 909 539 911 542 912 540 913 543 914 543 914 540 913 541 915 544 916 542 917 545 918 545 918 542 917 543 919 546 920 544 921 547 922 547 922 544 921 545 923 548 924 546 925 549 926 549 926 546 925 547 927 550 928 548 929 551 930 551 930 548 929 549 931 552 932 550 933 553 934 553 934 550 933 551 935 554 936 552 937 555 938 555 938 552 937 553 939 561 940 556 941 560 942 560 942 556 941 557 943 560 942 557 943 559 944 559 944 557 943 558 945 559 944 558 945 555 946 555 946 558 945 554 947 562 948 556 949 563 950 563 950 556 949 561 951 564 952 562 953 565 954 565 954 562 953 563 955 566 956 564 957 567 958 567 958 564 957 565 959 568 960 566 961 569 962 569 962 566 961 567 963 570 964 568 965 571 966 571 966 568 965 569 967 572 968 570 969 573 970 573 970 570 969 571 971 574 972 572 973 575 974 575 974 572 973 573 975 576 976 574 977 577 978 577 978 574 977 575 979 578 980 576 981 579 982 579 982 576 981 577 983 580 984 578 985 581 986 581 986 578 985 579 987 582 988 580 989 583 990 583 990 580 989 581 991 584 992 582 993 585 994 585 994 582 993 583 995 586 996 584 997 587 998 587 998 584 997 585 999 588 1000 586 1001 589 1002 589 1002 586 1001 587 1003 590 1004 588 1005 591 1006 591 1006 588 1005 589 1007 592 1008 590 1009 593 1010 593 1010 590 1009 591 1011 594 1012 592 1013 595 1014 595 1014 592 1013 593 1015 596 1016 594 1017 597 1018 597 1018 594 1017 595 1019 598 1020 596 1021 599 1022 599 1022 596 1021 597 1023 600 1024 598 1025 601 1026 601 1026 598 1025 599 1027 602 1028 600 1029 603 1030 603 1030 600 1029 601 1031 604 1032 602 1033 605 1034 605 1034 602 1033 603 1035 606 1036 604 1037 607 1038 607 1038 604 1037 605 1039 608 1040 606 1041 609 1042 609 1042 606 1041 607 1043 610 1044 608 1045 611 1046 611 1046 608 1045 609 1047 612 1048 610 1049 613 1050 613 1050 610 1049 611 1051 614 1052 612 1053 615 1054 615 1054 612 1053 613 1055 616 1056 614 1057 617 1058 617 1058 614 1057 615 1059 618 1060 616 1061 619 1062 619 1062 616 1061 617 1063 620 1064 618 1065 621 1066 621 1066 618 1065 619 1067 622 1068 620 1069 623 1070 623 1070 620 1069 621 1071 624 1072 622 1073 625 1074 625 1074 622 1073 623 1075 626 1076 624 1077 627 1078 627 1078 624 1077 625 1079 628 1080 626 1081 629 1082 629 1082 626 1081 627 1083 630 1084 628 1085 631 1086 631 1086 628 1085 629 1087 632 1088 630 1089 633 1090 633 1090 630 1089 631 1091 634 1092 632 1093 635 1094 635 1094 632 1093 633 1095 636 1096 634 1097 637 1098 637 1098 634 1097 635 1099 638 1100 636 1101 639 1102 639 1102 636 1101 637 1103 640 1104 638 1105 641 1106 641 1106 638 1105 639 1107 642 1108 640 1109 643 1110 643 1110 640 1109 641 1111 644 1112 642 1113 645 1114 645 1114 642 1113 643 1115 646 1116 644 1117 647 1118 647 1118 644 1117 645 1119 648 1120 646 1121 649 1122 649 1122 646 1121 647 1123 650 1124 648 1125 651 1126 651 1126 648 1125 649 1127 652 1128 650 1129 653 1130 653 1130 650 1129 651 1131 659 1132 654 1133 658 1134 658 1134 654 1133 655 1135 658 1134 655 1135 657 1136 657 1136 655 1135 656 1137 657 1136 656 1137 653 1138 653 1138 656 1137 652 1139 660 1140 654 1141 661 1142 661 1142 654 1141 659 1143 662 1144 660 1145 663 1146 663 1146 660 1145 661 1147 664 1148 662 1149 665 1150 665 1150 662 1149 663 1151 666 1152 664 1153 667 1154 667 1154 664 1153 665 1155 668 1156 666 1157 669 1158 669 1158 666 1157 667 1159 670 1160 668 1161 671 1162 671 1162 668 1161 669 1163 672 1164 670 1165 673 1166 673 1166 670 1165 671 1167 674 1168 672 1169 675 1170 675 1170 672 1169 673 1171 676 1172 674 1173 677 1174 677 1174 674 1173 675 1175 678 1176 676 1177 679 1178 679 1178 676 1177 677 1179 680 1180 678 1181 681 1182 681 1182 678 1181 679 1183 682 1184 680 1185 683 1186 683 1186 680 1185 681 1187 684 1188 682 1189 685 1190 685 1190 682 1189 683 1191 686 1192 684 1193 687 1194 687 1194 684 1193 685 1195 688 1196 686 1197 689 1198 689 1198 686 1197 687 1199 690 1200 688 1201 691 1202 691 1202 688 1201 689 1203 692 1204 690 1205 693 1206 693 1206 690 1205 691 1207 694 1208 692 1209 695 1210 695 1210 692 1209 693 1211 696 1212 694 1213 697 1214 697 1214 694 1213 695 1215 698 1216 696 1217 699 1218 699 1218 696 1217 697 1219 700 1220 698 1221 701 1222 701 1222 698 1221 699 1223 702 1224 700 1225 703 1226 703 1226 700 1225 701 1227 704 1228 702 1229 705 1230 705 1230 702 1229 703 1231 706 1232 704 1233 707 1234 707 1234 704 1233 705 1235 708 1236 706 1237 709 1238 709 1238 706 1237 707 1239 710 1240 708 1241 711 1242 711 1242 708 1241 709 1243 712 1244 710 1245 713 1246 713 1246 710 1245 711 1247 714 1248 712 1249 715 1250 715 1250 712 1249 713 1251 716 1252 714 1253 717 1254 717 1254 714 1253 715 1255 718 1256 716 1257 719 1258 719 1258 716 1257 717 1259 720 1260 718 1261 721 1262 721 1262 718 1261 719 1263 722 1264 720 1265 723 1266 723 1266 720 1265 721 1267 724 1268 722 1269 725 1270 725 1270 722 1269 723 1271 726 1272 724 1273 727 1274 727 1274 724 1273 725 1275 728 1276 726 1277 729 1278 729 1278 726 1277 727 1279 730 1280 728 1281 731 1282 731 1282 728 1281 729 1283 732 1284 730 1285 733 1286 733 1286 730 1285 731 1287 734 1288 732 1289 735 1290 735 1290 732 1289 733 1291 736 1292 734 1293 737 1294 737 1294 734 1293 735 1295 738 1296 736 1297 739 1298 739 1298 736 1297 737 1299 740 1300 738 1301 741 1302 741 1302 738 1301 739 1303 742 1304 740 1305 743 1306 743 1306 740 1305 741 1307 744 1308 742 1309 745 1310 745 1310 742 1309 743 1311 746 1312 744 1313 747 1314 747 1314 744 1313 745 1315 748 1316 746 1317 749 1318 749 1318 746 1317 747 1319 750 1320 748 1321 751 1322 751 1322 748 1321 749 1323 757 1324 752 1325 756 1326 756 1326 752 1325 753 1327 756 1326 753 1327 755 1328 755 1328 753 1327 754 1329 755 1328 754 1329 751 1330 751 1330 754 1329 750 1331 758 1332 752 1333 759 1334 759 1334 752 1333 757 1335 760 1336 758 1337 761 1338 761 1338 758 1337 759 1339 762 1340 760 1341 763 1342 763 1342 760 1341 761 1343 764 1344 762 1345 765 1346 765 1346 762 1345 763 1347 766 1348 764 1349 767 1350 767 1350 764 1349 765 1351 768 1352 766 1353 769 1354 769 1354 766 1353 767 1355 770 1356 768 1357 771 1358 771 1358 768 1357 769 1359 772 1360 770 1361 773 1362 773 1362 770 1361 771 1363 774 1364 772 1365 775 1366 775 1366 772 1365 773 1367 776 1368 774 1369 777 1370 777 1370 774 1369 775 1371 778 1372 776 1373 779 1374 779 1374 776 1373 777 1375 780 1376 778 1377 781 1378 781 1378 778 1377 779 1379 782 1380 780 1381 783 1382 783 1382 780 1381 781 1383 784 1384 782 1385 785 1386 785 1386 782 1385 783 1387 786 1388 784 1389 787 1390 787 1390 784 1389 785 1391 788 1392 786 1393 789 1394 789 1394 786 1393 787 1395 790 1396 788 1397 791 1398 791 1398 788 1397 789 1399 792 1400 790 1401 793 1402 793 1402 790 1401 791 1403 794 1404 792 1405 795 1406 795 1406 792 1405 793 1407 796 1408 794 1409 797 1410 797 1410 794 1409 795 1411 798 1412 796 1413 799 1414 799 1414 796 1413 797 1415 800 1416 798 1417 801 1418 801 1418 798 1417 799 1419 802 1420 800 1421 803 1422 803 1422 800 1421 801 1423 804 1424 802 1425 805 1426 805 1426 802 1425 803 1427 806 1428 804 1429 807 1430 807 1430 804 1429 805 1431 808 1432 806 1433 809 1434 809 1434 806 1433 807 1435 810 1436 808 1437 811 1438 811 1438 808 1437 809 1439 812 1440 810 1441 813 1442 813 1442 810 1441 811 1443 814 1444 812 1445 815 1446 815 1446 812 1445 813 1447 816 1448 814 1449 817 1450 817 1450 814 1449 815 1451 818 1452 816 1453 819 1454 819 1454 816 1453 817 1455 820 1456 818 1457 821 1458 821 1458 818 1457 819 1459 822 1460 820 1461 823 1462 823 1462 820 1461 821 1463 824 1464 822 1465 825 1466 825 1466 822 1465 823 1467 826 1468 824 1469 827 1470 827 1470 824 1469 825 1471 828 1472 826 1473 829 1474 829 1474 826 1473 827 1475 830 1476 828 1477 831 1478 831 1478 828 1477 829 1479 832 1480 830 1481 833 1482 833 1482 830 1481 831 1483 834 1484 832 1485 835 1486 835 1486 832 1485 833 1487 836 1488 834 1489 837 1490 837 1490 834 1489 835 1491 838 1492 836 1493 839 1494 839 1494 836 1493 837 1495 840 1496 838 1497 841 1498 841 1498 838 1497 839 1499 842 1500 840 1501 843 1502 843 1502 840 1501 841 1503 844 1504 842 1505 845 1506 845 1506 842 1505 843 1507 846 1508 844 1509 847 1510 847 1510 844 1509 845 1511 848 1512 846 1513 849 1514 849 1514 846 1513 847 1515 855 1516 850 1517 854 1518 854 1518 850 1517 851 1519 854 1518 851 1519 853 1520 853 1520 851 1519 852 1521 853 1520 852 1521 849 1522 849 1522 852 1521 848 1523 856 1524 850 1525 857 1526 857 1526 850 1525 855 1527 858 1528 856 1529 859 1530 859 1530 856 1529 857 1531 860 1532 858 1533 861 1534 861 1534 858 1533 859 1535 862 1536 860 1537 863 1538 863 1538 860 1537 861 1539 864 1540 862 1541 865 1542 865 1542 862 1541 863 1543 866 1544 864 1545 867 1546 867 1546 864 1545 865 1547 868 1548 866 1549 869 1550 869 1550 866 1549 867 1551 870 1552 868 1553 871 1554 871 1554 868 1553 869 1555 872 1556 870 1557 873 1558 873 1558 870 1557 871 1559 874 1560 872 1561 875 1562 875 1562 872 1561 873 1563 876 1564 874 1565 877 1566 877 1566 874 1565 875 1567 878 1568 876 1569 879 1570 879 1570 876 1569 877 1571 880 1572 878 1573 881 1574 881 1574 878 1573 879 1575 882 1576 880 1577 883 1578 883 1578 880 1577 881 1579 884 1580 882 1581 885 1582 885 1582 882 1581 883 1583 886 1584 884 1585 887 1586 887 1586 884 1585 885 1587 888 1588 886 1589 889 1590 889 1590 886 1589 887 1591 890 1592 888 1593 891 1594 891 1594 888 1593 889 1595 892 1596 890 1597 893 1598 893 1598 890 1597 891 1599 894 1600 892 1601 895 1602 895 1602 892 1601 893 1603 896 1604 894 1605 897 1606 897 1606 894 1605 895 1607 898 1608 896 1609 899 1610 899 1610 896 1609 897 1611 900 1612 898 1613 901 1614 901 1614 898 1613 899 1615 902 1616 900 1617 903 1618 903 1618 900 1617 901 1619 904 1620 902 1621 905 1622 905 1622 902 1621 903 1623 906 1624 904 1625 907 1626 907 1626 904 1625 905 1627 908 1628 906 1629 909 1630 909 1630 906 1629 907 1631 910 1632 908 1633 911 1634 911 1634 908 1633 909 1635 912 1636 910 1637 913 1638 913 1638 910 1637 911 1639 914 1640 912 1641 915 1642 915 1642 912 1641 913 1643 916 1644 914 1645 917 1646 917 1646 914 1645 915 1647 918 1648 916 1649 919 1650 919 1650 916 1649 917 1651 920 1652 918 1653 921 1654 921 1654 918 1653 919 1655 922 1656 920 1657 923 1658 923 1658 920 1657 921 1659 924 1660 922 1661 925 1662 925 1662 922 1661 923 1663 926 1664 924 1665 927 1666 927 1666 924 1665 925 1667 928 1668 926 1669 929 1670 929 1670 926 1669 927 1671 930 1672 928 1673 931 1674 931 1674 928 1673 929 1675 932 1676 930 1677 933 1678 933 1678 930 1677 931 1679 934 1680 932 1681 935 1682 935 1682 932 1681 933 1683 936 1684 934 1685 937 1686 937 1686 934 1685 935 1687 938 1688 936 1689 939 1690 939 1690 936 1689 937 1691 940 1692 938 1693 941 1694 941 1694 938 1693 939 1695 942 1696 940 1697 943 1698 943 1698 940 1697 941 1699 944 1700 942 1701 945 1702 945 1702 942 1701 943 1703 946 1704 944 1705 947 1706 947 1706 944 1705 945 1707 953 1708 948 1709 952 1710 952 1710 948 1709 949 1711 952 1710 949 1711 951 1712 951 1712 949 1711 950 1713 951 1712 950 1713 947 1714 947 1714 950 1713 946 1715 954 1716 948 1717 955 1718 955 1718 948 1717 953 1719 956 1720 954 1721 957 1722 957 1722 954 1721 955 1723 958 1724 956 1725 959 1726 959 1726 956 1725 957 1727 960 1728 958 1729 961 1730 961 1730 958 1729 959 1731 962 1732 960 1733 963 1734 963 1734 960 1733 961 1735 964 1736 962 1737 965 1738 965 1738 962 1737 963 1739 966 1740 964 1741 967 1742 967 1742 964 1741 965 1743 968 1744 966 1745 969 1746 969 1746 966 1745 967 1747 970 1748 968 1749 971 1750 971 1750 968 1749 969 1751 972 1752 970 1753 973 1754 973 1754 970 1753 971 1755 974 1756 972 1757 975 1758 975 1758 972 1757 973 1759 976 1760 974 1761 977 1762 977 1762 974 1761 975 1763 978 1764 976 1765 979 1766 979 1766 976 1765 977 1767 980 1768 978 1769 981 1770 981 1770 978 1769 979 1771 982 1772 980 1773 983 1774 983 1774 980 1773 981 1775 984 1776 982 1777 985 1778 985 1778 982 1777 983 1779 986 1780 984 1781 987 1782 987 1782 984 1781 985 1783 988 1784 986 1785 989 1786 989 1786 986 1785 987 1787 990 1788 988 1789 991 1790 991 1790 988 1789 989 1791 992 1792 990 1793 993 1794 993 1794 990 1793 991 1795 994 1796 992 1797 995 1798 995 1798 992 1797 993 1799 996 1800 994 1801 997 1802 997 1802 994 1801 995 1803 998 1804 996 1805 999 1806 999 1806 996 1805 997 1807 1000 1808 998 1809 1001 1810 1001 1810 998 1809 999 1811 1002 1812 1000 1813 1003 1814 1003 1814 1000 1813 1001 1815 1004 1816 1002 1817 1005 1818 1005 1818 1002 1817 1003 1819 1006 1820 1004 1821 1007 1822 1007 1822 1004 1821 1005 1823 1008 1824 1006 1825 1009 1826 1009 1826 1006 1825 1007 1827 1010 1828 1008 1829 1011 1830 1011 1830 1008 1829 1009 1831 1012 1832 1010 1833 1013 1834 1013 1834 1010 1833 1011 1835 1014 1836 1012 1837 1015 1838 1015 1838 1012 1837 1013 1839 1016 1840 1014 1841 1017 1842 1017 1842 1014 1841 1015 1843 1018 1844 1016 1845 1019 1846 1019 1846 1016 1845 1017 1847 1020 1848 1018 1849 1021 1850 1021 1850 1018 1849 1019 1851 1022 1852 1020 1853 1023 1854 1023 1854 1020 1853 1021 1855 1024 1856 1022 1857 1025 1858 1025 1858 1022 1857 1023 1859 1026 1860 1024 1861 1027 1862 1027 1862 1024 1861 1025 1863 1028 1864 1026 1865 1029 1866 1029 1866 1026 1865 1027 1867 1030 1868 1028 1869 1031 1870 1031 1870 1028 1869 1029 1871 1032 1872 1030 1873 1033 1874 1033 1874 1030 1873 1031 1875 1034 1876 1032 1877 1035 1878 1035 1878 1032 1877 1033 1879 1036 1880 1034 1881 1037 1882 1037 1882 1034 1881 1035 1883 1038 1884 1036 1885 1039 1886 1039 1886 1036 1885 1037 1887 1040 1888 1038 1889 1041 1890 1041 1890 1038 1889 1039 1891 1042 1892 1040 1893 1043 1894 1043 1894 1040 1893 1041 1895 1044 1896 1042 1897 1045 1898 1045 1898 1042 1897 1043 1899 1051 1900 1046 1901 1050 1902 1050 1902 1046 1901 1047 1903 1050 1902 1047 1903 1049 1904 1049 1904 1047 1903 1048 1905 1049 1904 1048 1905 1045 1906 1045 1906 1048 1905 1044 1907 1052 1908 1046 1909 1053 1910 1053 1910 1046 1909 1051 1911 1054 1912 1052 1913 1055 1914 1055 1914 1052 1913 1053 1915 1056 1916 1054 1917 1057 1918 1057 1918 1054 1917 1055 1919 1058 1920 1056 1921 1059 1922 1059 1922 1056 1921 1057 1923 1060 1924 1058 1925 1061 1926 1061 1926 1058 1925 1059 1927 1062 1928 1060 1929 1063 1930 1063 1930 1060 1929 1061 1931 1064 1932 1062 1933 1065 1934 1065 1934 1062 1933 1063 1935 1066 1936 1064 1937 1067 1938 1067 1938 1064 1937 1065 1939 1068 1940 1066 1941 1069 1942 1069 1942 1066 1941 1067 1943 1070 1944 1068 1945 1071 1946 1071 1946 1068 1945 1069 1947 1072 1948 1070 1949 1073 1950 1073 1950 1070 1949 1071 1951 1074 1952 1072 1953 1075 1954 1075 1954 1072 1953 1073 1955 1076 1956 1074 1957 1077 1958 1077 1958 1074 1957 1075 1959 1078 1960 1076 1961 1079 1962 1079 1962 1076 1961 1077 1963 1080 1964 1078 1965 1081 1966 1081 1966 1078 1965 1079 1967 1082 1968 1080 1969 1083 1970 1083 1970 1080 1969 1081 1971 1084 1972 1082 1973 1085 1974 1085 1974 1082 1973 1083 1975 1086 1976 1084 1977 1087 1978 1087 1978 1084 1977 1085 1979 1088 1980 1086 1981 1089 1982 1089 1982 1086 1981 1087 1983 1090 1984 1088 1985 1091 1986 1091 1986 1088 1985 1089 1987 1092 1988 1090 1989 1093 1990 1093 1990 1090 1989 1091 1991 1094 1992 1092 1993 1095 1994 1095 1994 1092 1993 1093 1995 1096 1996 1094 1997 1097 1998 1097 1998 1094 1997 1095 1999 1098 2000 1096 2001 1099 2002 1099 2002 1096 2001 1097 2003 1100 2004 1098 2005 1101 2006 1101 2006 1098 2005 1099 2007 1102 2008 1100 2009 1103 2010 1103 2010 1100 2009 1101 2011 1104 2012 1102 2013 1105 2014 1105 2014 1102 2013 1103 2015 1106 2016 1104 2017 1107 2018 1107 2018 1104 2017 1105 2019 1108 2020 1106 2021 1109 2022 1109 2022 1106 2021 1107 2023 1110 2024 1108 2025 1111 2026 1111 2026 1108 2025 1109 2027 1112 2028 1110 2029 1113 2030 1113 2030 1110 2029 1111 2031 1114 2032 1112 2033 1115 2034 1115 2034 1112 2033 1113 2035 1116 2036 1114 2037 1117 2038 1117 2038 1114 2037 1115 2039 1118 2040 1116 2041 1119 2042 1119 2042 1116 2041 1117 2043 1120 2044 1118 2045 1121 2046 1121 2046 1118 2045 1119 2047 1122 2048 1120 2049 1123 2050 1123 2050 1120 2049 1121 2051 1124 2052 1122 2053 1125 2054 1125 2054 1122 2053 1123 2055 1126 2056 1124 2057 1127 2058 1127 2058 1124 2057 1125 2059 1128 2060 1126 2061 1129 2062 1129 2062 1126 2061 1127 2063 1130 2064 1128 2065 1131 2066 1131 2066 1128 2065 1129 2067 1132 2068 1130 2069 1133 2070 1133 2070 1130 2069 1131 2071 1134 2072 1132 2073 1135 2074 1135 2074 1132 2073 1133 2075 1136 2076 1134 2077 1137 2078 1137 2078 1134 2077 1135 2079 1138 2080 1136 2081 1139 2082 1139 2082 1136 2081 1137 2083 1140 2084 1138 2085 1141 2086 1141 2086 1138 2085 1139 2087 1142 2088 1140 2089 1143 2090 1143 2090 1140 2089 1141 2091 1149 2092 1144 2093 1148 2094 1148 2094 1144 2093 1145 2095 1148 2094 1145 2095 1147 2096 1147 2096 1145 2095 1146 2097 1147 2096 1146 2097 1143 2098 1143 2098 1146 2097 1142 2099 1150 2100 1144 2101 1151 2102 1151 2102 1144 2101 1149 2103 1152 2104 1150 2105 1153 2106 1153 2106 1150 2105 1151 2107 1154 2108 1152 2109 1155 2110 1155 2110 1152 2109 1153 2111 1156 2112 1154 2113 1157 2114 1157 2114 1154 2113 1155 2115 1158 2116 1156 2117 1159 2118 1159 2118 1156 2117 1157 2119 1160 2120 1158 2121 1161 2122 1161 2122 1158 2121 1159 2123 1162 2124 1160 2125 1163 2126 1163 2126 1160 2125 1161 2127 1164 2128 1162 2129 1165 2130 1165 2130 1162 2129 1163 2131 1166 2132 1164 2133 1167 2134 1167 2134 1164 2133 1165 2135 1168 2136 1166 2137 1169 2138 1169 2138 1166 2137 1167 2139 1170 2140 1168 2141 1171 2142 1171 2142 1168 2141 1169 2143 1172 2144 1170 2145 1173 2146 1173 2146 1170 2145 1171 2147 1174 2148 1172 2149 1175 2150 1175 2150 1172 2149 1173 2151 1176 2152 1174 2153 1177 2154 1177 2154 1174 2153 1175 2155 1178 2156 1176 2157 1179 2158 1179 2158 1176 2157 1177 2159 1180 2160 1178 2161 1181 2162 1181 2162 1178 2161 1179 2163 1182 2164 1180 2165 1183 2166 1183 2166 1180 2165 1181 2167 1184 2168 1182 2169 1185 2170 1185 2170 1182 2169 1183 2171 1186 2172 1184 2173 1187 2174 1187 2174 1184 2173 1185 2175 1188 2176 1186 2177 1189 2178 1189 2178 1186 2177 1187 2179 1190 2180 1188 2181 1191 2182 1191 2182 1188 2181 1189 2183 1192 2184 1190 2185 1193 2186 1193 2186 1190 2185 1191 2187 1194 2188 1192 2189 1195 2190 1195 2190 1192 2189 1193 2191 1196 2192 1194 2193 1197 2194 1197 2194 1194 2193 1195 2195 1198 2196 1196 2197 1199 2198 1199 2198 1196 2197 1197 2199 1200 2200 1198 2201 1201 2202 1201 2202 1198 2201 1199 2203 1202 2204 1200 2205 1203 2206 1203 2206 1200 2205 1201 2207 1204 2208 1202 2209 1205 2210 1205 2210 1202 2209 1203 2211 1206 2212 1204 2213 1207 2214 1207 2214 1204 2213 1205 2215 1208 2216 1206 2217 1209 2218 1209 2218 1206 2217 1207 2219 1210 2220 1208 2221 1211 2222 1211 2222 1208 2221 1209 2223 1212 2224 1210 2225 1213 2226 1213 2226 1210 2225 1211 2227 1214 2228 1212 2229 1215 2230 1215 2230 1212 2229 1213 2231 1216 2232 1214 2233 1217 2234 1217 2234 1214 2233 1215 2235 1218 2236 1216 2237 1219 2238 1219 2238 1216 2237 1217 2239 1220 2240 1218 2241 1221 2242 1221 2242 1218 2241 1219 2243 1222 2244 1220 2245 1223 2246 1223 2246 1220 2245 1221 2247 1224 2248 1222 2249 1225 2250 1225 2250 1222 2249 1223 2251 1226 2252 1224 2253 1227 2254 1227 2254 1224 2253 1225 2255 1228 2256 1226 2257 1229 2258 1229 2258 1226 2257 1227 2259 1230 2260 1228 2261 1231 2262 1231 2262 1228 2261 1229 2263 1232 2264 1230 2265 1233 2266 1233 2266 1230 2265 1231 2267 1234 2268 1232 2269 1235 2270 1235 2270 1232 2269 1233 2271 1236 2272 1234 2273 1237 2274 1237 2274 1234 2273 1235 2275 1238 2276 1236 2277 1239 2278 1239 2278 1236 2277 1237 2279 1240 2280 1238 2281 1241 2282 1241 2282 1238 2281 1239 2283 1247 2284 1242 2285 1246 2286 1246 2286 1242 2285 1243 2287 1246 2286 1243 2287 1245 2288 1245 2288 1243 2287 1244 2289 1245 2288 1244 2289 1241 2290 1241 2290 1244 2289 1240 2291 1248 2292 1242 2293 1249 2294 1249 2294 1242 2293 1247 2295 1250 2296 1248 2297 1251 2298 1251 2298 1248 2297 1249 2299 1252 2300 1250 2301 1253 2302 1253 2302 1250 2301 1251 2303 1254 2304 1252 2305 1255 2306 1255 2306 1252 2305 1253 2307 1256 2308 1254 2309 1257 2310 1257 2310 1254 2309 1255 2311 1258 2312 1256 2313 1259 2314 1259 2314 1256 2313 1257 2315 1260 2316 1258 2317 1261 2318 1261 2318 1258 2317 1259 2319 1262 2320 1260 2321 1263 2322 1263 2322 1260 2321 1261 2323 1264 2324 1262 2325 1265 2326 1265 2326 1262 2325 1263 2327 1266 2328 1264 2329 1267 2330 1267 2330 1264 2329 1265 2331 1268 2332 1266 2333 1269 2334 1269 2334 1266 2333 1267 2335 1270 2336 1268 2337 1271 2338 1271 2338 1268 2337 1269 2339 1272 2340 1270 2341 1273 2342 1273 2342 1270 2341 1271 2343 1274 2344 1272 2345 1275 2346 1275 2346 1272 2345 1273 2347 1276 2348 1274 2349 1277 2350 1277 2350 1274 2349 1275 2351 1278 2352 1276 2353 1279 2354 1279 2354 1276 2353 1277 2355 1280 2356 1278 2357 1281 2358 1281 2358 1278 2357 1279 2359 1282 2360 1280 2361 1283 2362 1283 2362 1280 2361 1281 2363 1284 2364 1282 2365 1285 2366 1285 2366 1282 2365 1283 2367 1286 2368 1284 2369 1287 2370 1287 2370 1284 2369 1285 2371 1288 2372 1286 2373 1289 2374 1289 2374 1286 2373 1287 2375 1290 2376 1288 2377 1291 2378 1291 2378 1288 2377 1289 2379 1292 2380 1290 2381 1293 2382 1293 2382 1290 2381 1291 2383 1294 2384 1292 2385 1295 2386 1295 2386 1292 2385 1293 2387 1296 2388 1294 2389 1297 2390 1297 2390 1294 2389 1295 2391 1298 2392 1296 2393 1299 2394 1299 2394 1296 2393 1297 2395 1300 2396 1298 2397 1301 2398 1301 2398 1298 2397 1299 2399 1302 2400 1300 2401 1303 2402 1303 2402 1300 2401 1301 2403 1304 2404 1302 2405 1305 2406 1305 2406 1302 2405 1303 2407 1306 2408 1304 2409 1307 2410 1307 2410 1304 2409 1305 2411 1308 2412 1306 2413 1309 2414 1309 2414 1306 2413 1307 2415 1310 2416 1308 2417 1311 2418 1311 2418 1308 2417 1309 2419 1312 2420 1310 2421 1313 2422 1313 2422 1310 2421 1311 2423 1314 2424 1312 2425 1315 2426 1315 2426 1312 2425 1313 2427 1316 2428 1314 2429 1317 2430 1317 2430 1314 2429 1315 2431 1318 2432 1316 2433 1319 2434 1319 2434 1316 2433 1317 2435 1320 2436 1318 2437 1321 2438 1321 2438 1318 2437 1319 2439 1322 2440 1320 2441 1323 2442 1323 2442 1320 2441 1321 2443 1324 2444 1322 2445 1325 2446 1325 2446 1322 2445 1323 2447 1326 2448 1324 2449 1327 2450 1327 2450 1324 2449 1325 2451 1328 2452 1326 2453 1329 2454 1329 2454 1326 2453 1327 2455 1330 2456 1328 2457 1331 2458 1331 2458 1328 2457 1329 2459 1332 2460 1330 2461 1333 2462 1333 2462 1330 2461 1331 2463 1334 2464 1332 2465 1335 2466 1335 2466 1332 2465 1333 2467 1336 2468 1334 2469 1337 2470 1337 2470 1334 2469 1335 2471 1338 2472 1336 2473 1339 2474 1339 2474 1336 2473 1337 2475 1345 2476 1340 2477 1344 2478 1344 2478 1340 2477 1341 2479 1344 2478 1341 2479 1343 2480 1343 2480 1341 2479 1342 2481 1343 2480 1342 2481 1339 2482 1339 2482 1342 2481 1338 2483 1346 2484 1340 2485 1347 2486 1347 2486 1340 2485 1345 2487 1348 2488 1346 2489 1349 2490 1349 2490 1346 2489 1347 2491 1350 2492 1348 2493 1351 2494 1351 2494 1348 2493 1349 2495 1352 2496 1350 2497 1353 2498 1353 2498 1350 2497 1351 2499 1354 2500 1352 2501 1355 2502 1355 2502 1352 2501 1353 2503 1356 2504 1354 2505 1357 2506 1357 2506 1354 2505 1355 2507 1358 2508 1356 2509 1359 2510 1359 2510 1356 2509 1357 2511 1360 2512 1358 2513 1361 2514 1361 2514 1358 2513 1359 2515 1362 2516 1360 2517 1363 2518 1363 2518 1360 2517 1361 2519 1364 2520 1362 2521 1365 2522 1365 2522 1362 2521 1363 2523 1366 2524 1364 2525 1367 2526 1367 2526 1364 2525 1365 2527 1368 2528 1366 2529 1369 2530 1369 2530 1366 2529 1367 2531 1370 2532 1368 2533 1371 2534 1371 2534 1368 2533 1369 2535 1372 2536 1370 2537 1373 2538 1373 2538 1370 2537 1371 2539 1374 2540 1372 2541 1375 2542 1375 2542 1372 2541 1373 2543 1376 2544 1374 2545 1377 2546 1377 2546 1374 2545 1375 2547 1378 2548 1376 2549 1379 2550 1379 2550 1376 2549 1377 2551 1380 2552 1378 2553 1381 2554 1381 2554 1378 2553 1379 2555 1382 2556 1380 2557 1383 2558 1383 2558 1380 2557 1381 2559 1384 2560 1382 2561 1385 2562 1385 2562 1382 2561 1383 2563 1386 2564 1384 2565 1387 2566 1387 2566 1384 2565 1385 2567 1388 2568 1386 2569 1389 2570 1389 2570 1386 2569 1387 2571 1390 2572 1388 2573 1391 2574 1391 2574 1388 2573 1389 2575 1392 2576 1390 2577 1393 2578 1393 2578 1390 2577 1391 2579 1394 2580 1392 2581 1395 2582 1395 2582 1392 2581 1393 2583 1396 2584 1394 2585 1397 2586 1397 2586 1394 2585 1395 2587 1398 2588 1396 2589 1399 2590 1399 2590 1396 2589 1397 2591 1400 2592 1398 2593 1401 2594 1401 2594 1398 2593 1399 2595 1402 2596 1400 2597 1403 2598 1403 2598 1400 2597 1401 2599 1404 2600 1402 2601 1405 2602 1405 2602 1402 2601 1403 2603 1406 2604 1404 2605 1407 2606 1407 2606 1404 2605 1405 2607 1408 2608 1406 2609 1409 2610 1409 2610 1406 2609 1407 2611 1410 2612 1408 2613 1411 2614 1411 2614 1408 2613 1409 2615 1412 2616 1410 2617 1413 2618 1413 2618 1410 2617 1411 2619 1414 2620 1412 2621 1415 2622 1415 2622 1412 2621 1413 2623 1416 2624 1414 2625 1417 2626 1417 2626 1414 2625 1415 2627 1418 2628 1416 2629 1419 2630 1419 2630 1416 2629 1417 2631 1420 2632 1418 2633 1421 2634 1421 2634 1418 2633 1419 2635 1422 2636 1420 2637 1423 2638 1423 2638 1420 2637 1421 2639 1424 2640 1422 2641 1425 2642 1425 2642 1422 2641 1423 2643 1426 2644 1424 2645 1427 2646 1427 2646 1424 2645 1425 2647 1428 2648 1426 2649 1429 2650 1429 2650 1426 2649 1427 2651 1430 2652 1428 2653 1431 2654 1431 2654 1428 2653 1429 2655 1432 2656 1430 2657 1433 2658 1433 2658 1430 2657 1431 2659 1434 2660 1432 2661 1435 2662 1435 2662 1432 2661 1433 2663 1436 2664 1434 2665 1437 2666 1437 2666 1434 2665 1435 2667 1443 2668 1438 2669 1442 2670 1442 2670 1438 2669 1439 2671 1442 2670 1439 2671 1441 2672 1441 2672 1439 2671 1440 2673 1441 2672 1440 2673 1437 2674 1437 2674 1440 2673 1436 2675 1444 2676 1438 2677 1445 2678 1445 2678 1438 2677 1443 2679 1446 2680 1444 2681 1447 2682 1447 2682 1444 2681 1445 2683 1448 2684 1446 2685 1449 2686 1449 2686 1446 2685 1447 2687 1450 2688 1448 2689 1451 2690 1451 2690 1448 2689 1449 2691 1452 2692 1450 2693 1453 2694 1453 2694 1450 2693 1451 2695 1454 2696 1452 2697 1455 2698 1455 2698 1452 2697 1453 2699 1456 2700 1454 2701 1457 2702 1457 2702 1454 2701 1455 2703 1458 2704 1456 2705 1459 2706 1459 2706 1456 2705 1457 2707 1460 2708 1458 2709 1461 2710 1461 2710 1458 2709 1459 2711 1462 2712 1460 2713 1463 2714 1463 2714 1460 2713 1461 2715 1464 2716 1462 2717 1465 2718 1465 2718 1462 2717 1463 2719 1466 2720 1464 2721 1467 2722 1467 2722 1464 2721 1465 2723 1468 2724 1466 2725 1469 2726 1469 2726 1466 2725 1467 2727 1470 2728 1468 2729 1471 2730 1471 2730 1468 2729 1469 2731 1472 2732 1470 2733 1473 2734 1473 2734 1470 2733 1471 2735 1474 2736 1472 2737 1475 2738 1475 2738 1472 2737 1473 2739 1476 2740 1474 2741 1477 2742 1477 2742 1474 2741 1475 2743 1478 2744 1476 2745 1479 2746 1479 2746 1476 2745 1477 2747 1480 2748 1478 2749 1481 2750 1481 2750 1478 2749 1479 2751 1482 2752 1480 2753 1483 2754 1483 2754 1480 2753 1481 2755 1484 2756 1482 2757 1485 2758 1485 2758 1482 2757 1483 2759 1486 2760 1484 2761 1487 2762 1487 2762 1484 2761 1485 2763 1488 2764 1486 2765 1489 2766 1489 2766 1486 2765 1487 2767 1490 2768 1488 2769 1491 2770 1491 2770 1488 2769 1489 2771 1492 2772 1490 2773 1493 2774 1493 2774 1490 2773 1491 2775 1494 2776 1492 2777 1495 2778 1495 2778 1492 2777 1493 2779 1496 2780 1494 2781 1497 2782 1497 2782 1494 2781 1495 2783 1498 2784 1496 2785 1499 2786 1499 2786 1496 2785 1497 2787 1500 2788 1498 2789 1501 2790 1501 2790 1498 2789 1499 2791 1502 2792 1500 2793 1503 2794 1503 2794 1500 2793 1501 2795 1504 2796 1502 2797 1505 2798 1505 2798 1502 2797 1503 2799 1506 2800 1504 2801 1507 2802 1507 2802 1504 2801 1505 2803 1508 2804 1506 2805 1509 2806 1509 2806 1506 2805 1507 2807 1510 2808 1508 2809 1511 2810 1511 2810 1508 2809 1509 2811 1512 2812 1510 2813 1513 2814 1513 2814 1510 2813 1511 2815 1514 2816 1512 2817 1515 2818 1515 2818 1512 2817 1513 2819 1516 2820 1514 2821 1517 2822 1517 2822 1514 2821 1515 2823 1518 2824 1516 2825 1519 2826 1519 2826 1516 2825 1517 2827 1520 2828 1518 2829 1521 2830 1521 2830 1518 2829 1519 2831 1522 2832 1520 2833 1523 2834 1523 2834 1520 2833 1521 2835 1524 2836 1522 2837 1525 2838 1525 2838 1522 2837 1523 2839 1526 2840 1524 2841 1527 2842 1527 2842 1524 2841 1525 2843 1528 2844 1526 2845 1529 2846 1529 2846 1526 2845 1527 2847 1530 2848 1528 2849 1531 2850 1531 2850 1528 2849 1529 2851 1532 2852 1530 2853 1533 2854 1533 2854 1530 2853 1531 2855 1534 2856 1532 2857 1535 2858 1535 2858 1532 2857 1533 2859 1541 2860 1536 2861 1540 2862 1540 2862 1536 2861 1537 2863 1540 2862 1537 2863 1539 2864 1539 2864 1537 2863 1538 2865 1539 2864 1538 2865 1535 2866 1535 2866 1538 2865 1534 2867 1542 2868 1536 2869 1543 2870 1543 2870 1536 2869 1541 2871 1544 2872 1542 2873 1545 2874 1545 2874 1542 2873 1543 2875 1546 2876 1544 2877 1547 2878 1547 2878 1544 2877 1545 2879 1548 2880 1546 2881 1549 2882 1549 2882 1546 2881 1547 2883 1550 2884 1548 2885 1551 2886 1551 2886 1548 2885 1549 2887 1552 2888 1550 2889 1553 2890 1553 2890 1550 2889 1551 2891 1554 2892 1552 2893 1555 2894 1555 2894 1552 2893 1553 2895 1556 2896 1554 2897 1557 2898 1557 2898 1554 2897 1555 2899 1558 2900 1556 2901 1559 2902 1559 2902 1556 2901 1557 2903 1560 2904 1558 2905 1561 2906 1561 2906 1558 2905 1559 2907 1562 2908 1560 2909 1563 2910 1563 2910 1560 2909 1561 2911 1564 2912 1562 2913 1565 2914 1565 2914 1562 2913 1563 2915 1566 2916 1564 2917 1567 2918 1567 2918 1564 2917 1565 2919 1568 2920 1566 2921 1569 2922 1569 2922 1566 2921 1567 2923 1570 2924 1568 2925 1571 2926 1571 2926 1568 2925 1569 2927 1572 2928 1570 2929 1573 2930 1573 2930 1570 2929 1571 2931 1574 2932 1572 2933 1575 2934 1575 2934 1572 2933 1573 2935 1576 2936 1574 2937 1577 2938 1577 2938 1574 2937 1575 2939 1578 2940 1576 2941 1579 2942 1579 2942 1576 2941 1577 2943 1580 2944 1578 2945 1581 2946 1581 2946 1578 2945 1579 2947 1582 2948 1580 2949 1583 2950 1583 2950 1580 2949 1581 2951 1584 2952 1582 2953 1585 2954 1585 2954 1582 2953 1583 2955 1586 2956 1584 2957 1587 2958 1587 2958 1584 2957 1585 2959 1588 2960 1586 2961 1589 2962 1589 2962 1586 2961 1587 2963 1590 2964 1588 2965 1591 2966 1591 2966 1588 2965 1589 2967 1592 2968 1590 2969 1593 2970 1593 2970 1590 2969 1591 2971 1594 2972 1592 2973 1595 2974 1595 2974 1592 2973 1593 2975 1596 2976 1594 2977 1597 2978 1597 2978 1594 2977 1595 2979 1598 2980 1596 2981 1599 2982 1599 2982 1596 2981 1597 2983 1600 2984 1598 2985 1601 2986 1601 2986 1598 2985 1599 2987 1602 2988 1600 2989 1603 2990 1603 2990 1600 2989 1601 2991 1604 2992 1602 2993 1605 2994 1605 2994 1602 2993 1603 2995 1606 2996 1604 2997 1607 2998 1607 2998 1604 2997 1605 2999 1608 3000 1606 3001 1609 3002 1609 3002 1606 3001 1607 3003 1610 3004 1608 3005 1611 3006 1611 3006 1608 3005 1609 3007 1612 3008 1610 3009 1613 3010 1613 3010 1610 3009 1611 3011 1614 3012 1612 3013 1615 3014 1615 3014 1612 3013 1613 3015 1616 3016 1614 3017 1617 3018 1617 3018 1614 3017 1615 3019 1618 3020 1616 3021 1619 3022 1619 3022 1616 3021 1617 3023 1620 3024 1618 3025 1621 3026 1621 3026 1618 3025 1619 3027 1622 3028 1620 3029 1623 3030 1623 3030 1620 3029 1621 3031 1624 3032 1622 3033 1625 3034 1625 3034 1622 3033 1623 3035 1626 3036 1624 3037 1627 3038 1627 3038 1624 3037 1625 3039 1628 3040 1626 3041 1629 3042 1629 3042 1626 3041 1627 3043 1630 3044 1628 3045 1631 3046 1631 3046 1628 3045 1629 3047 1632 3048 1630 3049 1633 3050 1633 3050 1630 3049 1631 3051 1639 3052 1634 3053 1638 3054 1638 3054 1634 3053 1635 3055 1638 3054 1635 3055 1637 3056 1637 3056 1635 3055 1636 3057 1637 3056 1636 3057 1633 3058 1633 3058 1636 3057 1632 3059 1640 3060 1634 3061 1641 3062 1641 3062 1634 3061 1639 3063 1642 3064 1640 3065 1643 3066 1643 3066 1640 3065 1641 3067 1644 3068 1642 3069 1645 3070 1645 3070 1642 3069 1643 3071 1646 3072 1644 3073 1647 3074 1647 3074 1644 3073 1645 3075 1648 3076 1646 3077 1649 3078 1649 3078 1646 3077 1647 3079 1650 3080 1648 3081 1651 3082 1651 3082 1648 3081 1649 3083 1652 3084 1650 3085 1653 3086 1653 3086 1650 3085 1651 3087 1654 3088 1652 3089 1655 3090 1655 3090 1652 3089 1653 3091 1656 3092 1654 3093 1657 3094 1657 3094 1654 3093 1655 3095 1658 3096 1656 3097 1659 3098 1659 3098 1656 3097 1657 3099 1660 3100 1658 3101 1661 3102 1661 3102 1658 3101 1659 3103 1662 3104 1660 3105 1663 3106 1663 3106 1660 3105 1661 3107 1664 3108 1662 3109 1665 3110 1665 3110 1662 3109 1663 3111 1666 3112 1664 3113 1667 3114 1667 3114 1664 3113 1665 3115 1668 3116 1666 3117 1669 3118 1669 3118 1666 3117 1667 3119 1670 3120 1668 3121 1671 3122 1671 3122 1668 3121 1669 3123 1672 3124 1670 3125 1673 3126 1673 3126 1670 3125 1671 3127 1674 3128 1672 3129 1675 3130 1675 3130 1672 3129 1673 3131 1676 3132 1674 3133 1677 3134 1677 3134 1674 3133 1675 3135 1678 3136 1676 3137 1679 3138 1679 3138 1676 3137 1677 3139 1680 3140 1678 3141 1681 3142 1681 3142 1678 3141 1679 3143 1682 3144 1680 3145 1683 3146 1683 3146 1680 3145 1681 3147 1684 3148 1682 3149 1685 3150 1685 3150 1682 3149 1683 3151 1686 3152 1684 3153 1687 3154 1687 3154 1684 3153 1685 3155 1688 3156 1686 3157 1689 3158 1689 3158 1686 3157 1687 3159 1690 3160 1688 3161 1691 3162 1691 3162 1688 3161 1689 3163 1692 3164 1690 3165 1693 3166 1693 3166 1690 3165 1691 3167 1694 3168 1692 3169 1695 3170 1695 3170 1692 3169 1693 3171 1696 3172 1694 3173 1697 3174 1697 3174 1694 3173 1695 3175 1698 3176 1696 3177 1699 3178 1699 3178 1696 3177 1697 3179 1700 3180 1698 3181 1701 3182 1701 3182 1698 3181 1699 3183 1702 3184 1700 3185 1703 3186 1703 3186 1700 3185 1701 3187 1704 3188 1702 3189 1705 3190 1705 3190 1702 3189 1703 3191 1706 3192 1704 3193 1707 3194 1707 3194 1704 3193 1705 3195 1708 3196 1706 3197 1709 3198 1709 3198 1706 3197 1707 3199 1710 3200 1708 3201 1711 3202 1711 3202 1708 3201 1709 3203 1712 3204 1710 3205 1713 3206 1713 3206 1710 3205 1711 3207 1714 3208 1712 3209 1715 3210 1715 3210 1712 3209 1713 3211 1716 3212 1714 3213 1717 3214 1717 3214 1714 3213 1715 3215 1718 3216 1716 3217 1719 3218 1719 3218 1716 3217 1717 3219 1720 3220 1718 3221 1721 3222 1721 3222 1718 3221 1719 3223 1722 3224 1720 3225 1723 3226 1723 3226 1720 3225 1721 3227 1724 3228 1722 3229 1725 3230 1725 3230 1722 3229 1723 3231 1726 3232 1724 3233 1727 3234 1727 3234 1724 3233 1725 3235 1728 3236 1726 3237 1729 3238 1729 3238 1726 3237 1727 3239 1730 3240 1728 3241 1731 3242 1731 3242 1728 3241 1729 3243 1737 3244 1732 3245 1736 3246 1736 3246 1732 3245 1733 3247 1736 3246 1733 3247 1735 3248 1735 3248 1733 3247 1734 3249 1735 3248 1734 3249 1731 3250 1731 3250 1734 3249 1730 3251 1738 3252 1732 3253 1739 3254 1739 3254 1732 3253 1737 3255 1740 3256 1738 3257 1741 3258 1741 3258 1738 3257 1739 3259 1742 3260 1740 3261 1743 3262 1743 3262 1740 3261 1741 3263 1744 3264 1742 3265 1745 3266 1745 3266 1742 3265 1743 3267 1746 3268 1744 3269 1747 3270 1747 3270 1744 3269 1745 3271 1748 3272 1746 3273 1749 3274 1749 3274 1746 3273 1747 3275 1750 3276 1748 3277 1751 3278 1751 3278 1748 3277 1749 3279 1752 3280 1750 3281 1753 3282 1753 3282 1750 3281 1751 3283 1754 3284 1752 3285 1755 3286 1755 3286 1752 3285 1753 3287 1756 3288 1754 3289 1757 3290 1757 3290 1754 3289 1755 3291 1758 3292 1756 3293 1759 3294 1759 3294 1756 3293 1757 3295 1760 3296 1758 3297 1761 3298 1761 3298 1758 3297 1759 3299 1762 3300 1760 3301 1763 3302 1763 3302 1760 3301 1761 3303 1764 3304 1762 3305 1765 3306 1765 3306 1762 3305 1763 3307 1766 3308 1764 3309 1767 3310 1767 3310 1764 3309 1765 3311 1768 3312 1766 3313 1769 3314 1769 3314 1766 3313 1767 3315 1770 3316 1768 3317 1771 3318 1771 3318 1768 3317 1769 3319 1772 3320 1770 3321 1773 3322 1773 3322 1770 3321 1771 3323 1774 3324 1772 3325 1775 3326 1775 3326 1772 3325 1773 3327 1776 3328 1774 3329 1777 3330 1777 3330 1774 3329 1775 3331 1778 3332 1776 3333 1779 3334 1779 3334 1776 3333 1777 3335 1780 3336 1778 3337 1781 3338 1781 3338 1778 3337 1779 3339 1782 3340 1780 3341 1783 3342 1783 3342 1780 3341 1781 3343 1784 3344 1782 3345 1785 3346 1785 3346 1782 3345 1783 3347 1786 3348 1784 3349 1787 3350 1787 3350 1784 3349 1785 3351 1788 3352 1786 3353 1789 3354 1789 3354 1786 3353 1787 3355 1790 3356 1788 3357 1791 3358 1791 3358 1788 3357 1789 3359 1792 3360 1790 3361 1793 3362 1793 3362 1790 3361 1791 3363 1794 3364 1792 3365 1795 3366 1795 3366 1792 3365 1793 3367 1796 3368 1794 3369 1797 3370 1797 3370 1794 3369 1795 3371 1798 3372 1796 3373 1799 3374 1799 3374 1796 3373 1797 3375 1800 3376 1798 3377 1801 3378 1801 3378 1798 3377 1799 3379 1802 3380 1800 3381 1803 3382 1803 3382 1800 3381 1801 3383 1804 3384 1802 3385 1805 3386 1805 3386 1802 3385 1803 3387 1806 3388 1804 3389 1807 3390 1807 3390 1804 3389 1805 3391 1808 3392 1806 3393 1809 3394 1809 3394 1806 3393 1807 3395 1810 3396 1808 3397 1811 3398 1811 3398 1808 3397 1809 3399 1812 3400 1810 3401 1813 3402 1813 3402 1810 3401 1811 3403 1814 3404 1812 3405 1815 3406 1815 3406 1812 3405 1813 3407 1816 3408 1814 3409 1817 3410 1817 3410 1814 3409 1815 3411 1818 3412 1816 3413 1819 3414 1819 3414 1816 3413 1817 3415 1820 3416 1818 3417 1821 3418 1821 3418 1818 3417 1819 3419 1822 3420 1820 3421 1823 3422 1823 3422 1820 3421 1821 3423 1824 3424 1822 3425 1825 3426 1825 3426 1822 3425 1823 3427 1826 3428 1824 3429 1827 3430 1827 3430 1824 3429 1825 3431 1828 3432 1826 3433 1829 3434 1829 3434 1826 3433 1827 3435 1835 3436 1830 3437 1834 3438 1834 3438 1830 3437 1831 3439 1834 3438 1831 3439 1833 3440 1833 3440 1831 3439 1832 3441 1833 3440 1832 3441 1829 3442 1829 3442 1832 3441 1828 3443 1836 3444 1830 3445 1837 3446 1837 3446 1830 3445 1835 3447 1838 3448 1836 3449 1839 3450 1839 3450 1836 3449 1837 3451 1840 3452 1838 3453 1841 3454 1841 3454 1838 3453 1839 3455 1842 3456 1840 3457 1843 3458 1843 3458 1840 3457 1841 3459 1844 3460 1842 3461 1845 3462 1845 3462 1842 3461 1843 3463 1846 3464 1844 3465 1847 3466 1847 3466 1844 3465 1845 3467 1848 3468 1846 3469 1849 3470 1849 3470 1846 3469 1847 3471 1850 3472 1848 3473 1851 3474 1851 3474 1848 3473 1849 3475 1852 3476 1850 3477 1853 3478 1853 3478 1850 3477 1851 3479 1854 3480 1852 3481 1855 3482 1855 3482 1852 3481 1853 3483 1856 3484 1854 3485 1857 3486 1857 3486 1854 3485 1855 3487 1858 3488 1856 3489 1859 3490 1859 3490 1856 3489 1857 3491 1860 3492 1858 3493 1861 3494 1861 3494 1858 3493 1859 3495 1862 3496 1860 3497 1863 3498 1863 3498 1860 3497 1861 3499 1864 3500 1862 3501 1865 3502 1865 3502 1862 3501 1863 3503 1866 3504 1864 3505 1867 3506 1867 3506 1864 3505 1865 3507 1868 3508 1866 3509 1869 3510 1869 3510 1866 3509 1867 3511 1870 3512 1868 3513 1871 3514 1871 3514 1868 3513 1869 3515 1872 3516 1870 3517 1873 3518 1873 3518 1870 3517 1871 3519 1874 3520 1872 3521 1875 3522 1875 3522 1872 3521 1873 3523 1876 3524 1874 3525 1877 3526 1877 3526 1874 3525 1875 3527 1878 3528 1876 3529 1879 3530 1879 3530 1876 3529 1877 3531 1880 3532 1878 3533 1881 3534 1881 3534 1878 3533 1879 3535 1882 3536 1880 3537 1883 3538 1883 3538 1880 3537 1881 3539 1884 3540 1882 3541 1885 3542 1885 3542 1882 3541 1883 3543 1886 3544 1884 3545 1887 3546 1887 3546 1884 3545 1885 3547 1888 3548 1886 3549 1889 3550 1889 3550 1886 3549 1887 3551 1890 3552 1888 3553 1891 3554 1891 3554 1888 3553 1889 3555 1892 3556 1890 3557 1893 3558 1893 3558 1890 3557 1891 3559 1894 3560 1892 3561 1895 3562 1895 3562 1892 3561 1893 3563 1896 3564 1894 3565 1897 3566 1897 3566 1894 3565 1895 3567 1898 3568 1896 3569 1899 3570 1899 3570 1896 3569 1897 3571 1900 3572 1898 3573 1901 3574 1901 3574 1898 3573 1899 3575 1902 3576 1900 3577 1903 3578 1903 3578 1900 3577 1901 3579 1904 3580 1902 3581 1905 3582 1905 3582 1902 3581 1903 3583 1906 3584 1904 3585 1907 3586 1907 3586 1904 3585 1905 3587 1908 3588 1906 3589 1909 3590 1909 3590 1906 3589 1907 3591 1910 3592 1908 3593 1911 3594 1911 3594 1908 3593 1909 3595 1912 3596 1910 3597 1913 3598 1913 3598 1910 3597 1911 3599 1914 3600 1912 3601 1915 3602 1915 3602 1912 3601 1913 3603 1916 3604 1914 3605 1917 3606 1917 3606 1914 3605 1915 3607 1918 3608 1916 3609 1919 3610 1919 3610 1916 3609 1917 3611 1920 3612 1918 3613 1921 3614 1921 3614 1918 3613 1919 3615 1922 3616 1920 3617 1923 3618 1923 3618 1920 3617 1921 3619 1924 3620 1922 3621 1925 3622 1925 3622 1922 3621 1923 3623 1926 3624 1924 3625 1927 3626 1927 3626 1924 3625 1925 3627 1933 3628 1928 3629 1932 3630 1932 3630 1928 3629 1929 3631 1932 3630 1929 3631 1931 3632 1931 3632 1929 3631 1930 3633 1931 3632 1930 3633 1927 3634 1927 3634 1930 3633 1926 3635 1934 3636 1928 3637 1935 3638 1935 3638 1928 3637 1933 3639 1936 3640 1934 3641 1937 3642 1937 3642 1934 3641 1935 3643 1938 3644 1936 3645 1939 3646 1939 3646 1936 3645 1937 3647 1940 3648 1938 3649 1941 3650 1941 3650 1938 3649 1939 3651 1942 3652 1940 3653 1943 3654 1943 3654 1940 3653 1941 3655 1944 3656 1942 3657 1945 3658 1945 3658 1942 3657 1943 3659 1946 3660 1944 3661 1947 3662 1947 3662 1944 3661 1945 3663 1948 3664 1946 3665 1949 3666 1949 3666 1946 3665 1947 3667 1950 3668 1948 3669 1951 3670 1951 3670 1948 3669 1949 3671 1952 3672 1950 3673 1953 3674 1953 3674 1950 3673 1951 3675 1954 3676 1952 3677 1955 3678 1955 3678 1952 3677 1953 3679 1956 3680 1954 3681 1957 3682 1957 3682 1954 3681 1955 3683 1958 3684 1956 3685 1959 3686 1959 3686 1956 3685 1957 3687 1960 3688 1958 3689 1961 3690 1961 3690 1958 3689 1959 3691 1962 3692 1960 3693 1963 3694 1963 3694 1960 3693 1961 3695 1964 3696 1962 3697 1965 3698 1965 3698 1962 3697 1963 3699 1966 3700 1964 3701 1967 3702 1967 3702 1964 3701 1965 3703 1968 3704 1966 3705 1969 3706 1969 3706 1966 3705 1967 3707 1970 3708 1968 3709 1971 3710 1971 3710 1968 3709 1969 3711 1972 3712 1970 3713 1973 3714 1973 3714 1970 3713 1971 3715 1974 3716 1972 3717 1975 3718 1975 3718 1972 3717 1973 3719 1976 3720 1974 3721 1977 3722 1977 3722 1974 3721 1975 3723 1978 3724 1976 3725 1979 3726 1979 3726 1976 3725 1977 3727 1980 3728 1978 3729 1981 3730 1981 3730 1978 3729 1979 3731 1982 3732 1980 3733 1983 3734 1983 3734 1980 3733 1981 3735 1984 3736 1982 3737 1985 3738 1985 3738 1982 3737 1983 3739 1986 3740 1984 3741 1987 3742 1987 3742 1984 3741 1985 3743 1988 3744 1986 3745 1989 3746 1989 3746 1986 3745 1987 3747 1990 3748 1988 3749 1991 3750 1991 3750 1988 3749 1989 3751 1992 3752 1990 3753 1993 3754 1993 3754 1990 3753 1991 3755 1994 3756 1992 3757 1995 3758 1995 3758 1992 3757 1993 3759 1996 3760 1994 3761 1997 3762 1997 3762 1994 3761 1995 3763 1998 3764 1996 3765 1999 3766 1999 3766 1996 3765 1997 3767 2000 3768 1998 3769 2001 3770 2001 3770 1998 3769 1999 3771 2002 3772 2000 3773 2003 3774 2003 3774 2000 3773 2001 3775 2004 3776 2002 3777 2005 3778 2005 3778 2002 3777 2003 3779 2006 3780 2004 3781 2007 3782 2007 3782 2004 3781 2005 3783 2008 3784 2006 3785 2009 3786 2009 3786 2006 3785 2007 3787 2010 3788 2008 3789 2011 3790 2011 3790 2008 3789 2009 3791 2012 3792 2010 3793 2013 3794 2013 3794 2010 3793 2011 3795 2014 3796 2012 3797 2015 3798 2015 3798 2012 3797 2013 3799 2016 3800 2014 3801 2017 3802 2017 3802 2014 3801 2015 3803 2018 3804 2016 3805 2019 3806 2019 3806 2016 3805 2017 3807 2020 3808 2018 3809 2021 3810 2021 3810 2018 3809 2019 3811 2022 3812 2020 3813 2023 3814 2023 3814 2020 3813 2021 3815 2024 3816 2022 3817 2025 3818 2025 3818 2022 3817 2023 3819 2031 3820 2026 3821 2030 3822 2030 3822 2026 3821 2027 3823 2030 3822 2027 3823 2029 3824 2029 3824 2027 3823 2028 3825 2029 3824 2028 3825 2025 3826 2025 3826 2028 3825 2024 3827 2032 3828 2026 3829 2033 3830 2033 3830 2026 3829 2031 3831 2034 3832 2032 3833 2035 3834 2035 3834 2032 3833 2033 3835 2036 3836 2034 3837 2037 3838 2037 3838 2034 3837 2035 3839 2038 3840 2036 3841 2039 3842 2039 3842 2036 3841 2037 3843 2040 3844 2038 3845 2041 3846 2041 3846 2038 3845 2039 3847 2042 3848 2040 3849 2043 3850 2043 3850 2040 3849 2041 3851 2044 3852 2042 3853 2045 3854 2045 3854 2042 3853 2043 3855 2046 3856 2044 3857 2047 3858 2047 3858 2044 3857 2045 3859 2048 3860 2046 3861 2049 3862 2049 3862 2046 3861 2047 3863 2050 3864 2048 3865 2051 3866 2051 3866 2048 3865 2049 3867 2052 3868 2050 3869 2053 3870 2053 3870 2050 3869 2051 3871 2054 3872 2052 3873 2055 3874 2055 3874 2052 3873 2053 3875 2056 3876 2054 3877 2057 3878 2057 3878 2054 3877 2055 3879 2058 3880 2056 3881 2059 3882 2059 3882 2056 3881 2057 3883 2060 3884 2058 3885 2061 3886 2061 3886 2058 3885 2059 3887 2062 3888 2060 3889 2063 3890 2063 3890 2060 3889 2061 3891 2064 3892 2062 3893 2065 3894 2065 3894 2062 3893 2063 3895 2066 3896 2064 3897 2067 3898 2067 3898 2064 3897 2065 3899 2068 3900 2066 3901 2069 3902 2069 3902 2066 3901 2067 3903 2070 3904 2068 3905 2071 3906 2071 3906 2068 3905 2069 3907 2072 3908 2070 3909 2073 3910 2073 3910 2070 3909 2071 3911 2074 3912 2072 3913 2075 3914 2075 3914 2072 3913 2073 3915 2076 3916 2074 3917 2077 3918 2077 3918 2074 3917 2075 3919 2078 3920 2076 3921 2079 3922 2079 3922 2076 3921 2077 3923 2080 3924 2078 3925 2081 3926 2081 3926 2078 3925 2079 3927 2082 3928 2080 3929 2083 3930 2083 3930 2080 3929 2081 3931 2084 3932 2082 3933 2085 3934 2085 3934 2082 3933 2083 3935 2086 3936 2084 3937 2087 3938 2087 3938 2084 3937 2085 3939 2088 3940 2086 3941 2089 3942 2089 3942 2086 3941 2087 3943 2090 3944 2088 3945 2091 3946 2091 3946 2088 3945 2089 3947 2092 3948 2090 3949 2093 3950 2093 3950 2090 3949 2091 3951 2094 3952 2092 3953 2095 3954 2095 3954 2092 3953 2093 3955 2096 3956 2094 3957 2097 3958 2097 3958 2094 3957 2095 3959 2098 3960 2096 3961 2099 3962 2099 3962 2096 3961 2097 3963 2100 3964 2098 3965 2101 3966 2101 3966 2098 3965 2099 3967 2102 3968 2100 3969 2103 3970 2103 3970 2100 3969 2101 3971 2104 3972 2102 3973 2105 3974 2105 3974 2102 3973 2103 3975 2106 3976 2104 3977 2107 3978 2107 3978 2104 3977 2105 3979 2108 3980 2106 3981 2109 3982 2109 3982 2106 3981 2107 3983 2110 3984 2108 3985 2111 3986 2111 3986 2108 3985 2109 3987 2112 3988 2110 3989 2113 3990 2113 3990 2110 3989 2111 3991 2114 3992 2112 3993 2115 3994 2115 3994 2112 3993 2113 3995 2116 3996 2114 3997 2117 3998 2117 3998 2114 3997 2115 3999 2118 4000 2116 4001 2119 4002 2119 4002 2116 4001 2117 4003 2120 4004 2118 4005 2121 4006 2121 4006 2118 4005 2119 4007 2122 4008 2120 4009 2123 4010 2123 4010 2120 4009 2121 4011 2129 4012 2124 4013 2128 4014 2128 4014 2124 4013 2125 4015 2128 4014 2125 4015 2127 4016 2127 4016 2125 4015 2126 4017 2127 4016 2126 4017 2123 4018 2123 4018 2126 4017 2122 4019 2130 4020 2124 4021 2131 4022 2131 4022 2124 4021 2129 4023 2132 4024 2130 4025 2133 4026 2133 4026 2130 4025 2131 4027 2134 4028 2132 4029 2135 4030 2135 4030 2132 4029 2133 4031 2136 4032 2134 4033 2137 4034 2137 4034 2134 4033 2135 4035 2138 4036 2136 4037 2139 4038 2139 4038 2136 4037 2137 4039 2140 4040 2138 4041 2141 4042 2141 4042 2138 4041 2139 4043 2142 4044 2140 4045 2143 4046 2143 4046 2140 4045 2141 4047 2144 4048 2142 4049 2145 4050 2145 4050 2142 4049 2143 4051 2146 4052 2144 4053 2147 4054 2147 4054 2144 4053 2145 4055 2148 4056 2146 4057 2149 4058 2149 4058 2146 4057 2147 4059 2150 4060 2148 4061 2151 4062 2151 4062 2148 4061 2149 4063 2152 4064 2150 4065 2153 4066 2153 4066 2150 4065 2151 4067 2154 4068 2152 4069 2155 4070 2155 4070 2152 4069 2153 4071 2156 4072 2154 4073 2157 4074 2157 4074 2154 4073 2155 4075 2158 4076 2156 4077 2159 4078 2159 4078 2156 4077 2157 4079 2160 4080 2158 4081 2161 4082 2161 4082 2158 4081 2159 4083 2162 4084 2160 4085 2163 4086 2163 4086 2160 4085 2161 4087 2164 4088 2162 4089 2165 4090 2165 4090 2162 4089 2163 4091 2166 4092 2164 4093 2167 4094 2167 4094 2164 4093 2165 4095 2168 4096 2166 4097 2169 4098 2169 4098 2166 4097 2167 4099 2170 4100 2168 4101 2171 4102 2171 4102 2168 4101 2169 4103 2172 4104 2170 4105 2173 4106 2173 4106 2170 4105 2171 4107 2174 4108 2172 4109 2175 4110 2175 4110 2172 4109 2173 4111 2176 4112 2174 4113 2177 4114 2177 4114 2174 4113 2175 4115 2178 4116 2176 4117 2179 4118 2179 4118 2176 4117 2177 4119 2180 4120 2178 4121 2181 4122 2181 4122 2178 4121 2179 4123 2182 4124 2180 4125 2183 4126 2183 4126 2180 4125 2181 4127 2184 4128 2182 4129 2185 4130 2185 4130 2182 4129 2183 4131 2186 4132 2184 4133 2187 4134 2187 4134 2184 4133 2185 4135 2188 4136 2186 4137 2189 4138 2189 4138 2186 4137 2187 4139 2190 4140 2188 4141 2191 4142 2191 4142 2188 4141 2189 4143 2192 4144 2190 4145 2193 4146 2193 4146 2190 4145 2191 4147 2194 4148 2192 4149 2195 4150 2195 4150 2192 4149 2193 4151 2196 4152 2194 4153 2197 4154 2197 4154 2194 4153 2195 4155 2198 4156 2196 4157 2199 4158 2199 4158 2196 4157 2197 4159 2200 4160 2198 4161 2201 4162 2201 4162 2198 4161 2199 4163 2202 4164 2200 4165 2203 4166 2203 4166 2200 4165 2201 4167 2204 4168 2202 4169 2205 4170 2205 4170 2202 4169 2203 4171 2206 4172 2204 4173 2207 4174 2207 4174 2204 4173 2205 4175 2208 4176 2206 4177 2209 4178 2209 4178 2206 4177 2207 4179 2210 4180 2208 4181 2211 4182 2211 4182 2208 4181 2209 4183 2212 4184 2210 4185 2213 4186 2213 4186 2210 4185 2211 4187 2214 4188 2212 4189 2215 4190 2215 4190 2212 4189 2213 4191 2216 4192 2214 4193 2217 4194 2217 4194 2214 4193 2215 4195 2218 4196 2216 4197 2219 4198 2219 4198 2216 4197 2217 4199 2220 4200 2218 4201 2221 4202 2221 4202 2218 4201 2219 4203 2227 4204 2222 4205 2226 4206 2226 4206 2222 4205 2223 4207 2226 4206 2223 4207 2225 4208 2225 4208 2223 4207 2224 4209 2225 4208 2224 4209 2221 4210 2221 4210 2224 4209 2220 4211 2228 4212 2222 4213 2229 4214 2229 4214 2222 4213 2227 4215 2230 4216 2228 4217 2231 4218 2231 4218 2228 4217 2229 4219 2232 4220 2230 4221 2233 4222 2233 4222 2230 4221 2231 4223 2234 4224 2232 4225 2235 4226 2235 4226 2232 4225 2233 4227 2236 4228 2234 4229 2237 4230 2237 4230 2234 4229 2235 4231 2238 4232 2236 4233 2239 4234 2239 4234 2236 4233 2237 4235 2240 4236 2238 4237 2241 4238 2241 4238 2238 4237 2239 4239 2242 4240 2240 4241 2243 4242 2243 4242 2240 4241 2241 4243 2244 4244 2242 4245 2245 4246 2245 4246 2242 4245 2243 4247 2246 4248 2244 4249 2247 4250 2247 4250 2244 4249 2245 4251 2248 4252 2246 4253 2249 4254 2249 4254 2246 4253 2247 4255 2250 4256 2248 4257 2251 4258 2251 4258 2248 4257 2249 4259 2252 4260 2250 4261 2253 4262 2253 4262 2250 4261 2251 4263 2254 4264 2252 4265 2255 4266 2255 4266 2252 4265 2253 4267 2256 4268 2254 4269 2257 4270 2257 4270 2254 4269 2255 4271 2258 4272 2256 4273 2259 4274 2259 4274 2256 4273 2257 4275 2260 4276 2258 4277 2261 4278 2261 4278 2258 4277 2259 4279 2262 4280 2260 4281 2263 4282 2263 4282 2260 4281 2261 4283 2264 4284 2262 4285 2265 4286 2265 4286 2262 4285 2263 4287 2266 4288 2264 4289 2267 4290 2267 4290 2264 4289 2265 4291 2268 4292 2266 4293 2269 4294 2269 4294 2266 4293 2267 4295 2270 4296 2268 4297 2271 4298 2271 4298 2268 4297 2269 4299 2272 4300 2270 4301 2273 4302 2273 4302 2270 4301 2271 4303 2274 4304 2272 4305 2275 4306 2275 4306 2272 4305 2273 4307 2276 4308 2274 4309 2277 4310 2277 4310 2274 4309 2275 4311 2278 4312 2276 4313 2279 4314 2279 4314 2276 4313 2277 4315 2280 4316 2278 4317 2281 4318 2281 4318 2278 4317 2279 4319 2282 4320 2280 4321 2283 4322 2283 4322 2280 4321 2281 4323 2284 4324 2282 4325 2285 4326 2285 4326 2282 4325 2283 4327 2286 4328 2284 4329 2287 4330 2287 4330 2284 4329 2285 4331 2288 4332 2286 4333 2289 4334 2289 4334 2286 4333 2287 4335 2290 4336 2288 4337 2291 4338 2291 4338 2288 4337 2289 4339 2292 4340 2290 4341 2293 4342 2293 4342 2290 4341 2291 4343 2294 4344 2292 4345 2295 4346 2295 4346 2292 4345 2293 4347 2296 4348 2294 4349 2297 4350 2297 4350 2294 4349 2295 4351 2298 4352 2296 4353 2299 4354 2299 4354 2296 4353 2297 4355 2300 4356 2298 4357 2301 4358 2301 4358 2298 4357 2299 4359 2302 4360 2300 4361 2303 4362 2303 4362 2300 4361 2301 4363 2304 4364 2302 4365 2305 4366 2305 4366 2302 4365 2303 4367 2306 4368 2304 4369 2307 4370 2307 4370 2304 4369 2305 4371 2308 4372 2306 4373 2309 4374 2309 4374 2306 4373 2307 4375 2310 4376 2308 4377 2311 4378 2311 4378 2308 4377 2309 4379 2312 4380 2310 4381 2313 4382 2313 4382 2310 4381 2311 4383 2314 4384 2312 4385 2315 4386 2315 4386 2312 4385 2313 4387 2316 4388 2314 4389 2317 4390 2317 4390 2314 4389 2315 4391 2318 4392 2316 4393 2319 4394 2319 4394 2316 4393 2317 4395 2325 4396 2320 4397 2324 4398 2324 4398 2320 4397 2321 4399 2324 4398 2321 4399 2323 4400 2323 4400 2321 4399 2322 4401 2323 4400 2322 4401 2319 4402 2319 4402 2322 4401 2318 4403 2326 4404 2320 4405 2327 4406 2327 4406 2320 4405 2325 4407 2328 4408 2326 4409 2329 4410 2329 4410 2326 4409 2327 4411 2330 4412 2328 4413 2331 4414 2331 4414 2328 4413 2329 4415 109 4416 2330 4417 110 4418 110 4418 2330 4417 2331 4419 2331 4420 2297 4421 110 4422 110 4422 2297 4421 2295 4423 110 4422 2295 4423 2293 4424 2331 4420 2329 4425 2297 4421 2297 4421 2329 4425 2299 4426 2299 4426 2329 4425 2301 4427 2301 4427 2329 4425 2303 4428 2303 4428 2329 4425 2305 4429 2305 4429 2329 4425 2307 4430 2307 4430 2329 4425 2309 4431 2309 4431 2329 4425 2311 4432 2311 4432 2329 4425 2327 4433 2311 4432 2327 4433 2324 4434 2324 4434 2327 4433 2325 4435 2323 4436 2315 4437 2324 4434 2324 4434 2315 4437 2313 4438 2324 4434 2313 4438 2311 4432 2319 4439 2317 4440 2323 4436 2323 4436 2317 4440 2315 4437 2293 4424 2291 4441 110 4422 110 4422 2291 4441 2289 4442 110 4422 2289 4442 2287 4443 2287 4443 2285 4444 110 4422 110 4422 2285 4444 2283 4445 110 4422 2283 4445 29 4446 29 4446 2283 4445 2281 4447 29 4446 2281 4447 30 4448 30 4448 2281 4447 2279 4449 30 4448 2279 4449 31 4450 31 4450 2279 4449 2277 4451 31 4450 2277 4451 32 4452 32 4452 2277 4451 2275 4453 32 4452 2275 4453 2273 4454 2273 4454 2271 4455 32 4452 32 4452 2271 4455 2269 4456 32 4452 2269 4456 2267 4457 32 4452 2267 4457 2181 4458 2181 4458 2267 4457 2265 4459 2181 4458 2265 4459 2263 4460 2181 4458 2263 4460 2183 4461 2183 4461 2263 4460 2261 4462 2183 4461 2261 4462 2259 4463 2183 4461 2259 4463 2185 4464 2185 4464 2259 4463 2257 4465 2185 4464 2257 4465 2255 4466 2255 4466 2253 4467 2185 4464 2185 4464 2253 4467 2187 4468 2187 4468 2253 4467 2251 4469 2187 4468 2251 4469 2249 4470 2187 4468 2249 4470 2189 4471 2189 4471 2249 4470 2247 4472 2189 4471 2247 4472 2245 4473 2245 4473 2243 4474 2189 4471 2189 4471 2243 4474 2241 4475 2189 4471 2241 4475 2191 4476 2191 4476 2241 4475 2239 4477 2191 4476 2239 4477 2237 4478 2191 4476 2237 4478 2193 4479 2193 4479 2237 4478 2235 4480 2193 4479 2235 4480 2195 4481 2195 4481 2235 4480 2197 4482 2197 4482 2235 4480 2233 4483 2197 4482 2233 4483 2199 4484 2199 4484 2233 4483 2201 4485 2201 4485 2233 4483 2231 4486 2201 4485 2231 4486 2203 4487 2203 4487 2231 4486 2205 4488 2205 4488 2231 4486 2207 4489 2207 4489 2231 4486 2209 4490 2209 4490 2231 4486 2229 4491 2209 4490 2229 4491 2211 4492 2211 4492 2229 4491 2213 4493 2213 4493 2229 4491 2226 4494 2213 4493 2226 4494 2215 4495 2215 4495 2226 4494 2217 4496 2217 4496 2226 4494 2225 4497 2217 4496 2225 4497 2219 4498 2219 4498 2225 4497 2221 4499 2229 4491 2227 4500 2226 4494 32 4452 2181 4458 33 4501 33 4501 2181 4458 2179 4502 33 4501 2179 4502 2177 4503 2177 4503 2175 4504 33 4501 33 4501 2175 4504 2173 4505 33 4501 2173 4505 2171 4506 2171 4506 2169 4507 33 4501 33 4501 2169 4507 2081 4508 33 4501 2081 4508 34 4509 34 4509 2081 4508 2079 4510 34 4509 2079 4510 2077 4511 2081 4508 2169 4507 2083 4512 2083 4512 2169 4507 2167 4513 2083 4512 2167 4513 2165 4514 2083 4512 2165 4514 2085 4515 2085 4515 2165 4514 2163 4516 2085 4515 2163 4516 2161 4517 2161 4517 2159 4518 2085 4515 2085 4515 2159 4518 2157 4519 2085 4515 2157 4519 2087 4520 2087 4520 2157 4519 2155 4521 2087 4520 2155 4521 2153 4522 2153 4522 2151 4523 2087 4520 2087 4520 2151 4523 2089 4524 2089 4524 2151 4523 2149 4525 2089 4524 2149 4525 2147 4526 2147 4526 2145 4527 2089 4524 2089 4524 2145 4527 2091 4528 2091 4528 2145 4527 2143 4529 2091 4528 2143 4529 2093 4530 2093 4530 2143 4529 2141 4531 2093 4530 2141 4531 2095 4532 2095 4532 2141 4531 2139 4533 2095 4532 2139 4533 2097 4534 2097 4534 2139 4533 2099 4535 2099 4535 2139 4533 2137 4536 2099 4535 2137 4536 2101 4537 2101 4537 2137 4536 2103 4538 2103 4538 2137 4536 2135 4539 2103 4538 2135 4539 2105 4540 2105 4540 2135 4539 2107 4541 2107 4541 2135 4539 2109 4542 2109 4542 2135 4539 2133 4543 2109 4542 2133 4543 2111 4544 2111 4544 2133 4543 2113 4545 2113 4545 2133 4543 2131 4546 2113 4545 2131 4546 2115 4547 2115 4547 2131 4546 2117 4548 2117 4548 2131 4546 2128 4549 2117 4548 2128 4549 2119 4550 2119 4550 2128 4549 2127 4551 2119 4550 2127 4551 2121 4552 2121 4552 2127 4551 2123 4553 2131 4546 2129 4554 2128 4549 2075 4555 1589 4556 2077 4511 2077 4511 1589 4556 1587 4557 2077 4511 1587 4557 34 4509 34 4509 1587 4557 1585 4558 34 4509 1585 4558 1583 4559 1589 4556 2075 4555 1591 4560 1591 4560 2075 4555 2073 4561 1591 4560 2073 4561 1681 4562 1681 4562 2073 4561 1983 4563 1681 4562 1983 4563 1683 4564 1683 4564 1983 4563 1981 4565 1683 4564 1981 4565 1685 4566 1685 4566 1981 4565 1979 4567 1685 4566 1979 4567 1687 4568 1687 4568 1979 4567 1977 4569 1687 4568 1977 4569 1689 4570 1689 4570 1977 4569 1975 4571 1689 4570 1975 4571 1779 4572 1779 4572 1975 4571 1885 4573 1779 4572 1885 4573 1781 4574 1781 4574 1885 4573 1883 4575 1781 4574 1883 4575 1783 4576 1783 4576 1883 4575 1881 4577 1783 4576 1881 4577 1785 4578 1785 4578 1881 4577 1787 4579 1787 4579 1881 4577 1879 4580 1787 4579 1879 4580 1877 4581 2073 4561 2071 4582 1983 4563 1983 4563 2071 4582 1985 4583 1985 4583 2071 4582 2069 4584 1985 4583 2069 4584 2067 4585 2067 4585 2065 4586 1985 4583 1985 4583 2065 4586 1987 4587 1987 4587 2065 4586 2063 4588 1987 4587 2063 4588 2061 4589 2061 4589 2059 4590 1987 4587 1987 4587 2059 4590 2057 4591 1987 4587 2057 4591 1989 4592 1989 4592 2057 4591 2055 4593 1989 4592 2055 4593 2053 4594 1989 4592 2053 4594 1991 4595 1991 4595 2053 4594 2051 4596 1991 4595 2051 4596 1993 4597 1993 4597 2051 4596 2049 4598 1993 4597 2049 4598 2047 4599 2045 4600 1997 4601 2047 4599 2047 4599 1997 4601 1995 4602 2047 4599 1995 4602 1993 4597 1997 4601 2045 4600 1999 4603 1999 4603 2045 4600 2043 4604 1999 4603 2043 4604 2001 4605 2001 4605 2043 4604 2003 4606 2003 4606 2043 4604 2041 4607 2003 4606 2041 4607 2005 4608 2005 4608 2041 4607 2007 4609 2007 4609 2041 4607 2039 4610 2007 4609 2039 4610 2009 4611 2009 4611 2039 4610 2011 4612 2011 4612 2039 4610 2037 4613 2011 4612 2037 4613 2013 4614 2013 4614 2037 4613 2015 4615 2015 4615 2037 4613 2035 4616 2015 4615 2035 4616 2017 4617 2017 4617 2035 4616 2019 4618 2019 4618 2035 4616 2033 4619 2019 4618 2033 4619 2021 4620 2021 4620 2033 4619 2030 4621 2021 4620 2030 4621 2029 4622 2033 4619 2031 4623 2030 4621 2025 4624 2023 4625 2029 4622 2029 4622 2023 4625 2021 4620 1975 4571 1973 4626 1885 4573 1885 4573 1973 4626 1887 4627 1887 4627 1973 4626 1971 4628 1887 4627 1971 4628 1969 4629 1887 4627 1969 4629 1889 4630 1889 4630 1969 4629 1967 4631 1889 4630 1967 4631 1965 4632 1889 4630 1965 4632 1891 4633 1891 4633 1965 4632 1963 4634 1891 4633 1963 4634 1961 4635 1891 4633 1961 4635 1893 4636 1893 4636 1961 4635 1959 4637 1893 4636 1959 4637 1957 4638 1893 4636 1957 4638 1895 4639 1895 4639 1957 4638 1955 4640 1895 4639 1955 4640 1897 4641 1897 4641 1955 4640 1953 4642 1897 4641 1953 4642 1899 4643 1899 4643 1953 4642 1901 4644 1901 4644 1953 4642 1951 4645 1901 4644 1951 4645 1903 4646 1903 4646 1951 4645 1949 4647 1903 4646 1949 4647 1905 4648 1905 4648 1949 4647 1907 4649 1907 4649 1949 4647 1947 4650 1907 4649 1947 4650 1909 4651 1909 4651 1947 4650 1945 4652 1909 4651 1945 4652 1911 4653 1911 4653 1945 4652 1943 4654 1911 4653 1943 4654 1913 4655 1913 4655 1943 4654 1915 4656 1915 4656 1943 4654 1941 4657 1915 4656 1941 4657 1917 4658 1917 4658 1941 4657 1939 4659 1917 4658 1939 4659 1919 4660 1919 4660 1939 4659 1937 4661 1919 4660 1937 4661 1921 4662 1921 4662 1937 4661 1923 4663 1923 4663 1937 4661 1935 4664 1923 4663 1935 4664 1925 4665 1925 4665 1935 4664 1932 4666 1925 4665 1932 4666 1931 4667 1935 4664 1933 4668 1932 4666 1931 4667 1927 4669 1925 4665 1787 4579 1877 4581 1789 4670 1789 4670 1877 4581 1875 4671 1789 4670 1875 4671 1791 4672 1791 4672 1875 4671 1873 4673 1791 4672 1873 4673 1793 4674 1793 4674 1873 4673 1871 4675 1793 4674 1871 4675 1795 4676 1795 4676 1871 4675 1869 4677 1795 4676 1869 4677 1797 4678 1797 4678 1869 4677 1867 4679 1797 4678 1867 4679 1799 4680 1799 4680 1867 4679 1865 4681 1799 4680 1865 4681 1801 4682 1801 4682 1865 4681 1863 4683 1801 4682 1863 4683 1803 4684 1803 4684 1863 4683 1861 4685 1803 4684 1861 4685 1805 4686 1805 4686 1861 4685 1859 4687 1805 4686 1859 4687 1807 4688 1807 4688 1859 4687 1857 4689 1807 4688 1857 4689 1809 4690 1809 4690 1857 4689 1855 4691 1809 4690 1855 4691 1811 4692 1811 4692 1855 4691 1853 4693 1811 4692 1853 4693 1813 4694 1813 4694 1853 4693 1851 4695 1813 4694 1851 4695 1815 4696 1815 4696 1851 4695 1849 4697 1815 4696 1849 4697 1817 4698 1817 4698 1849 4697 1847 4699 1817 4698 1847 4699 1819 4700 1819 4700 1847 4699 1845 4701 1819 4700 1845 4701 1821 4702 1821 4702 1845 4701 1843 4703 1821 4702 1843 4703 1823 4704 1823 4704 1843 4703 1841 4705 1823 4704 1841 4705 1825 4706 1825 4706 1841 4705 1839 4707 1825 4706 1839 4707 1827 4708 1827 4708 1839 4707 1837 4709 1827 4708 1837 4709 1834 4710 1834 4710 1837 4709 1835 4711 1834 4710 1833 4712 1827 4708 1827 4708 1833 4712 1829 4713 1689 4570 1779 4572 1691 4714 1691 4714 1779 4572 1777 4715 1691 4714 1777 4715 1693 4716 1693 4716 1777 4715 1695 4717 1695 4717 1777 4715 1775 4718 1695 4717 1775 4718 1697 4719 1697 4719 1775 4718 1699 4720 1699 4720 1775 4718 1773 4721 1699 4720 1773 4721 1701 4722 1701 4722 1773 4721 1703 4723 1703 4723 1773 4721 1771 4724 1703 4723 1771 4724 1705 4725 1705 4725 1771 4724 1707 4726 1707 4726 1771 4724 1769 4727 1707 4726 1769 4727 1709 4728 1709 4728 1769 4727 1767 4729 1709 4728 1767 4729 1711 4730 1711 4730 1767 4729 1765 4731 1711 4730 1765 4731 1763 4732 1711 4730 1763 4732 1713 4733 1713 4733 1763 4732 1761 4734 1713 4733 1761 4734 1715 4735 1715 4735 1761 4734 1759 4736 1715 4735 1759 4736 1757 4737 1715 4735 1757 4737 1717 4738 1717 4738 1757 4737 1755 4739 1717 4738 1755 4739 1719 4740 1719 4740 1755 4739 1753 4741 1719 4740 1753 4741 1721 4742 1721 4742 1753 4741 1751 4743 1721 4742 1751 4743 1749 4744 1721 4742 1749 4744 1723 4745 1723 4745 1749 4744 1747 4746 1723 4745 1747 4746 1725 4747 1725 4747 1747 4746 1745 4748 1725 4747 1745 4748 1727 4749 1727 4749 1745 4748 1743 4750 1727 4749 1743 4750 1741 4751 1727 4749 1741 4751 1729 4752 1729 4752 1741 4751 1739 4753 1729 4752 1739 4753 1735 4754 1735 4754 1739 4753 1736 4755 1736 4755 1739 4753 1737 4756 1735 4754 1731 4757 1729 4752 1591 4560 1681 4562 1593 4758 1593 4758 1681 4562 1679 4759 1593 4758 1679 4759 1595 4760 1595 4760 1679 4759 1597 4761 1597 4761 1679 4759 1599 4762 1599 4762 1679 4759 1677 4763 1599 4762 1677 4763 1601 4764 1601 4764 1677 4763 1603 4765 1603 4765 1677 4763 1605 4766 1605 4766 1677 4763 1607 4767 1607 4767 1677 4763 1675 4768 1607 4767 1675 4768 1609 4769 1609 4769 1675 4768 1611 4770 1611 4770 1675 4768 1673 4771 1611 4770 1673 4771 1613 4772 1613 4772 1673 4771 1671 4773 1613 4772 1671 4773 1615 4774 1615 4774 1671 4773 1617 4775 1617 4775 1671 4773 1669 4776 1617 4775 1669 4776 1667 4777 1617 4775 1667 4777 1619 4778 1619 4778 1667 4777 1665 4779 1619 4778 1665 4779 1621 4780 1621 4780 1665 4779 1663 4781 1621 4780 1663 4781 1661 4782 1621 4780 1661 4782 1623 4783 1623 4783 1661 4782 1659 4784 1623 4783 1659 4784 1657 4785 1623 4783 1657 4785 1625 4786 1625 4786 1657 4785 1655 4787 1625 4786 1655 4787 1653 4788 1625 4786 1653 4788 1627 4789 1627 4789 1653 4788 1651 4790 1627 4789 1651 4790 1649 4791 1627 4789 1649 4791 1629 4792 1629 4792 1649 4791 1647 4793 1629 4792 1647 4793 1645 4794 1629 4792 1645 4794 1631 4795 1631 4795 1645 4794 1643 4796 1631 4795 1643 4796 1637 4797 1637 4797 1643 4796 1638 4798 1638 4798 1643 4796 1641 4799 1638 4798 1641 4799 1639 4800 1637 4797 1633 4801 1631 4795 34 4509 1583 4559 1495 4802 1495 4802 1583 4559 1581 4803 1495 4802 1581 4803 1497 4804 1497 4804 1581 4803 1499 4805 1499 4805 1581 4803 1579 4806 1499 4805 1579 4806 1501 4807 1501 4807 1579 4806 1503 4808 1503 4808 1579 4806 1505 4809 1505 4809 1579 4806 1507 4810 1507 4810 1579 4806 1577 4811 1507 4810 1577 4811 1509 4812 1509 4812 1577 4811 1511 4813 1511 4813 1577 4811 1513 4814 1513 4814 1577 4811 1575 4815 1513 4814 1575 4815 1515 4816 1515 4816 1575 4815 1517 4817 1517 4817 1575 4815 1519 4818 1519 4818 1575 4815 1573 4819 1519 4818 1573 4819 1521 4820 1521 4820 1573 4819 1571 4821 1521 4820 1571 4821 1523 4822 1523 4822 1571 4821 1569 4823 1523 4822 1569 4823 1525 4824 1525 4824 1569 4823 1567 4825 1525 4824 1567 4825 1565 4826 1525 4824 1565 4826 1527 4827 1527 4827 1565 4826 1563 4828 1527 4827 1563 4828 1561 4829 1527 4827 1561 4829 1529 4830 1529 4830 1561 4829 1559 4831 1529 4830 1559 4831 1557 4832 1557 4832 1555 4833 1529 4830 1529 4830 1555 4833 1531 4834 1531 4834 1555 4833 1553 4835 1531 4834 1553 4835 1551 4836 1531 4834 1551 4836 1533 4837 1533 4837 1551 4836 1549 4838 1533 4837 1549 4838 1547 4839 1533 4837 1547 4839 1539 4840 1539 4840 1547 4839 1545 4841 1539 4840 1545 4841 1540 4842 1540 4842 1545 4841 1543 4843 1540 4842 1543 4843 1541 4844 1539 4840 1535 4845 1533 4837 1495 4802 1493 4846 34 4509 34 4509 1493 4846 1491 4847 34 4509 1491 4847 1489 4848 1489 4848 1487 4849 34 4509 34 4509 1487 4849 35 4850 35 4850 1487 4849 1485 4851 35 4850 1485 4851 1483 4852 1481 4853 1401 4854 1483 4852 1483 4852 1401 4854 1399 4855 1483 4852 1399 4855 1397 4856 1479 4857 1405 4858 1481 4853 1481 4853 1405 4858 1403 4859 1481 4853 1403 4859 1401 4854 1477 4860 1411 4861 1479 4857 1479 4857 1411 4861 1409 4862 1479 4857 1409 4862 1407 4863 1475 4864 1415 4865 1477 4860 1477 4860 1415 4865 1413 4866 1477 4860 1413 4866 1411 4861 1473 4867 1423 4868 1475 4864 1475 4864 1423 4868 1421 4869 1475 4864 1421 4869 1419 4870 1471 4871 1427 4872 1473 4867 1473 4867 1427 4872 1425 4873 1473 4867 1425 4873 1423 4868 1427 4872 1471 4871 1429 4874 1429 4874 1471 4871 1469 4875 1429 4874 1469 4875 1467 4876 1429 4874 1467 4876 1431 4877 1431 4877 1467 4876 1465 4878 1431 4877 1465 4878 1463 4879 1431 4877 1463 4879 1433 4880 1433 4880 1463 4879 1461 4881 1433 4880 1461 4881 1459 4882 1459 4882 1457 4883 1433 4880 1433 4880 1457 4883 1455 4884 1433 4880 1455 4884 1435 4885 1435 4885 1455 4884 1453 4886 1435 4885 1453 4886 1451 4887 1435 4885 1451 4887 1441 4888 1441 4888 1451 4887 1449 4889 1441 4888 1449 4889 1447 4890 1441 4888 1447 4890 1442 4891 1442 4891 1447 4890 1445 4892 1442 4891 1445 4892 1443 4893 1441 4888 1437 4894 1435 4885 1419 4870 1417 4895 1475 4864 1475 4864 1417 4895 1415 4865 1407 4863 1405 4858 1479 4857 1483 4852 1397 4856 35 4850 35 4850 1397 4856 1395 4896 35 4850 1395 4896 36 4897 36 4897 1395 4896 1393 4898 36 4897 1393 4898 1391 4899 1391 4899 1389 4900 36 4897 36 4897 1389 4900 1387 4901 36 4897 1387 4901 1385 4902 1383 4903 1301 4904 1385 4902 1385 4902 1301 4904 37 4905 1385 4902 37 4905 36 4897 1301 4904 1383 4903 1303 4906 1303 4906 1383 4903 1381 4907 1303 4906 1381 4907 1305 4908 1305 4908 1381 4907 1307 4909 1307 4909 1381 4907 1379 4910 1307 4909 1379 4910 1309 4911 1309 4911 1379 4910 1311 4912 1311 4912 1379 4910 1377 4913 1311 4912 1377 4913 1313 4914 1313 4914 1377 4913 1315 4915 1315 4915 1377 4913 1375 4916 1315 4915 1375 4916 1317 4917 1317 4917 1375 4916 1373 4918 1317 4917 1373 4918 1319 4919 1319 4919 1373 4918 1321 4920 1321 4920 1373 4918 1323 4921 1323 4921 1373 4918 1325 4922 1325 4922 1373 4918 1327 4923 1327 4923 1373 4918 1371 4924 1327 4923 1371 4924 1329 4925 1329 4925 1371 4924 1331 4926 1331 4926 1371 4924 1369 4927 1331 4926 1369 4927 1333 4928 1333 4928 1369 4927 1367 4929 1333 4928 1367 4929 1335 4930 1335 4930 1367 4929 1365 4931 1335 4930 1365 4931 1363 4932 1363 4932 1361 4933 1335 4930 1335 4930 1361 4933 1359 4934 1335 4930 1359 4934 1357 4935 1357 4935 1355 4936 1335 4930 1335 4930 1355 4936 1353 4937 1335 4930 1353 4937 1337 4938 1337 4938 1353 4937 1343 4939 1337 4938 1343 4939 1339 4940 1353 4937 1351 4941 1343 4939 1343 4939 1351 4941 1349 4942 1343 4939 1349 4942 1344 4943 1344 4943 1349 4942 1347 4944 1344 4943 1347 4944 1345 4945 1301 4904 1299 4946 37 4905 37 4905 1299 4946 38 4947 38 4947 1299 4946 1297 4948 38 4947 1297 4948 1295 4949 1295 4949 1293 4950 38 4947 38 4947 1293 4950 39 4951 39 4951 1293 4950 1291 4952 39 4951 1291 4952 1289 4953 1289 4953 1287 4954 39 4951 39 4951 1287 4954 40 4955 40 4955 1287 4954 1285 4956 40 4955 1285 4956 1203 4957 1203 4957 1285 4956 1283 4958 1203 4957 1283 4958 1205 4959 1205 4959 1283 4958 1281 4960 1205 4959 1281 4960 1207 4961 1207 4961 1281 4960 1279 4962 1207 4961 1279 4962 1209 4963 1209 4963 1279 4962 1277 4964 1209 4963 1277 4964 1211 4965 1211 4965 1277 4964 1275 4966 1211 4965 1275 4966 1213 4967 1213 4967 1275 4966 1273 4968 1213 4967 1273 4968 1215 4969 1215 4969 1273 4968 1271 4970 1215 4969 1271 4970 1217 4971 1217 4971 1271 4970 1269 4972 1217 4971 1269 4972 1219 4973 1219 4973 1269 4972 1267 4974 1219 4973 1267 4974 1265 4975 1265 4975 1263 4976 1219 4973 1219 4973 1263 4976 1261 4977 1219 4973 1261 4977 1227 4978 1227 4978 1261 4977 1259 4979 1227 4978 1259 4979 1229 4980 1229 4980 1259 4979 1257 4981 1229 4980 1257 4981 1231 4982 1231 4982 1257 4981 1255 4983 1231 4982 1255 4983 1233 4984 1233 4984 1255 4983 1253 4985 1233 4984 1253 4985 1235 4986 1235 4986 1253 4985 1251 4987 1235 4986 1251 4987 1237 4988 1237 4988 1251 4987 1246 4989 1237 4988 1246 4989 1245 4990 1251 4987 1249 4991 1246 4989 1246 4989 1249 4991 1247 4992 1241 4993 1239 4994 1245 4990 1245 4990 1239 4994 1237 4988 1219 4973 1227 4978 1221 4995 1221 4995 1227 4978 1225 4996 1221 4995 1225 4996 1223 4997 40 4955 1203 4957 41 4998 41 4998 1203 4957 1201 4999 41 4998 1201 4999 42 5000 42 5000 1201 4999 1199 5001 42 5000 1199 5001 1197 5002 1197 5002 1195 5003 42 5000 42 5000 1195 5003 43 5004 43 5004 1195 5003 1193 5005 43 5004 1193 5005 1191 5006 1191 5006 1189 5007 43 5004 43 5004 1189 5007 44 5008 44 5008 1189 5007 1187 5009 44 5008 1187 5009 1103 5010 1103 5010 1187 5009 1105 5011 1105 5011 1187 5009 1185 5012 1105 5011 1185 5012 1107 5013 1107 5013 1185 5012 1183 5014 1107 5013 1183 5014 1181 5015 1107 5013 1181 5015 1109 5016 1109 5016 1181 5015 1179 5017 1109 5016 1179 5017 1177 5018 1109 5016 1177 5018 1111 5019 1111 5019 1177 5018 1175 5020 1111 5019 1175 5020 1173 5021 1111 5019 1173 5021 1113 5022 1113 5022 1173 5021 1171 5023 1113 5022 1171 5023 1115 5024 1115 5024 1171 5023 1169 5025 1115 5024 1169 5025 1167 5026 1167 5026 1165 5027 1115 5024 1115 5024 1165 5027 1163 5028 1115 5024 1163 5028 1161 5029 1115 5024 1161 5029 1117 5030 1117 5030 1161 5029 1159 5031 1117 5030 1159 5031 1157 5032 1117 5030 1157 5032 1119 5033 1119 5033 1157 5032 1155 5034 1119 5033 1155 5034 1121 5035 1121 5035 1155 5034 1153 5036 1121 5035 1153 5036 1123 5037 1123 5037 1153 5036 1125 5038 1125 5038 1153 5036 1127 5039 1127 5039 1153 5036 1129 5040 1129 5040 1153 5036 1131 5041 1131 5041 1153 5036 1133 5042 1133 5042 1153 5036 1135 5043 1135 5043 1153 5036 1151 5044 1135 5043 1151 5044 1148 5045 1148 5045 1151 5044 1149 5046 1147 5047 1139 5048 1148 5045 1148 5045 1139 5048 1137 5049 1148 5045 1137 5049 1135 5043 1143 5050 1141 5051 1147 5047 1147 5047 1141 5051 1139 5048 44 5008 1103 5010 45 5052 45 5052 1103 5010 1101 5053 45 5052 1101 5053 1099 5054 1099 5054 1097 5055 45 5052 45 5052 1097 5055 1095 5056 45 5052 1095 5056 1093 5057 45 5052 1093 5057 46 5058 46 5058 1093 5057 1091 5059 46 5058 1091 5059 1005 5060 1005 5060 1091 5059 1089 5061 1005 5060 1089 5061 1087 5062 1005 5060 1087 5062 1007 5063 1007 5063 1087 5062 1085 5064 1007 5063 1085 5064 1083 5065 1007 5063 1083 5065 1009 5066 1009 5066 1083 5065 1081 5067 1009 5066 1081 5067 1079 5068 1079 5068 1077 5069 1009 5066 1009 5066 1077 5069 1011 5070 1011 5070 1077 5069 1075 5071 1011 5070 1075 5071 1073 5072 1011 5070 1073 5072 1013 5073 1013 5073 1073 5072 1071 5074 1013 5073 1071 5074 1069 5075 1069 5075 1067 5076 1013 5073 1013 5073 1067 5076 1065 5077 1013 5073 1065 5077 1015 5078 1015 5078 1065 5077 1063 5079 1015 5078 1063 5079 1061 5080 1015 5078 1061 5080 1017 5081 1017 5081 1061 5080 1059 5082 1017 5081 1059 5082 1019 5083 1019 5083 1059 5082 1021 5084 1021 5084 1059 5082 1057 5085 1021 5084 1057 5085 1023 5086 1023 5086 1057 5085 1025 5087 1025 5087 1057 5085 1055 5088 1025 5087 1055 5088 1027 5089 1027 5089 1055 5088 1029 5090 1029 5090 1055 5088 1031 5091 1031 5091 1055 5088 1033 5092 1033 5092 1055 5088 1053 5093 1033 5092 1053 5093 1035 5094 1035 5094 1053 5093 1037 5095 1037 5095 1053 5093 1050 5096 1037 5095 1050 5096 1039 5097 1039 5097 1050 5096 1041 5098 1041 5098 1050 5096 1049 5099 1041 5098 1049 5099 1043 5100 1043 5100 1049 5099 1045 5101 1053 5093 1051 5102 1050 5096 1005 5060 1003 5103 46 5058 46 5058 1003 5103 1001 5104 46 5058 1001 5104 47 5105 47 5105 1001 5104 999 5106 47 5105 999 5106 997 5107 997 5107 995 5108 47 5105 47 5105 995 5108 993 5109 47 5105 993 5109 905 5110 905 5110 993 5109 907 5111 907 5111 993 5109 991 5112 907 5111 991 5112 989 5113 907 5111 989 5113 909 5114 909 5114 989 5113 987 5115 909 5114 987 5115 985 5116 985 5116 983 5117 909 5114 909 5114 983 5117 981 5118 909 5114 981 5118 911 5119 911 5119 981 5118 979 5120 911 5119 979 5120 977 5121 977 5121 975 5122 911 5119 911 5119 975 5122 913 5123 913 5123 975 5122 973 5124 913 5123 973 5124 971 5125 971 5125 969 5126 913 5123 913 5123 969 5126 915 5127 915 5127 969 5126 967 5128 915 5127 967 5128 917 5129 917 5129 967 5128 965 5130 917 5129 965 5130 919 5131 919 5131 965 5130 963 5132 919 5131 963 5132 921 5133 921 5133 963 5132 923 5134 923 5134 963 5132 961 5135 923 5134 961 5135 925 5136 925 5136 961 5135 927 5137 927 5137 961 5135 959 5138 927 5137 959 5138 929 5139 929 5139 959 5138 931 5140 931 5140 959 5138 933 5141 933 5141 959 5138 957 5142 933 5141 957 5142 935 5143 935 5143 957 5142 937 5144 937 5144 957 5142 955 5145 937 5144 955 5145 939 5146 939 5146 955 5145 941 5147 941 5147 955 5145 952 5148 941 5147 952 5148 943 5149 943 5149 952 5148 951 5150 943 5149 951 5150 945 5151 945 5151 951 5150 947 5152 955 5145 953 5153 952 5148 905 5110 903 5154 47 5105 47 5105 903 5154 901 5155 47 5105 901 5155 411 5156 411 5156 901 5155 413 5157 413 5157 901 5155 899 5158 413 5157 899 5158 415 5159 415 5159 899 5158 897 5160 415 5159 897 5160 505 5161 505 5161 897 5160 807 5162 505 5161 807 5162 507 5163 507 5163 807 5162 805 5164 507 5163 805 5164 509 5165 509 5165 805 5164 803 5166 509 5165 803 5166 511 5167 511 5167 803 5166 801 5168 511 5167 801 5168 513 5169 513 5169 801 5168 799 5170 513 5169 799 5170 603 5171 603 5171 799 5170 709 5172 603 5171 709 5172 605 5173 605 5173 709 5172 707 5174 605 5173 707 5174 607 5175 607 5175 707 5174 705 5176 607 5175 705 5176 609 5177 609 5177 705 5176 611 5178 611 5178 705 5176 703 5179 611 5178 703 5179 701 5180 897 5160 895 5181 807 5162 807 5162 895 5181 809 5182 809 5182 895 5181 893 5183 809 5182 893 5183 891 5184 891 5184 889 5185 809 5182 809 5182 889 5185 811 5186 811 5186 889 5185 887 5187 811 5186 887 5187 885 5188 885 5188 883 5189 811 5186 811 5186 883 5189 881 5190 811 5186 881 5190 813 5191 813 5191 881 5190 879 5192 813 5191 879 5192 877 5193 813 5191 877 5193 815 5194 815 5194 877 5193 875 5195 815 5194 875 5195 817 5196 817 5196 875 5195 873 5197 817 5196 873 5197 871 5198 869 5199 821 5200 871 5198 871 5198 821 5200 819 5201 871 5198 819 5201 817 5196 821 5200 869 5199 823 5202 823 5202 869 5199 867 5203 823 5202 867 5203 825 5204 825 5204 867 5203 827 5205 827 5205 867 5203 865 5206 827 5205 865 5206 829 5207 829 5207 865 5206 831 5208 831 5208 865 5206 863 5209 831 5208 863 5209 833 5210 833 5210 863 5209 835 5211 835 5211 863 5209 861 5212 835 5211 861 5212 837 5213 837 5213 861 5212 839 5214 839 5214 861 5212 859 5215 839 5214 859 5215 841 5216 841 5216 859 5215 843 5217 843 5217 859 5215 857 5218 843 5217 857 5218 845 5219 845 5219 857 5218 854 5220 845 5219 854 5220 853 5221 857 5218 855 5222 854 5220 849 5223 847 5224 853 5221 853 5221 847 5224 845 5219 799 5170 797 5225 709 5172 709 5172 797 5225 711 5226 711 5226 797 5225 795 5227 711 5226 795 5227 793 5228 711 5226 793 5228 713 5229 713 5229 793 5228 791 5230 713 5229 791 5230 789 5231 713 5229 789 5231 715 5232 715 5232 789 5231 787 5233 715 5232 787 5233 785 5234 715 5232 785 5234 717 5235 717 5235 785 5234 783 5236 717 5235 783 5236 781 5237 717 5235 781 5237 719 5238 719 5238 781 5237 779 5239 719 5238 779 5239 721 5240 721 5240 779 5239 777 5241 721 5240 777 5241 723 5242 723 5242 777 5241 725 5243 725 5243 777 5241 775 5244 725 5243 775 5244 727 5245 727 5245 775 5244 773 5246 727 5245 773 5246 729 5247 729 5247 773 5246 731 5248 731 5248 773 5246 771 5249 731 5248 771 5249 733 5250 733 5250 771 5249 769 5251 733 5250 769 5251 735 5252 735 5252 769 5251 767 5253 735 5252 767 5253 737 5254 737 5254 767 5253 739 5255 739 5255 767 5253 765 5256 739 5255 765 5256 741 5257 741 5257 765 5256 763 5258 741 5257 763 5258 743 5259 743 5259 763 5258 761 5260 743 5259 761 5260 745 5261 745 5261 761 5260 747 5262 747 5262 761 5260 759 5263 747 5262 759 5263 749 5264 749 5264 759 5263 756 5265 749 5264 756 5265 755 5266 759 5263 757 5267 756 5265 755 5266 751 5268 749 5264 611 5178 701 5180 613 5269 613 5269 701 5180 699 5270 613 5269 699 5270 615 5271 615 5271 699 5270 697 5272 615 5271 697 5272 617 5273 617 5273 697 5272 695 5274 617 5273 695 5274 619 5275 619 5275 695 5274 693 5276 619 5275 693 5276 621 5277 621 5277 693 5276 691 5278 621 5277 691 5278 623 5279 623 5279 691 5278 689 5280 623 5279 689 5280 625 5281 625 5281 689 5280 687 5282 625 5281 687 5282 627 5283 627 5283 687 5282 685 5284 627 5283 685 5284 629 5285 629 5285 685 5284 683 5286 629 5285 683 5286 631 5287 631 5287 683 5286 681 5288 631 5287 681 5288 633 5289 633 5289 681 5288 679 5290 633 5289 679 5290 635 5291 635 5291 679 5290 677 5292 635 5291 677 5292 637 5293 637 5293 677 5292 675 5294 637 5293 675 5294 639 5295 639 5295 675 5294 673 5296 639 5295 673 5296 641 5297 641 5297 673 5296 671 5298 641 5297 671 5298 643 5299 643 5299 671 5298 669 5300 643 5299 669 5300 645 5301 645 5301 669 5300 667 5302 645 5301 667 5302 647 5303 647 5303 667 5302 665 5304 647 5303 665 5304 649 5305 649 5305 665 5304 663 5306 649 5305 663 5306 651 5307 651 5307 663 5306 661 5308 651 5307 661 5308 658 5309 658 5309 661 5308 659 5310 658 5309 657 5311 651 5307 651 5307 657 5311 653 5312 513 5169 603 5171 515 5313 515 5313 603 5171 601 5314 515 5313 601 5314 517 5315 517 5315 601 5314 519 5316 519 5316 601 5314 599 5317 519 5316 599 5317 521 5318 521 5318 599 5317 523 5319 523 5319 599 5317 597 5320 523 5319 597 5320 525 5321 525 5321 597 5320 527 5322 527 5322 597 5320 595 5323 527 5322 595 5323 529 5324 529 5324 595 5323 531 5325 531 5325 595 5323 593 5326 531 5325 593 5326 533 5327 533 5327 593 5326 591 5328 533 5327 591 5328 535 5329 535 5329 591 5328 589 5330 535 5329 589 5330 587 5331 535 5329 587 5331 537 5332 537 5332 587 5331 585 5333 537 5332 585 5333 539 5334 539 5334 585 5333 583 5335 539 5334 583 5335 581 5336 539 5334 581 5336 541 5337 541 5337 581 5336 579 5338 541 5337 579 5338 543 5339 543 5339 579 5338 577 5340 543 5339 577 5340 545 5341 545 5341 577 5340 575 5342 545 5341 575 5342 573 5343 545 5341 573 5343 547 5344 547 5344 573 5343 571 5345 547 5344 571 5345 549 5346 549 5346 571 5345 569 5347 549 5346 569 5347 551 5348 551 5348 569 5347 567 5349 551 5348 567 5349 565 5350 551 5348 565 5350 553 5351 553 5351 565 5350 563 5352 553 5351 563 5352 559 5353 559 5353 563 5352 560 5354 560 5354 563 5352 561 5355 559 5353 555 5356 553 5351 415 5159 505 5161 417 5357 417 5357 505 5161 503 5358 417 5357 503 5358 419 5359 419 5359 503 5358 421 5360 421 5360 503 5358 423 5361 423 5361 503 5358 501 5362 423 5361 501 5362 425 5363 425 5363 501 5362 427 5364 427 5364 501 5362 429 5365 429 5365 501 5362 431 5366 431 5366 501 5362 499 5367 431 5366 499 5367 433 5368 433 5368 499 5367 435 5369 435 5369 499 5367 497 5370 435 5369 497 5370 437 5371 437 5371 497 5370 495 5372 437 5371 495 5372 439 5373 439 5373 495 5372 441 5374 441 5374 495 5372 493 5375 441 5374 493 5375 491 5376 441 5374 491 5376 443 5377 443 5377 491 5376 489 5378 443 5377 489 5378 445 5379 445 5379 489 5378 487 5380 445 5379 487 5380 485 5381 445 5379 485 5381 447 5382 447 5382 485 5381 483 5383 447 5382 483 5383 481 5384 447 5382 481 5384 449 5385 449 5385 481 5384 479 5386 449 5385 479 5386 477 5387 449 5385 477 5387 451 5388 451 5388 477 5387 475 5389 451 5388 475 5389 473 5390 451 5388 473 5390 453 5391 453 5391 473 5390 471 5392 453 5391 471 5392 469 5393 453 5391 469 5393 455 5394 455 5394 469 5393 467 5395 455 5394 467 5395 461 5396 461 5396 467 5395 462 5397 462 5397 467 5395 465 5398 462 5397 465 5398 463 5399 461 5396 457 5400 455 5394 411 5156 409 5401 47 5105 47 5105 409 5401 407 5402 47 5105 407 5402 48 5403 48 5403 407 5402 319 5404 48 5403 319 5404 317 5405 407 5402 405 5406 319 5404 319 5404 405 5406 321 5407 321 5407 405 5406 323 5408 323 5408 405 5406 403 5409 323 5408 403 5409 325 5410 325 5410 403 5409 327 5411 327 5411 403 5409 329 5412 329 5412 403 5409 331 5413 331 5413 403 5409 401 5414 331 5413 401 5414 333 5415 333 5415 401 5414 335 5416 335 5416 401 5414 337 5417 337 5417 401 5414 399 5418 337 5417 399 5418 339 5419 339 5419 399 5418 341 5420 341 5420 399 5418 343 5421 343 5421 399 5418 397 5422 343 5421 397 5422 345 5423 345 5423 397 5422 395 5424 345 5423 395 5424 347 5425 347 5425 395 5424 393 5426 347 5425 393 5426 349 5427 349 5427 393 5426 391 5428 349 5427 391 5428 389 5429 349 5427 389 5429 351 5430 351 5430 389 5429 387 5431 351 5430 387 5431 385 5432 351 5430 385 5432 353 5433 353 5433 385 5432 383 5434 353 5433 383 5434 381 5435 381 5435 379 5436 353 5433 353 5433 379 5436 355 5437 355 5437 379 5436 377 5438 355 5437 377 5438 375 5439 355 5437 375 5439 357 5440 357 5440 375 5439 373 5441 357 5440 373 5441 371 5442 357 5440 371 5442 363 5443 363 5443 371 5442 369 5444 363 5443 369 5444 364 5445 364 5445 369 5444 367 5446 364 5445 367 5446 365 5447 363 5443 359 5448 357 5440 317 5405 315 5449 48 5403 48 5403 315 5449 313 5450 48 5403 313 5450 311 5451 311 5451 309 5452 48 5403 48 5403 309 5452 307 5453 48 5403 307 5453 49 5454 49 5454 307 5453 221 5455 49 5454 221 5455 219 5456 305 5457 225 5458 307 5453 307 5453 225 5458 223 5459 307 5453 223 5459 221 5455 303 5460 229 5461 305 5457 305 5457 229 5461 227 5462 305 5457 227 5462 225 5458 301 5463 235 5464 303 5460 303 5460 235 5464 233 5465 303 5460 233 5465 231 5466 299 5467 239 5468 301 5463 301 5463 239 5468 237 5469 301 5463 237 5469 235 5464 297 5470 247 5471 299 5467 299 5467 247 5471 245 5472 299 5467 245 5472 243 5473 295 5474 251 5475 297 5470 297 5470 251 5475 249 5476 297 5470 249 5476 247 5471 251 5475 295 5474 253 5477 253 5477 295 5474 293 5478 253 5477 293 5478 291 5479 253 5477 291 5479 255 5480 255 5480 291 5479 289 5481 255 5480 289 5481 287 5482 255 5480 287 5482 257 5483 257 5483 287 5482 285 5484 257 5483 285 5484 283 5485 283 5485 281 5486 257 5483 257 5483 281 5486 279 5487 257 5483 279 5487 259 5488 259 5488 279 5487 277 5489 259 5488 277 5489 275 5490 259 5488 275 5490 265 5491 265 5491 275 5490 273 5492 265 5491 273 5492 271 5493 265 5491 271 5493 266 5494 266 5494 271 5493 269 5495 266 5494 269 5495 267 5496 265 5491 261 5497 259 5488 243 5473 241 5498 299 5467 299 5467 241 5498 239 5468 231 5466 229 5461 303 5460 219 5456 217 5499 49 5454 49 5454 217 5499 215 5500 49 5454 215 5500 213 5501 213 5501 211 5502 49 5454 49 5454 211 5502 50 5503 50 5503 211 5502 209 5504 50 5503 209 5504 51 5505 51 5505 209 5504 207 5506 51 5505 207 5506 52 5507 52 5507 207 5506 205 5508 52 5507 205 5508 155 5509 155 5509 205 5508 203 5510 155 5509 203 5510 201 5511 201 5511 199 5512 155 5509 155 5509 199 5512 197 5513 155 5509 197 5513 195 5514 195 5514 193 5515 155 5509 155 5509 193 5515 191 5516 155 5509 191 5516 157 5517 157 5517 191 5516 159 5518 159 5518 191 5516 189 5519 159 5518 189 5519 187 5520 187 5520 185 5521 159 5518 159 5518 185 5521 183 5522 159 5518 183 5522 181 5523 181 5523 179 5524 159 5518 159 5518 179 5524 177 5525 159 5518 177 5525 161 5526 161 5526 177 5525 167 5527 161 5526 167 5527 163 5528 177 5525 175 5529 167 5527 167 5527 175 5529 173 5530 167 5527 173 5530 168 5531 168 5531 173 5530 171 5532 168 5531 171 5532 169 5533 153 5534 97 5535 155 5509 155 5509 97 5535 96 5536 155 5509 96 5536 95 5537 152 5538 101 5539 153 5534 153 5534 101 5539 100 5540 153 5534 100 5540 99 5541 152 5538 151 5542 101 5539 101 5539 151 5542 102 5543 102 5543 151 5542 150 5544 102 5543 150 5544 149 5545 149 5545 148 5546 102 5543 102 5543 148 5546 103 5547 103 5547 148 5546 147 5548 103 5547 147 5548 104 5549 104 5549 147 5548 146 5550 104 5549 146 5550 105 5551 105 5551 146 5550 145 5552 105 5551 145 5552 106 5553 106 5553 145 5552 144 5554 106 5553 144 5554 107 5555 107 5555 144 5554 143 5556 107 5555 143 5556 81 5557 81 5557 143 5556 142 5558 81 5557 142 5558 82 5559 82 5559 142 5558 141 5560 82 5559 141 5560 83 5561 83 5561 141 5560 140 5562 83 5561 140 5562 84 5563 84 5563 140 5562 139 5564 84 5563 139 5564 85 5565 85 5565 139 5564 138 5566 85 5565 138 5566 86 5567 86 5567 138 5566 137 5568 86 5567 137 5568 87 5569 87 5569 137 5568 136 5570 87 5569 136 5570 135 5571 135 5571 134 5572 87 5569 87 5569 134 5572 88 5573 88 5573 134 5572 133 5574 88 5573 133 5574 111 5575 110 4422 92 5576 111 5575 111 5575 92 5576 91 5577 111 5575 91 5577 90 5578 99 5541 98 5579 153 5534 153 5534 98 5579 97 5535 95 5537 94 5580 155 5509 155 5509 94 5580 110 4422 155 5509 110 4422 27 5581 27 5581 110 4422 28 5582 28 5582 110 4422 29 4446 94 5580 93 5583 110 4422 110 4422 93 5583 92 5576 90 5578 89 5584 111 5575 111 5575 89 5584 88 5573 27 5581 53 5585 155 5509 155 5509 53 5585 52 5507 2328 5586 2330 5587 2296 5588 2296 5588 2330 5587 109 5589 2296 5588 109 5589 2294 5590 2294 5590 109 5589 2292 5591 2292 5591 109 5589 2290 5592 2290 5592 109 5589 2288 5593 2288 5593 109 5589 2286 5594 2286 5594 109 5589 2284 5595 2284 5595 109 5589 2282 5596 2282 5596 109 5589 25 5597 2282 5596 25 5597 2280 5598 2280 5598 25 5597 24 5599 2280 5598 24 5599 2278 5600 2278 5600 24 5599 23 5601 2278 5600 23 5601 2276 5602 2276 5602 23 5601 22 5603 2276 5602 22 5603 2274 5604 2274 5604 22 5603 2272 5605 2272 5605 22 5603 2270 5606 2270 5606 22 5603 2268 5607 2268 5607 22 5603 2266 5608 2266 5608 22 5603 2180 5609 2266 5608 2180 5609 2264 5610 2264 5610 2180 5609 2262 5611 2262 5611 2180 5609 2182 5612 2262 5611 2182 5612 2260 5613 2260 5613 2182 5612 2258 5614 2258 5614 2182 5612 2184 5615 2258 5614 2184 5615 2256 5616 2256 5616 2184 5615 2254 5617 2254 5617 2184 5615 2252 5618 2252 5618 2184 5615 2186 5619 2252 5618 2186 5619 2250 5620 2250 5620 2186 5619 2248 5621 2248 5621 2186 5619 2188 5622 2248 5621 2188 5622 2246 5623 2246 5623 2188 5622 2244 5624 2244 5624 2188 5622 2242 5625 2242 5625 2188 5622 2240 5626 2240 5626 2188 5622 2190 5627 2240 5626 2190 5627 2238 5628 2238 5628 2190 5627 2236 5629 2236 5629 2190 5627 2192 5630 2236 5629 2192 5630 2234 5631 2234 5631 2192 5630 2194 5632 2234 5631 2194 5632 2196 5633 108 5634 70 5635 109 5589 109 5589 70 5635 69 5636 109 5589 69 5636 68 5637 132 5638 74 5639 108 5634 108 5634 74 5639 73 5640 108 5634 73 5640 72 5641 132 5638 131 5642 74 5639 74 5639 131 5642 75 5643 75 5643 131 5642 130 5644 75 5643 130 5644 129 5645 129 5645 128 5646 75 5643 75 5643 128 5646 76 5647 76 5647 128 5646 127 5648 76 5647 127 5648 77 5649 77 5649 127 5648 126 5650 77 5649 126 5650 78 5651 78 5651 126 5650 125 5652 78 5651 125 5652 79 5653 79 5653 125 5652 124 5654 79 5653 124 5654 80 5655 80 5655 124 5654 123 5656 80 5655 123 5656 54 5657 54 5657 123 5656 122 5658 54 5657 122 5658 55 5659 55 5659 122 5658 121 5660 55 5659 121 5660 56 5661 56 5661 121 5660 120 5662 56 5661 120 5662 57 5663 57 5663 120 5662 119 5664 57 5663 119 5664 58 5665 58 5665 119 5664 118 5666 58 5665 118 5666 59 5667 59 5667 118 5666 117 5668 59 5667 117 5668 60 5669 60 5669 117 5668 116 5670 60 5669 116 5670 115 5671 115 5671 114 5672 60 5669 60 5669 114 5672 61 5673 61 5673 114 5672 113 5674 61 5673 113 5674 112 5675 154 5676 65 5677 112 5675 112 5675 65 5677 64 5678 112 5675 64 5678 63 5679 156 5680 190 5681 154 5676 154 5676 190 5681 192 5682 154 5676 192 5682 194 5683 156 5680 158 5684 190 5681 190 5681 158 5684 188 5685 188 5685 158 5684 186 5686 186 5686 158 5684 184 5687 184 5687 158 5684 182 5688 182 5688 158 5684 180 5689 180 5689 158 5684 178 5690 178 5690 158 5684 176 5691 176 5691 158 5684 160 5692 176 5691 160 5692 166 5693 166 5693 160 5692 162 5694 165 5695 172 5696 166 5693 166 5693 172 5696 174 5697 166 5693 174 5697 176 5691 164 5698 170 5699 165 5695 165 5695 170 5699 172 5696 194 5683 196 5700 154 5676 154 5676 196 5700 198 5701 154 5676 198 5701 200 5702 200 5702 202 5703 154 5676 154 5676 202 5703 204 5704 154 5676 204 5704 2 5705 2 5705 204 5704 206 5706 2 5705 206 5706 3 5707 3 5707 206 5706 208 5708 3 5707 208 5708 4 5709 4 5709 208 5708 210 5710 4 5709 210 5710 5 5711 5 5711 210 5710 212 5712 5 5711 212 5712 214 5713 214 5713 216 5714 5 5711 5 5711 216 5714 218 5715 5 5711 218 5715 220 5716 5 5711 220 5716 306 5717 306 5717 220 5716 222 5718 306 5717 222 5718 224 5719 306 5717 224 5719 304 5720 304 5720 224 5719 226 5721 304 5720 226 5721 228 5722 304 5720 228 5722 302 5723 302 5723 228 5722 230 5724 302 5723 230 5724 232 5725 232 5725 234 5726 302 5723 302 5723 234 5726 300 5727 300 5727 234 5726 236 5728 300 5727 236 5728 238 5729 300 5727 238 5729 298 5730 298 5730 238 5729 240 5731 298 5730 240 5731 242 5732 242 5732 244 5733 298 5730 298 5730 244 5733 246 5734 298 5730 246 5734 296 5735 296 5735 246 5734 248 5736 296 5735 248 5736 250 5737 296 5735 250 5737 294 5738 294 5738 250 5737 252 5739 294 5738 252 5739 292 5740 292 5740 252 5739 290 5741 290 5741 252 5739 254 5742 290 5741 254 5742 288 5743 288 5743 254 5742 286 5744 286 5744 254 5742 256 5745 286 5744 256 5745 284 5746 284 5746 256 5745 282 5747 282 5747 256 5745 280 5748 280 5748 256 5745 278 5749 278 5749 256 5745 258 5750 278 5749 258 5750 276 5751 276 5751 258 5750 274 5752 274 5752 258 5750 264 5753 274 5752 264 5753 272 5754 272 5754 264 5753 270 5755 270 5755 264 5753 263 5756 270 5755 263 5756 268 5757 268 5757 263 5756 262 5758 258 5750 260 5759 264 5753 5 5711 306 5717 6 5760 6 5760 306 5717 308 5761 6 5760 308 5761 310 5762 310 5762 312 5763 6 5760 6 5760 312 5763 314 5764 6 5760 314 5764 316 5765 316 5765 318 5766 6 5760 6 5760 318 5766 406 5767 6 5760 406 5767 7 5768 7 5768 406 5767 408 5769 7 5768 408 5769 410 5770 406 5767 318 5766 404 5771 404 5771 318 5766 320 5772 404 5771 320 5772 322 5773 404 5771 322 5773 402 5774 402 5774 322 5773 324 5775 402 5774 324 5775 326 5776 326 5776 328 5777 402 5774 402 5774 328 5777 330 5778 402 5774 330 5778 400 5779 400 5779 330 5778 332 5780 400 5779 332 5780 334 5781 334 5781 336 5782 400 5779 400 5779 336 5782 398 5783 398 5783 336 5782 338 5784 398 5783 338 5784 340 5785 340 5785 342 5786 398 5783 398 5783 342 5786 396 5787 396 5787 342 5786 344 5788 396 5787 344 5788 394 5789 394 5789 344 5788 346 5790 394 5789 346 5790 392 5791 392 5791 346 5790 348 5792 392 5791 348 5792 390 5793 390 5793 348 5792 388 5794 388 5794 348 5792 350 5795 388 5794 350 5795 386 5796 386 5796 350 5795 384 5797 384 5797 350 5795 352 5798 384 5797 352 5798 382 5799 382 5799 352 5798 380 5800 380 5800 352 5798 378 5801 378 5801 352 5798 354 5802 378 5801 354 5802 376 5803 376 5803 354 5802 374 5804 374 5804 354 5802 356 5805 374 5804 356 5805 372 5806 372 5806 356 5805 370 5807 370 5807 356 5805 362 5808 370 5807 362 5808 368 5809 368 5809 362 5808 361 5810 368 5809 361 5810 366 5811 366 5811 361 5810 360 5812 356 5805 358 5813 362 5808 412 5814 898 5815 410 5770 410 5770 898 5815 900 5816 410 5770 900 5816 7 5768 7 5768 900 5816 902 5817 7 5768 902 5817 904 5818 898 5815 412 5814 896 5819 896 5819 412 5814 414 5820 896 5819 414 5820 806 5821 806 5821 414 5820 504 5822 806 5821 504 5822 804 5823 804 5823 504 5822 506 5824 804 5823 506 5824 802 5825 802 5825 506 5824 508 5826 802 5825 508 5826 800 5827 800 5827 508 5826 510 5828 800 5827 510 5828 798 5829 798 5829 510 5828 512 5830 798 5829 512 5830 708 5831 708 5831 512 5830 602 5832 708 5831 602 5832 706 5833 706 5833 602 5832 604 5834 706 5833 604 5834 704 5835 704 5835 604 5834 606 5836 704 5835 606 5836 702 5837 702 5837 606 5836 700 5838 700 5838 606 5836 608 5839 700 5838 608 5839 610 5840 414 5820 416 5841 504 5822 504 5822 416 5841 502 5842 502 5842 416 5841 418 5843 502 5842 418 5843 420 5844 420 5844 422 5845 502 5842 502 5842 422 5845 500 5846 500 5846 422 5845 424 5847 500 5846 424 5847 426 5848 426 5848 428 5849 500 5846 500 5846 428 5849 430 5850 500 5846 430 5850 498 5851 498 5851 430 5850 432 5852 498 5851 432 5852 434 5853 498 5851 434 5853 496 5854 496 5854 434 5853 436 5855 496 5854 436 5855 494 5856 494 5856 436 5855 438 5857 494 5856 438 5857 440 5858 442 5859 490 5860 440 5858 440 5858 490 5860 492 5861 440 5858 492 5861 494 5856 490 5860 442 5859 488 5862 488 5862 442 5859 444 5863 488 5862 444 5863 486 5864 486 5864 444 5863 484 5865 484 5865 444 5863 446 5866 484 5865 446 5866 482 5867 482 5867 446 5866 480 5868 480 5868 446 5866 448 5869 480 5868 448 5869 478 5870 478 5870 448 5869 476 5871 476 5871 448 5869 450 5872 476 5871 450 5872 474 5873 474 5873 450 5872 472 5874 472 5874 450 5872 452 5875 472 5874 452 5875 470 5876 470 5876 452 5875 468 5877 468 5877 452 5875 454 5878 468 5877 454 5878 466 5879 466 5879 454 5878 460 5880 466 5879 460 5880 459 5881 454 5878 456 5882 460 5880 458 5883 464 5884 459 5881 459 5881 464 5884 466 5879 512 5830 514 5885 602 5832 602 5832 514 5885 600 5886 600 5886 514 5885 516 5887 600 5886 516 5887 518 5888 600 5886 518 5888 598 5889 598 5889 518 5888 520 5890 598 5889 520 5890 522 5891 598 5889 522 5891 596 5892 596 5892 522 5891 524 5893 596 5892 524 5893 526 5894 596 5892 526 5894 594 5895 594 5895 526 5894 528 5896 594 5895 528 5896 530 5897 594 5895 530 5897 592 5898 592 5898 530 5897 532 5899 592 5898 532 5899 590 5900 590 5900 532 5899 534 5901 590 5900 534 5901 588 5902 588 5902 534 5901 586 5903 586 5903 534 5901 536 5904 586 5903 536 5904 584 5905 584 5905 536 5904 538 5906 584 5905 538 5906 582 5907 582 5907 538 5906 580 5908 580 5908 538 5906 540 5909 580 5908 540 5909 578 5910 578 5910 540 5909 542 5911 578 5910 542 5911 576 5912 576 5912 542 5911 544 5913 576 5912 544 5913 574 5914 574 5914 544 5913 572 5915 572 5915 544 5913 546 5916 572 5915 546 5916 570 5917 570 5917 546 5916 548 5918 570 5917 548 5918 568 5919 568 5919 548 5918 550 5920 568 5919 550 5920 566 5921 566 5921 550 5920 564 5922 564 5922 550 5920 552 5923 564 5922 552 5923 562 5924 562 5924 552 5923 558 5925 562 5924 558 5925 557 5926 552 5923 554 5927 558 5925 557 5926 556 5928 562 5924 700 5838 610 5840 698 5929 698 5929 610 5840 612 5930 698 5929 612 5930 696 5931 696 5931 612 5930 614 5932 696 5931 614 5932 694 5933 694 5933 614 5932 616 5934 694 5933 616 5934 692 5935 692 5935 616 5934 618 5936 692 5935 618 5936 690 5937 690 5937 618 5936 620 5938 690 5937 620 5938 688 5939 688 5939 620 5938 622 5940 688 5939 622 5940 686 5941 686 5941 622 5940 624 5942 686 5941 624 5942 684 5943 684 5943 624 5942 626 5944 684 5943 626 5944 682 5945 682 5945 626 5944 628 5946 682 5945 628 5946 680 5947 680 5947 628 5946 630 5948 680 5947 630 5948 678 5949 678 5949 630 5948 632 5950 678 5949 632 5950 676 5951 676 5951 632 5950 634 5952 676 5951 634 5952 674 5953 674 5953 634 5952 636 5954 674 5953 636 5954 672 5955 672 5955 636 5954 638 5956 672 5955 638 5956 670 5957 670 5957 638 5956 640 5958 670 5957 640 5958 668 5959 668 5959 640 5958 642 5960 668 5959 642 5960 666 5961 666 5961 642 5960 644 5962 666 5961 644 5962 664 5963 664 5963 644 5962 646 5964 664 5963 646 5964 662 5965 662 5965 646 5964 648 5966 662 5965 648 5966 660 5967 660 5967 648 5966 650 5968 660 5967 650 5968 655 5969 655 5969 650 5968 656 5970 656 5970 650 5968 652 5971 655 5969 654 5972 660 5967 798 5829 708 5831 796 5973 796 5973 708 5831 710 5974 796 5973 710 5974 794 5975 794 5975 710 5974 792 5976 792 5976 710 5974 712 5977 792 5976 712 5977 790 5978 790 5978 712 5977 788 5979 788 5979 712 5977 714 5980 788 5979 714 5980 786 5981 786 5981 714 5980 784 5982 784 5982 714 5980 716 5983 784 5982 716 5983 782 5984 782 5984 716 5983 780 5985 780 5985 716 5983 718 5986 780 5985 718 5986 778 5987 778 5987 718 5986 720 5988 778 5987 720 5988 776 5989 776 5989 720 5988 722 5990 776 5989 722 5990 724 5991 776 5989 724 5991 774 5992 774 5992 724 5991 726 5993 774 5992 726 5993 772 5994 772 5994 726 5993 728 5995 772 5994 728 5995 730 5996 772 5994 730 5996 770 5997 770 5997 730 5996 732 5998 770 5997 732 5998 768 5999 768 5999 732 5998 734 6000 768 5999 734 6000 766 6001 766 6001 734 6000 736 6002 766 6001 736 6002 738 6003 766 6001 738 6003 764 6004 764 6004 738 6003 740 6005 764 6004 740 6005 762 6006 762 6006 740 6005 742 6007 762 6006 742 6007 760 6008 760 6008 742 6007 744 6009 760 6008 744 6009 746 6010 760 6008 746 6010 758 6011 758 6011 746 6010 748 6012 758 6011 748 6012 753 6013 753 6013 748 6012 754 6014 754 6014 748 6012 750 6015 753 6013 752 6016 758 6011 896 5819 806 5821 894 6017 894 6017 806 5821 808 6018 894 6017 808 6018 892 6019 892 6019 808 6018 890 6020 890 6020 808 6018 888 6021 888 6021 808 6018 810 6022 888 6021 810 6022 886 6023 886 6023 810 6022 884 6024 884 6024 810 6022 882 6025 882 6025 810 6022 880 6026 880 6026 810 6022 812 6027 880 6026 812 6027 878 6028 878 6028 812 6027 876 6029 876 6029 812 6027 814 6030 876 6029 814 6030 874 6031 874 6031 814 6030 816 6032 874 6031 816 6032 872 6033 872 6033 816 6032 870 6034 870 6034 816 6032 818 6035 870 6034 818 6035 820 6036 870 6034 820 6036 868 6037 868 6037 820 6036 822 6038 868 6037 822 6038 866 6039 866 6039 822 6038 824 6040 866 6039 824 6040 826 6041 866 6039 826 6041 864 6042 864 6042 826 6041 828 6043 864 6042 828 6043 830 6044 864 6042 830 6044 862 6045 862 6045 830 6044 832 6046 862 6045 832 6046 834 6047 862 6045 834 6047 860 6048 860 6048 834 6047 836 6049 860 6048 836 6049 838 6050 860 6048 838 6050 858 6051 858 6051 838 6050 840 6052 858 6051 840 6052 842 6053 858 6051 842 6053 856 6054 856 6054 842 6053 844 6055 856 6054 844 6055 851 6056 851 6056 844 6055 852 6057 852 6057 844 6055 846 6058 852 6057 846 6058 848 6059 851 6056 850 6060 856 6054 7 5768 904 5818 992 6061 992 6061 904 5818 906 6062 992 6061 906 6062 990 6063 990 6063 906 6062 988 6064 988 6064 906 6062 908 6065 988 6064 908 6065 986 6066 986 6066 908 6065 984 6067 984 6067 908 6065 982 6068 982 6068 908 6065 980 6069 980 6069 908 6065 910 6070 980 6069 910 6070 978 6071 978 6071 910 6070 976 6072 976 6072 910 6070 974 6073 974 6073 910 6070 912 6074 974 6073 912 6074 972 6075 972 6075 912 6074 970 6076 970 6076 912 6074 968 6077 968 6077 912 6074 914 6078 968 6077 914 6078 966 6079 966 6079 914 6078 916 6080 966 6079 916 6080 964 6081 964 6081 916 6080 918 6082 964 6081 918 6082 962 6083 962 6083 918 6082 920 6084 962 6083 920 6084 922 6085 962 6083 922 6085 960 6086 960 6086 922 6085 924 6087 960 6086 924 6087 926 6088 960 6086 926 6088 958 6089 958 6089 926 6088 928 6090 958 6089 928 6090 930 6091 930 6091 932 6092 958 6089 958 6089 932 6092 956 6093 956 6093 932 6092 934 6094 956 6093 934 6094 936 6095 956 6093 936 6095 954 6096 954 6096 936 6095 938 6097 954 6096 938 6097 940 6098 954 6096 940 6098 949 6099 949 6099 940 6098 942 6100 949 6099 942 6100 950 6101 950 6101 942 6100 944 6102 950 6101 944 6102 946 6103 949 6099 948 6104 954 6096 992 6061 994 6105 7 5768 7 5768 994 6105 996 6106 7 5768 996 6106 998 6107 998 6107 1000 6108 7 5768 7 5768 1000 6108 8 6109 8 6109 1000 6108 1002 6110 8 6109 1002 6110 1004 6111 1006 6112 1086 6113 1004 6111 1004 6111 1086 6113 1088 6114 1004 6111 1088 6114 1090 6115 1008 6116 1082 6117 1006 6112 1006 6112 1082 6117 1084 6118 1006 6112 1084 6118 1086 6113 1010 6119 1076 6120 1008 6116 1008 6116 1076 6120 1078 6121 1008 6116 1078 6121 1080 6122 1012 6123 1072 6124 1010 6119 1010 6119 1072 6124 1074 6125 1010 6119 1074 6125 1076 6120 1014 6126 1064 6127 1012 6123 1012 6123 1064 6127 1066 6128 1012 6123 1066 6128 1068 6129 1016 6130 1060 6131 1014 6126 1014 6126 1060 6131 1062 6132 1014 6126 1062 6132 1064 6127 1060 6131 1016 6130 1058 6133 1058 6133 1016 6130 1018 6134 1058 6133 1018 6134 1020 6135 1058 6133 1020 6135 1056 6136 1056 6136 1020 6135 1022 6137 1056 6136 1022 6137 1024 6138 1056 6136 1024 6138 1054 6139 1054 6139 1024 6138 1026 6140 1054 6139 1026 6140 1028 6141 1028 6141 1030 6142 1054 6139 1054 6139 1030 6142 1032 6143 1054 6139 1032 6143 1052 6144 1052 6144 1032 6143 1034 6145 1052 6144 1034 6145 1036 6146 1052 6144 1036 6146 1047 6147 1047 6147 1036 6146 1038 6148 1047 6147 1038 6148 1040 6149 1047 6147 1040 6149 1048 6150 1048 6150 1040 6149 1042 6151 1048 6150 1042 6151 1044 6152 1047 6147 1046 6153 1052 6144 1068 6129 1070 6154 1012 6123 1012 6123 1070 6154 1072 6124 1080 6122 1082 6117 1008 6116 1004 6111 1090 6115 8 6109 8 6109 1090 6115 1092 6155 8 6109 1092 6155 9 6156 9 6156 1092 6155 1094 6157 9 6156 1094 6157 1096 6158 1096 6158 1098 6159 9 6156 9 6156 1098 6159 1100 6160 9 6156 1100 6160 1102 6161 1104 6162 1186 6163 1102 6161 1102 6161 1186 6163 10 6164 1102 6161 10 6164 9 6156 1186 6163 1104 6162 1184 6165 1184 6165 1104 6162 1106 6166 1184 6165 1106 6166 1182 6167 1182 6167 1106 6166 1180 6168 1180 6168 1106 6166 1108 6169 1180 6168 1108 6169 1178 6170 1178 6170 1108 6169 1176 6171 1176 6171 1108 6169 1110 6172 1176 6171 1110 6172 1174 6173 1174 6173 1110 6172 1172 6174 1172 6174 1110 6172 1112 6175 1172 6174 1112 6175 1170 6176 1170 6176 1112 6175 1114 6177 1170 6176 1114 6177 1168 6178 1168 6178 1114 6177 1166 6179 1166 6179 1114 6177 1164 6180 1164 6180 1114 6177 1162 6181 1162 6181 1114 6177 1160 6182 1160 6182 1114 6177 1116 6183 1160 6182 1116 6183 1158 6184 1158 6184 1116 6183 1156 6185 1156 6185 1116 6183 1118 6186 1156 6185 1118 6186 1154 6187 1154 6187 1118 6186 1120 6188 1154 6187 1120 6188 1152 6189 1152 6189 1120 6188 1122 6190 1152 6189 1122 6190 1124 6191 1124 6191 1126 6192 1152 6189 1152 6189 1126 6192 1128 6193 1152 6189 1128 6193 1130 6194 1130 6194 1132 6195 1152 6189 1152 6189 1132 6195 1134 6196 1152 6189 1134 6196 1150 6197 1150 6197 1134 6196 1145 6198 1150 6197 1145 6198 1144 6199 1134 6196 1136 6200 1145 6198 1145 6198 1136 6200 1138 6201 1145 6198 1138 6201 1146 6202 1146 6202 1138 6201 1140 6203 1146 6202 1140 6203 1142 6204 1186 6163 1188 6205 10 6164 10 6164 1188 6205 11 6206 11 6206 1188 6205 1190 6207 11 6206 1190 6207 1192 6208 1192 6208 1194 6209 11 6206 11 6206 1194 6209 12 6210 12 6210 1194 6209 1196 6211 12 6210 1196 6211 1198 6212 1198 6212 1200 6213 12 6210 12 6210 1200 6213 13 6214 13 6214 1200 6213 1202 6215 13 6214 1202 6215 14 6216 14 6216 1202 6215 1284 6217 14 6216 1284 6217 1286 6218 1284 6217 1202 6215 1282 6219 1282 6219 1202 6215 1204 6220 1282 6219 1204 6220 1280 6221 1280 6221 1204 6220 1206 6222 1280 6221 1206 6222 1278 6223 1278 6223 1206 6222 1208 6224 1278 6223 1208 6224 1276 6225 1276 6225 1208 6224 1210 6226 1276 6225 1210 6226 1274 6227 1274 6227 1210 6226 1212 6228 1274 6227 1212 6228 1272 6229 1272 6229 1212 6228 1214 6230 1272 6229 1214 6230 1270 6231 1270 6231 1214 6230 1216 6232 1270 6231 1216 6232 1268 6233 1268 6233 1216 6232 1218 6234 1268 6233 1218 6234 1266 6235 1266 6235 1218 6234 1264 6236 1264 6236 1218 6234 1262 6237 1262 6237 1218 6234 1260 6238 1260 6238 1218 6234 1226 6239 1260 6238 1226 6239 1258 6240 1258 6240 1226 6239 1228 6241 1258 6240 1228 6241 1256 6242 1256 6242 1228 6241 1230 6243 1256 6242 1230 6243 1254 6244 1254 6244 1230 6243 1232 6245 1254 6244 1232 6245 1252 6246 1252 6246 1232 6245 1234 6247 1252 6246 1234 6247 1250 6248 1250 6248 1234 6247 1236 6249 1250 6248 1236 6249 1243 6250 1243 6250 1236 6249 1244 6251 1244 6251 1236 6249 1238 6252 1244 6251 1238 6252 1240 6253 1218 6234 1220 6254 1226 6239 1226 6239 1220 6254 1224 6255 1224 6255 1220 6254 1222 6256 1242 6257 1248 6258 1243 6250 1243 6250 1248 6258 1250 6248 14 6216 1286 6218 15 6259 15 6259 1286 6218 1288 6260 15 6259 1288 6260 1290 6261 1290 6261 1292 6262 15 6259 15 6259 1292 6262 16 6263 16 6263 1292 6262 1294 6264 16 6263 1294 6264 1296 6265 1296 6265 1298 6266 16 6263 16 6263 1298 6266 17 6267 17 6267 1298 6266 1300 6268 17 6267 1300 6268 1384 6269 1384 6269 1300 6268 1382 6270 1382 6270 1300 6268 1302 6271 1382 6270 1302 6271 1380 6272 1380 6272 1302 6271 1304 6273 1380 6272 1304 6273 1306 6274 1380 6272 1306 6274 1378 6275 1378 6275 1306 6274 1308 6276 1378 6275 1308 6276 1310 6277 1378 6275 1310 6277 1376 6278 1376 6278 1310 6277 1312 6279 1376 6278 1312 6279 1314 6280 1376 6278 1314 6280 1374 6281 1374 6281 1314 6280 1316 6282 1374 6281 1316 6282 1372 6283 1372 6283 1316 6282 1318 6284 1372 6283 1318 6284 1320 6285 1320 6285 1322 6286 1372 6283 1372 6283 1322 6286 1324 6287 1372 6283 1324 6287 1326 6288 1372 6283 1326 6288 1370 6289 1370 6289 1326 6288 1328 6290 1370 6289 1328 6290 1330 6291 1370 6289 1330 6291 1368 6292 1368 6292 1330 6291 1332 6293 1368 6292 1332 6293 1366 6294 1366 6294 1332 6293 1334 6295 1366 6294 1334 6295 1364 6296 1364 6296 1334 6295 1362 6297 1362 6297 1334 6295 1360 6298 1360 6298 1334 6295 1358 6299 1358 6299 1334 6295 1356 6300 1356 6300 1334 6295 1354 6301 1354 6301 1334 6295 1352 6302 1352 6302 1334 6295 1336 6303 1352 6302 1336 6303 1342 6304 1342 6304 1336 6303 1338 6305 1341 6306 1348 6307 1342 6304 1342 6304 1348 6307 1350 6308 1342 6304 1350 6308 1352 6302 1340 6309 1346 6310 1341 6306 1341 6306 1346 6310 1348 6307 17 6267 1384 6269 18 6311 18 6311 1384 6269 1386 6312 18 6311 1386 6312 1388 6313 1388 6313 1390 6314 18 6311 18 6311 1390 6314 1392 6315 18 6311 1392 6315 1394 6316 18 6311 1394 6316 19 6317 19 6317 1394 6316 1396 6318 19 6317 1396 6318 1482 6319 1482 6319 1396 6318 1398 6320 1482 6319 1398 6320 1400 6321 1482 6319 1400 6321 1480 6322 1480 6322 1400 6321 1402 6323 1480 6322 1402 6323 1404 6324 1480 6322 1404 6324 1478 6325 1478 6325 1404 6324 1406 6326 1478 6325 1406 6326 1408 6327 1408 6327 1410 6328 1478 6325 1478 6325 1410 6328 1476 6329 1476 6329 1410 6328 1412 6330 1476 6329 1412 6330 1414 6331 1476 6329 1414 6331 1474 6332 1474 6332 1414 6331 1416 6333 1474 6332 1416 6333 1418 6334 1418 6334 1420 6335 1474 6332 1474 6332 1420 6335 1422 6336 1474 6332 1422 6336 1472 6337 1472 6337 1422 6336 1424 6338 1472 6337 1424 6338 1426 6339 1472 6337 1426 6339 1470 6340 1470 6340 1426 6339 1428 6341 1470 6340 1428 6341 1468 6342 1468 6342 1428 6341 1466 6343 1466 6343 1428 6341 1430 6344 1466 6343 1430 6344 1464 6345 1464 6345 1430 6344 1462 6346 1462 6346 1430 6344 1432 6347 1462 6346 1432 6347 1460 6348 1460 6348 1432 6347 1458 6349 1458 6349 1432 6347 1456 6350 1456 6350 1432 6347 1454 6351 1454 6351 1432 6347 1434 6352 1454 6351 1434 6352 1452 6353 1452 6353 1434 6352 1450 6354 1450 6354 1434 6352 1440 6355 1450 6354 1440 6355 1448 6356 1448 6356 1440 6355 1446 6357 1446 6357 1440 6355 1439 6358 1446 6357 1439 6358 1444 6359 1444 6359 1439 6358 1438 6360 1434 6352 1436 6361 1440 6355 1482 6319 1484 6362 19 6317 19 6317 1484 6362 1486 6363 19 6317 1486 6363 20 6364 20 6364 1486 6363 1488 6365 20 6364 1488 6365 1490 6366 1490 6366 1492 6367 20 6364 20 6364 1492 6367 1494 6368 20 6364 1494 6368 1582 6369 1582 6369 1494 6368 1580 6370 1580 6370 1494 6368 1496 6371 1580 6370 1496 6371 1498 6372 1580 6370 1498 6372 1578 6373 1578 6373 1498 6372 1500 6374 1578 6373 1500 6374 1502 6375 1502 6375 1504 6376 1578 6373 1578 6373 1504 6376 1506 6377 1578 6373 1506 6377 1576 6378 1576 6378 1506 6377 1508 6379 1576 6378 1508 6379 1510 6380 1510 6380 1512 6381 1576 6378 1576 6378 1512 6381 1574 6382 1574 6382 1512 6381 1514 6383 1574 6382 1514 6383 1516 6384 1516 6384 1518 6385 1574 6382 1574 6382 1518 6385 1572 6386 1572 6386 1518 6385 1520 6387 1572 6386 1520 6387 1570 6388 1570 6388 1520 6387 1522 6389 1570 6388 1522 6389 1568 6390 1568 6390 1522 6389 1524 6391 1568 6390 1524 6391 1566 6392 1566 6392 1524 6391 1564 6393 1564 6393 1524 6391 1526 6394 1564 6393 1526 6394 1562 6395 1562 6395 1526 6394 1560 6396 1560 6396 1526 6394 1528 6397 1560 6396 1528 6397 1558 6398 1558 6398 1528 6397 1556 6399 1556 6399 1528 6397 1554 6400 1554 6400 1528 6397 1530 6401 1554 6400 1530 6401 1552 6402 1552 6402 1530 6401 1550 6403 1550 6403 1530 6401 1532 6404 1550 6403 1532 6404 1548 6405 1548 6405 1532 6404 1546 6406 1546 6406 1532 6404 1538 6407 1546 6406 1538 6407 1544 6408 1544 6408 1538 6407 1537 6409 1544 6408 1537 6409 1542 6410 1542 6410 1537 6409 1536 6411 1532 6404 1534 6412 1538 6407 1582 6369 1584 6413 20 6364 20 6364 1584 6413 1586 6414 20 6364 1586 6414 2076 6415 2076 6415 1586 6414 2074 6416 2074 6416 1586 6414 1588 6417 2074 6416 1588 6417 2072 6418 2072 6418 1588 6417 1590 6419 2072 6418 1590 6419 1982 6420 1982 6420 1590 6419 1680 6421 1982 6420 1680 6421 1980 6422 1980 6422 1680 6421 1682 6423 1980 6422 1682 6423 1978 6424 1978 6424 1682 6423 1684 6425 1978 6424 1684 6425 1976 6426 1976 6426 1684 6425 1686 6427 1976 6426 1686 6427 1974 6428 1974 6428 1686 6427 1688 6429 1974 6428 1688 6429 1884 6430 1884 6430 1688 6429 1778 6431 1884 6430 1778 6431 1882 6432 1882 6432 1778 6431 1780 6433 1882 6432 1780 6433 1880 6434 1880 6434 1780 6433 1782 6435 1880 6434 1782 6435 1878 6436 1878 6436 1782 6435 1876 6437 1876 6437 1782 6435 1784 6438 1876 6437 1784 6438 1786 6439 1590 6419 1592 6440 1680 6421 1680 6421 1592 6440 1678 6441 1678 6441 1592 6440 1594 6442 1678 6441 1594 6442 1596 6443 1596 6443 1598 6444 1678 6441 1678 6441 1598 6444 1676 6445 1676 6445 1598 6444 1600 6446 1676 6445 1600 6446 1602 6447 1602 6447 1604 6448 1676 6445 1676 6445 1604 6448 1606 6449 1676 6445 1606 6449 1674 6450 1674 6450 1606 6449 1608 6451 1674 6450 1608 6451 1610 6452 1674 6450 1610 6452 1672 6453 1672 6453 1610 6452 1612 6454 1672 6453 1612 6454 1670 6455 1670 6455 1612 6454 1614 6456 1670 6455 1614 6456 1616 6457 1618 6458 1666 6459 1616 6457 1616 6457 1666 6459 1668 6460 1616 6457 1668 6460 1670 6455 1666 6459 1618 6458 1664 6461 1664 6461 1618 6458 1620 6462 1664 6461 1620 6462 1662 6463 1662 6463 1620 6462 1660 6464 1660 6464 1620 6462 1622 6465 1660 6464 1622 6465 1658 6466 1658 6466 1622 6465 1656 6467 1656 6467 1622 6465 1624 6468 1656 6467 1624 6468 1654 6469 1654 6469 1624 6468 1652 6470 1652 6470 1624 6468 1626 6471 1652 6470 1626 6471 1650 6472 1650 6472 1626 6471 1648 6473 1648 6473 1626 6471 1628 6474 1648 6473 1628 6474 1646 6475 1646 6475 1628 6474 1644 6476 1644 6476 1628 6474 1630 6477 1644 6476 1630 6477 1642 6478 1642 6478 1630 6477 1636 6479 1642 6478 1636 6479 1635 6480 1630 6477 1632 6481 1636 6479 1634 6482 1640 6483 1635 6480 1635 6480 1640 6483 1642 6478 1688 6429 1690 6484 1778 6431 1778 6431 1690 6484 1776 6485 1776 6485 1690 6484 1692 6486 1776 6485 1692 6486 1694 6487 1776 6485 1694 6487 1774 6488 1774 6488 1694 6487 1696 6489 1774 6488 1696 6489 1698 6490 1774 6488 1698 6490 1772 6491 1772 6491 1698 6490 1700 6492 1772 6491 1700 6492 1702 6493 1772 6491 1702 6493 1770 6494 1770 6494 1702 6493 1704 6495 1770 6494 1704 6495 1706 6496 1770 6494 1706 6496 1768 6497 1768 6497 1706 6496 1708 6498 1768 6497 1708 6498 1766 6499 1766 6499 1708 6498 1710 6500 1766 6499 1710 6500 1764 6501 1764 6501 1710 6500 1762 6502 1762 6502 1710 6500 1712 6503 1762 6502 1712 6503 1760 6504 1760 6504 1712 6503 1714 6505 1760 6504 1714 6505 1758 6506 1758 6506 1714 6505 1756 6507 1756 6507 1714 6505 1716 6508 1756 6507 1716 6508 1754 6509 1754 6509 1716 6508 1718 6510 1754 6509 1718 6510 1752 6511 1752 6511 1718 6510 1720 6512 1752 6511 1720 6512 1750 6513 1750 6513 1720 6512 1748 6514 1748 6514 1720 6512 1722 6515 1748 6514 1722 6515 1746 6516 1746 6516 1722 6515 1724 6517 1746 6516 1724 6517 1744 6518 1744 6518 1724 6517 1726 6519 1744 6518 1726 6519 1742 6520 1742 6520 1726 6519 1740 6521 1740 6521 1726 6519 1728 6522 1740 6521 1728 6522 1738 6523 1738 6523 1728 6522 1734 6524 1738 6523 1734 6524 1733 6525 1728 6522 1730 6526 1734 6524 1733 6525 1732 6527 1738 6523 1876 6437 1786 6439 1874 6528 1874 6528 1786 6439 1788 6529 1874 6528 1788 6529 1872 6530 1872 6530 1788 6529 1790 6531 1872 6530 1790 6531 1870 6532 1870 6532 1790 6531 1792 6533 1870 6532 1792 6533 1868 6534 1868 6534 1792 6533 1794 6535 1868 6534 1794 6535 1866 6536 1866 6536 1794 6535 1796 6537 1866 6536 1796 6537 1864 6538 1864 6538 1796 6537 1798 6539 1864 6538 1798 6539 1862 6540 1862 6540 1798 6539 1800 6541 1862 6540 1800 6541 1860 6542 1860 6542 1800 6541 1802 6543 1860 6542 1802 6543 1858 6544 1858 6544 1802 6543 1804 6545 1858 6544 1804 6545 1856 6546 1856 6546 1804 6545 1806 6547 1856 6546 1806 6547 1854 6548 1854 6548 1806 6547 1808 6549 1854 6548 1808 6549 1852 6550 1852 6550 1808 6549 1810 6551 1852 6550 1810 6551 1850 6552 1850 6552 1810 6551 1812 6553 1850 6552 1812 6553 1848 6554 1848 6554 1812 6553 1814 6555 1848 6554 1814 6555 1846 6556 1846 6556 1814 6555 1816 6557 1846 6556 1816 6557 1844 6558 1844 6558 1816 6557 1818 6559 1844 6558 1818 6559 1842 6560 1842 6560 1818 6559 1820 6561 1842 6560 1820 6561 1840 6562 1840 6562 1820 6561 1822 6563 1840 6562 1822 6563 1838 6564 1838 6564 1822 6563 1824 6565 1838 6564 1824 6565 1836 6566 1836 6566 1824 6565 1826 6567 1836 6566 1826 6567 1831 6568 1831 6568 1826 6567 1832 6569 1832 6569 1826 6567 1828 6570 1831 6568 1830 6571 1836 6566 1974 6428 1884 6430 1972 6572 1972 6572 1884 6430 1886 6573 1972 6572 1886 6573 1970 6574 1970 6574 1886 6573 1968 6575 1968 6575 1886 6573 1888 6576 1968 6575 1888 6576 1966 6577 1966 6577 1888 6576 1964 6578 1964 6578 1888 6576 1890 6579 1964 6578 1890 6579 1962 6580 1962 6580 1890 6579 1960 6581 1960 6581 1890 6579 1892 6582 1960 6581 1892 6582 1958 6583 1958 6583 1892 6582 1956 6584 1956 6584 1892 6582 1894 6585 1956 6584 1894 6585 1954 6586 1954 6586 1894 6585 1896 6587 1954 6586 1896 6587 1952 6588 1952 6588 1896 6587 1898 6589 1952 6588 1898 6589 1900 6590 1952 6588 1900 6590 1950 6591 1950 6591 1900 6590 1902 6592 1950 6591 1902 6592 1948 6593 1948 6593 1902 6592 1904 6594 1948 6593 1904 6594 1906 6595 1948 6593 1906 6595 1946 6596 1946 6596 1906 6595 1908 6597 1946 6596 1908 6597 1944 6598 1944 6598 1908 6597 1910 6599 1944 6598 1910 6599 1942 6600 1942 6600 1910 6599 1912 6601 1942 6600 1912 6601 1914 6602 1942 6600 1914 6602 1940 6603 1940 6603 1914 6602 1916 6604 1940 6603 1916 6604 1938 6605 1938 6605 1916 6604 1918 6606 1938 6605 1918 6606 1936 6607 1936 6607 1918 6606 1920 6608 1936 6607 1920 6608 1922 6609 1936 6607 1922 6609 1934 6610 1934 6610 1922 6609 1924 6611 1934 6610 1924 6611 1929 6612 1929 6612 1924 6611 1930 6613 1930 6613 1924 6611 1926 6614 1929 6612 1928 6615 1934 6610 2072 6418 1982 6420 2070 6616 2070 6616 1982 6420 1984 6617 2070 6616 1984 6617 2068 6618 2068 6618 1984 6617 2066 6619 2066 6619 1984 6617 2064 6620 2064 6620 1984 6617 1986 6621 2064 6620 1986 6621 2062 6622 2062 6622 1986 6621 2060 6623 2060 6623 1986 6621 2058 6624 2058 6624 1986 6621 2056 6625 2056 6625 1986 6621 1988 6626 2056 6625 1988 6626 2054 6627 2054 6627 1988 6626 2052 6628 2052 6628 1988 6626 1990 6629 2052 6628 1990 6629 2050 6630 2050 6630 1990 6629 1992 6631 2050 6630 1992 6631 2048 6632 2048 6632 1992 6631 2046 6633 2046 6633 1992 6631 1994 6634 2046 6633 1994 6634 1996 6635 2046 6633 1996 6635 2044 6636 2044 6636 1996 6635 1998 6637 2044 6636 1998 6637 2042 6638 2042 6638 1998 6637 2000 6639 2042 6638 2000 6639 2002 6640 2042 6638 2002 6640 2040 6641 2040 6641 2002 6640 2004 6642 2040 6641 2004 6642 2006 6643 2040 6641 2006 6643 2038 6644 2038 6644 2006 6643 2008 6645 2038 6644 2008 6645 2010 6646 2038 6644 2010 6646 2036 6647 2036 6647 2010 6646 2012 6648 2036 6647 2012 6648 2014 6649 2036 6647 2014 6649 2034 6650 2034 6650 2014 6649 2016 6651 2034 6650 2016 6651 2018 6652 2034 6650 2018 6652 2032 6653 2032 6653 2018 6652 2020 6654 2032 6653 2020 6654 2027 6655 2027 6655 2020 6654 2028 6656 2028 6656 2020 6654 2022 6657 2028 6656 2022 6657 2024 6658 2027 6655 2026 6659 2032 6653 2076 6415 2078 6660 20 6364 20 6364 2078 6660 2080 6661 20 6364 2080 6661 21 6662 21 6662 2080 6661 2168 6663 21 6662 2168 6663 2170 6664 2080 6661 2082 6665 2168 6663 2168 6663 2082 6665 2166 6666 2166 6666 2082 6665 2164 6667 2164 6667 2082 6665 2084 6668 2164 6667 2084 6668 2162 6669 2162 6669 2084 6668 2160 6670 2160 6670 2084 6668 2158 6671 2158 6671 2084 6668 2156 6672 2156 6672 2084 6668 2086 6673 2156 6672 2086 6673 2154 6674 2154 6674 2086 6673 2152 6675 2152 6675 2086 6673 2150 6676 2150 6676 2086 6673 2088 6677 2150 6676 2088 6677 2148 6678 2148 6678 2088 6677 2146 6679 2146 6679 2088 6677 2144 6680 2144 6680 2088 6677 2090 6681 2144 6680 2090 6681 2142 6682 2142 6682 2090 6681 2092 6683 2142 6682 2092 6683 2140 6684 2140 6684 2092 6683 2094 6685 2140 6684 2094 6685 2138 6686 2138 6686 2094 6685 2096 6687 2138 6686 2096 6687 2098 6688 2138 6686 2098 6688 2136 6689 2136 6689 2098 6688 2100 6690 2136 6689 2100 6690 2102 6691 2136 6689 2102 6691 2134 6692 2134 6692 2102 6691 2104 6693 2134 6692 2104 6693 2106 6694 2106 6694 2108 6695 2134 6692 2134 6692 2108 6695 2132 6696 2132 6696 2108 6695 2110 6697 2132 6696 2110 6697 2112 6698 2132 6696 2112 6698 2130 6699 2130 6699 2112 6698 2114 6700 2130 6699 2114 6700 2116 6701 2130 6699 2116 6701 2125 6702 2125 6702 2116 6701 2118 6703 2125 6702 2118 6703 2126 6704 2126 6704 2118 6703 2120 6705 2126 6704 2120 6705 2122 6706 2125 6702 2124 6707 2130 6699 2170 6664 2172 6708 21 6662 21 6662 2172 6708 2174 6709 21 6662 2174 6709 2176 6710 2176 6710 2178 6711 21 6662 21 6662 2178 6711 2180 5609 21 6662 2180 5609 22 5603 2234 5631 2196 5633 2232 6712 2232 6712 2196 5633 2198 6713 2232 6712 2198 6713 2200 6714 2232 6712 2200 6714 2230 6715 2230 6715 2200 6714 2202 6716 2230 6715 2202 6716 2204 6717 2204 6717 2206 6718 2230 6715 2230 6715 2206 6718 2208 6719 2230 6715 2208 6719 2228 6720 2228 6720 2208 6719 2210 6721 2228 6720 2210 6721 2212 6722 2228 6720 2212 6722 2223 6723 2223 6723 2212 6722 2214 6724 2223 6723 2214 6724 2216 6725 2223 6723 2216 6725 2224 6726 2224 6726 2216 6725 2218 6727 2224 6726 2218 6727 2220 6728 2223 6723 2222 6729 2228 6720 2296 5588 2298 6730 2328 5586 2328 5586 2298 6730 2300 6731 2328 5586 2300 6731 2302 6732 2302 6732 2304 6733 2328 5586 2328 5586 2304 6733 2306 6734 2328 5586 2306 6734 2308 6735 2308 6735 2310 6736 2328 5586 2328 5586 2310 6736 2326 6737 2326 6737 2310 6736 2321 6738 2326 6737 2321 6738 2320 6739 2310 6736 2312 6740 2321 6738 2321 6738 2312 6740 2314 6741 2321 6738 2314 6741 2322 6742 2322 6742 2314 6741 2316 6743 2322 6742 2316 6743 2318 6744 72 5641 71 6745 108 5634 108 5634 71 6745 70 5635 109 5589 68 5637 154 5676 154 5676 68 5637 67 6746 154 5676 67 6746 66 6747 66 6747 65 5677 154 5676 63 5679 62 6748 112 5675 112 5675 62 6748 61 5673 26 6749 109 5589 0 6750 0 6750 109 5589 154 5676 0 6750 154 5676 1 6751 1 6751 154 5676 2 5705 26 6749 25 5597 109 5589 2333 6752 2385 6753 2332 6754 2332 6754 2385 6753 2359 6755 2332 6754 2359 6755 2358 6756 2358 6756 2359 6755 2360 6757 2358 6756 2360 6757 2357 6758 2357 6758 2360 6757 2361 6759 2357 6758 2361 6759 2356 6760 2356 6760 2361 6759 2362 6761 2356 6760 2362 6761 2355 6762 2355 6762 2362 6761 2363 6763 2355 6762 2363 6763 2354 6764 2354 6764 2363 6763 2364 6765 2354 6764 2364 6765 2353 6766 2353 6766 2364 6765 2365 6767 2353 6766 2365 6767 2352 6768 2352 6768 2365 6767 2366 6769 2352 6768 2366 6769 2351 6770 2351 6770 2366 6769 2367 6771 2351 6770 2367 6771 2350 6772 2350 6772 2367 6771 2368 6773 2350 6772 2368 6773 2349 6774 2349 6774 2368 6773 2369 6775 2349 6774 2369 6775 2348 6776 2348 6776 2369 6775 2370 6777 2348 6776 2370 6777 2347 6778 2347 6778 2370 6777 2371 6779 2347 6778 2371 6779 2346 6780 2346 6780 2371 6779 2372 6781 2346 6780 2372 6781 2345 6782 2345 6782 2372 6781 2373 6783 2345 6782 2373 6783 2344 6784 2344 6784 2373 6783 2374 6785 2344 6784 2374 6785 2343 6786 2343 6786 2374 6785 2375 6787 2343 6786 2375 6787 2342 6788 2342 6788 2375 6787 2376 6789 2342 6788 2376 6789 2341 6790 2341 6790 2376 6789 2377 6791 2341 6790 2377 6791 2340 6792 2340 6792 2377 6791 2378 6793 2340 6792 2378 6793 2339 6794 2339 6794 2378 6793 2379 6795 2339 6794 2379 6795 2338 6796 2338 6796 2379 6795 2380 6797 2338 6796 2380 6797 2337 6798 2337 6798 2380 6797 2381 6799 2337 6798 2381 6799 2336 6800 2336 6800 2381 6799 2382 6801 2336 6800 2382 6801 2335 6802 2335 6802 2382 6801 2383 6803 2335 6802 2383 6803 2334 6804 2334 6804 2383 6803 2384 6805 2334 6804 2384 6805 2333 6752 2333 6752 2384 6805 2385 6753 2387 6806 2439 6807 2386 6808 2386 6808 2439 6807 2413 6809 2386 6808 2413 6809 2412 6810 2412 6810 2413 6809 2414 6811 2412 6810 2414 6811 2411 6812 2411 6812 2414 6811 2415 6813 2411 6812 2415 6813 2410 6814 2410 6814 2415 6813 2416 6815 2410 6814 2416 6815 2409 6816 2409 6816 2416 6815 2417 6817 2409 6816 2417 6817 2408 6818 2408 6818 2417 6817 2418 6819 2408 6818 2418 6819 2407 6820 2407 6820 2418 6819 2419 6821 2407 6820 2419 6821 2406 6822 2406 6822 2419 6821 2420 6823 2406 6822 2420 6823 2405 6824 2405 6824 2420 6823 2421 6825 2405 6824 2421 6825 2404 6826 2404 6826 2421 6825 2422 6827 2404 6826 2422 6827 2403 6828 2403 6828 2422 6827 2423 6829 2403 6828 2423 6829 2402 6830 2402 6830 2423 6829 2424 6831 2402 6830 2424 6831 2401 6832 2401 6832 2424 6831 2425 6833 2401 6832 2425 6833 2400 6834 2400 6834 2425 6833 2426 6835 2400 6834 2426 6835 2399 6836 2399 6836 2426 6835 2427 6837 2399 6836 2427 6837 2398 6838 2398 6838 2427 6837 2428 6839 2398 6838 2428 6839 2397 6840 2397 6840 2428 6839 2429 6841 2397 6840 2429 6841 2396 6842 2396 6842 2429 6841 2430 6843 2396 6842 2430 6843 2395 6844 2395 6844 2430 6843 2431 6845 2395 6844 2431 6845 2394 6846 2394 6846 2431 6845 2432 6847 2394 6846 2432 6847 2393 6848 2393 6848 2432 6847 2433 6849 2393 6848 2433 6849 2392 6850 2392 6850 2433 6849 2434 6851 2392 6850 2434 6851 2391 6852 2391 6852 2434 6851 2435 6853 2391 6852 2435 6853 2390 6854 2390 6854 2435 6853 2436 6855 2390 6854 2436 6855 2389 6856 2389 6856 2436 6855 2437 6857 2389 6856 2437 6857 2388 6858 2388 6858 2437 6857 2438 6859 2388 6858 2438 6859 2387 6806 2387 6806 2438 6859 2439 6807 2483 6860 2440 6861 2482 6862 2482 6862 2440 6861 2441 6863 2482 6862 2441 6863 2481 6864 2481 6864 2441 6863 2442 6865 2481 6864 2442 6865 2480 6866 2480 6866 2442 6865 2443 6867 2480 6866 2443 6867 2479 6868 2479 6868 2443 6867 2444 6869 2479 6868 2444 6869 2478 6870 2478 6870 2444 6869 2445 6871 2478 6870 2445 6871 2477 6872 2477 6872 2445 6871 2446 6873 2477 6872 2446 6873 2476 6874 2476 6874 2446 6873 2447 6875 2476 6874 2447 6875 2475 6876 2475 6876 2447 6875 2448 6877 2475 6876 2448 6877 2474 6878 2474 6878 2448 6877 2449 6879 2474 6878 2449 6879 2473 6880 2473 6880 2449 6879 2450 6881 2473 6880 2450 6881 2472 6882 2472 6882 2450 6881 2451 6883 2472 6882 2451 6883 2471 6884 2471 6884 2451 6883 2452 6885 2471 6884 2452 6885 2470 6886 2470 6886 2452 6885 2453 6887 2470 6886 2453 6887 2469 6888 2469 6888 2453 6887 2454 6889 2469 6888 2454 6889 2468 6890 2468 6890 2454 6889 2455 6891 2468 6890 2455 6891 2467 6892 2467 6892 2455 6891 2456 6893 2467 6892 2456 6893 2466 6894 2466 6894 2456 6893 2457 6895 2466 6894 2457 6895 2465 6896 2465 6896 2457 6895 2458 6897 2465 6896 2458 6897 2464 6898 2464 6898 2458 6897 2459 6899 2464 6898 2459 6899 2463 6900 2463 6900 2459 6899 2460 6901 2463 6900 2460 6901 2462 6902 2462 6902 2460 6901 2461 6903 2484 6904 2485 6905 2489 6906 2489 6906 2485 6905 2488 6907 2488 6907 2485 6905 2486 6908 2488 6907 2486 6908 2487 6909 2487 6909 2486 6908 2440 6910 2487 6909 2440 6910 2483 6911 2490 6912 2491 6913 2521 6914 2521 6914 2491 6913 2520 6915 2520 6915 2491 6913 2492 6916 2520 6915 2492 6916 2519 6917 2519 6917 2492 6916 2493 6918 2519 6917 2493 6918 2518 6919 2518 6919 2493 6918 2494 6920 2518 6919 2494 6920 2517 6921 2517 6921 2494 6920 2495 6922 2517 6921 2495 6922 2516 6923 2516 6923 2495 6922 2496 6924 2516 6923 2496 6924 2515 6925 2515 6925 2496 6924 2497 6926 2515 6925 2497 6926 2514 6927 2514 6927 2497 6926 2498 6928 2514 6927 2498 6928 2513 6929 2513 6929 2498 6928 2499 6930 2513 6929 2499 6930 2512 6931 2512 6931 2499 6930 2500 6932 2512 6931 2500 6932 2511 6933 2511 6933 2500 6932 2501 6934 2511 6933 2501 6934 2510 6935 2510 6935 2501 6934 2502 6936 2510 6935 2502 6936 2509 6937 2509 6937 2502 6936 2503 6938 2509 6937 2503 6938 2508 6939 2508 6939 2503 6938 2504 6940 2508 6939 2504 6940 2507 6941 2507 6941 2504 6940 2505 6942 2507 6941 2505 6942 2506 6943 2506 6943 2505 6942 2484 6944 2506 6943 2484 6944 2489 6945 2522 6946 2523 6947 2527 6948 2527 6948 2523 6947 2526 6949 2526 6949 2523 6947 2524 6950 2526 6949 2524 6950 2525 6951 2525 6951 2524 6950 2490 6912 2525 6951 2490 6912 2521 6914 2569 6952 2528 6953 2568 6954 2568 6954 2528 6953 2529 6955 2568 6954 2529 6955 2567 6956 2567 6956 2529 6955 2530 6957 2567 6956 2530 6957 2566 6958 2566 6958 2530 6957 2531 6959 2566 6958 2531 6959 2565 6960 2565 6960 2531 6959 2532 6961 2565 6960 2532 6961 2564 6962 2564 6962 2532 6961 2533 6963 2564 6962 2533 6963 2563 6964 2563 6964 2533 6963 2534 6965 2563 6964 2534 6965 2562 6966 2562 6966 2534 6965 2535 6967 2562 6966 2535 6967 2561 6968 2561 6968 2535 6967 2536 6969 2561 6968 2536 6969 2560 6970 2560 6970 2536 6969 2537 6971 2560 6970 2537 6971 2559 6972 2559 6972 2537 6971 2538 6973 2559 6972 2538 6973 2558 6974 2558 6974 2538 6973 2539 6975 2558 6974 2539 6975 2557 6976 2557 6976 2539 6975 2540 6977 2557 6976 2540 6977 2556 6978 2556 6978 2540 6977 2541 6979 2556 6978 2541 6979 2555 6980 2555 6980 2541 6979 2542 6981 2555 6980 2542 6981 2554 6982 2554 6982 2542 6981 2543 6983 2554 6982 2543 6983 2553 6984 2553 6984 2543 6983 2544 6985 2553 6984 2544 6985 2552 6986 2552 6986 2544 6985 2545 6987 2552 6986 2545 6987 2551 6988 2551 6988 2545 6987 2546 6989 2551 6988 2546 6989 2550 6990 2550 6990 2546 6989 2547 6991 2550 6990 2547 6991 2549 6992 2549 6992 2547 6991 2548 6993 2549 6992 2548 6993 2527 6994 2527 6994 2548 6993 2522 6995 2570 6996 2571 6997 2575 6998 2575 6998 2571 6997 2574 6999 2574 6999 2571 6997 2572 7000 2574 6999 2572 7000 2573 7001 2573 7001 2572 7000 2528 7002 2573 7001 2528 7002 2569 7003 2576 7004 2577 7005 2607 7006 2607 7006 2577 7005 2606 7007 2606 7007 2577 7005 2578 7008 2606 7007 2578 7008 2605 7009 2605 7009 2578 7008 2579 7010 2605 7009 2579 7010 2604 7011 2604 7011 2579 7010 2580 7012 2604 7011 2580 7012 2603 7013 2603 7013 2580 7012 2581 7014 2603 7013 2581 7014 2602 7015 2602 7015 2581 7014 2582 7016 2602 7015 2582 7016 2601 7017 2601 7017 2582 7016 2583 7018 2601 7017 2583 7018 2600 7019 2600 7019 2583 7018 2584 7020 2600 7019 2584 7020 2599 7021 2599 7021 2584 7020 2585 7022 2599 7021 2585 7022 2598 7023 2598 7023 2585 7022 2586 7024 2598 7023 2586 7024 2597 7025 2597 7025 2586 7024 2587 7026 2597 7025 2587 7026 2596 7027 2596 7027 2587 7026 2588 7028 2596 7027 2588 7028 2595 7029 2595 7029 2588 7028 2589 7030 2595 7029 2589 7030 2594 7031 2594 7031 2589 7030 2590 7032 2594 7031 2590 7032 2593 7033 2593 7033 2590 7032 2591 7034 2593 7033 2591 7034 2592 7035 2592 7035 2591 7034 2570 6996 2592 7035 2570 6996 2575 6998 2461 7036 2608 7037 2462 7038 2462 7038 2608 7037 2611 7039 2611 7039 2608 7037 2609 7040 2611 7039 2609 7040 2610 7041 2610 7041 2609 7040 2576 7042 2610 7041 2576 7042 2607 7043 2462 7044 2611 7045 2463 7046 2463 7046 2611 7045 2464 7047 2464 7047 2611 7045 2610 7048 2464 7047 2610 7048 2607 7049 2464 7047 2607 7049 2465 7050 2465 7050 2607 7049 2606 7051 2465 7050 2606 7051 2466 7052 2466 7052 2606 7051 2467 7053 2467 7053 2606 7051 2605 7054 2467 7053 2605 7054 2468 7055 2468 7055 2605 7054 2434 7056 2468 7055 2434 7056 2433 7057 2605 7054 2604 7058 2434 7056 2434 7056 2604 7058 2435 7059 2435 7059 2604 7058 2603 7060 2435 7059 2603 7060 2436 7061 2436 7061 2603 7060 2602 7062 2436 7061 2602 7062 2437 7063 2437 7063 2602 7062 2438 7064 2438 7064 2602 7062 2601 7065 2438 7064 2601 7065 2439 7066 2439 7066 2601 7065 2600 7067 2439 7066 2600 7067 2413 7068 2413 7068 2600 7067 2512 7069 2413 7068 2512 7069 2414 7070 2414 7070 2512 7069 2511 7071 2414 7070 2511 7071 2415 7072 2415 7072 2511 7071 2510 7073 2415 7072 2510 7073 2416 7074 2416 7074 2510 7073 2417 7075 2417 7075 2510 7073 2509 7076 2417 7075 2509 7076 2418 7077 2418 7077 2509 7076 2508 7078 2418 7077 2508 7078 2419 7079 2419 7079 2508 7078 2507 7080 2419 7079 2507 7080 2477 7081 2477 7081 2507 7080 2478 7082 2478 7082 2507 7080 2506 7083 2478 7082 2506 7083 2479 7084 2479 7084 2506 7083 2480 7085 2480 7085 2506 7083 2489 7086 2480 7085 2489 7086 2481 7087 2481 7087 2489 7086 2488 7088 2481 7087 2488 7088 2487 7089 2600 7067 2599 7090 2512 7069 2512 7069 2599 7090 2513 7091 2513 7091 2599 7090 2514 7092 2514 7092 2599 7090 2598 7093 2514 7092 2598 7093 2372 7094 2372 7094 2598 7093 2373 7095 2373 7095 2598 7093 2597 7096 2373 7095 2597 7096 2374 7097 2374 7097 2597 7096 2375 7098 2375 7098 2597 7096 2596 7099 2375 7098 2596 7099 2376 7100 2376 7100 2596 7099 2595 7101 2376 7100 2595 7101 2377 7102 2377 7102 2595 7101 2378 7103 2378 7103 2595 7101 2594 7104 2378 7103 2594 7104 2379 7105 2379 7105 2594 7104 2593 7106 2379 7105 2593 7106 2563 7107 2563 7107 2593 7106 2564 7108 2564 7108 2593 7106 2592 7109 2564 7108 2592 7109 2565 7110 2565 7110 2592 7109 2566 7111 2566 7111 2592 7109 2575 7112 2566 7111 2575 7112 2567 7113 2567 7113 2575 7112 2574 7114 2567 7113 2574 7114 2573 7115 2569 7116 2568 7117 2573 7115 2573 7115 2568 7117 2567 7113 2563 7107 2562 7118 2379 7105 2379 7105 2562 7118 2380 7119 2380 7119 2562 7118 2381 7120 2381 7120 2562 7118 2561 7121 2381 7120 2561 7121 2382 7122 2382 7122 2561 7121 2383 7123 2383 7123 2561 7121 2560 7124 2383 7123 2560 7124 2384 7125 2384 7125 2560 7124 2559 7126 2384 7125 2559 7126 2385 7127 2385 7127 2559 7126 2359 7128 2359 7128 2559 7126 2558 7129 2359 7128 2558 7129 2360 7130 2360 7130 2558 7129 2361 7131 2361 7131 2558 7129 2557 7132 2361 7131 2557 7132 2362 7133 2362 7133 2557 7132 2556 7134 2362 7133 2556 7134 2363 7135 2363 7135 2556 7134 2364 7136 2364 7136 2556 7134 2555 7137 2364 7136 2555 7137 2365 7138 2365 7138 2555 7137 2366 7139 2366 7139 2555 7137 2554 7140 2366 7139 2554 7140 2519 7141 2519 7141 2554 7140 2553 7142 2519 7141 2553 7142 2520 7143 2520 7143 2553 7142 2552 7144 2520 7143 2552 7144 2551 7145 2520 7143 2551 7145 2521 7146 2521 7146 2551 7145 2550 7147 2521 7146 2550 7147 2525 7148 2525 7148 2550 7147 2526 7149 2526 7149 2550 7147 2549 7150 2526 7149 2549 7150 2527 7151 2519 7141 2518 7152 2366 7139 2366 7139 2518 7152 2367 7153 2367 7153 2518 7152 2517 7154 2367 7153 2517 7154 2368 7155 2368 7155 2517 7154 2369 7156 2369 7156 2517 7154 2516 7157 2369 7156 2516 7157 2370 7158 2370 7158 2516 7157 2515 7159 2370 7158 2515 7159 2371 7160 2371 7160 2515 7159 2372 7094 2372 7094 2515 7159 2514 7092 2483 7161 2482 7162 2487 7089 2487 7089 2482 7162 2481 7087 2419 7079 2477 7081 2420 7163 2420 7163 2477 7081 2476 7164 2420 7163 2476 7164 2421 7165 2421 7165 2476 7164 2475 7166 2421 7165 2475 7166 2422 7167 2422 7167 2475 7166 2423 7168 2423 7168 2475 7166 2474 7169 2423 7168 2474 7169 2424 7170 2424 7170 2474 7169 2425 7171 2425 7171 2474 7169 2473 7172 2425 7171 2473 7172 2426 7173 2426 7173 2473 7172 2427 7174 2427 7174 2473 7172 2472 7175 2427 7174 2472 7175 2428 7176 2428 7176 2472 7175 2471 7177 2428 7176 2471 7177 2429 7178 2429 7178 2471 7177 2430 7179 2430 7179 2471 7177 2470 7180 2430 7179 2470 7180 2431 7181 2431 7181 2470 7180 2432 7182 2432 7182 2470 7180 2469 7183 2432 7182 2469 7183 2433 7057 2433 7057 2469 7183 2468 7055 2609 7184 2459 7185 2576 7186 2576 7186 2459 7185 2458 7187 2576 7186 2458 7187 2577 7188 2577 7188 2458 7187 2457 7189 2577 7188 2457 7189 2456 7190 2609 7184 2608 7191 2459 7185 2459 7185 2608 7191 2460 7192 2460 7192 2608 7191 2461 7193 2577 7188 2456 7190 2578 7194 2578 7194 2456 7190 2455 7195 2578 7194 2455 7195 2392 7196 2392 7196 2455 7195 2393 7197 2393 7197 2455 7195 2454 7198 2393 7197 2454 7198 2394 7199 2394 7199 2454 7198 2453 7200 2394 7199 2453 7200 2395 7201 2395 7201 2453 7200 2396 7202 2396 7202 2453 7200 2452 7203 2396 7202 2452 7203 2397 7204 2397 7204 2452 7203 2398 7205 2398 7205 2452 7203 2451 7206 2398 7205 2451 7206 2399 7207 2399 7207 2451 7206 2450 7208 2399 7207 2450 7208 2400 7209 2400 7209 2450 7208 2401 7210 2401 7210 2450 7208 2449 7211 2401 7210 2449 7211 2402 7212 2402 7212 2449 7211 2403 7213 2403 7213 2449 7211 2448 7214 2403 7213 2448 7214 2404 7215 2404 7215 2448 7214 2405 7216 2405 7216 2448 7214 2447 7217 2405 7216 2447 7217 2406 7218 2406 7218 2447 7217 2446 7219 2406 7218 2446 7219 2407 7220 2407 7220 2446 7219 2504 7221 2407 7220 2504 7221 2503 7222 2446 7219 2445 7223 2504 7221 2504 7221 2445 7223 2505 7224 2505 7224 2445 7223 2444 7225 2505 7224 2444 7225 2443 7226 2505 7224 2443 7226 2484 7227 2484 7227 2443 7226 2442 7228 2484 7227 2442 7228 2485 7229 2485 7229 2442 7228 2486 7230 2486 7230 2442 7228 2441 7231 2486 7230 2441 7231 2440 7232 2407 7220 2503 7222 2408 7233 2408 7233 2503 7222 2502 7234 2408 7233 2502 7234 2409 7235 2409 7235 2502 7234 2501 7236 2409 7235 2501 7236 2410 7237 2410 7237 2501 7236 2411 7238 2411 7238 2501 7236 2500 7239 2411 7238 2500 7239 2412 7240 2412 7240 2500 7239 2499 7241 2412 7240 2499 7241 2386 7242 2386 7242 2499 7241 2583 7243 2386 7242 2583 7243 2387 7244 2387 7244 2583 7243 2582 7245 2387 7244 2582 7245 2388 7246 2388 7246 2582 7245 2581 7247 2388 7246 2581 7247 2389 7248 2389 7248 2581 7247 2390 7249 2390 7249 2581 7247 2580 7250 2390 7249 2580 7250 2391 7251 2391 7251 2580 7250 2579 7252 2391 7251 2579 7252 2392 7196 2392 7196 2579 7252 2578 7194 2583 7243 2499 7241 2584 7253 2584 7253 2499 7241 2498 7254 2584 7253 2498 7254 2497 7255 2496 7256 2346 7257 2497 7255 2497 7255 2346 7257 2585 7258 2497 7255 2585 7258 2584 7253 2495 7259 2348 7260 2496 7256 2496 7256 2348 7260 2347 7261 2496 7256 2347 7261 2346 7257 2348 7260 2495 7259 2349 7262 2349 7262 2495 7259 2494 7263 2349 7262 2494 7263 2350 7264 2350 7264 2494 7263 2351 7265 2351 7265 2494 7263 2493 7266 2351 7265 2493 7266 2352 7267 2352 7267 2493 7266 2492 7268 2352 7267 2492 7268 2543 7269 2543 7269 2492 7268 2544 7270 2544 7270 2492 7268 2491 7271 2544 7270 2491 7271 2545 7272 2545 7272 2491 7271 2546 7273 2546 7273 2491 7271 2490 7274 2546 7273 2490 7274 2547 7275 2547 7275 2490 7274 2524 7276 2547 7275 2524 7276 2523 7277 2522 7278 2548 7279 2523 7277 2523 7277 2548 7279 2547 7275 2543 7269 2542 7280 2352 7267 2352 7267 2542 7280 2353 7281 2353 7281 2542 7280 2354 7282 2354 7282 2542 7280 2541 7283 2354 7282 2541 7283 2355 7284 2355 7284 2541 7283 2356 7285 2356 7285 2541 7283 2540 7286 2356 7285 2540 7286 2357 7287 2357 7287 2540 7286 2539 7288 2357 7287 2539 7288 2358 7289 2358 7289 2539 7288 2332 7290 2332 7290 2539 7288 2538 7291 2332 7290 2538 7291 2333 7292 2333 7292 2538 7291 2334 7293 2334 7293 2538 7291 2537 7294 2334 7293 2537 7294 2335 7295 2335 7295 2537 7294 2536 7296 2335 7295 2536 7296 2336 7297 2336 7297 2536 7296 2337 7298 2337 7298 2536 7296 2535 7299 2337 7298 2535 7299 2338 7300 2338 7300 2535 7299 2339 7301 2339 7301 2535 7299 2534 7302 2339 7301 2534 7302 2590 7303 2590 7303 2534 7302 2533 7304 2590 7303 2533 7304 2591 7305 2591 7305 2533 7304 2532 7306 2591 7305 2532 7306 2531 7307 2591 7305 2531 7307 2570 7308 2570 7308 2531 7307 2530 7309 2570 7308 2530 7309 2571 7310 2571 7310 2530 7309 2572 7311 2572 7311 2530 7309 2529 7312 2572 7311 2529 7312 2528 7313 2590 7303 2589 7314 2339 7301 2339 7301 2589 7314 2340 7315 2340 7315 2589 7314 2588 7316 2340 7315 2588 7316 2341 7317 2341 7317 2588 7316 2342 7318 2342 7318 2588 7316 2587 7319 2342 7318 2587 7319 2343 7320 2343 7320 2587 7319 2586 7321 2343 7320 2586 7321 2344 7322 2344 7322 2586 7321 2345 7323 2345 7323 2586 7321 2585 7258 2345 7323 2585 7258 2346 7257</p>
        </triangles>
      </mesh>
    </geometry>
  </library_geometries>
  <library_visual_scenes>
    <visual_scene id="Scene" name="Scene">
      <node id="gripper_left_gear-node" name="gripper_left_gear" type="NODE">
        <instance_geometry url="#gripper_left_gear-mesh">
          <bind_material>
            <technique_common>
              <instance_material symbol="Opaque_246_246_243_" target="#Opaque_246_246_243_"/>
            </technique_common>
          </bind_material>
        </instance_geometry>
      </node>
    </visual_scene>
  </library_visual_scenes>
  <scene>
    <instance_visual_scene url="#Scene"/>
  </scene>
</COLLADA>
