<?xml version="1.0" encoding="utf-8"?>
<COLLADA xmlns="http://www.collada.org/2005/11/COLLADASchema" version="1.4.1">
  <asset>
    <contributor>
      <authoring_tool>Fusion URDF/XACRO Exporter</authoring_tool>
    </contributor>
    <created>2026-08-08T07:58:17Z</created>
    <modified>2026-08-08T07:58:17Z</modified>
    <unit name="meter" meter="1.0"/>
    <up_axis>Z_UP</up_axis>
  </asset>
  <library_effects>
    <effect id="Opaque_202_209_238_-effect">
      <profile_COMMON>
        <technique sid="common">
          <lambert>
            <emission><color>0 0 0 1</color></emission>
            <ambient><color>0.0000 0.0000 0.0000 1</color></ambient>
            <diffuse><color>0.7922 0.8196 0.9333 1</color></diffuse>
            <reflective><color>0 0 0 1</color></reflective>
            <transparent opaque="A_ONE"><color>1 1 1 1</color></transparent>
            <transparency><float>1</float></transparency>
          </lambert>
        </technique>
      </profile_COMMON>
    </effect>
  </library_effects>
  <library_materials>
    <material id="Opaque_202_209_238_" name="Opaque(202,209,238)">
      <instance_effect url="#Opaque_202_209_238_-effect"/>
    </material>
  </library_materials>
  <library_geometries>
    <geometry id="ratio_left_gear-mesh" name="ratio_left_gear">
      <mesh>
        <source id="ratio_left_gear-mesh-positions">
          <float_array id="ratio_left_gear-mesh-positions-array" count="3768">0.022700 0.053600 0.164595 0.022640 0.053600 0.164142 0.022466 0.053600 0.163720 0.022187 0.053600 0.163358 0.021825 0.053600 0.163080 0.021403 0.053600 0.162905 0.020950 0.053600 0.162845 0.020497 0.053600 0.162905 0.020075 0.053600 0.163080 0.019713 0.053600 0.163358 0.019434 0.053600 0.163720 0.019260 0.053600 0.164142 0.019200 0.053600 0.164595 0.019260 0.053600 0.165048 0.019434 0.053600 0.165470 0.019713 0.053600 0.165833 0.020075 0.053600 0.166111 0.020497 0.053600 0.166286 0.020950 0.053600 0.166345 0.021403 0.053600 0.166286 0.021825 0.053600 0.166111 0.022187 0.053600 0.165833 0.022466 0.053600 0.165470 0.022640 0.053600 0.165048 0.022700 0.050200 0.164595 0.022640 0.050200 0.165048 0.022466 0.050200 0.165470 0.022187 0.050200 0.165833 0.021825 0.050200 0.166111 0.021403 0.050200 0.166286 0.020950 0.050200 0.166345 0.020497 0.050200 0.166286 0.020075 0.050200 0.166111 0.019713 0.050200 0.165833 0.019434 0.050200 0.165470 0.019260 0.050200 0.165048 0.019200 0.050200 0.164595 0.019260 0.050200 0.164142 0.019434 0.050200 0.163720 0.019713 0.050200 0.163358 0.020075 0.050200 0.163080 0.020497 0.050200 0.162905 0.020950 0.050200 0.162845 0.021403 0.050200 0.162905 0.021825 0.050200 0.163080 0.022187 0.050200 0.163358 0.022466 0.050200 0.163720 0.022640 0.050200 0.164142 0.023035 0.057900 0.064595 0.022964 0.057900 0.064056 0.022756 0.057900 0.063553 0.022424 0.057900 0.063121 0.021993 0.057900 0.062790 0.021490 0.057900 0.062581 0.020950 0.057900 0.062510 0.020410 0.057900 0.062581 0.019908 0.057900 0.062790 0.019476 0.057900 0.063121 0.019144 0.057900 0.063553 0.018936 0.057900 0.064056 0.018865 0.057900 0.064595 0.018936 0.057900 0.065135 0.019144 0.057900 0.065638 0.019476 0.057900 0.066070 0.019908 0.057900 0.066401 0.020410 0.057900 0.066609 0.020950 0.057900 0.066680 0.021490 0.057900 0.066609 0.021993 0.057900 0.066401 0.022424 0.057900 0.066070 0.022756 0.057900 0.065638 0.022964 0.057900 0.065135 0.023035 0.053600 0.064595 0.022964 0.053600 0.065135 0.022756 0.053600 0.065638 0.022424 0.053600 0.066070 0.021993 0.053600 0.066401 0.021490 0.053600 0.066609 0.020950 0.053600 0.066680 0.020410 0.053600 0.066609 0.019908 0.053600 0.066401 0.019476 0.053600 0.066070 0.019144 0.053600 0.065638 0.018936 0.053600 0.065135 0.018865 0.053600 0.064595 0.018936 0.053600 0.064056 0.019144 0.053600 0.063553 0.019476 0.053600 0.063121 0.019908 0.053600 0.062790 0.020410 0.053600 0.062581 0.020950 0.053600 0.062510 0.021490 0.053600 0.062581 0.021993 0.053600 0.062790 0.022424 0.053600 0.063121 0.022756 0.053600 0.063553 0.022964 0.053600 0.064056 0.024950 0.057900 0.064595 0.024873 0.057900 0.065376 0.024646 0.057900 0.066126 0.024276 0.057900 0.066818 0.023778 0.057900 0.067424 0.023172 0.057900 0.067921 0.022481 0.057900 0.068291 0.021730 0.057900 0.068518 0.020950 0.057900 0.068595 0.020170 0.057900 0.068518 0.019419 0.057900 0.068291 0.018728 0.057900 0.067921 0.018122 0.057900 0.067424 0.017624 0.057900 0.066818 0.017254 0.057900 0.066126 0.017027 0.057900 0.065376 0.016950 0.057900 0.064595 0.017027 0.057900 0.063815 0.017254 0.057900 0.063065 0.017624 0.057900 0.062373 0.018122 0.057900 0.061767 0.018728 0.057900 0.061269 0.019419 0.057900 0.060900 0.020170 0.057900 0.060672 0.020950 0.057900 0.060595 0.021730 0.057900 0.060672 0.022481 0.057900 0.060900 0.023172 0.057900 0.061269 0.023778 0.057900 0.061767 0.024276 0.057900 0.062373 0.024646 0.057900 0.063065 0.024873 0.057900 0.063815 0.024950 0.053600 0.064595 0.024873 0.053600 0.063815 0.024646 0.053600 0.063065 0.024276 0.053600 0.062373 0.023778 0.053600 0.061767 0.023172 0.053600 0.061269 0.022481 0.053600 0.060900 0.021730 0.053600 0.060672 0.020950 0.053600 0.060595 0.020170 0.053600 0.060672 0.019419 0.053600 0.060900 0.018728 0.053600 0.061269 0.018122 0.053600 0.061767 0.017624 0.053600 0.062373 0.017254 0.053600 0.063065 0.017027 0.053600 0.063815 0.016950 0.053600 0.064595 0.017027 0.053600 0.065376 0.017254 0.053600 0.066126 0.017624 0.053600 0.066818 0.018122 0.053600 0.067424 0.018728 0.053600 0.067921 0.019419 0.053600 0.068291 0.020170 0.053600 0.068518 0.020950 0.053600 0.068595 0.021730 0.053600 0.068518 0.022481 0.053600 0.068291 0.023172 0.053600 0.067921 0.023778 0.053600 0.067424 0.024276 0.053600 0.066818 0.024646 0.053600 0.066126 0.024873 0.053600 0.065376 0.018750 0.050200 0.064595 0.018825 0.050200 0.064026 0.019045 0.050200 0.063495 0.019394 0.050200 0.063040 0.019850 0.050200 0.062690 0.020381 0.050200 0.062470 0.020950 0.050200 0.062395 0.021519 0.050200 0.062470 0.022050 0.050200 0.062690 0.022506 0.050200 0.063040 0.022855 0.050200 0.063495 0.023075 0.050200 0.064026 0.023150 0.050200 0.064595 0.023075 0.050200 0.065165 0.022855 0.050200 0.065695 0.022506 0.050200 0.066151 0.022050 0.050200 0.066501 0.021519 0.050200 0.066720 0.020950 0.050200 0.066795 0.020381 0.050200 0.066720 0.019850 0.050200 0.066501 0.019394 0.050200 0.066151 0.019045 0.050200 0.065695 0.018825 0.050200 0.065165 0.018750 0.053600 0.064595 0.018825 0.053600 0.065165 0.019045 0.053600 0.065695 0.019394 0.053600 0.066151 0.019850 0.053600 0.066501 0.020381 0.053600 0.066720 0.020950 0.053600 0.066795 0.021519 0.053600 0.066720 0.022050 0.053600 0.066501 0.022506 0.053600 0.066151 0.022855 0.053600 0.065695 0.023075 0.053600 0.065165 0.023150 0.053600 0.064595 0.023075 0.053600 0.064026 0.022855 0.053600 0.063495 0.022506 0.053600 0.063040 0.022050 0.053600 0.062690 0.021519 0.053600 0.062470 0.020950 0.053600 0.062395 0.020381 0.053600 0.062470 0.019850 0.053600 0.062690 0.019394 0.053600 0.063040 0.019045 0.053600 0.063495 0.018825 0.053600 0.064026 0.011047 0.050200 0.077086 0.010698 0.050200 0.077457 0.010443 0.050200 0.077898 0.010296 0.050200 0.078385 0.010265 0.050200 0.078894 0.010265 0.053600 0.078894 0.010296 0.053600 0.078385 0.010443 0.053600 0.077898 0.010698 0.053600 0.077457 0.011047 0.053600 0.077086 0.013123 0.050200 0.078481 0.012836 0.050200 0.078902 0.012653 0.050200 0.079378 0.012584 0.050200 0.079882 0.012633 0.050200 0.080389 0.012633 0.053600 0.080389 0.012584 0.053600 0.079882 0.012653 0.053600 0.079378 0.012836 0.053600 0.078902 0.013123 0.053600 0.078481 0.015391 0.050200 0.079535 0.015174 0.050200 0.079995 0.015068 0.050200 0.080494 0.015079 0.050200 0.081003 0.015206 0.050200 0.081496 0.015206 0.053600 0.081496 0.015079 0.053600 0.081003 0.015068 0.053600 0.080494 0.015174 0.053600 0.079995 0.015391 0.053600 0.079535 0.023505 0.050200 0.046929 0.023168 0.050200 0.047311 0.022927 0.050200 0.047759 0.022795 0.050200 0.048251 0.022780 0.050200 0.048761 0.022780 0.053600 0.048761 0.022795 0.053600 0.048251 0.022927 0.053600 0.047759 0.023168 0.053600 0.047311 0.023505 0.053600 0.046929 0.020710 0.050200 0.046747 0.020436 0.050200 0.047177 0.020268 0.050200 0.047657 0.020215 0.050200 0.048164 0.020280 0.050200 0.048669 0.020280 0.053600 0.048669 0.020215 0.053600 0.048164 0.020268 0.053600 0.047657 0.020436 0.053600 0.047177 0.020710 0.053600 0.046747 0.017921 0.050200 0.047004 0.017718 0.050200 0.047471 0.017627 0.050200 0.047973 0.017654 0.050200 0.048481 0.017797 0.050200 0.048970 0.017797 0.053600 0.048970 0.017654 0.053600 0.048481 0.017627 0.053600 0.047973 0.017718 0.053600 0.047471 0.017921 0.053600 0.047004 0.015206 0.050200 0.047695 0.015079 0.050200 0.048188 0.015068 0.050200 0.048697 0.015174 0.050200 0.049195 0.015391 0.050200 0.049656 0.015391 0.053600 0.049656 0.015174 0.053600 0.049195 0.015068 0.053600 0.048697 0.015079 0.053600 0.048188 0.015206 0.053600 0.047695 0.012633 0.050200 0.048801 0.012584 0.050200 0.049308 0.012653 0.050200 0.049813 0.012836 0.050200 0.050289 0.013123 0.050200 0.050709 0.013123 0.053600 0.050709 0.012836 0.053600 0.050289 0.012653 0.053600 0.049813 0.012584 0.053600 0.049308 0.012633 0.053600 0.048801 0.010265 0.050200 0.050297 0.010296 0.050200 0.050805 0.010443 0.050200 0.051293 0.010698 0.050200 0.051734 0.011047 0.050200 0.052105 0.011047 0.053600 0.052105 0.010698 0.053600 0.051734 0.010443 0.053600 0.051293 0.010296 0.053600 0.050805 0.010265 0.053600 0.050297 0.003102 0.050200 0.064355 0.003100 0.050200 0.064515 0.003100 0.050200 0.064675 0.003102 0.050200 0.064835 0.003102 0.053600 0.064835 0.003100 0.053600 0.064675 0.003100 0.053600 0.064515 0.003102 0.053600 0.064355 0.025234 0.053600 0.079949 0.025140 0.053600 0.079975 0.025045 0.053600 0.080000 0.024950 0.053600 0.080025 0.024950 0.050200 0.080025 0.025045 0.050200 0.080000 0.025140 0.050200 0.079975 0.025234 0.050200 0.079949 0.005115 0.050200 0.066425 0.005115 0.053600 0.066425 0.005076 0.053600 0.066039 0.005045 0.053600 0.065653 0.005024 0.053600 0.065265 0.005024 0.050200 0.065265 0.005045 0.050200 0.065653 0.005076 0.050200 0.066039 0.004519 0.053600 0.065330 0.004012 0.053600 0.065277 0.003531 0.053600 0.065109 0.003531 0.050200 0.065109 0.004012 0.050200 0.065277 0.004519 0.050200 0.065330 0.003531 0.053600 0.064082 0.004012 0.053600 0.063914 0.004519 0.053600 0.063861 0.005024 0.053600 0.063925 0.005024 0.050200 0.063925 0.004519 0.050200 0.063861 0.004012 0.050200 0.063914 0.003531 0.050200 0.064082 0.005045 0.053600 0.063538 0.005076 0.053600 0.063151 0.005115 0.053600 0.062766 0.005115 0.050200 0.062766 0.005076 0.050200 0.063151 0.005045 0.050200 0.063538 0.004606 0.053600 0.062750 0.004114 0.053600 0.062619 0.003665 0.053600 0.062378 0.003284 0.053600 0.062040 0.003284 0.050200 0.062040 0.003665 0.050200 0.062378 0.004114 0.050200 0.062619 0.004606 0.050200 0.062750 0.003307 0.053600 0.061882 0.003332 0.053600 0.061724 0.003359 0.053600 0.061566 0.003359 0.050200 0.061566 0.003332 0.050200 0.061724 0.003307 0.050200 0.061882 0.003826 0.053600 0.061363 0.004327 0.053600 0.061273 0.004836 0.053600 0.061299 0.005325 0.053600 0.061442 0.005325 0.050200 0.061442 0.004836 0.050200 0.061299 0.004327 0.050200 0.061273 0.003826 0.050200 0.061363 0.005406 0.053600 0.061063 0.005497 0.053600 0.060686 0.005597 0.053600 0.060311 0.005597 0.050200 0.060311 0.005497 0.050200 0.060686 0.005406 0.050200 0.061063 0.005096 0.053600 0.060216 0.004631 0.053600 0.060009 0.004225 0.053600 0.059701 0.003901 0.053600 0.059308 0.003901 0.050200 0.059308 0.004225 0.050200 0.059701 0.004631 0.050200 0.060009 0.005096 0.050200 0.060216 0.003949 0.053600 0.059155 0.003999 0.053600 0.059003 0.004049 0.053600 0.058852 0.004049 0.050200 0.058852 0.003999 0.050200 0.059003 0.003949 0.050200 0.059155 0.004543 0.053600 0.058724 0.005052 0.053600 0.058713 0.005550 0.053600 0.058819 0.006011 0.053600 0.059037 0.006011 0.050200 0.059037 0.005550 0.050200 0.058819 0.005052 0.050200 0.058713 0.004543 0.050200 0.058724 0.006150 0.053600 0.058675 0.006299 0.053600 0.058317 0.006456 0.053600 0.057962 0.006456 0.050200 0.057962 0.006299 0.050200 0.058317 0.006150 0.050200 0.058675 0.005976 0.053600 0.057790 0.005549 0.053600 0.057513 0.005197 0.053600 0.057145 0.004938 0.053600 0.056706 0.004938 0.050200 0.056706 0.005197 0.050200 0.057145 0.005549 0.050200 0.057513 0.005976 0.050200 0.057790 0.005009 0.053600 0.056563 0.005082 0.053600 0.056420 0.005156 0.053600 0.056278 0.005156 0.050200 0.056278 0.005082 0.050200 0.056420 0.005009 0.050200 0.056563 0.005663 0.053600 0.056230 0.006168 0.053600 0.056298 0.006643 0.053600 0.056481 0.007064 0.053600 0.056768 0.007064 0.050200 0.056768 0.006643 0.050200 0.056481 0.006168 0.050200 0.056298 0.005663 0.050200 0.056230 0.007259 0.053600 0.056433 0.007461 0.053600 0.056102 0.007672 0.053600 0.055776 0.007672 0.050200 0.055776 0.007461 0.050200 0.056102 0.007259 0.050200 0.056433 0.007225 0.053600 0.055532 0.006846 0.053600 0.055191 0.006556 0.053600 0.054772 0.006369 0.053600 0.054298 0.006369 0.050200 0.054298 0.006556 0.050200 0.054772 0.006846 0.050200 0.055191 0.007225 0.050200 0.055532 0.006462 0.053600 0.054168 0.006556 0.053600 0.054039 0.006651 0.053600 0.053910 0.006651 0.050200 0.053910 0.006556 0.050200 0.054039 0.006462 0.050200 0.054168 0.007160 0.053600 0.053941 0.007648 0.053600 0.054088 0.008089 0.053600 0.054343 0.008459 0.053600 0.054692 0.008459 0.050200 0.054692 0.008089 0.050200 0.054343 0.007648 0.050200 0.054088 0.007160 0.050200 0.053941 0.008704 0.053600 0.054391 0.008956 0.053600 0.054096 0.009215 0.053600 0.053808 0.009215 0.050200 0.053808 0.008956 0.050200 0.054096 0.008704 0.050200 0.054391 0.008812 0.053600 0.053496 0.008491 0.053600 0.053100 0.008270 0.053600 0.052642 0.008160 0.053600 0.052144 0.008160 0.050200 0.052144 0.008270 0.050200 0.052642 0.008491 0.050200 0.053100 0.008812 0.050200 0.053496 0.008272 0.053600 0.052030 0.008385 0.053600 0.051917 0.008499 0.053600 0.051805 0.008499 0.050200 0.051805 0.008385 0.050200 0.051917 0.008272 0.050200 0.052030 0.008996 0.053600 0.051915 0.009455 0.053600 0.052137 0.009851 0.053600 0.052457 0.010162 0.053600 0.052860 0.010162 0.050200 0.052860 0.009851 0.050200 0.052457 0.009455 0.050200 0.052137 0.008996 0.050200 0.051915 0.010451 0.053600 0.052601 0.010746 0.053600 0.052349 0.010746 0.050200 0.052349 0.010451 0.050200 0.052601 0.010393 0.053600 0.050202 0.010523 0.053600 0.050107 0.010653 0.053600 0.050015 0.010653 0.050200 0.050015 0.010523 0.050200 0.050107 0.010393 0.050200 0.050202 0.011127 0.053600 0.050201 0.011546 0.053600 0.050492 0.011886 0.053600 0.050870 0.012131 0.053600 0.051317 0.012131 0.050200 0.051317 0.011886 0.050200 0.050870 0.011546 0.050200 0.050492 0.011127 0.050200 0.050201 0.012457 0.053600 0.051107 0.012787 0.053600 0.050904 0.012787 0.050200 0.050904 0.012457 0.050200 0.051107 0.012775 0.053600 0.048727 0.012918 0.053600 0.048655 0.013061 0.053600 0.048583 0.013061 0.050200 0.048583 0.012918 0.050200 0.048655 0.012775 0.050200 0.048727 0.013500 0.053600 0.048842 0.013868 0.053600 0.049194 0.014145 0.053600 0.049622 0.014317 0.053600 0.050101 0.014317 0.050200 0.050101 0.014145 0.050200 0.049622 0.013868 0.050200 0.049194 0.013500 0.050200 0.048842 0.014671 0.053600 0.049944 0.015030 0.053600 0.049796 0.015030 0.050200 0.049796 0.014671 0.050200 0.049944 0.015358 0.053600 0.047644 0.015510 0.053600 0.047594 0.015663 0.053600 0.047546 0.015663 0.050200 0.047546 0.015510 0.050200 0.047594 0.015358 0.050200 0.047644 0.016056 0.053600 0.047870 0.016364 0.053600 0.048276 0.016571 0.053600 0.048741 0.016666 0.053600 0.049242 0.016666 0.050200 0.049242 0.016571 0.050200 0.048741 0.016364 0.050200 0.048276 0.016056 0.050200 0.047870 0.017041 0.053600 0.049142 0.017418 0.053600 0.049052 0.017418 0.050200 0.049052 0.017041 0.050200 0.049142 0.018079 0.053600 0.046978 0.018237 0.053600 0.046953 0.018395 0.053600 0.046929 0.018395 0.050200 0.046929 0.018237 0.050200 0.046953 0.018079 0.050200 0.046978 0.018732 0.053600 0.047311 0.018973 0.053600 0.047759 0.019105 0.053600 0.048251 0.019120 0.053600 0.048761 0.019120 0.050200 0.048761 0.019105 0.050200 0.048251 0.018973 0.050200 0.047759 0.018732 0.050200 0.047311 0.019506 0.053600 0.048721 0.019893 0.053600 0.048690 0.019893 0.050200 0.048690 0.019506 0.050200 0.048721 0.020870 0.053600 0.046745 0.021030 0.053600 0.046745 0.021190 0.053600 0.046747 0.021190 0.050200 0.046747 0.021030 0.050200 0.046745 0.020870 0.050200 0.046745 0.021464 0.053600 0.047177 0.021632 0.053600 0.047657 0.021685 0.053600 0.048164 0.021620 0.053600 0.048669 0.021620 0.050200 0.048669 0.021685 0.050200 0.048164 0.021632 0.050200 0.047657 0.021464 0.050200 0.047177 0.022007 0.053600 0.048690 0.022394 0.053600 0.048721 0.022394 0.050200 0.048721 0.022007 0.050200 0.048690 0.023663 0.053600 0.046953 0.023821 0.053600 0.046978 0.023979 0.053600 0.047004 0.023979 0.050200 0.047004 0.023821 0.050200 0.046978 0.023663 0.050200 0.046953 0.024182 0.053600 0.047471 0.024273 0.053600 0.047973 0.024246 0.053600 0.048481 0.024103 0.053600 0.048970 0.024103 0.050200 0.048970 0.024246 0.050200 0.048481 0.024273 0.050200 0.047973 0.024182 0.050200 0.047471 0.024482 0.053600 0.049052 0.024859 0.053600 0.049142 0.025234 0.053600 0.049242 0.025234 0.050200 0.049242 0.024859 0.050200 0.049142 0.024482 0.050200 0.049052 0.025329 0.053600 0.048741 0.025536 0.053600 0.048276 0.025844 0.053600 0.047870 0.026237 0.053600 0.047546 0.026237 0.050200 0.047546 0.025844 0.050200 0.047870 0.025536 0.050200 0.048276 0.025329 0.050200 0.048741 0.026390 0.053600 0.047594 0.026542 0.053600 0.047644 0.026694 0.053600 0.047695 0.026694 0.050200 0.047695 0.026542 0.050200 0.047644 0.026390 0.050200 0.047594 0.026821 0.053600 0.048188 0.026832 0.053600 0.048697 0.026726 0.053600 0.049195 0.026509 0.053600 0.049656 0.026509 0.050200 0.049656 0.026726 0.050200 0.049195 0.026832 0.050200 0.048697 0.026821 0.050200 0.048188 0.026870 0.053600 0.049796 0.027229 0.053600 0.049944 0.027583 0.053600 0.050101 0.027583 0.050200 0.050101 0.027229 0.050200 0.049944 0.026870 0.050200 0.049796 0.027755 0.053600 0.049622 0.028032 0.053600 0.049194 0.028400 0.053600 0.048842 0.028839 0.053600 0.048583 0.028839 0.050200 0.048583 0.028400 0.050200 0.048842 0.028032 0.050200 0.049194 0.027755 0.050200 0.049622 0.028982 0.053600 0.048655 0.029125 0.053600 0.048727 0.029267 0.053600 0.048801 0.029267 0.050200 0.048801 0.029125 0.050200 0.048727 0.028982 0.050200 0.048655 0.029316 0.053600 0.049308 0.029247 0.053600 0.049813 0.029064 0.053600 0.050289 0.028777 0.053600 0.050709 0.028777 0.050200 0.050709 0.029064 0.050200 0.050289 0.029247 0.050200 0.049813 0.029316 0.050200 0.049308 0.029113 0.053600 0.050904 0.029443 0.053600 0.051107 0.029769 0.053600 0.051317 0.029769 0.050200 0.051317 0.029443 0.050200 0.051107 0.029113 0.050200 0.050904 0.030014 0.053600 0.050870 0.030354 0.053600 0.050492 0.030773 0.053600 0.050201 0.031247 0.053600 0.050015 0.031247 0.050200 0.050015 0.030773 0.050200 0.050201 0.030354 0.050200 0.050492 0.030014 0.050200 0.050870 0.031377 0.053600 0.050107 0.031507 0.053600 0.050202 0.031635 0.053600 0.050297 0.031635 0.050200 0.050297 0.031507 0.050200 0.050202 0.031377 0.050200 0.050107 0.031604 0.053600 0.050805 0.031457 0.053600 0.051293 0.031202 0.053600 0.051734 0.030853 0.053600 0.052105 0.030853 0.050200 0.052105 0.031202 0.050200 0.051734 0.031457 0.050200 0.051293 0.031604 0.050200 0.050805 0.031154 0.053600 0.052349 0.031449 0.053600 0.052601 0.031738 0.053600 0.052860 0.031738 0.050200 0.052860 0.031449 0.050200 0.052601 0.031154 0.050200 0.052349 0.032049 0.053600 0.052457 0.032445 0.053600 0.052137 0.032904 0.053600 0.051915 0.033401 0.053600 0.051805 0.033401 0.050200 0.051805 0.032904 0.050200 0.051915 0.032445 0.050200 0.052137 0.032049 0.050200 0.052457 0.033515 0.053600 0.051917 0.033628 0.053600 0.052030 0.033740 0.053600 0.052144 0.033740 0.050200 0.052144 0.033628 0.050200 0.052030 0.033515 0.050200 0.051917 0.033630 0.053600 0.052642 0.033409 0.053600 0.053100 0.033088 0.053600 0.053496 0.032685 0.053600 0.053808 0.032685 0.050200 0.053808 0.033088 0.050200 0.053496 0.033409 0.050200 0.053100 0.033630 0.050200 0.052642 0.032944 0.053600 0.054096 0.033196 0.053600 0.054391 0.033441 0.053600 0.054692 0.033441 0.050200 0.054692 0.033196 0.050200 0.054391 0.032944 0.050200 0.054096 0.033811 0.053600 0.054343 0.034252 0.053600 0.054088 0.034740 0.053600 0.053941 0.035249 0.053600 0.053910 0.035249 0.050200 0.053910 0.034740 0.050200 0.053941 0.034252 0.050200 0.054088 0.033811 0.050200 0.054343 0.035344 0.053600 0.054039 0.035438 0.053600 0.054168 0.035531 0.053600 0.054298 0.035531 0.050200 0.054298 0.035438 0.050200 0.054168 0.035344 0.050200 0.054039 0.035344 0.053600 0.054772 0.035054 0.053600 0.055191 0.034675 0.053600 0.055532 0.034228 0.053600 0.055776 0.034228 0.050200 0.055776 0.034675 0.050200 0.055532 0.035054 0.050200 0.055191 0.035344 0.050200 0.054772 0.034439 0.053600 0.056102 0.034641 0.053600 0.056433 0.034836 0.053600 0.056768 0.034836 0.050200 0.056768 0.034641 0.050200 0.056433 0.034439 0.050200 0.056102 0.035257 0.053600 0.056481 0.035732 0.053600 0.056298 0.036237 0.053600 0.056230 0.036744 0.053600 0.056278 0.036744 0.050200 0.056278 0.036237 0.050200 0.056230 0.035732 0.050200 0.056298 0.035257 0.050200 0.056481 0.036818 0.053600 0.056420 0.036891 0.053600 0.056563 0.036962 0.053600 0.056706 0.036962 0.050200 0.056706 0.036891 0.050200 0.056563 0.036818 0.050200 0.056420 0.036703 0.053600 0.057145 0.036351 0.053600 0.057513 0.035924 0.053600 0.057790 0.035444 0.053600 0.057962 0.035444 0.050200 0.057962 0.035924 0.050200 0.057790 0.036351 0.050200 0.057513 0.036703 0.050200 0.057145 0.035601 0.053600 0.058317 0.035750 0.053600 0.058675 0.035889 0.053600 0.059037 0.035889 0.050200 0.059037 0.035750 0.050200 0.058675 0.035601 0.050200 0.058317 0.036350 0.053600 0.058819 0.036848 0.053600 0.058713 0.037357 0.053600 0.058724 0.037851 0.053600 0.058852 0.037851 0.050200 0.058852 0.037357 0.050200 0.058724 0.036848 0.050200 0.058713 0.036350 0.050200 0.058819 0.037901 0.053600 0.059003 0.037951 0.053600 0.059155 0.037999 0.053600 0.059308 0.037999 0.050200 0.059308 0.037951 0.050200 0.059155 0.037901 0.050200 0.059003 0.037675 0.053600 0.059701 0.037269 0.053600 0.060009 0.036804 0.053600 0.060216 0.036303 0.053600 0.060311 0.036303 0.050200 0.060311 0.036804 0.050200 0.060216 0.037269 0.050200 0.060009 0.037675 0.050200 0.059701 0.036403 0.053600 0.060686 0.036494 0.053600 0.061063 0.036575 0.053600 0.061442 0.036575 0.050200 0.061442 0.036494 0.050200 0.061063 0.036403 0.050200 0.060686 0.037064 0.053600 0.061299 0.037573 0.053600 0.061273 0.038074 0.053600 0.061363 0.038541 0.053600 0.061566 0.038541 0.050200 0.061566 0.038074 0.050200 0.061363 0.037573 0.050200 0.061273 0.037064 0.050200 0.061299 0.038568 0.053600 0.061724 0.038593 0.053600 0.061882 0.038616 0.053600 0.062040 0.038616 0.050200 0.062040 0.038593 0.050200 0.061882 0.038568 0.050200 0.061724 0.038235 0.053600 0.062378 0.037786 0.053600 0.062619 0.037294 0.053600 0.062750 0.036785 0.053600 0.062766 0.036785 0.050200 0.062766 0.037294 0.050200 0.062750 0.037786 0.050200 0.062619 0.038235 0.050200 0.062378 0.036824 0.053600 0.063151 0.036855 0.053600 0.063538 0.036876 0.053600 0.063925 0.036876 0.050200 0.063925 0.036855 0.050200 0.063538 0.036824 0.050200 0.063151 0.037381 0.053600 0.063861 0.037888 0.053600 0.063914 0.038369 0.053600 0.064082 0.038798 0.053600 0.064355 0.038798 0.050200 0.064355 0.038369 0.050200 0.064082 0.037888 0.050200 0.063914 0.037381 0.050200 0.063861 0.038800 0.053600 0.064515 0.038800 0.053600 0.064675 0.038798 0.053600 0.064835 0.038798 0.050200 0.064835 0.038800 0.050200 0.064675 0.038800 0.050200 0.064515 0.038369 0.053600 0.065109 0.037888 0.053600 0.065277 0.037381 0.053600 0.065330 0.036876 0.053600 0.065265 0.036876 0.050200 0.065265 0.037381 0.050200 0.065330 0.037888 0.050200 0.065277 0.038369 0.050200 0.065109 0.036855 0.053600 0.065653 0.036824 0.053600 0.066039 0.036785 0.053600 0.066425 0.036785 0.050200 0.066425 0.036824 0.050200 0.066039 0.036855 0.050200 0.065653 0.037294 0.053600 0.066440 0.037786 0.053600 0.066572 0.038235 0.053600 0.066813 0.038616 0.053600 0.067150 0.038616 0.050200 0.067150 0.038235 0.050200 0.066813 0.037786 0.050200 0.066572 0.037294 0.050200 0.066440 0.038593 0.053600 0.067309 0.038568 0.053600 0.067467 0.038541 0.053600 0.067624 0.038541 0.050200 0.067624 0.038568 0.050200 0.067467 0.038593 0.050200 0.067309 0.038074 0.053600 0.067828 0.037573 0.053600 0.067918 0.037064 0.053600 0.067891 0.036575 0.053600 0.067748 0.036575 0.050200 0.067748 0.037064 0.050200 0.067891 0.037573 0.050200 0.067918 0.038074 0.050200 0.067828 0.036494 0.053600 0.068128 0.036403 0.053600 0.068505 0.036303 0.053600 0.068879 0.036303 0.050200 0.068879 0.036403 0.050200 0.068505 0.036494 0.050200 0.068128 0.036804 0.053600 0.068974 0.037269 0.053600 0.069181 0.037675 0.053600 0.069489 0.037999 0.053600 0.069883 0.037999 0.050200 0.069883 0.037675 0.050200 0.069489 0.037269 0.050200 0.069181 0.036804 0.050200 0.068974 0.037951 0.053600 0.070035 0.037901 0.053600 0.070187 0.037851 0.053600 0.070339 0.037851 0.050200 0.070339 0.037901 0.050200 0.070187 0.037951 0.050200 0.070035 0.037357 0.053600 0.070467 0.036848 0.053600 0.070478 0.036350 0.053600 0.070371 0.035889 0.053600 0.070154 0.035889 0.050200 0.070154 0.036350 0.050200 0.070371 0.036848 0.050200 0.070478 0.037357 0.050200 0.070467 0.035750 0.053600 0.070516 0.035601 0.053600 0.070874 0.035444 0.053600 0.071229 0.035444 0.050200 0.071229 0.035601 0.050200 0.070874 0.035750 0.050200 0.070516 0.035924 0.053600 0.071400 0.036351 0.053600 0.071678 0.036703 0.053600 0.072046 0.036962 0.053600 0.072484 0.036962 0.050200 0.072484 0.036703 0.050200 0.072046 0.036351 0.050200 0.071678 0.035924 0.050200 0.071400 0.036891 0.053600 0.072628 0.036818 0.053600 0.072770 0.036744 0.053600 0.072912 0.036744 0.050200 0.072912 0.036818 0.050200 0.072770 0.036891 0.050200 0.072628 0.036237 0.053600 0.072961 0.035732 0.053600 0.072892 0.035257 0.053600 0.072709 0.034836 0.053600 0.072422 0.034836 0.050200 0.072422 0.035257 0.050200 0.072709 0.035732 0.050200 0.072892 0.036237 0.050200 0.072961 0.034641 0.053600 0.072758 0.034439 0.053600 0.073089 0.034228 0.053600 0.073414 0.034228 0.050200 0.073414 0.034439 0.050200 0.073089 0.034641 0.050200 0.072758 0.034675 0.053600 0.073659 0.035054 0.053600 0.074000 0.035344 0.053600 0.074418 0.035531 0.053600 0.074892 0.035531 0.050200 0.074892 0.035344 0.050200 0.074418 0.035054 0.050200 0.074000 0.034675 0.050200 0.073659 0.035438 0.053600 0.075022 0.035344 0.053600 0.075152 0.035249 0.053600 0.075280 0.035249 0.050200 0.075280 0.035344 0.050200 0.075152 0.035438 0.050200 0.075022 0.034740 0.053600 0.075249 0.034252 0.053600 0.075102 0.033811 0.053600 0.074848 0.033441 0.053600 0.074498 0.033441 0.050200 0.074498 0.033811 0.050200 0.074848 0.034252 0.050200 0.075102 0.034740 0.050200 0.075249 0.033196 0.053600 0.074799 0.032944 0.053600 0.075094 0.032685 0.053600 0.075383 0.032685 0.050200 0.075383 0.032944 0.050200 0.075094 0.033196 0.050200 0.074799 0.033088 0.053600 0.075694 0.033409 0.053600 0.076090 0.033630 0.053600 0.076549 0.033740 0.053600 0.077046 0.033740 0.050200 0.077046 0.033630 0.050200 0.076549 0.033409 0.050200 0.076090 0.033088 0.050200 0.075694 0.033628 0.053600 0.077160 0.033515 0.053600 0.077274 0.033401 0.053600 0.077386 0.033401 0.050200 0.077386 0.033515 0.050200 0.077274 0.033628 0.050200 0.077160 0.032904 0.053600 0.077275 0.032445 0.053600 0.077054 0.032049 0.053600 0.076733 0.031738 0.053600 0.076330 0.031738 0.050200 0.076330 0.032049 0.050200 0.076733 0.032445 0.050200 0.077054 0.032904 0.050200 0.077275 0.031449 0.053600 0.076589 0.031154 0.053600 0.076841 0.030853 0.053600 0.077086 0.030853 0.050200 0.077086 0.031154 0.050200 0.076841 0.031449 0.050200 0.076589 0.031202 0.053600 0.077457 0.031457 0.053600 0.077898 0.031604 0.053600 0.078385 0.031635 0.053600 0.078894 0.031635 0.050200 0.078894 0.031604 0.050200 0.078385 0.031457 0.050200 0.077898 0.031202 0.050200 0.077457 0.031507 0.053600 0.078989 0.031377 0.053600 0.079083 0.031247 0.053600 0.079176 0.031247 0.050200 0.079176 0.031377 0.050200 0.079083 0.031507 0.050200 0.078989 0.030773 0.053600 0.078989 0.030354 0.053600 0.078699 0.030014 0.053600 0.078320 0.029769 0.053600 0.077873 0.029769 0.050200 0.077873 0.030014 0.050200 0.078320 0.030354 0.050200 0.078699 0.030773 0.050200 0.078989 0.029443 0.053600 0.078084 0.029113 0.053600 0.078287 0.028777 0.053600 0.078481 0.028777 0.050200 0.078481 0.029113 0.050200 0.078287 0.029443 0.050200 0.078084 0.029064 0.053600 0.078902 0.029247 0.053600 0.079378 0.029316 0.053600 0.079882 0.029267 0.053600 0.080389 0.029267 0.050200 0.080389 0.029316 0.050200 0.079882 0.029247 0.050200 0.079378 0.029064 0.050200 0.078902 0.029125 0.053600 0.080463 0.028982 0.053600 0.080536 0.028839 0.053600 0.080607 0.028839 0.050200 0.080607 0.028982 0.050200 0.080536 0.029125 0.050200 0.080463 0.028400 0.053600 0.080349 0.028032 0.053600 0.079996 0.027755 0.053600 0.079569 0.027583 0.053600 0.079090 0.027583 0.050200 0.079090 0.027755 0.050200 0.079569 0.028032 0.050200 0.079996 0.028400 0.050200 0.080349 0.027229 0.053600 0.079247 0.026870 0.053600 0.079395 0.026509 0.053600 0.079535 0.026509 0.050200 0.079535 0.026870 0.050200 0.079395 0.027229 0.050200 0.079247 0.026726 0.053600 0.079995 0.026832 0.053600 0.080494 0.026821 0.053600 0.081003 0.026694 0.053600 0.081496 0.026694 0.050200 0.081496 0.026821 0.050200 0.081003 0.026832 0.050200 0.080494 0.026726 0.050200 0.079995 0.026542 0.053600 0.081547 0.026390 0.053600 0.081596 0.026237 0.053600 0.081644 0.026237 0.050200 0.081644 0.026390 0.050200 0.081596 0.026542 0.050200 0.081547 0.025844 0.053600 0.081320 0.025536 0.053600 0.080915 0.025329 0.053600 0.080449 0.025329 0.050200 0.080449 0.025536 0.050200 0.080915 0.025844 0.050200 0.081320 0.016950 0.050200 0.080025 0.016950 0.053600 0.080025 0.016855 0.053600 0.080000 0.016760 0.053600 0.079975 0.016666 0.053600 0.079949 0.016666 0.050200 0.079949 0.016760 0.050200 0.079975 0.016855 0.050200 0.080000 0.016571 0.053600 0.080449 0.016364 0.053600 0.080915 0.016056 0.053600 0.081320 0.015663 0.053600 0.081644 0.015663 0.050200 0.081644 0.016056 0.050200 0.081320 0.016364 0.050200 0.080915 0.016571 0.050200 0.080449 0.015510 0.053600 0.081596 0.015358 0.053600 0.081547 0.015358 0.050200 0.081547 0.015510 0.050200 0.081596 0.015030 0.053600 0.079395 0.014671 0.053600 0.079247 0.014317 0.053600 0.079090 0.014317 0.050200 0.079090 0.014671 0.050200 0.079247 0.015030 0.050200 0.079395 0.014145 0.053600 0.079569 0.013868 0.053600 0.079996 0.013500 0.053600 0.080349 0.013061 0.053600 0.080607 0.013061 0.050200 0.080607 0.013500 0.050200 0.080349 0.013868 0.050200 0.079996 0.014145 0.050200 0.079569 0.012918 0.053600 0.080536 0.012775 0.053600 0.080463 0.012775 0.050200 0.080463 0.012918 0.050200 0.080536 0.012787 0.053600 0.078287 0.012457 0.053600 0.078084 0.012131 0.053600 0.077873 0.012131 0.050200 0.077873 0.012457 0.050200 0.078084 0.012787 0.050200 0.078287 0.011886 0.053600 0.078320 0.011546 0.053600 0.078699 0.011127 0.053600 0.078989 0.010653 0.053600 0.079176 0.010653 0.050200 0.079176 0.011127 0.050200 0.078989 0.011546 0.050200 0.078699 0.011886 0.050200 0.078320 0.010523 0.053600 0.079083 0.010393 0.053600 0.078989 0.010393 0.050200 0.078989 0.010523 0.050200 0.079083 0.010746 0.053600 0.076841 0.010451 0.053600 0.076589 0.010162 0.053600 0.076330 0.010162 0.050200 0.076330 0.010451 0.050200 0.076589 0.010746 0.050200 0.076841 0.009851 0.053600 0.076733 0.009455 0.053600 0.077054 0.008996 0.053600 0.077275 0.008499 0.053600 0.077386 0.008499 0.050200 0.077386 0.008996 0.050200 0.077275 0.009455 0.050200 0.077054 0.009851 0.050200 0.076733 0.008385 0.053600 0.077274 0.008272 0.053600 0.077160 0.008160 0.053600 0.077046 0.008160 0.050200 0.077046 0.008272 0.050200 0.077160 0.008385 0.050200 0.077274 0.008270 0.053600 0.076549 0.008491 0.053600 0.076090 0.008812 0.053600 0.075694 0.009215 0.053600 0.075383 0.009215 0.050200 0.075383 0.008812 0.050200 0.075694 0.008491 0.050200 0.076090 0.008270 0.050200 0.076549 0.008956 0.053600 0.075094 0.008704 0.053600 0.074799 0.008459 0.053600 0.074498 0.008459 0.050200 0.074498 0.008704 0.050200 0.074799 0.008956 0.050200 0.075094 0.008089 0.053600 0.074848 0.007648 0.053600 0.075102 0.007160 0.053600 0.075249 0.006651 0.053600 0.075280 0.006651 0.050200 0.075280 0.007160 0.050200 0.075249 0.007648 0.050200 0.075102 0.008089 0.050200 0.074848 0.006556 0.053600 0.075152 0.006462 0.053600 0.075022 0.006369 0.053600 0.074892 0.006369 0.050200 0.074892 0.006462 0.050200 0.075022 0.006556 0.050200 0.075152 0.006556 0.053600 0.074418 0.006846 0.053600 0.074000 0.007225 0.053600 0.073659 0.007672 0.053600 0.073414 0.007672 0.050200 0.073414 0.007225 0.050200 0.073659 0.006846 0.050200 0.074000 0.006556 0.050200 0.074418 0.007461 0.053600 0.073089 0.007259 0.053600 0.072758 0.007064 0.053600 0.072422 0.007064 0.050200 0.072422 0.007259 0.050200 0.072758 0.007461 0.050200 0.073089 0.006643 0.053600 0.072709 0.006168 0.053600 0.072892 0.005663 0.053600 0.072961 0.005156 0.053600 0.072912 0.005156 0.050200 0.072912 0.005663 0.050200 0.072961 0.006168 0.050200 0.072892 0.006643 0.050200 0.072709 0.005082 0.053600 0.072770 0.005009 0.053600 0.072628 0.004938 0.053600 0.072484 0.004938 0.050200 0.072484 0.005009 0.050200 0.072628 0.005082 0.050200 0.072770 0.005197 0.053600 0.072046 0.005549 0.053600 0.071678 0.005976 0.053600 0.071400 0.006456 0.053600 0.071229 0.006456 0.050200 0.071229 0.005976 0.050200 0.071400 0.005549 0.050200 0.071678 0.005197 0.050200 0.072046 0.006299 0.053600 0.070874 0.006150 0.053600 0.070516 0.006011 0.053600 0.070154 0.006011 0.050200 0.070154 0.006150 0.050200 0.070516 0.006299 0.050200 0.070874 0.005550 0.053600 0.070371 0.005052 0.053600 0.070478 0.004543 0.053600 0.070467 0.004049 0.053600 0.070339 0.004049 0.050200 0.070339 0.004543 0.050200 0.070467 0.005052 0.050200 0.070478 0.005550 0.050200 0.070371 0.003999 0.053600 0.070187 0.003949 0.053600 0.070035 0.003901 0.053600 0.069883 0.003901 0.050200 0.069883 0.003949 0.050200 0.070035 0.003999 0.050200 0.070187 0.004225 0.053600 0.069489 0.004631 0.053600 0.069181 0.005096 0.053600 0.068974 0.005597 0.053600 0.068879 0.005597 0.050200 0.068879 0.005096 0.050200 0.068974 0.004631 0.050200 0.069181 0.004225 0.050200 0.069489 0.005497 0.053600 0.068505 0.005406 0.053600 0.068128 0.005325 0.053600 0.067748 0.005325 0.050200 0.067748 0.005406 0.050200 0.068128 0.005497 0.050200 0.068505 0.004836 0.053600 0.067891 0.004327 0.053600 0.067918 0.003826 0.053600 0.067828 0.003359 0.053600 0.067624 0.003359 0.050200 0.067624 0.003826 0.050200 0.067828 0.004327 0.050200 0.067918 0.004836 0.050200 0.067891 0.003332 0.053600 0.067467 0.003307 0.053600 0.067309 0.003284 0.053600 0.067150 0.003284 0.050200 0.067150 0.003307 0.050200 0.067309 0.003332 0.050200 0.067467 0.003665 0.053600 0.066813 0.004114 0.053600 0.066572 0.004606 0.053600 0.066440 0.004606 0.050200 0.066440 0.004114 0.050200 0.066572 0.003665 0.050200 0.066813 0.024950 0.050200 0.168595 0.016950 0.050200 0.168595 0.024950 0.053600 0.168595 0.016950 0.053600 0.168595</float_array>
          <technique_common>
            <accessor source="#ratio_left_gear-mesh-positions-array" count="1256" stride="3">
              <param name="X" type="float"/>
              <param name="Y" type="float"/>
              <param name="Z" type="float"/>
            </accessor>
          </technique_common>
        </source>
        <source id="ratio_left_gear-mesh-normals">
          <float_array id="ratio_left_gear-mesh-normals-array" count="8448">-0.965926 -0.000000 0.258819 -0.965926 -0.000000 0.258819 -1.000000 -0.000000 0.000000 -1.000000 0.000000 -0.000000 -0.965926 0.000000 -0.258819 -0.965926 0.000000 -0.258819 -0.866025 0.000000 -0.500000 -0.866025 0.000000 -0.500000 -0.707107 0.000000 -0.707107 -0.707107 0.000000 -0.707107 -0.500000 0.000000 -0.866025 -0.500000 0.000000 -0.866025 -0.258819 0.000000 -0.965926 -0.258819 0.000000 -0.965926 -0.000000 0.000000 -1.000000 -0.000000 0.000000 -1.000000 0.258819 0.000000 -0.965926 0.258819 0.000000 -0.965926 0.500000 0.000000 -0.866025 0.500000 0.000000 -0.866025 0.707107 0.000000 -0.707107 0.707107 0.000000 -0.707107 0.866025 0.000000 -0.500000 0.866025 0.000000 -0.500000 0.965926 0.000000 -0.258819 0.965926 0.000000 -0.258819 1.000000 0.000000 -0.000000 1.000000 0.000000 -0.000000 0.965926 -0.000000 0.258819 0.965926 -0.000000 0.258819 0.866025 -0.000000 0.500000 0.866025 -0.000000 0.500000 0.707107 -0.000000 0.707107 0.707107 -0.000000 0.707107 0.500000 -0.000000 0.866025 0.500000 -0.000000 0.866025 0.258819 -0.000000 0.965926 0.258819 -0.000000 0.965926 -0.000000 -0.000000 1.000000 -0.000000 -0.000000 1.000000 -0.258819 -0.000000 0.965926 -0.258819 -0.000000 0.965926 -0.500000 -0.000000 0.866025 -0.500000 -0.000000 0.866025 -0.707107 -0.000000 0.707107 -0.707107 -0.000000 0.707107 -0.866025 -0.000000 0.500000 -0.866025 -0.000000 0.500000 -0.965926 -0.000000 0.258819 -0.965926 -0.000000 0.258819 -1.000000 -0.000000 0.000000 -1.000000 0.000000 -0.000000 -0.965926 0.000000 -0.258819 -0.965926 0.000000 -0.258819 -0.866025 0.000000 -0.500000 -0.866025 0.000000 -0.500000 -0.707107 0.000000 -0.707107 -0.707107 0.000000 -0.707107 -0.500000 0.000000 -0.866025 -0.500000 0.000000 -0.866025 -0.258819 0.000000 -0.965926 -0.258819 0.000000 -0.965926 -0.000000 0.000000 -1.000000 -0.000000 0.000000 -1.000000 0.258819 0.000000 -0.965926 0.258819 0.000000 -0.965926 0.500000 0.000000 -0.866025 0.500000 0.000000 -0.866025 0.707107 0.000000 -0.707107 0.707107 0.000000 -0.707107 0.866025 0.000000 -0.500000 0.866025 0.000000 -0.500000 0.965926 0.000000 -0.258819 0.965926 0.000000 -0.258819 1.000000 0.000000 -0.000000 1.000000 0.000000 -0.000000 0.965926 -0.000000 0.258819 0.965926 -0.000000 0.258819 0.866025 -0.000000 0.500000 0.866025 -0.000000 0.500000 0.707107 -0.000000 0.707107 0.707107 -0.000000 0.707107 0.500000 -0.000000 0.866025 0.500000 -0.000000 0.866025 0.258819 -0.000000 0.965926 0.258819 -0.000000 0.965926 -0.000000 -0.000000 1.000000 -0.000000 -0.000000 1.000000 -0.258819 -0.000000 0.965926 -0.258819 -0.000000 0.965926 -0.500000 -0.000000 0.866025 -0.500000 -0.000000 0.866025 -0.707107 -0.000000 0.707107 -0.707107 -0.000000 0.707107 -0.866025 -0.000000 0.500000 -0.866025 -0.000000 0.500000 0.980785 -0.000000 0.195090 0.980785 -0.000000 0.195090 1.000000 0.000000 -0.000000 1.000000 -0.000000 0.000000 0.980785 0.000000 -0.195090 0.980785 0.000000 -0.195090 0.923880 0.000000 -0.382683 0.923880 0.000000 -0.382683 0.831470 0.000000 -0.555570 0.831470 0.000000 -0.555570 0.707107 0.000000 -0.707107 0.707107 0.000000 -0.707107 0.555570 0.000000 -0.831470 0.555570 0.000000 -0.831470 0.382683 0.000000 -0.923880 0.382683 0.000000 -0.923880 0.195090 0.000000 -0.980785 0.195090 0.000000 -0.980785 0.000000 0.000000 -1.000000 0.000000 0.000000 -1.000000 -0.195090 0.000000 -0.980785 -0.195090 0.000000 -0.980785 -0.382683 0.000000 -0.923880 -0.382683 0.000000 -0.923880 -0.555570 0.000000 -0.831470 -0.555570 0.000000 -0.831470 -0.707107 0.000000 -0.707107 -0.707107 0.000000 -0.707107 -0.831470 0.000000 -0.555570 -0.831470 0.000000 -0.555570 -0.923880 0.000000 -0.382683 -0.923880 0.000000 -0.382683 -0.980785 0.000000 -0.195090 -0.980785 0.000000 -0.195090 -1.000000 0.000000 -0.000000 -1.000000 0.000000 -0.000000 -0.980785 -0.000000 0.195090 -0.980785 -0.000000 0.195090 -0.923880 -0.000000 0.382683 -0.923880 -0.000000 0.382683 -0.831470 -0.000000 0.555570 -0.831470 -0.000000 0.555570 -0.707107 -0.000000 0.707107 -0.707107 -0.000000 0.707107 -0.555570 -0.000000 0.831470 -0.555570 -0.000000 0.831470 -0.382683 -0.000000 0.923880 -0.382683 -0.000000 0.923880 -0.195090 -0.000000 0.980785 -0.195090 -0.000000 0.980785 0.000000 -0.000000 1.000000 0.000000 -0.000000 1.000000 0.195090 -0.000000 0.980785 0.195090 -0.000000 0.980785 0.382683 -0.000000 0.923880 0.382683 -0.000000 0.923880 0.555570 -0.000000 0.831470 0.555570 -0.000000 0.831470 0.707107 -0.000000 0.707107 0.707107 -0.000000 0.707107 0.831470 -0.000000 0.555570 0.831470 -0.000000 0.555570 0.923880 -0.000000 0.382683 0.923880 -0.000000 0.382683 0.965926 -0.000000 0.258819 0.965926 -0.000000 0.258819 1.000000 -0.000000 0.000000 1.000000 -0.000000 0.000000 0.965926 0.000000 -0.258819 0.965926 0.000000 -0.258819 0.866025 0.000000 -0.500000 0.866025 0.000000 -0.500000 0.707107 0.000000 -0.707107 0.707107 0.000000 -0.707107 0.500000 0.000000 -0.866025 0.500000 0.000000 -0.866025 0.258819 0.000000 -0.965926 0.258819 0.000000 -0.965926 0.000000 0.000000 -1.000000 0.000000 0.000000 -1.000000 -0.258819 0.000000 -0.965926 -0.258819 0.000000 -0.965926 -0.500000 0.000000 -0.866025 -0.500000 0.000000 -0.866025 -0.707107 0.000000 -0.707107 -0.707107 0.000000 -0.707107 -0.866025 0.000000 -0.500000 -0.866025 0.000000 -0.500000 -0.965926 0.000000 -0.258819 -0.965926 0.000000 -0.258819 -1.000000 0.000000 -0.000000 -1.000000 0.000000 -0.000000 -0.965926 -0.000000 0.258819 -0.965926 -0.000000 0.258819 -0.866025 -0.000000 0.500000 -0.866025 -0.000000 0.500000 -0.707107 -0.000000 0.707107 -0.707107 -0.000000 0.707107 -0.500000 -0.000000 0.866025 -0.500000 -0.000000 0.866025 -0.258819 -0.000000 0.965926 -0.258819 -0.000000 0.965926 0.000000 -0.000000 1.000000 0.000000 -0.000000 1.000000 0.258819 -0.000000 0.965926 0.258819 -0.000000 0.965926 0.500000 -0.000000 0.866025 0.500000 -0.000000 0.866025 0.707107 -0.000000 0.707107 0.707107 -0.000000 0.707107 0.866025 -0.000000 0.500000 0.866025 -0.000000 0.500000 -0.643926 0.000000 -0.765088 -0.643926 0.000000 -0.765088 -0.802261 0.000000 -0.596974 -0.802261 0.000000 -0.596974 -0.917809 0.000000 -0.397022 -0.917809 0.000000 -0.397022 -0.984409 0.000000 -0.175897 -0.984409 0.000000 -0.175897 -0.998508 -0.000000 0.054610 -0.998508 -0.000000 0.054610 -0.755685 0.000000 -0.654936 -0.755685 0.000000 -0.654936 -0.885771 0.000000 -0.464123 -0.885771 0.000000 -0.464123 -0.968617 0.000000 -0.248557 -0.968617 0.000000 -0.248557 -0.999805 0.000000 -0.019736 -0.999805 0.000000 -0.019736 -0.977672 -0.000000 0.210138 -0.977672 -0.000000 0.210138 -0.848835 0.000000 -0.528657 -0.848835 0.000000 -0.528657 -0.947470 0.000000 -0.319844 -0.947470 0.000000 -0.319844 -0.995575 0.000000 -0.093972 -0.995575 0.000000 -0.093972 -0.990583 -0.000000 0.136911 -0.990583 -0.000000 0.136911 -0.932762 -0.000000 0.360493 -0.932762 -0.000000 0.360493 -0.667437 0.000000 -0.744666 -0.667437 0.000000 -0.744666 -0.820460 0.000000 -0.571704 -0.820460 0.000000 -0.571704 -0.929726 0.000000 -0.368252 -0.929726 0.000000 -0.368252 -0.989408 0.000000 -0.145160 -0.989408 0.000000 -0.145160 -0.996323 -0.000000 0.085674 -0.996323 -0.000000 0.085674 -0.775711 0.000000 -0.631088 -0.775711 0.000000 -0.631088 -0.899793 0.000000 -0.436317 -0.899793 0.000000 -0.436317 -0.975887 0.000000 -0.218277 -0.975887 0.000000 -0.218277 -0.999935 -0.000000 0.011405 -0.999935 -0.000000 0.011405 -0.970654 -0.000000 0.240478 -0.970654 -0.000000 0.240478 -0.864885 0.000000 -0.501971 -0.864885 0.000000 -0.501971 -0.956970 0.000000 -0.290187 -0.956970 0.000000 -0.290187 -0.998018 0.000000 -0.062927 -0.998018 0.000000 -0.062927 -0.985840 -0.000000 0.167689 -0.985840 -0.000000 0.167689 -0.921085 -0.000000 0.389362 -0.921085 -0.000000 0.389362 -0.932762 0.000000 -0.360493 -0.932762 0.000000 -0.360493 -0.990583 0.000000 -0.136911 -0.990583 0.000000 -0.136911 -0.995575 -0.000000 0.093972 -0.995575 -0.000000 0.093972 -0.947470 -0.000000 0.319844 -0.947470 -0.000000 0.319844 -0.848835 -0.000000 0.528657 -0.848835 -0.000000 0.528657 -0.977672 0.000000 -0.210138 -0.977672 0.000000 -0.210138 -0.999805 -0.000000 0.019736 -0.999805 -0.000000 0.019736 -0.968617 -0.000000 0.248557 -0.968617 -0.000000 0.248557 -0.885771 -0.000000 0.464123 -0.885771 -0.000000 0.464123 -0.755685 -0.000000 0.654936 -0.755685 -0.000000 0.654936 -0.998508 0.000000 -0.054610 -0.998508 0.000000 -0.054610 -0.984409 -0.000000 0.175897 -0.984409 -0.000000 0.175897 -0.917809 -0.000000 0.397022 -0.917809 -0.000000 0.397022 -0.802261 -0.000000 0.596974 -0.802261 -0.000000 0.596974 -0.643926 -0.000000 0.765088 -0.643926 -0.000000 0.765088 -0.999910 0.000000 -0.013445 -0.999910 0.000000 -0.013445 -0.999990 0.000000 -0.004482 -0.999990 0.000000 -0.004482 -0.999990 -0.000000 0.004482 -0.999990 -0.000000 0.004482 -0.999910 -0.000000 0.013445 -0.999910 -0.000000 0.013445 0.268768 -0.000000 0.963205 0.268768 -0.000000 0.963205 0.262836 -0.000000 0.964841 0.262836 -0.000000 0.964841 0.256893 -0.000000 0.966440 0.256893 -0.000000 0.966440 0.250941 -0.000000 0.968002 0.250941 -0.000000 0.968002 -0.993391 -0.000000 0.114781 -0.993391 -0.000000 0.114781 -0.995889 -0.000000 0.090580 -0.995889 -0.000000 0.090580 -0.997798 -0.000000 0.066326 -0.997798 -0.000000 0.066326 -0.999116 -0.000000 0.042033 -0.999116 -0.000000 0.042033 0.240478 -0.000000 0.970654 0.240478 -0.000000 0.970654 0.011405 -0.000000 0.999935 0.011405 -0.000000 0.999935 -0.218277 -0.000000 0.975887 -0.218277 -0.000000 0.975887 -0.436317 -0.000000 0.899793 -0.436317 -0.000000 0.899793 -0.631088 -0.000000 0.775711 -0.631088 -0.000000 0.775711 -0.631088 0.000000 -0.775711 -0.631088 0.000000 -0.775711 -0.436317 0.000000 -0.899793 -0.436317 0.000000 -0.899793 -0.218277 0.000000 -0.975887 -0.218277 0.000000 -0.975887 0.011405 0.000000 -0.999935 0.011405 0.000000 -0.999935 0.240478 0.000000 -0.970654 0.240478 0.000000 -0.970654 -0.999116 0.000000 -0.042033 -0.999116 0.000000 -0.042033 -0.997798 0.000000 -0.066326 -0.997798 0.000000 -0.066326 -0.995889 0.000000 -0.090580 -0.995889 0.000000 -0.090580 -0.993391 0.000000 -0.114781 -0.993391 0.000000 -0.114781 0.085674 -0.000000 0.996323 0.085674 -0.000000 0.996323 -0.145160 -0.000000 0.989408 -0.145160 -0.000000 0.989408 -0.368252 -0.000000 0.929726 -0.368252 -0.000000 0.929726 -0.571704 -0.000000 0.820460 -0.571704 -0.000000 0.820460 -0.744666 -0.000000 0.667437 -0.744666 -0.000000 0.667437 -0.989702 0.000000 -0.143140 -0.989702 0.000000 -0.143140 -0.988380 0.000000 -0.152006 -0.988380 0.000000 -0.152006 -0.986977 0.000000 -0.160860 -0.986977 0.000000 -0.160860 -0.985496 0.000000 -0.169700 -0.985496 0.000000 -0.169700 -0.501971 0.000000 -0.864885 -0.501971 0.000000 -0.864885 -0.290187 0.000000 -0.956970 -0.290187 0.000000 -0.956970 -0.062927 0.000000 -0.998018 -0.062927 0.000000 -0.998018 0.167689 0.000000 -0.985840 0.167689 0.000000 -0.985840 0.389362 0.000000 -0.921085 0.389362 0.000000 -0.921085 -0.980240 0.000000 -0.197811 -0.980240 0.000000 -0.197811 -0.975138 0.000000 -0.221600 -0.975138 0.000000 -0.221600 -0.969458 0.000000 -0.245257 -0.969458 0.000000 -0.245257 -0.963205 0.000000 -0.268768 -0.963205 0.000000 -0.268768 -0.071240 -0.000000 0.997459 -0.071240 -0.000000 0.997459 -0.298150 -0.000000 0.954519 -0.298150 -0.000000 0.954519 -0.509159 -0.000000 0.860672 -0.509159 -0.000000 0.860672 -0.693014 -0.000000 0.720924 -0.693014 -0.000000 0.720924 -0.839909 -0.000000 0.542728 -0.839909 -0.000000 0.542728 -0.955125 0.000000 -0.296202 -0.955125 0.000000 -0.296202 -0.952432 0.000000 -0.304751 -0.952432 0.000000 -0.304751 -0.949662 0.000000 -0.313276 -0.949662 0.000000 -0.313276 -0.946816 0.000000 -0.321776 -0.946816 0.000000 -0.321776 -0.360493 0.000000 -0.932762 -0.360493 0.000000 -0.932762 -0.136911 0.000000 -0.990583 -0.136911 0.000000 -0.990583 0.093972 0.000000 -0.995575 0.093972 0.000000 -0.995575 0.319844 0.000000 -0.947470 0.319844 0.000000 -0.947470 0.528657 0.000000 -0.848835 0.528657 0.000000 -0.848835 -0.937227 0.000000 -0.348719 -0.937227 0.000000 -0.348719 -0.928466 0.000000 -0.371416 -0.928466 0.000000 -0.371416 -0.919156 0.000000 -0.393894 -0.919156 0.000000 -0.393894 -0.909301 0.000000 -0.416138 -0.909301 0.000000 -0.416138 -0.226400 -0.000000 0.974034 -0.226400 -0.000000 0.974034 -0.443799 -0.000000 0.896126 -0.443799 -0.000000 0.896126 -0.637529 -0.000000 0.770426 -0.637529 -0.000000 0.770426 -0.797259 -0.000000 0.603637 -0.797259 -0.000000 0.603637 -0.914469 -0.000000 0.404655 -0.914469 -0.000000 0.404655 -0.897030 0.000000 -0.441970 -0.897030 0.000000 -0.441970 -0.893032 0.000000 -0.449993 -0.893032 0.000000 -0.449993 -0.888963 0.000000 -0.457979 -0.888963 0.000000 -0.457979 -0.884822 0.000000 -0.465929 -0.884822 0.000000 -0.465929 -0.210138 0.000000 -0.977672 -0.210138 0.000000 -0.977672 0.019736 0.000000 -0.999805 0.019736 0.000000 -0.999805 0.248557 0.000000 -0.968617 0.248557 0.000000 -0.968617 0.464123 0.000000 -0.885771 0.464123 0.000000 -0.885771 0.654936 0.000000 -0.755685 0.654936 0.000000 -0.755685 -0.871137 0.000000 -0.491041 -0.871137 0.000000 -0.491041 -0.858933 0.000000 -0.512088 -0.858933 0.000000 -0.512088 -0.846221 0.000000 -0.532832 -0.846221 0.000000 -0.532832 -0.833008 0.000000 -0.553261 -0.833008 0.000000 -0.553261 -0.375985 -0.000000 0.926626 -0.375985 -0.000000 0.926626 -0.578520 -0.000000 0.815668 -0.578520 -0.000000 0.815668 -0.750202 -0.000000 0.661209 -0.750202 -0.000000 0.661209 -0.881873 -0.000000 0.471487 -0.881873 -0.000000 0.471487 -0.966513 -0.000000 0.256619 -0.966513 -0.000000 0.256619 -0.816847 0.000000 -0.576855 -0.816847 0.000000 -0.576855 -0.811643 0.000000 -0.584153 -0.811643 0.000000 -0.584153 -0.806374 0.000000 -0.591405 -0.806374 0.000000 -0.591405 -0.801041 0.000000 -0.598610 -0.801041 0.000000 -0.598610 -0.054610 0.000000 -0.998508 -0.054610 0.000000 -0.998508 0.175897 0.000000 -0.984409 0.175897 0.000000 -0.984409 0.397022 0.000000 -0.917809 0.397022 0.000000 -0.917809 0.596974 0.000000 -0.802261 0.596974 0.000000 -0.802261 0.765088 0.000000 -0.643926 0.765088 0.000000 -0.643926 -0.783596 0.000000 -0.621271 -0.783596 0.000000 -0.621271 -0.768250 0.000000 -0.640150 -0.768250 0.000000 -0.640150 -0.752449 0.000000 -0.658650 -0.752449 0.000000 -0.658650 -0.736203 0.000000 -0.676760 -0.736203 0.000000 -0.676760 -0.516312 -0.000000 0.856400 -0.516312 -0.000000 0.856400 -0.698996 -0.000000 0.715125 -0.698996 -0.000000 0.715125 -0.844401 -0.000000 0.535711 -0.844401 -0.000000 0.535711 -0.944773 -0.000000 0.327727 -0.944773 -0.000000 0.327727 -0.994757 -0.000000 0.102264 -0.994757 -0.000000 0.102264 -0.716550 0.000000 -0.697536 -0.716550 0.000000 -0.697536 -0.710269 0.000000 -0.703930 -0.710269 0.000000 -0.703930 -0.703930 0.000000 -0.710269 -0.703930 0.000000 -0.710269 -0.697536 0.000000 -0.716550 -0.697536 0.000000 -0.716550 0.102264 0.000000 -0.994757 0.102264 0.000000 -0.994757 0.327727 0.000000 -0.944773 0.327727 0.000000 -0.944773 0.535711 0.000000 -0.844401 0.535711 0.000000 -0.844401 0.715125 0.000000 -0.698996 0.715125 0.000000 -0.698996 0.856400 0.000000 -0.516312 0.856400 0.000000 -0.516312 -0.676760 0.000000 -0.736203 -0.676760 0.000000 -0.736203 -0.658650 0.000000 -0.752449 -0.658650 0.000000 -0.752449 -0.640150 0.000000 -0.768250 -0.640150 0.000000 -0.768250 -0.621271 0.000000 -0.783596 -0.621271 0.000000 -0.783596 -0.598610 0.000000 -0.801041 -0.598610 0.000000 -0.801041 -0.591405 0.000000 -0.806374 -0.591405 0.000000 -0.806374 -0.584153 0.000000 -0.811643 -0.584153 0.000000 -0.811643 -0.576855 0.000000 -0.816847 -0.576855 0.000000 -0.816847 0.256619 0.000000 -0.966513 0.256619 0.000000 -0.966513 0.471487 0.000000 -0.881873 0.471487 0.000000 -0.881873 0.661209 0.000000 -0.750202 0.661209 0.000000 -0.750202 0.815668 0.000000 -0.578520 0.815668 0.000000 -0.578520 0.926626 0.000000 -0.375985 0.926626 0.000000 -0.375985 -0.553261 0.000000 -0.833008 -0.553261 0.000000 -0.833008 -0.532832 0.000000 -0.846221 -0.532832 0.000000 -0.846221 -0.512088 0.000000 -0.858933 -0.512088 0.000000 -0.858933 -0.491041 0.000000 -0.871137 -0.491041 0.000000 -0.871137 -0.465929 0.000000 -0.884822 -0.465929 0.000000 -0.884822 -0.457979 0.000000 -0.888963 -0.457979 0.000000 -0.888963 -0.449993 0.000000 -0.893032 -0.449993 0.000000 -0.893032 -0.441970 0.000000 -0.897030 -0.441970 0.000000 -0.897030 0.404655 0.000000 -0.914469 0.404655 0.000000 -0.914469 0.603637 0.000000 -0.797259 0.603637 0.000000 -0.797259 0.770426 0.000000 -0.637529 0.770426 0.000000 -0.637529 0.896126 0.000000 -0.443799 0.896126 0.000000 -0.443799 0.974034 0.000000 -0.226400 0.974034 0.000000 -0.226400 -0.416138 0.000000 -0.909301 -0.416138 0.000000 -0.909301 -0.393894 0.000000 -0.919156 -0.393894 0.000000 -0.919156 -0.371416 0.000000 -0.928466 -0.371416 0.000000 -0.928466 -0.348719 0.000000 -0.937227 -0.348719 0.000000 -0.937227 -0.321776 0.000000 -0.946816 -0.321776 0.000000 -0.946816 -0.313276 0.000000 -0.949662 -0.313276 0.000000 -0.949662 -0.304751 0.000000 -0.952432 -0.304751 0.000000 -0.952432 -0.296202 0.000000 -0.955125 -0.296202 0.000000 -0.955125 0.542728 0.000000 -0.839909 0.542728 0.000000 -0.839909 0.720924 0.000000 -0.693014 0.720924 0.000000 -0.693014 0.860672 0.000000 -0.509159 0.860672 0.000000 -0.509159 0.954519 0.000000 -0.298150 0.954519 0.000000 -0.298150 0.997459 0.000000 -0.071240 0.997459 0.000000 -0.071240 -0.268768 0.000000 -0.963205 -0.268768 0.000000 -0.963205 -0.245257 0.000000 -0.969458 -0.245257 0.000000 -0.969458 -0.221600 0.000000 -0.975138 -0.221600 0.000000 -0.975138 -0.197811 0.000000 -0.980240 -0.197811 0.000000 -0.980240 -0.169700 0.000000 -0.985496 -0.169700 0.000000 -0.985496 -0.160860 0.000000 -0.986977 -0.160860 0.000000 -0.986977 -0.152006 0.000000 -0.988380 -0.152006 0.000000 -0.988380 -0.143140 0.000000 -0.989702 -0.143140 0.000000 -0.989702 0.667437 0.000000 -0.744666 0.667437 0.000000 -0.744666 0.820460 0.000000 -0.571704 0.820460 0.000000 -0.571704 0.929726 0.000000 -0.368252 0.929726 0.000000 -0.368252 0.989408 0.000000 -0.145160 0.989408 0.000000 -0.145160 0.996323 -0.000000 0.085674 0.996323 -0.000000 0.085674 -0.114781 0.000000 -0.993391 -0.114781 0.000000 -0.993391 -0.090580 0.000000 -0.995889 -0.090580 0.000000 -0.995889 -0.066326 0.000000 -0.997798 -0.066326 0.000000 -0.997798 -0.042033 0.000000 -0.999116 -0.042033 0.000000 -0.999116 -0.013445 0.000000 -0.999910 -0.013445 0.000000 -0.999910 -0.004482 0.000000 -0.999990 -0.004482 0.000000 -0.999990 0.004482 0.000000 -0.999990 0.004482 0.000000 -0.999990 0.013445 0.000000 -0.999910 0.013445 0.000000 -0.999910 0.775711 0.000000 -0.631088 0.775711 0.000000 -0.631088 0.899793 0.000000 -0.436317 0.899793 0.000000 -0.436317 0.975887 0.000000 -0.218277 0.975887 0.000000 -0.218277 0.999935 -0.000000 0.011405 0.999935 -0.000000 0.011405 0.970654 -0.000000 0.240478 0.970654 -0.000000 0.240478 0.042033 0.000000 -0.999116 0.042033 0.000000 -0.999116 0.066326 0.000000 -0.997798 0.066326 0.000000 -0.997798 0.090580 0.000000 -0.995889 0.090580 0.000000 -0.995889 0.114781 0.000000 -0.993391 0.114781 0.000000 -0.993391 0.143140 0.000000 -0.989702 0.143140 0.000000 -0.989702 0.152006 0.000000 -0.988380 0.152006 0.000000 -0.988380 0.160860 0.000000 -0.986977 0.160860 0.000000 -0.986977 0.169700 0.000000 -0.985496 0.169700 0.000000 -0.985496 0.864885 0.000000 -0.501971 0.864885 0.000000 -0.501971 0.956970 0.000000 -0.290187 0.956970 0.000000 -0.290187 0.998018 0.000000 -0.062927 0.998018 0.000000 -0.062927 0.985840 -0.000000 0.167689 0.985840 -0.000000 0.167689 0.921085 -0.000000 0.389362 0.921085 -0.000000 0.389362 0.197811 0.000000 -0.980240 0.197811 0.000000 -0.980240 0.221600 0.000000 -0.975138 0.221600 0.000000 -0.975138 0.245257 0.000000 -0.969458 0.245257 0.000000 -0.969458 0.268768 0.000000 -0.963205 0.268768 0.000000 -0.963205 -0.997459 0.000000 -0.071240 -0.997459 0.000000 -0.071240 -0.954519 0.000000 -0.298150 -0.954519 0.000000 -0.298150 -0.860672 0.000000 -0.509159 -0.860672 0.000000 -0.509159 -0.720924 0.000000 -0.693014 -0.720924 0.000000 -0.693014 -0.542728 0.000000 -0.839909 -0.542728 0.000000 -0.839909 0.296202 0.000000 -0.955125 0.296202 0.000000 -0.955125 0.304751 0.000000 -0.952432 0.304751 0.000000 -0.952432 0.313276 0.000000 -0.949662 0.313276 0.000000 -0.949662 0.321776 0.000000 -0.946816 0.321776 0.000000 -0.946816 0.932762 0.000000 -0.360493 0.932762 0.000000 -0.360493 0.990583 0.000000 -0.136911 0.990583 0.000000 -0.136911 0.995575 -0.000000 0.093972 0.995575 -0.000000 0.093972 0.947470 -0.000000 0.319844 0.947470 -0.000000 0.319844 0.848835 -0.000000 0.528657 0.848835 -0.000000 0.528657 0.348719 0.000000 -0.937227 0.348719 0.000000 -0.937227 0.371416 0.000000 -0.928466 0.371416 0.000000 -0.928466 0.393894 0.000000 -0.919156 0.393894 0.000000 -0.919156 0.416138 0.000000 -0.909301 0.416138 0.000000 -0.909301 -0.974034 0.000000 -0.226400 -0.974034 0.000000 -0.226400 -0.896126 0.000000 -0.443799 -0.896126 0.000000 -0.443799 -0.770426 0.000000 -0.637529 -0.770426 0.000000 -0.637529 -0.603637 0.000000 -0.797259 -0.603637 0.000000 -0.797259 -0.404655 0.000000 -0.914469 -0.404655 0.000000 -0.914469 0.441970 0.000000 -0.897030 0.441970 0.000000 -0.897030 0.449993 0.000000 -0.893032 0.449993 0.000000 -0.893032 0.457979 0.000000 -0.888963 0.457979 0.000000 -0.888963 0.465929 0.000000 -0.884822 0.465929 0.000000 -0.884822 0.977672 0.000000 -0.210138 0.977672 0.000000 -0.210138 0.999805 -0.000000 0.019736 0.999805 -0.000000 0.019736 0.968617 -0.000000 0.248557 0.968617 -0.000000 0.248557 0.885771 -0.000000 0.464123 0.885771 -0.000000 0.464123 0.755685 -0.000000 0.654936 0.755685 -0.000000 0.654936 0.491041 0.000000 -0.871137 0.491041 0.000000 -0.871137 0.512088 0.000000 -0.858933 0.512088 0.000000 -0.858933 0.532832 0.000000 -0.846221 0.532832 0.000000 -0.846221 0.553261 0.000000 -0.833008 0.553261 0.000000 -0.833008 -0.926626 0.000000 -0.375985 -0.926626 0.000000 -0.375985 -0.815668 0.000000 -0.578520 -0.815668 0.000000 -0.578520 -0.661209 0.000000 -0.750202 -0.661209 0.000000 -0.750202 -0.471487 0.000000 -0.881873 -0.471487 0.000000 -0.881873 -0.256619 0.000000 -0.966513 -0.256619 0.000000 -0.966513 0.576855 0.000000 -0.816847 0.576855 0.000000 -0.816847 0.584153 0.000000 -0.811643 0.584153 0.000000 -0.811643 0.591405 0.000000 -0.806374 0.591405 0.000000 -0.806374 0.598610 0.000000 -0.801041 0.598610 0.000000 -0.801041 0.998508 0.000000 -0.054610 0.998508 0.000000 -0.054610 0.984409 -0.000000 0.175897 0.984409 -0.000000 0.175897 0.917809 -0.000000 0.397022 0.917809 -0.000000 0.397022 0.802261 -0.000000 0.596974 0.802261 -0.000000 0.596974 0.643926 -0.000000 0.765088 0.643926 -0.000000 0.765088 0.621271 0.000000 -0.783596 0.621271 0.000000 -0.783596 0.640150 0.000000 -0.768250 0.640150 0.000000 -0.768250 0.658650 0.000000 -0.752449 0.658650 0.000000 -0.752449 0.676760 0.000000 -0.736203 0.676760 0.000000 -0.736203 -0.856400 0.000000 -0.516312 -0.856400 0.000000 -0.516312 -0.715125 0.000000 -0.698996 -0.715125 0.000000 -0.698996 -0.535711 0.000000 -0.844401 -0.535711 0.000000 -0.844401 -0.327727 0.000000 -0.944773 -0.327727 0.000000 -0.944773 -0.102264 0.000000 -0.994757 -0.102264 0.000000 -0.994757 0.697536 0.000000 -0.716550 0.697536 0.000000 -0.716550 0.703930 0.000000 -0.710269 0.703930 0.000000 -0.710269 0.710269 0.000000 -0.703930 0.710269 0.000000 -0.703930 0.716550 0.000000 -0.697536 0.716550 0.000000 -0.697536 0.994757 -0.000000 0.102264 0.994757 -0.000000 0.102264 0.944773 -0.000000 0.327727 0.944773 -0.000000 0.327727 0.844401 -0.000000 0.535711 0.844401 -0.000000 0.535711 0.698996 -0.000000 0.715125 0.698996 -0.000000 0.715125 0.516312 -0.000000 0.856400 0.516312 -0.000000 0.856400 0.736203 0.000000 -0.676760 0.736203 0.000000 -0.676760 0.752449 0.000000 -0.658650 0.752449 0.000000 -0.658650 0.768250 0.000000 -0.640150 0.768250 0.000000 -0.640150 0.783596 0.000000 -0.621271 0.783596 0.000000 -0.621271 -0.765088 0.000000 -0.643926 -0.765088 0.000000 -0.643926 -0.596974 0.000000 -0.802261 -0.596974 0.000000 -0.802261 -0.397022 0.000000 -0.917809 -0.397022 0.000000 -0.917809 -0.175897 0.000000 -0.984409 -0.175897 0.000000 -0.984409 0.054610 0.000000 -0.998508 0.054610 0.000000 -0.998508 0.801041 0.000000 -0.598610 0.801041 0.000000 -0.598610 0.806374 0.000000 -0.591405 0.806374 0.000000 -0.591405 0.811643 0.000000 -0.584153 0.811643 0.000000 -0.584153 0.816847 0.000000 -0.576855 0.816847 0.000000 -0.576855 0.966513 -0.000000 0.256619 0.966513 -0.000000 0.256619 0.881873 -0.000000 0.471487 0.881873 -0.000000 0.471487 0.750202 -0.000000 0.661209 0.750202 -0.000000 0.661209 0.578520 -0.000000 0.815668 0.578520 -0.000000 0.815668 0.375985 -0.000000 0.926626 0.375985 -0.000000 0.926626 0.833008 0.000000 -0.553261 0.833008 0.000000 -0.553261 0.846221 0.000000 -0.532832 0.846221 0.000000 -0.532832 0.858933 0.000000 -0.512088 0.858933 0.000000 -0.512088 0.871137 0.000000 -0.491041 0.871137 0.000000 -0.491041 -0.654936 0.000000 -0.755685 -0.654936 0.000000 -0.755685 -0.464123 0.000000 -0.885771 -0.464123 0.000000 -0.885771 -0.248557 0.000000 -0.968617 -0.248557 0.000000 -0.968617 -0.019736 0.000000 -0.999805 -0.019736 0.000000 -0.999805 0.210138 0.000000 -0.977672 0.210138 0.000000 -0.977672 0.884822 0.000000 -0.465929 0.884822 0.000000 -0.465929 0.888963 0.000000 -0.457979 0.888963 0.000000 -0.457979 0.893032 0.000000 -0.449993 0.893032 0.000000 -0.449993 0.897030 0.000000 -0.441970 0.897030 0.000000 -0.441970 0.914469 -0.000000 0.404655 0.914469 -0.000000 0.404655 0.797259 -0.000000 0.603637 0.797259 -0.000000 0.603637 0.637529 -0.000000 0.770426 0.637529 -0.000000 0.770426 0.443799 -0.000000 0.896126 0.443799 -0.000000 0.896126 0.226400 -0.000000 0.974034 0.226400 -0.000000 0.974034 0.909301 0.000000 -0.416138 0.909301 0.000000 -0.416138 0.919156 0.000000 -0.393894 0.919156 0.000000 -0.393894 0.928466 0.000000 -0.371416 0.928466 0.000000 -0.371416 0.937227 0.000000 -0.348719 0.937227 0.000000 -0.348719 -0.528657 0.000000 -0.848835 -0.528657 0.000000 -0.848835 -0.319844 0.000000 -0.947470 -0.319844 0.000000 -0.947470 -0.093972 0.000000 -0.995575 -0.093972 0.000000 -0.995575 0.136911 0.000000 -0.990583 0.136911 0.000000 -0.990583 0.360493 0.000000 -0.932762 0.360493 0.000000 -0.932762 0.946816 0.000000 -0.321776 0.946816 0.000000 -0.321776 0.949662 0.000000 -0.313276 0.949662 0.000000 -0.313276 0.952432 0.000000 -0.304751 0.952432 0.000000 -0.304751 0.955125 0.000000 -0.296202 0.955125 0.000000 -0.296202 0.839909 -0.000000 0.542728 0.839909 -0.000000 0.542728 0.693014 -0.000000 0.720924 0.693014 -0.000000 0.720924 0.509159 -0.000000 0.860672 0.509159 -0.000000 0.860672 0.298150 -0.000000 0.954519 0.298150 -0.000000 0.954519 0.071240 -0.000000 0.997459 0.071240 -0.000000 0.997459 0.963205 0.000000 -0.268768 0.963205 0.000000 -0.268768 0.969458 0.000000 -0.245257 0.969458 0.000000 -0.245257 0.975138 0.000000 -0.221600 0.975138 0.000000 -0.221600 0.980240 0.000000 -0.197811 0.980240 0.000000 -0.197811 -0.389362 0.000000 -0.921085 -0.389362 0.000000 -0.921085 -0.167689 0.000000 -0.985840 -0.167689 0.000000 -0.985840 0.062927 0.000000 -0.998018 0.062927 0.000000 -0.998018 0.290187 0.000000 -0.956970 0.290187 0.000000 -0.956970 0.501971 0.000000 -0.864885 0.501971 0.000000 -0.864885 0.985496 0.000000 -0.169700 0.985496 0.000000 -0.169700 0.986977 0.000000 -0.160860 0.986977 0.000000 -0.160860 0.988380 0.000000 -0.152006 0.988380 0.000000 -0.152006 0.989702 0.000000 -0.143140 0.989702 0.000000 -0.143140 0.744666 -0.000000 0.667437 0.744666 -0.000000 0.667437 0.571704 -0.000000 0.820460 0.571704 -0.000000 0.820460 0.368252 -0.000000 0.929726 0.368252 -0.000000 0.929726 0.145160 -0.000000 0.989408 0.145160 -0.000000 0.989408 -0.085674 -0.000000 0.996323 -0.085674 -0.000000 0.996323 0.993391 0.000000 -0.114781 0.993391 0.000000 -0.114781 0.995889 0.000000 -0.090580 0.995889 0.000000 -0.090580 0.997798 0.000000 -0.066326 0.997798 0.000000 -0.066326 0.999116 0.000000 -0.042033 0.999116 0.000000 -0.042033 -0.240478 0.000000 -0.970654 -0.240478 0.000000 -0.970654 -0.011405 0.000000 -0.999935 -0.011405 0.000000 -0.999935 0.218277 0.000000 -0.975887 0.218277 0.000000 -0.975887 0.436317 0.000000 -0.899793 0.436317 0.000000 -0.899793 0.631088 0.000000 -0.775711 0.631088 0.000000 -0.775711 0.999910 0.000000 -0.013445 0.999910 0.000000 -0.013445 0.999990 0.000000 -0.004482 0.999990 0.000000 -0.004482 0.999990 -0.000000 0.004482 0.999990 -0.000000 0.004482 0.999910 -0.000000 0.013445 0.999910 -0.000000 0.013445 0.631088 -0.000000 0.775711 0.631088 -0.000000 0.775711 0.436317 -0.000000 0.899793 0.436317 -0.000000 0.899793 0.218277 -0.000000 0.975887 0.218277 -0.000000 0.975887 -0.011405 -0.000000 0.999935 -0.011405 -0.000000 0.999935 -0.240478 -0.000000 0.970654 -0.240478 -0.000000 0.970654 0.999116 -0.000000 0.042033 0.999116 -0.000000 0.042033 0.997798 -0.000000 0.066326 0.997798 -0.000000 0.066326 0.995889 -0.000000 0.090580 0.995889 -0.000000 0.090580 0.993391 -0.000000 0.114781 0.993391 -0.000000 0.114781 -0.085674 0.000000 -0.996323 -0.085674 0.000000 -0.996323 0.145160 0.000000 -0.989408 0.145160 0.000000 -0.989408 0.368252 0.000000 -0.929726 0.368252 0.000000 -0.929726 0.571704 0.000000 -0.820460 0.571704 0.000000 -0.820460 0.744666 0.000000 -0.667437 0.744666 0.000000 -0.667437 0.989702 -0.000000 0.143140 0.989702 -0.000000 0.143140 0.988380 -0.000000 0.152006 0.988380 -0.000000 0.152006 0.986977 -0.000000 0.160860 0.986977 -0.000000 0.160860 0.985496 -0.000000 0.169700 0.985496 -0.000000 0.169700 0.501971 -0.000000 0.864885 0.501971 -0.000000 0.864885 0.290187 -0.000000 0.956970 0.290187 -0.000000 0.956970 0.062927 -0.000000 0.998018 0.062927 -0.000000 0.998018 -0.167689 -0.000000 0.985840 -0.167689 -0.000000 0.985840 -0.389362 -0.000000 0.921085 -0.389362 -0.000000 0.921085 0.980240 -0.000000 0.197811 0.980240 -0.000000 0.197811 0.975138 -0.000000 0.221600 0.975138 -0.000000 0.221600 0.969458 -0.000000 0.245257 0.969458 -0.000000 0.245257 0.963205 -0.000000 0.268768 0.963205 -0.000000 0.268768 0.071240 0.000000 -0.997459 0.071240 0.000000 -0.997459 0.298150 0.000000 -0.954519 0.298150 0.000000 -0.954519 0.509159 0.000000 -0.860672 0.509159 0.000000 -0.860672 0.693014 0.000000 -0.720924 0.693014 0.000000 -0.720924 0.839909 0.000000 -0.542728 0.839909 0.000000 -0.542728 0.955125 -0.000000 0.296202 0.955125 -0.000000 0.296202 0.952432 -0.000000 0.304751 0.952432 -0.000000 0.304751 0.949662 -0.000000 0.313276 0.949662 -0.000000 0.313276 0.946816 -0.000000 0.321776 0.946816 -0.000000 0.321776 0.360493 -0.000000 0.932762 0.360493 -0.000000 0.932762 0.136911 -0.000000 0.990583 0.136911 -0.000000 0.990583 -0.093972 -0.000000 0.995575 -0.093972 -0.000000 0.995575 -0.319844 -0.000000 0.947470 -0.319844 -0.000000 0.947470 -0.528657 -0.000000 0.848835 -0.528657 -0.000000 0.848835 0.937227 -0.000000 0.348719 0.937227 -0.000000 0.348719 0.928466 -0.000000 0.371416 0.928466 -0.000000 0.371416 0.919156 -0.000000 0.393894 0.919156 -0.000000 0.393894 0.909301 -0.000000 0.416138 0.909301 -0.000000 0.416138 0.226400 0.000000 -0.974034 0.226400 0.000000 -0.974034 0.443799 0.000000 -0.896126 0.443799 0.000000 -0.896126 0.637529 0.000000 -0.770426 0.637529 0.000000 -0.770426 0.797259 0.000000 -0.603637 0.797259 0.000000 -0.603637 0.914469 0.000000 -0.404655 0.914469 0.000000 -0.404655 0.897030 -0.000000 0.441970 0.897030 -0.000000 0.441970 0.893032 -0.000000 0.449993 0.893032 -0.000000 0.449993 0.888963 -0.000000 0.457979 0.888963 -0.000000 0.457979 0.884822 -0.000000 0.465929 0.884822 -0.000000 0.465929 0.210138 -0.000000 0.977672 0.210138 -0.000000 0.977672 -0.019736 -0.000000 0.999805 -0.019736 -0.000000 0.999805 -0.248557 -0.000000 0.968617 -0.248557 -0.000000 0.968617 -0.464123 -0.000000 0.885771 -0.464123 -0.000000 0.885771 -0.654936 -0.000000 0.755685 -0.654936 -0.000000 0.755685 0.871137 -0.000000 0.491041 0.871137 -0.000000 0.491041 0.858933 -0.000000 0.512088 0.858933 -0.000000 0.512088 0.846221 -0.000000 0.532832 0.846221 -0.000000 0.532832 0.833008 -0.000000 0.553261 0.833008 -0.000000 0.553261 0.375985 0.000000 -0.926626 0.375985 0.000000 -0.926626 0.578520 0.000000 -0.815668 0.578520 0.000000 -0.815668 0.750202 0.000000 -0.661209 0.750202 0.000000 -0.661209 0.881873 0.000000 -0.471487 0.881873 0.000000 -0.471487 0.966513 0.000000 -0.256619 0.966513 0.000000 -0.256619 0.816847 -0.000000 0.576855 0.816847 -0.000000 0.576855 0.811643 -0.000000 0.584153 0.811643 -0.000000 0.584153 0.806374 -0.000000 0.591405 0.806374 -0.000000 0.591405 0.801041 -0.000000 0.598610 0.801041 -0.000000 0.598610 0.054610 -0.000000 0.998508 0.054610 -0.000000 0.998508 -0.175897 -0.000000 0.984409 -0.175897 -0.000000 0.984409 -0.397022 -0.000000 0.917809 -0.397022 -0.000000 0.917809 -0.596974 -0.000000 0.802261 -0.596974 -0.000000 0.802261 -0.765088 -0.000000 0.643926 -0.765088 -0.000000 0.643926 0.783596 -0.000000 0.621271 0.783596 -0.000000 0.621271 0.768250 -0.000000 0.640150 0.768250 -0.000000 0.640150 0.752449 -0.000000 0.658650 0.752449 -0.000000 0.658650 0.736203 -0.000000 0.676760 0.736203 -0.000000 0.676760 0.516312 0.000000 -0.856400 0.516312 0.000000 -0.856400 0.698996 0.000000 -0.715125 0.698996 0.000000 -0.715125 0.844401 0.000000 -0.535711 0.844401 0.000000 -0.535711 0.944773 0.000000 -0.327727 0.944773 0.000000 -0.327727 0.994757 0.000000 -0.102264 0.994757 0.000000 -0.102264 0.716550 -0.000000 0.697536 0.716550 -0.000000 0.697536 0.710269 -0.000000 0.703930 0.710269 -0.000000 0.703930 0.703930 -0.000000 0.710269 0.703930 -0.000000 0.710269 0.697536 -0.000000 0.716550 0.697536 -0.000000 0.716550 -0.102264 -0.000000 0.994757 -0.102264 -0.000000 0.994757 -0.327727 -0.000000 0.944773 -0.327727 -0.000000 0.944773 -0.535711 -0.000000 0.844401 -0.535711 -0.000000 0.844401 -0.715125 -0.000000 0.698996 -0.715125 -0.000000 0.698996 -0.856400 -0.000000 0.516312 -0.856400 -0.000000 0.516312 0.676760 -0.000000 0.736203 0.676760 -0.000000 0.736203 0.658650 -0.000000 0.752449 0.658650 -0.000000 0.752449 0.640150 -0.000000 0.768250 0.640150 -0.000000 0.768250 0.621271 -0.000000 0.783596 0.621271 -0.000000 0.783596 0.643926 0.000000 -0.765088 0.643926 0.000000 -0.765088 0.802261 0.000000 -0.596974 0.802261 0.000000 -0.596974 0.917809 0.000000 -0.397022 0.917809 0.000000 -0.397022 0.984409 0.000000 -0.175897 0.984409 0.000000 -0.175897 0.998508 -0.000000 0.054610 0.998508 -0.000000 0.054610 0.598610 -0.000000 0.801041 0.598610 -0.000000 0.801041 0.591405 -0.000000 0.806374 0.591405 -0.000000 0.806374 0.584153 -0.000000 0.811643 0.584153 -0.000000 0.811643 0.576855 -0.000000 0.816847 0.576855 -0.000000 0.816847 -0.256619 -0.000000 0.966513 -0.256619 -0.000000 0.966513 -0.471487 -0.000000 0.881873 -0.471487 -0.000000 0.881873 -0.661209 -0.000000 0.750202 -0.661209 -0.000000 0.750202 -0.815668 -0.000000 0.578520 -0.815668 -0.000000 0.578520 -0.926626 -0.000000 0.375985 -0.926626 -0.000000 0.375985 0.553261 -0.000000 0.833008 0.553261 -0.000000 0.833008 0.532832 -0.000000 0.846221 0.532832 -0.000000 0.846221 0.512088 -0.000000 0.858933 0.512088 -0.000000 0.858933 0.491041 -0.000000 0.871137 0.491041 -0.000000 0.871137 0.755685 0.000000 -0.654936 0.755685 0.000000 -0.654936 0.885771 0.000000 -0.464123 0.885771 0.000000 -0.464123 0.968617 0.000000 -0.248557 0.968617 0.000000 -0.248557 0.999805 0.000000 -0.019736 0.999805 0.000000 -0.019736 0.977672 -0.000000 0.210138 0.977672 -0.000000 0.210138 0.465929 -0.000000 0.884822 0.465929 -0.000000 0.884822 0.457979 -0.000000 0.888963 0.457979 -0.000000 0.888963 0.449993 -0.000000 0.893032 0.449993 -0.000000 0.893032 0.441970 -0.000000 0.897030 0.441970 -0.000000 0.897030 -0.404655 -0.000000 0.914469 -0.404655 -0.000000 0.914469 -0.603637 -0.000000 0.797259 -0.603637 -0.000000 0.797259 -0.770426 -0.000000 0.637529 -0.770426 -0.000000 0.637529 -0.896126 -0.000000 0.443799 -0.896126 -0.000000 0.443799 -0.974034 -0.000000 0.226400 -0.974034 -0.000000 0.226400 0.416138 -0.000000 0.909301 0.416138 -0.000000 0.909301 0.393894 -0.000000 0.919156 0.393894 -0.000000 0.919156 0.371416 -0.000000 0.928466 0.371416 -0.000000 0.928466 0.348719 -0.000000 0.937227 0.348719 -0.000000 0.937227 0.848835 0.000000 -0.528657 0.848835 0.000000 -0.528657 0.947470 0.000000 -0.319844 0.947470 0.000000 -0.319844 0.995575 0.000000 -0.093972 0.995575 0.000000 -0.093972 0.990583 -0.000000 0.136911 0.990583 -0.000000 0.136911 0.932762 -0.000000 0.360493 0.932762 -0.000000 0.360493 0.321776 -0.000000 0.946816 0.321776 -0.000000 0.946816 0.313276 -0.000000 0.949662 0.313276 -0.000000 0.949662 0.304751 -0.000000 0.952432 0.304751 -0.000000 0.952432 0.296202 -0.000000 0.955125 0.296202 -0.000000 0.955125 -0.542728 -0.000000 0.839909 -0.542728 -0.000000 0.839909 -0.720924 -0.000000 0.693014 -0.720924 -0.000000 0.693014 -0.860672 -0.000000 0.509159 -0.860672 -0.000000 0.509159 -0.954519 -0.000000 0.298150 -0.954519 -0.000000 0.298150 -0.997459 -0.000000 0.071240 -0.997459 -0.000000 0.071240 -0.250941 -0.000000 0.968002 -0.250941 -0.000000 0.968002 -0.256893 -0.000000 0.966440 -0.256893 -0.000000 0.966440 -0.262836 -0.000000 0.964841 -0.262836 -0.000000 0.964841 -0.268768 -0.000000 0.963205 -0.268768 -0.000000 0.963205 0.997459 -0.000000 0.071240 0.997459 -0.000000 0.071240 0.954519 -0.000000 0.298150 0.954519 -0.000000 0.298150 0.860672 -0.000000 0.509159 0.860672 -0.000000 0.509159 0.720924 -0.000000 0.693014 0.720924 -0.000000 0.693014 0.542728 -0.000000 0.839909 0.542728 -0.000000 0.839909 -0.296202 -0.000000 0.955125 -0.296202 -0.000000 0.955125 -0.304751 -0.000000 0.952432 -0.304751 -0.000000 0.952432 -0.313276 -0.000000 0.949662 -0.313276 -0.000000 0.949662 -0.321776 -0.000000 0.946816 -0.321776 -0.000000 0.946816 -0.348719 -0.000000 0.937227 -0.348719 -0.000000 0.937227 -0.371416 -0.000000 0.928466 -0.371416 -0.000000 0.928466 -0.393894 -0.000000 0.919156 -0.393894 -0.000000 0.919156 -0.416138 -0.000000 0.909301 -0.416138 -0.000000 0.909301 0.974034 -0.000000 0.226400 0.974034 -0.000000 0.226400 0.896126 -0.000000 0.443799 0.896126 -0.000000 0.443799 0.770426 -0.000000 0.637529 0.770426 -0.000000 0.637529 0.603637 -0.000000 0.797259 0.603637 -0.000000 0.797259 0.404655 -0.000000 0.914469 0.404655 -0.000000 0.914469 -0.441970 -0.000000 0.897030 -0.441970 -0.000000 0.897030 -0.449993 -0.000000 0.893032 -0.449993 -0.000000 0.893032 -0.457979 -0.000000 0.888963 -0.457979 -0.000000 0.888963 -0.465929 -0.000000 0.884822 -0.465929 -0.000000 0.884822 -0.491041 -0.000000 0.871137 -0.491041 -0.000000 0.871137 -0.512088 -0.000000 0.858933 -0.512088 -0.000000 0.858933 -0.532832 -0.000000 0.846221 -0.532832 -0.000000 0.846221 -0.553261 -0.000000 0.833008 -0.553261 -0.000000 0.833008 0.926626 -0.000000 0.375985 0.926626 -0.000000 0.375985 0.815668 -0.000000 0.578520 0.815668 -0.000000 0.578520 0.661209 -0.000000 0.750202 0.661209 -0.000000 0.750202 0.471487 -0.000000 0.881873 0.471487 -0.000000 0.881873 0.256619 -0.000000 0.966513 0.256619 -0.000000 0.966513 -0.576855 -0.000000 0.816847 -0.576855 -0.000000 0.816847 -0.584153 -0.000000 0.811643 -0.584153 -0.000000 0.811643 -0.591405 -0.000000 0.806374 -0.591405 -0.000000 0.806374 -0.598610 -0.000000 0.801041 -0.598610 -0.000000 0.801041 -0.621271 -0.000000 0.783596 -0.621271 -0.000000 0.783596 -0.640150 -0.000000 0.768250 -0.640150 -0.000000 0.768250 -0.658650 -0.000000 0.752449 -0.658650 -0.000000 0.752449 -0.676760 -0.000000 0.736203 -0.676760 -0.000000 0.736203 0.856400 -0.000000 0.516312 0.856400 -0.000000 0.516312 0.715125 -0.000000 0.698996 0.715125 -0.000000 0.698996 0.535711 -0.000000 0.844401 0.535711 -0.000000 0.844401 0.327727 -0.000000 0.944773 0.327727 -0.000000 0.944773 0.102264 -0.000000 0.994757 0.102264 -0.000000 0.994757 -0.697536 -0.000000 0.716550 -0.697536 -0.000000 0.716550 -0.703930 -0.000000 0.710269 -0.703930 -0.000000 0.710269 -0.710269 -0.000000 0.703930 -0.710269 -0.000000 0.703930 -0.716550 -0.000000 0.697536 -0.716550 -0.000000 0.697536 -0.994757 0.000000 -0.102264 -0.994757 0.000000 -0.102264 -0.944773 0.000000 -0.327727 -0.944773 0.000000 -0.327727 -0.844401 0.000000 -0.535711 -0.844401 0.000000 -0.535711 -0.698996 0.000000 -0.715125 -0.698996 0.000000 -0.715125 -0.516312 0.000000 -0.856400 -0.516312 0.000000 -0.856400 -0.736203 -0.000000 0.676760 -0.736203 -0.000000 0.676760 -0.752449 -0.000000 0.658650 -0.752449 -0.000000 0.658650 -0.768250 -0.000000 0.640150 -0.768250 -0.000000 0.640150 -0.783596 -0.000000 0.621271 -0.783596 -0.000000 0.621271 0.765088 -0.000000 0.643926 0.765088 -0.000000 0.643926 0.596974 -0.000000 0.802261 0.596974 -0.000000 0.802261 0.397022 -0.000000 0.917809 0.397022 -0.000000 0.917809 0.175897 -0.000000 0.984409 0.175897 -0.000000 0.984409 -0.054610 -0.000000 0.998508 -0.054610 -0.000000 0.998508 -0.801041 -0.000000 0.598610 -0.801041 -0.000000 0.598610 -0.806374 -0.000000 0.591405 -0.806374 -0.000000 0.591405 -0.811643 -0.000000 0.584153 -0.811643 -0.000000 0.584153 -0.816847 -0.000000 0.576855 -0.816847 -0.000000 0.576855 -0.966513 0.000000 -0.256619 -0.966513 0.000000 -0.256619 -0.881873 0.000000 -0.471487 -0.881873 0.000000 -0.471487 -0.750202 0.000000 -0.661209 -0.750202 0.000000 -0.661209 -0.578520 0.000000 -0.815668 -0.578520 0.000000 -0.815668 -0.375985 0.000000 -0.926626 -0.375985 0.000000 -0.926626 -0.833008 -0.000000 0.553261 -0.833008 -0.000000 0.553261 -0.846221 -0.000000 0.532832 -0.846221 -0.000000 0.532832 -0.858933 -0.000000 0.512088 -0.858933 -0.000000 0.512088 -0.871137 -0.000000 0.491041 -0.871137 -0.000000 0.491041 0.654936 -0.000000 0.755685 0.654936 -0.000000 0.755685 0.464123 -0.000000 0.885771 0.464123 -0.000000 0.885771 0.248557 -0.000000 0.968617 0.248557 -0.000000 0.968617 0.019736 -0.000000 0.999805 0.019736 -0.000000 0.999805 -0.210138 -0.000000 0.977672 -0.210138 -0.000000 0.977672 -0.884822 -0.000000 0.465929 -0.884822 -0.000000 0.465929 -0.888963 -0.000000 0.457979 -0.888963 -0.000000 0.457979 -0.893032 -0.000000 0.449993 -0.893032 -0.000000 0.449993 -0.897030 -0.000000 0.441970 -0.897030 -0.000000 0.441970 -0.914469 0.000000 -0.404655 -0.914469 0.000000 -0.404655 -0.797259 0.000000 -0.603637 -0.797259 0.000000 -0.603637 -0.637529 0.000000 -0.770426 -0.637529 0.000000 -0.770426 -0.443799 0.000000 -0.896126 -0.443799 0.000000 -0.896126 -0.226400 0.000000 -0.974034 -0.226400 0.000000 -0.974034 -0.909301 -0.000000 0.416138 -0.909301 -0.000000 0.416138 -0.919156 -0.000000 0.393894 -0.919156 -0.000000 0.393894 -0.928466 -0.000000 0.371416 -0.928466 -0.000000 0.371416 -0.937227 -0.000000 0.348719 -0.937227 -0.000000 0.348719 0.528657 -0.000000 0.848835 0.528657 -0.000000 0.848835 0.319844 -0.000000 0.947470 0.319844 -0.000000 0.947470 0.093972 -0.000000 0.995575 0.093972 -0.000000 0.995575 -0.136911 -0.000000 0.990583 -0.136911 -0.000000 0.990583 -0.360493 -0.000000 0.932762 -0.360493 -0.000000 0.932762 -0.946816 -0.000000 0.321776 -0.946816 -0.000000 0.321776 -0.949662 -0.000000 0.313276 -0.949662 -0.000000 0.313276 -0.952432 -0.000000 0.304751 -0.952432 -0.000000 0.304751 -0.955125 -0.000000 0.296202 -0.955125 -0.000000 0.296202 -0.839909 0.000000 -0.542728 -0.839909 0.000000 -0.542728 -0.693014 0.000000 -0.720924 -0.693014 0.000000 -0.720924 -0.509159 0.000000 -0.860672 -0.509159 0.000000 -0.860672 -0.298150 0.000000 -0.954519 -0.298150 0.000000 -0.954519 -0.071240 0.000000 -0.997459 -0.071240 0.000000 -0.997459 -0.963205 -0.000000 0.268768 -0.963205 -0.000000 0.268768 -0.969458 -0.000000 0.245257 -0.969458 -0.000000 0.245257 -0.975138 -0.000000 0.221600 -0.975138 -0.000000 0.221600 -0.980240 -0.000000 0.197811 -0.980240 -0.000000 0.197811 0.389362 -0.000000 0.921085 0.389362 -0.000000 0.921085 0.167689 -0.000000 0.985840 0.167689 -0.000000 0.985840 -0.062927 -0.000000 0.998018 -0.062927 -0.000000 0.998018 -0.290187 -0.000000 0.956970 -0.290187 -0.000000 0.956970 -0.501971 -0.000000 0.864885 -0.501971 -0.000000 0.864885 -0.985496 -0.000000 0.169700 -0.985496 -0.000000 0.169700 -0.986977 -0.000000 0.160860 -0.986977 -0.000000 0.160860 -0.988380 -0.000000 0.152006 -0.988380 -0.000000 0.152006 -0.989702 -0.000000 0.143140 -0.989702 -0.000000 0.143140 -0.744666 0.000000 -0.667437 -0.744666 0.000000 -0.667437 -0.571704 0.000000 -0.820460 -0.571704 0.000000 -0.820460 -0.368252 0.000000 -0.929726 -0.368252 0.000000 -0.929726 -0.145160 0.000000 -0.989408 -0.145160 0.000000 -0.989408 0.085674 0.000000 -0.996323 0.085674 0.000000 -0.996323 -0.000000 -1.000000 -0.000000 -0.000000 -1.000000 -0.000000 -0.000000 -1.000000 -0.000000 -0.000000 -1.000000 -0.000000 -0.000000 -1.000000 -0.000000 -0.000000 -1.000000 -0.000000 -0.000000 -1.000000 -0.000000 -0.000000 -1.000000 -0.000000 -0.000000 -1.000000 -0.000000 -0.000000 -1.000000 -0.000000 -0.000000 -1.000000 -0.000000 -0.000000 -1.000000 -0.000000 -0.000000 -1.000000 -0.000000 -0.000000 -1.000000 -0.000000 -0.000000 -1.000000 -0.000000 -0.000000 -1.000000 -0.000000 -0.000000 -1.000000 -0.000000 -0.000000 -1.000000 -0.000000 -0.000000 -1.000000 -0.000000 -0.000000 -1.000000 -0.000000 -0.000000 -1.000000 -0.000000 -0.000000 -1.000000 -0.000000 -0.000000 -1.000000 -0.000000 -0.000000 -1.000000 -0.000000 -0.000000 -1.000000 -0.000000 -0.000000 -1.000000 -0.000000 -0.000000 -1.000000 -0.000000 -0.000000 -1.000000 -0.000000 -0.000000 -1.000000 -0.000000 -0.000000 -1.000000 -0.000000 -0.000000 -1.000000 -0.000000 -0.000000 -1.000000 -0.000000 -0.000000 -1.000000 -0.000000 -0.000000 -1.000000 -0.000000 -0.000000 -1.000000 -0.000000 -0.000000 -1.000000 -0.000000 -0.000000 -1.000000 -0.000000 -0.000000 -1.000000 -0.000000 -0.000000 -1.000000 -0.000000 -0.000000 -1.000000 -0.000000 -0.000000 -1.000000 -0.000000 -0.000000 -1.000000 -0.000000 -0.000000 -1.000000 -0.000000 -0.000000 -1.000000 -0.000000 -0.000000 -1.000000 -0.000000 -0.000000 -1.000000 -0.000000 -0.000000 -1.000000 -0.000000 -0.000000 -1.000000 -0.000000 -0.000000 -1.000000 -0.000000 -0.000000 -1.000000 -0.000000 -0.000000 -1.000000 -0.000000 -0.000000 -1.000000 -0.000000 -0.000000 -1.000000 -0.000000 -0.000000 -1.000000 -0.000000 -0.000000 -1.000000 -0.000000 -0.000000 -1.000000 -0.000000 -0.000000 -1.000000 -0.000000 -0.000000 -1.000000 -0.000000 -0.000000 -1.000000 -0.000000 -0.000000 -1.000000 -0.000000 -0.000000 -1.000000 -0.000000 -0.000000 -1.000000 -0.000000 -0.000000 -1.000000 -0.000000 -0.000000 -1.000000 -0.000000 -0.000000 -1.000000 -0.000000 -0.000000 -1.000000 -0.000000 -0.000000 -1.000000 -0.000000 -0.000000 -1.000000 -0.000000 -0.000000 -1.000000 -0.000000 -0.000000 -1.000000 -0.000000 -0.000000 -1.000000 -0.000000 -0.000000 -1.000000 -0.000000 -0.000000 -1.000000 -0.000000 -0.000000 -1.000000 -0.000000 -0.000000 -1.000000 -0.000000 -0.000000 -1.000000 -0.000000 -0.000000 -1.000000 -0.000000 -0.000000 -1.000000 -0.000000 -0.000000 -1.000000 -0.000000 -0.000000 -1.000000 -0.000000 -0.000000 -1.000000 -0.000000 -0.000000 -1.000000 -0.000000 -0.000000 -1.000000 -0.000000 -0.000000 -1.000000 -0.000000 -0.000000 -1.000000 -0.000000 -0.000000 -1.000000 -0.000000 -0.000000 -1.000000 -0.000000 -0.000000 -1.000000 -0.000000 -0.000000 -1.000000 -0.000000 -0.000000 -1.000000 -0.000000 -0.000000 -1.000000 -0.000000 -0.000000 -1.000000 -0.000000 -0.000000 -1.000000 -0.000000 -0.000000 -1.000000 -0.000000 -0.000000 -1.000000 -0.000000 -0.000000 -1.000000 -0.000000 -0.000000 -1.000000 -0.000000 -0.000000 -1.000000 -0.000000 -0.000000 -1.000000 -0.000000 -0.000000 -1.000000 -0.000000 -0.000000 -1.000000 -0.000000 -0.000000 -1.000000 -0.000000 -0.000000 -1.000000 -0.000000 -0.000000 -1.000000 -0.000000 -0.000000 -1.000000 -0.000000 -0.000000 -1.000000 -0.000000 -0.000000 -1.000000 -0.000000 -0.000000 -1.000000 -0.000000 -0.000000 -1.000000 -0.000000 -0.000000 -1.000000 -0.000000 -0.000000 -1.000000 -0.000000 -0.000000 -1.000000 -0.000000 -0.000000 -1.000000 -0.000000 -0.000000 -1.000000 -0.000000 -0.000000 -1.000000 -0.000000 -0.000000 -1.000000 -0.000000 -0.000000 -1.000000 -0.000000 -0.000000 -1.000000 -0.000000 -0.000000 -1.000000 -0.000000 -0.000000 -1.000000 -0.000000 -0.000000 -1.000000 -0.000000 -0.000000 -1.000000 -0.000000 -0.000000 -1.000000 -0.000000 -0.000000 -1.000000 -0.000000 -0.000000 -1.000000 -0.000000 -0.000000 -1.000000 -0.000000 -0.000000 -1.000000 -0.000000 -0.000000 -1.000000 -0.000000 -0.000000 -1.000000 -0.000000 -0.000000 -1.000000 -0.000000 -0.000000 -1.000000 -0.000000 -0.000000 -1.000000 -0.000000 -0.000000 -1.000000 -0.000000 -0.000000 -1.000000 -0.000000 -0.000000 -1.000000 -0.000000 -0.000000 -1.000000 -0.000000 -0.000000 -1.000000 -0.000000 -0.000000 -1.000000 -0.000000 -0.000000 -1.000000 -0.000000 -0.000000 -1.000000 -0.000000 -0.000000 -1.000000 -0.000000 -0.000000 -1.000000 -0.000000 -0.000000 -1.000000 -0.000000 -0.000000 -1.000000 -0.000000 -0.000000 -1.000000 -0.000000 -0.000000 -1.000000 -0.000000 -0.000000 -1.000000 -0.000000 -0.000000 -1.000000 -0.000000 -0.000000 -1.000000 -0.000000 -0.000000 -1.000000 -0.000000 -0.000000 -1.000000 -0.000000 -0.000000 -1.000000 -0.000000 -0.000000 -1.000000 -0.000000 -0.000000 -1.000000 -0.000000 -0.000000 -1.000000 -0.000000 -0.000000 -1.000000 -0.000000 -0.000000 -1.000000 -0.000000 -0.000000 -1.000000 -0.000000 -0.000000 -1.000000 -0.000000 -0.000000 -1.000000 -0.000000 -0.000000 -1.000000 -0.000000 -0.000000 -1.000000 -0.000000 -0.000000 -1.000000 -0.000000 -0.000000 -1.000000 -0.000000 -0.000000 -1.000000 -0.000000 -0.000000 -1.000000 -0.000000 -0.000000 -1.000000 -0.000000 -0.000000 -1.000000 -0.000000 -0.000000 -1.000000 -0.000000 -0.000000 -1.000000 -0.000000 -0.000000 -1.000000 -0.000000 -0.000000 -1.000000 -0.000000 -0.000000 -1.000000 -0.000000 -0.000000 -1.000000 -0.000000 -0.000000 -1.000000 -0.000000 -0.000000 -1.000000 -0.000000 -0.000000 -1.000000 -0.000000 -0.000000 -1.000000 -0.000000 -0.000000 -1.000000 -0.000000 -0.000000 -1.000000 -0.000000 -0.000000 -1.000000 -0.000000 -0.000000 -1.000000 -0.000000 -0.000000 -1.000000 -0.000000 -0.000000 -1.000000 -0.000000 -0.000000 -1.000000 -0.000000 -0.000000 -1.000000 -0.000000 -0.000000 -1.000000 -0.000000 -0.000000 -1.000000 -0.000000 -0.000000 -1.000000 -0.000000 -0.000000 -1.000000 -0.000000 -0.000000 -1.000000 -0.000000 -0.000000 -1.000000 -0.000000 -0.000000 -1.000000 -0.000000 -0.000000 -1.000000 -0.000000 -0.000000 -1.000000 -0.000000 -0.000000 -1.000000 -0.000000 -0.000000 -1.000000 -0.000000 -0.000000 -1.000000 -0.000000 -0.000000 -1.000000 -0.000000 -0.000000 -1.000000 -0.000000 -0.000000 -1.000000 -0.000000 -0.000000 -1.000000 -0.000000 -0.000000 -1.000000 -0.000000 -0.000000 -1.000000 -0.000000 -0.000000 -1.000000 -0.000000 -0.000000 -1.000000 -0.000000 -0.000000 -1.000000 -0.000000 -0.000000 -1.000000 -0.000000 -0.000000 -1.000000 -0.000000 -0.000000 -1.000000 -0.000000 -0.000000 -1.000000 -0.000000 -0.000000 -1.000000 -0.000000 -0.000000 -1.000000 -0.000000 -0.000000 -1.000000 -0.000000 -0.000000 -1.000000 -0.000000 -0.000000 -1.000000 -0.000000 -0.000000 -1.000000 -0.000000 -0.000000 -1.000000 -0.000000 -0.000000 -1.000000 -0.000000 -0.000000 -1.000000 -0.000000 -0.000000 -1.000000 -0.000000 -0.000000 -1.000000 -0.000000 -0.000000 -1.000000 -0.000000 -0.000000 -1.000000 -0.000000 -0.000000 -1.000000 -0.000000 -0.000000 -1.000000 -0.000000 -0.000000 -1.000000 -0.000000 -0.000000 -1.000000 -0.000000 -0.000000 -1.000000 -0.000000 -0.000000 -1.000000 -0.000000 -0.000000 -1.000000 -0.000000 -0.000000 -1.000000 -0.000000 -0.000000 -1.000000 -0.000000 -0.000000 -1.000000 -0.000000 -0.000000 -1.000000 -0.000000 -0.000000 -1.000000 -0.000000 -0.000000 -1.000000 -0.000000 -0.000000 -1.000000 -0.000000 -0.000000 -1.000000 -0.000000 -0.000000 -1.000000 -0.000000 -0.000000 -1.000000 -0.000000 -0.000000 -1.000000 -0.000000 -0.000000 -1.000000 -0.000000 -0.000000 -1.000000 -0.000000 -0.000000 -1.000000 -0.000000 -0.000000 -1.000000 -0.000000 -0.000000 -1.000000 -0.000000 -0.000000 -1.000000 -0.000000 -0.000000 -1.000000 -0.000000 -0.000000 -1.000000 -0.000000 -0.000000 -1.000000 -0.000000 -0.000000 -1.000000 -0.000000 -0.000000 -1.000000 -0.000000 -0.000000 -1.000000 -0.000000 -0.000000 -1.000000 -0.000000 -0.000000 -1.000000 -0.000000 -0.000000 -1.000000 -0.000000 -0.000000 -1.000000 -0.000000 -0.000000 -1.000000 -0.000000 -0.000000 -1.000000 -0.000000 -0.000000 -1.000000 -0.000000 -0.000000 -1.000000 -0.000000 -0.000000 -1.000000 -0.000000 -0.000000 -1.000000 -0.000000 -0.000000 -1.000000 -0.000000 -0.000000 -1.000000 -0.000000 -0.000000 -1.000000 -0.000000 -0.000000 -1.000000 -0.000000 -0.000000 -1.000000 -0.000000 -0.000000 -1.000000 -0.000000 -0.000000 -1.000000 -0.000000 -0.000000 -1.000000 -0.000000 -0.000000 -1.000000 -0.000000 -0.000000 -1.000000 -0.000000 -0.000000 -1.000000 -0.000000 -0.000000 -1.000000 -0.000000 -0.000000 -1.000000 -0.000000 -0.000000 -1.000000 -0.000000 -0.000000 -1.000000 -0.000000 -0.000000 -1.000000 -0.000000 -0.000000 -1.000000 -0.000000 -0.000000 -1.000000 -0.000000 -0.000000 -1.000000 -0.000000 -0.000000 -1.000000 -0.000000 -0.000000 -1.000000 -0.000000 -0.000000 -1.000000 -0.000000 -0.000000 -1.000000 -0.000000 -0.000000 -1.000000 -0.000000 -0.000000 -1.000000 -0.000000 -0.000000 -1.000000 -0.000000 -0.000000 -1.000000 -0.000000 -0.000000 -1.000000 -0.000000 -0.000000 -1.000000 -0.000000 -0.000000 -1.000000 -0.000000 -0.000000 -1.000000 -0.000000 -0.000000 -1.000000 -0.000000 -0.000000 -1.000000 -0.000000 -0.000000 -1.000000 -0.000000 -0.000000 -1.000000 -0.000000 -0.000000 -1.000000 -0.000000 -0.000000 -1.000000 -0.000000 -0.000000 -1.000000 -0.000000 -0.000000 -1.000000 -0.000000 -0.000000 -1.000000 -0.000000 -0.000000 -1.000000 -0.000000 -0.000000 -1.000000 -0.000000 -0.000000 -1.000000 -0.000000 -0.000000 -1.000000 -0.000000 -0.000000 -1.000000 -0.000000 -0.000000 -1.000000 -0.000000 -0.000000 -1.000000 -0.000000 -0.000000 -1.000000 -0.000000 -0.000000 -1.000000 -0.000000 -0.000000 -1.000000 -0.000000 -0.000000 -1.000000 -0.000000 -0.000000 -1.000000 -0.000000 -0.000000 -1.000000 -0.000000 -0.000000 -1.000000 -0.000000 -0.000000 -1.000000 -0.000000 -0.000000 -1.000000 -0.000000 -0.000000 -1.000000 -0.000000 -0.000000 -1.000000 -0.000000 -0.000000 -1.000000 -0.000000 -0.000000 -1.000000 -0.000000 -0.000000 -1.000000 -0.000000 -0.000000 -1.000000 -0.000000 -0.000000 -1.000000 -0.000000 -0.000000 -1.000000 -0.000000 -0.000000 -1.000000 -0.000000 -0.000000 -1.000000 -0.000000 -0.000000 -1.000000 -0.000000 -0.000000 -1.000000 -0.000000 -0.000000 -1.000000 -0.000000 -0.000000 -1.000000 -0.000000 -0.000000 -1.000000 -0.000000 -0.000000 -1.000000 -0.000000 -0.000000 -1.000000 -0.000000 -0.000000 -1.000000 -0.000000 -0.000000 -1.000000 -0.000000 -0.000000 -1.000000 -0.000000 -0.000000 -1.000000 -0.000000 -0.000000 -1.000000 -0.000000 -0.000000 -1.000000 -0.000000 -0.000000 -1.000000 -0.000000 -0.000000 -1.000000 -0.000000 -0.000000 -1.000000 -0.000000 -0.000000 -1.000000 -0.000000 -0.000000 -1.000000 -0.000000 -0.000000 -1.000000 -0.000000 -0.000000 -1.000000 -0.000000 -0.000000 -1.000000 -0.000000 -0.000000 -1.000000 -0.000000 -0.000000 -1.000000 -0.000000 -0.000000 -1.000000 -0.000000 -0.000000 -1.000000 -0.000000 -0.000000 -1.000000 -0.000000 -0.000000 -1.000000 -0.000000 -0.000000 -1.000000 -0.000000 -0.000000 -1.000000 -0.000000 -0.000000 -1.000000 -0.000000 -0.000000 -1.000000 -0.000000 -0.000000 -1.000000 -0.000000 -0.000000 -1.000000 -0.000000 -0.000000 -1.000000 -0.000000 -0.000000 -1.000000 -0.000000 -0.000000 -1.000000 -0.000000 -0.000000 -1.000000 -0.000000 -0.000000 -1.000000 -0.000000 -0.000000 -1.000000 -0.000000 -0.000000 -1.000000 -0.000000 -0.000000 -1.000000 -0.000000 -0.000000 -1.000000 -0.000000 -0.000000 -1.000000 -0.000000 -0.000000 -1.000000 -0.000000 -0.000000 -1.000000 -0.000000 -0.000000 -1.000000 -0.000000 -0.000000 -1.000000 -0.000000 -0.000000 -1.000000 -0.000000 -0.000000 -1.000000 -0.000000 -0.000000 -1.000000 -0.000000 -0.000000 -1.000000 -0.000000 -0.000000 -1.000000 -0.000000 -0.000000 -1.000000 -0.000000 -0.000000 -1.000000 -0.000000 -0.000000 -1.000000 -0.000000 -0.000000 -1.000000 -0.000000 -0.000000 -1.000000 -0.000000 -0.000000 -1.000000 -0.000000 -0.000000 -1.000000 -0.000000 -0.000000 -1.000000 -0.000000 -0.000000 -1.000000 -0.000000 -0.000000 -1.000000 -0.000000 -0.000000 -1.000000 -0.000000 -0.000000 -1.000000 -0.000000 -0.000000 -1.000000 -0.000000 -0.000000 -1.000000 -0.000000 -0.000000 -1.000000 -0.000000 -0.000000 -1.000000 -0.000000 -0.000000 -1.000000 -0.000000 -0.000000 -1.000000 -0.000000 -0.000000 -1.000000 -0.000000 -0.000000 -1.000000 -0.000000 -0.000000 -1.000000 -0.000000 -0.000000 -1.000000 -0.000000 -0.000000 -1.000000 -0.000000 -0.000000 -1.000000 -0.000000 -0.000000 -1.000000 -0.000000 -0.000000 -1.000000 -0.000000 -0.000000 -1.000000 -0.000000 -0.000000 -1.000000 -0.000000 -0.000000 -1.000000 -0.000000 -0.000000 -1.000000 -0.000000 -0.000000 -1.000000 -0.000000 -0.000000 -1.000000 -0.000000 -0.000000 -1.000000 -0.000000 -0.000000 -1.000000 -0.000000 -0.000000 -1.000000 -0.000000 -0.000000 -1.000000 -0.000000 -0.000000 -1.000000 -0.000000 -0.000000 -1.000000 -0.000000 -0.000000 -1.000000 -0.000000 -0.000000 -1.000000 -0.000000 -0.000000 -1.000000 -0.000000 -0.000000 -1.000000 -0.000000 -0.000000 -1.000000 -0.000000 -0.000000 -1.000000 -0.000000 -0.000000 -1.000000 -0.000000 -0.000000 -1.000000 -0.000000 -0.000000 -1.000000 -0.000000 -0.000000 -1.000000 -0.000000 -0.000000 -1.000000 -0.000000 -0.000000 -1.000000 -0.000000 -0.000000 -1.000000 -0.000000 -0.000000 -1.000000 -0.000000 -0.000000 -1.000000 -0.000000 -0.000000 -1.000000 -0.000000 -0.000000 -1.000000 -0.000000 -0.000000 -1.000000 -0.000000 -0.000000 -1.000000 -0.000000 -0.000000 -1.000000 -0.000000 -0.000000 -1.000000 -0.000000 -0.000000 -1.000000 -0.000000 -0.000000 -1.000000 -0.000000 -0.000000 -1.000000 -0.000000 -0.000000 -1.000000 -0.000000 -0.000000 -1.000000 -0.000000 -0.000000 -1.000000 -0.000000 -0.000000 -1.000000 -0.000000 -0.000000 -1.000000 -0.000000 -0.000000 -1.000000 -0.000000 -0.000000 -1.000000 -0.000000 -0.000000 -1.000000 -0.000000 -0.000000 -1.000000 -0.000000 -0.000000 -1.000000 -0.000000 -0.000000 -1.000000 -0.000000 -0.000000 -1.000000 -0.000000 -0.000000 -1.000000 -0.000000 -0.000000 -1.000000 -0.000000 -0.000000 -1.000000 -0.000000 -0.000000 -1.000000 -0.000000 -0.000000 -1.000000 -0.000000 -0.000000 -1.000000 -0.000000 -0.000000 -1.000000 -0.000000 -0.000000 -1.000000 -0.000000 -0.000000 -1.000000 -0.000000 -0.000000 -1.000000 -0.000000 -0.000000 -1.000000 -0.000000 -0.000000 -1.000000 -0.000000 -0.000000 -1.000000 -0.000000 -0.000000 -1.000000 -0.000000 -0.000000 -1.000000 -0.000000 -0.000000 -1.000000 -0.000000 -0.000000 -1.000000 -0.000000 -0.000000 -1.000000 -0.000000 -0.000000 -1.000000 -0.000000 -0.000000 -1.000000 -0.000000 -0.000000 -1.000000 -0.000000 -0.000000 -1.000000 -0.000000 -0.000000 -1.000000 -0.000000 -0.000000 -1.000000 -0.000000 -0.000000 -1.000000 -0.000000 -0.000000 -1.000000 -0.000000 -0.000000 -1.000000 -0.000000 -0.000000 -1.000000 -0.000000 -0.000000 -1.000000 -0.000000 -0.000000 -1.000000 -0.000000 -0.000000 -1.000000 -0.000000 -0.000000 -1.000000 -0.000000 -0.000000 -1.000000 -0.000000 -0.000000 -1.000000 -0.000000 -0.000000 -1.000000 -0.000000 -0.000000 -1.000000 -0.000000 -0.000000 -1.000000 -0.000000 -0.000000 -1.000000 -0.000000 -0.000000 -1.000000 -0.000000 -0.000000 -1.000000 -0.000000 -0.000000 -1.000000 -0.000000 -0.000000 -1.000000 -0.000000 -0.000000 -1.000000 -0.000000 -0.000000 -1.000000 -0.000000 -0.000000 -1.000000 -0.000000 -0.000000 -1.000000 -0.000000 -0.000000 -1.000000 -0.000000 -0.000000 -1.000000 -0.000000 -0.000000 -1.000000 -0.000000 -0.000000 -1.000000 -0.000000 -0.000000 -1.000000 -0.000000 -0.000000 -1.000000 -0.000000 -0.000000 -1.000000 -0.000000 -0.000000 -1.000000 -0.000000 -0.000000 -1.000000 -0.000000 -0.000000 -1.000000 -0.000000 -0.000000 -1.000000 -0.000000 -0.000000 -1.000000 -0.000000 -0.000000 -1.000000 -0.000000 -0.000000 -1.000000 -0.000000 -0.000000 -1.000000 -0.000000 -0.000000 -1.000000 -0.000000 -0.000000 -1.000000 -0.000000 -0.000000 -1.000000 -0.000000 -0.000000 -1.000000 -0.000000 -0.000000 -1.000000 -0.000000 -0.000000 -1.000000 -0.000000 -0.000000 -1.000000 -0.000000 -0.000000 -1.000000 -0.000000 -0.000000 -1.000000 -0.000000 -0.000000 -1.000000 -0.000000 -0.000000 -1.000000 -0.000000 -0.000000 -1.000000 -0.000000 -0.000000 -1.000000 -0.000000 -0.000000 -1.000000 -0.000000 -0.000000 -1.000000 -0.000000 -0.000000 -1.000000 -0.000000 -0.000000 -1.000000 -0.000000 -0.000000 -1.000000 -0.000000 -0.000000 -1.000000 -0.000000 -0.000000 -1.000000 -0.000000 -0.000000 -1.000000 -0.000000 -0.000000 -1.000000 -0.000000 -0.000000 -1.000000 -0.000000 -0.000000 -1.000000 -0.000000 -0.000000 -1.000000 -0.000000 -0.000000 -1.000000 -0.000000 -0.000000 -1.000000 -0.000000 -0.000000 -1.000000 -0.000000 -0.000000 -1.000000 -0.000000 -0.000000 -1.000000 -0.000000 -0.000000 -1.000000 -0.000000 -0.000000 -1.000000 -0.000000 -0.000000 -1.000000 -0.000000 -0.000000 -1.000000 -0.000000 -0.000000 -1.000000 -0.000000 -0.000000 -1.000000 -0.000000 -0.000000 -1.000000 -0.000000 -0.000000 -1.000000 -0.000000 -0.000000 -1.000000 -0.000000 -0.000000 -1.000000 -0.000000 -0.000000 -1.000000 -0.000000 -0.000000 -1.000000 -0.000000 -0.000000 -1.000000 -0.000000 -0.000000 -1.000000 -0.000000 -0.000000 -1.000000 -0.000000 -0.000000 -1.000000 -0.000000 -0.000000 -1.000000 -0.000000 -0.000000 -1.000000 -0.000000 -0.000000 -1.000000 -0.000000 -0.000000 -1.000000 -0.000000 -0.000000 -1.000000 -0.000000 -0.000000 -1.000000 -0.000000 -0.000000 -1.000000 -0.000000 -0.000000 -1.000000 -0.000000 -0.000000 -1.000000 -0.000000 0.000000 1.000000 0.000000 0.000000 1.000000 0.000000 0.000000 1.000000 0.000000 0.000000 1.000000 0.000000 0.000000 1.000000 0.000000 0.000000 1.000000 0.000000 0.000000 1.000000 0.000000 0.000000 1.000000 0.000000 0.000000 1.000000 0.000000 0.000000 1.000000 0.000000 0.000000 1.000000 0.000000 0.000000 1.000000 0.000000 0.000000 1.000000 0.000000 0.000000 1.000000 0.000000 0.000000 1.000000 0.000000 0.000000 1.000000 0.000000 0.000000 1.000000 0.000000 0.000000 1.000000 0.000000 0.000000 1.000000 0.000000 0.000000 1.000000 0.000000 0.000000 1.000000 0.000000 0.000000 1.000000 0.000000 0.000000 1.000000 0.000000 0.000000 1.000000 0.000000 0.000000 1.000000 0.000000 0.000000 1.000000 0.000000 0.000000 1.000000 0.000000 0.000000 1.000000 0.000000 0.000000 1.000000 0.000000 0.000000 1.000000 0.000000 0.000000 1.000000 0.000000 0.000000 1.000000 0.000000 0.000000 1.000000 0.000000 0.000000 1.000000 0.000000 0.000000 1.000000 0.000000 0.000000 1.000000 0.000000 0.000000 1.000000 0.000000 0.000000 1.000000 0.000000 0.000000 1.000000 0.000000 0.000000 1.000000 0.000000 0.000000 1.000000 0.000000 0.000000 1.000000 0.000000 0.000000 1.000000 0.000000 0.000000 1.000000 0.000000 0.000000 1.000000 0.000000 0.000000 1.000000 0.000000 0.000000 1.000000 0.000000 0.000000 1.000000 0.000000 0.000000 1.000000 0.000000 0.000000 1.000000 0.000000 0.000000 1.000000 0.000000 0.000000 1.000000 0.000000 0.000000 1.000000 0.000000 0.000000 1.000000 0.000000 0.000000 1.000000 0.000000 0.000000 1.000000 0.000000 0.000000 1.000000 0.000000 0.000000 1.000000 0.000000 0.000000 1.000000 0.000000 0.000000 1.000000 0.000000 0.000000 1.000000 0.000000 0.000000 1.000000 0.000000 0.000000 1.000000 0.000000 0.000000 1.000000 0.000000 0.000000 1.000000 0.000000 0.000000 1.000000 0.000000 0.000000 1.000000 0.000000 0.000000 1.000000 0.000000 0.000000 1.000000 0.000000 0.000000 1.000000 0.000000 0.000000 1.000000 0.000000 0.000000 1.000000 0.000000 0.000000 1.000000 0.000000 0.000000 1.000000 0.000000 0.000000 1.000000 0.000000 0.000000 1.000000 0.000000 0.000000 1.000000 0.000000 0.000000 1.000000 0.000000 0.000000 1.000000 0.000000 0.000000 1.000000 0.000000 0.000000 1.000000 0.000000 0.000000 1.000000 0.000000 0.000000 1.000000 0.000000 0.000000 1.000000 0.000000 0.000000 1.000000 0.000000 0.000000 1.000000 0.000000 0.000000 1.000000 0.000000 0.000000 1.000000 0.000000 0.000000 1.000000 0.000000 0.000000 1.000000 0.000000 0.000000 1.000000 0.000000 0.000000 1.000000 0.000000 0.000000 1.000000 0.000000 0.000000 1.000000 0.000000 0.000000 1.000000 0.000000 0.000000 1.000000 0.000000 0.000000 1.000000 0.000000 0.000000 1.000000 0.000000 0.000000 1.000000 0.000000 0.000000 1.000000 0.000000 0.000000 1.000000 0.000000 0.000000 1.000000 0.000000 0.000000 1.000000 0.000000 0.000000 1.000000 0.000000 0.000000 1.000000 0.000000 0.000000 1.000000 0.000000 0.000000 1.000000 0.000000 0.000000 1.000000 0.000000 0.000000 1.000000 0.000000 0.000000 1.000000 0.000000 0.000000 1.000000 0.000000 0.000000 1.000000 0.000000 0.000000 1.000000 0.000000 0.000000 1.000000 0.000000 0.000000 1.000000 0.000000 0.000000 1.000000 0.000000 0.000000 1.000000 0.000000 0.000000 1.000000 0.000000 0.000000 1.000000 0.000000 0.000000 1.000000 0.000000 0.000000 1.000000 0.000000 0.000000 1.000000 0.000000 0.000000 1.000000 0.000000 0.000000 1.000000 0.000000 0.000000 1.000000 0.000000 0.000000 1.000000 0.000000 0.000000 1.000000 0.000000 0.000000 1.000000 0.000000 0.000000 1.000000 0.000000 0.000000 1.000000 0.000000 0.000000 1.000000 0.000000 0.000000 1.000000 0.000000 0.000000 1.000000 0.000000 0.000000 1.000000 0.000000 0.000000 1.000000 0.000000 0.000000 1.000000 0.000000 0.000000 1.000000 0.000000 0.000000 1.000000 0.000000 0.000000 1.000000 0.000000 0.000000 1.000000 0.000000 0.000000 1.000000 0.000000 0.000000 1.000000 0.000000 0.000000 1.000000 0.000000 0.000000 1.000000 0.000000 0.000000 1.000000 0.000000 0.000000 1.000000 0.000000 0.000000 1.000000 0.000000 0.000000 1.000000 0.000000 0.000000 1.000000 0.000000 0.000000 1.000000 0.000000 0.000000 1.000000 0.000000 0.000000 1.000000 0.000000 0.000000 1.000000 0.000000 0.000000 1.000000 0.000000 0.000000 1.000000 0.000000 0.000000 1.000000 0.000000 0.000000 1.000000 0.000000 0.000000 1.000000 0.000000 0.000000 1.000000 0.000000 0.000000 1.000000 0.000000 0.000000 1.000000 0.000000 0.000000 1.000000 0.000000 0.000000 1.000000 0.000000 0.000000 1.000000 0.000000 0.000000 1.000000 0.000000 0.000000 1.000000 0.000000 0.000000 1.000000 0.000000 0.000000 1.000000 0.000000 0.000000 1.000000 0.000000 0.000000 1.000000 0.000000 0.000000 1.000000 0.000000 0.000000 1.000000 0.000000 0.000000 1.000000 0.000000 0.000000 1.000000 0.000000 0.000000 1.000000 0.000000 0.000000 1.000000 0.000000 0.000000 1.000000 0.000000 0.000000 1.000000 0.000000 0.000000 1.000000 0.000000 0.000000 1.000000 0.000000 0.000000 1.000000 0.000000 0.000000 1.000000 0.000000 0.000000 1.000000 0.000000 0.000000 1.000000 0.000000 0.000000 1.000000 0.000000 0.000000 1.000000 0.000000 0.000000 1.000000 0.000000 0.000000 1.000000 0.000000 0.000000 1.000000 0.000000 0.000000 1.000000 0.000000 0.000000 1.000000 0.000000 0.000000 1.000000 0.000000 0.000000 1.000000 0.000000 0.000000 1.000000 0.000000 0.000000 1.000000 0.000000 0.000000 1.000000 0.000000 0.000000 1.000000 0.000000 0.000000 1.000000 0.000000 0.000000 1.000000 0.000000 0.000000 1.000000 0.000000 0.000000 1.000000 0.000000 0.000000 1.000000 0.000000 0.000000 1.000000 0.000000 0.000000 1.000000 0.000000 0.000000 1.000000 0.000000 0.000000 1.000000 0.000000 0.000000 1.000000 0.000000 0.000000 1.000000 0.000000 0.000000 1.000000 0.000000 0.000000 1.000000 0.000000 0.000000 1.000000 0.000000 0.000000 1.000000 0.000000 0.000000 1.000000 0.000000 0.000000 1.000000 0.000000 0.000000 1.000000 0.000000 0.000000 1.000000 0.000000 0.000000 1.000000 0.000000 0.000000 1.000000 0.000000 0.000000 1.000000 0.000000 0.000000 1.000000 0.000000 0.000000 1.000000 0.000000 0.000000 1.000000 0.000000 0.000000 1.000000 0.000000 0.000000 1.000000 0.000000 0.000000 1.000000 0.000000 0.000000 1.000000 0.000000 0.000000 1.000000 0.000000 0.000000 1.000000 0.000000 0.000000 1.000000 0.000000 0.000000 1.000000 0.000000 0.000000 1.000000 0.000000 0.000000 1.000000 0.000000 0.000000 1.000000 0.000000 0.000000 1.000000 0.000000 0.000000 1.000000 0.000000 0.000000 1.000000 0.000000 0.000000 1.000000 0.000000 0.000000 1.000000 0.000000 0.000000 1.000000 0.000000 0.000000 1.000000 0.000000 0.000000 1.000000 0.000000 0.000000 1.000000 0.000000 0.000000 1.000000 0.000000 0.000000 1.000000 0.000000 0.000000 1.000000 0.000000 0.000000 1.000000 0.000000 0.000000 1.000000 0.000000 0.000000 1.000000 0.000000 0.000000 1.000000 0.000000 0.000000 1.000000 0.000000 0.000000 1.000000 0.000000 0.000000 1.000000 0.000000 0.000000 1.000000 0.000000 0.000000 1.000000 0.000000 0.000000 1.000000 0.000000 0.000000 1.000000 0.000000 0.000000 1.000000 0.000000 0.000000 1.000000 0.000000 0.000000 1.000000 0.000000 0.000000 1.000000 0.000000 0.000000 1.000000 0.000000 0.000000 1.000000 0.000000 0.000000 1.000000 0.000000 0.000000 1.000000 0.000000 0.000000 1.000000 0.000000 0.000000 1.000000 0.000000 0.000000 1.000000 0.000000 0.000000 1.000000 0.000000 0.000000 1.000000 0.000000 0.000000 1.000000 0.000000 0.000000 1.000000 0.000000 0.000000 1.000000 0.000000 0.000000 1.000000 0.000000 0.000000 1.000000 0.000000 0.000000 1.000000 0.000000 0.000000 1.000000 0.000000 0.000000 1.000000 0.000000 0.000000 1.000000 0.000000 0.000000 1.000000 0.000000 0.000000 1.000000 0.000000 0.000000 1.000000 0.000000 0.000000 1.000000 0.000000 0.000000 1.000000 0.000000 0.000000 1.000000 0.000000 0.000000 1.000000 0.000000 0.000000 1.000000 0.000000 0.000000 1.000000 0.000000 0.000000 1.000000 0.000000 0.000000 1.000000 0.000000 0.000000 1.000000 0.000000 0.000000 1.000000 0.000000 0.000000 1.000000 0.000000 0.000000 1.000000 0.000000 0.000000 1.000000 0.000000 0.000000 1.000000 0.000000 0.000000 1.000000 0.000000 0.000000 1.000000 0.000000 0.000000 1.000000 0.000000 0.000000 1.000000 0.000000 0.000000 1.000000 0.000000 0.000000 1.000000 0.000000 0.000000 1.000000 0.000000 0.000000 1.000000 0.000000 0.000000 1.000000 0.000000 0.000000 1.000000 0.000000 0.000000 1.000000 0.000000 0.000000 1.000000 0.000000 0.000000 1.000000 0.000000 0.000000 1.000000 0.000000 0.000000 1.000000 0.000000 0.000000 1.000000 0.000000 0.000000 1.000000 0.000000 0.000000 1.000000 0.000000 0.000000 1.000000 0.000000 0.000000 1.000000 0.000000 0.000000 1.000000 0.000000 0.000000 1.000000 0.000000 0.000000 1.000000 0.000000 0.000000 1.000000 0.000000 0.000000 1.000000 0.000000 0.000000 1.000000 0.000000 0.000000 1.000000 0.000000 0.000000 1.000000 0.000000 0.000000 1.000000 0.000000 0.000000 1.000000 0.000000 0.000000 1.000000 0.000000 0.000000 1.000000 0.000000 0.000000 1.000000 0.000000 0.000000 1.000000 0.000000 0.000000 1.000000 0.000000 0.000000 1.000000 0.000000 0.000000 1.000000 0.000000 0.000000 1.000000 0.000000 0.000000 1.000000 0.000000 0.000000 1.000000 0.000000 0.000000 1.000000 0.000000 0.000000 1.000000 0.000000 0.000000 1.000000 0.000000 0.000000 1.000000 0.000000 0.000000 1.000000 0.000000 0.000000 1.000000 0.000000 0.000000 1.000000 0.000000 0.000000 1.000000 0.000000 0.000000 1.000000 0.000000 0.000000 1.000000 0.000000 0.000000 1.000000 0.000000 0.000000 1.000000 0.000000 0.000000 1.000000 0.000000 0.000000 1.000000 0.000000 0.000000 1.000000 0.000000 0.000000 1.000000 0.000000 0.000000 1.000000 0.000000 0.000000 1.000000 0.000000 0.000000 1.000000 0.000000 0.000000 1.000000 0.000000 0.000000 1.000000 0.000000 0.000000 1.000000 0.000000 0.000000 1.000000 0.000000 0.000000 1.000000 0.000000 0.000000 1.000000 0.000000 0.000000 1.000000 0.000000 0.000000 1.000000 0.000000 0.000000 1.000000 0.000000 0.000000 1.000000 0.000000 0.000000 1.000000 0.000000 0.000000 1.000000 0.000000 0.000000 1.000000 0.000000 0.000000 1.000000 0.000000 0.000000 1.000000 0.000000 0.000000 1.000000 0.000000 0.000000 1.000000 0.000000 0.000000 1.000000 0.000000 0.000000 1.000000 0.000000 0.000000 1.000000 0.000000 0.000000 1.000000 0.000000 0.000000 1.000000 0.000000 0.000000 1.000000 0.000000 0.000000 1.000000 0.000000 0.000000 1.000000 0.000000 0.000000 1.000000 0.000000 0.000000 1.000000 0.000000 0.000000 1.000000 0.000000 0.000000 1.000000 0.000000 0.000000 1.000000 0.000000 0.000000 1.000000 0.000000 0.000000 1.000000 0.000000 0.000000 1.000000 0.000000 0.000000 1.000000 0.000000 0.000000 1.000000 0.000000 0.000000 1.000000 0.000000 0.000000 1.000000 0.000000 0.000000 1.000000 0.000000 0.000000 1.000000 0.000000 0.000000 1.000000 0.000000 0.000000 1.000000 0.000000 0.000000 1.000000 0.000000 0.000000 1.000000 0.000000 0.000000 1.000000 0.000000 0.000000 1.000000 0.000000 0.000000 1.000000 0.000000 0.000000 1.000000 0.000000 0.000000 1.000000 0.000000 0.000000 1.000000 0.000000 0.000000 1.000000 0.000000 0.000000 1.000000 0.000000 0.000000 1.000000 0.000000 0.000000 1.000000 0.000000 0.000000 1.000000 0.000000 0.000000 1.000000 0.000000 0.000000 1.000000 0.000000 0.000000 1.000000 0.000000 0.000000 1.000000 0.000000 0.000000 1.000000 0.000000 0.000000 1.000000 0.000000 0.000000 1.000000 0.000000 0.000000 1.000000 0.000000 0.000000 1.000000 0.000000 0.000000 1.000000 0.000000 0.000000 1.000000 0.000000 0.000000 1.000000 0.000000 0.000000 1.000000 0.000000 0.000000 1.000000 0.000000 0.000000 1.000000 0.000000 0.000000 1.000000 0.000000 0.000000 1.000000 0.000000 0.000000 1.000000 0.000000 0.000000 1.000000 0.000000 0.000000 1.000000 0.000000 0.000000 1.000000 0.000000 0.000000 1.000000 0.000000 0.000000 1.000000 0.000000 0.000000 1.000000 0.000000 0.000000 1.000000 0.000000 0.000000 1.000000 0.000000 0.000000 1.000000 0.000000 0.000000 1.000000 0.000000 0.000000 1.000000 0.000000 0.000000 1.000000 0.000000 0.000000 1.000000 0.000000 0.000000 1.000000 0.000000 0.000000 1.000000 0.000000 0.000000 1.000000 0.000000 0.000000 1.000000 0.000000 0.000000 1.000000 0.000000 0.000000 1.000000 0.000000 0.000000 1.000000 0.000000 0.000000 1.000000 0.000000 0.000000 1.000000 0.000000 0.000000 1.000000 0.000000 0.000000 1.000000 0.000000 0.000000 1.000000 0.000000 0.000000 1.000000 0.000000 0.000000 1.000000 0.000000 0.000000 1.000000 0.000000 0.000000 1.000000 0.000000 0.000000 1.000000 0.000000 0.000000 1.000000 0.000000 0.000000 1.000000 0.000000 0.000000 1.000000 0.000000 0.000000 1.000000 0.000000 0.000000 1.000000 0.000000 0.000000 1.000000 0.000000 0.000000 1.000000 0.000000 0.000000 1.000000 0.000000 0.000000 1.000000 0.000000 0.000000 1.000000 0.000000 0.000000 1.000000 0.000000 0.000000 1.000000 0.000000 0.000000 1.000000 0.000000 0.000000 1.000000 0.000000 0.000000 1.000000 0.000000 0.000000 1.000000 0.000000 0.000000 1.000000 0.000000 0.000000 1.000000 0.000000 0.000000 1.000000 0.000000 0.000000 1.000000 0.000000 0.000000 1.000000 0.000000 0.000000 1.000000 0.000000 0.000000 1.000000 0.000000 0.000000 1.000000 0.000000 0.000000 1.000000 0.000000 0.000000 1.000000 0.000000 0.000000 1.000000 0.000000 0.000000 1.000000 0.000000 0.000000 1.000000 0.000000 0.000000 1.000000 0.000000 0.000000 1.000000 0.000000 0.000000 1.000000 0.000000 0.000000 1.000000 0.000000 0.000000 1.000000 0.000000 0.000000 1.000000 0.000000 0.000000 1.000000 0.000000 0.000000 1.000000 0.000000 0.000000 1.000000 0.000000 0.000000 1.000000 0.000000 0.000000 1.000000 0.000000 0.000000 1.000000 0.000000 0.000000 1.000000 0.000000 0.000000 1.000000 0.000000 0.000000 1.000000 0.000000 0.000000 1.000000 0.000000 0.000000 1.000000 0.000000 0.000000 1.000000 0.000000 0.000000 1.000000 0.000000 0.000000 1.000000 0.000000 0.000000 1.000000 0.000000 0.000000 1.000000 0.000000 0.000000 1.000000 0.000000 0.000000 1.000000 0.000000 0.000000 1.000000 0.000000 0.000000 1.000000 0.000000 0.000000 1.000000 0.000000 0.000000 1.000000 0.000000 0.000000 1.000000 0.000000 0.000000 1.000000 0.000000 0.000000 1.000000 0.000000 0.000000 1.000000 0.000000 0.000000 1.000000 0.000000 0.000000 1.000000 0.000000 0.000000 1.000000 0.000000 0.000000 1.000000 0.000000 0.000000 1.000000 0.000000 0.000000 1.000000 0.000000 0.000000 1.000000 0.000000 0.000000 1.000000 0.000000 0.000000 1.000000 0.000000 0.000000 1.000000 0.000000 0.000000 1.000000 0.000000 0.000000 1.000000 0.000000 0.000000 1.000000 0.000000 0.000000 1.000000 0.000000 0.000000 1.000000 0.000000 0.000000 1.000000 0.000000 0.000000 1.000000 0.000000 0.000000 1.000000 0.000000 0.000000 1.000000 0.000000 0.000000 1.000000 0.000000 0.000000 1.000000 0.000000 0.000000 1.000000 0.000000 0.000000 1.000000 0.000000 0.000000 1.000000 0.000000 0.000000 1.000000 0.000000 0.000000 1.000000 0.000000 0.000000 1.000000 0.000000 0.000000 1.000000 0.000000 0.000000 1.000000 0.000000 0.000000 1.000000 0.000000 0.000000 1.000000 0.000000 0.000000 1.000000 0.000000 0.000000 1.000000 0.000000 0.000000 1.000000 0.000000 0.000000 1.000000 0.000000 0.000000 1.000000 0.000000 0.000000 1.000000 0.000000 0.000000 1.000000 0.000000 0.000000 1.000000 0.000000 0.000000 1.000000 0.000000 0.000000 1.000000 0.000000 0.000000 1.000000 0.000000 0.000000 1.000000 0.000000 0.000000 1.000000 0.000000 0.000000 1.000000 0.000000 0.000000 1.000000 0.000000 0.000000 1.000000 0.000000 0.000000 1.000000 0.000000 0.000000 1.000000 0.000000 0.000000 1.000000 0.000000 0.000000 1.000000 0.000000 0.000000 1.000000 0.000000 0.000000 1.000000 0.000000 0.000000 1.000000 0.000000 0.000000 1.000000 0.000000 0.000000 1.000000 0.000000 0.000000 1.000000 0.000000 0.000000 1.000000 0.000000 0.000000 1.000000 0.000000 0.000000 1.000000 0.000000 0.000000 1.000000 0.000000 0.000000 1.000000 0.000000 0.000000 1.000000 0.000000 -0.000000 -1.000000 -0.000000 -0.000000 -1.000000 -0.000000 -0.000000 -1.000000 -0.000000 -0.000000 -1.000000 -0.000000 -0.000000 -1.000000 -0.000000 -0.000000 -1.000000 -0.000000 -0.000000 -1.000000 -0.000000 -0.000000 -1.000000 -0.000000 -0.000000 -1.000000 -0.000000 -0.000000 -1.000000 -0.000000 -0.000000 -1.000000 -0.000000 -0.000000 -1.000000 -0.000000 -0.000000 -1.000000 -0.000000 -0.000000 -1.000000 -0.000000 -0.000000 -1.000000 -0.000000 -0.000000 -1.000000 -0.000000 -0.000000 -1.000000 -0.000000 -0.000000 -1.000000 -0.000000 -0.000000 -1.000000 -0.000000 -0.000000 -1.000000 -0.000000 -0.000000 -1.000000 -0.000000 -0.000000 -1.000000 -0.000000 -0.000000 -1.000000 -0.000000 -0.000000 -1.000000 -0.000000 -0.000000 -1.000000 -0.000000 -0.000000 -1.000000 -0.000000 -0.000000 -1.000000 -0.000000 -0.000000 -1.000000 -0.000000 -0.000000 -1.000000 -0.000000 -0.000000 -1.000000 -0.000000 -0.000000 -1.000000 -0.000000 -0.000000 -1.000000 -0.000000 -0.000000 -1.000000 -0.000000 -0.000000 -1.000000 -0.000000 -0.000000 -1.000000 -0.000000 -0.000000 -1.000000 -0.000000 -0.000000 -1.000000 -0.000000 -0.000000 -1.000000 -0.000000 -0.000000 -1.000000 -0.000000 -0.000000 -1.000000 -0.000000 -0.000000 -1.000000 -0.000000 -0.000000 -1.000000 -0.000000 -0.000000 -1.000000 -0.000000 -0.000000 -1.000000 -0.000000 -0.000000 -1.000000 -0.000000 -0.000000 -1.000000 -0.000000 -0.000000 -1.000000 -0.000000 -0.000000 -1.000000 -0.000000 0.000000 1.000000 0.000000 0.000000 1.000000 0.000000 0.000000 1.000000 0.000000 0.000000 1.000000 0.000000 0.000000 1.000000 0.000000 0.000000 1.000000 0.000000 0.000000 1.000000 0.000000 0.000000 1.000000 0.000000 0.000000 1.000000 0.000000 0.000000 1.000000 0.000000 0.000000 1.000000 0.000000 0.000000 1.000000 0.000000 0.000000 1.000000 0.000000 0.000000 1.000000 0.000000 0.000000 1.000000 0.000000 0.000000 1.000000 0.000000 0.000000 1.000000 0.000000 0.000000 1.000000 0.000000 0.000000 1.000000 0.000000 0.000000 1.000000 0.000000 0.000000 1.000000 0.000000 0.000000 1.000000 0.000000 0.000000 1.000000 0.000000 0.000000 1.000000 0.000000 0.000000 1.000000 0.000000 0.000000 1.000000 0.000000 0.000000 1.000000 0.000000 0.000000 1.000000 0.000000 0.000000 1.000000 0.000000 0.000000 1.000000 0.000000 0.000000 1.000000 0.000000 0.000000 1.000000 0.000000 0.000000 1.000000 0.000000 0.000000 1.000000 0.000000 0.000000 1.000000 0.000000 0.000000 1.000000 0.000000 0.000000 1.000000 0.000000 0.000000 1.000000 0.000000 0.000000 1.000000 0.000000 0.000000 1.000000 0.000000 0.000000 1.000000 0.000000 0.000000 1.000000 0.000000 0.000000 1.000000 0.000000 0.000000 1.000000 0.000000 0.000000 1.000000 0.000000 0.000000 1.000000 0.000000 0.000000 1.000000 0.000000 0.000000 1.000000 0.000000 0.000000 1.000000 0.000000 0.000000 1.000000 0.000000 0.000000 1.000000 0.000000 0.000000 1.000000 0.000000 0.000000 1.000000 0.000000 0.000000 1.000000 0.000000 0.000000 1.000000 0.000000 0.000000 1.000000 0.000000 1.000000 -0.000000 0.000000 1.000000 -0.000000 0.000000 1.000000 -0.000000 0.000000 1.000000 -0.000000 0.000000 -1.000000 0.000000 -0.000000 -1.000000 0.000000 -0.000000 -1.000000 0.000000 -0.000000 -1.000000 0.000000 -0.000000 -0.000000 -0.000000 1.000000 -0.000000 -0.000000 1.000000 -0.000000 -0.000000 1.000000 -0.000000 -0.000000 1.000000</float_array>
          <technique_common>
            <accessor source="#ratio_left_gear-mesh-normals-array" count="2816" stride="3">
              <param name="X" type="float"/>
              <param name="Y" type="float"/>
              <param name="Z" type="float"/>
            </accessor>
          </technique_common>
        </source>
        <vertices id="ratio_left_gear-mesh-vertices">
          <input semantic="POSITION" source="#ratio_left_gear-mesh-positions"/>
        </vertices>
        <triangles material="Opaque_202_209_238_" count="2516">
          <input semantic="VERTEX" source="#ratio_left_gear-mesh-vertices" offset="0"/>
          <input semantic="NORMAL" source="#ratio_left_gear-mesh-normals" offset="1"/>
          <p>1 0 47 1 0 2 0 2 47 1 24 3 0 2 24 3 23 4 23 4 24 3 25 5 23 4 25 5 22 6 22 6 25 5 26 7 22 6 26 7 21 8 21 8 26 7 27 9 21 8 27 9 20 10 20 10 27 9 28 11 20 10 28 11 19 12 19 12 28 11 29 13 19 12 29 13 18 14 18 14 29 13 30 15 18 14 30 15 17 16 17 16 30 15 31 17 17 16 31 17 16 18 16 18 31 17 32 19 16 18 32 19 15 20 15 20 32 19 33 21 15 20 33 21 14 22 14 22 33 21 34 23 14 22 34 23 13 24 13 24 34 23 35 25 13 24 35 25 12 26 12 26 35 25 36 27 12 26 36 27 11 28 11 28 36 27 37 29 11 28 37 29 10 30 10 30 37 29 38 31 10 30 38 31 9 32 9 32 38 31 39 33 9 32 39 33 8 34 8 34 39 33 40 35 8 34 40 35 7 36 7 36 40 35 41 37 7 36 41 37 6 38 6 38 41 37 42 39 6 38 42 39 5 40 5 40 42 39 43 41 5 40 43 41 4 42 4 42 43 41 44 43 4 42 44 43 3 44 3 44 44 43 45 45 3 44 45 45 2 46 2 46 45 45 46 47 2 46 46 47 1 0 1 0 46 47 47 1 49 48 95 49 48 50 48 50 95 49 72 51 48 50 72 51 71 52 71 52 72 51 73 53 71 52 73 53 70 54 70 54 73 53 74 55 70 54 74 55 69 56 69 56 74 55 75 57 69 56 75 57 68 58 68 58 75 57 76 59 68 58 76 59 67 60 67 60 76 59 77 61 67 60 77 61 66 62 66 62 77 61 78 63 66 62 78 63 65 64 65 64 78 63 79 65 65 64 79 65 64 66 64 66 79 65 80 67 64 66 80 67 63 68 63 68 80 67 81 69 63 68 81 69 62 70 62 70 81 69 82 71 62 70 82 71 61 72 61 72 82 71 83 73 61 72 83 73 60 74 60 74 83 73 84 75 60 74 84 75 59 76 59 76 84 75 85 77 59 76 85 77 58 78 58 78 85 77 86 79 58 78 86 79 57 80 57 80 86 79 87 81 57 80 87 81 56 82 56 82 87 81 88 83 56 82 88 83 55 84 55 84 88 83 89 85 55 84 89 85 54 86 54 86 89 85 90 87 54 86 90 87 53 88 53 88 90 87 91 89 53 88 91 89 52 90 52 90 91 89 92 91 52 90 92 91 51 92 51 92 92 91 93 93 51 92 93 93 50 94 50 94 93 93 94 95 50 94 94 95 49 48 49 48 94 95 95 49 97 96 159 97 96 98 96 98 159 97 128 99 96 98 128 99 127 100 127 100 128 99 129 101 127 100 129 101 126 102 126 102 129 101 130 103 126 102 130 103 125 104 125 104 130 103 131 105 125 104 131 105 124 106 124 106 131 105 132 107 124 106 132 107 123 108 123 108 132 107 133 109 123 108 133 109 122 110 122 110 133 109 134 111 122 110 134 111 121 112 121 112 134 111 135 113 121 112 135 113 120 114 120 114 135 113 136 115 120 114 136 115 119 116 119 116 136 115 137 117 119 116 137 117 118 118 118 118 137 117 138 119 118 118 138 119 117 120 117 120 138 119 139 121 117 120 139 121 116 122 116 122 139 121 140 123 116 122 140 123 115 124 115 124 140 123 141 125 115 124 141 125 114 126 114 126 141 125 142 127 114 126 142 127 113 128 113 128 142 127 143 129 113 128 143 129 112 130 112 130 143 129 144 131 112 130 144 131 111 132 111 132 144 131 145 133 111 132 145 133 110 134 110 134 145 133 146 135 110 134 146 135 109 136 109 136 146 135 147 137 109 136 147 137 108 138 108 138 147 137 148 139 108 138 148 139 107 140 107 140 148 139 149 141 107 140 149 141 106 142 106 142 149 141 150 143 106 142 150 143 105 144 105 144 150 143 151 145 105 144 151 145 104 146 104 146 151 145 152 147 104 146 152 147 103 148 103 148 152 147 153 149 103 148 153 149 102 150 102 150 153 149 154 151 102 150 154 151 101 152 101 152 154 151 155 153 101 152 155 153 100 154 100 154 155 153 156 155 100 154 156 155 99 156 99 156 156 155 157 157 99 156 157 157 98 158 98 158 157 157 158 159 98 158 158 159 97 96 97 96 158 159 159 97 161 160 207 161 160 162 160 162 207 161 184 163 160 162 184 163 183 164 183 164 184 163 185 165 183 164 185 165 182 166 182 166 185 165 186 167 182 166 186 167 181 168 181 168 186 167 187 169 181 168 187 169 180 170 180 170 187 169 188 171 180 170 188 171 179 172 179 172 188 171 189 173 179 172 189 173 178 174 178 174 189 173 190 175 178 174 190 175 177 176 177 176 190 175 191 177 177 176 191 177 176 178 176 178 191 177 192 179 176 178 192 179 175 180 175 180 192 179 193 181 175 180 193 181 174 182 174 182 193 181 194 183 174 182 194 183 173 184 173 184 194 183 195 185 173 184 195 185 172 186 172 186 195 185 196 187 172 186 196 187 171 188 171 188 196 187 197 189 171 188 197 189 170 190 170 190 197 189 198 191 170 190 198 191 169 192 169 192 198 191 199 193 169 192 199 193 168 194 168 194 199 193 200 195 168 194 200 195 167 196 167 196 200 195 201 197 167 196 201 197 166 198 166 198 201 197 202 199 166 198 202 199 165 200 165 200 202 199 203 201 165 200 203 201 164 202 164 202 203 201 204 203 164 202 204 203 163 204 163 204 204 203 205 205 163 204 205 205 162 206 162 206 205 205 206 207 162 206 206 207 161 160 161 160 206 207 207 161 217 208 208 209 216 210 216 210 208 209 209 211 216 210 209 211 215 212 215 212 209 211 210 213 215 212 210 213 214 214 214 214 210 213 211 215 214 214 211 215 213 216 213 216 211 215 212 217 227 218 218 219 226 220 226 220 218 219 219 221 226 220 219 221 225 222 225 222 219 221 220 223 225 222 220 223 224 224 224 224 220 223 221 225 224 224 221 225 223 226 223 226 221 225 222 227 237 228 228 229 236 230 236 230 228 229 229 231 236 230 229 231 235 232 235 232 229 231 230 233 235 232 230 233 234 234 234 234 230 233 231 235 234 234 231 235 233 236 233 236 231 235 232 237 247 238 238 239 246 240 246 240 238 239 239 241 246 240 239 241 245 242 245 242 239 241 240 243 245 242 240 243 244 244 244 244 240 243 241 245 244 244 241 245 243 246 243 246 241 245 242 247 257 248 248 249 256 250 256 250 248 249 249 251 256 250 249 251 255 252 255 252 249 251 250 253 255 252 250 253 254 254 254 254 250 253 251 255 254 254 251 255 253 256 253 256 251 255 252 257 267 258 258 259 266 260 266 260 258 259 259 261 266 260 259 261 265 262 265 262 259 261 260 263 265 262 260 263 264 264 264 264 260 263 261 265 264 264 261 265 263 266 263 266 261 265 262 267 277 268 268 269 276 270 276 270 268 269 269 271 276 270 269 271 275 272 275 272 269 271 270 273 275 272 270 273 274 274 274 274 270 273 271 275 274 274 271 275 273 276 273 276 271 275 272 277 287 278 278 279 286 280 286 280 278 279 279 281 286 280 279 281 285 282 285 282 279 281 280 283 285 282 280 283 284 284 284 284 280 283 281 285 284 284 281 285 283 286 283 286 281 285 282 287 297 288 288 289 296 290 296 290 288 289 289 291 296 290 289 291 295 292 295 292 289 291 290 293 295 292 290 293 294 294 294 294 290 293 291 295 294 294 291 295 293 296 293 296 291 295 292 297 305 298 298 299 304 300 304 300 298 299 299 301 304 300 299 301 303 302 303 302 299 301 300 303 303 302 300 303 302 304 302 304 300 303 301 305 313 306 306 307 312 308 312 308 306 307 307 309 312 308 307 309 311 310 311 310 307 309 308 311 311 310 308 311 310 312 310 312 308 311 309 313 314 314 315 315 321 316 321 316 315 315 316 317 321 316 316 317 320 318 320 318 316 317 317 319 320 318 317 319 319 320 319 320 317 319 318 321 319 322 318 323 327 324 327 324 318 323 322 325 327 324 322 325 326 326 326 326 322 325 323 327 326 326 323 327 325 328 325 328 323 327 324 329 325 328 324 329 301 330 301 330 324 329 302 331 298 332 305 333 335 334 335 334 305 333 328 335 335 334 328 335 334 336 334 336 328 335 329 337 334 336 329 337 333 338 333 338 329 337 330 339 333 338 330 339 332 340 332 340 330 339 331 341 332 342 331 343 341 344 341 344 331 343 336 345 341 344 336 345 340 346 340 346 336 345 337 347 340 346 337 347 339 348 339 348 337 347 338 349 339 350 338 351 349 352 349 352 338 351 342 353 349 352 342 353 348 354 348 354 342 353 343 355 348 354 343 355 347 356 347 356 343 355 344 357 347 356 344 357 346 358 346 358 344 357 345 359 346 360 345 361 355 362 355 362 345 361 350 363 355 362 350 363 354 364 354 364 350 363 351 365 354 364 351 365 353 366 353 366 351 365 352 367 353 368 352 369 363 370 363 370 352 369 356 371 363 370 356 371 362 372 362 372 356 371 357 373 362 372 357 373 361 374 361 374 357 373 358 375 361 374 358 375 360 376 360 376 358 375 359 377 360 378 359 379 369 380 369 380 359 379 364 381 369 380 364 381 368 382 368 382 364 381 365 383 368 382 365 383 367 384 367 384 365 383 366 385 367 386 366 387 377 388 377 388 366 387 370 389 377 388 370 389 376 390 376 390 370 389 371 391 376 390 371 391 375 392 375 392 371 391 372 393 375 392 372 393 374 394 374 394 372 393 373 395 374 396 373 397 383 398 383 398 373 397 378 399 383 398 378 399 382 400 382 400 378 399 379 401 382 400 379 401 381 402 381 402 379 401 380 403 381 404 380 405 391 406 391 406 380 405 384 407 391 406 384 407 390 408 390 408 384 407 385 409 390 408 385 409 389 410 389 410 385 409 386 411 389 410 386 411 388 412 388 412 386 411 387 413 388 414 387 415 397 416 397 416 387 415 392 417 397 416 392 417 396 418 396 418 392 417 393 419 396 418 393 419 395 420 395 420 393 419 394 421 395 422 394 423 405 424 405 424 394 423 398 425 405 424 398 425 404 426 404 426 398 425 399 427 404 426 399 427 403 428 403 428 399 427 400 429 403 428 400 429 402 430 402 430 400 429 401 431 402 432 401 433 411 434 411 434 401 433 406 435 411 434 406 435 410 436 410 436 406 435 407 437 410 436 407 437 409 438 409 438 407 437 408 439 409 440 408 441 419 442 419 442 408 441 412 443 419 442 412 443 418 444 418 444 412 443 413 445 418 444 413 445 417 446 417 446 413 445 414 447 417 446 414 447 416 448 416 448 414 447 415 449 416 450 415 451 425 452 425 452 415 451 420 453 425 452 420 453 424 454 424 454 420 453 421 455 424 454 421 455 423 456 423 456 421 455 422 457 423 458 422 459 433 460 433 460 422 459 426 461 433 460 426 461 432 462 432 462 426 461 427 463 432 462 427 463 431 464 431 464 427 463 428 465 431 464 428 465 430 466 430 466 428 465 429 467 430 468 429 469 439 470 439 470 429 469 434 471 439 470 434 471 438 472 438 472 434 471 435 473 438 472 435 473 437 474 437 474 435 473 436 475 437 476 436 477 447 478 447 478 436 477 440 479 447 478 440 479 446 480 446 480 440 479 441 481 446 480 441 481 445 482 445 482 441 481 442 483 445 482 442 483 444 484 444 484 442 483 443 485 444 486 443 487 453 488 453 488 443 487 448 489 453 488 448 489 452 490 452 490 448 489 449 491 452 490 449 491 451 492 451 492 449 491 450 493 451 494 450 495 461 496 461 496 450 495 454 497 461 496 454 497 460 498 460 498 454 497 455 499 460 498 455 499 459 500 459 500 455 499 456 501 459 500 456 501 458 502 458 502 456 501 457 503 458 504 457 505 467 506 467 506 457 505 462 507 467 506 462 507 466 508 466 508 462 507 463 509 466 508 463 509 465 510 465 510 463 509 464 511 465 512 464 513 475 514 475 514 464 513 468 515 475 514 468 515 474 516 474 516 468 515 469 517 474 516 469 517 473 518 473 518 469 517 470 519 473 518 470 519 472 520 472 520 470 519 471 521 472 522 471 523 479 524 479 524 471 523 476 525 479 524 476 525 478 526 478 526 476 525 477 527 478 526 477 527 292 528 292 528 477 527 293 529 288 530 297 531 485 532 485 532 297 531 480 533 485 532 480 533 484 534 484 534 480 533 481 535 484 534 481 535 483 536 483 536 481 535 482 537 483 538 482 539 493 540 493 540 482 539 486 541 493 540 486 541 492 542 492 542 486 541 487 543 492 542 487 543 491 544 491 544 487 543 488 545 491 544 488 545 490 546 490 546 488 545 489 547 490 548 489 549 497 550 497 550 489 549 494 551 497 550 494 551 496 552 496 552 494 551 495 553 496 552 495 553 282 554 282 554 495 553 283 555 278 556 287 557 503 558 503 558 287 557 498 559 503 558 498 559 502 560 502 560 498 559 499 561 502 560 499 561 501 562 501 562 499 561 500 563 501 564 500 565 511 566 511 566 500 565 504 567 511 566 504 567 510 568 510 568 504 567 505 569 510 568 505 569 509 570 509 570 505 569 506 571 509 570 506 571 508 572 508 572 506 571 507 573 508 574 507 575 515 576 515 576 507 575 512 577 515 576 512 577 514 578 514 578 512 577 513 579 514 578 513 579 272 580 272 580 513 579 273 581 268 582 277 583 521 584 521 584 277 583 516 585 521 584 516 585 520 586 520 586 516 585 517 587 520 586 517 587 519 588 519 588 517 587 518 589 519 590 518 591 529 592 529 592 518 591 522 593 529 592 522 593 528 594 528 594 522 593 523 595 528 594 523 595 527 596 527 596 523 595 524 597 527 596 524 597 526 598 526 598 524 597 525 599 526 600 525 601 533 602 533 602 525 601 530 603 533 602 530 603 532 604 532 604 530 603 531 605 532 604 531 605 262 606 262 606 531 605 263 607 258 608 267 609 539 610 539 610 267 609 534 611 539 610 534 611 538 612 538 612 534 611 535 613 538 612 535 613 537 614 537 614 535 613 536 615 537 616 536 617 547 618 547 618 536 617 540 619 547 618 540 619 546 620 546 620 540 619 541 621 546 620 541 621 545 622 545 622 541 621 542 623 545 622 542 623 544 624 544 624 542 623 543 625 544 626 543 627 551 628 551 628 543 627 548 629 551 628 548 629 550 630 550 630 548 629 549 631 550 630 549 631 252 632 252 632 549 631 253 633 248 634 257 635 557 636 557 636 257 635 552 637 557 636 552 637 556 638 556 638 552 637 553 639 556 638 553 639 555 640 555 640 553 639 554 641 555 642 554 643 565 644 565 644 554 643 558 645 565 644 558 645 564 646 564 646 558 645 559 647 564 646 559 647 563 648 563 648 559 647 560 649 563 648 560 649 562 650 562 650 560 649 561 651 562 652 561 653 569 654 569 654 561 653 566 655 569 654 566 655 568 656 568 656 566 655 567 657 568 656 567 657 242 658 242 658 567 657 243 659 238 660 247 661 575 662 575 662 247 661 570 663 575 662 570 663 574 664 574 664 570 663 571 665 574 664 571 665 573 666 573 666 571 665 572 667 573 668 572 669 583 670 583 670 572 669 576 671 583 670 576 671 582 672 582 672 576 671 577 673 582 672 577 673 581 674 581 674 577 673 578 675 581 674 578 675 580 676 580 676 578 675 579 677 580 678 579 679 589 680 589 680 579 679 584 681 589 680 584 681 588 682 588 682 584 681 585 683 588 682 585 683 587 684 587 684 585 683 586 685 587 686 586 687 597 688 597 688 586 687 590 689 597 688 590 689 596 690 596 690 590 689 591 691 596 690 591 691 595 692 595 692 591 691 592 693 595 692 592 693 594 694 594 694 592 693 593 695 594 696 593 697 603 698 603 698 593 697 598 699 603 698 598 699 602 700 602 700 598 699 599 701 602 700 599 701 601 702 601 702 599 701 600 703 601 704 600 705 611 706 611 706 600 705 604 707 611 706 604 707 610 708 610 708 604 707 605 709 610 708 605 709 609 710 609 710 605 709 606 711 609 710 606 711 608 712 608 712 606 711 607 713 608 714 607 715 617 716 617 716 607 715 612 717 617 716 612 717 616 718 616 718 612 717 613 719 616 718 613 719 615 720 615 720 613 719 614 721 615 722 614 723 625 724 625 724 614 723 618 725 625 724 618 725 624 726 624 726 618 725 619 727 624 726 619 727 623 728 623 728 619 727 620 729 623 728 620 729 622 730 622 730 620 729 621 731 622 732 621 733 631 734 631 734 621 733 626 735 631 734 626 735 630 736 630 736 626 735 627 737 630 736 627 737 629 738 629 738 627 737 628 739 629 740 628 741 639 742 639 742 628 741 632 743 639 742 632 743 638 744 638 744 632 743 633 745 638 744 633 745 637 746 637 746 633 745 634 747 637 746 634 747 636 748 636 748 634 747 635 749 636 750 635 751 645 752 645 752 635 751 640 753 645 752 640 753 644 754 644 754 640 753 641 755 644 754 641 755 643 756 643 756 641 755 642 757 643 758 642 759 653 760 653 760 642 759 646 761 653 760 646 761 652 762 652 762 646 761 647 763 652 762 647 763 651 764 651 764 647 763 648 765 651 764 648 765 650 766 650 766 648 765 649 767 650 768 649 769 659 770 659 770 649 769 654 771 659 770 654 771 658 772 658 772 654 771 655 773 658 772 655 773 657 774 657 774 655 773 656 775 657 776 656 777 667 778 667 778 656 777 660 779 667 778 660 779 666 780 666 780 660 779 661 781 666 780 661 781 665 782 665 782 661 781 662 783 665 782 662 783 664 784 664 784 662 783 663 785 664 786 663 787 673 788 673 788 663 787 668 789 673 788 668 789 672 790 672 790 668 789 669 791 672 790 669 791 671 792 671 792 669 791 670 793 671 794 670 795 681 796 681 796 670 795 674 797 681 796 674 797 680 798 680 798 674 797 675 799 680 798 675 799 679 800 679 800 675 799 676 801 679 800 676 801 678 802 678 802 676 801 677 803 678 804 677 805 687 806 687 806 677 805 682 807 687 806 682 807 686 808 686 808 682 807 683 809 686 808 683 809 685 810 685 810 683 809 684 811 685 812 684 813 695 814 695 814 684 813 688 815 695 814 688 815 694 816 694 816 688 815 689 817 694 816 689 817 693 818 693 818 689 817 690 819 693 818 690 819 692 820 692 820 690 819 691 821 692 822 691 823 701 824 701 824 691 823 696 825 701 824 696 825 700 826 700 826 696 825 697 827 700 826 697 827 699 828 699 828 697 827 698 829 699 830 698 831 709 832 709 832 698 831 702 833 709 832 702 833 708 834 708 834 702 833 703 835 708 834 703 835 707 836 707 836 703 835 704 837 707 836 704 837 706 838 706 838 704 837 705 839 706 840 705 841 715 842 715 842 705 841 710 843 715 842 710 843 714 844 714 844 710 843 711 845 714 844 711 845 713 846 713 846 711 845 712 847 713 848 712 849 723 850 723 850 712 849 716 851 723 850 716 851 722 852 722 852 716 851 717 853 722 852 717 853 721 854 721 854 717 853 718 855 721 854 718 855 720 856 720 856 718 855 719 857 720 858 719 859 729 860 729 860 719 859 724 861 729 860 724 861 728 862 728 862 724 861 725 863 728 862 725 863 727 864 727 864 725 863 726 865 727 866 726 867 737 868 737 868 726 867 730 869 737 868 730 869 736 870 736 870 730 869 731 871 736 870 731 871 735 872 735 872 731 871 732 873 735 872 732 873 734 874 734 874 732 873 733 875 734 876 733 877 743 878 743 878 733 877 738 879 743 878 738 879 742 880 742 880 738 879 739 881 742 880 739 881 741 882 741 882 739 881 740 883 741 884 740 885 751 886 751 886 740 885 744 887 751 886 744 887 750 888 750 888 744 887 745 889 750 888 745 889 749 890 749 890 745 889 746 891 749 890 746 891 748 892 748 892 746 891 747 893 748 894 747 895 757 896 757 896 747 895 752 897 757 896 752 897 756 898 756 898 752 897 753 899 756 898 753 899 755 900 755 900 753 899 754 901 755 902 754 903 765 904 765 904 754 903 758 905 765 904 758 905 764 906 764 906 758 905 759 907 764 906 759 907 763 908 763 908 759 907 760 909 763 908 760 909 762 910 762 910 760 909 761 911 762 912 761 913 771 914 771 914 761 913 766 915 771 914 766 915 770 916 770 916 766 915 767 917 770 916 767 917 769 918 769 918 767 917 768 919 769 920 768 921 779 922 779 922 768 921 772 923 779 922 772 923 778 924 778 924 772 923 773 925 778 924 773 925 777 926 777 926 773 925 774 927 777 926 774 927 776 928 776 928 774 927 775 929 776 930 775 931 785 932 785 932 775 931 780 933 785 932 780 933 784 934 784 934 780 933 781 935 784 934 781 935 783 936 783 936 781 935 782 937 783 938 782 939 793 940 793 940 782 939 786 941 793 940 786 941 792 942 792 942 786 941 787 943 792 942 787 943 791 944 791 944 787 943 788 945 791 944 788 945 790 946 790 946 788 945 789 947 790 948 789 949 799 950 799 950 789 949 794 951 799 950 794 951 798 952 798 952 794 951 795 953 798 952 795 953 797 954 797 954 795 953 796 955 797 956 796 957 807 958 807 958 796 957 800 959 807 958 800 959 806 960 806 960 800 959 801 961 806 960 801 961 805 962 805 962 801 961 802 963 805 962 802 963 804 964 804 964 802 963 803 965 804 966 803 967 813 968 813 968 803 967 808 969 813 968 808 969 812 970 812 970 808 969 809 971 812 970 809 971 811 972 811 972 809 971 810 973 811 974 810 975 821 976 821 976 810 975 814 977 821 976 814 977 820 978 820 978 814 977 815 979 820 978 815 979 819 980 819 980 815 979 816 981 819 980 816 981 818 982 818 982 816 981 817 983 818 984 817 985 827 986 827 986 817 985 822 987 827 986 822 987 826 988 826 988 822 987 823 989 826 988 823 989 825 990 825 990 823 989 824 991 825 992 824 993 835 994 835 994 824 993 828 995 835 994 828 995 834 996 834 996 828 995 829 997 834 996 829 997 833 998 833 998 829 997 830 999 833 998 830 999 832 1000 832 1000 830 999 831 1001 832 1002 831 1003 841 1004 841 1004 831 1003 836 1005 841 1004 836 1005 840 1006 840 1006 836 1005 837 1007 840 1006 837 1007 839 1008 839 1008 837 1007 838 1009 839 1010 838 1011 849 1012 849 1012 838 1011 842 1013 849 1012 842 1013 848 1014 848 1014 842 1013 843 1015 848 1014 843 1015 847 1016 847 1016 843 1015 844 1017 847 1016 844 1017 846 1018 846 1018 844 1017 845 1019 846 1020 845 1021 855 1022 855 1022 845 1021 850 1023 855 1022 850 1023 854 1024 854 1024 850 1023 851 1025 854 1024 851 1025 853 1026 853 1026 851 1025 852 1027 853 1028 852 1029 863 1030 863 1030 852 1029 856 1031 863 1030 856 1031 862 1032 862 1032 856 1031 857 1033 862 1032 857 1033 861 1034 861 1034 857 1033 858 1035 861 1034 858 1035 860 1036 860 1036 858 1035 859 1037 860 1038 859 1039 869 1040 869 1040 859 1039 864 1041 869 1040 864 1041 868 1042 868 1042 864 1041 865 1043 868 1042 865 1043 867 1044 867 1044 865 1043 866 1045 867 1046 866 1047 877 1048 877 1048 866 1047 870 1049 877 1048 870 1049 876 1050 876 1050 870 1049 871 1051 876 1050 871 1051 875 1052 875 1052 871 1051 872 1053 875 1052 872 1053 874 1054 874 1054 872 1053 873 1055 874 1056 873 1057 883 1058 883 1058 873 1057 878 1059 883 1058 878 1059 882 1060 882 1060 878 1059 879 1061 882 1060 879 1061 881 1062 881 1062 879 1061 880 1063 881 1064 880 1065 891 1066 891 1066 880 1065 884 1067 891 1066 884 1067 890 1068 890 1068 884 1067 885 1069 890 1068 885 1069 889 1070 889 1070 885 1069 886 1071 889 1070 886 1071 888 1072 888 1072 886 1071 887 1073 888 1074 887 1075 897 1076 897 1076 887 1075 892 1077 897 1076 892 1077 896 1078 896 1078 892 1077 893 1079 896 1078 893 1079 895 1080 895 1080 893 1079 894 1081 895 1082 894 1083 905 1084 905 1084 894 1083 898 1085 905 1084 898 1085 904 1086 904 1086 898 1085 899 1087 904 1086 899 1087 903 1088 903 1088 899 1087 900 1089 903 1088 900 1089 902 1090 902 1090 900 1089 901 1091 902 1092 901 1093 911 1094 911 1094 901 1093 906 1095 911 1094 906 1095 910 1096 910 1096 906 1095 907 1097 910 1096 907 1097 909 1098 909 1098 907 1097 908 1099 909 1100 908 1101 919 1102 919 1102 908 1101 912 1103 919 1102 912 1103 918 1104 918 1104 912 1103 913 1105 918 1104 913 1105 917 1106 917 1106 913 1105 914 1107 917 1106 914 1107 916 1108 916 1108 914 1107 915 1109 916 1110 915 1111 925 1112 925 1112 915 1111 920 1113 925 1112 920 1113 924 1114 924 1114 920 1113 921 1115 924 1114 921 1115 923 1116 923 1116 921 1115 922 1117 923 1118 922 1119 933 1120 933 1120 922 1119 926 1121 933 1120 926 1121 932 1122 932 1122 926 1121 927 1123 932 1122 927 1123 931 1124 931 1124 927 1123 928 1125 931 1124 928 1125 930 1126 930 1126 928 1125 929 1127 930 1128 929 1129 939 1130 939 1130 929 1129 934 1131 939 1130 934 1131 938 1132 938 1132 934 1131 935 1133 938 1132 935 1133 937 1134 937 1134 935 1133 936 1135 937 1136 936 1137 947 1138 947 1138 936 1137 940 1139 947 1138 940 1139 946 1140 946 1140 940 1139 941 1141 946 1140 941 1141 945 1142 945 1142 941 1141 942 1143 945 1142 942 1143 944 1144 944 1144 942 1143 943 1145 944 1146 943 1147 953 1148 953 1148 943 1147 948 1149 953 1148 948 1149 952 1150 952 1150 948 1149 949 1151 952 1150 949 1151 951 1152 951 1152 949 1151 950 1153 951 1154 950 1155 961 1156 961 1156 950 1155 954 1157 961 1156 954 1157 960 1158 960 1158 954 1157 955 1159 960 1158 955 1159 959 1160 959 1160 955 1159 956 1161 959 1160 956 1161 958 1162 958 1162 956 1161 957 1163 958 1164 957 1165 967 1166 967 1166 957 1165 962 1167 967 1166 962 1167 966 1168 966 1168 962 1167 963 1169 966 1168 963 1169 965 1170 965 1170 963 1169 964 1171 965 1172 964 1173 975 1174 975 1174 964 1173 968 1175 975 1174 968 1175 974 1176 974 1176 968 1175 969 1177 974 1176 969 1177 973 1178 973 1178 969 1177 970 1179 973 1178 970 1179 972 1180 972 1180 970 1179 971 1181 972 1182 971 1183 981 1184 981 1184 971 1183 976 1185 981 1184 976 1185 980 1186 980 1186 976 1185 977 1187 980 1186 977 1187 979 1188 979 1188 977 1187 978 1189 979 1190 978 1191 989 1192 989 1192 978 1191 982 1193 989 1192 982 1193 988 1194 988 1194 982 1193 983 1195 988 1194 983 1195 987 1196 987 1196 983 1195 984 1197 987 1196 984 1197 986 1198 986 1198 984 1197 985 1199 986 1200 985 1201 995 1202 995 1202 985 1201 990 1203 995 1202 990 1203 994 1204 994 1204 990 1203 991 1205 994 1204 991 1205 993 1206 993 1206 991 1205 992 1207 993 1208 992 1209 1003 1210 1003 1210 992 1209 996 1211 1003 1210 996 1211 1002 1212 1002 1212 996 1211 997 1213 1002 1212 997 1213 1001 1214 1001 1214 997 1213 998 1215 1001 1214 998 1215 1000 1216 1000 1216 998 1215 999 1217 1000 1218 999 1219 1009 1220 1009 1220 999 1219 1004 1221 1009 1220 1004 1221 1008 1222 1008 1222 1004 1221 1005 1223 1008 1222 1005 1223 1007 1224 1007 1224 1005 1223 1006 1225 1007 1226 1006 1227 1017 1228 1017 1228 1006 1227 1010 1229 1017 1228 1010 1229 1016 1230 1016 1230 1010 1229 1011 1231 1016 1230 1011 1231 1015 1232 1015 1232 1011 1231 1012 1233 1015 1232 1012 1233 1014 1234 1014 1234 1012 1233 1013 1235 1014 1236 1013 1237 1023 1238 1023 1238 1013 1237 1018 1239 1023 1238 1018 1239 1022 1240 1022 1240 1018 1239 1019 1241 1022 1240 1019 1241 1021 1242 1021 1242 1019 1241 1020 1243 1021 1244 1020 1245 1031 1246 1031 1246 1020 1245 1024 1247 1031 1246 1024 1247 1030 1248 1030 1248 1024 1247 1025 1249 1030 1248 1025 1249 1029 1250 1029 1250 1025 1249 1026 1251 1029 1250 1026 1251 1028 1252 1028 1252 1026 1251 1027 1253 1028 1254 1027 1255 1037 1256 1037 1256 1027 1255 1032 1257 1037 1256 1032 1257 1036 1258 1036 1258 1032 1257 1033 1259 1036 1258 1033 1259 1035 1260 1035 1260 1033 1259 1034 1261 1035 1262 1034 1263 1045 1264 1045 1264 1034 1263 1038 1265 1045 1264 1038 1265 1044 1266 1044 1266 1038 1265 1039 1267 1044 1266 1039 1267 1043 1268 1043 1268 1039 1267 1040 1269 1043 1268 1040 1269 1042 1270 1042 1270 1040 1269 1041 1271 1042 1272 1041 1273 1051 1274 1051 1274 1041 1273 1046 1275 1051 1274 1046 1275 1050 1276 1050 1276 1046 1275 1047 1277 1050 1276 1047 1277 1049 1278 1049 1278 1047 1277 1048 1279 1049 1280 1048 1281 1057 1282 1057 1282 1048 1281 1052 1283 1057 1282 1052 1283 1056 1284 1056 1284 1052 1283 1053 1285 1056 1284 1053 1285 1055 1286 1055 1286 1053 1285 1054 1287 1055 1286 1054 1287 313 1288 313 1288 1054 1287 306 1289 1058 1290 1059 1291 1065 1292 1065 1292 1059 1291 1060 1293 1065 1292 1060 1293 1064 1294 1064 1294 1060 1293 1061 1295 1064 1294 1061 1295 1063 1296 1063 1296 1061 1295 1062 1297 1063 1298 1062 1299 1073 1300 1073 1300 1062 1299 1066 1301 1073 1300 1066 1301 1072 1302 1072 1302 1066 1301 1067 1303 1072 1302 1067 1303 1071 1304 1071 1304 1067 1303 1068 1305 1071 1304 1068 1305 1070 1306 1070 1306 1068 1305 1069 1307 1070 1308 1069 1309 1077 1310 1077 1310 1069 1309 1074 1311 1077 1310 1074 1311 1076 1312 1076 1312 1074 1311 1075 1313 1076 1312 1075 1313 232 1314 232 1314 1075 1313 233 1315 228 1316 237 1317 1083 1318 1083 1318 237 1317 1078 1319 1083 1318 1078 1319 1082 1320 1082 1320 1078 1319 1079 1321 1082 1320 1079 1321 1081 1322 1081 1322 1079 1321 1080 1323 1081 1324 1080 1325 1091 1326 1091 1326 1080 1325 1084 1327 1091 1326 1084 1327 1090 1328 1090 1328 1084 1327 1085 1329 1090 1328 1085 1329 1089 1330 1089 1330 1085 1329 1086 1331 1089 1330 1086 1331 1088 1332 1088 1332 1086 1331 1087 1333 1088 1334 1087 1335 1095 1336 1095 1336 1087 1335 1092 1337 1095 1336 1092 1337 1094 1338 1094 1338 1092 1337 1093 1339 1094 1338 1093 1339 222 1340 222 1340 1093 1339 223 1341 218 1342 227 1343 1101 1344 1101 1344 227 1343 1096 1345 1101 1344 1096 1345 1100 1346 1100 1346 1096 1345 1097 1347 1100 1346 1097 1347 1099 1348 1099 1348 1097 1347 1098 1349 1099 1350 1098 1351 1109 1352 1109 1352 1098 1351 1102 1353 1109 1352 1102 1353 1108 1354 1108 1354 1102 1353 1103 1355 1108 1354 1103 1355 1107 1356 1107 1356 1103 1355 1104 1357 1107 1356 1104 1357 1106 1358 1106 1358 1104 1357 1105 1359 1106 1360 1105 1361 1113 1362 1113 1362 1105 1361 1110 1363 1113 1362 1110 1363 1112 1364 1112 1364 1110 1363 1111 1365 1112 1364 1111 1365 212 1366 212 1366 1111 1365 213 1367 208 1368 217 1369 1119 1370 1119 1370 217 1369 1114 1371 1119 1370 1114 1371 1118 1372 1118 1372 1114 1371 1115 1373 1118 1372 1115 1373 1117 1374 1117 1374 1115 1373 1116 1375 1117 1376 1116 1377 1127 1378 1127 1378 1116 1377 1120 1379 1127 1378 1120 1379 1126 1380 1126 1380 1120 1379 1121 1381 1126 1380 1121 1381 1125 1382 1125 1382 1121 1381 1122 1383 1125 1382 1122 1383 1124 1384 1124 1384 1122 1383 1123 1385 1124 1386 1123 1387 1133 1388 1133 1388 1123 1387 1128 1389 1133 1388 1128 1389 1132 1390 1132 1390 1128 1389 1129 1391 1132 1390 1129 1391 1131 1392 1131 1392 1129 1391 1130 1393 1131 1394 1130 1395 1141 1396 1141 1396 1130 1395 1134 1397 1141 1396 1134 1397 1140 1398 1140 1398 1134 1397 1135 1399 1140 1398 1135 1399 1139 1400 1139 1400 1135 1399 1136 1401 1139 1400 1136 1401 1138 1402 1138 1402 1136 1401 1137 1403 1138 1404 1137 1405 1147 1406 1147 1406 1137 1405 1142 1407 1147 1406 1142 1407 1146 1408 1146 1408 1142 1407 1143 1409 1146 1408 1143 1409 1145 1410 1145 1410 1143 1409 1144 1411 1145 1412 1144 1413 1155 1414 1155 1414 1144 1413 1148 1415 1155 1414 1148 1415 1154 1416 1154 1416 1148 1415 1149 1417 1154 1416 1149 1417 1153 1418 1153 1418 1149 1417 1150 1419 1153 1418 1150 1419 1152 1420 1152 1420 1150 1419 1151 1421 1152 1422 1151 1423 1161 1424 1161 1424 1151 1423 1156 1425 1161 1424 1156 1425 1160 1426 1160 1426 1156 1425 1157 1427 1160 1426 1157 1427 1159 1428 1159 1428 1157 1427 1158 1429 1159 1430 1158 1431 1169 1432 1169 1432 1158 1431 1162 1433 1169 1432 1162 1433 1168 1434 1168 1434 1162 1433 1163 1435 1168 1434 1163 1435 1167 1436 1167 1436 1163 1435 1164 1437 1167 1436 1164 1437 1166 1438 1166 1438 1164 1437 1165 1439 1166 1440 1165 1441 1175 1442 1175 1442 1165 1441 1170 1443 1175 1442 1170 1443 1174 1444 1174 1444 1170 1443 1171 1445 1174 1444 1171 1445 1173 1446 1173 1446 1171 1445 1172 1447 1173 1448 1172 1449 1183 1450 1183 1450 1172 1449 1176 1451 1183 1450 1176 1451 1182 1452 1182 1452 1176 1451 1177 1453 1182 1452 1177 1453 1181 1454 1181 1454 1177 1453 1178 1455 1181 1454 1178 1455 1180 1456 1180 1456 1178 1455 1179 1457 1180 1458 1179 1459 1189 1460 1189 1460 1179 1459 1184 1461 1189 1460 1184 1461 1188 1462 1188 1462 1184 1461 1185 1463 1188 1462 1185 1463 1187 1464 1187 1464 1185 1463 1186 1465 1187 1466 1186 1467 1197 1468 1197 1468 1186 1467 1190 1469 1197 1468 1190 1469 1196 1470 1196 1470 1190 1469 1191 1471 1196 1470 1191 1471 1195 1472 1195 1472 1191 1471 1192 1473 1195 1472 1192 1473 1194 1474 1194 1474 1192 1473 1193 1475 1194 1476 1193 1477 1203 1478 1203 1478 1193 1477 1198 1479 1203 1478 1198 1479 1202 1480 1202 1480 1198 1479 1199 1481 1202 1480 1199 1481 1201 1482 1201 1482 1199 1481 1200 1483 1201 1484 1200 1485 1211 1486 1211 1486 1200 1485 1204 1487 1211 1486 1204 1487 1210 1488 1210 1488 1204 1487 1205 1489 1210 1488 1205 1489 1209 1490 1209 1490 1205 1489 1206 1491 1209 1490 1206 1491 1208 1492 1208 1492 1206 1491 1207 1493 1208 1494 1207 1495 1217 1496 1217 1496 1207 1495 1212 1497 1217 1496 1212 1497 1216 1498 1216 1498 1212 1497 1213 1499 1216 1498 1213 1499 1215 1500 1215 1500 1213 1499 1214 1501 1215 1502 1214 1503 1225 1504 1225 1504 1214 1503 1218 1505 1225 1504 1218 1505 1224 1506 1224 1506 1218 1505 1219 1507 1224 1506 1219 1507 1223 1508 1223 1508 1219 1507 1220 1509 1223 1508 1220 1509 1222 1510 1222 1510 1220 1509 1221 1511 1222 1512 1221 1513 1231 1514 1231 1514 1221 1513 1226 1515 1231 1514 1226 1515 1230 1516 1230 1516 1226 1515 1227 1517 1230 1516 1227 1517 1229 1518 1229 1518 1227 1517 1228 1519 1229 1520 1228 1521 1239 1522 1239 1522 1228 1521 1232 1523 1239 1522 1232 1523 1238 1524 1238 1524 1232 1523 1233 1525 1238 1524 1233 1525 1237 1526 1237 1526 1233 1525 1234 1527 1237 1526 1234 1527 1236 1528 1236 1528 1234 1527 1235 1529 1236 1530 1235 1531 1245 1532 1245 1532 1235 1531 1240 1533 1245 1532 1240 1533 1244 1534 1244 1534 1240 1533 1241 1535 1244 1534 1241 1535 1243 1536 1243 1536 1241 1535 1242 1537 1243 1538 1242 1539 1251 1540 1251 1540 1242 1539 1246 1541 1251 1540 1246 1541 1250 1542 1250 1542 1246 1541 1247 1543 1250 1542 1247 1543 1249 1544 1249 1544 1247 1543 1248 1545 1249 1544 1248 1545 314 1546 314 1546 1248 1545 315 1547 312 1548 860 1549 313 1550 313 1550 860 1549 1035 1551 313 1550 1035 1551 1056 1552 1056 1552 1035 1551 1057 1553 1057 1553 1035 1551 1049 1554 1049 1554 1035 1551 1050 1555 1050 1555 1035 1551 1051 1556 1051 1556 1035 1551 1045 1557 1051 1556 1045 1557 1044 1558 312 1548 311 1559 860 1549 860 1549 311 1559 310 1560 860 1549 310 1560 1058 1561 1058 1561 310 1560 42 1562 1058 1561 42 1562 41 1563 1252 1564 47 1565 310 1560 310 1560 47 1565 46 1566 310 1560 46 1566 45 1567 1253 1568 30 1569 1252 1564 1252 1564 30 1569 29 1570 1252 1564 29 1570 28 1571 1058 1561 37 1572 1253 1568 1253 1568 37 1572 36 1573 1253 1568 36 1573 35 1574 860 1549 1058 1561 178 1575 178 1575 1058 1561 1065 1576 178 1575 1065 1576 1064 1577 1064 1577 1063 1578 178 1575 178 1575 1063 1578 228 1579 178 1575 228 1579 1083 1580 1073 1581 1072 1582 1063 1578 1063 1578 1072 1582 228 1579 1072 1582 1071 1583 228 1579 228 1579 1071 1583 1070 1584 228 1579 1070 1584 1077 1585 1077 1585 1076 1586 228 1579 228 1579 1076 1586 229 1587 229 1587 1076 1586 230 1588 230 1588 1076 1586 231 1589 231 1589 1076 1586 232 1590 1083 1580 1082 1591 178 1575 178 1575 1082 1591 1081 1592 178 1575 1081 1592 218 1593 218 1593 1081 1592 1091 1594 218 1593 1091 1594 1090 1595 1090 1595 1089 1596 218 1593 218 1593 1089 1596 1088 1597 218 1593 1088 1597 219 1598 219 1598 1088 1597 1095 1599 219 1598 1095 1599 1094 1600 222 1601 221 1602 1094 1600 1094 1600 221 1602 220 1603 1094 1600 220 1603 219 1598 218 1593 1101 1604 178 1575 178 1575 1101 1604 1100 1605 178 1575 1100 1605 1099 1606 178 1575 1099 1606 208 1607 208 1607 1099 1606 1109 1608 208 1607 1109 1608 1108 1609 1108 1609 1107 1610 208 1607 208 1607 1107 1610 209 1611 209 1611 1107 1610 1106 1612 209 1611 1106 1612 210 1613 210 1613 1106 1612 1113 1614 210 1613 1113 1614 1112 1615 212 1616 211 1617 1112 1615 1112 1615 211 1617 210 1613 208 1607 1119 1618 178 1575 178 1575 1119 1618 1118 1619 178 1575 1118 1619 1117 1620 178 1575 1117 1620 1138 1621 1138 1621 1117 1620 1127 1622 1138 1621 1127 1622 1126 1623 1126 1623 1125 1624 1138 1621 1138 1621 1125 1624 1139 1625 1139 1625 1125 1624 1140 1626 1140 1626 1125 1624 1124 1627 1140 1626 1124 1627 1133 1628 1140 1626 1133 1628 1141 1629 1141 1629 1133 1628 1132 1630 1141 1629 1132 1630 1131 1631 178 1575 1138 1621 1229 1632 1229 1632 1138 1621 1147 1633 1229 1632 1147 1633 1146 1634 1146 1634 1145 1635 1229 1632 1229 1632 1145 1635 1166 1636 1229 1632 1166 1636 1175 1637 1145 1635 1155 1638 1166 1636 1166 1636 1155 1638 1154 1639 1166 1636 1154 1639 1167 1640 1167 1640 1154 1639 1153 1641 1167 1640 1153 1641 1168 1642 1168 1642 1153 1641 1152 1643 1168 1642 1152 1643 1169 1644 1169 1644 1152 1643 1161 1645 1169 1644 1161 1645 1160 1646 1160 1646 1159 1647 1169 1644 1175 1637 1174 1648 1229 1632 1229 1632 1174 1648 1173 1649 1229 1632 1173 1649 1194 1650 1194 1650 1173 1649 1183 1651 1194 1650 1183 1651 1182 1652 1194 1650 1182 1652 1195 1653 1195 1653 1182 1652 1181 1654 1195 1653 1181 1654 1196 1655 1196 1655 1181 1654 1197 1656 1197 1656 1181 1654 1180 1657 1197 1656 1180 1657 1189 1658 1189 1658 1188 1659 1197 1656 1197 1656 1188 1659 1187 1660 1194 1650 1203 1661 1229 1632 1229 1632 1203 1661 1202 1662 1229 1632 1202 1662 1201 1663 1211 1664 1222 1665 1201 1663 1201 1663 1222 1665 1231 1666 1201 1663 1231 1666 1230 1667 1222 1665 1211 1664 1223 1668 1223 1668 1211 1664 1210 1669 1223 1668 1210 1669 1224 1670 1224 1670 1210 1669 1209 1671 1224 1670 1209 1671 1225 1672 1225 1672 1209 1671 1208 1673 1225 1672 1208 1673 1217 1674 1217 1674 1216 1675 1225 1672 1225 1672 1216 1675 1215 1676 1230 1667 1229 1632 1201 1663 1239 1677 1238 1678 1229 1632 1229 1632 1238 1678 1237 1679 1229 1632 1237 1679 1236 1680 1245 1681 1251 1682 1236 1680 1236 1680 1251 1682 1250 1683 1236 1680 1250 1683 1229 1632 1229 1632 1250 1683 1249 1684 1229 1632 1249 1684 314 1685 1245 1681 1244 1686 1251 1682 1251 1682 1244 1686 1243 1687 1229 1632 314 1685 319 1688 319 1688 314 1685 321 1689 319 1688 321 1689 320 1690 327 1691 332 1692 319 1688 319 1688 332 1692 341 1693 319 1688 341 1693 340 1694 326 1695 334 1696 327 1691 327 1691 334 1696 333 1697 327 1691 333 1697 332 1692 334 1696 326 1695 335 1698 335 1698 326 1695 325 1699 335 1698 325 1699 299 1700 299 1700 325 1699 300 1701 300 1701 325 1699 301 1702 299 1700 298 1703 335 1698 340 1694 339 1704 319 1688 319 1688 339 1704 360 1705 319 1688 360 1705 369 1706 360 1705 339 1704 361 1707 361 1707 339 1704 349 1708 361 1707 349 1708 362 1709 362 1709 349 1708 348 1710 362 1709 348 1710 363 1711 363 1711 348 1710 347 1712 363 1711 347 1712 353 1713 353 1713 347 1712 354 1714 354 1714 347 1712 355 1715 355 1715 347 1712 346 1716 369 1706 368 1717 319 1688 319 1688 368 1717 367 1718 319 1688 367 1718 388 1719 388 1719 367 1718 389 1720 389 1720 367 1718 377 1721 389 1720 377 1721 390 1722 390 1722 377 1721 376 1723 390 1722 376 1723 391 1724 391 1724 376 1723 375 1725 391 1724 375 1725 381 1726 381 1726 375 1725 382 1727 382 1727 375 1725 383 1728 383 1728 375 1725 374 1729 388 1719 397 1730 319 1688 319 1688 397 1730 396 1731 319 1688 396 1731 395 1732 405 1733 418 1734 395 1732 395 1732 418 1734 417 1735 395 1732 417 1735 416 1736 418 1734 405 1733 419 1737 419 1737 405 1733 404 1738 419 1737 404 1738 403 1739 402 1740 411 1741 403 1739 403 1739 411 1741 410 1742 403 1739 410 1742 409 1743 409 1743 419 1737 403 1739 395 1732 416 1736 319 1688 319 1688 416 1736 425 1744 319 1688 425 1744 424 1745 424 1745 423 1746 319 1688 319 1688 423 1746 444 1747 319 1688 444 1747 453 1748 433 1749 446 1750 423 1746 423 1746 446 1750 445 1751 423 1746 445 1751 444 1747 446 1750 433 1749 447 1752 447 1752 433 1749 432 1753 447 1752 432 1753 437 1754 437 1754 432 1753 431 1755 437 1754 431 1755 438 1756 438 1756 431 1755 439 1757 439 1757 431 1755 430 1758 453 1748 452 1759 319 1688 319 1688 452 1759 451 1760 319 1688 451 1760 183 1761 183 1761 451 1760 472 1762 183 1761 472 1762 479 1763 461 1764 475 1765 451 1760 451 1760 475 1765 474 1766 451 1760 474 1766 473 1767 461 1764 460 1768 475 1765 475 1765 460 1768 465 1769 465 1769 460 1768 466 1770 466 1770 460 1768 459 1771 466 1770 459 1771 467 1772 467 1772 459 1771 458 1773 473 1767 472 1762 451 1760 479 1763 478 1774 183 1761 183 1761 478 1774 292 1775 183 1761 292 1775 160 1776 160 1776 292 1775 490 1777 160 1776 490 1777 497 1778 291 1779 493 1780 292 1775 292 1775 493 1780 492 1781 292 1775 492 1781 491 1782 493 1780 291 1779 483 1783 483 1783 291 1779 290 1784 483 1783 290 1784 484 1785 484 1785 290 1784 485 1786 485 1786 290 1784 289 1787 485 1786 289 1787 288 1788 491 1782 490 1777 292 1775 497 1778 496 1789 160 1776 160 1776 496 1789 282 1790 160 1776 282 1790 508 1791 508 1791 282 1790 509 1792 509 1792 282 1790 510 1793 510 1793 282 1790 511 1794 511 1794 282 1790 501 1795 501 1795 282 1790 281 1796 501 1795 281 1796 502 1797 502 1797 281 1796 503 1798 503 1798 281 1796 280 1799 503 1798 280 1799 279 1800 279 1800 278 1801 503 1798 508 1791 515 1802 160 1776 160 1776 515 1802 514 1803 160 1776 514 1803 272 1804 271 1805 521 1806 272 1804 272 1804 521 1806 520 1807 272 1804 520 1807 519 1808 270 1809 269 1810 271 1805 271 1805 269 1810 268 1811 271 1805 268 1811 521 1806 519 1808 529 1812 272 1804 272 1804 529 1812 528 1813 272 1804 528 1813 526 1814 526 1814 528 1813 527 1815 272 1804 526 1814 161 1816 161 1816 526 1814 533 1817 161 1816 533 1817 532 1818 161 1816 532 1818 162 1819 162 1819 532 1818 262 1820 162 1819 262 1820 163 1821 163 1821 262 1820 544 1822 163 1821 544 1822 164 1823 164 1823 544 1822 551 1824 164 1823 551 1824 550 1825 261 1826 259 1827 262 1820 262 1820 259 1827 258 1828 262 1820 258 1828 539 1829 261 1826 260 1830 259 1827 539 1829 538 1831 262 1820 262 1820 538 1831 537 1832 262 1820 537 1832 547 1833 262 1820 547 1833 544 1822 544 1822 547 1833 546 1834 544 1822 546 1834 545 1835 164 1823 550 1825 165 1836 165 1836 550 1825 252 1837 165 1836 252 1837 166 1838 166 1838 252 1837 562 1839 166 1838 562 1839 569 1840 251 1841 250 1842 252 1837 252 1837 250 1842 249 1843 252 1837 249 1843 248 1844 248 1844 557 1845 252 1837 252 1837 557 1845 556 1846 252 1837 556 1846 562 1839 562 1839 556 1846 555 1847 562 1839 555 1847 565 1848 565 1848 564 1849 562 1839 562 1839 564 1849 563 1850 569 1840 568 1851 166 1838 166 1838 568 1851 242 1852 166 1838 242 1852 580 1853 580 1853 242 1852 239 1854 580 1853 239 1854 238 1855 241 1856 240 1857 242 1852 242 1852 240 1857 239 1854 238 1855 575 1858 580 1853 580 1853 575 1858 574 1859 580 1853 574 1859 573 1860 573 1860 583 1861 580 1853 580 1853 583 1861 581 1862 581 1862 583 1861 582 1863 580 1853 589 1864 166 1838 166 1838 589 1864 588 1865 166 1838 588 1865 587 1866 597 1867 596 1868 587 1866 587 1866 596 1868 608 1869 587 1866 608 1869 166 1838 166 1838 608 1869 617 1870 166 1838 617 1870 616 1871 596 1868 595 1872 608 1869 608 1869 595 1872 594 1873 608 1869 594 1873 603 1874 603 1874 602 1875 608 1869 608 1869 602 1875 609 1876 609 1876 602 1875 601 1877 609 1876 601 1877 611 1878 611 1878 610 1879 609 1876 616 1871 615 1880 166 1838 166 1838 615 1880 636 1881 166 1838 636 1881 645 1882 615 1880 625 1883 636 1881 636 1881 625 1883 624 1884 636 1881 624 1884 623 1885 623 1885 622 1886 636 1881 636 1881 622 1886 637 1887 637 1887 622 1886 631 1888 637 1887 631 1888 630 1889 629 1890 639 1891 630 1889 630 1889 639 1891 638 1892 630 1889 638 1892 637 1887 645 1882 644 1893 166 1838 166 1838 644 1893 643 1894 166 1838 643 1894 664 1895 664 1895 643 1894 653 1896 664 1895 653 1896 652 1897 652 1897 651 1898 664 1895 664 1895 651 1898 665 1899 665 1899 651 1898 650 1900 665 1899 650 1900 666 1901 666 1901 650 1900 659 1902 666 1901 659 1902 658 1903 657 1904 667 1905 658 1903 658 1903 667 1905 666 1901 664 1895 673 1906 166 1838 166 1838 673 1906 672 1907 166 1838 672 1907 671 1908 166 1838 671 1908 692 1909 692 1909 671 1908 681 1910 692 1909 681 1910 680 1911 680 1911 679 1912 692 1909 692 1909 679 1912 693 1913 693 1913 679 1912 694 1914 694 1914 679 1912 678 1915 694 1914 678 1915 687 1916 694 1914 687 1916 695 1917 695 1917 687 1916 686 1918 695 1917 686 1918 685 1919 166 1838 692 1909 783 1920 783 1920 692 1909 701 1921 783 1920 701 1921 700 1922 700 1922 699 1923 783 1920 783 1920 699 1923 720 1924 783 1920 720 1924 729 1925 699 1923 709 1926 720 1924 720 1924 709 1926 708 1927 720 1924 708 1927 721 1928 721 1928 708 1927 707 1929 721 1928 707 1929 722 1930 722 1930 707 1929 706 1931 722 1930 706 1931 723 1932 723 1932 706 1931 715 1933 723 1932 715 1933 714 1934 714 1934 713 1935 723 1932 729 1925 728 1936 783 1920 783 1920 728 1936 727 1937 783 1920 727 1937 748 1938 748 1938 727 1937 737 1939 748 1938 737 1939 736 1940 748 1938 736 1940 749 1941 749 1941 736 1940 735 1942 749 1941 735 1942 750 1943 750 1943 735 1942 751 1944 751 1944 735 1942 734 1945 751 1944 734 1945 743 1946 743 1946 742 1947 751 1944 751 1944 742 1947 741 1948 748 1938 757 1949 783 1920 783 1920 757 1949 756 1950 783 1920 756 1950 755 1951 783 1920 755 1951 776 1952 776 1952 755 1951 765 1953 776 1952 765 1953 777 1954 777 1954 765 1953 764 1955 777 1954 764 1955 778 1956 778 1956 764 1955 763 1957 778 1956 763 1957 779 1958 779 1958 763 1957 762 1959 779 1958 762 1959 771 1960 771 1960 770 1961 779 1958 779 1958 770 1961 769 1962 776 1952 785 1963 783 1920 783 1920 785 1963 784 1964 166 1838 783 1920 807 1965 807 1965 783 1920 793 1966 807 1965 793 1966 792 1967 792 1967 791 1968 807 1965 807 1965 791 1968 790 1969 807 1965 790 1969 799 1970 799 1970 798 1971 807 1965 807 1965 798 1971 797 1972 806 1973 805 1974 807 1965 807 1965 805 1974 804 1975 807 1965 804 1975 167 1976 167 1976 804 1975 168 1977 168 1977 804 1975 169 1978 169 1978 804 1975 170 1979 170 1979 804 1975 171 1980 171 1980 804 1975 172 1981 172 1981 804 1975 832 1982 172 1981 832 1982 173 1983 173 1983 832 1982 860 1549 173 1983 860 1549 174 1984 174 1984 860 1549 175 1985 175 1985 860 1549 176 1986 176 1986 860 1549 177 1987 177 1987 860 1549 178 1575 804 1975 813 1988 832 1982 832 1982 813 1988 812 1989 832 1982 812 1989 811 1990 832 1982 811 1990 833 1991 833 1991 811 1990 821 1992 833 1991 821 1992 820 1993 833 1991 820 1993 834 1994 834 1994 820 1993 819 1995 834 1994 819 1995 835 1996 835 1996 819 1995 827 1997 835 1996 827 1997 826 1998 819 1995 818 1999 827 1997 826 1998 825 2000 835 1996 832 1982 841 2001 860 1549 860 1549 841 2001 840 2002 860 1549 840 2002 839 2003 860 1549 839 2003 861 2004 861 2004 839 2003 849 2005 861 2004 849 2005 862 2006 862 2006 849 2005 848 2007 862 2006 848 2007 863 2008 863 2008 848 2007 847 2009 863 2008 847 2009 853 2010 853 2010 847 2009 854 2011 854 2011 847 2009 855 2012 855 2012 847 2009 846 2013 869 2014 888 2015 860 1549 860 1549 888 2015 897 2016 860 1549 897 2016 896 2017 869 2014 868 2018 888 2015 888 2015 868 2018 867 2019 888 2015 867 2019 889 2020 889 2020 867 2019 877 2021 889 2020 877 2021 890 2022 890 2022 877 2021 876 2023 890 2022 876 2023 891 2024 891 2024 876 2023 875 2025 891 2024 875 2025 881 2026 881 2026 875 2025 882 2027 882 2027 875 2025 883 2028 883 2028 875 2025 874 2029 896 2017 895 2030 860 1549 860 1549 895 2030 916 2031 860 1549 916 2031 925 2032 905 2033 918 2034 895 2030 895 2030 918 2034 917 2035 895 2030 917 2035 916 2031 918 2034 905 2033 919 2036 919 2036 905 2033 904 2037 919 2036 904 2037 903 2038 902 2039 911 2040 903 2038 903 2038 911 2040 910 2041 903 2038 910 2041 909 2042 909 2042 919 2036 903 2038 925 2032 924 2043 860 1549 860 1549 924 2043 923 2044 860 1549 923 2044 944 2045 944 2045 923 2044 945 2046 945 2046 923 2044 946 2047 946 2047 923 2044 933 2048 946 2047 933 2048 947 2049 947 2049 933 2048 932 2050 947 2049 932 2050 937 2051 937 2051 932 2050 931 2052 937 2051 931 2052 938 2053 938 2053 931 2052 939 2054 939 2054 931 2052 930 2055 944 2045 953 2056 860 1549 860 1549 953 2056 952 2057 860 1549 952 2057 951 2058 961 2059 975 2060 951 2058 951 2058 975 2060 974 2061 951 2058 974 2061 973 2062 961 2059 960 2063 975 2060 975 2060 960 2063 965 2064 965 2064 960 2063 966 2065 966 2065 960 2063 959 2066 966 2065 959 2066 967 2067 967 2067 959 2066 958 2068 973 2062 972 2069 951 2058 951 2058 972 2069 860 1549 972 2069 981 2070 860 1549 860 1549 981 2070 980 2071 860 1549 980 2071 979 2072 989 2073 1003 2074 979 2072 979 2072 1003 2074 1002 2075 979 2072 1002 2075 1001 2076 1003 2074 989 2073 993 2077 993 2077 989 2073 988 2078 993 2077 988 2078 994 2079 994 2079 988 2078 995 2080 995 2080 988 2078 987 2081 995 2080 987 2081 986 2082 1001 2076 1000 2083 979 2072 979 2072 1000 2083 860 1549 1000 2083 1009 2084 860 1549 860 1549 1009 2084 1008 2085 860 1549 1008 2085 1007 2086 1017 2087 1021 2088 1007 2086 1007 2086 1021 2088 1031 2089 1007 2086 1031 2089 1030 2090 1016 2091 1023 2092 1017 2087 1017 2087 1023 2092 1022 2093 1017 2087 1022 2093 1021 2088 1016 2091 1015 2094 1023 2092 1023 2092 1015 2094 1014 2095 1030 2090 1029 2096 1007 2086 1007 2086 1029 2096 1028 2097 1007 2086 1028 2097 860 1549 860 1549 1028 2097 1037 2098 860 1549 1037 2098 1036 2099 1036 2099 1035 1551 860 1549 1044 1558 1043 2100 1051 1556 1051 1556 1043 2100 1042 2101 1056 1552 1055 2102 313 1550 319 1688 183 1761 1229 1632 1229 1632 183 1761 182 2103 1229 1632 182 2103 181 2104 181 2104 180 2105 1229 1632 1229 1632 180 2105 179 2106 1229 1632 179 2106 178 1575 167 1976 166 1838 807 1965 161 1816 160 1776 272 1804 25 2107 24 2108 1252 1564 1252 1564 24 2108 47 1565 45 1567 44 2109 310 1560 310 1560 44 2109 43 2110 310 1560 43 2110 42 1562 41 1563 40 2111 1058 1561 1058 1561 40 2111 39 2112 1058 1561 39 2112 38 2113 38 2113 37 1572 1058 1561 35 1574 34 2114 1253 1568 1253 1568 34 2114 33 2115 1253 1568 33 2115 32 2116 32 2116 31 2117 1253 1568 1253 1568 31 2117 30 1569 28 1571 27 2118 1252 1564 1252 1564 27 2118 26 2119 1252 1564 26 2119 25 2107 309 2120 1 2121 1254 2122 1254 2122 1 2121 0 2123 1254 2122 0 2123 23 2124 308 2125 152 2126 309 2120 309 2120 152 2126 151 2127 309 2120 151 2127 150 2128 308 2125 307 2129 152 2126 152 2126 307 2129 306 2130 152 2126 306 2130 1034 2131 1034 2131 306 2130 1053 2132 1034 2131 1053 2132 1052 2133 306 2130 1054 2134 1053 2132 1052 2133 1048 2135 1034 2131 1034 2131 1048 2135 1047 2136 1034 2131 1047 2136 1046 2137 1041 2138 1040 2139 1046 2137 1046 2137 1040 2139 1039 2140 1046 2137 1039 2140 1038 2141 1038 2141 1034 2131 1046 2137 1034 2131 1033 2142 152 2126 152 2126 1033 2142 1032 2143 152 2126 1032 2143 1027 2144 152 2126 1027 2144 1006 2145 1006 2145 1027 2144 1026 2146 1006 2145 1026 2146 1025 2147 1025 2147 1024 2148 1006 2145 1006 2145 1024 2148 1020 2149 1006 2145 1020 2149 1010 2150 1010 2150 1020 2149 1019 2151 1010 2150 1019 2151 1018 2152 1013 2153 1012 2154 1018 2152 1018 2152 1012 2154 1011 2155 1018 2152 1011 2155 1010 2150 1006 2145 1005 2156 152 2126 152 2126 1005 2156 1004 2157 152 2126 1004 2157 999 2158 152 2126 999 2158 978 2159 978 2159 999 2158 998 2160 978 2159 998 2160 997 2161 997 2161 996 2162 978 2159 978 2159 996 2162 982 2163 982 2163 996 2162 992 2164 982 2163 992 2164 983 2165 983 2165 992 2164 991 2166 983 2165 991 2166 990 2167 985 2168 984 2169 990 2167 990 2167 984 2169 983 2165 978 2159 977 2170 152 2126 152 2126 977 2170 976 2171 152 2126 976 2171 971 2172 152 2126 971 2172 950 2173 950 2173 971 2172 970 2174 950 2173 970 2174 969 2175 969 2175 968 2176 950 2173 950 2173 968 2176 954 2177 954 2177 968 2176 955 2178 955 2178 968 2176 964 2179 955 2178 964 2179 963 2180 955 2178 963 2180 956 2181 956 2181 963 2180 962 2182 956 2181 962 2182 957 2183 152 2126 950 2173 887 2184 887 2184 950 2173 949 2185 887 2184 949 2185 948 2186 948 2186 943 2187 887 2184 887 2184 943 2187 922 2188 887 2184 922 2188 921 2189 943 2187 942 2190 922 2188 922 2188 942 2190 941 2191 922 2188 941 2191 926 2192 926 2192 941 2191 940 2193 926 2192 940 2193 927 2194 927 2194 940 2193 936 2195 927 2194 936 2195 928 2196 928 2196 936 2195 935 2197 928 2196 935 2197 934 2198 934 2198 929 2199 928 2196 921 2189 920 2200 887 2184 887 2184 920 2200 915 2201 887 2184 915 2201 892 2202 892 2202 915 2201 893 2203 893 2203 915 2201 894 2204 894 2204 915 2201 914 2205 894 2204 914 2205 913 2206 894 2204 913 2206 898 2207 898 2207 913 2206 912 2208 898 2207 912 2208 899 2209 899 2209 912 2208 900 2210 900 2210 912 2208 908 2211 900 2210 908 2211 907 2212 907 2212 906 2213 900 2210 900 2210 906 2213 901 2214 886 2215 878 2216 887 2184 887 2184 878 2216 871 2217 887 2184 871 2217 870 2218 886 2215 885 2219 878 2216 878 2216 885 2219 884 2220 878 2216 884 2220 879 2221 879 2221 884 2220 880 2222 873 2223 872 2224 878 2216 878 2216 872 2224 871 2217 870 2218 866 2225 887 2184 887 2184 866 2225 754 2226 887 2184 754 2226 753 2227 865 2228 780 2229 866 2225 866 2225 780 2229 775 2230 866 2225 775 2230 754 2226 754 2226 775 2230 758 2231 758 2231 775 2230 774 2232 758 2231 774 2232 759 2233 759 2233 774 2232 773 2234 759 2233 773 2234 760 2235 760 2235 773 2234 772 2236 760 2235 772 2236 761 2237 761 2237 772 2236 766 2238 766 2238 772 2236 767 2239 767 2239 772 2236 768 2240 780 2229 865 2228 781 2241 781 2241 865 2228 864 2242 781 2241 864 2242 782 2243 782 2243 864 2242 859 2244 782 2243 859 2244 803 2245 803 2245 859 2244 838 2246 803 2245 838 2246 808 2247 808 2247 838 2246 837 2248 808 2247 837 2248 809 2249 809 2249 837 2248 836 2250 809 2249 836 2250 810 2251 810 2251 836 2250 831 2252 810 2251 831 2252 814 2253 814 2253 831 2252 815 2254 815 2254 831 2252 828 2255 815 2254 828 2255 816 2256 816 2256 828 2255 822 2257 816 2256 822 2257 817 2258 858 2259 857 2260 859 2244 859 2244 857 2260 856 2261 859 2244 856 2261 852 2262 851 2263 844 2264 852 2262 852 2262 844 2264 843 2265 852 2262 843 2265 859 2244 859 2244 843 2265 842 2266 859 2244 842 2266 838 2246 851 2263 850 2267 844 2264 844 2264 850 2267 845 2268 831 2252 830 2269 828 2255 828 2255 830 2269 829 2270 824 2271 823 2272 828 2255 828 2255 823 2272 822 2257 782 2243 803 2245 786 2273 786 2273 803 2245 802 2274 786 2273 802 2274 787 2275 787 2275 802 2274 801 2276 787 2275 801 2276 788 2277 788 2277 801 2276 800 2278 788 2277 800 2278 789 2279 789 2279 800 2278 794 2280 794 2280 800 2278 795 2281 795 2281 800 2278 796 2282 753 2227 752 2283 887 2184 887 2184 752 2283 747 2284 887 2184 747 2284 726 2285 726 2285 747 2284 730 2286 730 2286 747 2284 731 2287 731 2287 747 2284 746 2288 731 2287 746 2288 732 2289 732 2289 746 2288 745 2290 732 2289 745 2290 744 2291 740 2292 739 2293 744 2291 744 2291 739 2293 738 2294 744 2291 738 2294 733 2295 733 2295 732 2289 744 2291 726 2285 725 2296 887 2184 887 2184 725 2296 724 2297 887 2184 724 2297 719 2298 718 2299 703 2300 719 2298 719 2298 703 2300 702 2301 719 2298 702 2301 698 2302 703 2300 718 2299 704 2303 704 2303 718 2299 717 2304 704 2303 717 2304 705 2305 705 2305 717 2304 716 2306 705 2305 716 2306 710 2307 710 2307 716 2306 711 2308 711 2308 716 2306 712 2309 719 2298 698 2302 887 2184 887 2184 698 2302 697 2310 887 2184 697 2310 696 2311 696 2311 691 2312 887 2184 887 2184 691 2312 670 2313 887 2184 670 2313 159 2314 159 2314 670 2313 669 2315 159 2314 669 2315 128 2316 128 2316 669 2315 668 2317 128 2316 668 2317 663 2318 690 2319 676 2320 691 2312 691 2312 676 2320 675 2321 691 2312 675 2321 674 2322 690 2319 689 2323 676 2320 676 2320 689 2323 677 2324 677 2324 689 2323 682 2325 682 2325 689 2323 688 2326 682 2325 688 2326 683 2327 683 2327 688 2326 684 2328 674 2322 670 2313 691 2312 662 2329 648 2330 663 2318 663 2318 648 2330 647 2331 663 2318 647 2331 646 2332 648 2330 662 2329 649 2333 649 2333 662 2329 661 2334 649 2333 661 2334 654 2335 654 2335 661 2334 655 2336 655 2336 661 2334 660 2337 655 2336 660 2337 656 2338 646 2332 642 2339 663 2318 663 2318 642 2339 128 2316 642 2339 641 2340 128 2316 128 2316 641 2340 640 2341 128 2316 640 2341 635 2342 634 2343 621 2344 635 2342 635 2342 621 2344 620 2345 635 2342 620 2345 619 2346 633 2347 627 2348 634 2343 634 2343 627 2348 626 2349 634 2343 626 2349 621 2344 633 2347 632 2350 627 2348 627 2348 632 2350 628 2351 619 2346 618 2352 635 2342 635 2342 618 2352 614 2353 635 2342 614 2353 129 2354 129 2354 614 2353 613 2355 129 2354 613 2355 612 2356 612 2356 607 2357 129 2354 129 2354 607 2357 130 2358 130 2358 607 2357 586 2359 130 2358 586 2359 131 2360 131 2360 586 2359 585 2361 131 2360 585 2361 132 2362 132 2362 585 2361 584 2363 132 2362 584 2363 579 2364 606 2365 599 2366 607 2357 607 2357 599 2366 598 2367 607 2357 598 2367 593 2368 605 2369 604 2370 606 2365 606 2365 604 2370 600 2371 606 2365 600 2371 599 2366 593 2368 592 2372 607 2357 607 2357 592 2372 591 2373 607 2357 591 2373 586 2359 586 2359 591 2373 590 2374 578 2375 576 2376 579 2364 579 2364 576 2376 572 2377 579 2364 572 2377 571 2378 578 2375 577 2379 576 2376 571 2378 570 2380 579 2364 579 2364 570 2380 247 2381 579 2364 247 2381 246 2382 579 2364 246 2382 243 2383 243 2383 246 2382 245 2384 243 2383 245 2384 244 2385 567 2386 134 2387 243 2383 243 2383 134 2387 133 2388 243 2383 133 2388 579 2364 579 2364 133 2388 132 2362 134 2387 567 2386 135 2389 135 2389 567 2386 566 2390 135 2389 566 2390 561 2391 560 2392 559 2393 561 2391 561 2391 559 2393 558 2394 561 2391 558 2394 554 2395 554 2395 553 2396 561 2391 561 2391 553 2396 552 2397 561 2391 552 2397 253 2398 253 2398 552 2397 257 2399 253 2398 257 2399 256 2400 256 2400 255 2401 253 2398 253 2398 255 2401 254 2402 561 2391 253 2398 136 2403 136 2403 253 2398 549 2404 136 2403 549 2404 548 2405 548 2405 543 2406 136 2403 136 2403 543 2406 263 2407 136 2403 263 2407 531 2408 542 2409 541 2410 543 2406 543 2406 541 2410 540 2411 543 2406 540 2411 263 2407 263 2407 540 2411 536 2412 263 2407 536 2412 535 2413 535 2413 534 2414 263 2407 263 2407 534 2414 267 2415 263 2407 267 2415 266 2416 265 2417 264 2418 266 2416 266 2416 264 2418 263 2407 531 2408 530 2419 136 2403 136 2403 530 2419 525 2420 136 2403 525 2420 273 2421 273 2421 525 2420 523 2422 273 2421 523 2422 522 2423 525 2420 524 2424 523 2422 522 2423 518 2425 273 2421 273 2421 518 2425 517 2426 273 2421 517 2426 516 2427 273 2421 516 2427 274 2428 274 2428 516 2427 277 2429 274 2428 277 2429 276 2430 276 2430 275 2431 274 2428 273 2421 513 2432 136 2403 136 2403 513 2432 512 2433 136 2403 512 2433 507 2434 136 2403 507 2434 283 2435 283 2435 507 2434 506 2436 283 2435 506 2436 505 2437 505 2437 504 2438 283 2435 283 2435 504 2438 500 2439 283 2435 500 2439 284 2440 284 2440 500 2439 499 2441 284 2440 499 2441 498 2442 287 2443 286 2444 498 2442 498 2442 286 2444 285 2445 498 2442 285 2445 284 2440 283 2435 495 2446 136 2403 136 2403 495 2446 494 2447 136 2403 494 2447 489 2448 136 2403 489 2448 293 2449 293 2449 489 2448 488 2450 293 2449 488 2450 487 2451 487 2451 486 2452 293 2449 293 2449 486 2452 294 2453 294 2453 486 2452 482 2454 294 2453 482 2454 295 2455 295 2455 482 2454 481 2456 295 2455 481 2456 480 2457 297 2458 296 2459 480 2457 480 2457 296 2459 295 2455 293 2449 477 2460 136 2403 136 2403 477 2460 476 2461 136 2403 476 2461 471 2462 136 2403 471 2462 450 2463 450 2463 471 2462 470 2464 450 2463 470 2464 469 2465 469 2465 468 2466 450 2463 450 2463 468 2466 454 2467 454 2467 468 2466 455 2468 455 2468 468 2466 464 2469 455 2468 464 2469 463 2470 455 2468 463 2470 456 2471 456 2471 463 2470 462 2472 456 2471 462 2472 457 2473 136 2403 450 2463 366 2474 366 2474 450 2463 449 2475 366 2474 449 2475 448 2476 448 2476 443 2477 366 2474 366 2474 443 2477 422 2478 366 2474 422 2478 421 2479 443 2477 442 2480 422 2478 422 2478 442 2480 441 2481 422 2478 441 2481 426 2482 426 2482 441 2481 440 2483 426 2482 440 2483 427 2484 427 2484 440 2483 436 2485 427 2484 436 2485 428 2486 428 2486 436 2485 435 2487 428 2486 435 2487 434 2488 434 2488 429 2489 428 2486 421 2479 420 2490 366 2474 366 2474 420 2490 415 2491 366 2474 415 2491 394 2492 394 2492 415 2491 414 2493 394 2492 414 2493 413 2494 394 2492 413 2494 398 2495 398 2495 413 2494 412 2496 398 2495 412 2496 399 2497 399 2497 412 2496 400 2498 400 2498 412 2496 408 2499 400 2498 408 2499 407 2500 407 2500 406 2501 400 2498 400 2498 406 2501 401 2502 394 2492 393 2503 366 2474 366 2474 393 2503 392 2504 366 2474 392 2504 387 2505 387 2505 386 2506 366 2474 366 2474 386 2506 370 2507 370 2507 386 2506 385 2508 370 2507 385 2508 371 2509 371 2509 385 2508 384 2510 371 2509 384 2510 372 2511 372 2511 384 2510 380 2512 372 2511 380 2512 379 2513 379 2513 378 2514 372 2511 372 2511 378 2514 373 2515 365 2516 1221 2517 366 2474 366 2474 1221 2517 1200 2518 366 2474 1200 2518 1199 2519 1221 2517 365 2516 1226 2520 1226 2520 365 2516 364 2521 1226 2520 364 2521 1227 2522 1227 2522 364 2521 359 2523 1227 2522 359 2523 1228 2524 1228 2524 359 2523 338 2525 1228 2524 338 2525 315 2526 315 2526 338 2525 337 2527 315 2526 337 2527 316 2528 316 2528 337 2527 336 2529 316 2528 336 2529 317 2530 317 2530 336 2529 331 2531 317 2530 331 2531 318 2532 318 2532 331 2531 330 2533 318 2532 330 2533 329 2534 359 2523 358 2535 338 2525 338 2525 358 2535 342 2536 342 2536 358 2535 357 2537 342 2536 357 2537 343 2538 343 2538 357 2537 356 2539 343 2538 356 2539 344 2540 344 2540 356 2539 352 2541 344 2540 352 2541 351 2542 351 2542 350 2543 344 2540 344 2540 350 2543 345 2544 318 2532 329 2534 324 2545 324 2545 329 2534 328 2546 324 2545 328 2546 304 2547 304 2547 328 2546 305 2548 304 2547 303 2549 324 2545 324 2545 303 2549 302 2550 323 2551 322 2552 324 2545 324 2545 322 2552 318 2532 315 2526 1248 2553 1228 2524 1228 2524 1248 2553 1247 2554 1228 2524 1247 2554 1235 2555 1235 2555 1247 2554 1246 2556 1235 2555 1246 2556 1240 2557 1240 2557 1246 2556 1241 2558 1241 2558 1246 2556 1242 2559 1235 2555 1234 2560 1228 2524 1228 2524 1234 2560 1233 2561 1228 2524 1233 2561 1232 2562 1200 2518 1221 2517 1204 2563 1204 2563 1221 2517 1220 2564 1204 2563 1220 2564 1205 2565 1205 2565 1220 2564 1219 2566 1205 2565 1219 2566 1206 2567 1206 2567 1219 2566 1218 2568 1206 2567 1218 2568 1207 2569 1207 2569 1218 2568 1212 2570 1212 2570 1218 2568 1213 2571 1213 2571 1218 2568 1214 2572 1199 2519 1198 2573 366 2474 366 2474 1198 2573 1193 2574 366 2474 1193 2574 1172 2575 1172 2575 1193 2574 1176 2576 1176 2576 1193 2574 1177 2577 1177 2577 1193 2574 1192 2578 1177 2577 1192 2578 1178 2579 1178 2579 1192 2578 1191 2580 1178 2579 1191 2580 1190 2581 1186 2582 1185 2583 1190 2581 1190 2581 1185 2583 1184 2584 1190 2581 1184 2584 1179 2585 1179 2585 1178 2579 1190 2581 1172 2575 1171 2586 366 2474 366 2474 1171 2586 1170 2587 366 2474 1170 2587 1165 2588 1164 2589 1149 2590 1165 2588 1165 2588 1149 2590 1148 2591 1165 2588 1148 2591 1144 2592 1149 2590 1164 2589 1150 2593 1150 2593 1164 2589 1163 2594 1150 2593 1163 2594 1151 2595 1151 2595 1163 2594 1162 2596 1151 2595 1162 2596 1156 2597 1156 2597 1162 2596 1157 2598 1157 2598 1162 2596 1158 2599 1165 2588 1144 2592 366 2474 366 2474 1144 2592 1143 2600 366 2474 1143 2600 1142 2601 1142 2601 1137 2602 366 2474 366 2474 1137 2602 1116 2603 366 2474 1116 2603 143 2604 143 2604 1116 2603 1115 2605 143 2604 1115 2605 1114 2606 1136 2607 1122 2608 1137 2602 1137 2602 1122 2608 1121 2609 1137 2602 1121 2609 1120 2610 1136 2607 1135 2611 1122 2608 1122 2608 1135 2611 1123 2612 1123 2612 1135 2611 1128 2613 1128 2613 1135 2611 1134 2614 1128 2613 1134 2614 1129 2615 1129 2615 1134 2614 1130 2616 1120 2610 1116 2603 1137 2602 1114 2606 217 2617 143 2604 143 2604 217 2617 144 2618 144 2618 217 2617 1098 2619 144 2618 1098 2619 1097 2620 216 2621 1104 2622 217 2617 217 2617 1104 2622 1103 2623 217 2617 1103 2623 1102 2624 1104 2622 216 2621 1105 2625 1105 2625 216 2621 215 2626 1105 2625 215 2626 1110 2627 1110 2627 215 2626 1111 2628 1111 2628 215 2626 214 2629 1111 2628 214 2629 213 2630 1102 2624 1098 2619 217 2617 1097 2620 1096 2631 144 2618 144 2618 1096 2631 227 2632 144 2618 227 2632 1080 2633 1080 2633 227 2632 1084 2634 1084 2634 227 2632 1085 2635 1085 2635 227 2632 1086 2636 1086 2636 227 2632 1087 2637 1087 2637 227 2632 226 2638 1087 2637 226 2638 1092 2639 1092 2639 226 2638 1093 2640 1093 2640 226 2638 225 2641 1093 2640 225 2641 224 2642 224 2642 223 2643 1093 2640 1080 2633 1079 2644 144 2618 144 2618 1079 2644 1078 2645 144 2618 1078 2645 237 2646 236 2647 1075 2648 237 2646 237 2646 1075 2648 1074 2649 237 2646 1074 2649 1069 2650 236 2647 235 2651 1075 2648 1075 2648 235 2651 234 2652 1075 2648 234 2652 233 2653 1069 2650 1068 2654 237 2646 237 2646 1068 2654 1067 2655 237 2646 1067 2655 1062 2656 1062 2656 1067 2655 1066 2657 237 2646 1062 2656 145 2658 145 2658 1062 2656 1061 2659 145 2658 1061 2659 1060 2660 1060 2660 1059 2661 145 2658 145 2658 1059 2661 146 2662 146 2662 1059 2661 147 2663 147 2663 1059 2661 148 2664 148 2664 1059 2661 309 2120 148 2664 309 2120 149 2665 149 2665 309 2120 150 2128 1255 2666 11 2667 1059 2661 1059 2661 11 2667 10 2668 1059 2661 10 2668 9 2669 1254 2122 18 2670 1255 2666 1255 2666 18 2670 17 2671 1255 2666 17 2671 16 2672 159 2314 158 2673 887 2184 887 2184 158 2673 157 2674 887 2184 157 2674 156 2675 156 2675 155 2676 887 2184 887 2184 155 2676 154 2677 887 2184 154 2677 153 2678 153 2678 152 2126 887 2184 145 2658 144 2618 237 2646 143 2604 142 2679 366 2474 366 2474 142 2679 141 2680 366 2474 141 2680 140 2681 140 2681 139 2682 366 2474 366 2474 139 2682 138 2683 366 2474 138 2683 137 2684 137 2684 136 2403 366 2474 136 2403 135 2389 561 2391 129 2354 128 2316 635 2342 23 2124 22 2685 1254 2122 1254 2122 22 2685 21 2686 1254 2122 21 2686 20 2687 20 2687 19 2688 1254 2122 1254 2122 19 2688 18 2670 16 2672 15 2689 1255 2666 1255 2666 15 2689 14 2690 1255 2666 14 2690 13 2691 13 2691 12 2692 1255 2666 1255 2666 12 2692 11 2667 9 2669 8 2693 1059 2661 1059 2661 8 2693 7 2694 1059 2661 7 2694 6 2695 1059 2661 6 2695 309 2120 309 2120 6 2695 5 2696 309 2120 5 2696 4 2697 4 2697 3 2698 309 2120 309 2120 3 2698 2 2699 309 2120 2 2699 1 2121 207 2700 85 2701 184 2702 184 2702 85 2701 84 2703 184 2702 84 2703 83 2704 85 2701 207 2700 86 2705 86 2705 207 2700 206 2706 86 2705 206 2706 87 2707 87 2707 206 2706 205 2708 87 2707 205 2708 88 2709 88 2709 205 2708 204 2710 88 2709 204 2710 89 2711 89 2711 204 2710 203 2712 89 2711 203 2712 90 2713 90 2713 203 2712 202 2714 90 2713 202 2714 201 2715 90 2713 201 2715 91 2716 91 2716 201 2715 200 2717 91 2716 200 2717 92 2718 92 2718 200 2717 199 2719 92 2718 199 2719 93 2720 93 2720 199 2719 198 2721 93 2720 198 2721 94 2722 94 2722 198 2721 197 2723 94 2722 197 2723 95 2724 95 2724 197 2723 72 2725 72 2725 197 2723 196 2726 72 2725 196 2726 73 2727 73 2727 196 2726 195 2728 73 2727 195 2728 74 2729 74 2729 195 2728 194 2730 74 2729 194 2730 75 2731 75 2731 194 2730 193 2732 75 2731 193 2732 76 2733 76 2733 193 2732 192 2734 76 2733 192 2734 77 2735 77 2735 192 2734 191 2736 77 2735 191 2736 78 2737 78 2737 191 2736 190 2738 78 2737 190 2738 189 2739 78 2737 189 2739 79 2740 79 2740 189 2739 188 2741 79 2740 188 2741 80 2742 80 2742 188 2741 187 2743 80 2742 187 2743 81 2744 81 2744 187 2743 186 2745 81 2744 186 2745 82 2746 82 2746 186 2745 185 2747 82 2746 185 2747 83 2704 83 2704 185 2747 184 2702 97 2748 96 2749 48 2750 48 2750 96 2749 127 2751 48 2750 127 2751 49 2752 49 2752 127 2751 126 2753 49 2752 126 2753 50 2754 50 2754 126 2753 125 2755 50 2754 125 2755 51 2756 51 2756 125 2755 124 2757 51 2756 124 2757 123 2758 51 2756 123 2758 52 2759 52 2759 123 2758 122 2760 52 2759 122 2760 53 2761 53 2761 122 2760 121 2762 53 2761 121 2762 54 2763 54 2763 121 2762 120 2764 54 2763 120 2764 119 2765 54 2763 119 2765 55 2766 55 2766 119 2765 118 2767 55 2766 118 2767 56 2768 56 2768 118 2767 117 2769 56 2768 117 2769 57 2770 57 2770 117 2769 116 2771 57 2770 116 2771 115 2772 57 2770 115 2772 58 2773 58 2773 115 2772 114 2774 58 2773 114 2774 59 2775 59 2775 114 2774 113 2776 59 2775 113 2776 60 2777 60 2777 113 2776 112 2778 60 2777 112 2778 111 2779 60 2777 111 2779 61 2780 61 2780 111 2779 110 2781 61 2780 110 2781 62 2782 62 2782 110 2781 109 2783 62 2782 109 2783 63 2784 63 2784 109 2783 108 2785 63 2784 108 2785 107 2786 63 2784 107 2786 64 2787 64 2787 107 2786 106 2788 64 2787 106 2788 65 2789 65 2789 106 2788 105 2790 65 2789 105 2790 66 2791 66 2791 105 2790 104 2792 66 2791 104 2792 103 2793 66 2791 103 2793 67 2794 67 2794 103 2793 102 2795 67 2794 102 2795 68 2796 68 2796 102 2795 101 2797 68 2796 101 2797 69 2798 69 2798 101 2797 100 2799 69 2798 100 2799 99 2800 69 2798 99 2800 70 2801 70 2801 99 2800 98 2802 70 2801 98 2802 71 2803 71 2803 98 2802 97 2748 71 2803 97 2748 48 2750 309 2804 1254 2805 310 2806 310 2806 1254 2805 1252 2807 1255 2808 1059 2809 1253 2810 1253 2810 1059 2809 1058 2811 1252 2812 1254 2813 1253 2814 1253 2814 1254 2813 1255 2815</p>
        </triangles>
      </mesh>
    </geometry>
  </library_geometries>
  <library_visual_scenes>
    <visual_scene id="Scene" name="Scene">
      <node id="ratio_left_gear-node" name="ratio_left_gear" type="NODE">
        <instance_geometry url="#ratio_left_gear-mesh">
          <bind_material>
            <technique_common>
              <instance_material symbol="Opaque_202_209_238_" target="#Opaque_202_209_238_"/>
            </technique_common>
          </bind_material>
        </instance_geometry>
      </node>
    </visual_scene>
  </library_visual_scenes>
  <scene>
    <instance_visual_scene url="#Scene"/>
  </scene>
</COLLADA>
