[0.413s] DEBUG:colcon:Command line arguments: ['/usr/bin/colcon', 'build']
[0.413s] DEBUG:colcon:Parsed command line arguments: Namespace(log_base=None, log_level=None, verb_name='build', build_base='build', install_base='install', merge_install=False, symlink_install=False, test_result_base=None, continue_on_error=False, executor='parallel', parallel_workers=18, event_handlers=None, ignore_user_meta=False, metas=['./colcon.meta'], base_paths=['.'], packages_ignore=None, packages_ignore_regex=None, paths=None, packages_up_to=None, packages_up_to_regex=None, packages_above=None, packages_above_and_dependencies=None, packages_above_depth=None, packages_select_by_dep=None, packages_skip_by_dep=None, packages_skip_up_to=None, packages_select_build_failed=False, packages_skip_build_finished=False, packages_select_test_failures=False, packages_skip_test_passed=False, packages_select=None, packages_skip=None, packages_select_regex=None, packages_skip_regex=None, packages_start=None, packages_end=None, allow_overriding=[], cmake_args=None, cmake_target=None, cmake_target_skip_unavailable=False, cmake_clean_cache=False, cmake_clean_first=False, cmake_force_configure=False, ament_cmake_args=None, catkin_cmake_args=None, catkin_skip_building_tests=False, mixin_files=None, mixin=None, verb_parser=<colcon_mixin.mixin.mixin_argument.MixinArgumentDecorator object at 0x71e57667b440>, verb_extension=<colcon_core.verb.build.BuildVerb object at 0x71e57667b200>, main=<bound method BuildVerb.main of <colcon_core.verb.build.BuildVerb object at 0x71e57667b200>>, mixin_verb=('build',))
[0.524s] Level 1:colcon.colcon_core.package_discovery:discover_packages(colcon_meta) check parameters
[0.525s] Level 1:colcon.colcon_core.package_discovery:discover_packages(recursive) check parameters
[0.525s] Level 1:colcon.colcon_core.package_discovery:discover_packages(ignore) check parameters
[0.525s] Level 1:colcon.colcon_core.package_discovery:discover_packages(path) check parameters
[0.525s] Level 1:colcon.colcon_core.package_discovery:discover_packages(colcon_meta) discover
[0.525s] Level 1:colcon.colcon_core.package_discovery:discover_packages(recursive) discover
[0.525s] INFO:colcon.colcon_core.package_discovery:Crawling recursively for packages in '/home/dyddl2082/MacRobot/src'
[0.525s] Level 1:colcon.colcon_core.package_identification:_identify(.) by extensions ['ignore', 'ignore_ament_install']
[0.525s] Level 1:colcon.colcon_core.package_identification:_identify(.) by extension 'ignore'
[0.525s] Level 1:colcon.colcon_core.package_identification:_identify(.) by extension 'ignore_ament_install'
[0.525s] Level 1:colcon.colcon_core.package_identification:_identify(.) by extensions ['colcon_pkg']
[0.525s] Level 1:colcon.colcon_core.package_identification:_identify(.) by extension 'colcon_pkg'
[0.525s] Level 1:colcon.colcon_core.package_identification:_identify(.) by extensions ['colcon_meta']
[0.525s] Level 1:colcon.colcon_core.package_identification:_identify(.) by extension 'colcon_meta'
[0.525s] Level 1:colcon.colcon_core.package_identification:_identify(.) by extensions ['ros']
[0.525s] Level 1:colcon.colcon_core.package_identification:_identify(.) by extension 'ros'
[0.581s] Level 1:colcon.colcon_core.package_identification:_identify(.) by extensions ['cmake', 'python']
[0.581s] Level 1:colcon.colcon_core.package_identification:_identify(.) by extension 'cmake'
[0.581s] Level 1:colcon.colcon_core.package_identification:_identify(.) by extension 'python'
[0.581s] Level 1:colcon.colcon_core.package_identification:_identify(.) by extensions ['python_setup_py']
[0.581s] Level 1:colcon.colcon_core.package_identification:_identify(.) by extension 'python_setup_py'
[0.581s] Level 1:colcon.colcon_core.package_identification:_identify(build) by extensions ['ignore', 'ignore_ament_install']
[0.581s] Level 1:colcon.colcon_core.package_identification:_identify(build) by extension 'ignore'
[0.581s] Level 1:colcon.colcon_core.package_identification:_identify(build) ignored
[0.581s] Level 1:colcon.colcon_core.package_identification:_identify(d435_capture_crop) by extensions ['ignore', 'ignore_ament_install']
[0.581s] Level 1:colcon.colcon_core.package_identification:_identify(d435_capture_crop) by extension 'ignore'
[0.581s] Level 1:colcon.colcon_core.package_identification:_identify(d435_capture_crop) by extension 'ignore_ament_install'
[0.581s] Level 1:colcon.colcon_core.package_identification:_identify(d435_capture_crop) by extensions ['colcon_pkg']
[0.581s] Level 1:colcon.colcon_core.package_identification:_identify(d435_capture_crop) by extension 'colcon_pkg'
[0.581s] Level 1:colcon.colcon_core.package_identification:_identify(d435_capture_crop) by extensions ['colcon_meta']
[0.581s] Level 1:colcon.colcon_core.package_identification:_identify(d435_capture_crop) by extension 'colcon_meta'
[0.581s] Level 1:colcon.colcon_core.package_identification:_identify(d435_capture_crop) by extensions ['ros']
[0.581s] Level 1:colcon.colcon_core.package_identification:_identify(d435_capture_crop) by extension 'ros'
[0.587s] DEBUG:colcon.colcon_core.package_identification:Package 'd435_capture_crop' with type 'ros.ament_python' and name 'd435_capture_crop'
[0.587s] Level 1:colcon.colcon_core.package_identification:_identify(depth_candidate_proposal) by extensions ['ignore', 'ignore_ament_install']
[0.587s] Level 1:colcon.colcon_core.package_identification:_identify(depth_candidate_proposal) by extension 'ignore'
[0.587s] Level 1:colcon.colcon_core.package_identification:_identify(depth_candidate_proposal) by extension 'ignore_ament_install'
[0.587s] Level 1:colcon.colcon_core.package_identification:_identify(depth_candidate_proposal) by extensions ['colcon_pkg']
[0.587s] Level 1:colcon.colcon_core.package_identification:_identify(depth_candidate_proposal) by extension 'colcon_pkg'
[0.587s] Level 1:colcon.colcon_core.package_identification:_identify(depth_candidate_proposal) by extensions ['colcon_meta']
[0.587s] Level 1:colcon.colcon_core.package_identification:_identify(depth_candidate_proposal) by extension 'colcon_meta'
[0.587s] Level 1:colcon.colcon_core.package_identification:_identify(depth_candidate_proposal) by extensions ['ros']
[0.587s] Level 1:colcon.colcon_core.package_identification:_identify(depth_candidate_proposal) by extension 'ros'
[0.590s] DEBUG:colcon.colcon_core.package_identification:Package 'depth_candidate_proposal' with type 'ros.ament_python' and name 'depth_candidate_proposal'
[0.590s] Level 1:colcon.colcon_core.package_identification:_identify(install) by extensions ['ignore', 'ignore_ament_install']
[0.590s] Level 1:colcon.colcon_core.package_identification:_identify(install) by extension 'ignore'
[0.590s] Level 1:colcon.colcon_core.package_identification:_identify(install) ignored
[0.590s] Level 1:colcon.colcon_core.package_identification:_identify(log) by extensions ['ignore', 'ignore_ament_install']
[0.590s] Level 1:colcon.colcon_core.package_identification:_identify(log) by extension 'ignore'
[0.590s] Level 1:colcon.colcon_core.package_identification:_identify(log) ignored
[0.590s] Level 1:colcon.colcon_core.package_identification:_identify(macrobot_action_gateway) by extensions ['ignore', 'ignore_ament_install']
[0.590s] Level 1:colcon.colcon_core.package_identification:_identify(macrobot_action_gateway) by extension 'ignore'
[0.590s] Level 1:colcon.colcon_core.package_identification:_identify(macrobot_action_gateway) by extension 'ignore_ament_install'
[0.590s] Level 1:colcon.colcon_core.package_identification:_identify(macrobot_action_gateway) by extensions ['colcon_pkg']
[0.590s] Level 1:colcon.colcon_core.package_identification:_identify(macrobot_action_gateway) by extension 'colcon_pkg'
[0.590s] Level 1:colcon.colcon_core.package_identification:_identify(macrobot_action_gateway) by extensions ['colcon_meta']
[0.591s] Level 1:colcon.colcon_core.package_identification:_identify(macrobot_action_gateway) by extension 'colcon_meta'
[0.591s] Level 1:colcon.colcon_core.package_identification:_identify(macrobot_action_gateway) by extensions ['ros']
[0.591s] Level 1:colcon.colcon_core.package_identification:_identify(macrobot_action_gateway) by extension 'ros'
[0.591s] DEBUG:colcon.colcon_core.package_identification:Package 'macrobot_action_gateway' with type 'ros.ament_python' and name 'macrobot_action_gateway'
[0.591s] Level 1:colcon.colcon_core.package_identification:_identify(macrobot_arm_commissioning) by extensions ['ignore', 'ignore_ament_install']
[0.591s] Level 1:colcon.colcon_core.package_identification:_identify(macrobot_arm_commissioning) by extension 'ignore'
[0.591s] Level 1:colcon.colcon_core.package_identification:_identify(macrobot_arm_commissioning) by extension 'ignore_ament_install'
[0.591s] Level 1:colcon.colcon_core.package_identification:_identify(macrobot_arm_commissioning) by extensions ['colcon_pkg']
[0.591s] Level 1:colcon.colcon_core.package_identification:_identify(macrobot_arm_commissioning) by extension 'colcon_pkg'
[0.591s] Level 1:colcon.colcon_core.package_identification:_identify(macrobot_arm_commissioning) by extensions ['colcon_meta']
[0.591s] Level 1:colcon.colcon_core.package_identification:_identify(macrobot_arm_commissioning) by extension 'colcon_meta'
[0.591s] Level 1:colcon.colcon_core.package_identification:_identify(macrobot_arm_commissioning) by extensions ['ros']
[0.591s] Level 1:colcon.colcon_core.package_identification:_identify(macrobot_arm_commissioning) by extension 'ros'
[0.592s] DEBUG:colcon.colcon_core.package_identification:Package 'macrobot_arm_commissioning' with type 'ros.ament_python' and name 'macrobot_arm_commissioning'
[0.592s] Level 1:colcon.colcon_core.package_identification:_identify(macrobot_arm_control) by extensions ['ignore', 'ignore_ament_install']
[0.593s] Level 1:colcon.colcon_core.package_identification:_identify(macrobot_arm_control) by extension 'ignore'
[0.593s] Level 1:colcon.colcon_core.package_identification:_identify(macrobot_arm_control) by extension 'ignore_ament_install'
[0.593s] Level 1:colcon.colcon_core.package_identification:_identify(macrobot_arm_control) by extensions ['colcon_pkg']
[0.593s] Level 1:colcon.colcon_core.package_identification:_identify(macrobot_arm_control) by extension 'colcon_pkg'
[0.593s] Level 1:colcon.colcon_core.package_identification:_identify(macrobot_arm_control) by extensions ['colcon_meta']
[0.593s] Level 1:colcon.colcon_core.package_identification:_identify(macrobot_arm_control) by extension 'colcon_meta'
[0.593s] Level 1:colcon.colcon_core.package_identification:_identify(macrobot_arm_control) by extensions ['ros']
[0.593s] Level 1:colcon.colcon_core.package_identification:_identify(macrobot_arm_control) by extension 'ros'
[0.594s] DEBUG:colcon.colcon_core.package_identification:Package 'macrobot_arm_control' with type 'ros.ament_python' and name 'macrobot_arm_control'
[0.594s] Level 1:colcon.colcon_core.package_identification:_identify(macrobot_arm_kinematics) by extensions ['ignore', 'ignore_ament_install']
[0.594s] Level 1:colcon.colcon_core.package_identification:_identify(macrobot_arm_kinematics) by extension 'ignore'
[0.594s] Level 1:colcon.colcon_core.package_identification:_identify(macrobot_arm_kinematics) by extension 'ignore_ament_install'
[0.594s] Level 1:colcon.colcon_core.package_identification:_identify(macrobot_arm_kinematics) by extensions ['colcon_pkg']
[0.594s] Level 1:colcon.colcon_core.package_identification:_identify(macrobot_arm_kinematics) by extension 'colcon_pkg'
[0.595s] Level 1:colcon.colcon_core.package_identification:_identify(macrobot_arm_kinematics) by extensions ['colcon_meta']
[0.595s] Level 1:colcon.colcon_core.package_identification:_identify(macrobot_arm_kinematics) by extension 'colcon_meta'
[0.595s] Level 1:colcon.colcon_core.package_identification:_identify(macrobot_arm_kinematics) by extensions ['ros']
[0.595s] Level 1:colcon.colcon_core.package_identification:_identify(macrobot_arm_kinematics) by extension 'ros'
[0.596s] DEBUG:colcon.colcon_core.package_identification:Package 'macrobot_arm_kinematics' with type 'ros.ament_python' and name 'macrobot_arm_kinematics'
[0.596s] Level 1:colcon.colcon_core.package_identification:_identify(macrobot_description) by extensions ['ignore', 'ignore_ament_install']
[0.597s] Level 1:colcon.colcon_core.package_identification:_identify(macrobot_description) by extension 'ignore'
[0.597s] Level 1:colcon.colcon_core.package_identification:_identify(macrobot_description) by extension 'ignore_ament_install'
[0.597s] Level 1:colcon.colcon_core.package_identification:_identify(macrobot_description) by extensions ['colcon_pkg']
[0.597s] Level 1:colcon.colcon_core.package_identification:_identify(macrobot_description) by extension 'colcon_pkg'
[0.597s] Level 1:colcon.colcon_core.package_identification:_identify(macrobot_description) by extensions ['colcon_meta']
[0.597s] Level 1:colcon.colcon_core.package_identification:_identify(macrobot_description) by extension 'colcon_meta'
[0.597s] Level 1:colcon.colcon_core.package_identification:_identify(macrobot_description) by extensions ['ros']
[0.597s] Level 1:colcon.colcon_core.package_identification:_identify(macrobot_description) by extension 'ros'
[0.598s] DEBUG:colcon.colcon_core.package_identification:Package 'macrobot_description' with type 'ros.ament_cmake' and name 'macrobot_description'
[0.599s] Level 1:colcon.colcon_core.package_identification:_identify(macrobot_interfaces) by extensions ['ignore', 'ignore_ament_install']
[0.599s] Level 1:colcon.colcon_core.package_identification:_identify(macrobot_interfaces) by extension 'ignore'
[0.599s] Level 1:colcon.colcon_core.package_identification:_identify(macrobot_interfaces) by extension 'ignore_ament_install'
[0.599s] Level 1:colcon.colcon_core.package_identification:_identify(macrobot_interfaces) by extensions ['colcon_pkg']
[0.599s] Level 1:colcon.colcon_core.package_identification:_identify(macrobot_interfaces) by extension 'colcon_pkg'
[0.599s] Level 1:colcon.colcon_core.package_identification:_identify(macrobot_interfaces) by extensions ['colcon_meta']
[0.599s] Level 1:colcon.colcon_core.package_identification:_identify(macrobot_interfaces) by extension 'colcon_meta'
[0.599s] Level 1:colcon.colcon_core.package_identification:_identify(macrobot_interfaces) by extensions ['ros']
[0.599s] Level 1:colcon.colcon_core.package_identification:_identify(macrobot_interfaces) by extension 'ros'
[0.604s] DEBUG:colcon.colcon_core.package_identification:Package 'macrobot_interfaces' with type 'ros.ament_cmake' and name 'macrobot_interfaces'
[0.605s] Level 1:colcon.colcon_core.package_identification:_identify(macrobot_moveit_config) by extensions ['ignore', 'ignore_ament_install']
[0.605s] Level 1:colcon.colcon_core.package_identification:_identify(macrobot_moveit_config) by extension 'ignore'
[0.605s] Level 1:colcon.colcon_core.package_identification:_identify(macrobot_moveit_config) by extension 'ignore_ament_install'
[0.606s] Level 1:colcon.colcon_core.package_identification:_identify(macrobot_moveit_config) by extensions ['colcon_pkg']
[0.606s] Level 1:colcon.colcon_core.package_identification:_identify(macrobot_moveit_config) by extension 'colcon_pkg'
[0.606s] Level 1:colcon.colcon_core.package_identification:_identify(macrobot_moveit_config) by extensions ['colcon_meta']
[0.606s] Level 1:colcon.colcon_core.package_identification:_identify(macrobot_moveit_config) by extension 'colcon_meta'
[0.606s] Level 1:colcon.colcon_core.package_identification:_identify(macrobot_moveit_config) by extensions ['ros']
[0.606s] Level 1:colcon.colcon_core.package_identification:_identify(macrobot_moveit_config) by extension 'ros'
[0.609s] DEBUG:colcon.colcon_core.package_identification:Package 'macrobot_moveit_config' with type 'ros.ament_cmake' and name 'macrobot_moveit_config'
[0.610s] Level 1:colcon.colcon_core.package_identification:_identify(macrobot_object_finder_stage) by extensions ['ignore', 'ignore_ament_install']
[0.610s] Level 1:colcon.colcon_core.package_identification:_identify(macrobot_object_finder_stage) by extension 'ignore'
[0.610s] Level 1:colcon.colcon_core.package_identification:_identify(macrobot_object_finder_stage) by extension 'ignore_ament_install'
[0.610s] Level 1:colcon.colcon_core.package_identification:_identify(macrobot_object_finder_stage) by extensions ['colcon_pkg']
[0.610s] Level 1:colcon.colcon_core.package_identification:_identify(macrobot_object_finder_stage) by extension 'colcon_pkg'
[0.610s] Level 1:colcon.colcon_core.package_identification:_identify(macrobot_object_finder_stage) by extensions ['colcon_meta']
[0.610s] Level 1:colcon.colcon_core.package_identification:_identify(macrobot_object_finder_stage) by extension 'colcon_meta'
[0.610s] Level 1:colcon.colcon_core.package_identification:_identify(macrobot_object_finder_stage) by extensions ['ros']
[0.611s] Level 1:colcon.colcon_core.package_identification:_identify(macrobot_object_finder_stage) by extension 'ros'
[0.611s] Level 1:colcon.colcon_core.package_identification:_identify(macrobot_object_finder_stage) by extensions ['cmake', 'python']
[0.611s] Level 1:colcon.colcon_core.package_identification:_identify(macrobot_object_finder_stage) by extension 'cmake'
[0.611s] Level 1:colcon.colcon_core.package_identification:_identify(macrobot_object_finder_stage) by extension 'python'
[0.611s] Level 1:colcon.colcon_core.package_identification:_identify(macrobot_object_finder_stage) by extensions ['python_setup_py']
[0.611s] Level 1:colcon.colcon_core.package_identification:_identify(macrobot_object_finder_stage) by extension 'python_setup_py'
[0.612s] Level 1:colcon.colcon_core.package_identification:_identify(macrobot_object_finder_stage/macrobot_object_finder) by extensions ['ignore', 'ignore_ament_install']
[0.612s] Level 1:colcon.colcon_core.package_identification:_identify(macrobot_object_finder_stage/macrobot_object_finder) by extension 'ignore'
[0.612s] Level 1:colcon.colcon_core.package_identification:_identify(macrobot_object_finder_stage/macrobot_object_finder) by extension 'ignore_ament_install'
[0.612s] Level 1:colcon.colcon_core.package_identification:_identify(macrobot_object_finder_stage/macrobot_object_finder) by extensions ['colcon_pkg']
[0.612s] Level 1:colcon.colcon_core.package_identification:_identify(macrobot_object_finder_stage/macrobot_object_finder) by extension 'colcon_pkg'
[0.612s] Level 1:colcon.colcon_core.package_identification:_identify(macrobot_object_finder_stage/macrobot_object_finder) by extensions ['colcon_meta']
[0.612s] Level 1:colcon.colcon_core.package_identification:_identify(macrobot_object_finder_stage/macrobot_object_finder) by extension 'colcon_meta'
[0.612s] Level 1:colcon.colcon_core.package_identification:_identify(macrobot_object_finder_stage/macrobot_object_finder) by extensions ['ros']
[0.612s] Level 1:colcon.colcon_core.package_identification:_identify(macrobot_object_finder_stage/macrobot_object_finder) by extension 'ros'
[0.613s] DEBUG:colcon.colcon_core.package_identification:Package 'macrobot_object_finder_stage/macrobot_object_finder' with type 'ros.ament_python' and name 'macrobot_object_finder'
[0.613s] Level 1:colcon.colcon_core.package_identification:_identify(macrobot_object_finder_stage/scripts) by extensions ['ignore', 'ignore_ament_install']
[0.614s] Level 1:colcon.colcon_core.package_identification:_identify(macrobot_object_finder_stage/scripts) by extension 'ignore'
[0.614s] Level 1:colcon.colcon_core.package_identification:_identify(macrobot_object_finder_stage/scripts) by extension 'ignore_ament_install'
[0.614s] Level 1:colcon.colcon_core.package_identification:_identify(macrobot_object_finder_stage/scripts) by extensions ['colcon_pkg']
[0.614s] Level 1:colcon.colcon_core.package_identification:_identify(macrobot_object_finder_stage/scripts) by extension 'colcon_pkg'
[0.614s] Level 1:colcon.colcon_core.package_identification:_identify(macrobot_object_finder_stage/scripts) by extensions ['colcon_meta']
[0.614s] Level 1:colcon.colcon_core.package_identification:_identify(macrobot_object_finder_stage/scripts) by extension 'colcon_meta'
[0.614s] Level 1:colcon.colcon_core.package_identification:_identify(macrobot_object_finder_stage/scripts) by extensions ['ros']
[0.614s] Level 1:colcon.colcon_core.package_identification:_identify(macrobot_object_finder_stage/scripts) by extension 'ros'
[0.614s] Level 1:colcon.colcon_core.package_identification:_identify(macrobot_object_finder_stage/scripts) by extensions ['cmake', 'python']
[0.614s] Level 1:colcon.colcon_core.package_identification:_identify(macrobot_object_finder_stage/scripts) by extension 'cmake'
[0.614s] Level 1:colcon.colcon_core.package_identification:_identify(macrobot_object_finder_stage/scripts) by extension 'python'
[0.614s] Level 1:colcon.colcon_core.package_identification:_identify(macrobot_object_finder_stage/scripts) by extensions ['python_setup_py']
[0.614s] Level 1:colcon.colcon_core.package_identification:_identify(macrobot_object_finder_stage/scripts) by extension 'python_setup_py'
[0.615s] Level 1:colcon.colcon_core.package_identification:_identify(macrobot_perception) by extensions ['ignore', 'ignore_ament_install']
[0.615s] Level 1:colcon.colcon_core.package_identification:_identify(macrobot_perception) by extension 'ignore'
[0.615s] Level 1:colcon.colcon_core.package_identification:_identify(macrobot_perception) by extension 'ignore_ament_install'
[0.615s] Level 1:colcon.colcon_core.package_identification:_identify(macrobot_perception) by extensions ['colcon_pkg']
[0.615s] Level 1:colcon.colcon_core.package_identification:_identify(macrobot_perception) by extension 'colcon_pkg'
[0.615s] Level 1:colcon.colcon_core.package_identification:_identify(macrobot_perception) by extensions ['colcon_meta']
[0.615s] Level 1:colcon.colcon_core.package_identification:_identify(macrobot_perception) by extension 'colcon_meta'
[0.615s] Level 1:colcon.colcon_core.package_identification:_identify(macrobot_perception) by extensions ['ros']
[0.615s] Level 1:colcon.colcon_core.package_identification:_identify(macrobot_perception) by extension 'ros'
[0.616s] DEBUG:colcon.colcon_core.package_identification:Package 'macrobot_perception' with type 'ros.ament_python' and name 'macrobot_perception'
[0.616s] Level 1:colcon.colcon_core.package_identification:_identify(macrobot_pick_pipeline) by extensions ['ignore', 'ignore_ament_install']
[0.616s] Level 1:colcon.colcon_core.package_identification:_identify(macrobot_pick_pipeline) by extension 'ignore'
[0.616s] Level 1:colcon.colcon_core.package_identification:_identify(macrobot_pick_pipeline) by extension 'ignore_ament_install'
[0.616s] Level 1:colcon.colcon_core.package_identification:_identify(macrobot_pick_pipeline) by extensions ['colcon_pkg']
[0.616s] Level 1:colcon.colcon_core.package_identification:_identify(macrobot_pick_pipeline) by extension 'colcon_pkg'
[0.617s] Level 1:colcon.colcon_core.package_identification:_identify(macrobot_pick_pipeline) by extensions ['colcon_meta']
[0.617s] Level 1:colcon.colcon_core.package_identification:_identify(macrobot_pick_pipeline) by extension 'colcon_meta'
[0.617s] Level 1:colcon.colcon_core.package_identification:_identify(macrobot_pick_pipeline) by extensions ['ros']
[0.617s] Level 1:colcon.colcon_core.package_identification:_identify(macrobot_pick_pipeline) by extension 'ros'
[0.618s] DEBUG:colcon.colcon_core.package_identification:Package 'macrobot_pick_pipeline' with type 'ros.ament_python' and name 'macrobot_pick_pipeline'
[0.618s] Level 1:colcon.colcon_core.package_identification:_identify(macrobot_safe_region) by extensions ['ignore', 'ignore_ament_install']
[0.618s] Level 1:colcon.colcon_core.package_identification:_identify(macrobot_safe_region) by extension 'ignore'
[0.618s] Level 1:colcon.colcon_core.package_identification:_identify(macrobot_safe_region) by extension 'ignore_ament_install'
[0.618s] Level 1:colcon.colcon_core.package_identification:_identify(macrobot_safe_region) by extensions ['colcon_pkg']
[0.618s] Level 1:colcon.colcon_core.package_identification:_identify(macrobot_safe_region) by extension 'colcon_pkg'
[0.618s] Level 1:colcon.colcon_core.package_identification:_identify(macrobot_safe_region) by extensions ['colcon_meta']
[0.618s] Level 1:colcon.colcon_core.package_identification:_identify(macrobot_safe_region) by extension 'colcon_meta'
[0.618s] Level 1:colcon.colcon_core.package_identification:_identify(macrobot_safe_region) by extensions ['ros']
[0.618s] Level 1:colcon.colcon_core.package_identification:_identify(macrobot_safe_region) by extension 'ros'
[0.619s] DEBUG:colcon.colcon_core.package_identification:Package 'macrobot_safe_region' with type 'ros.ament_cmake' and name 'macrobot_safe_region'
[0.619s] Level 1:colcon.colcon_core.package_identification:_identify(macrobot_teleop) by extensions ['ignore', 'ignore_ament_install']
[0.619s] Level 1:colcon.colcon_core.package_identification:_identify(macrobot_teleop) by extension 'ignore'
[0.619s] Level 1:colcon.colcon_core.package_identification:_identify(macrobot_teleop) by extension 'ignore_ament_install'
[0.619s] Level 1:colcon.colcon_core.package_identification:_identify(macrobot_teleop) by extensions ['colcon_pkg']
[0.620s] Level 1:colcon.colcon_core.package_identification:_identify(macrobot_teleop) by extension 'colcon_pkg'
[0.620s] Level 1:colcon.colcon_core.package_identification:_identify(macrobot_teleop) by extensions ['colcon_meta']
[0.620s] Level 1:colcon.colcon_core.package_identification:_identify(macrobot_teleop) by extension 'colcon_meta'
[0.620s] Level 1:colcon.colcon_core.package_identification:_identify(macrobot_teleop) by extensions ['ros']
[0.620s] Level 1:colcon.colcon_core.package_identification:_identify(macrobot_teleop) by extension 'ros'
[0.620s] DEBUG:colcon.colcon_core.package_identification:Package 'macrobot_teleop' with type 'ros.ament_python' and name 'macrobot_teleop'
[0.621s] Level 1:colcon.colcon_core.package_identification:_identify(pico_debug) by extensions ['ignore', 'ignore_ament_install']
[0.621s] Level 1:colcon.colcon_core.package_identification:_identify(pico_debug) by extension 'ignore'
[0.621s] Level 1:colcon.colcon_core.package_identification:_identify(pico_debug) by extension 'ignore_ament_install'
[0.621s] Level 1:colcon.colcon_core.package_identification:_identify(pico_debug) by extensions ['colcon_pkg']
[0.621s] Level 1:colcon.colcon_core.package_identification:_identify(pico_debug) by extension 'colcon_pkg'
[0.621s] Level 1:colcon.colcon_core.package_identification:_identify(pico_debug) by extensions ['colcon_meta']
[0.621s] Level 1:colcon.colcon_core.package_identification:_identify(pico_debug) by extension 'colcon_meta'
[0.621s] Level 1:colcon.colcon_core.package_identification:_identify(pico_debug) by extensions ['ros']
[0.621s] Level 1:colcon.colcon_core.package_identification:_identify(pico_debug) by extension 'ros'
[0.621s] DEBUG:colcon.colcon_core.package_identification:Package 'pico_debug' with type 'ros.ament_python' and name 'pico_debug'
[0.622s] Level 1:colcon.colcon_core.package_discovery:discover_packages(recursive) using defaults
[0.622s] Level 1:colcon.colcon_core.package_discovery:discover_packages(ignore) discover
[0.622s] Level 1:colcon.colcon_core.package_discovery:discover_packages(ignore) using defaults
[0.622s] Level 1:colcon.colcon_core.package_discovery:discover_packages(path) discover
[0.622s] Level 1:colcon.colcon_core.package_discovery:discover_packages(path) using defaults
[0.669s] Level 1:colcon.colcon_core.package_discovery:discover_packages(prefix_path) check parameters
[0.670s] Level 1:colcon.colcon_core.package_discovery:discover_packages(prefix_path) discover
[0.672s] WARNING:colcon.colcon_ros.prefix_path.ament:The path '/home/dyddl2082/MacRobot/install/macrobot_pick_pipeline' in the environment variable AMENT_PREFIX_PATH doesn't exist
[0.677s] DEBUG:colcon.colcon_installed_package_information.package_discovery:Found 13 installed packages in /home/dyddl2082/MacRobot/install
[0.683s] DEBUG:colcon.colcon_installed_package_information.package_discovery:Found 370 installed packages in /opt/ros/jazzy
[0.684s] Level 1:colcon.colcon_core.package_discovery:discover_packages(prefix_path) using defaults
[0.747s] Level 5:colcon.colcon_core.verb:set package 'd435_capture_crop' build argument 'cmake_args' from command line to 'None'
[0.747s] Level 5:colcon.colcon_core.verb:set package 'd435_capture_crop' build argument 'cmake_target' from command line to 'None'
[0.748s] Level 5:colcon.colcon_core.verb:set package 'd435_capture_crop' build argument 'cmake_target_skip_unavailable' from command line to 'False'
[0.748s] Level 5:colcon.colcon_core.verb:set package 'd435_capture_crop' build argument 'cmake_clean_cache' from command line to 'False'
[0.748s] Level 5:colcon.colcon_core.verb:set package 'd435_capture_crop' build argument 'cmake_clean_first' from command line to 'False'
[0.748s] Level 5:colcon.colcon_core.verb:set package 'd435_capture_crop' build argument 'cmake_force_configure' from command line to 'False'
[0.748s] Level 5:colcon.colcon_core.verb:set package 'd435_capture_crop' build argument 'ament_cmake_args' from command line to 'None'
[0.748s] Level 5:colcon.colcon_core.verb:set package 'd435_capture_crop' build argument 'catkin_cmake_args' from command line to 'None'
[0.748s] Level 5:colcon.colcon_core.verb:set package 'd435_capture_crop' build argument 'catkin_skip_building_tests' from command line to 'False'
[0.748s] DEBUG:colcon.colcon_core.verb:Building package 'd435_capture_crop' with the following arguments: {'ament_cmake_args': None, 'build_base': '/home/dyddl2082/MacRobot/src/build/d435_capture_crop', 'catkin_cmake_args': None, 'catkin_skip_building_tests': False, 'cmake_args': None, 'cmake_clean_cache': False, 'cmake_clean_first': False, 'cmake_force_configure': False, 'cmake_target': None, 'cmake_target_skip_unavailable': False, 'install_base': '/home/dyddl2082/MacRobot/src/install/d435_capture_crop', 'merge_install': False, 'path': '/home/dyddl2082/MacRobot/src/d435_capture_crop', 'symlink_install': False, 'test_result_base': None}
[0.748s] Level 5:colcon.colcon_core.verb:set package 'macrobot_action_gateway' build argument 'cmake_args' from command line to 'None'
[0.748s] Level 5:colcon.colcon_core.verb:set package 'macrobot_action_gateway' build argument 'cmake_target' from command line to 'None'
[0.748s] Level 5:colcon.colcon_core.verb:set package 'macrobot_action_gateway' build argument 'cmake_target_skip_unavailable' from command line to 'False'
[0.748s] Level 5:colcon.colcon_core.verb:set package 'macrobot_action_gateway' build argument 'cmake_clean_cache' from command line to 'False'
[0.748s] Level 5:colcon.colcon_core.verb:set package 'macrobot_action_gateway' build argument 'cmake_clean_first' from command line to 'False'
[0.748s] Level 5:colcon.colcon_core.verb:set package 'macrobot_action_gateway' build argument 'cmake_force_configure' from command line to 'False'
[0.748s] Level 5:colcon.colcon_core.verb:set package 'macrobot_action_gateway' build argument 'ament_cmake_args' from command line to 'None'
[0.748s] Level 5:colcon.colcon_core.verb:set package 'macrobot_action_gateway' build argument 'catkin_cmake_args' from command line to 'None'
[0.748s] Level 5:colcon.colcon_core.verb:set package 'macrobot_action_gateway' build argument 'catkin_skip_building_tests' from command line to 'False'
[0.748s] DEBUG:colcon.colcon_core.verb:Building package 'macrobot_action_gateway' with the following arguments: {'ament_cmake_args': None, 'build_base': '/home/dyddl2082/MacRobot/src/build/macrobot_action_gateway', 'catkin_cmake_args': None, 'catkin_skip_building_tests': False, 'cmake_args': None, 'cmake_clean_cache': False, 'cmake_clean_first': False, 'cmake_force_configure': False, 'cmake_target': None, 'cmake_target_skip_unavailable': False, 'install_base': '/home/dyddl2082/MacRobot/src/install/macrobot_action_gateway', 'merge_install': False, 'path': '/home/dyddl2082/MacRobot/src/macrobot_action_gateway', 'symlink_install': False, 'test_result_base': None}
[0.749s] Level 5:colcon.colcon_core.verb:set package 'macrobot_arm_kinematics' build argument 'cmake_args' from command line to 'None'
[0.749s] Level 5:colcon.colcon_core.verb:set package 'macrobot_arm_kinematics' build argument 'cmake_target' from command line to 'None'
[0.749s] Level 5:colcon.colcon_core.verb:set package 'macrobot_arm_kinematics' build argument 'cmake_target_skip_unavailable' from command line to 'False'
[0.749s] Level 5:colcon.colcon_core.verb:set package 'macrobot_arm_kinematics' build argument 'cmake_clean_cache' from command line to 'False'
[0.749s] Level 5:colcon.colcon_core.verb:set package 'macrobot_arm_kinematics' build argument 'cmake_clean_first' from command line to 'False'
[0.749s] Level 5:colcon.colcon_core.verb:set package 'macrobot_arm_kinematics' build argument 'cmake_force_configure' from command line to 'False'
[0.749s] Level 5:colcon.colcon_core.verb:set package 'macrobot_arm_kinematics' build argument 'ament_cmake_args' from command line to 'None'
[0.749s] Level 5:colcon.colcon_core.verb:set package 'macrobot_arm_kinematics' build argument 'catkin_cmake_args' from command line to 'None'
[0.749s] Level 5:colcon.colcon_core.verb:set package 'macrobot_arm_kinematics' build argument 'catkin_skip_building_tests' from command line to 'False'
[0.749s] DEBUG:colcon.colcon_core.verb:Building package 'macrobot_arm_kinematics' with the following arguments: {'ament_cmake_args': None, 'build_base': '/home/dyddl2082/MacRobot/src/build/macrobot_arm_kinematics', 'catkin_cmake_args': None, 'catkin_skip_building_tests': False, 'cmake_args': None, 'cmake_clean_cache': False, 'cmake_clean_first': False, 'cmake_force_configure': False, 'cmake_target': None, 'cmake_target_skip_unavailable': False, 'install_base': '/home/dyddl2082/MacRobot/src/install/macrobot_arm_kinematics', 'merge_install': False, 'path': '/home/dyddl2082/MacRobot/src/macrobot_arm_kinematics', 'symlink_install': False, 'test_result_base': None}
[0.749s] Level 5:colcon.colcon_core.verb:set package 'macrobot_interfaces' build argument 'cmake_args' from command line to 'None'
[0.749s] Level 5:colcon.colcon_core.verb:set package 'macrobot_interfaces' build argument 'cmake_target' from command line to 'None'
[0.749s] Level 5:colcon.colcon_core.verb:set package 'macrobot_interfaces' build argument 'cmake_target_skip_unavailable' from command line to 'False'
[0.749s] Level 5:colcon.colcon_core.verb:set package 'macrobot_interfaces' build argument 'cmake_clean_cache' from command line to 'False'
[0.749s] Level 5:colcon.colcon_core.verb:set package 'macrobot_interfaces' build argument 'cmake_clean_first' from command line to 'False'
[0.749s] Level 5:colcon.colcon_core.verb:set package 'macrobot_interfaces' build argument 'cmake_force_configure' from command line to 'False'
[0.750s] Level 5:colcon.colcon_core.verb:set package 'macrobot_interfaces' build argument 'ament_cmake_args' from command line to 'None'
[0.750s] Level 5:colcon.colcon_core.verb:set package 'macrobot_interfaces' build argument 'catkin_cmake_args' from command line to 'None'
[0.750s] Level 5:colcon.colcon_core.verb:set package 'macrobot_interfaces' build argument 'catkin_skip_building_tests' from command line to 'False'
[0.750s] DEBUG:colcon.colcon_core.verb:Building package 'macrobot_interfaces' with the following arguments: {'ament_cmake_args': None, 'build_base': '/home/dyddl2082/MacRobot/src/build/macrobot_interfaces', 'catkin_cmake_args': None, 'catkin_skip_building_tests': False, 'cmake_args': None, 'cmake_clean_cache': False, 'cmake_clean_first': False, 'cmake_force_configure': False, 'cmake_target': None, 'cmake_target_skip_unavailable': False, 'install_base': '/home/dyddl2082/MacRobot/src/install/macrobot_interfaces', 'merge_install': False, 'path': '/home/dyddl2082/MacRobot/src/macrobot_interfaces', 'symlink_install': False, 'test_result_base': None}
[0.750s] Level 5:colcon.colcon_core.verb:set package 'macrobot_teleop' build argument 'cmake_args' from command line to 'None'
[0.750s] Level 5:colcon.colcon_core.verb:set package 'macrobot_teleop' build argument 'cmake_target' from command line to 'None'
[0.750s] Level 5:colcon.colcon_core.verb:set package 'macrobot_teleop' build argument 'cmake_target_skip_unavailable' from command line to 'False'
[0.750s] Level 5:colcon.colcon_core.verb:set package 'macrobot_teleop' build argument 'cmake_clean_cache' from command line to 'False'
[0.750s] Level 5:colcon.colcon_core.verb:set package 'macrobot_teleop' build argument 'cmake_clean_first' from command line to 'False'
[0.750s] Level 5:colcon.colcon_core.verb:set package 'macrobot_teleop' build argument 'cmake_force_configure' from command line to 'False'
[0.750s] Level 5:colcon.colcon_core.verb:set package 'macrobot_teleop' build argument 'ament_cmake_args' from command line to 'None'
[0.750s] Level 5:colcon.colcon_core.verb:set package 'macrobot_teleop' build argument 'catkin_cmake_args' from command line to 'None'
[0.750s] Level 5:colcon.colcon_core.verb:set package 'macrobot_teleop' build argument 'catkin_skip_building_tests' from command line to 'False'
[0.750s] DEBUG:colcon.colcon_core.verb:Building package 'macrobot_teleop' with the following arguments: {'ament_cmake_args': None, 'build_base': '/home/dyddl2082/MacRobot/src/build/macrobot_teleop', 'catkin_cmake_args': None, 'catkin_skip_building_tests': False, 'cmake_args': None, 'cmake_clean_cache': False, 'cmake_clean_first': False, 'cmake_force_configure': False, 'cmake_target': None, 'cmake_target_skip_unavailable': False, 'install_base': '/home/dyddl2082/MacRobot/src/install/macrobot_teleop', 'merge_install': False, 'path': '/home/dyddl2082/MacRobot/src/macrobot_teleop', 'symlink_install': False, 'test_result_base': None}
[0.751s] Level 5:colcon.colcon_core.verb:set package 'pico_debug' build argument 'cmake_args' from command line to 'None'
[0.751s] Level 5:colcon.colcon_core.verb:set package 'pico_debug' build argument 'cmake_target' from command line to 'None'
[0.751s] Level 5:colcon.colcon_core.verb:set package 'pico_debug' build argument 'cmake_target_skip_unavailable' from command line to 'False'
[0.751s] Level 5:colcon.colcon_core.verb:set package 'pico_debug' build argument 'cmake_clean_cache' from command line to 'False'
[0.751s] Level 5:colcon.colcon_core.verb:set package 'pico_debug' build argument 'cmake_clean_first' from command line to 'False'
[0.751s] Level 5:colcon.colcon_core.verb:set package 'pico_debug' build argument 'cmake_force_configure' from command line to 'False'
[0.751s] Level 5:colcon.colcon_core.verb:set package 'pico_debug' build argument 'ament_cmake_args' from command line to 'None'
[0.751s] Level 5:colcon.colcon_core.verb:set package 'pico_debug' build argument 'catkin_cmake_args' from command line to 'None'
[0.751s] Level 5:colcon.colcon_core.verb:set package 'pico_debug' build argument 'catkin_skip_building_tests' from command line to 'False'
[0.751s] DEBUG:colcon.colcon_core.verb:Building package 'pico_debug' with the following arguments: {'ament_cmake_args': None, 'build_base': '/home/dyddl2082/MacRobot/src/build/pico_debug', 'catkin_cmake_args': None, 'catkin_skip_building_tests': False, 'cmake_args': None, 'cmake_clean_cache': False, 'cmake_clean_first': False, 'cmake_force_configure': False, 'cmake_target': None, 'cmake_target_skip_unavailable': False, 'install_base': '/home/dyddl2082/MacRobot/src/install/pico_debug', 'merge_install': False, 'path': '/home/dyddl2082/MacRobot/src/pico_debug', 'symlink_install': False, 'test_result_base': None}
[0.751s] Level 5:colcon.colcon_core.verb:set package 'depth_candidate_proposal' build argument 'cmake_args' from command line to 'None'
[0.751s] Level 5:colcon.colcon_core.verb:set package 'depth_candidate_proposal' build argument 'cmake_target' from command line to 'None'
[0.751s] Level 5:colcon.colcon_core.verb:set package 'depth_candidate_proposal' build argument 'cmake_target_skip_unavailable' from command line to 'False'
[0.751s] Level 5:colcon.colcon_core.verb:set package 'depth_candidate_proposal' build argument 'cmake_clean_cache' from command line to 'False'
[0.751s] Level 5:colcon.colcon_core.verb:set package 'depth_candidate_proposal' build argument 'cmake_clean_first' from command line to 'False'
[0.751s] Level 5:colcon.colcon_core.verb:set package 'depth_candidate_proposal' build argument 'cmake_force_configure' from command line to 'False'
[0.751s] Level 5:colcon.colcon_core.verb:set package 'depth_candidate_proposal' build argument 'ament_cmake_args' from command line to 'None'
[0.752s] Level 5:colcon.colcon_core.verb:set package 'depth_candidate_proposal' build argument 'catkin_cmake_args' from command line to 'None'
[0.752s] Level 5:colcon.colcon_core.verb:set package 'depth_candidate_proposal' build argument 'catkin_skip_building_tests' from command line to 'False'
[0.752s] DEBUG:colcon.colcon_core.verb:Building package 'depth_candidate_proposal' with the following arguments: {'ament_cmake_args': None, 'build_base': '/home/dyddl2082/MacRobot/src/build/depth_candidate_proposal', 'catkin_cmake_args': None, 'catkin_skip_building_tests': False, 'cmake_args': None, 'cmake_clean_cache': False, 'cmake_clean_first': False, 'cmake_force_configure': False, 'cmake_target': None, 'cmake_target_skip_unavailable': False, 'install_base': '/home/dyddl2082/MacRobot/src/install/depth_candidate_proposal', 'merge_install': False, 'path': '/home/dyddl2082/MacRobot/src/depth_candidate_proposal', 'symlink_install': False, 'test_result_base': None}
[0.752s] Level 5:colcon.colcon_core.verb:set package 'macrobot_description' build argument 'cmake_args' from command line to 'None'
[0.752s] Level 5:colcon.colcon_core.verb:set package 'macrobot_description' build argument 'cmake_target' from command line to 'None'
[0.753s] Level 5:colcon.colcon_core.verb:set package 'macrobot_description' build argument 'cmake_target_skip_unavailable' from command line to 'False'
[0.753s] Level 5:colcon.colcon_core.verb:set package 'macrobot_description' build argument 'cmake_clean_cache' from command line to 'False'
[0.753s] Level 5:colcon.colcon_core.verb:set package 'macrobot_description' build argument 'cmake_clean_first' from command line to 'False'
[0.753s] Level 5:colcon.colcon_core.verb:set package 'macrobot_description' build argument 'cmake_force_configure' from command line to 'False'
[0.753s] Level 5:colcon.colcon_core.verb:set package 'macrobot_description' build argument 'ament_cmake_args' from command line to 'None'
[0.753s] Level 5:colcon.colcon_core.verb:set package 'macrobot_description' build argument 'catkin_cmake_args' from command line to 'None'
[0.753s] Level 5:colcon.colcon_core.verb:set package 'macrobot_description' build argument 'catkin_skip_building_tests' from command line to 'False'
[0.753s] DEBUG:colcon.colcon_core.verb:Building package 'macrobot_description' with the following arguments: {'ament_cmake_args': None, 'build_base': '/home/dyddl2082/MacRobot/src/build/macrobot_description', 'catkin_cmake_args': None, 'catkin_skip_building_tests': False, 'cmake_args': None, 'cmake_clean_cache': False, 'cmake_clean_first': False, 'cmake_force_configure': False, 'cmake_target': None, 'cmake_target_skip_unavailable': False, 'install_base': '/home/dyddl2082/MacRobot/src/install/macrobot_description', 'merge_install': False, 'path': '/home/dyddl2082/MacRobot/src/macrobot_description', 'symlink_install': False, 'test_result_base': None}
[0.754s] Level 5:colcon.colcon_core.verb:set package 'macrobot_perception' build argument 'cmake_args' from command line to 'None'
[0.754s] Level 5:colcon.colcon_core.verb:set package 'macrobot_perception' build argument 'cmake_target' from command line to 'None'
[0.754s] Level 5:colcon.colcon_core.verb:set package 'macrobot_perception' build argument 'cmake_target_skip_unavailable' from command line to 'False'
[0.754s] Level 5:colcon.colcon_core.verb:set package 'macrobot_perception' build argument 'cmake_clean_cache' from command line to 'False'
[0.754s] Level 5:colcon.colcon_core.verb:set package 'macrobot_perception' build argument 'cmake_clean_first' from command line to 'False'
[0.754s] Level 5:colcon.colcon_core.verb:set package 'macrobot_perception' build argument 'cmake_force_configure' from command line to 'False'
[0.754s] Level 5:colcon.colcon_core.verb:set package 'macrobot_perception' build argument 'ament_cmake_args' from command line to 'None'
[0.754s] Level 5:colcon.colcon_core.verb:set package 'macrobot_perception' build argument 'catkin_cmake_args' from command line to 'None'
[0.754s] Level 5:colcon.colcon_core.verb:set package 'macrobot_perception' build argument 'catkin_skip_building_tests' from command line to 'False'
[0.754s] DEBUG:colcon.colcon_core.verb:Building package 'macrobot_perception' with the following arguments: {'ament_cmake_args': None, 'build_base': '/home/dyddl2082/MacRobot/src/build/macrobot_perception', 'catkin_cmake_args': None, 'catkin_skip_building_tests': False, 'cmake_args': None, 'cmake_clean_cache': False, 'cmake_clean_first': False, 'cmake_force_configure': False, 'cmake_target': None, 'cmake_target_skip_unavailable': False, 'install_base': '/home/dyddl2082/MacRobot/src/install/macrobot_perception', 'merge_install': False, 'path': '/home/dyddl2082/MacRobot/src/macrobot_perception', 'symlink_install': False, 'test_result_base': None}
[0.757s] Level 5:colcon.colcon_core.verb:set package 'macrobot_moveit_config' build argument 'cmake_args' from command line to 'None'
[0.757s] Level 5:colcon.colcon_core.verb:set package 'macrobot_moveit_config' build argument 'cmake_target' from command line to 'None'
[0.757s] Level 5:colcon.colcon_core.verb:set package 'macrobot_moveit_config' build argument 'cmake_target_skip_unavailable' from command line to 'False'
[0.757s] Level 5:colcon.colcon_core.verb:set package 'macrobot_moveit_config' build argument 'cmake_clean_cache' from command line to 'False'
[0.757s] Level 5:colcon.colcon_core.verb:set package 'macrobot_moveit_config' build argument 'cmake_clean_first' from command line to 'False'
[0.758s] Level 5:colcon.colcon_core.verb:set package 'macrobot_moveit_config' build argument 'cmake_force_configure' from command line to 'False'
[0.758s] Level 5:colcon.colcon_core.verb:set package 'macrobot_moveit_config' build argument 'ament_cmake_args' from command line to 'None'
[0.758s] Level 5:colcon.colcon_core.verb:set package 'macrobot_moveit_config' build argument 'catkin_cmake_args' from command line to 'None'
[0.758s] Level 5:colcon.colcon_core.verb:set package 'macrobot_moveit_config' build argument 'catkin_skip_building_tests' from command line to 'False'
[0.758s] DEBUG:colcon.colcon_core.verb:Building package 'macrobot_moveit_config' with the following arguments: {'ament_cmake_args': None, 'build_base': '/home/dyddl2082/MacRobot/src/build/macrobot_moveit_config', 'catkin_cmake_args': None, 'catkin_skip_building_tests': False, 'cmake_args': None, 'cmake_clean_cache': False, 'cmake_clean_first': False, 'cmake_force_configure': False, 'cmake_target': None, 'cmake_target_skip_unavailable': False, 'install_base': '/home/dyddl2082/MacRobot/src/install/macrobot_moveit_config', 'merge_install': False, 'path': '/home/dyddl2082/MacRobot/src/macrobot_moveit_config', 'symlink_install': False, 'test_result_base': None}
[0.759s] Level 5:colcon.colcon_core.verb:set package 'macrobot_object_finder' build argument 'cmake_args' from command line to 'None'
[0.759s] Level 5:colcon.colcon_core.verb:set package 'macrobot_object_finder' build argument 'cmake_target' from command line to 'None'
[0.759s] Level 5:colcon.colcon_core.verb:set package 'macrobot_object_finder' build argument 'cmake_target_skip_unavailable' from command line to 'False'
[0.759s] Level 5:colcon.colcon_core.verb:set package 'macrobot_object_finder' build argument 'cmake_clean_cache' from command line to 'False'
[0.759s] Level 5:colcon.colcon_core.verb:set package 'macrobot_object_finder' build argument 'cmake_clean_first' from command line to 'False'
[0.759s] Level 5:colcon.colcon_core.verb:set package 'macrobot_object_finder' build argument 'cmake_force_configure' from command line to 'False'
[0.760s] Level 5:colcon.colcon_core.verb:set package 'macrobot_object_finder' build argument 'ament_cmake_args' from command line to 'None'
[0.760s] Level 5:colcon.colcon_core.verb:set package 'macrobot_object_finder' build argument 'catkin_cmake_args' from command line to 'None'
[0.760s] Level 5:colcon.colcon_core.verb:set package 'macrobot_object_finder' build argument 'catkin_skip_building_tests' from command line to 'False'
[0.760s] DEBUG:colcon.colcon_core.verb:Building package 'macrobot_object_finder' with the following arguments: {'ament_cmake_args': None, 'build_base': '/home/dyddl2082/MacRobot/src/build/macrobot_object_finder', 'catkin_cmake_args': None, 'catkin_skip_building_tests': False, 'cmake_args': None, 'cmake_clean_cache': False, 'cmake_clean_first': False, 'cmake_force_configure': False, 'cmake_target': None, 'cmake_target_skip_unavailable': False, 'install_base': '/home/dyddl2082/MacRobot/src/install/macrobot_object_finder', 'merge_install': False, 'path': '/home/dyddl2082/MacRobot/src/macrobot_object_finder_stage/macrobot_object_finder', 'symlink_install': False, 'test_result_base': None}
[0.760s] Level 5:colcon.colcon_core.verb:set package 'macrobot_safe_region' build argument 'cmake_args' from command line to 'None'
[0.760s] Level 5:colcon.colcon_core.verb:set package 'macrobot_safe_region' build argument 'cmake_target' from command line to 'None'
[0.760s] Level 5:colcon.colcon_core.verb:set package 'macrobot_safe_region' build argument 'cmake_target_skip_unavailable' from command line to 'False'
[0.760s] Level 5:colcon.colcon_core.verb:set package 'macrobot_safe_region' build argument 'cmake_clean_cache' from command line to 'False'
[0.761s] Level 5:colcon.colcon_core.verb:set package 'macrobot_safe_region' build argument 'cmake_clean_first' from command line to 'False'
[0.761s] Level 5:colcon.colcon_core.verb:set package 'macrobot_safe_region' build argument 'cmake_force_configure' from command line to 'False'
[0.761s] Level 5:colcon.colcon_core.verb:set package 'macrobot_safe_region' build argument 'ament_cmake_args' from command line to 'None'
[0.761s] Level 5:colcon.colcon_core.verb:set package 'macrobot_safe_region' build argument 'catkin_cmake_args' from command line to 'None'
[0.761s] Level 5:colcon.colcon_core.verb:set package 'macrobot_safe_region' build argument 'catkin_skip_building_tests' from command line to 'False'
[0.761s] DEBUG:colcon.colcon_core.verb:Building package 'macrobot_safe_region' with the following arguments: {'ament_cmake_args': None, 'build_base': '/home/dyddl2082/MacRobot/src/build/macrobot_safe_region', 'catkin_cmake_args': None, 'catkin_skip_building_tests': False, 'cmake_args': None, 'cmake_clean_cache': False, 'cmake_clean_first': False, 'cmake_force_configure': False, 'cmake_target': None, 'cmake_target_skip_unavailable': False, 'install_base': '/home/dyddl2082/MacRobot/src/install/macrobot_safe_region', 'merge_install': False, 'path': '/home/dyddl2082/MacRobot/src/macrobot_safe_region', 'symlink_install': False, 'test_result_base': None}
[0.761s] Level 5:colcon.colcon_core.verb:set package 'macrobot_arm_control' build argument 'cmake_args' from command line to 'None'
[0.761s] Level 5:colcon.colcon_core.verb:set package 'macrobot_arm_control' build argument 'cmake_target' from command line to 'None'
[0.761s] Level 5:colcon.colcon_core.verb:set package 'macrobot_arm_control' build argument 'cmake_target_skip_unavailable' from command line to 'False'
[0.761s] Level 5:colcon.colcon_core.verb:set package 'macrobot_arm_control' build argument 'cmake_clean_cache' from command line to 'False'
[0.761s] Level 5:colcon.colcon_core.verb:set package 'macrobot_arm_control' build argument 'cmake_clean_first' from command line to 'False'
[0.761s] Level 5:colcon.colcon_core.verb:set package 'macrobot_arm_control' build argument 'cmake_force_configure' from command line to 'False'
[0.761s] Level 5:colcon.colcon_core.verb:set package 'macrobot_arm_control' build argument 'ament_cmake_args' from command line to 'None'
[0.761s] Level 5:colcon.colcon_core.verb:set package 'macrobot_arm_control' build argument 'catkin_cmake_args' from command line to 'None'
[0.761s] Level 5:colcon.colcon_core.verb:set package 'macrobot_arm_control' build argument 'catkin_skip_building_tests' from command line to 'False'
[0.761s] DEBUG:colcon.colcon_core.verb:Building package 'macrobot_arm_control' with the following arguments: {'ament_cmake_args': None, 'build_base': '/home/dyddl2082/MacRobot/src/build/macrobot_arm_control', 'catkin_cmake_args': None, 'catkin_skip_building_tests': False, 'cmake_args': None, 'cmake_clean_cache': False, 'cmake_clean_first': False, 'cmake_force_configure': False, 'cmake_target': None, 'cmake_target_skip_unavailable': False, 'install_base': '/home/dyddl2082/MacRobot/src/install/macrobot_arm_control', 'merge_install': False, 'path': '/home/dyddl2082/MacRobot/src/macrobot_arm_control', 'symlink_install': False, 'test_result_base': None}
[0.762s] Level 5:colcon.colcon_core.verb:set package 'macrobot_arm_commissioning' build argument 'cmake_args' from command line to 'None'
[0.762s] Level 5:colcon.colcon_core.verb:set package 'macrobot_arm_commissioning' build argument 'cmake_target' from command line to 'None'
[0.762s] Level 5:colcon.colcon_core.verb:set package 'macrobot_arm_commissioning' build argument 'cmake_target_skip_unavailable' from command line to 'False'
[0.762s] Level 5:colcon.colcon_core.verb:set package 'macrobot_arm_commissioning' build argument 'cmake_clean_cache' from command line to 'False'
[0.762s] Level 5:colcon.colcon_core.verb:set package 'macrobot_arm_commissioning' build argument 'cmake_clean_first' from command line to 'False'
[0.762s] Level 5:colcon.colcon_core.verb:set package 'macrobot_arm_commissioning' build argument 'cmake_force_configure' from command line to 'False'
[0.762s] Level 5:colcon.colcon_core.verb:set package 'macrobot_arm_commissioning' build argument 'ament_cmake_args' from command line to 'None'
[0.762s] Level 5:colcon.colcon_core.verb:set package 'macrobot_arm_commissioning' build argument 'catkin_cmake_args' from command line to 'None'
[0.762s] Level 5:colcon.colcon_core.verb:set package 'macrobot_arm_commissioning' build argument 'catkin_skip_building_tests' from command line to 'False'
[0.762s] DEBUG:colcon.colcon_core.verb:Building package 'macrobot_arm_commissioning' with the following arguments: {'ament_cmake_args': None, 'build_base': '/home/dyddl2082/MacRobot/src/build/macrobot_arm_commissioning', 'catkin_cmake_args': None, 'catkin_skip_building_tests': False, 'cmake_args': None, 'cmake_clean_cache': False, 'cmake_clean_first': False, 'cmake_force_configure': False, 'cmake_target': None, 'cmake_target_skip_unavailable': False, 'install_base': '/home/dyddl2082/MacRobot/src/install/macrobot_arm_commissioning', 'merge_install': False, 'path': '/home/dyddl2082/MacRobot/src/macrobot_arm_commissioning', 'symlink_install': False, 'test_result_base': None}
[0.763s] Level 5:colcon.colcon_core.verb:set package 'macrobot_pick_pipeline' build argument 'cmake_args' from command line to 'None'
[0.763s] Level 5:colcon.colcon_core.verb:set package 'macrobot_pick_pipeline' build argument 'cmake_target' from command line to 'None'
[0.763s] Level 5:colcon.colcon_core.verb:set package 'macrobot_pick_pipeline' build argument 'cmake_target_skip_unavailable' from command line to 'False'
[0.763s] Level 5:colcon.colcon_core.verb:set package 'macrobot_pick_pipeline' build argument 'cmake_clean_cache' from command line to 'False'
[0.763s] Level 5:colcon.colcon_core.verb:set package 'macrobot_pick_pipeline' build argument 'cmake_clean_first' from command line to 'False'
[0.763s] Level 5:colcon.colcon_core.verb:set package 'macrobot_pick_pipeline' build argument 'cmake_force_configure' from command line to 'False'
[0.763s] Level 5:colcon.colcon_core.verb:set package 'macrobot_pick_pipeline' build argument 'ament_cmake_args' from command line to 'None'
[0.763s] Level 5:colcon.colcon_core.verb:set package 'macrobot_pick_pipeline' build argument 'catkin_cmake_args' from command line to 'None'
[0.763s] Level 5:colcon.colcon_core.verb:set package 'macrobot_pick_pipeline' build argument 'catkin_skip_building_tests' from command line to 'False'
[0.763s] DEBUG:colcon.colcon_core.verb:Building package 'macrobot_pick_pipeline' with the following arguments: {'ament_cmake_args': None, 'build_base': '/home/dyddl2082/MacRobot/src/build/macrobot_pick_pipeline', 'catkin_cmake_args': None, 'catkin_skip_building_tests': False, 'cmake_args': None, 'cmake_clean_cache': False, 'cmake_clean_first': False, 'cmake_force_configure': False, 'cmake_target': None, 'cmake_target_skip_unavailable': False, 'install_base': '/home/dyddl2082/MacRobot/src/install/macrobot_pick_pipeline', 'merge_install': False, 'path': '/home/dyddl2082/MacRobot/src/macrobot_pick_pipeline', 'symlink_install': False, 'test_result_base': None}
[0.763s] INFO:colcon.colcon_core.executor:Executing jobs using 'parallel' executor
[0.766s] DEBUG:colcon.colcon_parallel_executor.executor.parallel:run_until_complete
[0.766s] INFO:colcon.colcon_ros.task.ament_python.build:Building ROS package in '/home/dyddl2082/MacRobot/src/macrobot_arm_kinematics' with build type 'ament_python'
[0.767s] Level 1:colcon.colcon_core.shell:create_environment_hook('macrobot_arm_kinematics', 'ament_prefix_path')
[0.773s] INFO:colcon.colcon_core.plugin_system:Skipping extension 'colcon_core.shell.bat': Not used on non-Windows systems
[0.773s] INFO:colcon.colcon_core.shell:Creating environment hook '/home/dyddl2082/MacRobot/src/install/macrobot_arm_kinematics/share/macrobot_arm_kinematics/hook/ament_prefix_path.ps1'
[0.774s] INFO:colcon.colcon_core.shell:Creating environment descriptor '/home/dyddl2082/MacRobot/src/install/macrobot_arm_kinematics/share/macrobot_arm_kinematics/hook/ament_prefix_path.dsv'
[0.775s] INFO:colcon.colcon_core.shell:Creating environment hook '/home/dyddl2082/MacRobot/src/install/macrobot_arm_kinematics/share/macrobot_arm_kinematics/hook/ament_prefix_path.sh'
[0.776s] INFO:colcon.colcon_core.shell:Skip shell extension 'powershell' for command environment: Not usable outside of PowerShell
[0.776s] DEBUG:colcon.colcon_core.shell:Skip shell extension 'dsv' for command environment
[0.779s] INFO:colcon.colcon_ros.task.ament_cmake.build:Building ROS package in '/home/dyddl2082/MacRobot/src/macrobot_interfaces' with build type 'ament_cmake'
[0.780s] INFO:colcon.colcon_cmake.task.cmake.build:Building CMake package in '/home/dyddl2082/MacRobot/src/macrobot_interfaces'
[0.780s] INFO:colcon.colcon_core.shell:Skip shell extension 'powershell' for command environment: Not usable outside of PowerShell
[0.780s] DEBUG:colcon.colcon_core.shell:Skip shell extension 'dsv' for command environment
[0.784s] INFO:colcon.colcon_ros.task.ament_python.build:Building ROS package in '/home/dyddl2082/MacRobot/src/pico_debug' with build type 'ament_python'
[0.784s] Level 1:colcon.colcon_core.shell:create_environment_hook('pico_debug', 'ament_prefix_path')
[0.784s] INFO:colcon.colcon_core.shell:Creating environment hook '/home/dyddl2082/MacRobot/src/install/pico_debug/share/pico_debug/hook/ament_prefix_path.ps1'
[0.786s] INFO:colcon.colcon_core.shell:Creating environment descriptor '/home/dyddl2082/MacRobot/src/install/pico_debug/share/pico_debug/hook/ament_prefix_path.dsv'
[0.786s] INFO:colcon.colcon_core.shell:Creating environment hook '/home/dyddl2082/MacRobot/src/install/pico_debug/share/pico_debug/hook/ament_prefix_path.sh'
[0.786s] INFO:colcon.colcon_core.shell:Skip shell extension 'powershell' for command environment: Not usable outside of PowerShell
[0.786s] DEBUG:colcon.colcon_core.shell:Skip shell extension 'dsv' for command environment
[0.791s] INFO:colcon.colcon_ros.task.ament_python.build:Building ROS package in '/home/dyddl2082/MacRobot/src/d435_capture_crop' with build type 'ament_python'
[0.792s] Level 1:colcon.colcon_core.shell:create_environment_hook('d435_capture_crop', 'ament_prefix_path')
[0.792s] INFO:colcon.colcon_core.shell:Creating environment hook '/home/dyddl2082/MacRobot/src/install/d435_capture_crop/share/d435_capture_crop/hook/ament_prefix_path.ps1'
[0.794s] INFO:colcon.colcon_core.shell:Creating environment descriptor '/home/dyddl2082/MacRobot/src/install/d435_capture_crop/share/d435_capture_crop/hook/ament_prefix_path.dsv'
[0.794s] INFO:colcon.colcon_core.shell:Creating environment hook '/home/dyddl2082/MacRobot/src/install/d435_capture_crop/share/d435_capture_crop/hook/ament_prefix_path.sh'
[0.795s] INFO:colcon.colcon_core.shell:Skip shell extension 'powershell' for command environment: Not usable outside of PowerShell
[0.795s] DEBUG:colcon.colcon_core.shell:Skip shell extension 'dsv' for command environment
[0.808s] INFO:colcon.colcon_ros.task.ament_python.build:Building ROS package in '/home/dyddl2082/MacRobot/src/macrobot_action_gateway' with build type 'ament_python'
[0.809s] Level 1:colcon.colcon_core.shell:create_environment_hook('macrobot_action_gateway', 'ament_prefix_path')
[0.809s] INFO:colcon.colcon_core.shell:Creating environment hook '/home/dyddl2082/MacRobot/src/install/macrobot_action_gateway/share/macrobot_action_gateway/hook/ament_prefix_path.ps1'
[0.811s] INFO:colcon.colcon_core.shell:Creating environment descriptor '/home/dyddl2082/MacRobot/src/install/macrobot_action_gateway/share/macrobot_action_gateway/hook/ament_prefix_path.dsv'
[0.812s] INFO:colcon.colcon_core.shell:Creating environment hook '/home/dyddl2082/MacRobot/src/install/macrobot_action_gateway/share/macrobot_action_gateway/hook/ament_prefix_path.sh'
[0.812s] INFO:colcon.colcon_core.shell:Skip shell extension 'powershell' for command environment: Not usable outside of PowerShell
[0.812s] DEBUG:colcon.colcon_core.shell:Skip shell extension 'dsv' for command environment
[0.816s] INFO:colcon.colcon_ros.task.ament_python.build:Building ROS package in '/home/dyddl2082/MacRobot/src/macrobot_teleop' with build type 'ament_python'
[0.816s] Level 1:colcon.colcon_core.shell:create_environment_hook('macrobot_teleop', 'ament_prefix_path')
[0.816s] INFO:colcon.colcon_core.shell:Creating environment hook '/home/dyddl2082/MacRobot/src/install/macrobot_teleop/share/macrobot_teleop/hook/ament_prefix_path.ps1'
[0.817s] INFO:colcon.colcon_core.shell:Creating environment descriptor '/home/dyddl2082/MacRobot/src/install/macrobot_teleop/share/macrobot_teleop/hook/ament_prefix_path.dsv'
[0.818s] INFO:colcon.colcon_core.shell:Creating environment hook '/home/dyddl2082/MacRobot/src/install/macrobot_teleop/share/macrobot_teleop/hook/ament_prefix_path.sh'
[0.818s] INFO:colcon.colcon_core.shell:Skip shell extension 'powershell' for command environment: Not usable outside of PowerShell
[0.818s] DEBUG:colcon.colcon_core.shell:Skip shell extension 'dsv' for command environment
[1.132s] INFO:colcon.colcon_core.task.python.build:Building Python package in '/home/dyddl2082/MacRobot/src/macrobot_arm_kinematics'
[1.132s] INFO:colcon.colcon_core.shell:Skip shell extension 'powershell' for command environment: Not usable outside of PowerShell
[1.132s] DEBUG:colcon.colcon_core.shell:Skip shell extension 'dsv' for command environment
[1.139s] DEBUG:colcon.colcon_core.event_handler.log_command:Invoking command in '/home/dyddl2082/MacRobot/src/build/macrobot_interfaces': CMAKE_PREFIX_PATH=${CMAKE_PREFIX_PATH}:/home/dyddl2082/MacRobot/install/macrobot_pick_pipeline:/home/dyddl2082/MacRobot/install/pico_debug:/home/dyddl2082/MacRobot/install/macrobot_teleop:/home/dyddl2082/MacRobot/install/macrobot_arm_commissioning:/home/dyddl2082/MacRobot/install/macrobot_arm_control:/home/dyddl2082/MacRobot/install/macrobot_object_finder:/home/dyddl2082/MacRobot/install/macrobot_perception:/home/dyddl2082/MacRobot/install/depth_candidate_proposal:/home/dyddl2082/MacRobot/install/macrobot_arm_kinematics:/home/dyddl2082/MacRobot/install/d435_capture_crop:/opt/ros/jazzy /usr/bin/cmake /home/dyddl2082/MacRobot/src/macrobot_interfaces -DCMAKE_INSTALL_PREFIX=/home/dyddl2082/MacRobot/src/install/macrobot_interfaces
[1.485s] INFO:colcon.colcon_core.task.python.build:Building Python package in '/home/dyddl2082/MacRobot/src/pico_debug'
[1.486s] INFO:colcon.colcon_core.shell:Skip shell extension 'powershell' for command environment: Not usable outside of PowerShell
[1.486s] DEBUG:colcon.colcon_core.shell:Skip shell extension 'dsv' for command environment
[1.874s] INFO:colcon.colcon_core.task.python.build:Building Python package in '/home/dyddl2082/MacRobot/src/d435_capture_crop'
[1.874s] INFO:colcon.colcon_core.shell:Skip shell extension 'powershell' for command environment: Not usable outside of PowerShell
[1.875s] DEBUG:colcon.colcon_core.shell:Skip shell extension 'dsv' for command environment
[2.146s] INFO:colcon.colcon_core.task.python.build:Building Python package in '/home/dyddl2082/MacRobot/src/macrobot_action_gateway'
[2.147s] INFO:colcon.colcon_core.shell:Skip shell extension 'powershell' for command environment: Not usable outside of PowerShell
[2.147s] DEBUG:colcon.colcon_core.shell:Skip shell extension 'dsv' for command environment
[2.617s] INFO:colcon.colcon_core.task.python.build:Building Python package in '/home/dyddl2082/MacRobot/src/macrobot_teleop'
[2.617s] INFO:colcon.colcon_core.shell:Skip shell extension 'powershell' for command environment: Not usable outside of PowerShell
[2.617s] DEBUG:colcon.colcon_core.shell:Skip shell extension 'dsv' for command environment
[4.699s] DEBUG:colcon.colcon_core.task.python.build:Available setuptools commands: update_catalog, egg_info, install, dist_info, install_egg_info, install_data, install_headers, editable_wheel, bdist_dumb, check, extract_messages, clean, symlink_data, install_lib, setopt, saveopts, bdist_egg, upload_docs, register, alias, bdist, bdist_rpm, upload, install_scripts, easy_install, build_clib, test, build_ext, init_catalog, compile_catalog, rotate, sdist, bdist_wheel, develop, build, build_scripts, build_py
[4.706s] DEBUG:colcon.colcon_core.event_handler.log_command:Invoking command in '/home/dyddl2082/MacRobot/src/macrobot_teleop': PYTHONPATH=/home/dyddl2082/MacRobot/src/build/macrobot_teleop/prefix_override:/usr/lib/python3/dist-packages/colcon_core/task/python/colcon_distutils_commands:/home/dyddl2082/MacRobot/src/install/macrobot_teleop/lib/python3.12/site-packages:${PYTHONPATH} /usr/bin/python3 -W ignore:setup.py install is deprecated -W ignore:easy_install command is deprecated setup.py egg_info --egg-base ../build/macrobot_teleop build --build-base /home/dyddl2082/MacRobot/src/build/macrobot_teleop/build install --record /home/dyddl2082/MacRobot/src/build/macrobot_teleop/install.log --install-scripts $base/lib/macrobot_teleop --single-version-externally-managed install_data
[4.732s] DEBUG:colcon.colcon_core.task.python.build:Available setuptools commands: update_catalog, egg_info, install, dist_info, install_egg_info, install_data, install_headers, editable_wheel, bdist_dumb, check, extract_messages, clean, symlink_data, install_lib, setopt, saveopts, bdist_egg, upload_docs, register, alias, bdist, bdist_rpm, upload, install_scripts, easy_install, build_clib, test, build_ext, init_catalog, compile_catalog, rotate, sdist, bdist_wheel, develop, build, build_scripts, build_py
[4.747s] DEBUG:colcon.colcon_core.task.python.build:Available setuptools commands: update_catalog, egg_info, install, dist_info, install_egg_info, install_data, install_headers, editable_wheel, bdist_dumb, check, extract_messages, clean, symlink_data, install_lib, setopt, saveopts, bdist_egg, upload_docs, register, alias, bdist, bdist_rpm, upload, install_scripts, easy_install, build_clib, test, build_ext, init_catalog, compile_catalog, rotate, sdist, bdist_wheel, develop, build, build_scripts, build_py
[4.748s] DEBUG:colcon.colcon_core.event_handler.log_command:Invoking command in '/home/dyddl2082/MacRobot/src/macrobot_action_gateway': PYTHONPATH=/home/dyddl2082/MacRobot/src/build/macrobot_action_gateway/prefix_override:/usr/lib/python3/dist-packages/colcon_core/task/python/colcon_distutils_commands:/home/dyddl2082/MacRobot/src/install/macrobot_action_gateway/lib/python3.12/site-packages:${PYTHONPATH} /usr/bin/python3 -W ignore:setup.py install is deprecated -W ignore:easy_install command is deprecated setup.py egg_info --egg-base ../build/macrobot_action_gateway build --build-base /home/dyddl2082/MacRobot/src/build/macrobot_action_gateway/build install --record /home/dyddl2082/MacRobot/src/build/macrobot_action_gateway/install.log --install-scripts $base/lib/macrobot_action_gateway --single-version-externally-managed install_data
[4.752s] DEBUG:colcon.colcon_core.event_handler.log_command:Invoking command in '/home/dyddl2082/MacRobot/src/macrobot_arm_kinematics': PYTHONPATH=/home/dyddl2082/MacRobot/src/build/macrobot_arm_kinematics/prefix_override:/usr/lib/python3/dist-packages/colcon_core/task/python/colcon_distutils_commands:/home/dyddl2082/MacRobot/src/install/macrobot_arm_kinematics/lib/python3.12/site-packages:${PYTHONPATH} /usr/bin/python3 -W ignore:setup.py install is deprecated -W ignore:easy_install command is deprecated setup.py egg_info --egg-base ../build/macrobot_arm_kinematics build --build-base /home/dyddl2082/MacRobot/src/build/macrobot_arm_kinematics/build install --record /home/dyddl2082/MacRobot/src/build/macrobot_arm_kinematics/install.log --install-scripts $base/lib/macrobot_arm_kinematics --single-version-externally-managed install_data
[4.753s] DEBUG:colcon.colcon_core.task.python.build:Available setuptools commands: update_catalog, egg_info, install, dist_info, install_egg_info, install_data, install_headers, editable_wheel, bdist_dumb, check, extract_messages, clean, symlink_data, install_lib, setopt, saveopts, bdist_egg, upload_docs, register, alias, bdist, bdist_rpm, upload, install_scripts, easy_install, build_clib, test, build_ext, init_catalog, compile_catalog, rotate, sdist, bdist_wheel, develop, build, build_scripts, build_py
[4.758s] DEBUG:colcon.colcon_core.event_handler.log_command:Invoking command in '/home/dyddl2082/MacRobot/src/pico_debug': PYTHONPATH=/home/dyddl2082/MacRobot/src/build/pico_debug/prefix_override:/usr/lib/python3/dist-packages/colcon_core/task/python/colcon_distutils_commands:/home/dyddl2082/MacRobot/src/install/pico_debug/lib/python3.12/site-packages:${PYTHONPATH} /usr/bin/python3 -W ignore:setup.py install is deprecated -W ignore:easy_install command is deprecated setup.py egg_info --egg-base ../build/pico_debug build --build-base /home/dyddl2082/MacRobot/src/build/pico_debug/build install --record /home/dyddl2082/MacRobot/src/build/pico_debug/install.log --install-scripts $base/lib/pico_debug --single-version-externally-managed install_data
[4.814s] DEBUG:colcon.colcon_core.task.python.build:Available setuptools commands: update_catalog, egg_info, install, dist_info, install_egg_info, install_data, install_headers, editable_wheel, bdist_dumb, check, extract_messages, clean, symlink_data, install_lib, setopt, saveopts, bdist_egg, upload_docs, register, alias, bdist, bdist_rpm, upload, install_scripts, easy_install, build_clib, test, build_ext, init_catalog, compile_catalog, rotate, sdist, bdist_wheel, develop, build, build_scripts, build_py
[4.816s] DEBUG:colcon.colcon_core.event_handler.log_command:Invoking command in '/home/dyddl2082/MacRobot/src/d435_capture_crop': PYTHONPATH=/home/dyddl2082/MacRobot/src/build/d435_capture_crop/prefix_override:/usr/lib/python3/dist-packages/colcon_core/task/python/colcon_distutils_commands:/home/dyddl2082/MacRobot/src/install/d435_capture_crop/lib/python3.12/site-packages:${PYTHONPATH} /usr/bin/python3 -W ignore:setup.py install is deprecated -W ignore:easy_install command is deprecated setup.py egg_info --egg-base ../build/d435_capture_crop build --build-base /home/dyddl2082/MacRobot/src/build/d435_capture_crop/build install --record /home/dyddl2082/MacRobot/src/build/d435_capture_crop/install.log --install-scripts $base/lib/d435_capture_crop --single-version-externally-managed install_data
[5.943s] DEBUG:colcon.colcon_core.event_handler.log_command:Invoked command in '/home/dyddl2082/MacRobot/src/macrobot_arm_kinematics' returned '0': PYTHONPATH=/home/dyddl2082/MacRobot/src/build/macrobot_arm_kinematics/prefix_override:/usr/lib/python3/dist-packages/colcon_core/task/python/colcon_distutils_commands:/home/dyddl2082/MacRobot/src/install/macrobot_arm_kinematics/lib/python3.12/site-packages:${PYTHONPATH} /usr/bin/python3 -W ignore:setup.py install is deprecated -W ignore:easy_install command is deprecated setup.py egg_info --egg-base ../build/macrobot_arm_kinematics build --build-base /home/dyddl2082/MacRobot/src/build/macrobot_arm_kinematics/build install --record /home/dyddl2082/MacRobot/src/build/macrobot_arm_kinematics/install.log --install-scripts $base/lib/macrobot_arm_kinematics --single-version-externally-managed install_data
[5.976s] Level 1:colcon.colcon_core.environment:checking '/home/dyddl2082/MacRobot/src/install/macrobot_arm_kinematics' for CMake module files
[5.977s] Level 1:colcon.colcon_core.environment:checking '/home/dyddl2082/MacRobot/src/install/macrobot_arm_kinematics' for CMake config files
[5.978s] Level 1:colcon.colcon_core.environment:checking '/home/dyddl2082/MacRobot/src/install/macrobot_arm_kinematics/lib'
[5.979s] Level 1:colcon.colcon_core.environment:checking '/home/dyddl2082/MacRobot/src/install/macrobot_arm_kinematics/bin'
[5.979s] Level 1:colcon.colcon_core.environment:checking '/home/dyddl2082/MacRobot/src/install/macrobot_arm_kinematics/lib/pkgconfig/macrobot_arm_kinematics.pc'
[5.979s] Level 1:colcon.colcon_core.environment:checking '/home/dyddl2082/MacRobot/src/install/macrobot_arm_kinematics/lib/python3.12/site-packages'
[5.980s] Level 1:colcon.colcon_core.shell:create_environment_hook('macrobot_arm_kinematics', 'pythonpath')
[5.980s] INFO:colcon.colcon_core.shell:Creating environment hook '/home/dyddl2082/MacRobot/src/install/macrobot_arm_kinematics/share/macrobot_arm_kinematics/hook/pythonpath.ps1'
[5.980s] INFO:colcon.colcon_core.shell:Creating environment descriptor '/home/dyddl2082/MacRobot/src/install/macrobot_arm_kinematics/share/macrobot_arm_kinematics/hook/pythonpath.dsv'
[5.981s] INFO:colcon.colcon_core.shell:Creating environment hook '/home/dyddl2082/MacRobot/src/install/macrobot_arm_kinematics/share/macrobot_arm_kinematics/hook/pythonpath.sh'
[5.982s] Level 1:colcon.colcon_core.environment:checking '/home/dyddl2082/MacRobot/src/install/macrobot_arm_kinematics/bin'
[5.982s] Level 1:colcon.colcon_core.environment:create_environment_scripts_only(macrobot_arm_kinematics)
[5.982s] INFO:colcon.colcon_core.shell:Creating package script '/home/dyddl2082/MacRobot/src/install/macrobot_arm_kinematics/share/macrobot_arm_kinematics/package.ps1'
[5.984s] INFO:colcon.colcon_core.shell:Creating package descriptor '/home/dyddl2082/MacRobot/src/install/macrobot_arm_kinematics/share/macrobot_arm_kinematics/package.dsv'
[5.986s] INFO:colcon.colcon_core.shell:Creating package script '/home/dyddl2082/MacRobot/src/install/macrobot_arm_kinematics/share/macrobot_arm_kinematics/package.sh'
[6.028s] INFO:colcon.colcon_core.shell:Creating package script '/home/dyddl2082/MacRobot/src/install/macrobot_arm_kinematics/share/macrobot_arm_kinematics/package.bash'
[6.031s] INFO:colcon.colcon_core.shell:Creating package script '/home/dyddl2082/MacRobot/src/install/macrobot_arm_kinematics/share/macrobot_arm_kinematics/package.zsh'
[6.033s] Level 1:colcon.colcon_core.environment:create_file_with_runtime_dependencies(/home/dyddl2082/MacRobot/src/install/macrobot_arm_kinematics/share/colcon-core/packages/macrobot_arm_kinematics)
[6.035s] INFO:colcon.colcon_ros.task.ament_cmake.build:Building ROS package in '/home/dyddl2082/MacRobot/src/macrobot_description' with build type 'ament_cmake'
[6.035s] INFO:colcon.colcon_cmake.task.cmake.build:Building CMake package in '/home/dyddl2082/MacRobot/src/macrobot_description'
[6.035s] INFO:colcon.colcon_core.shell:Skip shell extension 'powershell' for command environment: Not usable outside of PowerShell
[6.035s] DEBUG:colcon.colcon_core.shell:Skip shell extension 'dsv' for command environment
[6.042s] Level 1:colcon.colcon_core.environment:checking '/home/dyddl2082/MacRobot/src/install/pico_debug' for CMake module files
[6.042s] DEBUG:colcon.colcon_core.event_handler.log_command:Invoked command in '/home/dyddl2082/MacRobot/src/pico_debug' returned '0': PYTHONPATH=/home/dyddl2082/MacRobot/src/build/pico_debug/prefix_override:/usr/lib/python3/dist-packages/colcon_core/task/python/colcon_distutils_commands:/home/dyddl2082/MacRobot/src/install/pico_debug/lib/python3.12/site-packages:${PYTHONPATH} /usr/bin/python3 -W ignore:setup.py install is deprecated -W ignore:easy_install command is deprecated setup.py egg_info --egg-base ../build/pico_debug build --build-base /home/dyddl2082/MacRobot/src/build/pico_debug/build install --record /home/dyddl2082/MacRobot/src/build/pico_debug/install.log --install-scripts $base/lib/pico_debug --single-version-externally-managed install_data
[6.044s] Level 1:colcon.colcon_core.environment:checking '/home/dyddl2082/MacRobot/src/install/pico_debug' for CMake config files
[6.044s] Level 1:colcon.colcon_core.environment:checking '/home/dyddl2082/MacRobot/src/install/pico_debug/lib'
[6.044s] Level 1:colcon.colcon_core.environment:checking '/home/dyddl2082/MacRobot/src/install/pico_debug/bin'
[6.045s] Level 1:colcon.colcon_core.environment:checking '/home/dyddl2082/MacRobot/src/install/pico_debug/lib/pkgconfig/pico_debug.pc'
[6.045s] Level 1:colcon.colcon_core.environment:checking '/home/dyddl2082/MacRobot/src/install/pico_debug/lib/python3.12/site-packages'
[6.045s] Level 1:colcon.colcon_core.shell:create_environment_hook('pico_debug', 'pythonpath')
[6.045s] INFO:colcon.colcon_core.shell:Creating environment hook '/home/dyddl2082/MacRobot/src/install/pico_debug/share/pico_debug/hook/pythonpath.ps1'
[6.046s] INFO:colcon.colcon_core.shell:Creating environment descriptor '/home/dyddl2082/MacRobot/src/install/pico_debug/share/pico_debug/hook/pythonpath.dsv'
[6.046s] INFO:colcon.colcon_core.shell:Creating environment hook '/home/dyddl2082/MacRobot/src/install/pico_debug/share/pico_debug/hook/pythonpath.sh'
[6.047s] Level 1:colcon.colcon_core.environment:checking '/home/dyddl2082/MacRobot/src/install/pico_debug/bin'
[6.047s] Level 1:colcon.colcon_core.environment:create_environment_scripts_only(pico_debug)
[6.047s] INFO:colcon.colcon_core.shell:Creating package script '/home/dyddl2082/MacRobot/src/install/pico_debug/share/pico_debug/package.ps1'
[6.049s] INFO:colcon.colcon_core.shell:Creating package descriptor '/home/dyddl2082/MacRobot/src/install/pico_debug/share/pico_debug/package.dsv'
[6.049s] INFO:colcon.colcon_core.shell:Creating package script '/home/dyddl2082/MacRobot/src/install/pico_debug/share/pico_debug/package.sh'
[6.050s] INFO:colcon.colcon_core.shell:Creating package script '/home/dyddl2082/MacRobot/src/install/pico_debug/share/pico_debug/package.bash'
[6.050s] INFO:colcon.colcon_core.shell:Creating package script '/home/dyddl2082/MacRobot/src/install/pico_debug/share/pico_debug/package.zsh'
[6.051s] Level 1:colcon.colcon_core.environment:create_file_with_runtime_dependencies(/home/dyddl2082/MacRobot/src/install/pico_debug/share/colcon-core/packages/pico_debug)
[6.061s] Level 1:colcon.colcon_core.environment:checking '/home/dyddl2082/MacRobot/src/install/macrobot_teleop' for CMake module files
[6.062s] DEBUG:colcon.colcon_core.event_handler.log_command:Invoked command in '/home/dyddl2082/MacRobot/src/macrobot_teleop' returned '0': PYTHONPATH=/home/dyddl2082/MacRobot/src/build/macrobot_teleop/prefix_override:/usr/lib/python3/dist-packages/colcon_core/task/python/colcon_distutils_commands:/home/dyddl2082/MacRobot/src/install/macrobot_teleop/lib/python3.12/site-packages:${PYTHONPATH} /usr/bin/python3 -W ignore:setup.py install is deprecated -W ignore:easy_install command is deprecated setup.py egg_info --egg-base ../build/macrobot_teleop build --build-base /home/dyddl2082/MacRobot/src/build/macrobot_teleop/build install --record /home/dyddl2082/MacRobot/src/build/macrobot_teleop/install.log --install-scripts $base/lib/macrobot_teleop --single-version-externally-managed install_data
[6.066s] Level 1:colcon.colcon_core.environment:checking '/home/dyddl2082/MacRobot/src/install/macrobot_teleop' for CMake config files
[6.067s] Level 1:colcon.colcon_core.environment:checking '/home/dyddl2082/MacRobot/src/install/macrobot_teleop/lib'
[6.067s] Level 1:colcon.colcon_core.environment:checking '/home/dyddl2082/MacRobot/src/install/macrobot_teleop/bin'
[6.067s] Level 1:colcon.colcon_core.environment:checking '/home/dyddl2082/MacRobot/src/install/macrobot_teleop/lib/pkgconfig/macrobot_teleop.pc'
[6.068s] Level 1:colcon.colcon_core.environment:checking '/home/dyddl2082/MacRobot/src/install/macrobot_teleop/lib/python3.12/site-packages'
[6.069s] Level 1:colcon.colcon_core.shell:create_environment_hook('macrobot_teleop', 'pythonpath')
[6.069s] INFO:colcon.colcon_core.shell:Creating environment hook '/home/dyddl2082/MacRobot/src/install/macrobot_teleop/share/macrobot_teleop/hook/pythonpath.ps1'
[6.070s] INFO:colcon.colcon_core.shell:Creating environment descriptor '/home/dyddl2082/MacRobot/src/install/macrobot_teleop/share/macrobot_teleop/hook/pythonpath.dsv'
[6.071s] INFO:colcon.colcon_core.shell:Creating environment hook '/home/dyddl2082/MacRobot/src/install/macrobot_teleop/share/macrobot_teleop/hook/pythonpath.sh'
[6.075s] Level 1:colcon.colcon_core.environment:checking '/home/dyddl2082/MacRobot/src/install/macrobot_teleop/bin'
[6.076s] Level 1:colcon.colcon_core.environment:create_environment_scripts_only(macrobot_teleop)
[6.078s] INFO:colcon.colcon_core.shell:Creating package script '/home/dyddl2082/MacRobot/src/install/macrobot_teleop/share/macrobot_teleop/package.ps1'
[6.083s] INFO:colcon.colcon_core.shell:Creating package descriptor '/home/dyddl2082/MacRobot/src/install/macrobot_teleop/share/macrobot_teleop/package.dsv'
[6.085s] INFO:colcon.colcon_core.shell:Creating package script '/home/dyddl2082/MacRobot/src/install/macrobot_teleop/share/macrobot_teleop/package.sh'
[6.086s] INFO:colcon.colcon_core.shell:Creating package script '/home/dyddl2082/MacRobot/src/install/macrobot_teleop/share/macrobot_teleop/package.bash'
[6.087s] INFO:colcon.colcon_core.shell:Creating package script '/home/dyddl2082/MacRobot/src/install/macrobot_teleop/share/macrobot_teleop/package.zsh'
[6.088s] Level 1:colcon.colcon_core.environment:create_file_with_runtime_dependencies(/home/dyddl2082/MacRobot/src/install/macrobot_teleop/share/colcon-core/packages/macrobot_teleop)
[6.143s] Level 1:colcon.colcon_core.environment:checking '/home/dyddl2082/MacRobot/src/install/d435_capture_crop' for CMake module files
[6.144s] DEBUG:colcon.colcon_core.event_handler.log_command:Invoked command in '/home/dyddl2082/MacRobot/src/d435_capture_crop' returned '0': PYTHONPATH=/home/dyddl2082/MacRobot/src/build/d435_capture_crop/prefix_override:/usr/lib/python3/dist-packages/colcon_core/task/python/colcon_distutils_commands:/home/dyddl2082/MacRobot/src/install/d435_capture_crop/lib/python3.12/site-packages:${PYTHONPATH} /usr/bin/python3 -W ignore:setup.py install is deprecated -W ignore:easy_install command is deprecated setup.py egg_info --egg-base ../build/d435_capture_crop build --build-base /home/dyddl2082/MacRobot/src/build/d435_capture_crop/build install --record /home/dyddl2082/MacRobot/src/build/d435_capture_crop/install.log --install-scripts $base/lib/d435_capture_crop --single-version-externally-managed install_data
[6.145s] Level 1:colcon.colcon_core.environment:checking '/home/dyddl2082/MacRobot/src/install/d435_capture_crop' for CMake config files
[6.145s] Level 1:colcon.colcon_core.environment:checking '/home/dyddl2082/MacRobot/src/install/d435_capture_crop/lib'
[6.146s] Level 1:colcon.colcon_core.environment:checking '/home/dyddl2082/MacRobot/src/install/d435_capture_crop/bin'
[6.146s] Level 1:colcon.colcon_core.environment:checking '/home/dyddl2082/MacRobot/src/install/d435_capture_crop/lib/pkgconfig/d435_capture_crop.pc'
[6.146s] Level 1:colcon.colcon_core.environment:checking '/home/dyddl2082/MacRobot/src/install/d435_capture_crop/lib/python3.12/site-packages'
[6.146s] Level 1:colcon.colcon_core.shell:create_environment_hook('d435_capture_crop', 'pythonpath')
[6.146s] INFO:colcon.colcon_core.shell:Creating environment hook '/home/dyddl2082/MacRobot/src/install/d435_capture_crop/share/d435_capture_crop/hook/pythonpath.ps1'
[6.147s] INFO:colcon.colcon_core.shell:Creating environment descriptor '/home/dyddl2082/MacRobot/src/install/d435_capture_crop/share/d435_capture_crop/hook/pythonpath.dsv'
[6.147s] INFO:colcon.colcon_core.shell:Creating environment hook '/home/dyddl2082/MacRobot/src/install/d435_capture_crop/share/d435_capture_crop/hook/pythonpath.sh'
[6.148s] Level 1:colcon.colcon_core.environment:checking '/home/dyddl2082/MacRobot/src/install/d435_capture_crop/bin'
[6.148s] Level 1:colcon.colcon_core.environment:create_environment_scripts_only(d435_capture_crop)
[6.148s] INFO:colcon.colcon_core.shell:Creating package script '/home/dyddl2082/MacRobot/src/install/d435_capture_crop/share/d435_capture_crop/package.ps1'
[6.149s] INFO:colcon.colcon_core.shell:Creating package descriptor '/home/dyddl2082/MacRobot/src/install/d435_capture_crop/share/d435_capture_crop/package.dsv'
[6.149s] INFO:colcon.colcon_core.shell:Creating package script '/home/dyddl2082/MacRobot/src/install/d435_capture_crop/share/d435_capture_crop/package.sh'
[6.149s] INFO:colcon.colcon_core.shell:Creating package script '/home/dyddl2082/MacRobot/src/install/d435_capture_crop/share/d435_capture_crop/package.bash'
[6.150s] INFO:colcon.colcon_core.shell:Creating package script '/home/dyddl2082/MacRobot/src/install/d435_capture_crop/share/d435_capture_crop/package.zsh'
[6.150s] Level 1:colcon.colcon_core.environment:create_file_with_runtime_dependencies(/home/dyddl2082/MacRobot/src/install/d435_capture_crop/share/colcon-core/packages/d435_capture_crop)
[6.151s] Level 1:colcon.colcon_core.environment:checking '/home/dyddl2082/MacRobot/src/install/macrobot_action_gateway' for CMake module files
[6.152s] DEBUG:colcon.colcon_core.event_handler.log_command:Invoked command in '/home/dyddl2082/MacRobot/src/macrobot_action_gateway' returned '0': PYTHONPATH=/home/dyddl2082/MacRobot/src/build/macrobot_action_gateway/prefix_override:/usr/lib/python3/dist-packages/colcon_core/task/python/colcon_distutils_commands:/home/dyddl2082/MacRobot/src/install/macrobot_action_gateway/lib/python3.12/site-packages:${PYTHONPATH} /usr/bin/python3 -W ignore:setup.py install is deprecated -W ignore:easy_install command is deprecated setup.py egg_info --egg-base ../build/macrobot_action_gateway build --build-base /home/dyddl2082/MacRobot/src/build/macrobot_action_gateway/build install --record /home/dyddl2082/MacRobot/src/build/macrobot_action_gateway/install.log --install-scripts $base/lib/macrobot_action_gateway --single-version-externally-managed install_data
[6.153s] Level 1:colcon.colcon_core.environment:checking '/home/dyddl2082/MacRobot/src/install/macrobot_action_gateway' for CMake config files
[6.153s] Level 1:colcon.colcon_core.environment:checking '/home/dyddl2082/MacRobot/src/install/macrobot_action_gateway/lib'
[6.153s] Level 1:colcon.colcon_core.environment:checking '/home/dyddl2082/MacRobot/src/install/macrobot_action_gateway/bin'
[6.153s] Level 1:colcon.colcon_core.environment:checking '/home/dyddl2082/MacRobot/src/install/macrobot_action_gateway/lib/pkgconfig/macrobot_action_gateway.pc'
[6.154s] Level 1:colcon.colcon_core.environment:checking '/home/dyddl2082/MacRobot/src/install/macrobot_action_gateway/lib/python3.12/site-packages'
[6.154s] Level 1:colcon.colcon_core.shell:create_environment_hook('macrobot_action_gateway', 'pythonpath')
[6.154s] INFO:colcon.colcon_core.shell:Creating environment hook '/home/dyddl2082/MacRobot/src/install/macrobot_action_gateway/share/macrobot_action_gateway/hook/pythonpath.ps1'
[6.154s] INFO:colcon.colcon_core.shell:Creating environment descriptor '/home/dyddl2082/MacRobot/src/install/macrobot_action_gateway/share/macrobot_action_gateway/hook/pythonpath.dsv'
[6.155s] INFO:colcon.colcon_core.shell:Creating environment hook '/home/dyddl2082/MacRobot/src/install/macrobot_action_gateway/share/macrobot_action_gateway/hook/pythonpath.sh'
[6.155s] Level 1:colcon.colcon_core.environment:checking '/home/dyddl2082/MacRobot/src/install/macrobot_action_gateway/bin'
[6.155s] Level 1:colcon.colcon_core.environment:create_environment_scripts_only(macrobot_action_gateway)
[6.156s] INFO:colcon.colcon_core.shell:Creating package script '/home/dyddl2082/MacRobot/src/install/macrobot_action_gateway/share/macrobot_action_gateway/package.ps1'
[6.156s] INFO:colcon.colcon_core.shell:Creating package descriptor '/home/dyddl2082/MacRobot/src/install/macrobot_action_gateway/share/macrobot_action_gateway/package.dsv'
[6.156s] INFO:colcon.colcon_core.shell:Creating package script '/home/dyddl2082/MacRobot/src/install/macrobot_action_gateway/share/macrobot_action_gateway/package.sh'
[6.157s] INFO:colcon.colcon_core.shell:Creating package script '/home/dyddl2082/MacRobot/src/install/macrobot_action_gateway/share/macrobot_action_gateway/package.bash'
[6.157s] INFO:colcon.colcon_core.shell:Creating package script '/home/dyddl2082/MacRobot/src/install/macrobot_action_gateway/share/macrobot_action_gateway/package.zsh'
[6.157s] Level 1:colcon.colcon_core.environment:create_file_with_runtime_dependencies(/home/dyddl2082/MacRobot/src/install/macrobot_action_gateway/share/colcon-core/packages/macrobot_action_gateway)
[6.305s] DEBUG:colcon.colcon_core.event_handler.log_command:Invoking command in '/home/dyddl2082/MacRobot/src/build/macrobot_description': AMENT_PREFIX_PATH=/home/dyddl2082/MacRobot/src/install/macrobot_arm_kinematics:${AMENT_PREFIX_PATH} CMAKE_PREFIX_PATH=${CMAKE_PREFIX_PATH}:/home/dyddl2082/MacRobot/install/macrobot_pick_pipeline:/home/dyddl2082/MacRobot/install/pico_debug:/home/dyddl2082/MacRobot/install/macrobot_teleop:/home/dyddl2082/MacRobot/install/macrobot_arm_commissioning:/home/dyddl2082/MacRobot/install/macrobot_arm_control:/home/dyddl2082/MacRobot/install/macrobot_object_finder:/home/dyddl2082/MacRobot/install/macrobot_perception:/home/dyddl2082/MacRobot/install/depth_candidate_proposal:/home/dyddl2082/MacRobot/install/macrobot_arm_kinematics:/home/dyddl2082/MacRobot/install/d435_capture_crop:/opt/ros/jazzy PYTHONPATH=/home/dyddl2082/MacRobot/src/install/macrobot_arm_kinematics/lib/python3.12/site-packages:${PYTHONPATH} /usr/bin/cmake /home/dyddl2082/MacRobot/src/macrobot_description -DCMAKE_INSTALL_PREFIX=/home/dyddl2082/MacRobot/src/install/macrobot_description
[12.921s] DEBUG:colcon.colcon_core.event_handler.log_command:Invoked command in '/home/dyddl2082/MacRobot/src/build/macrobot_description' returned '0': AMENT_PREFIX_PATH=/home/dyddl2082/MacRobot/src/install/macrobot_arm_kinematics:${AMENT_PREFIX_PATH} CMAKE_PREFIX_PATH=${CMAKE_PREFIX_PATH}:/home/dyddl2082/MacRobot/install/macrobot_pick_pipeline:/home/dyddl2082/MacRobot/install/pico_debug:/home/dyddl2082/MacRobot/install/macrobot_teleop:/home/dyddl2082/MacRobot/install/macrobot_arm_commissioning:/home/dyddl2082/MacRobot/install/macrobot_arm_control:/home/dyddl2082/MacRobot/install/macrobot_object_finder:/home/dyddl2082/MacRobot/install/macrobot_perception:/home/dyddl2082/MacRobot/install/depth_candidate_proposal:/home/dyddl2082/MacRobot/install/macrobot_arm_kinematics:/home/dyddl2082/MacRobot/install/d435_capture_crop:/opt/ros/jazzy PYTHONPATH=/home/dyddl2082/MacRobot/src/install/macrobot_arm_kinematics/lib/python3.12/site-packages:${PYTHONPATH} /usr/bin/cmake /home/dyddl2082/MacRobot/src/macrobot_description -DCMAKE_INSTALL_PREFIX=/home/dyddl2082/MacRobot/src/install/macrobot_description
[12.923s] DEBUG:colcon.colcon_core.event_handler.log_command:Invoking command in '/home/dyddl2082/MacRobot/src/build/macrobot_description': AMENT_PREFIX_PATH=/home/dyddl2082/MacRobot/src/install/macrobot_arm_kinematics:${AMENT_PREFIX_PATH} CMAKE_PREFIX_PATH=${CMAKE_PREFIX_PATH}:/home/dyddl2082/MacRobot/install/macrobot_pick_pipeline:/home/dyddl2082/MacRobot/install/pico_debug:/home/dyddl2082/MacRobot/install/macrobot_teleop:/home/dyddl2082/MacRobot/install/macrobot_arm_commissioning:/home/dyddl2082/MacRobot/install/macrobot_arm_control:/home/dyddl2082/MacRobot/install/macrobot_object_finder:/home/dyddl2082/MacRobot/install/macrobot_perception:/home/dyddl2082/MacRobot/install/depth_candidate_proposal:/home/dyddl2082/MacRobot/install/macrobot_arm_kinematics:/home/dyddl2082/MacRobot/install/d435_capture_crop:/opt/ros/jazzy PYTHONPATH=/home/dyddl2082/MacRobot/src/install/macrobot_arm_kinematics/lib/python3.12/site-packages:${PYTHONPATH} /usr/bin/cmake --build /home/dyddl2082/MacRobot/src/build/macrobot_description -- -j18 -l18
[12.986s] DEBUG:colcon.colcon_core.event_handler.log_command:Invoked command in '/home/dyddl2082/MacRobot/src/build/macrobot_description' returned '0': AMENT_PREFIX_PATH=/home/dyddl2082/MacRobot/src/install/macrobot_arm_kinematics:${AMENT_PREFIX_PATH} CMAKE_PREFIX_PATH=${CMAKE_PREFIX_PATH}:/home/dyddl2082/MacRobot/install/macrobot_pick_pipeline:/home/dyddl2082/MacRobot/install/pico_debug:/home/dyddl2082/MacRobot/install/macrobot_teleop:/home/dyddl2082/MacRobot/install/macrobot_arm_commissioning:/home/dyddl2082/MacRobot/install/macrobot_arm_control:/home/dyddl2082/MacRobot/install/macrobot_object_finder:/home/dyddl2082/MacRobot/install/macrobot_perception:/home/dyddl2082/MacRobot/install/depth_candidate_proposal:/home/dyddl2082/MacRobot/install/macrobot_arm_kinematics:/home/dyddl2082/MacRobot/install/d435_capture_crop:/opt/ros/jazzy PYTHONPATH=/home/dyddl2082/MacRobot/src/install/macrobot_arm_kinematics/lib/python3.12/site-packages:${PYTHONPATH} /usr/bin/cmake --build /home/dyddl2082/MacRobot/src/build/macrobot_description -- -j18 -l18
[13.006s] DEBUG:colcon.colcon_core.event_handler.log_command:Invoking command in '/home/dyddl2082/MacRobot/src/build/macrobot_description': AMENT_PREFIX_PATH=/home/dyddl2082/MacRobot/src/install/macrobot_arm_kinematics:${AMENT_PREFIX_PATH} CMAKE_PREFIX_PATH=${CMAKE_PREFIX_PATH}:/home/dyddl2082/MacRobot/install/macrobot_pick_pipeline:/home/dyddl2082/MacRobot/install/pico_debug:/home/dyddl2082/MacRobot/install/macrobot_teleop:/home/dyddl2082/MacRobot/install/macrobot_arm_commissioning:/home/dyddl2082/MacRobot/install/macrobot_arm_control:/home/dyddl2082/MacRobot/install/macrobot_object_finder:/home/dyddl2082/MacRobot/install/macrobot_perception:/home/dyddl2082/MacRobot/install/depth_candidate_proposal:/home/dyddl2082/MacRobot/install/macrobot_arm_kinematics:/home/dyddl2082/MacRobot/install/d435_capture_crop:/opt/ros/jazzy PYTHONPATH=/home/dyddl2082/MacRobot/src/install/macrobot_arm_kinematics/lib/python3.12/site-packages:${PYTHONPATH} /usr/bin/cmake --install /home/dyddl2082/MacRobot/src/build/macrobot_description
[13.101s] Level 1:colcon.colcon_core.environment:create_environment_scripts_only(macrobot_description)
[13.101s] Level 1:colcon.colcon_core.environment:checking '/home/dyddl2082/MacRobot/src/install/macrobot_description' for CMake module files
[13.103s] DEBUG:colcon.colcon_core.event_handler.log_command:Invoked command in '/home/dyddl2082/MacRobot/src/build/macrobot_description' returned '0': AMENT_PREFIX_PATH=/home/dyddl2082/MacRobot/src/install/macrobot_arm_kinematics:${AMENT_PREFIX_PATH} CMAKE_PREFIX_PATH=${CMAKE_PREFIX_PATH}:/home/dyddl2082/MacRobot/install/macrobot_pick_pipeline:/home/dyddl2082/MacRobot/install/pico_debug:/home/dyddl2082/MacRobot/install/macrobot_teleop:/home/dyddl2082/MacRobot/install/macrobot_arm_commissioning:/home/dyddl2082/MacRobot/install/macrobot_arm_control:/home/dyddl2082/MacRobot/install/macrobot_object_finder:/home/dyddl2082/MacRobot/install/macrobot_perception:/home/dyddl2082/MacRobot/install/depth_candidate_proposal:/home/dyddl2082/MacRobot/install/macrobot_arm_kinematics:/home/dyddl2082/MacRobot/install/d435_capture_crop:/opt/ros/jazzy PYTHONPATH=/home/dyddl2082/MacRobot/src/install/macrobot_arm_kinematics/lib/python3.12/site-packages:${PYTHONPATH} /usr/bin/cmake --install /home/dyddl2082/MacRobot/src/build/macrobot_description
[13.103s] Level 1:colcon.colcon_core.environment:checking '/home/dyddl2082/MacRobot/src/install/macrobot_description' for CMake config files
[13.103s] Level 1:colcon.colcon_core.shell:create_environment_hook('macrobot_description', 'cmake_prefix_path')
[13.104s] INFO:colcon.colcon_core.shell:Creating environment hook '/home/dyddl2082/MacRobot/src/install/macrobot_description/share/macrobot_description/hook/cmake_prefix_path.ps1'
[13.105s] INFO:colcon.colcon_core.shell:Creating environment descriptor '/home/dyddl2082/MacRobot/src/install/macrobot_description/share/macrobot_description/hook/cmake_prefix_path.dsv'
[13.105s] INFO:colcon.colcon_core.shell:Creating environment hook '/home/dyddl2082/MacRobot/src/install/macrobot_description/share/macrobot_description/hook/cmake_prefix_path.sh'
[13.106s] Level 1:colcon.colcon_core.environment:checking '/home/dyddl2082/MacRobot/src/install/macrobot_description/bin'
[13.106s] Level 1:colcon.colcon_core.environment:checking '/home/dyddl2082/MacRobot/src/install/macrobot_description/lib/pkgconfig/macrobot_description.pc'
[13.106s] Level 1:colcon.colcon_core.environment:checking '/home/dyddl2082/MacRobot/src/install/macrobot_description/lib/python3.12/site-packages'
[13.106s] Level 1:colcon.colcon_core.environment:checking '/home/dyddl2082/MacRobot/src/install/macrobot_description/bin'
[13.106s] INFO:colcon.colcon_core.shell:Creating package script '/home/dyddl2082/MacRobot/src/install/macrobot_description/share/macrobot_description/package.ps1'
[13.107s] INFO:colcon.colcon_core.shell:Creating package descriptor '/home/dyddl2082/MacRobot/src/install/macrobot_description/share/macrobot_description/package.dsv'
[13.107s] INFO:colcon.colcon_core.shell:Creating package script '/home/dyddl2082/MacRobot/src/install/macrobot_description/share/macrobot_description/package.sh'
[13.108s] INFO:colcon.colcon_core.shell:Creating package script '/home/dyddl2082/MacRobot/src/install/macrobot_description/share/macrobot_description/package.bash'
[13.108s] INFO:colcon.colcon_core.shell:Creating package script '/home/dyddl2082/MacRobot/src/install/macrobot_description/share/macrobot_description/package.zsh'
[13.109s] Level 1:colcon.colcon_core.environment:create_file_with_runtime_dependencies(/home/dyddl2082/MacRobot/src/install/macrobot_description/share/colcon-core/packages/macrobot_description)
[13.110s] Level 1:colcon.colcon_core.environment:create_environment_scripts_only(macrobot_description)
[13.110s] Level 1:colcon.colcon_core.environment:checking '/home/dyddl2082/MacRobot/src/install/macrobot_description' for CMake module files
[13.110s] Level 1:colcon.colcon_core.environment:checking '/home/dyddl2082/MacRobot/src/install/macrobot_description' for CMake config files
[13.110s] Level 1:colcon.colcon_core.shell:create_environment_hook('macrobot_description', 'cmake_prefix_path')
[13.110s] INFO:colcon.colcon_core.shell:Creating environment hook '/home/dyddl2082/MacRobot/src/install/macrobot_description/share/macrobot_description/hook/cmake_prefix_path.ps1'
[13.111s] INFO:colcon.colcon_core.shell:Creating environment descriptor '/home/dyddl2082/MacRobot/src/install/macrobot_description/share/macrobot_description/hook/cmake_prefix_path.dsv'
[13.111s] INFO:colcon.colcon_core.shell:Creating environment hook '/home/dyddl2082/MacRobot/src/install/macrobot_description/share/macrobot_description/hook/cmake_prefix_path.sh'
[13.111s] Level 1:colcon.colcon_core.environment:checking '/home/dyddl2082/MacRobot/src/install/macrobot_description/bin'
[13.111s] Level 1:colcon.colcon_core.environment:checking '/home/dyddl2082/MacRobot/src/install/macrobot_description/lib/pkgconfig/macrobot_description.pc'
[13.111s] Level 1:colcon.colcon_core.environment:checking '/home/dyddl2082/MacRobot/src/install/macrobot_description/lib/python3.12/site-packages'
[13.112s] Level 1:colcon.colcon_core.environment:checking '/home/dyddl2082/MacRobot/src/install/macrobot_description/bin'
[13.112s] INFO:colcon.colcon_core.shell:Creating package script '/home/dyddl2082/MacRobot/src/install/macrobot_description/share/macrobot_description/package.ps1'
[13.112s] INFO:colcon.colcon_core.shell:Creating package descriptor '/home/dyddl2082/MacRobot/src/install/macrobot_description/share/macrobot_description/package.dsv'
[13.112s] INFO:colcon.colcon_core.shell:Creating package script '/home/dyddl2082/MacRobot/src/install/macrobot_description/share/macrobot_description/package.sh'
[13.113s] INFO:colcon.colcon_core.shell:Creating package script '/home/dyddl2082/MacRobot/src/install/macrobot_description/share/macrobot_description/package.bash'
[13.113s] INFO:colcon.colcon_core.shell:Creating package script '/home/dyddl2082/MacRobot/src/install/macrobot_description/share/macrobot_description/package.zsh'
[13.113s] Level 1:colcon.colcon_core.environment:create_file_with_runtime_dependencies(/home/dyddl2082/MacRobot/src/install/macrobot_description/share/colcon-core/packages/macrobot_description)
[13.114s] INFO:colcon.colcon_ros.task.ament_cmake.build:Building ROS package in '/home/dyddl2082/MacRobot/src/macrobot_moveit_config' with build type 'ament_cmake'
[13.114s] INFO:colcon.colcon_cmake.task.cmake.build:Building CMake package in '/home/dyddl2082/MacRobot/src/macrobot_moveit_config'
[13.114s] INFO:colcon.colcon_core.shell:Skip shell extension 'powershell' for command environment: Not usable outside of PowerShell
[13.114s] DEBUG:colcon.colcon_core.shell:Skip shell extension 'dsv' for command environment
[13.518s] DEBUG:colcon.colcon_core.event_handler.log_command:Invoking command in '/home/dyddl2082/MacRobot/src/build/macrobot_moveit_config': AMENT_PREFIX_PATH=/home/dyddl2082/MacRobot/src/install/macrobot_description:/home/dyddl2082/MacRobot/src/install/macrobot_arm_kinematics:${AMENT_PREFIX_PATH} CMAKE_PREFIX_PATH=/home/dyddl2082/MacRobot/src/install/macrobot_description:/home/dyddl2082/MacRobot/install/macrobot_safe_region:/home/dyddl2082/MacRobot/install/macrobot_moveit_config:/home/dyddl2082/MacRobot/install/macrobot_interfaces:/home/dyddl2082/MacRobot/install/macrobot_description:/opt/ros/jazzy/opt/gz_sim_vendor:/opt/ros/jazzy/opt/gz_sensors_vendor:/opt/ros/jazzy/opt/gz_physics_vendor:/opt/ros/jazzy/opt/sdformat_vendor:/opt/ros/jazzy/opt/gz_gui_vendor:/opt/ros/jazzy/opt/gz_transport_vendor:/opt/ros/jazzy/opt/gz_rendering_vendor:/opt/ros/jazzy/opt/gz_plugin_vendor:/opt/ros/jazzy/opt/gz_fuel_tools_vendor:/opt/ros/jazzy/opt/gz_msgs_vendor:/opt/ros/jazzy/opt/gz_common_vendor:/opt/ros/jazzy/opt/gz_math_vendor:/opt/ros/jazzy/opt/gz_utils_vendor:/opt/ros/jazzy/opt/gz_tools_vendor:/opt/ros/jazzy/opt/gz_ogre_next_vendor:/opt/ros/jazzy/opt/gz_dartsim_vendor:/opt/ros/jazzy/opt/gz_cmake_vendor:/home/dyddl2082/MacRobot/install/macrobot_pick_pipeline:/home/dyddl2082/MacRobot/install/pico_debug:/home/dyddl2082/MacRobot/install/macrobot_teleop:/home/dyddl2082/MacRobot/install/macrobot_arm_commissioning:/home/dyddl2082/MacRobot/install/macrobot_arm_control:/home/dyddl2082/MacRobot/install/macrobot_object_finder:/home/dyddl2082/MacRobot/install/macrobot_perception:/home/dyddl2082/MacRobot/install/depth_candidate_proposal:/home/dyddl2082/MacRobot/install/macrobot_arm_kinematics:/home/dyddl2082/MacRobot/install/d435_capture_crop:/opt/ros/jazzy PYTHONPATH=/home/dyddl2082/MacRobot/src/install/macrobot_arm_kinematics/lib/python3.12/site-packages:${PYTHONPATH} /usr/bin/cmake /home/dyddl2082/MacRobot/src/macrobot_moveit_config -DCMAKE_INSTALL_PREFIX=/home/dyddl2082/MacRobot/src/install/macrobot_moveit_config
[15.784s] DEBUG:colcon.colcon_core.event_handler.log_command:Invoked command in '/home/dyddl2082/MacRobot/src/build/macrobot_interfaces' returned '0': CMAKE_PREFIX_PATH=${CMAKE_PREFIX_PATH}:/home/dyddl2082/MacRobot/install/macrobot_pick_pipeline:/home/dyddl2082/MacRobot/install/pico_debug:/home/dyddl2082/MacRobot/install/macrobot_teleop:/home/dyddl2082/MacRobot/install/macrobot_arm_commissioning:/home/dyddl2082/MacRobot/install/macrobot_arm_control:/home/dyddl2082/MacRobot/install/macrobot_object_finder:/home/dyddl2082/MacRobot/install/macrobot_perception:/home/dyddl2082/MacRobot/install/depth_candidate_proposal:/home/dyddl2082/MacRobot/install/macrobot_arm_kinematics:/home/dyddl2082/MacRobot/install/d435_capture_crop:/opt/ros/jazzy /usr/bin/cmake /home/dyddl2082/MacRobot/src/macrobot_interfaces -DCMAKE_INSTALL_PREFIX=/home/dyddl2082/MacRobot/src/install/macrobot_interfaces
[15.786s] DEBUG:colcon.colcon_core.event_handler.log_command:Invoking command in '/home/dyddl2082/MacRobot/src/build/macrobot_interfaces': CMAKE_PREFIX_PATH=${CMAKE_PREFIX_PATH}:/home/dyddl2082/MacRobot/install/macrobot_pick_pipeline:/home/dyddl2082/MacRobot/install/pico_debug:/home/dyddl2082/MacRobot/install/macrobot_teleop:/home/dyddl2082/MacRobot/install/macrobot_arm_commissioning:/home/dyddl2082/MacRobot/install/macrobot_arm_control:/home/dyddl2082/MacRobot/install/macrobot_object_finder:/home/dyddl2082/MacRobot/install/macrobot_perception:/home/dyddl2082/MacRobot/install/depth_candidate_proposal:/home/dyddl2082/MacRobot/install/macrobot_arm_kinematics:/home/dyddl2082/MacRobot/install/d435_capture_crop:/opt/ros/jazzy /usr/bin/cmake --build /home/dyddl2082/MacRobot/src/build/macrobot_interfaces -- -j18 -l18
[19.812s] DEBUG:colcon.colcon_core.event_handler.log_command:Invoked command in '/home/dyddl2082/MacRobot/src/build/macrobot_moveit_config' returned '0': AMENT_PREFIX_PATH=/home/dyddl2082/MacRobot/src/install/macrobot_description:/home/dyddl2082/MacRobot/src/install/macrobot_arm_kinematics:${AMENT_PREFIX_PATH} CMAKE_PREFIX_PATH=/home/dyddl2082/MacRobot/src/install/macrobot_description:/home/dyddl2082/MacRobot/install/macrobot_safe_region:/home/dyddl2082/MacRobot/install/macrobot_moveit_config:/home/dyddl2082/MacRobot/install/macrobot_interfaces:/home/dyddl2082/MacRobot/install/macrobot_description:/opt/ros/jazzy/opt/gz_sim_vendor:/opt/ros/jazzy/opt/gz_sensors_vendor:/opt/ros/jazzy/opt/gz_physics_vendor:/opt/ros/jazzy/opt/sdformat_vendor:/opt/ros/jazzy/opt/gz_gui_vendor:/opt/ros/jazzy/opt/gz_transport_vendor:/opt/ros/jazzy/opt/gz_rendering_vendor:/opt/ros/jazzy/opt/gz_plugin_vendor:/opt/ros/jazzy/opt/gz_fuel_tools_vendor:/opt/ros/jazzy/opt/gz_msgs_vendor:/opt/ros/jazzy/opt/gz_common_vendor:/opt/ros/jazzy/opt/gz_math_vendor:/opt/ros/jazzy/opt/gz_utils_vendor:/opt/ros/jazzy/opt/gz_tools_vendor:/opt/ros/jazzy/opt/gz_ogre_next_vendor:/opt/ros/jazzy/opt/gz_dartsim_vendor:/opt/ros/jazzy/opt/gz_cmake_vendor:/home/dyddl2082/MacRobot/install/macrobot_pick_pipeline:/home/dyddl2082/MacRobot/install/pico_debug:/home/dyddl2082/MacRobot/install/macrobot_teleop:/home/dyddl2082/MacRobot/install/macrobot_arm_commissioning:/home/dyddl2082/MacRobot/install/macrobot_arm_control:/home/dyddl2082/MacRobot/install/macrobot_object_finder:/home/dyddl2082/MacRobot/install/macrobot_perception:/home/dyddl2082/MacRobot/install/depth_candidate_proposal:/home/dyddl2082/MacRobot/install/macrobot_arm_kinematics:/home/dyddl2082/MacRobot/install/d435_capture_crop:/opt/ros/jazzy PYTHONPATH=/home/dyddl2082/MacRobot/src/install/macrobot_arm_kinematics/lib/python3.12/site-packages:${PYTHONPATH} /usr/bin/cmake /home/dyddl2082/MacRobot/src/macrobot_moveit_config -DCMAKE_INSTALL_PREFIX=/home/dyddl2082/MacRobot/src/install/macrobot_moveit_config
[19.814s] DEBUG:colcon.colcon_core.event_handler.log_command:Invoking command in '/home/dyddl2082/MacRobot/src/build/macrobot_moveit_config': AMENT_PREFIX_PATH=/home/dyddl2082/MacRobot/src/install/macrobot_description:/home/dyddl2082/MacRobot/src/install/macrobot_arm_kinematics:${AMENT_PREFIX_PATH} CMAKE_PREFIX_PATH=/home/dyddl2082/MacRobot/src/install/macrobot_description:/home/dyddl2082/MacRobot/install/macrobot_safe_region:/home/dyddl2082/MacRobot/install/macrobot_moveit_config:/home/dyddl2082/MacRobot/install/macrobot_interfaces:/home/dyddl2082/MacRobot/install/macrobot_description:/opt/ros/jazzy/opt/gz_sim_vendor:/opt/ros/jazzy/opt/gz_sensors_vendor:/opt/ros/jazzy/opt/gz_physics_vendor:/opt/ros/jazzy/opt/sdformat_vendor:/opt/ros/jazzy/opt/gz_gui_vendor:/opt/ros/jazzy/opt/gz_transport_vendor:/opt/ros/jazzy/opt/gz_rendering_vendor:/opt/ros/jazzy/opt/gz_plugin_vendor:/opt/ros/jazzy/opt/gz_fuel_tools_vendor:/opt/ros/jazzy/opt/gz_msgs_vendor:/opt/ros/jazzy/opt/gz_common_vendor:/opt/ros/jazzy/opt/gz_math_vendor:/opt/ros/jazzy/opt/gz_utils_vendor:/opt/ros/jazzy/opt/gz_tools_vendor:/opt/ros/jazzy/opt/gz_ogre_next_vendor:/opt/ros/jazzy/opt/gz_dartsim_vendor:/opt/ros/jazzy/opt/gz_cmake_vendor:/home/dyddl2082/MacRobot/install/macrobot_pick_pipeline:/home/dyddl2082/MacRobot/install/pico_debug:/home/dyddl2082/MacRobot/install/macrobot_teleop:/home/dyddl2082/MacRobot/install/macrobot_arm_commissioning:/home/dyddl2082/MacRobot/install/macrobot_arm_control:/home/dyddl2082/MacRobot/install/macrobot_object_finder:/home/dyddl2082/MacRobot/install/macrobot_perception:/home/dyddl2082/MacRobot/install/depth_candidate_proposal:/home/dyddl2082/MacRobot/install/macrobot_arm_kinematics:/home/dyddl2082/MacRobot/install/d435_capture_crop:/opt/ros/jazzy PYTHONPATH=/home/dyddl2082/MacRobot/src/install/macrobot_arm_kinematics/lib/python3.12/site-packages:${PYTHONPATH} /usr/bin/cmake --build /home/dyddl2082/MacRobot/src/build/macrobot_moveit_config -- -j18 -l18
[19.892s] DEBUG:colcon.colcon_core.event_handler.log_command:Invoked command in '/home/dyddl2082/MacRobot/src/build/macrobot_moveit_config' returned '0': AMENT_PREFIX_PATH=/home/dyddl2082/MacRobot/src/install/macrobot_description:/home/dyddl2082/MacRobot/src/install/macrobot_arm_kinematics:${AMENT_PREFIX_PATH} CMAKE_PREFIX_PATH=/home/dyddl2082/MacRobot/src/install/macrobot_description:/home/dyddl2082/MacRobot/install/macrobot_safe_region:/home/dyddl2082/MacRobot/install/macrobot_moveit_config:/home/dyddl2082/MacRobot/install/macrobot_interfaces:/home/dyddl2082/MacRobot/install/macrobot_description:/opt/ros/jazzy/opt/gz_sim_vendor:/opt/ros/jazzy/opt/gz_sensors_vendor:/opt/ros/jazzy/opt/gz_physics_vendor:/opt/ros/jazzy/opt/sdformat_vendor:/opt/ros/jazzy/opt/gz_gui_vendor:/opt/ros/jazzy/opt/gz_transport_vendor:/opt/ros/jazzy/opt/gz_rendering_vendor:/opt/ros/jazzy/opt/gz_plugin_vendor:/opt/ros/jazzy/opt/gz_fuel_tools_vendor:/opt/ros/jazzy/opt/gz_msgs_vendor:/opt/ros/jazzy/opt/gz_common_vendor:/opt/ros/jazzy/opt/gz_math_vendor:/opt/ros/jazzy/opt/gz_utils_vendor:/opt/ros/jazzy/opt/gz_tools_vendor:/opt/ros/jazzy/opt/gz_ogre_next_vendor:/opt/ros/jazzy/opt/gz_dartsim_vendor:/opt/ros/jazzy/opt/gz_cmake_vendor:/home/dyddl2082/MacRobot/install/macrobot_pick_pipeline:/home/dyddl2082/MacRobot/install/pico_debug:/home/dyddl2082/MacRobot/install/macrobot_teleop:/home/dyddl2082/MacRobot/install/macrobot_arm_commissioning:/home/dyddl2082/MacRobot/install/macrobot_arm_control:/home/dyddl2082/MacRobot/install/macrobot_object_finder:/home/dyddl2082/MacRobot/install/macrobot_perception:/home/dyddl2082/MacRobot/install/depth_candidate_proposal:/home/dyddl2082/MacRobot/install/macrobot_arm_kinematics:/home/dyddl2082/MacRobot/install/d435_capture_crop:/opt/ros/jazzy PYTHONPATH=/home/dyddl2082/MacRobot/src/install/macrobot_arm_kinematics/lib/python3.12/site-packages:${PYTHONPATH} /usr/bin/cmake --build /home/dyddl2082/MacRobot/src/build/macrobot_moveit_config -- -j18 -l18
[19.899s] DEBUG:colcon.colcon_core.event_handler.log_command:Invoking command in '/home/dyddl2082/MacRobot/src/build/macrobot_moveit_config': AMENT_PREFIX_PATH=/home/dyddl2082/MacRobot/src/install/macrobot_description:/home/dyddl2082/MacRobot/src/install/macrobot_arm_kinematics:${AMENT_PREFIX_PATH} CMAKE_PREFIX_PATH=/home/dyddl2082/MacRobot/src/install/macrobot_description:/home/dyddl2082/MacRobot/install/macrobot_safe_region:/home/dyddl2082/MacRobot/install/macrobot_moveit_config:/home/dyddl2082/MacRobot/install/macrobot_interfaces:/home/dyddl2082/MacRobot/install/macrobot_description:/opt/ros/jazzy/opt/gz_sim_vendor:/opt/ros/jazzy/opt/gz_sensors_vendor:/opt/ros/jazzy/opt/gz_physics_vendor:/opt/ros/jazzy/opt/sdformat_vendor:/opt/ros/jazzy/opt/gz_gui_vendor:/opt/ros/jazzy/opt/gz_transport_vendor:/opt/ros/jazzy/opt/gz_rendering_vendor:/opt/ros/jazzy/opt/gz_plugin_vendor:/opt/ros/jazzy/opt/gz_fuel_tools_vendor:/opt/ros/jazzy/opt/gz_msgs_vendor:/opt/ros/jazzy/opt/gz_common_vendor:/opt/ros/jazzy/opt/gz_math_vendor:/opt/ros/jazzy/opt/gz_utils_vendor:/opt/ros/jazzy/opt/gz_tools_vendor:/opt/ros/jazzy/opt/gz_ogre_next_vendor:/opt/ros/jazzy/opt/gz_dartsim_vendor:/opt/ros/jazzy/opt/gz_cmake_vendor:/home/dyddl2082/MacRobot/install/macrobot_pick_pipeline:/home/dyddl2082/MacRobot/install/pico_debug:/home/dyddl2082/MacRobot/install/macrobot_teleop:/home/dyddl2082/MacRobot/install/macrobot_arm_commissioning:/home/dyddl2082/MacRobot/install/macrobot_arm_control:/home/dyddl2082/MacRobot/install/macrobot_object_finder:/home/dyddl2082/MacRobot/install/macrobot_perception:/home/dyddl2082/MacRobot/install/depth_candidate_proposal:/home/dyddl2082/MacRobot/install/macrobot_arm_kinematics:/home/dyddl2082/MacRobot/install/d435_capture_crop:/opt/ros/jazzy PYTHONPATH=/home/dyddl2082/MacRobot/src/install/macrobot_arm_kinematics/lib/python3.12/site-packages:${PYTHONPATH} /usr/bin/cmake --install /home/dyddl2082/MacRobot/src/build/macrobot_moveit_config
[19.933s] Level 1:colcon.colcon_core.environment:create_environment_scripts_only(macrobot_moveit_config)
[19.933s] Level 1:colcon.colcon_core.environment:checking '/home/dyddl2082/MacRobot/src/install/macrobot_moveit_config' for CMake module files
[19.934s] DEBUG:colcon.colcon_core.event_handler.log_command:Invoked command in '/home/dyddl2082/MacRobot/src/build/macrobot_moveit_config' returned '0': AMENT_PREFIX_PATH=/home/dyddl2082/MacRobot/src/install/macrobot_description:/home/dyddl2082/MacRobot/src/install/macrobot_arm_kinematics:${AMENT_PREFIX_PATH} CMAKE_PREFIX_PATH=/home/dyddl2082/MacRobot/src/install/macrobot_description:/home/dyddl2082/MacRobot/install/macrobot_safe_region:/home/dyddl2082/MacRobot/install/macrobot_moveit_config:/home/dyddl2082/MacRobot/install/macrobot_interfaces:/home/dyddl2082/MacRobot/install/macrobot_description:/opt/ros/jazzy/opt/gz_sim_vendor:/opt/ros/jazzy/opt/gz_sensors_vendor:/opt/ros/jazzy/opt/gz_physics_vendor:/opt/ros/jazzy/opt/sdformat_vendor:/opt/ros/jazzy/opt/gz_gui_vendor:/opt/ros/jazzy/opt/gz_transport_vendor:/opt/ros/jazzy/opt/gz_rendering_vendor:/opt/ros/jazzy/opt/gz_plugin_vendor:/opt/ros/jazzy/opt/gz_fuel_tools_vendor:/opt/ros/jazzy/opt/gz_msgs_vendor:/opt/ros/jazzy/opt/gz_common_vendor:/opt/ros/jazzy/opt/gz_math_vendor:/opt/ros/jazzy/opt/gz_utils_vendor:/opt/ros/jazzy/opt/gz_tools_vendor:/opt/ros/jazzy/opt/gz_ogre_next_vendor:/opt/ros/jazzy/opt/gz_dartsim_vendor:/opt/ros/jazzy/opt/gz_cmake_vendor:/home/dyddl2082/MacRobot/install/macrobot_pick_pipeline:/home/dyddl2082/MacRobot/install/pico_debug:/home/dyddl2082/MacRobot/install/macrobot_teleop:/home/dyddl2082/MacRobot/install/macrobot_arm_commissioning:/home/dyddl2082/MacRobot/install/macrobot_arm_control:/home/dyddl2082/MacRobot/install/macrobot_object_finder:/home/dyddl2082/MacRobot/install/macrobot_perception:/home/dyddl2082/MacRobot/install/depth_candidate_proposal:/home/dyddl2082/MacRobot/install/macrobot_arm_kinematics:/home/dyddl2082/MacRobot/install/d435_capture_crop:/opt/ros/jazzy PYTHONPATH=/home/dyddl2082/MacRobot/src/install/macrobot_arm_kinematics/lib/python3.12/site-packages:${PYTHONPATH} /usr/bin/cmake --install /home/dyddl2082/MacRobot/src/build/macrobot_moveit_config
[19.935s] Level 1:colcon.colcon_core.environment:checking '/home/dyddl2082/MacRobot/src/install/macrobot_moveit_config' for CMake config files
[19.935s] Level 1:colcon.colcon_core.shell:create_environment_hook('macrobot_moveit_config', 'cmake_prefix_path')
[19.936s] INFO:colcon.colcon_core.shell:Creating environment hook '/home/dyddl2082/MacRobot/src/install/macrobot_moveit_config/share/macrobot_moveit_config/hook/cmake_prefix_path.ps1'
[19.936s] INFO:colcon.colcon_core.shell:Creating environment descriptor '/home/dyddl2082/MacRobot/src/install/macrobot_moveit_config/share/macrobot_moveit_config/hook/cmake_prefix_path.dsv'
[19.937s] INFO:colcon.colcon_core.shell:Creating environment hook '/home/dyddl2082/MacRobot/src/install/macrobot_moveit_config/share/macrobot_moveit_config/hook/cmake_prefix_path.sh'
[19.938s] Level 1:colcon.colcon_core.environment:checking '/home/dyddl2082/MacRobot/src/install/macrobot_moveit_config/bin'
[19.938s] Level 1:colcon.colcon_core.environment:checking '/home/dyddl2082/MacRobot/src/install/macrobot_moveit_config/lib/pkgconfig/macrobot_moveit_config.pc'
[19.938s] Level 1:colcon.colcon_core.environment:checking '/home/dyddl2082/MacRobot/src/install/macrobot_moveit_config/lib/python3.12/site-packages'
[19.939s] Level 1:colcon.colcon_core.environment:checking '/home/dyddl2082/MacRobot/src/install/macrobot_moveit_config/bin'
[19.939s] INFO:colcon.colcon_core.shell:Creating package script '/home/dyddl2082/MacRobot/src/install/macrobot_moveit_config/share/macrobot_moveit_config/package.ps1'
[19.940s] INFO:colcon.colcon_core.shell:Creating package descriptor '/home/dyddl2082/MacRobot/src/install/macrobot_moveit_config/share/macrobot_moveit_config/package.dsv'
[19.941s] INFO:colcon.colcon_core.shell:Creating package script '/home/dyddl2082/MacRobot/src/install/macrobot_moveit_config/share/macrobot_moveit_config/package.sh'
[19.942s] INFO:colcon.colcon_core.shell:Creating package script '/home/dyddl2082/MacRobot/src/install/macrobot_moveit_config/share/macrobot_moveit_config/package.bash'
[19.944s] INFO:colcon.colcon_core.shell:Creating package script '/home/dyddl2082/MacRobot/src/install/macrobot_moveit_config/share/macrobot_moveit_config/package.zsh'
[19.946s] Level 1:colcon.colcon_core.environment:create_file_with_runtime_dependencies(/home/dyddl2082/MacRobot/src/install/macrobot_moveit_config/share/colcon-core/packages/macrobot_moveit_config)
[19.951s] Level 1:colcon.colcon_core.environment:create_environment_scripts_only(macrobot_moveit_config)
[19.952s] Level 1:colcon.colcon_core.environment:checking '/home/dyddl2082/MacRobot/src/install/macrobot_moveit_config' for CMake module files
[19.956s] Level 1:colcon.colcon_core.environment:checking '/home/dyddl2082/MacRobot/src/install/macrobot_moveit_config' for CMake config files
[19.958s] Level 1:colcon.colcon_core.shell:create_environment_hook('macrobot_moveit_config', 'cmake_prefix_path')
[19.959s] INFO:colcon.colcon_core.shell:Creating environment hook '/home/dyddl2082/MacRobot/src/install/macrobot_moveit_config/share/macrobot_moveit_config/hook/cmake_prefix_path.ps1'
[19.961s] INFO:colcon.colcon_core.shell:Creating environment descriptor '/home/dyddl2082/MacRobot/src/install/macrobot_moveit_config/share/macrobot_moveit_config/hook/cmake_prefix_path.dsv'
[19.962s] INFO:colcon.colcon_core.shell:Creating environment hook '/home/dyddl2082/MacRobot/src/install/macrobot_moveit_config/share/macrobot_moveit_config/hook/cmake_prefix_path.sh'
[19.963s] Level 1:colcon.colcon_core.environment:checking '/home/dyddl2082/MacRobot/src/install/macrobot_moveit_config/bin'
[19.963s] Level 1:colcon.colcon_core.environment:checking '/home/dyddl2082/MacRobot/src/install/macrobot_moveit_config/lib/pkgconfig/macrobot_moveit_config.pc'
[19.964s] Level 1:colcon.colcon_core.environment:checking '/home/dyddl2082/MacRobot/src/install/macrobot_moveit_config/lib/python3.12/site-packages'
[19.964s] Level 1:colcon.colcon_core.environment:checking '/home/dyddl2082/MacRobot/src/install/macrobot_moveit_config/bin'
[19.965s] INFO:colcon.colcon_core.shell:Creating package script '/home/dyddl2082/MacRobot/src/install/macrobot_moveit_config/share/macrobot_moveit_config/package.ps1'
[19.966s] INFO:colcon.colcon_core.shell:Creating package descriptor '/home/dyddl2082/MacRobot/src/install/macrobot_moveit_config/share/macrobot_moveit_config/package.dsv'
[19.967s] INFO:colcon.colcon_core.shell:Creating package script '/home/dyddl2082/MacRobot/src/install/macrobot_moveit_config/share/macrobot_moveit_config/package.sh'
[19.968s] INFO:colcon.colcon_core.shell:Creating package script '/home/dyddl2082/MacRobot/src/install/macrobot_moveit_config/share/macrobot_moveit_config/package.bash'
[19.968s] INFO:colcon.colcon_core.shell:Creating package script '/home/dyddl2082/MacRobot/src/install/macrobot_moveit_config/share/macrobot_moveit_config/package.zsh'
[19.968s] Level 1:colcon.colcon_core.environment:create_file_with_runtime_dependencies(/home/dyddl2082/MacRobot/src/install/macrobot_moveit_config/share/colcon-core/packages/macrobot_moveit_config)
[19.969s] INFO:colcon.colcon_ros.task.ament_cmake.build:Building ROS package in '/home/dyddl2082/MacRobot/src/macrobot_safe_region' with build type 'ament_cmake'
[19.970s] INFO:colcon.colcon_cmake.task.cmake.build:Building CMake package in '/home/dyddl2082/MacRobot/src/macrobot_safe_region'
[19.970s] INFO:colcon.colcon_core.shell:Skip shell extension 'powershell' for command environment: Not usable outside of PowerShell
[19.970s] DEBUG:colcon.colcon_core.shell:Skip shell extension 'dsv' for command environment
[20.698s] DEBUG:colcon.colcon_core.event_handler.log_command:Invoking command in '/home/dyddl2082/MacRobot/src/build/macrobot_safe_region': AMENT_PREFIX_PATH=/home/dyddl2082/MacRobot/src/install/macrobot_moveit_config:/home/dyddl2082/MacRobot/src/install/macrobot_description:/home/dyddl2082/MacRobot/src/install/macrobot_arm_kinematics:${AMENT_PREFIX_PATH} CMAKE_PREFIX_PATH=/home/dyddl2082/MacRobot/src/install/macrobot_moveit_config:/home/dyddl2082/MacRobot/src/install/macrobot_description:/home/dyddl2082/MacRobot/install/macrobot_safe_region:/home/dyddl2082/MacRobot/install/macrobot_moveit_config:/home/dyddl2082/MacRobot/install/macrobot_interfaces:/home/dyddl2082/MacRobot/install/macrobot_description:/opt/ros/jazzy/opt/gz_sim_vendor:/opt/ros/jazzy/opt/gz_sensors_vendor:/opt/ros/jazzy/opt/gz_physics_vendor:/opt/ros/jazzy/opt/sdformat_vendor:/opt/ros/jazzy/opt/gz_gui_vendor:/opt/ros/jazzy/opt/gz_transport_vendor:/opt/ros/jazzy/opt/gz_rendering_vendor:/opt/ros/jazzy/opt/gz_plugin_vendor:/opt/ros/jazzy/opt/gz_fuel_tools_vendor:/opt/ros/jazzy/opt/gz_msgs_vendor:/opt/ros/jazzy/opt/gz_common_vendor:/opt/ros/jazzy/opt/gz_math_vendor:/opt/ros/jazzy/opt/gz_utils_vendor:/opt/ros/jazzy/opt/gz_tools_vendor:/opt/ros/jazzy/opt/gz_ogre_next_vendor:/opt/ros/jazzy/opt/gz_dartsim_vendor:/opt/ros/jazzy/opt/gz_cmake_vendor:/home/dyddl2082/MacRobot/install/macrobot_pick_pipeline:/home/dyddl2082/MacRobot/install/pico_debug:/home/dyddl2082/MacRobot/install/macrobot_teleop:/home/dyddl2082/MacRobot/install/macrobot_arm_commissioning:/home/dyddl2082/MacRobot/install/macrobot_arm_control:/home/dyddl2082/MacRobot/install/macrobot_object_finder:/home/dyddl2082/MacRobot/install/macrobot_perception:/home/dyddl2082/MacRobot/install/depth_candidate_proposal:/home/dyddl2082/MacRobot/install/macrobot_arm_kinematics:/home/dyddl2082/MacRobot/install/d435_capture_crop:/opt/ros/jazzy PYTHONPATH=/home/dyddl2082/MacRobot/src/install/macrobot_arm_kinematics/lib/python3.12/site-packages:${PYTHONPATH} /usr/bin/cmake /home/dyddl2082/MacRobot/src/macrobot_safe_region -DCMAKE_INSTALL_PREFIX=/home/dyddl2082/MacRobot/src/install/macrobot_safe_region
[33.316s] DEBUG:colcon.colcon_core.event_handler.log_command:Invoked command in '/home/dyddl2082/MacRobot/src/build/macrobot_interfaces' returned '0': CMAKE_PREFIX_PATH=${CMAKE_PREFIX_PATH}:/home/dyddl2082/MacRobot/install/macrobot_pick_pipeline:/home/dyddl2082/MacRobot/install/pico_debug:/home/dyddl2082/MacRobot/install/macrobot_teleop:/home/dyddl2082/MacRobot/install/macrobot_arm_commissioning:/home/dyddl2082/MacRobot/install/macrobot_arm_control:/home/dyddl2082/MacRobot/install/macrobot_object_finder:/home/dyddl2082/MacRobot/install/macrobot_perception:/home/dyddl2082/MacRobot/install/depth_candidate_proposal:/home/dyddl2082/MacRobot/install/macrobot_arm_kinematics:/home/dyddl2082/MacRobot/install/d435_capture_crop:/opt/ros/jazzy /usr/bin/cmake --build /home/dyddl2082/MacRobot/src/build/macrobot_interfaces -- -j18 -l18
[33.318s] DEBUG:colcon.colcon_core.event_handler.log_command:Invoking command in '/home/dyddl2082/MacRobot/src/build/macrobot_interfaces': CMAKE_PREFIX_PATH=${CMAKE_PREFIX_PATH}:/home/dyddl2082/MacRobot/install/macrobot_pick_pipeline:/home/dyddl2082/MacRobot/install/pico_debug:/home/dyddl2082/MacRobot/install/macrobot_teleop:/home/dyddl2082/MacRobot/install/macrobot_arm_commissioning:/home/dyddl2082/MacRobot/install/macrobot_arm_control:/home/dyddl2082/MacRobot/install/macrobot_object_finder:/home/dyddl2082/MacRobot/install/macrobot_perception:/home/dyddl2082/MacRobot/install/depth_candidate_proposal:/home/dyddl2082/MacRobot/install/macrobot_arm_kinematics:/home/dyddl2082/MacRobot/install/d435_capture_crop:/opt/ros/jazzy /usr/bin/cmake --install /home/dyddl2082/MacRobot/src/build/macrobot_interfaces
[33.688s] Level 1:colcon.colcon_core.environment:create_environment_scripts_only(macrobot_interfaces)
[33.689s] Level 1:colcon.colcon_core.environment:checking '/home/dyddl2082/MacRobot/src/install/macrobot_interfaces' for CMake module files
[33.689s] DEBUG:colcon.colcon_core.event_handler.log_command:Invoked command in '/home/dyddl2082/MacRobot/src/build/macrobot_interfaces' returned '0': CMAKE_PREFIX_PATH=${CMAKE_PREFIX_PATH}:/home/dyddl2082/MacRobot/install/macrobot_pick_pipeline:/home/dyddl2082/MacRobot/install/pico_debug:/home/dyddl2082/MacRobot/install/macrobot_teleop:/home/dyddl2082/MacRobot/install/macrobot_arm_commissioning:/home/dyddl2082/MacRobot/install/macrobot_arm_control:/home/dyddl2082/MacRobot/install/macrobot_object_finder:/home/dyddl2082/MacRobot/install/macrobot_perception:/home/dyddl2082/MacRobot/install/depth_candidate_proposal:/home/dyddl2082/MacRobot/install/macrobot_arm_kinematics:/home/dyddl2082/MacRobot/install/d435_capture_crop:/opt/ros/jazzy /usr/bin/cmake --install /home/dyddl2082/MacRobot/src/build/macrobot_interfaces
[33.690s] Level 1:colcon.colcon_core.environment:checking '/home/dyddl2082/MacRobot/src/install/macrobot_interfaces' for CMake config files
[33.690s] Level 1:colcon.colcon_core.shell:create_environment_hook('macrobot_interfaces', 'cmake_prefix_path')
[33.690s] INFO:colcon.colcon_core.shell:Creating environment hook '/home/dyddl2082/MacRobot/src/install/macrobot_interfaces/share/macrobot_interfaces/hook/cmake_prefix_path.ps1'
[33.691s] INFO:colcon.colcon_core.shell:Creating environment descriptor '/home/dyddl2082/MacRobot/src/install/macrobot_interfaces/share/macrobot_interfaces/hook/cmake_prefix_path.dsv'
[33.692s] INFO:colcon.colcon_core.shell:Creating environment hook '/home/dyddl2082/MacRobot/src/install/macrobot_interfaces/share/macrobot_interfaces/hook/cmake_prefix_path.sh'
[33.693s] Level 1:colcon.colcon_core.environment:checking '/home/dyddl2082/MacRobot/src/install/macrobot_interfaces/lib'
[33.693s] Level 1:colcon.colcon_core.shell:create_environment_hook('macrobot_interfaces', 'ld_library_path_lib')
[33.693s] INFO:colcon.colcon_core.shell:Creating environment hook '/home/dyddl2082/MacRobot/src/install/macrobot_interfaces/share/macrobot_interfaces/hook/ld_library_path_lib.ps1'
[33.693s] INFO:colcon.colcon_core.shell:Creating environment descriptor '/home/dyddl2082/MacRobot/src/install/macrobot_interfaces/share/macrobot_interfaces/hook/ld_library_path_lib.dsv'
[33.694s] INFO:colcon.colcon_core.shell:Creating environment hook '/home/dyddl2082/MacRobot/src/install/macrobot_interfaces/share/macrobot_interfaces/hook/ld_library_path_lib.sh'
[33.694s] Level 1:colcon.colcon_core.environment:checking '/home/dyddl2082/MacRobot/src/install/macrobot_interfaces/bin'
[33.694s] Level 1:colcon.colcon_core.environment:checking '/home/dyddl2082/MacRobot/src/install/macrobot_interfaces/lib/pkgconfig/macrobot_interfaces.pc'
[33.694s] Level 1:colcon.colcon_core.environment:checking '/home/dyddl2082/MacRobot/src/install/macrobot_interfaces/lib/python3.12/site-packages'
[33.694s] Level 1:colcon.colcon_core.shell:create_environment_hook('macrobot_interfaces', 'pythonpath')
[33.694s] INFO:colcon.colcon_core.shell:Creating environment hook '/home/dyddl2082/MacRobot/src/install/macrobot_interfaces/share/macrobot_interfaces/hook/pythonpath.ps1'
[33.695s] INFO:colcon.colcon_core.shell:Creating environment descriptor '/home/dyddl2082/MacRobot/src/install/macrobot_interfaces/share/macrobot_interfaces/hook/pythonpath.dsv'
[33.695s] INFO:colcon.colcon_core.shell:Creating environment hook '/home/dyddl2082/MacRobot/src/install/macrobot_interfaces/share/macrobot_interfaces/hook/pythonpath.sh'
[33.695s] Level 1:colcon.colcon_core.environment:checking '/home/dyddl2082/MacRobot/src/install/macrobot_interfaces/bin'
[33.696s] INFO:colcon.colcon_core.shell:Creating package script '/home/dyddl2082/MacRobot/src/install/macrobot_interfaces/share/macrobot_interfaces/package.ps1'
[33.696s] INFO:colcon.colcon_core.shell:Creating package descriptor '/home/dyddl2082/MacRobot/src/install/macrobot_interfaces/share/macrobot_interfaces/package.dsv'
[33.696s] INFO:colcon.colcon_core.shell:Creating package script '/home/dyddl2082/MacRobot/src/install/macrobot_interfaces/share/macrobot_interfaces/package.sh'
[33.697s] INFO:colcon.colcon_core.shell:Creating package script '/home/dyddl2082/MacRobot/src/install/macrobot_interfaces/share/macrobot_interfaces/package.bash'
[33.697s] INFO:colcon.colcon_core.shell:Creating package script '/home/dyddl2082/MacRobot/src/install/macrobot_interfaces/share/macrobot_interfaces/package.zsh'
[33.697s] Level 1:colcon.colcon_core.environment:create_file_with_runtime_dependencies(/home/dyddl2082/MacRobot/src/install/macrobot_interfaces/share/colcon-core/packages/macrobot_interfaces)
[33.698s] Level 1:colcon.colcon_core.environment:create_environment_scripts_only(macrobot_interfaces)
[33.698s] Level 1:colcon.colcon_core.environment:checking '/home/dyddl2082/MacRobot/src/install/macrobot_interfaces' for CMake module files
[33.699s] Level 1:colcon.colcon_core.environment:checking '/home/dyddl2082/MacRobot/src/install/macrobot_interfaces' for CMake config files
[33.699s] Level 1:colcon.colcon_core.shell:create_environment_hook('macrobot_interfaces', 'cmake_prefix_path')
[33.699s] INFO:colcon.colcon_core.shell:Creating environment hook '/home/dyddl2082/MacRobot/src/install/macrobot_interfaces/share/macrobot_interfaces/hook/cmake_prefix_path.ps1'
[33.700s] INFO:colcon.colcon_core.shell:Creating environment descriptor '/home/dyddl2082/MacRobot/src/install/macrobot_interfaces/share/macrobot_interfaces/hook/cmake_prefix_path.dsv'
[33.700s] INFO:colcon.colcon_core.shell:Creating environment hook '/home/dyddl2082/MacRobot/src/install/macrobot_interfaces/share/macrobot_interfaces/hook/cmake_prefix_path.sh'
[33.701s] Level 1:colcon.colcon_core.environment:checking '/home/dyddl2082/MacRobot/src/install/macrobot_interfaces/lib'
[33.701s] Level 1:colcon.colcon_core.shell:create_environment_hook('macrobot_interfaces', 'ld_library_path_lib')
[33.701s] INFO:colcon.colcon_core.shell:Creating environment hook '/home/dyddl2082/MacRobot/src/install/macrobot_interfaces/share/macrobot_interfaces/hook/ld_library_path_lib.ps1'
[33.701s] INFO:colcon.colcon_core.shell:Creating environment descriptor '/home/dyddl2082/MacRobot/src/install/macrobot_interfaces/share/macrobot_interfaces/hook/ld_library_path_lib.dsv'
[33.702s] INFO:colcon.colcon_core.shell:Creating environment hook '/home/dyddl2082/MacRobot/src/install/macrobot_interfaces/share/macrobot_interfaces/hook/ld_library_path_lib.sh'
[33.702s] Level 1:colcon.colcon_core.environment:checking '/home/dyddl2082/MacRobot/src/install/macrobot_interfaces/bin'
[33.702s] Level 1:colcon.colcon_core.environment:checking '/home/dyddl2082/MacRobot/src/install/macrobot_interfaces/lib/pkgconfig/macrobot_interfaces.pc'
[33.703s] Level 1:colcon.colcon_core.environment:checking '/home/dyddl2082/MacRobot/src/install/macrobot_interfaces/lib/python3.12/site-packages'
[33.703s] Level 1:colcon.colcon_core.shell:create_environment_hook('macrobot_interfaces', 'pythonpath')
[33.703s] INFO:colcon.colcon_core.shell:Creating environment hook '/home/dyddl2082/MacRobot/src/install/macrobot_interfaces/share/macrobot_interfaces/hook/pythonpath.ps1'
[33.703s] INFO:colcon.colcon_core.shell:Creating environment descriptor '/home/dyddl2082/MacRobot/src/install/macrobot_interfaces/share/macrobot_interfaces/hook/pythonpath.dsv'
[33.704s] INFO:colcon.colcon_core.shell:Creating environment hook '/home/dyddl2082/MacRobot/src/install/macrobot_interfaces/share/macrobot_interfaces/hook/pythonpath.sh'
[33.705s] Level 1:colcon.colcon_core.environment:checking '/home/dyddl2082/MacRobot/src/install/macrobot_interfaces/bin'
[33.705s] INFO:colcon.colcon_core.shell:Creating package script '/home/dyddl2082/MacRobot/src/install/macrobot_interfaces/share/macrobot_interfaces/package.ps1'
[33.706s] INFO:colcon.colcon_core.shell:Creating package descriptor '/home/dyddl2082/MacRobot/src/install/macrobot_interfaces/share/macrobot_interfaces/package.dsv'
[33.707s] INFO:colcon.colcon_core.shell:Creating package script '/home/dyddl2082/MacRobot/src/install/macrobot_interfaces/share/macrobot_interfaces/package.sh'
[33.709s] INFO:colcon.colcon_core.shell:Creating package script '/home/dyddl2082/MacRobot/src/install/macrobot_interfaces/share/macrobot_interfaces/package.bash'
[33.710s] INFO:colcon.colcon_core.shell:Creating package script '/home/dyddl2082/MacRobot/src/install/macrobot_interfaces/share/macrobot_interfaces/package.zsh'
[33.713s] Level 1:colcon.colcon_core.environment:create_file_with_runtime_dependencies(/home/dyddl2082/MacRobot/src/install/macrobot_interfaces/share/colcon-core/packages/macrobot_interfaces)
[33.714s] INFO:colcon.colcon_ros.task.ament_python.build:Building ROS package in '/home/dyddl2082/MacRobot/src/macrobot_perception' with build type 'ament_python'
[33.714s] Level 1:colcon.colcon_core.shell:create_environment_hook('macrobot_perception', 'ament_prefix_path')
[33.715s] INFO:colcon.colcon_core.shell:Creating environment hook '/home/dyddl2082/MacRobot/src/install/macrobot_perception/share/macrobot_perception/hook/ament_prefix_path.ps1'
[33.728s] INFO:colcon.colcon_core.shell:Creating environment descriptor '/home/dyddl2082/MacRobot/src/install/macrobot_perception/share/macrobot_perception/hook/ament_prefix_path.dsv'
[33.731s] INFO:colcon.colcon_core.shell:Creating environment hook '/home/dyddl2082/MacRobot/src/install/macrobot_perception/share/macrobot_perception/hook/ament_prefix_path.sh'
[33.737s] INFO:colcon.colcon_core.shell:Skip shell extension 'powershell' for command environment: Not usable outside of PowerShell
[33.737s] DEBUG:colcon.colcon_core.shell:Skip shell extension 'dsv' for command environment
[33.746s] INFO:colcon.colcon_ros.task.ament_python.build:Building ROS package in '/home/dyddl2082/MacRobot/src/depth_candidate_proposal' with build type 'ament_python'
[33.747s] Level 1:colcon.colcon_core.shell:create_environment_hook('depth_candidate_proposal', 'ament_prefix_path')
[33.747s] INFO:colcon.colcon_core.shell:Creating environment hook '/home/dyddl2082/MacRobot/src/install/depth_candidate_proposal/share/depth_candidate_proposal/hook/ament_prefix_path.ps1'
[33.749s] INFO:colcon.colcon_core.shell:Creating environment descriptor '/home/dyddl2082/MacRobot/src/install/depth_candidate_proposal/share/depth_candidate_proposal/hook/ament_prefix_path.dsv'
[33.749s] INFO:colcon.colcon_core.shell:Creating environment hook '/home/dyddl2082/MacRobot/src/install/depth_candidate_proposal/share/depth_candidate_proposal/hook/ament_prefix_path.sh'
[33.750s] INFO:colcon.colcon_core.shell:Skip shell extension 'powershell' for command environment: Not usable outside of PowerShell
[33.750s] DEBUG:colcon.colcon_core.shell:Skip shell extension 'dsv' for command environment
[34.812s] INFO:colcon.colcon_core.task.python.build:Building Python package in '/home/dyddl2082/MacRobot/src/macrobot_perception'
[34.813s] INFO:colcon.colcon_core.shell:Skip shell extension 'powershell' for command environment: Not usable outside of PowerShell
[34.813s] DEBUG:colcon.colcon_core.shell:Skip shell extension 'dsv' for command environment
[35.389s] INFO:colcon.colcon_core.task.python.build:Building Python package in '/home/dyddl2082/MacRobot/src/depth_candidate_proposal'
[35.389s] INFO:colcon.colcon_core.shell:Skip shell extension 'powershell' for command environment: Not usable outside of PowerShell
[35.389s] DEBUG:colcon.colcon_core.shell:Skip shell extension 'dsv' for command environment
[37.113s] DEBUG:colcon.colcon_core.task.python.build:Available setuptools commands: update_catalog, egg_info, install, dist_info, install_egg_info, install_data, install_headers, editable_wheel, bdist_dumb, check, extract_messages, clean, symlink_data, install_lib, setopt, saveopts, bdist_egg, upload_docs, register, alias, bdist, bdist_rpm, upload, install_scripts, easy_install, build_clib, test, build_ext, init_catalog, compile_catalog, rotate, sdist, bdist_wheel, develop, build, build_scripts, build_py
[37.120s] DEBUG:colcon.colcon_core.event_handler.log_command:Invoking command in '/home/dyddl2082/MacRobot/src/macrobot_perception': AMENT_PREFIX_PATH=/home/dyddl2082/MacRobot/src/install/macrobot_interfaces:${AMENT_PREFIX_PATH} CMAKE_PREFIX_PATH=/home/dyddl2082/MacRobot/src/install/macrobot_interfaces:${CMAKE_PREFIX_PATH} LD_LIBRARY_PATH=/home/dyddl2082/MacRobot/src/install/macrobot_interfaces/lib:${LD_LIBRARY_PATH} PYTHONPATH=/home/dyddl2082/MacRobot/src/build/macrobot_perception/prefix_override:/usr/lib/python3/dist-packages/colcon_core/task/python/colcon_distutils_commands:/home/dyddl2082/MacRobot/src/install/macrobot_perception/lib/python3.12/site-packages:/home/dyddl2082/MacRobot/src/install/macrobot_interfaces/lib/python3.12/site-packages:${PYTHONPATH} /usr/bin/python3 -W ignore:setup.py install is deprecated -W ignore:easy_install command is deprecated setup.py egg_info --egg-base ../build/macrobot_perception build --build-base /home/dyddl2082/MacRobot/src/build/macrobot_perception/build install --record /home/dyddl2082/MacRobot/src/build/macrobot_perception/install.log --install-scripts $base/lib/macrobot_perception --single-version-externally-managed install_data
[37.498s] DEBUG:colcon.colcon_core.task.python.build:Available setuptools commands: update_catalog, egg_info, install, dist_info, install_egg_info, install_data, install_headers, editable_wheel, bdist_dumb, check, extract_messages, clean, symlink_data, install_lib, setopt, saveopts, bdist_egg, upload_docs, register, alias, bdist, bdist_rpm, upload, install_scripts, easy_install, build_clib, test, build_ext, init_catalog, compile_catalog, rotate, sdist, bdist_wheel, develop, build, build_scripts, build_py
[37.501s] DEBUG:colcon.colcon_core.event_handler.log_command:Invoking command in '/home/dyddl2082/MacRobot/src/depth_candidate_proposal': AMENT_PREFIX_PATH=/home/dyddl2082/MacRobot/src/install/macrobot_interfaces:${AMENT_PREFIX_PATH} CMAKE_PREFIX_PATH=/home/dyddl2082/MacRobot/src/install/macrobot_interfaces:${CMAKE_PREFIX_PATH} LD_LIBRARY_PATH=/home/dyddl2082/MacRobot/src/install/macrobot_interfaces/lib:${LD_LIBRARY_PATH} PYTHONPATH=/home/dyddl2082/MacRobot/src/build/depth_candidate_proposal/prefix_override:/usr/lib/python3/dist-packages/colcon_core/task/python/colcon_distutils_commands:/home/dyddl2082/MacRobot/src/install/depth_candidate_proposal/lib/python3.12/site-packages:/home/dyddl2082/MacRobot/src/install/macrobot_interfaces/lib/python3.12/site-packages:${PYTHONPATH} /usr/bin/python3 -W ignore:setup.py install is deprecated -W ignore:easy_install command is deprecated setup.py egg_info --egg-base ../build/depth_candidate_proposal build --build-base /home/dyddl2082/MacRobot/src/build/depth_candidate_proposal/build install --record /home/dyddl2082/MacRobot/src/build/depth_candidate_proposal/install.log --install-scripts $base/lib/depth_candidate_proposal --single-version-externally-managed install_data
[38.727s] Level 1:colcon.colcon_core.environment:checking '/home/dyddl2082/MacRobot/src/install/macrobot_perception' for CMake module files
[38.728s] DEBUG:colcon.colcon_core.event_handler.log_command:Invoked command in '/home/dyddl2082/MacRobot/src/macrobot_perception' returned '0': AMENT_PREFIX_PATH=/home/dyddl2082/MacRobot/src/install/macrobot_interfaces:${AMENT_PREFIX_PATH} CMAKE_PREFIX_PATH=/home/dyddl2082/MacRobot/src/install/macrobot_interfaces:${CMAKE_PREFIX_PATH} LD_LIBRARY_PATH=/home/dyddl2082/MacRobot/src/install/macrobot_interfaces/lib:${LD_LIBRARY_PATH} PYTHONPATH=/home/dyddl2082/MacRobot/src/build/macrobot_perception/prefix_override:/usr/lib/python3/dist-packages/colcon_core/task/python/colcon_distutils_commands:/home/dyddl2082/MacRobot/src/install/macrobot_perception/lib/python3.12/site-packages:/home/dyddl2082/MacRobot/src/install/macrobot_interfaces/lib/python3.12/site-packages:${PYTHONPATH} /usr/bin/python3 -W ignore:setup.py install is deprecated -W ignore:easy_install command is deprecated setup.py egg_info --egg-base ../build/macrobot_perception build --build-base /home/dyddl2082/MacRobot/src/build/macrobot_perception/build install --record /home/dyddl2082/MacRobot/src/build/macrobot_perception/install.log --install-scripts $base/lib/macrobot_perception --single-version-externally-managed install_data
[38.728s] Level 1:colcon.colcon_core.environment:checking '/home/dyddl2082/MacRobot/src/install/macrobot_perception' for CMake config files
[38.728s] Level 1:colcon.colcon_core.environment:checking '/home/dyddl2082/MacRobot/src/install/macrobot_perception/lib'
[38.729s] Level 1:colcon.colcon_core.environment:checking '/home/dyddl2082/MacRobot/src/install/macrobot_perception/bin'
[38.729s] Level 1:colcon.colcon_core.environment:checking '/home/dyddl2082/MacRobot/src/install/macrobot_perception/lib/pkgconfig/macrobot_perception.pc'
[38.729s] Level 1:colcon.colcon_core.environment:checking '/home/dyddl2082/MacRobot/src/install/macrobot_perception/lib/python3.12/site-packages'
[38.729s] Level 1:colcon.colcon_core.shell:create_environment_hook('macrobot_perception', 'pythonpath')
[38.729s] INFO:colcon.colcon_core.shell:Creating environment hook '/home/dyddl2082/MacRobot/src/install/macrobot_perception/share/macrobot_perception/hook/pythonpath.ps1'
[38.730s] INFO:colcon.colcon_core.shell:Creating environment descriptor '/home/dyddl2082/MacRobot/src/install/macrobot_perception/share/macrobot_perception/hook/pythonpath.dsv'
[38.730s] INFO:colcon.colcon_core.shell:Creating environment hook '/home/dyddl2082/MacRobot/src/install/macrobot_perception/share/macrobot_perception/hook/pythonpath.sh'
[38.731s] Level 1:colcon.colcon_core.environment:checking '/home/dyddl2082/MacRobot/src/install/macrobot_perception/bin'
[38.731s] Level 1:colcon.colcon_core.environment:create_environment_scripts_only(macrobot_perception)
[38.731s] INFO:colcon.colcon_core.shell:Creating package script '/home/dyddl2082/MacRobot/src/install/macrobot_perception/share/macrobot_perception/package.ps1'
[38.732s] INFO:colcon.colcon_core.shell:Creating package descriptor '/home/dyddl2082/MacRobot/src/install/macrobot_perception/share/macrobot_perception/package.dsv'
[38.732s] INFO:colcon.colcon_core.shell:Creating package script '/home/dyddl2082/MacRobot/src/install/macrobot_perception/share/macrobot_perception/package.sh'
[38.733s] INFO:colcon.colcon_core.shell:Creating package script '/home/dyddl2082/MacRobot/src/install/macrobot_perception/share/macrobot_perception/package.bash'
[38.733s] INFO:colcon.colcon_core.shell:Creating package script '/home/dyddl2082/MacRobot/src/install/macrobot_perception/share/macrobot_perception/package.zsh'
[38.733s] Level 1:colcon.colcon_core.environment:create_file_with_runtime_dependencies(/home/dyddl2082/MacRobot/src/install/macrobot_perception/share/colcon-core/packages/macrobot_perception)
[38.734s] INFO:colcon.colcon_ros.task.ament_python.build:Building ROS package in '/home/dyddl2082/MacRobot/src/macrobot_object_finder_stage/macrobot_object_finder' with build type 'ament_python'
[38.735s] Level 1:colcon.colcon_core.shell:create_environment_hook('macrobot_object_finder', 'ament_prefix_path')
[38.735s] INFO:colcon.colcon_core.shell:Creating environment hook '/home/dyddl2082/MacRobot/src/install/macrobot_object_finder/share/macrobot_object_finder/hook/ament_prefix_path.ps1'
[38.737s] INFO:colcon.colcon_core.shell:Creating environment descriptor '/home/dyddl2082/MacRobot/src/install/macrobot_object_finder/share/macrobot_object_finder/hook/ament_prefix_path.dsv'
[38.738s] INFO:colcon.colcon_core.shell:Creating environment hook '/home/dyddl2082/MacRobot/src/install/macrobot_object_finder/share/macrobot_object_finder/hook/ament_prefix_path.sh'
[38.739s] INFO:colcon.colcon_core.shell:Skip shell extension 'powershell' for command environment: Not usable outside of PowerShell
[38.739s] DEBUG:colcon.colcon_core.shell:Skip shell extension 'dsv' for command environment
[39.195s] Level 1:colcon.colcon_core.environment:checking '/home/dyddl2082/MacRobot/src/install/depth_candidate_proposal' for CMake module files
[39.197s] DEBUG:colcon.colcon_core.event_handler.log_command:Invoked command in '/home/dyddl2082/MacRobot/src/depth_candidate_proposal' returned '0': AMENT_PREFIX_PATH=/home/dyddl2082/MacRobot/src/install/macrobot_interfaces:${AMENT_PREFIX_PATH} CMAKE_PREFIX_PATH=/home/dyddl2082/MacRobot/src/install/macrobot_interfaces:${CMAKE_PREFIX_PATH} LD_LIBRARY_PATH=/home/dyddl2082/MacRobot/src/install/macrobot_interfaces/lib:${LD_LIBRARY_PATH} PYTHONPATH=/home/dyddl2082/MacRobot/src/build/depth_candidate_proposal/prefix_override:/usr/lib/python3/dist-packages/colcon_core/task/python/colcon_distutils_commands:/home/dyddl2082/MacRobot/src/install/depth_candidate_proposal/lib/python3.12/site-packages:/home/dyddl2082/MacRobot/src/install/macrobot_interfaces/lib/python3.12/site-packages:${PYTHONPATH} /usr/bin/python3 -W ignore:setup.py install is deprecated -W ignore:easy_install command is deprecated setup.py egg_info --egg-base ../build/depth_candidate_proposal build --build-base /home/dyddl2082/MacRobot/src/build/depth_candidate_proposal/build install --record /home/dyddl2082/MacRobot/src/build/depth_candidate_proposal/install.log --install-scripts $base/lib/depth_candidate_proposal --single-version-externally-managed install_data
[39.198s] Level 1:colcon.colcon_core.environment:checking '/home/dyddl2082/MacRobot/src/install/depth_candidate_proposal' for CMake config files
[39.199s] Level 1:colcon.colcon_core.environment:checking '/home/dyddl2082/MacRobot/src/install/depth_candidate_proposal/lib'
[39.199s] Level 1:colcon.colcon_core.environment:checking '/home/dyddl2082/MacRobot/src/install/depth_candidate_proposal/bin'
[39.199s] Level 1:colcon.colcon_core.environment:checking '/home/dyddl2082/MacRobot/src/install/depth_candidate_proposal/lib/pkgconfig/depth_candidate_proposal.pc'
[39.199s] Level 1:colcon.colcon_core.environment:checking '/home/dyddl2082/MacRobot/src/install/depth_candidate_proposal/lib/python3.12/site-packages'
[39.199s] Level 1:colcon.colcon_core.shell:create_environment_hook('depth_candidate_proposal', 'pythonpath')
[39.200s] INFO:colcon.colcon_core.shell:Creating environment hook '/home/dyddl2082/MacRobot/src/install/depth_candidate_proposal/share/depth_candidate_proposal/hook/pythonpath.ps1'
[39.201s] INFO:colcon.colcon_core.shell:Creating environment descriptor '/home/dyddl2082/MacRobot/src/install/depth_candidate_proposal/share/depth_candidate_proposal/hook/pythonpath.dsv'
[39.201s] INFO:colcon.colcon_core.shell:Creating environment hook '/home/dyddl2082/MacRobot/src/install/depth_candidate_proposal/share/depth_candidate_proposal/hook/pythonpath.sh'
[39.202s] Level 1:colcon.colcon_core.environment:checking '/home/dyddl2082/MacRobot/src/install/depth_candidate_proposal/bin'
[39.202s] Level 1:colcon.colcon_core.environment:create_environment_scripts_only(depth_candidate_proposal)
[39.202s] INFO:colcon.colcon_core.shell:Creating package script '/home/dyddl2082/MacRobot/src/install/depth_candidate_proposal/share/depth_candidate_proposal/package.ps1'
[39.203s] INFO:colcon.colcon_core.shell:Creating package descriptor '/home/dyddl2082/MacRobot/src/install/depth_candidate_proposal/share/depth_candidate_proposal/package.dsv'
[39.204s] INFO:colcon.colcon_core.shell:Creating package script '/home/dyddl2082/MacRobot/src/install/depth_candidate_proposal/share/depth_candidate_proposal/package.sh'
[39.204s] INFO:colcon.colcon_core.shell:Creating package script '/home/dyddl2082/MacRobot/src/install/depth_candidate_proposal/share/depth_candidate_proposal/package.bash'
[39.205s] INFO:colcon.colcon_core.shell:Creating package script '/home/dyddl2082/MacRobot/src/install/depth_candidate_proposal/share/depth_candidate_proposal/package.zsh'
[39.205s] Level 1:colcon.colcon_core.environment:create_file_with_runtime_dependencies(/home/dyddl2082/MacRobot/src/install/depth_candidate_proposal/share/colcon-core/packages/depth_candidate_proposal)
[40.068s] INFO:colcon.colcon_core.task.python.build:Building Python package in '/home/dyddl2082/MacRobot/src/macrobot_object_finder_stage/macrobot_object_finder'
[40.069s] INFO:colcon.colcon_core.shell:Skip shell extension 'powershell' for command environment: Not usable outside of PowerShell
[40.069s] DEBUG:colcon.colcon_core.shell:Skip shell extension 'dsv' for command environment
[42.222s] DEBUG:colcon.colcon_core.event_handler.log_command:Invoked command in '/home/dyddl2082/MacRobot/src/build/macrobot_safe_region' returned '0': AMENT_PREFIX_PATH=/home/dyddl2082/MacRobot/src/install/macrobot_moveit_config:/home/dyddl2082/MacRobot/src/install/macrobot_description:/home/dyddl2082/MacRobot/src/install/macrobot_arm_kinematics:${AMENT_PREFIX_PATH} CMAKE_PREFIX_PATH=/home/dyddl2082/MacRobot/src/install/macrobot_moveit_config:/home/dyddl2082/MacRobot/src/install/macrobot_description:/home/dyddl2082/MacRobot/install/macrobot_safe_region:/home/dyddl2082/MacRobot/install/macrobot_moveit_config:/home/dyddl2082/MacRobot/install/macrobot_interfaces:/home/dyddl2082/MacRobot/install/macrobot_description:/opt/ros/jazzy/opt/gz_sim_vendor:/opt/ros/jazzy/opt/gz_sensors_vendor:/opt/ros/jazzy/opt/gz_physics_vendor:/opt/ros/jazzy/opt/sdformat_vendor:/opt/ros/jazzy/opt/gz_gui_vendor:/opt/ros/jazzy/opt/gz_transport_vendor:/opt/ros/jazzy/opt/gz_rendering_vendor:/opt/ros/jazzy/opt/gz_plugin_vendor:/opt/ros/jazzy/opt/gz_fuel_tools_vendor:/opt/ros/jazzy/opt/gz_msgs_vendor:/opt/ros/jazzy/opt/gz_common_vendor:/opt/ros/jazzy/opt/gz_math_vendor:/opt/ros/jazzy/opt/gz_utils_vendor:/opt/ros/jazzy/opt/gz_tools_vendor:/opt/ros/jazzy/opt/gz_ogre_next_vendor:/opt/ros/jazzy/opt/gz_dartsim_vendor:/opt/ros/jazzy/opt/gz_cmake_vendor:/home/dyddl2082/MacRobot/install/macrobot_pick_pipeline:/home/dyddl2082/MacRobot/install/pico_debug:/home/dyddl2082/MacRobot/install/macrobot_teleop:/home/dyddl2082/MacRobot/install/macrobot_arm_commissioning:/home/dyddl2082/MacRobot/install/macrobot_arm_control:/home/dyddl2082/MacRobot/install/macrobot_object_finder:/home/dyddl2082/MacRobot/install/macrobot_perception:/home/dyddl2082/MacRobot/install/depth_candidate_proposal:/home/dyddl2082/MacRobot/install/macrobot_arm_kinematics:/home/dyddl2082/MacRobot/install/d435_capture_crop:/opt/ros/jazzy PYTHONPATH=/home/dyddl2082/MacRobot/src/install/macrobot_arm_kinematics/lib/python3.12/site-packages:${PYTHONPATH} /usr/bin/cmake /home/dyddl2082/MacRobot/src/macrobot_safe_region -DCMAKE_INSTALL_PREFIX=/home/dyddl2082/MacRobot/src/install/macrobot_safe_region
[42.224s] DEBUG:colcon.colcon_core.event_handler.log_command:Invoking command in '/home/dyddl2082/MacRobot/src/build/macrobot_safe_region': AMENT_PREFIX_PATH=/home/dyddl2082/MacRobot/src/install/macrobot_moveit_config:/home/dyddl2082/MacRobot/src/install/macrobot_description:/home/dyddl2082/MacRobot/src/install/macrobot_arm_kinematics:${AMENT_PREFIX_PATH} CMAKE_PREFIX_PATH=/home/dyddl2082/MacRobot/src/install/macrobot_moveit_config:/home/dyddl2082/MacRobot/src/install/macrobot_description:/home/dyddl2082/MacRobot/install/macrobot_safe_region:/home/dyddl2082/MacRobot/install/macrobot_moveit_config:/home/dyddl2082/MacRobot/install/macrobot_interfaces:/home/dyddl2082/MacRobot/install/macrobot_description:/opt/ros/jazzy/opt/gz_sim_vendor:/opt/ros/jazzy/opt/gz_sensors_vendor:/opt/ros/jazzy/opt/gz_physics_vendor:/opt/ros/jazzy/opt/sdformat_vendor:/opt/ros/jazzy/opt/gz_gui_vendor:/opt/ros/jazzy/opt/gz_transport_vendor:/opt/ros/jazzy/opt/gz_rendering_vendor:/opt/ros/jazzy/opt/gz_plugin_vendor:/opt/ros/jazzy/opt/gz_fuel_tools_vendor:/opt/ros/jazzy/opt/gz_msgs_vendor:/opt/ros/jazzy/opt/gz_common_vendor:/opt/ros/jazzy/opt/gz_math_vendor:/opt/ros/jazzy/opt/gz_utils_vendor:/opt/ros/jazzy/opt/gz_tools_vendor:/opt/ros/jazzy/opt/gz_ogre_next_vendor:/opt/ros/jazzy/opt/gz_dartsim_vendor:/opt/ros/jazzy/opt/gz_cmake_vendor:/home/dyddl2082/MacRobot/install/macrobot_pick_pipeline:/home/dyddl2082/MacRobot/install/pico_debug:/home/dyddl2082/MacRobot/install/macrobot_teleop:/home/dyddl2082/MacRobot/install/macrobot_arm_commissioning:/home/dyddl2082/MacRobot/install/macrobot_arm_control:/home/dyddl2082/MacRobot/install/macrobot_object_finder:/home/dyddl2082/MacRobot/install/macrobot_perception:/home/dyddl2082/MacRobot/install/depth_candidate_proposal:/home/dyddl2082/MacRobot/install/macrobot_arm_kinematics:/home/dyddl2082/MacRobot/install/d435_capture_crop:/opt/ros/jazzy PYTHONPATH=/home/dyddl2082/MacRobot/src/install/macrobot_arm_kinematics/lib/python3.12/site-packages:${PYTHONPATH} /usr/bin/cmake --build /home/dyddl2082/MacRobot/src/build/macrobot_safe_region -- -j18 -l18
[42.372s] DEBUG:colcon.colcon_core.task.python.build:Available setuptools commands: update_catalog, egg_info, install, dist_info, install_egg_info, install_data, install_headers, editable_wheel, bdist_dumb, check, extract_messages, clean, symlink_data, install_lib, setopt, saveopts, bdist_egg, upload_docs, register, alias, bdist, bdist_rpm, upload, install_scripts, easy_install, build_clib, test, build_ext, init_catalog, compile_catalog, rotate, sdist, bdist_wheel, develop, build, build_scripts, build_py
[42.376s] DEBUG:colcon.colcon_core.event_handler.log_command:Invoking command in '/home/dyddl2082/MacRobot/src/macrobot_object_finder_stage/macrobot_object_finder': AMENT_PREFIX_PATH=/home/dyddl2082/MacRobot/src/install/macrobot_perception:/home/dyddl2082/MacRobot/src/install/macrobot_interfaces:${AMENT_PREFIX_PATH} CMAKE_PREFIX_PATH=/home/dyddl2082/MacRobot/src/install/macrobot_interfaces:${CMAKE_PREFIX_PATH} LD_LIBRARY_PATH=/home/dyddl2082/MacRobot/src/install/macrobot_interfaces/lib:${LD_LIBRARY_PATH} PYTHONPATH=/home/dyddl2082/MacRobot/src/build/macrobot_object_finder/prefix_override:/usr/lib/python3/dist-packages/colcon_core/task/python/colcon_distutils_commands:/home/dyddl2082/MacRobot/src/install/macrobot_object_finder/lib/python3.12/site-packages:/home/dyddl2082/MacRobot/src/install/macrobot_perception/lib/python3.12/site-packages:/home/dyddl2082/MacRobot/src/install/macrobot_interfaces/lib/python3.12/site-packages:${PYTHONPATH} /usr/bin/python3 -W ignore:setup.py install is deprecated -W ignore:easy_install command is deprecated setup.py egg_info --egg-base ../../build/macrobot_object_finder build --build-base /home/dyddl2082/MacRobot/src/build/macrobot_object_finder/build install --record /home/dyddl2082/MacRobot/src/build/macrobot_object_finder/install.log --install-scripts $base/lib/macrobot_object_finder --single-version-externally-managed install_data
[43.696s] Level 1:colcon.colcon_core.environment:checking '/home/dyddl2082/MacRobot/src/install/macrobot_object_finder' for CMake module files
[43.697s] DEBUG:colcon.colcon_core.event_handler.log_command:Invoked command in '/home/dyddl2082/MacRobot/src/macrobot_object_finder_stage/macrobot_object_finder' returned '0': AMENT_PREFIX_PATH=/home/dyddl2082/MacRobot/src/install/macrobot_perception:/home/dyddl2082/MacRobot/src/install/macrobot_interfaces:${AMENT_PREFIX_PATH} CMAKE_PREFIX_PATH=/home/dyddl2082/MacRobot/src/install/macrobot_interfaces:${CMAKE_PREFIX_PATH} LD_LIBRARY_PATH=/home/dyddl2082/MacRobot/src/install/macrobot_interfaces/lib:${LD_LIBRARY_PATH} PYTHONPATH=/home/dyddl2082/MacRobot/src/build/macrobot_object_finder/prefix_override:/usr/lib/python3/dist-packages/colcon_core/task/python/colcon_distutils_commands:/home/dyddl2082/MacRobot/src/install/macrobot_object_finder/lib/python3.12/site-packages:/home/dyddl2082/MacRobot/src/install/macrobot_perception/lib/python3.12/site-packages:/home/dyddl2082/MacRobot/src/install/macrobot_interfaces/lib/python3.12/site-packages:${PYTHONPATH} /usr/bin/python3 -W ignore:setup.py install is deprecated -W ignore:easy_install command is deprecated setup.py egg_info --egg-base ../../build/macrobot_object_finder build --build-base /home/dyddl2082/MacRobot/src/build/macrobot_object_finder/build install --record /home/dyddl2082/MacRobot/src/build/macrobot_object_finder/install.log --install-scripts $base/lib/macrobot_object_finder --single-version-externally-managed install_data
[43.698s] Level 1:colcon.colcon_core.environment:checking '/home/dyddl2082/MacRobot/src/install/macrobot_object_finder' for CMake config files
[43.699s] Level 1:colcon.colcon_core.environment:checking '/home/dyddl2082/MacRobot/src/install/macrobot_object_finder/lib'
[43.699s] Level 1:colcon.colcon_core.environment:checking '/home/dyddl2082/MacRobot/src/install/macrobot_object_finder/bin'
[43.699s] Level 1:colcon.colcon_core.environment:checking '/home/dyddl2082/MacRobot/src/install/macrobot_object_finder/lib/pkgconfig/macrobot_object_finder.pc'
[43.699s] Level 1:colcon.colcon_core.environment:checking '/home/dyddl2082/MacRobot/src/install/macrobot_object_finder/lib/python3.12/site-packages'
[43.699s] Level 1:colcon.colcon_core.shell:create_environment_hook('macrobot_object_finder', 'pythonpath')
[43.700s] INFO:colcon.colcon_core.shell:Creating environment hook '/home/dyddl2082/MacRobot/src/install/macrobot_object_finder/share/macrobot_object_finder/hook/pythonpath.ps1'
[43.701s] INFO:colcon.colcon_core.shell:Creating environment descriptor '/home/dyddl2082/MacRobot/src/install/macrobot_object_finder/share/macrobot_object_finder/hook/pythonpath.dsv'
[43.701s] INFO:colcon.colcon_core.shell:Creating environment hook '/home/dyddl2082/MacRobot/src/install/macrobot_object_finder/share/macrobot_object_finder/hook/pythonpath.sh'
[43.702s] Level 1:colcon.colcon_core.environment:checking '/home/dyddl2082/MacRobot/src/install/macrobot_object_finder/bin'
[43.702s] Level 1:colcon.colcon_core.environment:create_environment_scripts_only(macrobot_object_finder)
[43.702s] INFO:colcon.colcon_core.shell:Creating package script '/home/dyddl2082/MacRobot/src/install/macrobot_object_finder/share/macrobot_object_finder/package.ps1'
[43.702s] INFO:colcon.colcon_core.shell:Creating package descriptor '/home/dyddl2082/MacRobot/src/install/macrobot_object_finder/share/macrobot_object_finder/package.dsv'
[43.703s] INFO:colcon.colcon_core.shell:Creating package script '/home/dyddl2082/MacRobot/src/install/macrobot_object_finder/share/macrobot_object_finder/package.sh'
[43.703s] INFO:colcon.colcon_core.shell:Creating package script '/home/dyddl2082/MacRobot/src/install/macrobot_object_finder/share/macrobot_object_finder/package.bash'
[43.703s] INFO:colcon.colcon_core.shell:Creating package script '/home/dyddl2082/MacRobot/src/install/macrobot_object_finder/share/macrobot_object_finder/package.zsh'
[43.704s] Level 1:colcon.colcon_core.environment:create_file_with_runtime_dependencies(/home/dyddl2082/MacRobot/src/install/macrobot_object_finder/share/colcon-core/packages/macrobot_object_finder)
[58.616s] DEBUG:colcon.colcon_core.event_handler.log_command:Invoked command in '/home/dyddl2082/MacRobot/src/build/macrobot_safe_region' returned '0': AMENT_PREFIX_PATH=/home/dyddl2082/MacRobot/src/install/macrobot_moveit_config:/home/dyddl2082/MacRobot/src/install/macrobot_description:/home/dyddl2082/MacRobot/src/install/macrobot_arm_kinematics:${AMENT_PREFIX_PATH} CMAKE_PREFIX_PATH=/home/dyddl2082/MacRobot/src/install/macrobot_moveit_config:/home/dyddl2082/MacRobot/src/install/macrobot_description:/home/dyddl2082/MacRobot/install/macrobot_safe_region:/home/dyddl2082/MacRobot/install/macrobot_moveit_config:/home/dyddl2082/MacRobot/install/macrobot_interfaces:/home/dyddl2082/MacRobot/install/macrobot_description:/opt/ros/jazzy/opt/gz_sim_vendor:/opt/ros/jazzy/opt/gz_sensors_vendor:/opt/ros/jazzy/opt/gz_physics_vendor:/opt/ros/jazzy/opt/sdformat_vendor:/opt/ros/jazzy/opt/gz_gui_vendor:/opt/ros/jazzy/opt/gz_transport_vendor:/opt/ros/jazzy/opt/gz_rendering_vendor:/opt/ros/jazzy/opt/gz_plugin_vendor:/opt/ros/jazzy/opt/gz_fuel_tools_vendor:/opt/ros/jazzy/opt/gz_msgs_vendor:/opt/ros/jazzy/opt/gz_common_vendor:/opt/ros/jazzy/opt/gz_math_vendor:/opt/ros/jazzy/opt/gz_utils_vendor:/opt/ros/jazzy/opt/gz_tools_vendor:/opt/ros/jazzy/opt/gz_ogre_next_vendor:/opt/ros/jazzy/opt/gz_dartsim_vendor:/opt/ros/jazzy/opt/gz_cmake_vendor:/home/dyddl2082/MacRobot/install/macrobot_pick_pipeline:/home/dyddl2082/MacRobot/install/pico_debug:/home/dyddl2082/MacRobot/install/macrobot_teleop:/home/dyddl2082/MacRobot/install/macrobot_arm_commissioning:/home/dyddl2082/MacRobot/install/macrobot_arm_control:/home/dyddl2082/MacRobot/install/macrobot_object_finder:/home/dyddl2082/MacRobot/install/macrobot_perception:/home/dyddl2082/MacRobot/install/depth_candidate_proposal:/home/dyddl2082/MacRobot/install/macrobot_arm_kinematics:/home/dyddl2082/MacRobot/install/d435_capture_crop:/opt/ros/jazzy PYTHONPATH=/home/dyddl2082/MacRobot/src/install/macrobot_arm_kinematics/lib/python3.12/site-packages:${PYTHONPATH} /usr/bin/cmake --build /home/dyddl2082/MacRobot/src/build/macrobot_safe_region -- -j18 -l18
[58.617s] DEBUG:colcon.colcon_core.event_handler.log_command:Invoking command in '/home/dyddl2082/MacRobot/src/build/macrobot_safe_region': AMENT_PREFIX_PATH=/home/dyddl2082/MacRobot/src/install/macrobot_moveit_config:/home/dyddl2082/MacRobot/src/install/macrobot_description:/home/dyddl2082/MacRobot/src/install/macrobot_arm_kinematics:${AMENT_PREFIX_PATH} CMAKE_PREFIX_PATH=/home/dyddl2082/MacRobot/src/install/macrobot_moveit_config:/home/dyddl2082/MacRobot/src/install/macrobot_description:/home/dyddl2082/MacRobot/install/macrobot_safe_region:/home/dyddl2082/MacRobot/install/macrobot_moveit_config:/home/dyddl2082/MacRobot/install/macrobot_interfaces:/home/dyddl2082/MacRobot/install/macrobot_description:/opt/ros/jazzy/opt/gz_sim_vendor:/opt/ros/jazzy/opt/gz_sensors_vendor:/opt/ros/jazzy/opt/gz_physics_vendor:/opt/ros/jazzy/opt/sdformat_vendor:/opt/ros/jazzy/opt/gz_gui_vendor:/opt/ros/jazzy/opt/gz_transport_vendor:/opt/ros/jazzy/opt/gz_rendering_vendor:/opt/ros/jazzy/opt/gz_plugin_vendor:/opt/ros/jazzy/opt/gz_fuel_tools_vendor:/opt/ros/jazzy/opt/gz_msgs_vendor:/opt/ros/jazzy/opt/gz_common_vendor:/opt/ros/jazzy/opt/gz_math_vendor:/opt/ros/jazzy/opt/gz_utils_vendor:/opt/ros/jazzy/opt/gz_tools_vendor:/opt/ros/jazzy/opt/gz_ogre_next_vendor:/opt/ros/jazzy/opt/gz_dartsim_vendor:/opt/ros/jazzy/opt/gz_cmake_vendor:/home/dyddl2082/MacRobot/install/macrobot_pick_pipeline:/home/dyddl2082/MacRobot/install/pico_debug:/home/dyddl2082/MacRobot/install/macrobot_teleop:/home/dyddl2082/MacRobot/install/macrobot_arm_commissioning:/home/dyddl2082/MacRobot/install/macrobot_arm_control:/home/dyddl2082/MacRobot/install/macrobot_object_finder:/home/dyddl2082/MacRobot/install/macrobot_perception:/home/dyddl2082/MacRobot/install/depth_candidate_proposal:/home/dyddl2082/MacRobot/install/macrobot_arm_kinematics:/home/dyddl2082/MacRobot/install/d435_capture_crop:/opt/ros/jazzy PYTHONPATH=/home/dyddl2082/MacRobot/src/install/macrobot_arm_kinematics/lib/python3.12/site-packages:${PYTHONPATH} /usr/bin/cmake --install /home/dyddl2082/MacRobot/src/build/macrobot_safe_region
[58.640s] Level 1:colcon.colcon_core.environment:create_environment_scripts_only(macrobot_safe_region)
[58.641s] DEBUG:colcon.colcon_core.event_handler.log_command:Invoked command in '/home/dyddl2082/MacRobot/src/build/macrobot_safe_region' returned '0': AMENT_PREFIX_PATH=/home/dyddl2082/MacRobot/src/install/macrobot_moveit_config:/home/dyddl2082/MacRobot/src/install/macrobot_description:/home/dyddl2082/MacRobot/src/install/macrobot_arm_kinematics:${AMENT_PREFIX_PATH} CMAKE_PREFIX_PATH=/home/dyddl2082/MacRobot/src/install/macrobot_moveit_config:/home/dyddl2082/MacRobot/src/install/macrobot_description:/home/dyddl2082/MacRobot/install/macrobot_safe_region:/home/dyddl2082/MacRobot/install/macrobot_moveit_config:/home/dyddl2082/MacRobot/install/macrobot_interfaces:/home/dyddl2082/MacRobot/install/macrobot_description:/opt/ros/jazzy/opt/gz_sim_vendor:/opt/ros/jazzy/opt/gz_sensors_vendor:/opt/ros/jazzy/opt/gz_physics_vendor:/opt/ros/jazzy/opt/sdformat_vendor:/opt/ros/jazzy/opt/gz_gui_vendor:/opt/ros/jazzy/opt/gz_transport_vendor:/opt/ros/jazzy/opt/gz_rendering_vendor:/opt/ros/jazzy/opt/gz_plugin_vendor:/opt/ros/jazzy/opt/gz_fuel_tools_vendor:/opt/ros/jazzy/opt/gz_msgs_vendor:/opt/ros/jazzy/opt/gz_common_vendor:/opt/ros/jazzy/opt/gz_math_vendor:/opt/ros/jazzy/opt/gz_utils_vendor:/opt/ros/jazzy/opt/gz_tools_vendor:/opt/ros/jazzy/opt/gz_ogre_next_vendor:/opt/ros/jazzy/opt/gz_dartsim_vendor:/opt/ros/jazzy/opt/gz_cmake_vendor:/home/dyddl2082/MacRobot/install/macrobot_pick_pipeline:/home/dyddl2082/MacRobot/install/pico_debug:/home/dyddl2082/MacRobot/install/macrobot_teleop:/home/dyddl2082/MacRobot/install/macrobot_arm_commissioning:/home/dyddl2082/MacRobot/install/macrobot_arm_control:/home/dyddl2082/MacRobot/install/macrobot_object_finder:/home/dyddl2082/MacRobot/install/macrobot_perception:/home/dyddl2082/MacRobot/install/depth_candidate_proposal:/home/dyddl2082/MacRobot/install/macrobot_arm_kinematics:/home/dyddl2082/MacRobot/install/d435_capture_crop:/opt/ros/jazzy PYTHONPATH=/home/dyddl2082/MacRobot/src/install/macrobot_arm_kinematics/lib/python3.12/site-packages:${PYTHONPATH} /usr/bin/cmake --install /home/dyddl2082/MacRobot/src/build/macrobot_safe_region
[58.642s] Level 1:colcon.colcon_core.environment:checking '/home/dyddl2082/MacRobot/src/install/macrobot_safe_region' for CMake module files
[58.647s] Level 1:colcon.colcon_core.environment:checking '/home/dyddl2082/MacRobot/src/install/macrobot_safe_region' for CMake config files
[58.649s] Level 1:colcon.colcon_core.shell:create_environment_hook('macrobot_safe_region', 'cmake_prefix_path')
[58.650s] INFO:colcon.colcon_core.shell:Creating environment hook '/home/dyddl2082/MacRobot/src/install/macrobot_safe_region/share/macrobot_safe_region/hook/cmake_prefix_path.ps1'
[58.655s] INFO:colcon.colcon_core.shell:Creating environment descriptor '/home/dyddl2082/MacRobot/src/install/macrobot_safe_region/share/macrobot_safe_region/hook/cmake_prefix_path.dsv'
[58.656s] INFO:colcon.colcon_core.shell:Creating environment hook '/home/dyddl2082/MacRobot/src/install/macrobot_safe_region/share/macrobot_safe_region/hook/cmake_prefix_path.sh'
[58.658s] Level 1:colcon.colcon_core.environment:checking '/home/dyddl2082/MacRobot/src/install/macrobot_safe_region/lib'
[58.658s] Level 1:colcon.colcon_core.environment:checking '/home/dyddl2082/MacRobot/src/install/macrobot_safe_region/bin'
[58.658s] Level 1:colcon.colcon_core.environment:checking '/home/dyddl2082/MacRobot/src/install/macrobot_safe_region/lib/pkgconfig/macrobot_safe_region.pc'
[58.659s] Level 1:colcon.colcon_core.environment:checking '/home/dyddl2082/MacRobot/src/install/macrobot_safe_region/lib/python3.12/site-packages'
[58.659s] Level 1:colcon.colcon_core.environment:checking '/home/dyddl2082/MacRobot/src/install/macrobot_safe_region/bin'
[58.660s] INFO:colcon.colcon_core.shell:Creating package script '/home/dyddl2082/MacRobot/src/install/macrobot_safe_region/share/macrobot_safe_region/package.ps1'
[58.660s] INFO:colcon.colcon_core.shell:Creating package descriptor '/home/dyddl2082/MacRobot/src/install/macrobot_safe_region/share/macrobot_safe_region/package.dsv'
[58.661s] INFO:colcon.colcon_core.shell:Creating package script '/home/dyddl2082/MacRobot/src/install/macrobot_safe_region/share/macrobot_safe_region/package.sh'
[58.662s] INFO:colcon.colcon_core.shell:Creating package script '/home/dyddl2082/MacRobot/src/install/macrobot_safe_region/share/macrobot_safe_region/package.bash'
[58.662s] INFO:colcon.colcon_core.shell:Creating package script '/home/dyddl2082/MacRobot/src/install/macrobot_safe_region/share/macrobot_safe_region/package.zsh'
[58.662s] Level 1:colcon.colcon_core.environment:create_file_with_runtime_dependencies(/home/dyddl2082/MacRobot/src/install/macrobot_safe_region/share/colcon-core/packages/macrobot_safe_region)
[58.663s] Level 1:colcon.colcon_core.environment:create_environment_scripts_only(macrobot_safe_region)
[58.663s] Level 1:colcon.colcon_core.environment:checking '/home/dyddl2082/MacRobot/src/install/macrobot_safe_region' for CMake module files
[58.664s] Level 1:colcon.colcon_core.environment:checking '/home/dyddl2082/MacRobot/src/install/macrobot_safe_region' for CMake config files
[58.664s] Level 1:colcon.colcon_core.shell:create_environment_hook('macrobot_safe_region', 'cmake_prefix_path')
[58.664s] INFO:colcon.colcon_core.shell:Creating environment hook '/home/dyddl2082/MacRobot/src/install/macrobot_safe_region/share/macrobot_safe_region/hook/cmake_prefix_path.ps1'
[58.665s] INFO:colcon.colcon_core.shell:Creating environment descriptor '/home/dyddl2082/MacRobot/src/install/macrobot_safe_region/share/macrobot_safe_region/hook/cmake_prefix_path.dsv'
[58.665s] INFO:colcon.colcon_core.shell:Creating environment hook '/home/dyddl2082/MacRobot/src/install/macrobot_safe_region/share/macrobot_safe_region/hook/cmake_prefix_path.sh'
[58.665s] Level 1:colcon.colcon_core.environment:checking '/home/dyddl2082/MacRobot/src/install/macrobot_safe_region/lib'
[58.665s] Level 1:colcon.colcon_core.environment:checking '/home/dyddl2082/MacRobot/src/install/macrobot_safe_region/bin'
[58.665s] Level 1:colcon.colcon_core.environment:checking '/home/dyddl2082/MacRobot/src/install/macrobot_safe_region/lib/pkgconfig/macrobot_safe_region.pc'
[58.666s] Level 1:colcon.colcon_core.environment:checking '/home/dyddl2082/MacRobot/src/install/macrobot_safe_region/lib/python3.12/site-packages'
[58.666s] Level 1:colcon.colcon_core.environment:checking '/home/dyddl2082/MacRobot/src/install/macrobot_safe_region/bin'
[58.666s] INFO:colcon.colcon_core.shell:Creating package script '/home/dyddl2082/MacRobot/src/install/macrobot_safe_region/share/macrobot_safe_region/package.ps1'
[58.667s] INFO:colcon.colcon_core.shell:Creating package descriptor '/home/dyddl2082/MacRobot/src/install/macrobot_safe_region/share/macrobot_safe_region/package.dsv'
[58.667s] INFO:colcon.colcon_core.shell:Creating package script '/home/dyddl2082/MacRobot/src/install/macrobot_safe_region/share/macrobot_safe_region/package.sh'
[58.667s] INFO:colcon.colcon_core.shell:Creating package script '/home/dyddl2082/MacRobot/src/install/macrobot_safe_region/share/macrobot_safe_region/package.bash'
[58.668s] INFO:colcon.colcon_core.shell:Creating package script '/home/dyddl2082/MacRobot/src/install/macrobot_safe_region/share/macrobot_safe_region/package.zsh'
[58.668s] Level 1:colcon.colcon_core.environment:create_file_with_runtime_dependencies(/home/dyddl2082/MacRobot/src/install/macrobot_safe_region/share/colcon-core/packages/macrobot_safe_region)
[58.668s] INFO:colcon.colcon_ros.task.ament_python.build:Building ROS package in '/home/dyddl2082/MacRobot/src/macrobot_arm_control' with build type 'ament_python'
[58.669s] Level 1:colcon.colcon_core.shell:create_environment_hook('macrobot_arm_control', 'ament_prefix_path')
[58.669s] INFO:colcon.colcon_core.shell:Creating environment hook '/home/dyddl2082/MacRobot/src/install/macrobot_arm_control/share/macrobot_arm_control/hook/ament_prefix_path.ps1'
[58.671s] INFO:colcon.colcon_core.shell:Creating environment descriptor '/home/dyddl2082/MacRobot/src/install/macrobot_arm_control/share/macrobot_arm_control/hook/ament_prefix_path.dsv'
[58.674s] INFO:colcon.colcon_core.shell:Creating environment hook '/home/dyddl2082/MacRobot/src/install/macrobot_arm_control/share/macrobot_arm_control/hook/ament_prefix_path.sh'
[58.681s] INFO:colcon.colcon_core.shell:Skip shell extension 'powershell' for command environment: Not usable outside of PowerShell
[58.681s] DEBUG:colcon.colcon_core.shell:Skip shell extension 'dsv' for command environment
[58.389s] INFO:colcon.colcon_core.task.python.build:Building Python package in '/home/dyddl2082/MacRobot/src/macrobot_arm_control'
[58.390s] INFO:colcon.colcon_core.shell:Skip shell extension 'powershell' for command environment: Not usable outside of PowerShell
[58.390s] DEBUG:colcon.colcon_core.shell:Skip shell extension 'dsv' for command environment
[60.505s] DEBUG:colcon.colcon_core.task.python.build:Available setuptools commands: update_catalog, egg_info, install, dist_info, install_egg_info, install_data, install_headers, editable_wheel, bdist_dumb, check, extract_messages, clean, symlink_data, install_lib, setopt, saveopts, bdist_egg, upload_docs, register, alias, bdist, bdist_rpm, upload, install_scripts, easy_install, build_clib, test, build_ext, init_catalog, compile_catalog, rotate, sdist, bdist_wheel, develop, build, build_scripts, build_py
[60.507s] DEBUG:colcon.colcon_core.event_handler.log_command:Invoking command in '/home/dyddl2082/MacRobot/src/macrobot_arm_control': AMENT_PREFIX_PATH=/home/dyddl2082/MacRobot/src/install/macrobot_safe_region:/home/dyddl2082/MacRobot/src/install/macrobot_moveit_config:/home/dyddl2082/MacRobot/src/install/macrobot_description:/home/dyddl2082/MacRobot/src/install/macrobot_arm_kinematics:${AMENT_PREFIX_PATH} CMAKE_PREFIX_PATH=/home/dyddl2082/MacRobot/src/install/macrobot_safe_region:/home/dyddl2082/MacRobot/src/install/macrobot_moveit_config:/home/dyddl2082/MacRobot/src/install/macrobot_description:${CMAKE_PREFIX_PATH} PYTHONPATH=/home/dyddl2082/MacRobot/src/build/macrobot_arm_control/prefix_override:/usr/lib/python3/dist-packages/colcon_core/task/python/colcon_distutils_commands:/home/dyddl2082/MacRobot/src/install/macrobot_arm_control/lib/python3.12/site-packages:/home/dyddl2082/MacRobot/src/install/macrobot_arm_kinematics/lib/python3.12/site-packages:${PYTHONPATH} /usr/bin/python3 -W ignore:setup.py install is deprecated -W ignore:easy_install command is deprecated setup.py egg_info --egg-base ../build/macrobot_arm_control build --build-base /home/dyddl2082/MacRobot/src/build/macrobot_arm_control/build install --record /home/dyddl2082/MacRobot/src/build/macrobot_arm_control/install.log --install-scripts $base/lib/macrobot_arm_control --single-version-externally-managed install_data
[61.896s] Level 1:colcon.colcon_core.environment:checking '/home/dyddl2082/MacRobot/src/install/macrobot_arm_control' for CMake module files
[61.897s] DEBUG:colcon.colcon_core.event_handler.log_command:Invoked command in '/home/dyddl2082/MacRobot/src/macrobot_arm_control' returned '0': AMENT_PREFIX_PATH=/home/dyddl2082/MacRobot/src/install/macrobot_safe_region:/home/dyddl2082/MacRobot/src/install/macrobot_moveit_config:/home/dyddl2082/MacRobot/src/install/macrobot_description:/home/dyddl2082/MacRobot/src/install/macrobot_arm_kinematics:${AMENT_PREFIX_PATH} CMAKE_PREFIX_PATH=/home/dyddl2082/MacRobot/src/install/macrobot_safe_region:/home/dyddl2082/MacRobot/src/install/macrobot_moveit_config:/home/dyddl2082/MacRobot/src/install/macrobot_description:${CMAKE_PREFIX_PATH} PYTHONPATH=/home/dyddl2082/MacRobot/src/build/macrobot_arm_control/prefix_override:/usr/lib/python3/dist-packages/colcon_core/task/python/colcon_distutils_commands:/home/dyddl2082/MacRobot/src/install/macrobot_arm_control/lib/python3.12/site-packages:/home/dyddl2082/MacRobot/src/install/macrobot_arm_kinematics/lib/python3.12/site-packages:${PYTHONPATH} /usr/bin/python3 -W ignore:setup.py install is deprecated -W ignore:easy_install command is deprecated setup.py egg_info --egg-base ../build/macrobot_arm_control build --build-base /home/dyddl2082/MacRobot/src/build/macrobot_arm_control/build install --record /home/dyddl2082/MacRobot/src/build/macrobot_arm_control/install.log --install-scripts $base/lib/macrobot_arm_control --single-version-externally-managed install_data
[61.898s] Level 1:colcon.colcon_core.environment:checking '/home/dyddl2082/MacRobot/src/install/macrobot_arm_control' for CMake config files
[61.898s] Level 1:colcon.colcon_core.environment:checking '/home/dyddl2082/MacRobot/src/install/macrobot_arm_control/lib'
[61.898s] Level 1:colcon.colcon_core.environment:checking '/home/dyddl2082/MacRobot/src/install/macrobot_arm_control/bin'
[61.898s] Level 1:colcon.colcon_core.environment:checking '/home/dyddl2082/MacRobot/src/install/macrobot_arm_control/lib/pkgconfig/macrobot_arm_control.pc'
[61.899s] Level 1:colcon.colcon_core.environment:checking '/home/dyddl2082/MacRobot/src/install/macrobot_arm_control/lib/python3.12/site-packages'
[61.899s] Level 1:colcon.colcon_core.shell:create_environment_hook('macrobot_arm_control', 'pythonpath')
[61.899s] INFO:colcon.colcon_core.shell:Creating environment hook '/home/dyddl2082/MacRobot/src/install/macrobot_arm_control/share/macrobot_arm_control/hook/pythonpath.ps1'
[61.899s] INFO:colcon.colcon_core.shell:Creating environment descriptor '/home/dyddl2082/MacRobot/src/install/macrobot_arm_control/share/macrobot_arm_control/hook/pythonpath.dsv'
[61.900s] INFO:colcon.colcon_core.shell:Creating environment hook '/home/dyddl2082/MacRobot/src/install/macrobot_arm_control/share/macrobot_arm_control/hook/pythonpath.sh'
[61.901s] Level 1:colcon.colcon_core.environment:checking '/home/dyddl2082/MacRobot/src/install/macrobot_arm_control/bin'
[61.901s] Level 1:colcon.colcon_core.environment:create_environment_scripts_only(macrobot_arm_control)
[61.901s] INFO:colcon.colcon_core.shell:Creating package script '/home/dyddl2082/MacRobot/src/install/macrobot_arm_control/share/macrobot_arm_control/package.ps1'
[61.901s] INFO:colcon.colcon_core.shell:Creating package descriptor '/home/dyddl2082/MacRobot/src/install/macrobot_arm_control/share/macrobot_arm_control/package.dsv'
[61.902s] INFO:colcon.colcon_core.shell:Creating package script '/home/dyddl2082/MacRobot/src/install/macrobot_arm_control/share/macrobot_arm_control/package.sh'
[61.902s] INFO:colcon.colcon_core.shell:Creating package script '/home/dyddl2082/MacRobot/src/install/macrobot_arm_control/share/macrobot_arm_control/package.bash'
[61.902s] INFO:colcon.colcon_core.shell:Creating package script '/home/dyddl2082/MacRobot/src/install/macrobot_arm_control/share/macrobot_arm_control/package.zsh'
[61.903s] Level 1:colcon.colcon_core.environment:create_file_with_runtime_dependencies(/home/dyddl2082/MacRobot/src/install/macrobot_arm_control/share/colcon-core/packages/macrobot_arm_control)
[61.904s] INFO:colcon.colcon_ros.task.ament_python.build:Building ROS package in '/home/dyddl2082/MacRobot/src/macrobot_arm_commissioning' with build type 'ament_python'
[61.904s] Level 1:colcon.colcon_core.shell:create_environment_hook('macrobot_arm_commissioning', 'ament_prefix_path')
[61.904s] INFO:colcon.colcon_core.shell:Creating environment hook '/home/dyddl2082/MacRobot/src/install/macrobot_arm_commissioning/share/macrobot_arm_commissioning/hook/ament_prefix_path.ps1'
[61.907s] INFO:colcon.colcon_core.shell:Creating environment descriptor '/home/dyddl2082/MacRobot/src/install/macrobot_arm_commissioning/share/macrobot_arm_commissioning/hook/ament_prefix_path.dsv'
[61.908s] INFO:colcon.colcon_core.shell:Creating environment hook '/home/dyddl2082/MacRobot/src/install/macrobot_arm_commissioning/share/macrobot_arm_commissioning/hook/ament_prefix_path.sh'
[61.909s] INFO:colcon.colcon_core.shell:Skip shell extension 'powershell' for command environment: Not usable outside of PowerShell
[61.909s] DEBUG:colcon.colcon_core.shell:Skip shell extension 'dsv' for command environment
[61.914s] INFO:colcon.colcon_ros.task.ament_python.build:Building ROS package in '/home/dyddl2082/MacRobot/src/macrobot_pick_pipeline' with build type 'ament_python'
[61.915s] Level 1:colcon.colcon_core.shell:create_environment_hook('macrobot_pick_pipeline', 'ament_prefix_path')
[61.915s] INFO:colcon.colcon_core.shell:Creating environment hook '/home/dyddl2082/MacRobot/src/install/macrobot_pick_pipeline/share/macrobot_pick_pipeline/hook/ament_prefix_path.ps1'
[61.916s] INFO:colcon.colcon_core.shell:Creating environment descriptor '/home/dyddl2082/MacRobot/src/install/macrobot_pick_pipeline/share/macrobot_pick_pipeline/hook/ament_prefix_path.dsv'
[61.917s] INFO:colcon.colcon_core.shell:Creating environment hook '/home/dyddl2082/MacRobot/src/install/macrobot_pick_pipeline/share/macrobot_pick_pipeline/hook/ament_prefix_path.sh'
[61.918s] INFO:colcon.colcon_core.shell:Skip shell extension 'powershell' for command environment: Not usable outside of PowerShell
[61.918s] DEBUG:colcon.colcon_core.shell:Skip shell extension 'dsv' for command environment
[63.018s] INFO:colcon.colcon_core.task.python.build:Building Python package in '/home/dyddl2082/MacRobot/src/macrobot_arm_commissioning'
[63.018s] INFO:colcon.colcon_core.shell:Skip shell extension 'powershell' for command environment: Not usable outside of PowerShell
[63.018s] DEBUG:colcon.colcon_core.shell:Skip shell extension 'dsv' for command environment
[63.467s] INFO:colcon.colcon_core.task.python.build:Building Python package in '/home/dyddl2082/MacRobot/src/macrobot_pick_pipeline'
[63.467s] INFO:colcon.colcon_core.shell:Skip shell extension 'powershell' for command environment: Not usable outside of PowerShell
[63.467s] DEBUG:colcon.colcon_core.shell:Skip shell extension 'dsv' for command environment
[65.234s] DEBUG:colcon.colcon_core.task.python.build:Available setuptools commands: update_catalog, egg_info, install, dist_info, install_egg_info, install_data, install_headers, editable_wheel, bdist_dumb, check, extract_messages, clean, symlink_data, install_lib, setopt, saveopts, bdist_egg, upload_docs, register, alias, bdist, bdist_rpm, upload, install_scripts, easy_install, build_clib, test, build_ext, init_catalog, compile_catalog, rotate, sdist, bdist_wheel, develop, build, build_scripts, build_py
[65.236s] DEBUG:colcon.colcon_core.event_handler.log_command:Invoking command in '/home/dyddl2082/MacRobot/src/macrobot_arm_commissioning': AMENT_PREFIX_PATH=/home/dyddl2082/MacRobot/src/install/macrobot_arm_control:/home/dyddl2082/MacRobot/src/install/macrobot_safe_region:/home/dyddl2082/MacRobot/src/install/macrobot_moveit_config:/home/dyddl2082/MacRobot/src/install/macrobot_description:/home/dyddl2082/MacRobot/src/install/macrobot_arm_kinematics:${AMENT_PREFIX_PATH} CMAKE_PREFIX_PATH=/home/dyddl2082/MacRobot/src/install/macrobot_safe_region:/home/dyddl2082/MacRobot/src/install/macrobot_moveit_config:/home/dyddl2082/MacRobot/src/install/macrobot_description:${CMAKE_PREFIX_PATH} PYTHONPATH=/home/dyddl2082/MacRobot/src/build/macrobot_arm_commissioning/prefix_override:/usr/lib/python3/dist-packages/colcon_core/task/python/colcon_distutils_commands:/home/dyddl2082/MacRobot/src/install/macrobot_arm_commissioning/lib/python3.12/site-packages:/home/dyddl2082/MacRobot/src/install/macrobot_arm_control/lib/python3.12/site-packages:/home/dyddl2082/MacRobot/src/install/macrobot_arm_kinematics/lib/python3.12/site-packages:${PYTHONPATH} /usr/bin/python3 -W ignore:setup.py install is deprecated -W ignore:easy_install command is deprecated setup.py egg_info --egg-base ../build/macrobot_arm_commissioning build --build-base /home/dyddl2082/MacRobot/src/build/macrobot_arm_commissioning/build install --record /home/dyddl2082/MacRobot/src/build/macrobot_arm_commissioning/install.log --install-scripts $base/lib/macrobot_arm_commissioning --single-version-externally-managed install_data
[66.088s] DEBUG:colcon.colcon_core.task.python.build:Available setuptools commands: update_catalog, egg_info, install, dist_info, install_egg_info, install_data, install_headers, editable_wheel, bdist_dumb, check, extract_messages, clean, symlink_data, install_lib, setopt, saveopts, bdist_egg, upload_docs, register, alias, bdist, bdist_rpm, upload, install_scripts, easy_install, build_clib, test, build_ext, init_catalog, compile_catalog, rotate, sdist, bdist_wheel, develop, build, build_scripts, build_py
[66.093s] DEBUG:colcon.colcon_core.event_handler.log_command:Invoking command in '/home/dyddl2082/MacRobot/src/macrobot_pick_pipeline': AMENT_PREFIX_PATH=/home/dyddl2082/MacRobot/src/install/macrobot_arm_control:/home/dyddl2082/MacRobot/src/install/macrobot_safe_region:/home/dyddl2082/MacRobot/src/install/macrobot_moveit_config:/home/dyddl2082/MacRobot/src/install/macrobot_description:/home/dyddl2082/MacRobot/src/install/pico_debug:/home/dyddl2082/MacRobot/src/install/macrobot_interfaces:/home/dyddl2082/MacRobot/src/install/macrobot_arm_kinematics:${AMENT_PREFIX_PATH} CMAKE_PREFIX_PATH=/home/dyddl2082/MacRobot/src/install/macrobot_safe_region:/home/dyddl2082/MacRobot/src/install/macrobot_moveit_config:/home/dyddl2082/MacRobot/src/install/macrobot_description:/home/dyddl2082/MacRobot/src/install/macrobot_interfaces:${CMAKE_PREFIX_PATH} LD_LIBRARY_PATH=/home/dyddl2082/MacRobot/src/install/macrobot_interfaces/lib:${LD_LIBRARY_PATH} PYTHONPATH=/home/dyddl2082/MacRobot/src/build/macrobot_pick_pipeline/prefix_override:/usr/lib/python3/dist-packages/colcon_core/task/python/colcon_distutils_commands:/home/dyddl2082/MacRobot/src/install/macrobot_pick_pipeline/lib/python3.12/site-packages:/home/dyddl2082/MacRobot/src/install/macrobot_arm_control/lib/python3.12/site-packages:/home/dyddl2082/MacRobot/src/install/pico_debug/lib/python3.12/site-packages:/home/dyddl2082/MacRobot/src/install/macrobot_interfaces/lib/python3.12/site-packages:/home/dyddl2082/MacRobot/src/install/macrobot_arm_kinematics/lib/python3.12/site-packages:${PYTHONPATH} /usr/bin/python3 -W ignore:setup.py install is deprecated -W ignore:easy_install command is deprecated setup.py egg_info --egg-base ../build/macrobot_pick_pipeline build --build-base /home/dyddl2082/MacRobot/src/build/macrobot_pick_pipeline/build install --record /home/dyddl2082/MacRobot/src/build/macrobot_pick_pipeline/install.log --install-scripts $base/lib/macrobot_pick_pipeline --single-version-externally-managed install_data
[66.318s] Level 1:colcon.colcon_core.environment:checking '/home/dyddl2082/MacRobot/src/install/macrobot_arm_commissioning' for CMake module files
[66.318s] DEBUG:colcon.colcon_core.event_handler.log_command:Invoked command in '/home/dyddl2082/MacRobot/src/macrobot_arm_commissioning' returned '0': AMENT_PREFIX_PATH=/home/dyddl2082/MacRobot/src/install/macrobot_arm_control:/home/dyddl2082/MacRobot/src/install/macrobot_safe_region:/home/dyddl2082/MacRobot/src/install/macrobot_moveit_config:/home/dyddl2082/MacRobot/src/install/macrobot_description:/home/dyddl2082/MacRobot/src/install/macrobot_arm_kinematics:${AMENT_PREFIX_PATH} CMAKE_PREFIX_PATH=/home/dyddl2082/MacRobot/src/install/macrobot_safe_region:/home/dyddl2082/MacRobot/src/install/macrobot_moveit_config:/home/dyddl2082/MacRobot/src/install/macrobot_description:${CMAKE_PREFIX_PATH} PYTHONPATH=/home/dyddl2082/MacRobot/src/build/macrobot_arm_commissioning/prefix_override:/usr/lib/python3/dist-packages/colcon_core/task/python/colcon_distutils_commands:/home/dyddl2082/MacRobot/src/install/macrobot_arm_commissioning/lib/python3.12/site-packages:/home/dyddl2082/MacRobot/src/install/macrobot_arm_control/lib/python3.12/site-packages:/home/dyddl2082/MacRobot/src/install/macrobot_arm_kinematics/lib/python3.12/site-packages:${PYTHONPATH} /usr/bin/python3 -W ignore:setup.py install is deprecated -W ignore:easy_install command is deprecated setup.py egg_info --egg-base ../build/macrobot_arm_commissioning build --build-base /home/dyddl2082/MacRobot/src/build/macrobot_arm_commissioning/build install --record /home/dyddl2082/MacRobot/src/build/macrobot_arm_commissioning/install.log --install-scripts $base/lib/macrobot_arm_commissioning --single-version-externally-managed install_data
[66.318s] Level 1:colcon.colcon_core.environment:checking '/home/dyddl2082/MacRobot/src/install/macrobot_arm_commissioning' for CMake config files
[66.319s] Level 1:colcon.colcon_core.environment:checking '/home/dyddl2082/MacRobot/src/install/macrobot_arm_commissioning/lib'
[66.319s] Level 1:colcon.colcon_core.environment:checking '/home/dyddl2082/MacRobot/src/install/macrobot_arm_commissioning/bin'
[66.319s] Level 1:colcon.colcon_core.environment:checking '/home/dyddl2082/MacRobot/src/install/macrobot_arm_commissioning/lib/pkgconfig/macrobot_arm_commissioning.pc'
[66.319s] Level 1:colcon.colcon_core.environment:checking '/home/dyddl2082/MacRobot/src/install/macrobot_arm_commissioning/lib/python3.12/site-packages'
[66.319s] Level 1:colcon.colcon_core.shell:create_environment_hook('macrobot_arm_commissioning', 'pythonpath')
[66.319s] INFO:colcon.colcon_core.shell:Creating environment hook '/home/dyddl2082/MacRobot/src/install/macrobot_arm_commissioning/share/macrobot_arm_commissioning/hook/pythonpath.ps1'
[66.320s] INFO:colcon.colcon_core.shell:Creating environment descriptor '/home/dyddl2082/MacRobot/src/install/macrobot_arm_commissioning/share/macrobot_arm_commissioning/hook/pythonpath.dsv'
[66.320s] INFO:colcon.colcon_core.shell:Creating environment hook '/home/dyddl2082/MacRobot/src/install/macrobot_arm_commissioning/share/macrobot_arm_commissioning/hook/pythonpath.sh'
[66.321s] Level 1:colcon.colcon_core.environment:checking '/home/dyddl2082/MacRobot/src/install/macrobot_arm_commissioning/bin'
[66.321s] Level 1:colcon.colcon_core.environment:create_environment_scripts_only(macrobot_arm_commissioning)
[66.321s] INFO:colcon.colcon_core.shell:Creating package script '/home/dyddl2082/MacRobot/src/install/macrobot_arm_commissioning/share/macrobot_arm_commissioning/package.ps1'
[66.321s] INFO:colcon.colcon_core.shell:Creating package descriptor '/home/dyddl2082/MacRobot/src/install/macrobot_arm_commissioning/share/macrobot_arm_commissioning/package.dsv'
[66.322s] INFO:colcon.colcon_core.shell:Creating package script '/home/dyddl2082/MacRobot/src/install/macrobot_arm_commissioning/share/macrobot_arm_commissioning/package.sh'
[66.322s] INFO:colcon.colcon_core.shell:Creating package script '/home/dyddl2082/MacRobot/src/install/macrobot_arm_commissioning/share/macrobot_arm_commissioning/package.bash'
[66.323s] INFO:colcon.colcon_core.shell:Creating package script '/home/dyddl2082/MacRobot/src/install/macrobot_arm_commissioning/share/macrobot_arm_commissioning/package.zsh'
[66.323s] Level 1:colcon.colcon_core.environment:create_file_with_runtime_dependencies(/home/dyddl2082/MacRobot/src/install/macrobot_arm_commissioning/share/colcon-core/packages/macrobot_arm_commissioning)
[67.155s] Level 1:colcon.colcon_core.environment:checking '/home/dyddl2082/MacRobot/src/install/macrobot_pick_pipeline' for CMake module files
[67.156s] Level 1:colcon.colcon_core.environment:checking '/home/dyddl2082/MacRobot/src/install/macrobot_pick_pipeline' for CMake config files
[67.156s] DEBUG:colcon.colcon_core.event_handler.log_command:Invoked command in '/home/dyddl2082/MacRobot/src/macrobot_pick_pipeline' returned '0': AMENT_PREFIX_PATH=/home/dyddl2082/MacRobot/src/install/macrobot_arm_control:/home/dyddl2082/MacRobot/src/install/macrobot_safe_region:/home/dyddl2082/MacRobot/src/install/macrobot_moveit_config:/home/dyddl2082/MacRobot/src/install/macrobot_description:/home/dyddl2082/MacRobot/src/install/pico_debug:/home/dyddl2082/MacRobot/src/install/macrobot_interfaces:/home/dyddl2082/MacRobot/src/install/macrobot_arm_kinematics:${AMENT_PREFIX_PATH} CMAKE_PREFIX_PATH=/home/dyddl2082/MacRobot/src/install/macrobot_safe_region:/home/dyddl2082/MacRobot/src/install/macrobot_moveit_config:/home/dyddl2082/MacRobot/src/install/macrobot_description:/home/dyddl2082/MacRobot/src/install/macrobot_interfaces:${CMAKE_PREFIX_PATH} LD_LIBRARY_PATH=/home/dyddl2082/MacRobot/src/install/macrobot_interfaces/lib:${LD_LIBRARY_PATH} PYTHONPATH=/home/dyddl2082/MacRobot/src/build/macrobot_pick_pipeline/prefix_override:/usr/lib/python3/dist-packages/colcon_core/task/python/colcon_distutils_commands:/home/dyddl2082/MacRobot/src/install/macrobot_pick_pipeline/lib/python3.12/site-packages:/home/dyddl2082/MacRobot/src/install/macrobot_arm_control/lib/python3.12/site-packages:/home/dyddl2082/MacRobot/src/install/pico_debug/lib/python3.12/site-packages:/home/dyddl2082/MacRobot/src/install/macrobot_interfaces/lib/python3.12/site-packages:/home/dyddl2082/MacRobot/src/install/macrobot_arm_kinematics/lib/python3.12/site-packages:${PYTHONPATH} /usr/bin/python3 -W ignore:setup.py install is deprecated -W ignore:easy_install command is deprecated setup.py egg_info --egg-base ../build/macrobot_pick_pipeline build --build-base /home/dyddl2082/MacRobot/src/build/macrobot_pick_pipeline/build install --record /home/dyddl2082/MacRobot/src/build/macrobot_pick_pipeline/install.log --install-scripts $base/lib/macrobot_pick_pipeline --single-version-externally-managed install_data
[67.156s] Level 1:colcon.colcon_core.environment:checking '/home/dyddl2082/MacRobot/src/install/macrobot_pick_pipeline/lib'
[67.156s] Level 1:colcon.colcon_core.environment:checking '/home/dyddl2082/MacRobot/src/install/macrobot_pick_pipeline/bin'
[67.156s] Level 1:colcon.colcon_core.environment:checking '/home/dyddl2082/MacRobot/src/install/macrobot_pick_pipeline/lib/pkgconfig/macrobot_pick_pipeline.pc'
[67.157s] Level 1:colcon.colcon_core.environment:checking '/home/dyddl2082/MacRobot/src/install/macrobot_pick_pipeline/lib/python3.12/site-packages'
[67.157s] Level 1:colcon.colcon_core.shell:create_environment_hook('macrobot_pick_pipeline', 'pythonpath')
[67.157s] INFO:colcon.colcon_core.shell:Creating environment hook '/home/dyddl2082/MacRobot/src/install/macrobot_pick_pipeline/share/macrobot_pick_pipeline/hook/pythonpath.ps1'
[67.157s] INFO:colcon.colcon_core.shell:Creating environment descriptor '/home/dyddl2082/MacRobot/src/install/macrobot_pick_pipeline/share/macrobot_pick_pipeline/hook/pythonpath.dsv'
[67.157s] INFO:colcon.colcon_core.shell:Creating environment hook '/home/dyddl2082/MacRobot/src/install/macrobot_pick_pipeline/share/macrobot_pick_pipeline/hook/pythonpath.sh'
[67.158s] Level 1:colcon.colcon_core.environment:checking '/home/dyddl2082/MacRobot/src/install/macrobot_pick_pipeline/bin'
[67.158s] Level 1:colcon.colcon_core.environment:create_environment_scripts_only(macrobot_pick_pipeline)
[67.158s] INFO:colcon.colcon_core.shell:Creating package script '/home/dyddl2082/MacRobot/src/install/macrobot_pick_pipeline/share/macrobot_pick_pipeline/package.ps1'
[67.158s] INFO:colcon.colcon_core.shell:Creating package descriptor '/home/dyddl2082/MacRobot/src/install/macrobot_pick_pipeline/share/macrobot_pick_pipeline/package.dsv'
[67.159s] INFO:colcon.colcon_core.shell:Creating package script '/home/dyddl2082/MacRobot/src/install/macrobot_pick_pipeline/share/macrobot_pick_pipeline/package.sh'
[67.159s] INFO:colcon.colcon_core.shell:Creating package script '/home/dyddl2082/MacRobot/src/install/macrobot_pick_pipeline/share/macrobot_pick_pipeline/package.bash'
[67.159s] INFO:colcon.colcon_core.shell:Creating package script '/home/dyddl2082/MacRobot/src/install/macrobot_pick_pipeline/share/macrobot_pick_pipeline/package.zsh'
[67.160s] Level 1:colcon.colcon_core.environment:create_file_with_runtime_dependencies(/home/dyddl2082/MacRobot/src/install/macrobot_pick_pipeline/share/colcon-core/packages/macrobot_pick_pipeline)
[67.160s] DEBUG:colcon.colcon_parallel_executor.executor.parallel:closing loop
[67.161s] DEBUG:colcon.colcon_parallel_executor.executor.parallel:loop closed
[67.161s] DEBUG:colcon.colcon_parallel_executor.executor.parallel:run_until_complete finished with '0'
[67.161s] DEBUG:colcon.colcon_core.event_reactor:joining thread
[67.294s] INFO:colcon.colcon_core.plugin_system:Skipping extension 'colcon_notification.desktop_notification.notify_send': Could not find 'notify-send'
[67.295s] INFO:colcon.colcon_core.plugin_system:Skipping extension 'colcon_notification.desktop_notification.terminal_notifier': Not used on non-Darwin systems
[67.295s] INFO:colcon.colcon_core.plugin_system:Skipping extension 'colcon_notification.desktop_notification.win32': Not used on non-Windows systems
[67.295s] INFO:colcon.colcon_notification.desktop_notification:Sending desktop notification using 'notify2'
[67.305s] DEBUG:colcon.colcon_notification.desktop_notification.notify2:Failed to initialize notify2: org.freedesktop.DBus.Error.ServiceUnknown: The name org.freedesktop.Notifications was not provided by any .service files
[67.305s] DEBUG:colcon.colcon_core.event_reactor:joined thread
[67.307s] INFO:colcon.colcon_core.shell:Creating prefix script '/home/dyddl2082/MacRobot/src/install/local_setup.ps1'
[67.311s] INFO:colcon.colcon_core.shell:Creating prefix util module '/home/dyddl2082/MacRobot/src/install/_local_setup_util_ps1.py'
[67.315s] INFO:colcon.colcon_core.shell:Creating prefix chain script '/home/dyddl2082/MacRobot/src/install/setup.ps1'
[67.320s] INFO:colcon.colcon_core.shell:Creating prefix script '/home/dyddl2082/MacRobot/src/install/local_setup.sh'
[67.322s] INFO:colcon.colcon_core.shell:Creating prefix util module '/home/dyddl2082/MacRobot/src/install/_local_setup_util_sh.py'
[67.323s] INFO:colcon.colcon_core.shell:Creating prefix chain script '/home/dyddl2082/MacRobot/src/install/setup.sh'
[67.325s] INFO:colcon.colcon_core.shell:Creating prefix script '/home/dyddl2082/MacRobot/src/install/local_setup.bash'
[67.326s] INFO:colcon.colcon_core.shell:Creating prefix chain script '/home/dyddl2082/MacRobot/src/install/setup.bash'
[67.327s] INFO:colcon.colcon_core.shell:Creating prefix script '/home/dyddl2082/MacRobot/src/install/local_setup.zsh'
[67.328s] INFO:colcon.colcon_core.shell:Creating prefix chain script '/home/dyddl2082/MacRobot/src/install/setup.zsh'
