q1_rad,q2_rad,q3_rad,left_tilt_servo_deg,right_lift_servo_deg,gripper_servo_deg,safe,connected,reason,contacts
-0.3891347618,0.7943951024,0,45.40844097,43.56058576,0,1,1,safe,
-0.3891347618,0.7943951024,0.0872664626,45.40844097,43.56058576,10,1,1,safe,
-0.3891347618,0.7943951024,0.1745329252,45.40844097,43.56058576,20,1,1,safe,
-0.3891347618,0.7943951024,0.2617993878,45.40844097,43.56058576,30,1,1,safe,
-0.3891347618,0.7943951024,0.3490658504,45.40844097,43.56058576,40,1,1,safe,
-0.3891347618,0.7943951024,0.436332313,45.40844097,43.56058576,50,1,1,safe,
-0.3891347618,0.7943951024,0.5235987756,45.40844097,43.56058576,60,1,1,safe,
-0.3891347618,0.7943951024,0.6108652382,45.40844097,43.56058576,70,1,1,safe,
-0.3891347618,0.7943951024,0.6981317008,45.40844097,43.56058576,80,1,1,safe,
-0.3891347618,0.7943951024,0.7853981634,45.40844097,43.56058576,90,1,1,safe,
-0.3891347618,0.7943951024,0.872664626,45.40844097,43.56058576,100,1,1,safe,
-0.3891347618,0.7943951024,0.9599310886,45.40844097,43.56058576,110,1,1,safe,
-0.3891347618,0.7943951024,1.047197551,45.40844097,43.56058576,120,1,1,safe,
-0.3891347618,0.7943951024,1.134464014,45.40844097,43.56058576,130,1,1,safe,
-0.3891347618,0.7943951024,1.221730476,45.40844097,43.56058576,140,1,1,safe,
-0.3891347618,0.7943951024,1.308996939,45.40844097,43.56058576,150,1,1,safe,
-0.3891347618,0.7943951024,1.396263402,45.40844097,43.56058576,160,1,1,safe,
-0.3891347618,0.7943951024,1.483529864,45.40844097,43.56058576,170,1,1,safe,
-0.3891347618,0.881661565,0,45.40844097,33.56058576,0,1,1,safe,
-0.3891347618,0.881661565,0.0872664626,45.40844097,33.56058576,10,1,1,safe,
-0.3891347618,0.881661565,0.1745329252,45.40844097,33.56058576,20,1,1,safe,
-0.3891347618,0.881661565,0.2617993878,45.40844097,33.56058576,30,1,1,safe,
-0.3891347618,0.881661565,0.3490658504,45.40844097,33.56058576,40,1,1,safe,
-0.3891347618,0.881661565,0.436332313,45.40844097,33.56058576,50,1,1,safe,
-0.3891347618,0.881661565,0.5235987756,45.40844097,33.56058576,60,1,1,safe,
-0.3891347618,0.881661565,0.6108652382,45.40844097,33.56058576,70,1,1,safe,
-0.3891347618,0.881661565,0.6981317008,45.40844097,33.56058576,80,1,1,safe,
-0.3891347618,0.881661565,0.7853981634,45.40844097,33.56058576,90,1,1,safe,
-0.3891347618,0.881661565,0.872664626,45.40844097,33.56058576,100,1,1,safe,
-0.3891347618,0.881661565,0.9599310886,45.40844097,33.56058576,110,1,1,safe,
-0.3891347618,0.881661565,1.047197551,45.40844097,33.56058576,120,1,1,safe,
-0.3891347618,0.881661565,1.134464014,45.40844097,33.56058576,130,1,1,safe,
-0.3891347618,0.881661565,1.221730476,45.40844097,33.56058576,140,1,1,safe,
-0.3891347618,0.881661565,1.308996939,45.40844097,33.56058576,150,1,1,safe,
-0.3891347618,0.881661565,1.396263402,45.40844097,33.56058576,160,1,1,safe,
-0.3891347618,0.881661565,1.483529864,45.40844097,33.56058576,170,1,1,safe,
-0.3891347618,0.9689280276,0,45.40844097,23.56058576,0,1,1,safe,
-0.3891347618,0.9689280276,0.0872664626,45.40844097,23.56058576,10,1,1,safe,
-0.3891347618,0.9689280276,0.1745329252,45.40844097,23.56058576,20,1,1,safe,
-0.3891347618,0.9689280276,0.2617993878,45.40844097,23.56058576,30,1,1,safe,
-0.3891347618,0.9689280276,0.3490658504,45.40844097,23.56058576,40,1,1,safe,
-0.3891347618,0.9689280276,0.436332313,45.40844097,23.56058576,50,1,1,safe,
-0.3891347618,0.9689280276,0.5235987756,45.40844097,23.56058576,60,1,1,safe,
-0.3891347618,0.9689280276,0.6108652382,45.40844097,23.56058576,70,1,1,safe,
-0.3891347618,0.9689280276,0.6981317008,45.40844097,23.56058576,80,1,1,safe,
-0.3891347618,0.9689280276,0.7853981634,45.40844097,23.56058576,90,1,1,safe,
-0.3891347618,0.9689280276,0.872664626,45.40844097,23.56058576,100,1,1,safe,
-0.3891347618,0.9689280276,0.9599310886,45.40844097,23.56058576,110,1,1,safe,
-0.3891347618,0.9689280276,1.047197551,45.40844097,23.56058576,120,1,1,safe,
-0.3891347618,0.9689280276,1.134464014,45.40844097,23.56058576,130,1,1,safe,
-0.3891347618,0.9689280276,1.221730476,45.40844097,23.56058576,140,1,1,safe,
-0.3891347618,0.9689280276,1.308996939,45.40844097,23.56058576,150,1,1,safe,
-0.3891347618,0.9689280276,1.396263402,45.40844097,23.56058576,160,1,1,safe,
-0.3891347618,0.9689280276,1.483529864,45.40844097,23.56058576,170,1,1,safe,
-0.3891347618,1.05619449,0,45.40844097,13.56058576,0,1,1,safe,
-0.3891347618,1.05619449,0.0872664626,45.40844097,13.56058576,10,1,1,safe,
-0.3891347618,1.05619449,0.1745329252,45.40844097,13.56058576,20,1,1,safe,
-0.3891347618,1.05619449,0.2617993878,45.40844097,13.56058576,30,1,1,safe,
-0.3891347618,1.05619449,0.3490658504,45.40844097,13.56058576,40,1,1,safe,
-0.3891347618,1.05619449,0.436332313,45.40844097,13.56058576,50,1,1,safe,
-0.3891347618,1.05619449,0.5235987756,45.40844097,13.56058576,60,1,1,safe,
-0.3891347618,1.05619449,0.6108652382,45.40844097,13.56058576,70,1,1,safe,
-0.3018682992,-0.427335374,0,55.40844097,173.5605858,0,1,1,safe,
-0.3018682992,-0.427335374,0.0872664626,55.40844097,173.5605858,10,1,1,safe,
-0.3018682992,-0.427335374,0.1745329252,55.40844097,173.5605858,20,1,1,safe,
-0.3018682992,-0.427335374,0.2617993878,55.40844097,173.5605858,30,1,1,safe,
-0.3018682992,-0.427335374,0.3490658504,55.40844097,173.5605858,40,1,1,safe,
-0.3018682992,-0.427335374,0.436332313,55.40844097,173.5605858,50,1,1,safe,
-0.3018682992,-0.427335374,0.5235987756,55.40844097,173.5605858,60,1,1,safe,
-0.3018682992,-0.427335374,0.6108652382,55.40844097,173.5605858,70,1,1,safe,
-0.3018682992,-0.427335374,0.6981317008,55.40844097,173.5605858,80,1,1,safe,
-0.3018682992,-0.427335374,0.7853981634,55.40844097,173.5605858,90,1,1,safe,
-0.3018682992,-0.427335374,0.872664626,55.40844097,173.5605858,100,1,1,safe,
-0.3018682992,-0.427335374,0.9599310886,55.40844097,173.5605858,110,1,1,safe,
-0.3018682992,-0.427335374,1.047197551,55.40844097,173.5605858,120,1,1,safe,
-0.3018682992,-0.427335374,1.134464014,55.40844097,173.5605858,130,1,1,safe,
-0.3018682992,-0.427335374,1.221730476,55.40844097,173.5605858,140,1,1,safe,
-0.3018682992,-0.427335374,1.308996939,55.40844097,173.5605858,150,1,1,safe,
-0.3018682992,-0.427335374,1.396263402,55.40844097,173.5605858,160,1,1,safe,
-0.3018682992,-0.427335374,1.483529864,55.40844097,173.5605858,170,1,1,safe,
-0.3018682992,-0.3400689114,0,55.40844097,163.5605858,0,1,1,safe,
-0.3018682992,-0.3400689114,0.0872664626,55.40844097,163.5605858,10,1,1,safe,
-0.3018682992,-0.3400689114,0.1745329252,55.40844097,163.5605858,20,1,1,safe,
-0.3018682992,-0.3400689114,0.2617993878,55.40844097,163.5605858,30,1,1,safe,
-0.3018682992,-0.3400689114,0.3490658504,55.40844097,163.5605858,40,1,1,safe,
-0.3018682992,-0.3400689114,0.436332313,55.40844097,163.5605858,50,1,1,safe,
-0.3018682992,-0.3400689114,0.5235987756,55.40844097,163.5605858,60,1,1,safe,
-0.3018682992,-0.3400689114,0.6108652382,55.40844097,163.5605858,70,1,1,safe,
-0.3018682992,-0.3400689114,0.6981317008,55.40844097,163.5605858,80,1,1,safe,
-0.3018682992,-0.3400689114,0.7853981634,55.40844097,163.5605858,90,1,1,safe,
-0.3018682992,-0.3400689114,0.872664626,55.40844097,163.5605858,100,1,1,safe,
-0.3018682992,-0.3400689114,0.9599310886,55.40844097,163.5605858,110,1,1,safe,
-0.3018682992,-0.3400689114,1.047197551,55.40844097,163.5605858,120,1,1,safe,
-0.3018682992,-0.3400689114,1.134464014,55.40844097,163.5605858,130,1,1,safe,
-0.3018682992,-0.3400689114,1.221730476,55.40844097,163.5605858,140,1,1,safe,
-0.3018682992,-0.3400689114,1.308996939,55.40844097,163.5605858,150,1,1,safe,
-0.3018682992,-0.3400689114,1.396263402,55.40844097,163.5605858,160,1,1,safe,
-0.3018682992,-0.3400689114,1.483529864,55.40844097,163.5605858,170,1,1,safe,
-0.3018682992,-0.2528024488,0,55.40844097,153.5605858,0,1,1,safe,
-0.3018682992,-0.2528024488,0.0872664626,55.40844097,153.5605858,10,1,1,safe,
-0.3018682992,-0.2528024488,0.1745329252,55.40844097,153.5605858,20,1,1,safe,
-0.3018682992,-0.2528024488,0.2617993878,55.40844097,153.5605858,30,1,1,safe,
-0.3018682992,-0.2528024488,0.3490658504,55.40844097,153.5605858,40,1,1,safe,
-0.3018682992,-0.2528024488,0.436332313,55.40844097,153.5605858,50,1,1,safe,
-0.3018682992,-0.2528024488,0.5235987756,55.40844097,153.5605858,60,1,1,safe,
-0.3018682992,-0.2528024488,0.6108652382,55.40844097,153.5605858,70,1,1,safe,
-0.3018682992,-0.2528024488,0.6981317008,55.40844097,153.5605858,80,1,1,safe,
-0.3018682992,-0.2528024488,0.7853981634,55.40844097,153.5605858,90,1,1,safe,
-0.3018682992,-0.2528024488,0.872664626,55.40844097,153.5605858,100,1,1,safe,
-0.3018682992,-0.2528024488,0.9599310886,55.40844097,153.5605858,110,1,1,safe,
-0.3018682992,-0.2528024488,1.047197551,55.40844097,153.5605858,120,1,1,safe,
-0.3018682992,-0.2528024488,1.134464014,55.40844097,153.5605858,130,1,1,safe,
-0.3018682992,-0.2528024488,1.221730476,55.40844097,153.5605858,140,1,1,safe,
-0.3018682992,-0.2528024488,1.308996939,55.40844097,153.5605858,150,1,1,safe,
-0.3018682992,-0.2528024488,1.396263402,55.40844097,153.5605858,160,1,1,safe,
-0.3018682992,-0.2528024488,1.483529864,55.40844097,153.5605858,170,1,1,safe,
-0.3018682992,-0.1655359862,0,55.40844097,143.5605858,0,1,1,safe,
-0.3018682992,-0.1655359862,0.0872664626,55.40844097,143.5605858,10,1,1,safe,
-0.3018682992,-0.1655359862,0.1745329252,55.40844097,143.5605858,20,1,1,safe,
-0.3018682992,-0.1655359862,0.2617993878,55.40844097,143.5605858,30,1,1,safe,
-0.3018682992,-0.1655359862,0.3490658504,55.40844097,143.5605858,40,1,1,safe,
-0.3018682992,-0.1655359862,0.436332313,55.40844097,143.5605858,50,1,1,safe,
-0.3018682992,-0.1655359862,0.5235987756,55.40844097,143.5605858,60,1,1,safe,
-0.3018682992,-0.1655359862,0.6108652382,55.40844097,143.5605858,70,1,1,safe,
-0.3018682992,-0.1655359862,0.6981317008,55.40844097,143.5605858,80,1,1,safe,
-0.3018682992,-0.1655359862,0.7853981634,55.40844097,143.5605858,90,1,1,safe,
-0.3018682992,-0.1655359862,0.872664626,55.40844097,143.5605858,100,1,1,safe,
-0.3018682992,-0.1655359862,0.9599310886,55.40844097,143.5605858,110,1,1,safe,
-0.3018682992,-0.1655359862,1.047197551,55.40844097,143.5605858,120,1,1,safe,
-0.3018682992,-0.1655359862,1.134464014,55.40844097,143.5605858,130,1,1,safe,
-0.3018682992,-0.1655359862,1.221730476,55.40844097,143.5605858,140,1,1,safe,
-0.3018682992,-0.1655359862,1.308996939,55.40844097,143.5605858,150,1,1,safe,
-0.3018682992,-0.1655359862,1.396263402,55.40844097,143.5605858,160,1,1,safe,
-0.3018682992,-0.1655359862,1.483529864,55.40844097,143.5605858,170,1,1,safe,
-0.3018682992,0.1835298642,0,55.40844097,103.5605858,0,1,1,safe,
-0.3018682992,0.1835298642,0.0872664626,55.40844097,103.5605858,10,1,1,safe,
-0.3018682992,0.1835298642,0.1745329252,55.40844097,103.5605858,20,1,1,safe,
-0.3018682992,0.1835298642,0.2617993878,55.40844097,103.5605858,30,1,1,safe,
-0.3018682992,0.1835298642,0.3490658504,55.40844097,103.5605858,40,1,1,safe,
-0.3018682992,0.1835298642,0.436332313,55.40844097,103.5605858,50,1,1,safe,
-0.3018682992,0.1835298642,0.5235987756,55.40844097,103.5605858,60,1,1,safe,
-0.3018682992,0.1835298642,0.6108652382,55.40844097,103.5605858,70,1,1,safe,
-0.3018682992,0.1835298642,0.6981317008,55.40844097,103.5605858,80,1,1,safe,
-0.3018682992,0.1835298642,0.7853981634,55.40844097,103.5605858,90,1,1,safe,
-0.3018682992,0.1835298642,0.872664626,55.40844097,103.5605858,100,1,1,safe,
-0.3018682992,0.1835298642,0.9599310886,55.40844097,103.5605858,110,1,1,safe,
-0.3018682992,0.1835298642,1.047197551,55.40844097,103.5605858,120,1,1,safe,
-0.3018682992,0.1835298642,1.134464014,55.40844097,103.5605858,130,1,1,safe,
-0.3018682992,0.1835298642,1.221730476,55.40844097,103.5605858,140,1,1,safe,
-0.3018682992,0.1835298642,1.308996939,55.40844097,103.5605858,150,1,1,safe,
-0.3018682992,0.1835298642,1.396263402,55.40844097,103.5605858,160,1,1,safe,
-0.3018682992,0.1835298642,1.483529864,55.40844097,103.5605858,170,1,1,safe,
-0.3018682992,0.2707963268,0,55.40844097,93.56058576,0,1,1,safe,
-0.3018682992,0.2707963268,0.0872664626,55.40844097,93.56058576,10,1,1,safe,
-0.3018682992,0.2707963268,0.1745329252,55.40844097,93.56058576,20,1,1,safe,
-0.3018682992,0.2707963268,0.2617993878,55.40844097,93.56058576,30,1,1,safe,
-0.3018682992,0.2707963268,0.3490658504,55.40844097,93.56058576,40,1,1,safe,
-0.3018682992,0.2707963268,0.436332313,55.40844097,93.56058576,50,1,1,safe,
-0.3018682992,0.2707963268,0.5235987756,55.40844097,93.56058576,60,1,1,safe,
-0.3018682992,0.2707963268,0.6108652382,55.40844097,93.56058576,70,1,1,safe,
-0.3018682992,0.2707963268,0.6981317008,55.40844097,93.56058576,80,1,1,safe,
-0.3018682992,0.2707963268,0.7853981634,55.40844097,93.56058576,90,1,1,safe,
-0.3018682992,0.2707963268,0.872664626,55.40844097,93.56058576,100,1,1,safe,
-0.3018682992,0.2707963268,0.9599310886,55.40844097,93.56058576,110,1,1,safe,
-0.3018682992,0.2707963268,1.047197551,55.40844097,93.56058576,120,1,1,safe,
-0.3018682992,0.2707963268,1.134464014,55.40844097,93.56058576,130,1,1,safe,
-0.3018682992,0.2707963268,1.221730476,55.40844097,93.56058576,140,1,1,safe,
-0.3018682992,0.2707963268,1.308996939,55.40844097,93.56058576,150,1,1,safe,
-0.3018682992,0.2707963268,1.396263402,55.40844097,93.56058576,160,1,1,safe,
-0.3018682992,0.2707963268,1.483529864,55.40844097,93.56058576,170,1,1,safe,
-0.3018682992,0.3580627894,0,55.40844097,83.56058576,0,1,1,safe,
-0.3018682992,0.3580627894,0.0872664626,55.40844097,83.56058576,10,1,1,safe,
-0.3018682992,0.3580627894,0.1745329252,55.40844097,83.56058576,20,1,1,safe,
-0.3018682992,0.3580627894,0.2617993878,55.40844097,83.56058576,30,1,1,safe,
-0.3018682992,0.3580627894,0.3490658504,55.40844097,83.56058576,40,1,1,safe,
-0.3018682992,0.3580627894,0.436332313,55.40844097,83.56058576,50,1,1,safe,
-0.3018682992,0.3580627894,0.5235987756,55.40844097,83.56058576,60,1,1,safe,
-0.3018682992,0.3580627894,0.6108652382,55.40844097,83.56058576,70,1,1,safe,
-0.3018682992,0.3580627894,0.6981317008,55.40844097,83.56058576,80,1,1,safe,
-0.3018682992,0.3580627894,0.7853981634,55.40844097,83.56058576,90,1,1,safe,
-0.3018682992,0.3580627894,0.872664626,55.40844097,83.56058576,100,1,1,safe,
-0.3018682992,0.3580627894,0.9599310886,55.40844097,83.56058576,110,1,1,safe,
-0.3018682992,0.3580627894,1.047197551,55.40844097,83.56058576,120,1,1,safe,
-0.3018682992,0.3580627894,1.134464014,55.40844097,83.56058576,130,1,1,safe,
-0.3018682992,0.3580627894,1.221730476,55.40844097,83.56058576,140,1,1,safe,
-0.3018682992,0.3580627894,1.308996939,55.40844097,83.56058576,150,1,1,safe,
-0.3018682992,0.3580627894,1.396263402,55.40844097,83.56058576,160,1,1,safe,
-0.3018682992,0.3580627894,1.483529864,55.40844097,83.56058576,170,1,1,safe,
-0.3018682992,0.445329252,0,55.40844097,73.56058576,0,1,1,safe,
-0.3018682992,0.445329252,0.0872664626,55.40844097,73.56058576,10,1,1,safe,
-0.3018682992,0.445329252,0.1745329252,55.40844097,73.56058576,20,1,1,safe,
-0.3018682992,0.445329252,0.2617993878,55.40844097,73.56058576,30,1,1,safe,
-0.3018682992,0.445329252,0.3490658504,55.40844097,73.56058576,40,1,1,safe,
-0.3018682992,0.445329252,0.436332313,55.40844097,73.56058576,50,1,1,safe,
-0.3018682992,0.445329252,0.5235987756,55.40844097,73.56058576,60,1,1,safe,
-0.3018682992,0.445329252,0.6108652382,55.40844097,73.56058576,70,1,1,safe,
-0.3018682992,0.445329252,0.6981317008,55.40844097,73.56058576,80,1,1,safe,
-0.3018682992,0.445329252,0.7853981634,55.40844097,73.56058576,90,1,1,safe,
-0.3018682992,0.445329252,0.872664626,55.40844097,73.56058576,100,1,1,safe,
-0.3018682992,0.445329252,0.9599310886,55.40844097,73.56058576,110,1,1,safe,
-0.3018682992,0.445329252,1.047197551,55.40844097,73.56058576,120,1,1,safe,
-0.3018682992,0.445329252,1.134464014,55.40844097,73.56058576,130,1,1,safe,
-0.3018682992,0.445329252,1.221730476,55.40844097,73.56058576,140,1,1,safe,
-0.3018682992,0.445329252,1.308996939,55.40844097,73.56058576,150,1,1,safe,
-0.3018682992,0.445329252,1.396263402,55.40844097,73.56058576,160,1,1,safe,
-0.3018682992,0.445329252,1.483529864,55.40844097,73.56058576,170,1,1,safe,
-0.3018682992,0.5325957146,0,55.40844097,63.56058576,0,1,1,safe,
-0.3018682992,0.5325957146,0.0872664626,55.40844097,63.56058576,10,1,1,safe,
-0.3018682992,0.5325957146,0.1745329252,55.40844097,63.56058576,20,1,1,safe,
-0.3018682992,0.5325957146,0.2617993878,55.40844097,63.56058576,30,1,1,safe,
-0.3018682992,0.5325957146,0.3490658504,55.40844097,63.56058576,40,1,1,safe,
-0.3018682992,0.5325957146,0.436332313,55.40844097,63.56058576,50,1,1,safe,
-0.3018682992,0.5325957146,0.5235987756,55.40844097,63.56058576,60,1,1,safe,
-0.3018682992,0.5325957146,0.6108652382,55.40844097,63.56058576,70,1,1,safe,
-0.3018682992,0.5325957146,0.6981317008,55.40844097,63.56058576,80,1,1,safe,
-0.3018682992,0.5325957146,0.7853981634,55.40844097,63.56058576,90,1,1,safe,
-0.3018682992,0.5325957146,0.872664626,55.40844097,63.56058576,100,1,1,safe,
-0.3018682992,0.5325957146,0.9599310886,55.40844097,63.56058576,110,1,1,safe,
-0.3018682992,0.5325957146,1.047197551,55.40844097,63.56058576,120,1,1,safe,
-0.3018682992,0.5325957146,1.134464014,55.40844097,63.56058576,130,1,1,safe,
-0.3018682992,0.5325957146,1.221730476,55.40844097,63.56058576,140,1,1,safe,
-0.3018682992,0.5325957146,1.308996939,55.40844097,63.56058576,150,1,1,safe,
-0.3018682992,0.5325957146,1.396263402,55.40844097,63.56058576,160,1,1,safe,
-0.3018682992,0.5325957146,1.483529864,55.40844097,63.56058576,170,1,1,safe,
-0.3018682992,0.6198621772,0,55.40844097,53.56058576,0,1,1,safe,
-0.3018682992,0.6198621772,0.0872664626,55.40844097,53.56058576,10,1,1,safe,
-0.3018682992,0.6198621772,0.1745329252,55.40844097,53.56058576,20,1,1,safe,
-0.3018682992,0.6198621772,0.2617993878,55.40844097,53.56058576,30,1,1,safe,
-0.3018682992,0.6198621772,0.3490658504,55.40844097,53.56058576,40,1,1,safe,
-0.3018682992,0.6198621772,0.436332313,55.40844097,53.56058576,50,1,1,safe,
-0.3018682992,0.6198621772,0.5235987756,55.40844097,53.56058576,60,1,1,safe,
-0.3018682992,0.6198621772,0.6108652382,55.40844097,53.56058576,70,1,1,safe,
-0.3018682992,0.6198621772,0.6981317008,55.40844097,53.56058576,80,1,1,safe,
-0.3018682992,0.6198621772,0.7853981634,55.40844097,53.56058576,90,1,1,safe,
-0.3018682992,0.6198621772,0.872664626,55.40844097,53.56058576,100,1,1,safe,
-0.3018682992,0.6198621772,0.9599310886,55.40844097,53.56058576,110,1,1,safe,
-0.3018682992,0.6198621772,1.047197551,55.40844097,53.56058576,120,1,1,safe,
-0.3018682992,0.6198621772,1.134464014,55.40844097,53.56058576,130,1,1,safe,
-0.3018682992,0.6198621772,1.221730476,55.40844097,53.56058576,140,1,1,safe,
-0.3018682992,0.6198621772,1.308996939,55.40844097,53.56058576,150,1,1,safe,
-0.3018682992,0.6198621772,1.396263402,55.40844097,53.56058576,160,1,1,safe,
-0.3018682992,0.6198621772,1.483529864,55.40844097,53.56058576,170,1,1,safe,
-0.3018682992,0.7071286398,0,55.40844097,43.56058576,0,1,1,safe,
-0.3018682992,0.7071286398,0.0872664626,55.40844097,43.56058576,10,1,1,safe,
-0.3018682992,0.7071286398,0.1745329252,55.40844097,43.56058576,20,1,1,safe,
-0.3018682992,0.7071286398,0.2617993878,55.40844097,43.56058576,30,1,1,safe,
-0.3018682992,0.7071286398,0.3490658504,55.40844097,43.56058576,40,1,1,safe,
-0.3018682992,0.7071286398,0.436332313,55.40844097,43.56058576,50,1,1,safe,
-0.3018682992,0.7071286398,0.5235987756,55.40844097,43.56058576,60,1,1,safe,
-0.3018682992,0.7071286398,0.6108652382,55.40844097,43.56058576,70,1,1,safe,
-0.3018682992,0.7071286398,0.6981317008,55.40844097,43.56058576,80,1,1,safe,
-0.3018682992,0.7071286398,0.7853981634,55.40844097,43.56058576,90,1,1,safe,
-0.3018682992,0.7071286398,0.872664626,55.40844097,43.56058576,100,1,1,safe,
-0.3018682992,0.7071286398,0.9599310886,55.40844097,43.56058576,110,1,1,safe,
-0.3018682992,0.7071286398,1.047197551,55.40844097,43.56058576,120,1,1,safe,
-0.3018682992,0.7071286398,1.134464014,55.40844097,43.56058576,130,1,1,safe,
-0.3018682992,0.7071286398,1.221730476,55.40844097,43.56058576,140,1,1,safe,
-0.3018682992,0.7071286398,1.308996939,55.40844097,43.56058576,150,1,1,safe,
-0.3018682992,0.7071286398,1.396263402,55.40844097,43.56058576,160,1,1,safe,
-0.3018682992,0.7071286398,1.483529864,55.40844097,43.56058576,170,1,1,safe,
-0.3018682992,0.7943951024,0,55.40844097,33.56058576,0,1,1,safe,
-0.3018682992,0.7943951024,0.0872664626,55.40844097,33.56058576,10,1,1,safe,
-0.3018682992,0.7943951024,0.1745329252,55.40844097,33.56058576,20,1,1,safe,
-0.3018682992,0.7943951024,0.2617993878,55.40844097,33.56058576,30,1,1,safe,
-0.3018682992,0.7943951024,0.3490658504,55.40844097,33.56058576,40,1,1,safe,
-0.3018682992,0.7943951024,0.436332313,55.40844097,33.56058576,50,1,1,safe,
-0.3018682992,0.7943951024,0.5235987756,55.40844097,33.56058576,60,1,1,safe,
-0.3018682992,0.7943951024,0.6108652382,55.40844097,33.56058576,70,1,1,safe,
-0.3018682992,0.7943951024,0.6981317008,55.40844097,33.56058576,80,1,1,safe,
-0.3018682992,0.7943951024,0.7853981634,55.40844097,33.56058576,90,1,1,safe,
-0.3018682992,0.7943951024,0.872664626,55.40844097,33.56058576,100,1,1,safe,
-0.3018682992,0.7943951024,0.9599310886,55.40844097,33.56058576,110,1,1,safe,
-0.3018682992,0.7943951024,1.047197551,55.40844097,33.56058576,120,1,1,safe,
-0.3018682992,0.7943951024,1.134464014,55.40844097,33.56058576,130,1,1,safe,
-0.3018682992,0.7943951024,1.221730476,55.40844097,33.56058576,140,1,1,safe,
-0.3018682992,0.7943951024,1.308996939,55.40844097,33.56058576,150,1,1,safe,
-0.3018682992,0.7943951024,1.396263402,55.40844097,33.56058576,160,1,1,safe,
-0.3018682992,0.7943951024,1.483529864,55.40844097,33.56058576,170,1,1,safe,
-0.3018682992,0.881661565,0,55.40844097,23.56058576,0,1,1,safe,
-0.3018682992,0.881661565,0.0872664626,55.40844097,23.56058576,10,1,1,safe,
-0.3018682992,0.881661565,0.1745329252,55.40844097,23.56058576,20,1,1,safe,
-0.3018682992,0.881661565,0.2617993878,55.40844097,23.56058576,30,1,1,safe,
-0.3018682992,0.881661565,0.3490658504,55.40844097,23.56058576,40,1,1,safe,
-0.3018682992,0.881661565,0.436332313,55.40844097,23.56058576,50,1,1,safe,
-0.3018682992,0.881661565,0.5235987756,55.40844097,23.56058576,60,1,1,safe,
-0.3018682992,0.881661565,0.6108652382,55.40844097,23.56058576,70,1,1,safe,
-0.3018682992,0.881661565,0.6981317008,55.40844097,23.56058576,80,1,1,safe,
-0.3018682992,0.881661565,0.7853981634,55.40844097,23.56058576,90,1,1,safe,
-0.3018682992,0.881661565,0.872664626,55.40844097,23.56058576,100,1,1,safe,
-0.3018682992,0.881661565,0.9599310886,55.40844097,23.56058576,110,1,1,safe,
-0.3018682992,0.881661565,1.047197551,55.40844097,23.56058576,120,1,1,safe,
-0.3018682992,0.881661565,1.134464014,55.40844097,23.56058576,130,1,1,safe,
-0.3018682992,0.881661565,1.221730476,55.40844097,23.56058576,140,1,1,safe,
-0.3018682992,0.881661565,1.308996939,55.40844097,23.56058576,150,1,1,safe,
-0.3018682992,0.881661565,1.396263402,55.40844097,23.56058576,160,1,1,safe,
-0.3018682992,0.881661565,1.483529864,55.40844097,23.56058576,170,1,1,safe,
-0.3018682992,0.9689280276,0,55.40844097,13.56058576,0,1,1,safe,
-0.3018682992,0.9689280276,0.0872664626,55.40844097,13.56058576,10,1,1,safe,
-0.3018682992,0.9689280276,0.1745329252,55.40844097,13.56058576,20,1,1,safe,
-0.3018682992,0.9689280276,0.2617993878,55.40844097,13.56058576,30,1,1,safe,
-0.3018682992,0.9689280276,0.3490658504,55.40844097,13.56058576,40,1,1,safe,
-0.3018682992,0.9689280276,0.436332313,55.40844097,13.56058576,50,1,1,safe,
-0.3018682992,0.9689280276,0.5235987756,55.40844097,13.56058576,60,1,1,safe,
-0.3018682992,0.9689280276,0.6108652382,55.40844097,13.56058576,70,1,1,safe,
-0.3018682992,0.9689280276,0.6981317008,55.40844097,13.56058576,80,1,1,safe,
-0.3018682992,0.9689280276,0.7853981634,55.40844097,13.56058576,90,1,1,safe,
-0.3018682992,1.05619449,0,55.40844097,3.560585759,0,1,1,safe,
-0.2146018366,-0.5146018366,0,65.40844097,173.5605858,0,1,1,safe,
-0.2146018366,-0.5146018366,0.0872664626,65.40844097,173.5605858,10,1,1,safe,
-0.2146018366,-0.5146018366,0.1745329252,65.40844097,173.5605858,20,1,1,safe,
-0.2146018366,-0.5146018366,0.2617993878,65.40844097,173.5605858,30,1,1,safe,
-0.2146018366,-0.5146018366,0.3490658504,65.40844097,173.5605858,40,1,1,safe,
-0.2146018366,-0.5146018366,0.436332313,65.40844097,173.5605858,50,1,1,safe,
-0.2146018366,-0.5146018366,0.5235987756,65.40844097,173.5605858,60,1,1,safe,
-0.2146018366,-0.5146018366,0.6108652382,65.40844097,173.5605858,70,1,1,safe,
-0.2146018366,-0.5146018366,0.6981317008,65.40844097,173.5605858,80,1,1,safe,
-0.2146018366,-0.5146018366,0.7853981634,65.40844097,173.5605858,90,1,1,safe,
-0.2146018366,-0.5146018366,0.872664626,65.40844097,173.5605858,100,1,1,safe,
-0.2146018366,-0.5146018366,0.9599310886,65.40844097,173.5605858,110,1,1,safe,
-0.2146018366,-0.5146018366,1.047197551,65.40844097,173.5605858,120,1,1,safe,
-0.2146018366,-0.5146018366,1.134464014,65.40844097,173.5605858,130,1,1,safe,
-0.2146018366,-0.5146018366,1.221730476,65.40844097,173.5605858,140,1,1,safe,
-0.2146018366,-0.5146018366,1.308996939,65.40844097,173.5605858,150,1,1,safe,
-0.2146018366,-0.5146018366,1.396263402,65.40844097,173.5605858,160,1,1,safe,
-0.2146018366,-0.5146018366,1.483529864,65.40844097,173.5605858,170,1,1,safe,
-0.2146018366,-0.427335374,0,65.40844097,163.5605858,0,1,1,safe,
-0.2146018366,-0.427335374,0.0872664626,65.40844097,163.5605858,10,1,1,safe,
-0.2146018366,-0.427335374,0.1745329252,65.40844097,163.5605858,20,1,1,safe,
-0.2146018366,-0.427335374,0.2617993878,65.40844097,163.5605858,30,1,1,safe,
-0.2146018366,-0.427335374,0.3490658504,65.40844097,163.5605858,40,1,1,safe,
-0.2146018366,-0.427335374,0.436332313,65.40844097,163.5605858,50,1,1,safe,
-0.2146018366,-0.427335374,0.5235987756,65.40844097,163.5605858,60,1,1,safe,
-0.2146018366,-0.427335374,0.6108652382,65.40844097,163.5605858,70,1,1,safe,
-0.2146018366,-0.427335374,0.6981317008,65.40844097,163.5605858,80,1,1,safe,
-0.2146018366,-0.427335374,0.7853981634,65.40844097,163.5605858,90,1,1,safe,
-0.2146018366,-0.427335374,0.872664626,65.40844097,163.5605858,100,1,1,safe,
-0.2146018366,-0.427335374,0.9599310886,65.40844097,163.5605858,110,1,1,safe,
-0.2146018366,-0.427335374,1.047197551,65.40844097,163.5605858,120,1,1,safe,
-0.2146018366,-0.427335374,1.134464014,65.40844097,163.5605858,130,1,1,safe,
-0.2146018366,-0.427335374,1.221730476,65.40844097,163.5605858,140,1,1,safe,
-0.2146018366,-0.427335374,1.308996939,65.40844097,163.5605858,150,1,1,safe,
-0.2146018366,-0.427335374,1.396263402,65.40844097,163.5605858,160,1,1,safe,
-0.2146018366,-0.427335374,1.483529864,65.40844097,163.5605858,170,1,1,safe,
-0.2146018366,-0.3400689114,0,65.40844097,153.5605858,0,1,1,safe,
-0.2146018366,-0.3400689114,0.0872664626,65.40844097,153.5605858,10,1,1,safe,
-0.2146018366,-0.3400689114,0.1745329252,65.40844097,153.5605858,20,1,1,safe,
-0.2146018366,-0.3400689114,0.2617993878,65.40844097,153.5605858,30,1,1,safe,
-0.2146018366,-0.3400689114,0.3490658504,65.40844097,153.5605858,40,1,1,safe,
-0.2146018366,-0.3400689114,0.436332313,65.40844097,153.5605858,50,1,1,safe,
-0.2146018366,-0.3400689114,0.5235987756,65.40844097,153.5605858,60,1,1,safe,
-0.2146018366,-0.3400689114,0.6108652382,65.40844097,153.5605858,70,1,1,safe,
-0.2146018366,-0.3400689114,0.6981317008,65.40844097,153.5605858,80,1,1,safe,
-0.2146018366,-0.3400689114,0.7853981634,65.40844097,153.5605858,90,1,1,safe,
-0.2146018366,-0.3400689114,0.872664626,65.40844097,153.5605858,100,1,1,safe,
-0.2146018366,-0.3400689114,0.9599310886,65.40844097,153.5605858,110,1,1,safe,
-0.2146018366,-0.3400689114,1.047197551,65.40844097,153.5605858,120,1,1,safe,
-0.2146018366,-0.3400689114,1.134464014,65.40844097,153.5605858,130,1,1,safe,
-0.2146018366,-0.3400689114,1.221730476,65.40844097,153.5605858,140,1,1,safe,
-0.2146018366,-0.3400689114,1.308996939,65.40844097,153.5605858,150,1,1,safe,
-0.2146018366,-0.3400689114,1.396263402,65.40844097,153.5605858,160,1,1,safe,
-0.2146018366,-0.3400689114,1.483529864,65.40844097,153.5605858,170,1,1,safe,
-0.2146018366,-0.2528024488,0,65.40844097,143.5605858,0,1,1,safe,
-0.2146018366,-0.2528024488,0.0872664626,65.40844097,143.5605858,10,1,1,safe,
-0.2146018366,-0.2528024488,0.1745329252,65.40844097,143.5605858,20,1,1,safe,
-0.2146018366,-0.2528024488,0.2617993878,65.40844097,143.5605858,30,1,1,safe,
-0.2146018366,-0.2528024488,0.3490658504,65.40844097,143.5605858,40,1,1,safe,
-0.2146018366,-0.2528024488,0.436332313,65.40844097,143.5605858,50,1,1,safe,
-0.2146018366,-0.2528024488,0.5235987756,65.40844097,143.5605858,60,1,1,safe,
-0.2146018366,-0.2528024488,0.6108652382,65.40844097,143.5605858,70,1,1,safe,
-0.2146018366,-0.2528024488,0.6981317008,65.40844097,143.5605858,80,1,1,safe,
-0.2146018366,-0.2528024488,0.7853981634,65.40844097,143.5605858,90,1,1,safe,
-0.2146018366,-0.2528024488,0.872664626,65.40844097,143.5605858,100,1,1,safe,
-0.2146018366,-0.2528024488,0.9599310886,65.40844097,143.5605858,110,1,1,safe,
-0.2146018366,-0.2528024488,1.047197551,65.40844097,143.5605858,120,1,1,safe,
-0.2146018366,-0.2528024488,1.134464014,65.40844097,143.5605858,130,1,1,safe,
-0.2146018366,-0.2528024488,1.221730476,65.40844097,143.5605858,140,1,1,safe,
-0.2146018366,-0.2528024488,1.308996939,65.40844097,143.5605858,150,1,1,safe,
-0.2146018366,-0.2528024488,1.396263402,65.40844097,143.5605858,160,1,1,safe,
-0.2146018366,-0.2528024488,1.483529864,65.40844097,143.5605858,170,1,1,safe,
-0.2146018366,-0.1655359862,0,65.40844097,133.5605858,0,1,1,safe,
-0.2146018366,-0.1655359862,0.0872664626,65.40844097,133.5605858,10,1,1,safe,
-0.2146018366,-0.1655359862,0.1745329252,65.40844097,133.5605858,20,1,1,safe,
-0.2146018366,-0.1655359862,0.2617993878,65.40844097,133.5605858,30,1,1,safe,
-0.2146018366,-0.1655359862,0.3490658504,65.40844097,133.5605858,40,1,1,safe,
-0.2146018366,-0.1655359862,0.436332313,65.40844097,133.5605858,50,1,1,safe,
-0.2146018366,-0.1655359862,0.5235987756,65.40844097,133.5605858,60,1,1,safe,
-0.2146018366,-0.1655359862,0.6108652382,65.40844097,133.5605858,70,1,1,safe,
-0.2146018366,-0.1655359862,0.6981317008,65.40844097,133.5605858,80,1,1,safe,
-0.2146018366,-0.1655359862,0.7853981634,65.40844097,133.5605858,90,1,1,safe,
-0.2146018366,-0.1655359862,0.872664626,65.40844097,133.5605858,100,1,1,safe,
-0.2146018366,-0.1655359862,0.9599310886,65.40844097,133.5605858,110,1,1,safe,
-0.2146018366,-0.1655359862,1.047197551,65.40844097,133.5605858,120,1,1,safe,
-0.2146018366,-0.1655359862,1.134464014,65.40844097,133.5605858,130,1,1,safe,
-0.2146018366,-0.1655359862,1.221730476,65.40844097,133.5605858,140,1,1,safe,
-0.2146018366,-0.1655359862,1.308996939,65.40844097,133.5605858,150,1,1,safe,
-0.2146018366,-0.1655359862,1.396263402,65.40844097,133.5605858,160,1,1,safe,
-0.2146018366,-0.1655359862,1.483529864,65.40844097,133.5605858,170,1,1,safe,
-0.2146018366,-0.0782695236,0,65.40844097,123.5605858,0,1,1,safe,
-0.2146018366,-0.0782695236,0.0872664626,65.40844097,123.5605858,10,1,1,safe,
-0.2146018366,-0.0782695236,0.1745329252,65.40844097,123.5605858,20,1,1,safe,
-0.2146018366,-0.0782695236,0.2617993878,65.40844097,123.5605858,30,1,1,safe,
-0.2146018366,-0.0782695236,0.3490658504,65.40844097,123.5605858,40,1,1,safe,
-0.2146018366,-0.0782695236,0.436332313,65.40844097,123.5605858,50,1,1,safe,
-0.2146018366,-0.0782695236,0.5235987756,65.40844097,123.5605858,60,1,1,safe,
-0.2146018366,-0.0782695236,0.6108652382,65.40844097,123.5605858,70,1,1,safe,
-0.2146018366,-0.0782695236,0.6981317008,65.40844097,123.5605858,80,1,1,safe,
-0.2146018366,-0.0782695236,0.7853981634,65.40844097,123.5605858,90,1,1,safe,
-0.2146018366,-0.0782695236,0.872664626,65.40844097,123.5605858,100,1,1,safe,
-0.2146018366,-0.0782695236,0.9599310886,65.40844097,123.5605858,110,1,1,safe,
-0.2146018366,-0.0782695236,1.047197551,65.40844097,123.5605858,120,1,1,safe,
-0.2146018366,-0.0782695236,1.134464014,65.40844097,123.5605858,130,1,1,safe,
-0.2146018366,-0.0782695236,1.221730476,65.40844097,123.5605858,140,1,1,safe,
-0.2146018366,-0.0782695236,1.308996939,65.40844097,123.5605858,150,1,1,safe,
-0.2146018366,-0.0782695236,1.396263402,65.40844097,123.5605858,160,1,1,safe,
-0.2146018366,-0.0782695236,1.483529864,65.40844097,123.5605858,170,1,1,safe,
-0.2146018366,0.008996939,0,65.40844097,113.5605858,0,1,1,safe,
-0.2146018366,0.008996939,0.0872664626,65.40844097,113.5605858,10,1,1,safe,
-0.2146018366,0.008996939,0.1745329252,65.40844097,113.5605858,20,1,1,safe,
-0.2146018366,0.008996939,0.2617993878,65.40844097,113.5605858,30,1,1,safe,
-0.2146018366,0.008996939,0.3490658504,65.40844097,113.5605858,40,1,1,safe,
-0.2146018366,0.008996939,0.436332313,65.40844097,113.5605858,50,1,1,safe,
-0.2146018366,0.008996939,0.5235987756,65.40844097,113.5605858,60,1,1,safe,
-0.2146018366,0.008996939,0.6108652382,65.40844097,113.5605858,70,1,1,safe,
-0.2146018366,0.008996939,0.6981317008,65.40844097,113.5605858,80,1,1,safe,
-0.2146018366,0.008996939,0.7853981634,65.40844097,113.5605858,90,1,1,safe,
-0.2146018366,0.008996939,0.872664626,65.40844097,113.5605858,100,1,1,safe,
-0.2146018366,0.008996939,0.9599310886,65.40844097,113.5605858,110,1,1,safe,
-0.2146018366,0.008996939,1.047197551,65.40844097,113.5605858,120,1,1,safe,
-0.2146018366,0.008996939,1.134464014,65.40844097,113.5605858,130,1,1,safe,
-0.2146018366,0.008996939,1.221730476,65.40844097,113.5605858,140,1,1,safe,
-0.2146018366,0.008996939,1.308996939,65.40844097,113.5605858,150,1,1,safe,
-0.2146018366,0.008996939,1.396263402,65.40844097,113.5605858,160,1,1,safe,
-0.2146018366,0.008996939,1.483529864,65.40844097,113.5605858,170,1,1,safe,
-0.2146018366,0.0962634016,0,65.40844097,103.5605858,0,1,1,safe,
-0.2146018366,0.0962634016,0.0872664626,65.40844097,103.5605858,10,1,1,safe,
-0.2146018366,0.0962634016,0.1745329252,65.40844097,103.5605858,20,1,1,safe,
-0.2146018366,0.0962634016,0.2617993878,65.40844097,103.5605858,30,1,1,safe,
-0.2146018366,0.0962634016,0.3490658504,65.40844097,103.5605858,40,1,1,safe,
-0.2146018366,0.0962634016,0.436332313,65.40844097,103.5605858,50,1,1,safe,
-0.2146018366,0.0962634016,0.5235987756,65.40844097,103.5605858,60,1,1,safe,
-0.2146018366,0.0962634016,0.6108652382,65.40844097,103.5605858,70,1,1,safe,
-0.2146018366,0.0962634016,0.6981317008,65.40844097,103.5605858,80,1,1,safe,
-0.2146018366,0.0962634016,0.7853981634,65.40844097,103.5605858,90,1,1,safe,
-0.2146018366,0.0962634016,0.872664626,65.40844097,103.5605858,100,1,1,safe,
-0.2146018366,0.0962634016,0.9599310886,65.40844097,103.5605858,110,1,1,safe,
-0.2146018366,0.0962634016,1.047197551,65.40844097,103.5605858,120,1,1,safe,
-0.2146018366,0.0962634016,1.134464014,65.40844097,103.5605858,130,1,1,safe,
-0.2146018366,0.0962634016,1.221730476,65.40844097,103.5605858,140,1,1,safe,
-0.2146018366,0.0962634016,1.308996939,65.40844097,103.5605858,150,1,1,safe,
-0.2146018366,0.0962634016,1.396263402,65.40844097,103.5605858,160,1,1,safe,
-0.2146018366,0.0962634016,1.483529864,65.40844097,103.5605858,170,1,1,safe,
-0.2146018366,0.1835298642,0,65.40844097,93.56058576,0,1,1,safe,
-0.2146018366,0.1835298642,0.0872664626,65.40844097,93.56058576,10,1,1,safe,
-0.2146018366,0.1835298642,0.1745329252,65.40844097,93.56058576,20,1,1,safe,
-0.2146018366,0.1835298642,0.2617993878,65.40844097,93.56058576,30,1,1,safe,
-0.2146018366,0.1835298642,0.3490658504,65.40844097,93.56058576,40,1,1,safe,
-0.2146018366,0.1835298642,0.436332313,65.40844097,93.56058576,50,1,1,safe,
-0.2146018366,0.1835298642,0.5235987756,65.40844097,93.56058576,60,1,1,safe,
-0.2146018366,0.1835298642,0.6108652382,65.40844097,93.56058576,70,1,1,safe,
-0.2146018366,0.1835298642,0.6981317008,65.40844097,93.56058576,80,1,1,safe,
-0.2146018366,0.1835298642,0.7853981634,65.40844097,93.56058576,90,1,1,safe,
-0.2146018366,0.1835298642,0.872664626,65.40844097,93.56058576,100,1,1,safe,
-0.2146018366,0.1835298642,0.9599310886,65.40844097,93.56058576,110,1,1,safe,
-0.2146018366,0.1835298642,1.047197551,65.40844097,93.56058576,120,1,1,safe,
-0.2146018366,0.1835298642,1.134464014,65.40844097,93.56058576,130,1,1,safe,
-0.2146018366,0.1835298642,1.221730476,65.40844097,93.56058576,140,1,1,safe,
-0.2146018366,0.1835298642,1.308996939,65.40844097,93.56058576,150,1,1,safe,
-0.2146018366,0.1835298642,1.396263402,65.40844097,93.56058576,160,1,1,safe,
-0.2146018366,0.1835298642,1.483529864,65.40844097,93.56058576,170,1,1,safe,
-0.2146018366,0.2707963268,0,65.40844097,83.56058576,0,1,1,safe,
-0.2146018366,0.2707963268,0.0872664626,65.40844097,83.56058576,10,1,1,safe,
-0.2146018366,0.2707963268,0.1745329252,65.40844097,83.56058576,20,1,1,safe,
-0.2146018366,0.2707963268,0.2617993878,65.40844097,83.56058576,30,1,1,safe,
-0.2146018366,0.2707963268,0.3490658504,65.40844097,83.56058576,40,1,1,safe,
-0.2146018366,0.2707963268,0.436332313,65.40844097,83.56058576,50,1,1,safe,
-0.2146018366,0.2707963268,0.5235987756,65.40844097,83.56058576,60,1,1,safe,
-0.2146018366,0.2707963268,0.6108652382,65.40844097,83.56058576,70,1,1,safe,
-0.2146018366,0.2707963268,0.6981317008,65.40844097,83.56058576,80,1,1,safe,
-0.2146018366,0.2707963268,0.7853981634,65.40844097,83.56058576,90,1,1,safe,
-0.2146018366,0.2707963268,0.872664626,65.40844097,83.56058576,100,1,1,safe,
-0.2146018366,0.2707963268,0.9599310886,65.40844097,83.56058576,110,1,1,safe,
-0.2146018366,0.2707963268,1.047197551,65.40844097,83.56058576,120,1,1,safe,
-0.2146018366,0.2707963268,1.134464014,65.40844097,83.56058576,130,1,1,safe,
-0.2146018366,0.2707963268,1.221730476,65.40844097,83.56058576,140,1,1,safe,
-0.2146018366,0.2707963268,1.308996939,65.40844097,83.56058576,150,1,1,safe,
-0.2146018366,0.2707963268,1.396263402,65.40844097,83.56058576,160,1,1,safe,
-0.2146018366,0.2707963268,1.483529864,65.40844097,83.56058576,170,1,1,safe,
-0.2146018366,0.3580627894,0,65.40844097,73.56058576,0,1,1,safe,
-0.2146018366,0.3580627894,0.0872664626,65.40844097,73.56058576,10,1,1,safe,
-0.2146018366,0.3580627894,0.1745329252,65.40844097,73.56058576,20,1,1,safe,
-0.2146018366,0.3580627894,0.2617993878,65.40844097,73.56058576,30,1,1,safe,
-0.2146018366,0.3580627894,0.3490658504,65.40844097,73.56058576,40,1,1,safe,
-0.2146018366,0.3580627894,0.436332313,65.40844097,73.56058576,50,1,1,safe,
-0.2146018366,0.3580627894,0.5235987756,65.40844097,73.56058576,60,1,1,safe,
-0.2146018366,0.3580627894,0.6108652382,65.40844097,73.56058576,70,1,1,safe,
-0.2146018366,0.3580627894,0.6981317008,65.40844097,73.56058576,80,1,1,safe,
-0.2146018366,0.3580627894,0.7853981634,65.40844097,73.56058576,90,1,1,safe,
-0.2146018366,0.3580627894,0.872664626,65.40844097,73.56058576,100,1,1,safe,
-0.2146018366,0.3580627894,0.9599310886,65.40844097,73.56058576,110,1,1,safe,
-0.2146018366,0.3580627894,1.047197551,65.40844097,73.56058576,120,1,1,safe,
-0.2146018366,0.3580627894,1.134464014,65.40844097,73.56058576,130,1,1,safe,
-0.2146018366,0.3580627894,1.221730476,65.40844097,73.56058576,140,1,1,safe,
-0.2146018366,0.3580627894,1.308996939,65.40844097,73.56058576,150,1,1,safe,
-0.2146018366,0.3580627894,1.396263402,65.40844097,73.56058576,160,1,1,safe,
-0.2146018366,0.3580627894,1.483529864,65.40844097,73.56058576,170,1,1,safe,
-0.2146018366,0.445329252,0,65.40844097,63.56058576,0,1,1,safe,
-0.2146018366,0.445329252,0.0872664626,65.40844097,63.56058576,10,1,1,safe,
-0.2146018366,0.445329252,0.1745329252,65.40844097,63.56058576,20,1,1,safe,
-0.2146018366,0.445329252,0.2617993878,65.40844097,63.56058576,30,1,1,safe,
-0.2146018366,0.445329252,0.3490658504,65.40844097,63.56058576,40,1,1,safe,
-0.2146018366,0.445329252,0.436332313,65.40844097,63.56058576,50,1,1,safe,
-0.2146018366,0.445329252,0.5235987756,65.40844097,63.56058576,60,1,1,safe,
-0.2146018366,0.445329252,0.6108652382,65.40844097,63.56058576,70,1,1,safe,
-0.2146018366,0.445329252,0.6981317008,65.40844097,63.56058576,80,1,1,safe,
-0.2146018366,0.445329252,0.7853981634,65.40844097,63.56058576,90,1,1,safe,
-0.2146018366,0.445329252,0.872664626,65.40844097,63.56058576,100,1,1,safe,
-0.2146018366,0.445329252,0.9599310886,65.40844097,63.56058576,110,1,1,safe,
-0.2146018366,0.445329252,1.047197551,65.40844097,63.56058576,120,1,1,safe,
-0.2146018366,0.445329252,1.134464014,65.40844097,63.56058576,130,1,1,safe,
-0.2146018366,0.445329252,1.221730476,65.40844097,63.56058576,140,1,1,safe,
-0.2146018366,0.445329252,1.308996939,65.40844097,63.56058576,150,1,1,safe,
-0.2146018366,0.445329252,1.396263402,65.40844097,63.56058576,160,1,1,safe,
-0.2146018366,0.445329252,1.483529864,65.40844097,63.56058576,170,1,1,safe,
-0.2146018366,0.5325957146,0,65.40844097,53.56058576,0,1,1,safe,
-0.2146018366,0.5325957146,0.0872664626,65.40844097,53.56058576,10,1,1,safe,
-0.2146018366,0.5325957146,0.1745329252,65.40844097,53.56058576,20,1,1,safe,
-0.2146018366,0.5325957146,0.2617993878,65.40844097,53.56058576,30,1,1,safe,
-0.2146018366,0.5325957146,0.3490658504,65.40844097,53.56058576,40,1,1,safe,
-0.2146018366,0.5325957146,0.436332313,65.40844097,53.56058576,50,1,1,safe,
-0.2146018366,0.5325957146,0.5235987756,65.40844097,53.56058576,60,1,1,safe,
-0.2146018366,0.5325957146,0.6108652382,65.40844097,53.56058576,70,1,1,safe,
-0.2146018366,0.5325957146,0.6981317008,65.40844097,53.56058576,80,1,1,safe,
-0.2146018366,0.5325957146,0.7853981634,65.40844097,53.56058576,90,1,1,safe,
-0.2146018366,0.5325957146,0.872664626,65.40844097,53.56058576,100,1,1,safe,
-0.2146018366,0.5325957146,0.9599310886,65.40844097,53.56058576,110,1,1,safe,
-0.2146018366,0.5325957146,1.047197551,65.40844097,53.56058576,120,1,1,safe,
-0.2146018366,0.5325957146,1.134464014,65.40844097,53.56058576,130,1,1,safe,
-0.2146018366,0.5325957146,1.221730476,65.40844097,53.56058576,140,1,1,safe,
-0.2146018366,0.5325957146,1.308996939,65.40844097,53.56058576,150,1,1,safe,
-0.2146018366,0.5325957146,1.396263402,65.40844097,53.56058576,160,1,1,safe,
-0.2146018366,0.5325957146,1.483529864,65.40844097,53.56058576,170,1,1,safe,
-0.2146018366,0.6198621772,0,65.40844097,43.56058576,0,1,1,safe,
-0.2146018366,0.6198621772,0.0872664626,65.40844097,43.56058576,10,1,1,safe,
-0.2146018366,0.6198621772,0.1745329252,65.40844097,43.56058576,20,1,1,safe,
-0.2146018366,0.6198621772,0.2617993878,65.40844097,43.56058576,30,1,1,safe,
-0.2146018366,0.6198621772,0.3490658504,65.40844097,43.56058576,40,1,1,safe,
-0.2146018366,0.6198621772,0.436332313,65.40844097,43.56058576,50,1,1,safe,
-0.2146018366,0.6198621772,0.5235987756,65.40844097,43.56058576,60,1,1,safe,
-0.2146018366,0.6198621772,0.6108652382,65.40844097,43.56058576,70,1,1,safe,
-0.2146018366,0.6198621772,0.6981317008,65.40844097,43.56058576,80,1,1,safe,
-0.2146018366,0.6198621772,0.7853981634,65.40844097,43.56058576,90,1,1,safe,
-0.2146018366,0.6198621772,0.872664626,65.40844097,43.56058576,100,1,1,safe,
-0.2146018366,0.6198621772,0.9599310886,65.40844097,43.56058576,110,1,1,safe,
-0.2146018366,0.6198621772,1.047197551,65.40844097,43.56058576,120,1,1,safe,
-0.2146018366,0.6198621772,1.134464014,65.40844097,43.56058576,130,1,1,safe,
-0.2146018366,0.6198621772,1.221730476,65.40844097,43.56058576,140,1,1,safe,
-0.2146018366,0.6198621772,1.308996939,65.40844097,43.56058576,150,1,1,safe,
-0.2146018366,0.6198621772,1.396263402,65.40844097,43.56058576,160,1,1,safe,
-0.2146018366,0.6198621772,1.483529864,65.40844097,43.56058576,170,1,1,safe,
-0.2146018366,0.7071286398,0,65.40844097,33.56058576,0,1,1,safe,
-0.2146018366,0.7071286398,0.0872664626,65.40844097,33.56058576,10,1,1,safe,
-0.2146018366,0.7071286398,0.1745329252,65.40844097,33.56058576,20,1,1,safe,
-0.2146018366,0.7071286398,0.2617993878,65.40844097,33.56058576,30,1,1,safe,
-0.2146018366,0.7071286398,0.3490658504,65.40844097,33.56058576,40,1,1,safe,
-0.2146018366,0.7071286398,0.436332313,65.40844097,33.56058576,50,1,1,safe,
-0.2146018366,0.7071286398,0.5235987756,65.40844097,33.56058576,60,1,1,safe,
-0.2146018366,0.7071286398,0.6108652382,65.40844097,33.56058576,70,1,1,safe,
-0.2146018366,0.7071286398,0.6981317008,65.40844097,33.56058576,80,1,1,safe,
-0.2146018366,0.7071286398,0.7853981634,65.40844097,33.56058576,90,1,1,safe,
-0.2146018366,0.7071286398,0.872664626,65.40844097,33.56058576,100,1,1,safe,
-0.2146018366,0.7071286398,0.9599310886,65.40844097,33.56058576,110,1,1,safe,
-0.2146018366,0.7071286398,1.047197551,65.40844097,33.56058576,120,1,1,safe,
-0.2146018366,0.7071286398,1.134464014,65.40844097,33.56058576,130,1,1,safe,
-0.2146018366,0.7071286398,1.221730476,65.40844097,33.56058576,140,1,1,safe,
-0.2146018366,0.7071286398,1.308996939,65.40844097,33.56058576,150,1,1,safe,
-0.2146018366,0.7071286398,1.396263402,65.40844097,33.56058576,160,1,1,safe,
-0.2146018366,0.7071286398,1.483529864,65.40844097,33.56058576,170,1,1,safe,
-0.2146018366,0.7943951024,0,65.40844097,23.56058576,0,1,1,safe,
-0.2146018366,0.7943951024,0.0872664626,65.40844097,23.56058576,10,1,1,safe,
-0.2146018366,0.7943951024,0.1745329252,65.40844097,23.56058576,20,1,1,safe,
-0.2146018366,0.7943951024,0.2617993878,65.40844097,23.56058576,30,1,1,safe,
-0.2146018366,0.7943951024,0.3490658504,65.40844097,23.56058576,40,1,1,safe,
-0.2146018366,0.7943951024,0.436332313,65.40844097,23.56058576,50,1,1,safe,
-0.2146018366,0.7943951024,0.5235987756,65.40844097,23.56058576,60,1,1,safe,
-0.2146018366,0.7943951024,0.6108652382,65.40844097,23.56058576,70,1,1,safe,
-0.2146018366,0.7943951024,0.6981317008,65.40844097,23.56058576,80,1,1,safe,
-0.2146018366,0.7943951024,0.7853981634,65.40844097,23.56058576,90,1,1,safe,
-0.2146018366,0.7943951024,0.872664626,65.40844097,23.56058576,100,1,1,safe,
-0.2146018366,0.7943951024,0.9599310886,65.40844097,23.56058576,110,1,1,safe,
-0.2146018366,0.7943951024,1.047197551,65.40844097,23.56058576,120,1,1,safe,
-0.2146018366,0.7943951024,1.134464014,65.40844097,23.56058576,130,1,1,safe,
-0.2146018366,0.7943951024,1.221730476,65.40844097,23.56058576,140,1,1,safe,
-0.2146018366,0.7943951024,1.308996939,65.40844097,23.56058576,150,1,1,safe,
-0.2146018366,0.7943951024,1.396263402,65.40844097,23.56058576,160,1,1,safe,
-0.2146018366,0.7943951024,1.483529864,65.40844097,23.56058576,170,1,1,safe,
-0.2146018366,0.881661565,0,65.40844097,13.56058576,0,1,1,safe,
-0.2146018366,0.881661565,0.0872664626,65.40844097,13.56058576,10,1,1,safe,
-0.2146018366,0.881661565,0.1745329252,65.40844097,13.56058576,20,1,1,safe,
-0.2146018366,0.881661565,0.2617993878,65.40844097,13.56058576,30,1,1,safe,
-0.2146018366,0.881661565,0.3490658504,65.40844097,13.56058576,40,1,1,safe,
-0.2146018366,0.881661565,0.436332313,65.40844097,13.56058576,50,1,1,safe,
-0.2146018366,0.881661565,0.5235987756,65.40844097,13.56058576,60,1,1,safe,
-0.2146018366,0.881661565,0.6108652382,65.40844097,13.56058576,70,1,1,safe,
-0.2146018366,0.881661565,0.6981317008,65.40844097,13.56058576,80,1,1,safe,
-0.2146018366,0.881661565,0.7853981634,65.40844097,13.56058576,90,1,1,safe,
-0.2146018366,0.881661565,0.872664626,65.40844097,13.56058576,100,1,1,safe,
-0.2146018366,0.881661565,0.9599310886,65.40844097,13.56058576,110,1,1,safe,
-0.2146018366,0.881661565,1.047197551,65.40844097,13.56058576,120,1,1,safe,
-0.2146018366,0.9689280276,0,65.40844097,3.560585759,0,1,1,safe,
-0.2146018366,0.9689280276,0.0872664626,65.40844097,3.560585759,10,1,1,safe,
-0.127335374,-0.6018682992,0,75.40844097,173.5605858,0,1,1,safe,
-0.127335374,-0.6018682992,0.0872664626,75.40844097,173.5605858,10,1,1,safe,
-0.127335374,-0.6018682992,0.1745329252,75.40844097,173.5605858,20,1,1,safe,
-0.127335374,-0.6018682992,0.2617993878,75.40844097,173.5605858,30,1,1,safe,
-0.127335374,-0.6018682992,0.3490658504,75.40844097,173.5605858,40,1,1,safe,
-0.127335374,-0.6018682992,0.436332313,75.40844097,173.5605858,50,1,1,safe,
-0.127335374,-0.6018682992,0.5235987756,75.40844097,173.5605858,60,1,1,safe,
-0.127335374,-0.6018682992,0.6108652382,75.40844097,173.5605858,70,1,1,safe,
-0.127335374,-0.6018682992,0.6981317008,75.40844097,173.5605858,80,1,1,safe,
-0.127335374,-0.6018682992,0.7853981634,75.40844097,173.5605858,90,1,1,safe,
-0.127335374,-0.6018682992,0.872664626,75.40844097,173.5605858,100,1,1,safe,
-0.127335374,-0.6018682992,0.9599310886,75.40844097,173.5605858,110,1,1,safe,
-0.127335374,-0.6018682992,1.047197551,75.40844097,173.5605858,120,1,1,safe,
-0.127335374,-0.6018682992,1.134464014,75.40844097,173.5605858,130,1,1,safe,
-0.127335374,-0.6018682992,1.221730476,75.40844097,173.5605858,140,1,1,safe,
-0.127335374,-0.6018682992,1.308996939,75.40844097,173.5605858,150,1,1,safe,
-0.127335374,-0.6018682992,1.396263402,75.40844097,173.5605858,160,1,1,safe,
-0.127335374,-0.6018682992,1.483529864,75.40844097,173.5605858,170,1,1,safe,
-0.127335374,-0.5146018366,0,75.40844097,163.5605858,0,1,1,safe,
-0.127335374,-0.5146018366,0.0872664626,75.40844097,163.5605858,10,1,1,safe,
-0.127335374,-0.5146018366,0.1745329252,75.40844097,163.5605858,20,1,1,safe,
-0.127335374,-0.5146018366,0.2617993878,75.40844097,163.5605858,30,1,1,safe,
-0.127335374,-0.5146018366,0.3490658504,75.40844097,163.5605858,40,1,1,safe,
-0.127335374,-0.5146018366,0.436332313,75.40844097,163.5605858,50,1,1,safe,
-0.127335374,-0.5146018366,0.5235987756,75.40844097,163.5605858,60,1,1,safe,
-0.127335374,-0.5146018366,0.6108652382,75.40844097,163.5605858,70,1,1,safe,
-0.127335374,-0.5146018366,0.6981317008,75.40844097,163.5605858,80,1,1,safe,
-0.127335374,-0.5146018366,0.7853981634,75.40844097,163.5605858,90,1,1,safe,
-0.127335374,-0.5146018366,0.872664626,75.40844097,163.5605858,100,1,1,safe,
-0.127335374,-0.5146018366,0.9599310886,75.40844097,163.5605858,110,1,1,safe,
-0.127335374,-0.5146018366,1.047197551,75.40844097,163.5605858,120,1,1,safe,
-0.127335374,-0.5146018366,1.134464014,75.40844097,163.5605858,130,1,1,safe,
-0.127335374,-0.5146018366,1.221730476,75.40844097,163.5605858,140,1,1,safe,
-0.127335374,-0.5146018366,1.308996939,75.40844097,163.5605858,150,1,1,safe,
-0.127335374,-0.5146018366,1.396263402,75.40844097,163.5605858,160,1,1,safe,
-0.127335374,-0.5146018366,1.483529864,75.40844097,163.5605858,170,1,1,safe,
-0.127335374,-0.427335374,0,75.40844097,153.5605858,0,1,1,safe,
-0.127335374,-0.427335374,0.0872664626,75.40844097,153.5605858,10,1,1,safe,
-0.127335374,-0.427335374,0.1745329252,75.40844097,153.5605858,20,1,1,safe,
-0.127335374,-0.427335374,0.2617993878,75.40844097,153.5605858,30,1,1,safe,
-0.127335374,-0.427335374,0.3490658504,75.40844097,153.5605858,40,1,1,safe,
-0.127335374,-0.427335374,0.436332313,75.40844097,153.5605858,50,1,1,safe,
-0.127335374,-0.427335374,0.5235987756,75.40844097,153.5605858,60,1,1,safe,
-0.127335374,-0.427335374,0.6108652382,75.40844097,153.5605858,70,1,1,safe,
-0.127335374,-0.427335374,0.6981317008,75.40844097,153.5605858,80,1,1,safe,
-0.127335374,-0.427335374,0.7853981634,75.40844097,153.5605858,90,1,1,safe,
-0.127335374,-0.427335374,0.872664626,75.40844097,153.5605858,100,1,1,safe,
-0.127335374,-0.427335374,0.9599310886,75.40844097,153.5605858,110,1,1,safe,
-0.127335374,-0.427335374,1.047197551,75.40844097,153.5605858,120,1,1,safe,
-0.127335374,-0.427335374,1.134464014,75.40844097,153.5605858,130,1,1,safe,
-0.127335374,-0.427335374,1.221730476,75.40844097,153.5605858,140,1,1,safe,
-0.127335374,-0.427335374,1.308996939,75.40844097,153.5605858,150,1,1,safe,
-0.127335374,-0.427335374,1.396263402,75.40844097,153.5605858,160,1,1,safe,
-0.127335374,-0.427335374,1.483529864,75.40844097,153.5605858,170,1,1,safe,
-0.127335374,-0.3400689114,0,75.40844097,143.5605858,0,1,1,safe,
-0.127335374,-0.3400689114,0.0872664626,75.40844097,143.5605858,10,1,1,safe,
-0.127335374,-0.3400689114,0.1745329252,75.40844097,143.5605858,20,1,1,safe,
-0.127335374,-0.3400689114,0.2617993878,75.40844097,143.5605858,30,1,1,safe,
-0.127335374,-0.3400689114,0.3490658504,75.40844097,143.5605858,40,1,1,safe,
-0.127335374,-0.3400689114,0.436332313,75.40844097,143.5605858,50,1,1,safe,
-0.127335374,-0.3400689114,0.5235987756,75.40844097,143.5605858,60,1,1,safe,
-0.127335374,-0.3400689114,0.6108652382,75.40844097,143.5605858,70,1,1,safe,
-0.127335374,-0.3400689114,0.6981317008,75.40844097,143.5605858,80,1,1,safe,
-0.127335374,-0.3400689114,0.7853981634,75.40844097,143.5605858,90,1,1,safe,
-0.127335374,-0.3400689114,0.872664626,75.40844097,143.5605858,100,1,1,safe,
-0.127335374,-0.3400689114,0.9599310886,75.40844097,143.5605858,110,1,1,safe,
-0.127335374,-0.3400689114,1.047197551,75.40844097,143.5605858,120,1,1,safe,
-0.127335374,-0.3400689114,1.134464014,75.40844097,143.5605858,130,1,1,safe,
-0.127335374,-0.3400689114,1.221730476,75.40844097,143.5605858,140,1,1,safe,
-0.127335374,-0.3400689114,1.308996939,75.40844097,143.5605858,150,1,1,safe,
-0.127335374,-0.3400689114,1.396263402,75.40844097,143.5605858,160,1,1,safe,
-0.127335374,-0.3400689114,1.483529864,75.40844097,143.5605858,170,1,1,safe,
-0.127335374,-0.2528024488,0,75.40844097,133.5605858,0,1,1,safe,
-0.127335374,-0.2528024488,0.0872664626,75.40844097,133.5605858,10,1,1,safe,
-0.127335374,-0.2528024488,0.1745329252,75.40844097,133.5605858,20,1,1,safe,
-0.127335374,-0.2528024488,0.2617993878,75.40844097,133.5605858,30,1,1,safe,
-0.127335374,-0.2528024488,0.3490658504,75.40844097,133.5605858,40,1,1,safe,
-0.127335374,-0.2528024488,0.436332313,75.40844097,133.5605858,50,1,1,safe,
-0.127335374,-0.2528024488,0.5235987756,75.40844097,133.5605858,60,1,1,safe,
-0.127335374,-0.2528024488,0.6108652382,75.40844097,133.5605858,70,1,1,safe,
-0.127335374,-0.2528024488,0.6981317008,75.40844097,133.5605858,80,1,1,safe,
-0.127335374,-0.2528024488,0.7853981634,75.40844097,133.5605858,90,1,1,safe,
-0.127335374,-0.2528024488,0.872664626,75.40844097,133.5605858,100,1,1,safe,
-0.127335374,-0.2528024488,0.9599310886,75.40844097,133.5605858,110,1,1,safe,
-0.127335374,-0.2528024488,1.047197551,75.40844097,133.5605858,120,1,1,safe,
-0.127335374,-0.2528024488,1.134464014,75.40844097,133.5605858,130,1,1,safe,
-0.127335374,-0.2528024488,1.221730476,75.40844097,133.5605858,140,1,1,safe,
-0.127335374,-0.2528024488,1.308996939,75.40844097,133.5605858,150,1,1,safe,
-0.127335374,-0.2528024488,1.396263402,75.40844097,133.5605858,160,1,1,safe,
-0.127335374,-0.2528024488,1.483529864,75.40844097,133.5605858,170,1,1,safe,
-0.127335374,-0.1655359862,0,75.40844097,123.5605858,0,1,1,safe,
-0.127335374,-0.1655359862,0.0872664626,75.40844097,123.5605858,10,1,1,safe,
-0.127335374,-0.1655359862,0.1745329252,75.40844097,123.5605858,20,1,1,safe,
-0.127335374,-0.1655359862,0.2617993878,75.40844097,123.5605858,30,1,1,safe,
-0.127335374,-0.1655359862,0.3490658504,75.40844097,123.5605858,40,1,1,safe,
-0.127335374,-0.1655359862,0.436332313,75.40844097,123.5605858,50,1,1,safe,
-0.127335374,-0.1655359862,0.5235987756,75.40844097,123.5605858,60,1,1,safe,
-0.127335374,-0.1655359862,0.6108652382,75.40844097,123.5605858,70,1,1,safe,
-0.127335374,-0.1655359862,0.6981317008,75.40844097,123.5605858,80,1,1,safe,
-0.127335374,-0.1655359862,0.7853981634,75.40844097,123.5605858,90,1,1,safe,
-0.127335374,-0.1655359862,0.872664626,75.40844097,123.5605858,100,1,1,safe,
-0.127335374,-0.1655359862,0.9599310886,75.40844097,123.5605858,110,1,1,safe,
-0.127335374,-0.1655359862,1.047197551,75.40844097,123.5605858,120,1,1,safe,
-0.127335374,-0.1655359862,1.134464014,75.40844097,123.5605858,130,1,1,safe,
-0.127335374,-0.1655359862,1.221730476,75.40844097,123.5605858,140,1,1,safe,
-0.127335374,-0.1655359862,1.308996939,75.40844097,123.5605858,150,1,1,safe,
-0.127335374,-0.1655359862,1.396263402,75.40844097,123.5605858,160,1,1,safe,
-0.127335374,-0.1655359862,1.483529864,75.40844097,123.5605858,170,1,1,safe,
-0.127335374,-0.0782695236,0,75.40844097,113.5605858,0,1,1,safe,
-0.127335374,-0.0782695236,0.0872664626,75.40844097,113.5605858,10,1,1,safe,
-0.127335374,-0.0782695236,0.1745329252,75.40844097,113.5605858,20,1,1,safe,
-0.127335374,-0.0782695236,0.2617993878,75.40844097,113.5605858,30,1,1,safe,
-0.127335374,-0.0782695236,0.3490658504,75.40844097,113.5605858,40,1,1,safe,
-0.127335374,-0.0782695236,0.436332313,75.40844097,113.5605858,50,1,1,safe,
-0.127335374,-0.0782695236,0.5235987756,75.40844097,113.5605858,60,1,1,safe,
-0.127335374,-0.0782695236,0.6108652382,75.40844097,113.5605858,70,1,1,safe,
-0.127335374,-0.0782695236,0.6981317008,75.40844097,113.5605858,80,1,1,safe,
-0.127335374,-0.0782695236,0.7853981634,75.40844097,113.5605858,90,1,1,safe,
-0.127335374,-0.0782695236,0.872664626,75.40844097,113.5605858,100,1,1,safe,
-0.127335374,-0.0782695236,0.9599310886,75.40844097,113.5605858,110,1,1,safe,
-0.127335374,-0.0782695236,1.047197551,75.40844097,113.5605858,120,1,1,safe,
-0.127335374,-0.0782695236,1.134464014,75.40844097,113.5605858,130,1,1,safe,
-0.127335374,-0.0782695236,1.221730476,75.40844097,113.5605858,140,1,1,safe,
-0.127335374,-0.0782695236,1.308996939,75.40844097,113.5605858,150,1,1,safe,
-0.127335374,-0.0782695236,1.396263402,75.40844097,113.5605858,160,1,1,safe,
-0.127335374,-0.0782695236,1.483529864,75.40844097,113.5605858,170,1,1,safe,
-0.127335374,0.008996939,0,75.40844097,103.5605858,0,1,1,safe,
-0.127335374,0.008996939,0.0872664626,75.40844097,103.5605858,10,1,1,safe,
-0.127335374,0.008996939,0.1745329252,75.40844097,103.5605858,20,1,1,safe,
-0.127335374,0.008996939,0.2617993878,75.40844097,103.5605858,30,1,1,safe,
-0.127335374,0.008996939,0.3490658504,75.40844097,103.5605858,40,1,1,safe,
-0.127335374,0.008996939,0.436332313,75.40844097,103.5605858,50,1,1,safe,
-0.127335374,0.008996939,0.5235987756,75.40844097,103.5605858,60,1,1,safe,
-0.127335374,0.008996939,0.6108652382,75.40844097,103.5605858,70,1,1,safe,
-0.127335374,0.008996939,0.6981317008,75.40844097,103.5605858,80,1,1,safe,
-0.127335374,0.008996939,0.7853981634,75.40844097,103.5605858,90,1,1,safe,
-0.127335374,0.008996939,0.872664626,75.40844097,103.5605858,100,1,1,safe,
-0.127335374,0.008996939,0.9599310886,75.40844097,103.5605858,110,1,1,safe,
-0.127335374,0.008996939,1.047197551,75.40844097,103.5605858,120,1,1,safe,
-0.127335374,0.008996939,1.134464014,75.40844097,103.5605858,130,1,1,safe,
-0.127335374,0.008996939,1.221730476,75.40844097,103.5605858,140,1,1,safe,
-0.127335374,0.008996939,1.308996939,75.40844097,103.5605858,150,1,1,safe,
-0.127335374,0.008996939,1.396263402,75.40844097,103.5605858,160,1,1,safe,
-0.127335374,0.008996939,1.483529864,75.40844097,103.5605858,170,1,1,safe,
-0.127335374,0.0962634016,0,75.40844097,93.56058576,0,1,1,safe,
-0.127335374,0.0962634016,0.0872664626,75.40844097,93.56058576,10,1,1,safe,
-0.127335374,0.0962634016,0.1745329252,75.40844097,93.56058576,20,1,1,safe,
-0.127335374,0.0962634016,0.2617993878,75.40844097,93.56058576,30,1,1,safe,
-0.127335374,0.0962634016,0.3490658504,75.40844097,93.56058576,40,1,1,safe,
-0.127335374,0.0962634016,0.436332313,75.40844097,93.56058576,50,1,1,safe,
-0.127335374,0.0962634016,0.5235987756,75.40844097,93.56058576,60,1,1,safe,
-0.127335374,0.0962634016,0.6108652382,75.40844097,93.56058576,70,1,1,safe,
-0.127335374,0.0962634016,0.6981317008,75.40844097,93.56058576,80,1,1,safe,
-0.127335374,0.0962634016,0.7853981634,75.40844097,93.56058576,90,1,1,safe,
-0.127335374,0.0962634016,0.872664626,75.40844097,93.56058576,100,1,1,safe,
-0.127335374,0.0962634016,0.9599310886,75.40844097,93.56058576,110,1,1,safe,
-0.127335374,0.0962634016,1.047197551,75.40844097,93.56058576,120,1,1,safe,
-0.127335374,0.0962634016,1.134464014,75.40844097,93.56058576,130,1,1,safe,
-0.127335374,0.0962634016,1.221730476,75.40844097,93.56058576,140,1,1,safe,
-0.127335374,0.0962634016,1.308996939,75.40844097,93.56058576,150,1,1,safe,
-0.127335374,0.0962634016,1.396263402,75.40844097,93.56058576,160,1,1,safe,
-0.127335374,0.0962634016,1.483529864,75.40844097,93.56058576,170,1,1,safe,
-0.127335374,0.1835298642,0,75.40844097,83.56058576,0,1,1,safe,
-0.127335374,0.1835298642,0.0872664626,75.40844097,83.56058576,10,1,1,safe,
-0.127335374,0.1835298642,0.1745329252,75.40844097,83.56058576,20,1,1,safe,
-0.127335374,0.1835298642,0.2617993878,75.40844097,83.56058576,30,1,1,safe,
-0.127335374,0.1835298642,0.3490658504,75.40844097,83.56058576,40,1,1,safe,
-0.127335374,0.1835298642,0.436332313,75.40844097,83.56058576,50,1,1,safe,
-0.127335374,0.1835298642,0.5235987756,75.40844097,83.56058576,60,1,1,safe,
-0.127335374,0.1835298642,0.6108652382,75.40844097,83.56058576,70,1,1,safe,
-0.127335374,0.1835298642,0.6981317008,75.40844097,83.56058576,80,1,1,safe,
-0.127335374,0.1835298642,0.7853981634,75.40844097,83.56058576,90,1,1,safe,
-0.127335374,0.1835298642,0.872664626,75.40844097,83.56058576,100,1,1,safe,
-0.127335374,0.1835298642,0.9599310886,75.40844097,83.56058576,110,1,1,safe,
-0.127335374,0.1835298642,1.047197551,75.40844097,83.56058576,120,1,1,safe,
-0.127335374,0.1835298642,1.134464014,75.40844097,83.56058576,130,1,1,safe,
-0.127335374,0.1835298642,1.221730476,75.40844097,83.56058576,140,1,1,safe,
-0.127335374,0.1835298642,1.308996939,75.40844097,83.56058576,150,1,1,safe,
-0.127335374,0.1835298642,1.396263402,75.40844097,83.56058576,160,1,1,safe,
-0.127335374,0.1835298642,1.483529864,75.40844097,83.56058576,170,1,1,safe,
-0.127335374,0.2707963268,0,75.40844097,73.56058576,0,1,1,safe,
-0.127335374,0.2707963268,0.0872664626,75.40844097,73.56058576,10,1,1,safe,
-0.127335374,0.2707963268,0.1745329252,75.40844097,73.56058576,20,1,1,safe,
-0.127335374,0.2707963268,0.2617993878,75.40844097,73.56058576,30,1,1,safe,
-0.127335374,0.2707963268,0.3490658504,75.40844097,73.56058576,40,1,1,safe,
-0.127335374,0.2707963268,0.436332313,75.40844097,73.56058576,50,1,1,safe,
-0.127335374,0.2707963268,0.5235987756,75.40844097,73.56058576,60,1,1,safe,
-0.127335374,0.2707963268,0.6108652382,75.40844097,73.56058576,70,1,1,safe,
-0.127335374,0.2707963268,0.6981317008,75.40844097,73.56058576,80,1,1,safe,
-0.127335374,0.2707963268,0.7853981634,75.40844097,73.56058576,90,1,1,safe,
-0.127335374,0.2707963268,0.872664626,75.40844097,73.56058576,100,1,1,safe,
-0.127335374,0.2707963268,0.9599310886,75.40844097,73.56058576,110,1,1,safe,
-0.127335374,0.2707963268,1.047197551,75.40844097,73.56058576,120,1,1,safe,
-0.127335374,0.2707963268,1.134464014,75.40844097,73.56058576,130,1,1,safe,
-0.127335374,0.2707963268,1.221730476,75.40844097,73.56058576,140,1,1,safe,
-0.127335374,0.2707963268,1.308996939,75.40844097,73.56058576,150,1,1,safe,
-0.127335374,0.2707963268,1.396263402,75.40844097,73.56058576,160,1,1,safe,
-0.127335374,0.2707963268,1.483529864,75.40844097,73.56058576,170,1,1,safe,
-0.127335374,0.3580627894,0,75.40844097,63.56058576,0,1,1,safe,
-0.127335374,0.3580627894,0.0872664626,75.40844097,63.56058576,10,1,1,safe,
-0.127335374,0.3580627894,0.1745329252,75.40844097,63.56058576,20,1,1,safe,
-0.127335374,0.3580627894,0.2617993878,75.40844097,63.56058576,30,1,1,safe,
-0.127335374,0.3580627894,0.3490658504,75.40844097,63.56058576,40,1,1,safe,
-0.127335374,0.3580627894,0.436332313,75.40844097,63.56058576,50,1,1,safe,
-0.127335374,0.3580627894,0.5235987756,75.40844097,63.56058576,60,1,1,safe,
-0.127335374,0.3580627894,0.6108652382,75.40844097,63.56058576,70,1,1,safe,
-0.127335374,0.3580627894,0.6981317008,75.40844097,63.56058576,80,1,1,safe,
-0.127335374,0.3580627894,0.7853981634,75.40844097,63.56058576,90,1,1,safe,
-0.127335374,0.3580627894,0.872664626,75.40844097,63.56058576,100,1,1,safe,
-0.127335374,0.3580627894,0.9599310886,75.40844097,63.56058576,110,1,1,safe,
-0.127335374,0.3580627894,1.047197551,75.40844097,63.56058576,120,1,1,safe,
-0.127335374,0.3580627894,1.134464014,75.40844097,63.56058576,130,1,1,safe,
-0.127335374,0.3580627894,1.221730476,75.40844097,63.56058576,140,1,1,safe,
-0.127335374,0.3580627894,1.308996939,75.40844097,63.56058576,150,1,1,safe,
-0.127335374,0.3580627894,1.396263402,75.40844097,63.56058576,160,1,1,safe,
-0.127335374,0.3580627894,1.483529864,75.40844097,63.56058576,170,1,1,safe,
-0.127335374,0.445329252,0,75.40844097,53.56058576,0,1,1,safe,
-0.127335374,0.445329252,0.0872664626,75.40844097,53.56058576,10,1,1,safe,
-0.127335374,0.445329252,0.1745329252,75.40844097,53.56058576,20,1,1,safe,
-0.127335374,0.445329252,0.2617993878,75.40844097,53.56058576,30,1,1,safe,
-0.127335374,0.445329252,0.3490658504,75.40844097,53.56058576,40,1,1,safe,
-0.127335374,0.445329252,0.436332313,75.40844097,53.56058576,50,1,1,safe,
-0.127335374,0.445329252,0.5235987756,75.40844097,53.56058576,60,1,1,safe,
-0.127335374,0.445329252,0.6108652382,75.40844097,53.56058576,70,1,1,safe,
-0.127335374,0.445329252,0.6981317008,75.40844097,53.56058576,80,1,1,safe,
-0.127335374,0.445329252,0.7853981634,75.40844097,53.56058576,90,1,1,safe,
-0.127335374,0.445329252,0.872664626,75.40844097,53.56058576,100,1,1,safe,
-0.127335374,0.445329252,0.9599310886,75.40844097,53.56058576,110,1,1,safe,
-0.127335374,0.445329252,1.047197551,75.40844097,53.56058576,120,1,1,safe,
-0.127335374,0.445329252,1.134464014,75.40844097,53.56058576,130,1,1,safe,
-0.127335374,0.445329252,1.221730476,75.40844097,53.56058576,140,1,1,safe,
-0.127335374,0.445329252,1.308996939,75.40844097,53.56058576,150,1,1,safe,
-0.127335374,0.445329252,1.396263402,75.40844097,53.56058576,160,1,1,safe,
-0.127335374,0.445329252,1.483529864,75.40844097,53.56058576,170,1,1,safe,
-0.127335374,0.5325957146,0,75.40844097,43.56058576,0,1,1,safe,
-0.127335374,0.5325957146,0.0872664626,75.40844097,43.56058576,10,1,1,safe,
-0.127335374,0.5325957146,0.1745329252,75.40844097,43.56058576,20,1,1,safe,
-0.127335374,0.5325957146,0.2617993878,75.40844097,43.56058576,30,1,1,safe,
-0.127335374,0.5325957146,0.3490658504,75.40844097,43.56058576,40,1,1,safe,
-0.127335374,0.5325957146,0.436332313,75.40844097,43.56058576,50,1,1,safe,
-0.127335374,0.5325957146,0.5235987756,75.40844097,43.56058576,60,1,1,safe,
-0.127335374,0.5325957146,0.6108652382,75.40844097,43.56058576,70,1,1,safe,
-0.127335374,0.5325957146,0.6981317008,75.40844097,43.56058576,80,1,1,safe,
-0.127335374,0.5325957146,0.7853981634,75.40844097,43.56058576,90,1,1,safe,
-0.127335374,0.5325957146,0.872664626,75.40844097,43.56058576,100,1,1,safe,
-0.127335374,0.5325957146,0.9599310886,75.40844097,43.56058576,110,1,1,safe,
-0.127335374,0.5325957146,1.047197551,75.40844097,43.56058576,120,1,1,safe,
-0.127335374,0.5325957146,1.134464014,75.40844097,43.56058576,130,1,1,safe,
-0.127335374,0.5325957146,1.221730476,75.40844097,43.56058576,140,1,1,safe,
-0.127335374,0.5325957146,1.308996939,75.40844097,43.56058576,150,1,1,safe,
-0.127335374,0.5325957146,1.396263402,75.40844097,43.56058576,160,1,1,safe,
-0.127335374,0.5325957146,1.483529864,75.40844097,43.56058576,170,1,1,safe,
-0.127335374,0.6198621772,0,75.40844097,33.56058576,0,1,1,safe,
-0.127335374,0.6198621772,0.0872664626,75.40844097,33.56058576,10,1,1,safe,
-0.127335374,0.6198621772,0.1745329252,75.40844097,33.56058576,20,1,1,safe,
-0.127335374,0.6198621772,0.2617993878,75.40844097,33.56058576,30,1,1,safe,
-0.127335374,0.6198621772,0.3490658504,75.40844097,33.56058576,40,1,1,safe,
-0.127335374,0.6198621772,0.436332313,75.40844097,33.56058576,50,1,1,safe,
-0.127335374,0.6198621772,0.5235987756,75.40844097,33.56058576,60,1,1,safe,
-0.127335374,0.6198621772,0.6108652382,75.40844097,33.56058576,70,1,1,safe,
-0.127335374,0.6198621772,0.6981317008,75.40844097,33.56058576,80,1,1,safe,
-0.127335374,0.6198621772,0.7853981634,75.40844097,33.56058576,90,1,1,safe,
-0.127335374,0.6198621772,0.872664626,75.40844097,33.56058576,100,1,1,safe,
-0.127335374,0.6198621772,0.9599310886,75.40844097,33.56058576,110,1,1,safe,
-0.127335374,0.6198621772,1.047197551,75.40844097,33.56058576,120,1,1,safe,
-0.127335374,0.6198621772,1.134464014,75.40844097,33.56058576,130,1,1,safe,
-0.127335374,0.6198621772,1.221730476,75.40844097,33.56058576,140,1,1,safe,
-0.127335374,0.6198621772,1.308996939,75.40844097,33.56058576,150,1,1,safe,
-0.127335374,0.6198621772,1.396263402,75.40844097,33.56058576,160,1,1,safe,
-0.127335374,0.6198621772,1.483529864,75.40844097,33.56058576,170,1,1,safe,
-0.127335374,0.7071286398,0,75.40844097,23.56058576,0,1,1,safe,
-0.127335374,0.7071286398,0.0872664626,75.40844097,23.56058576,10,1,1,safe,
-0.127335374,0.7071286398,0.1745329252,75.40844097,23.56058576,20,1,1,safe,
-0.127335374,0.7071286398,0.2617993878,75.40844097,23.56058576,30,1,1,safe,
-0.127335374,0.7071286398,0.3490658504,75.40844097,23.56058576,40,1,1,safe,
-0.127335374,0.7071286398,0.436332313,75.40844097,23.56058576,50,1,1,safe,
-0.127335374,0.7071286398,0.5235987756,75.40844097,23.56058576,60,1,1,safe,
-0.127335374,0.7071286398,0.6108652382,75.40844097,23.56058576,70,1,1,safe,
-0.127335374,0.7071286398,0.6981317008,75.40844097,23.56058576,80,1,1,safe,
-0.127335374,0.7071286398,0.7853981634,75.40844097,23.56058576,90,1,1,safe,
-0.127335374,0.7071286398,0.872664626,75.40844097,23.56058576,100,1,1,safe,
-0.127335374,0.7071286398,0.9599310886,75.40844097,23.56058576,110,1,1,safe,
-0.127335374,0.7071286398,1.047197551,75.40844097,23.56058576,120,1,1,safe,
-0.127335374,0.7071286398,1.134464014,75.40844097,23.56058576,130,1,1,safe,
-0.127335374,0.7071286398,1.221730476,75.40844097,23.56058576,140,1,1,safe,
-0.127335374,0.7071286398,1.308996939,75.40844097,23.56058576,150,1,1,safe,
-0.127335374,0.7071286398,1.396263402,75.40844097,23.56058576,160,1,1,safe,
-0.127335374,0.7071286398,1.483529864,75.40844097,23.56058576,170,1,1,safe,
-0.127335374,0.7943951024,0,75.40844097,13.56058576,0,1,1,safe,
-0.127335374,0.7943951024,0.0872664626,75.40844097,13.56058576,10,1,1,safe,
-0.127335374,0.7943951024,0.1745329252,75.40844097,13.56058576,20,1,1,safe,
-0.127335374,0.7943951024,0.2617993878,75.40844097,13.56058576,30,1,1,safe,
-0.127335374,0.7943951024,0.3490658504,75.40844097,13.56058576,40,1,1,safe,
-0.127335374,0.7943951024,0.436332313,75.40844097,13.56058576,50,1,1,safe,
-0.127335374,0.7943951024,0.5235987756,75.40844097,13.56058576,60,1,1,safe,
-0.127335374,0.7943951024,0.6108652382,75.40844097,13.56058576,70,1,1,safe,
-0.127335374,0.7943951024,0.6981317008,75.40844097,13.56058576,80,1,1,safe,
-0.127335374,0.7943951024,0.7853981634,75.40844097,13.56058576,90,1,1,safe,
-0.127335374,0.7943951024,0.872664626,75.40844097,13.56058576,100,1,1,safe,
-0.127335374,0.7943951024,0.9599310886,75.40844097,13.56058576,110,1,1,safe,
-0.127335374,0.7943951024,1.047197551,75.40844097,13.56058576,120,1,1,safe,
-0.127335374,0.7943951024,1.134464014,75.40844097,13.56058576,130,1,1,safe,
-0.127335374,0.7943951024,1.221730476,75.40844097,13.56058576,140,1,1,safe,
-0.127335374,0.881661565,0,75.40844097,3.560585759,0,1,1,safe,
-0.127335374,0.881661565,0.0872664626,75.40844097,3.560585759,10,1,1,safe,
-0.127335374,0.881661565,0.1745329252,75.40844097,3.560585759,20,1,1,safe,
-0.0400689114,-0.6891347618,0,85.40844097,173.5605858,0,1,1,safe,
-0.0400689114,-0.6891347618,0.0872664626,85.40844097,173.5605858,10,1,1,safe,
-0.0400689114,-0.6891347618,0.1745329252,85.40844097,173.5605858,20,1,1,safe,
-0.0400689114,-0.6891347618,0.2617993878,85.40844097,173.5605858,30,1,1,safe,
-0.0400689114,-0.6891347618,0.3490658504,85.40844097,173.5605858,40,1,1,safe,
-0.0400689114,-0.6891347618,0.436332313,85.40844097,173.5605858,50,1,1,safe,
-0.0400689114,-0.6891347618,0.5235987756,85.40844097,173.5605858,60,1,1,safe,
-0.0400689114,-0.6891347618,0.6108652382,85.40844097,173.5605858,70,1,1,safe,
-0.0400689114,-0.6891347618,0.6981317008,85.40844097,173.5605858,80,1,1,safe,
-0.0400689114,-0.6891347618,0.7853981634,85.40844097,173.5605858,90,1,1,safe,
-0.0400689114,-0.6891347618,0.872664626,85.40844097,173.5605858,100,1,1,safe,
-0.0400689114,-0.6891347618,0.9599310886,85.40844097,173.5605858,110,1,1,safe,
-0.0400689114,-0.6891347618,1.047197551,85.40844097,173.5605858,120,1,1,safe,
-0.0400689114,-0.6891347618,1.134464014,85.40844097,173.5605858,130,1,1,safe,
-0.0400689114,-0.6891347618,1.221730476,85.40844097,173.5605858,140,1,1,safe,
-0.0400689114,-0.6891347618,1.308996939,85.40844097,173.5605858,150,1,1,safe,
-0.0400689114,-0.6891347618,1.396263402,85.40844097,173.5605858,160,1,1,safe,
-0.0400689114,-0.6891347618,1.483529864,85.40844097,173.5605858,170,1,1,safe,
-0.0400689114,-0.6018682992,0,85.40844097,163.5605858,0,1,1,safe,
-0.0400689114,-0.6018682992,0.0872664626,85.40844097,163.5605858,10,1,1,safe,
-0.0400689114,-0.6018682992,0.1745329252,85.40844097,163.5605858,20,1,1,safe,
-0.0400689114,-0.6018682992,0.2617993878,85.40844097,163.5605858,30,1,1,safe,
-0.0400689114,-0.6018682992,0.3490658504,85.40844097,163.5605858,40,1,1,safe,
-0.0400689114,-0.6018682992,0.436332313,85.40844097,163.5605858,50,1,1,safe,
-0.0400689114,-0.6018682992,0.5235987756,85.40844097,163.5605858,60,1,1,safe,
-0.0400689114,-0.6018682992,0.6108652382,85.40844097,163.5605858,70,1,1,safe,
-0.0400689114,-0.6018682992,0.6981317008,85.40844097,163.5605858,80,1,1,safe,
-0.0400689114,-0.6018682992,0.7853981634,85.40844097,163.5605858,90,1,1,safe,
-0.0400689114,-0.6018682992,0.872664626,85.40844097,163.5605858,100,1,1,safe,
-0.0400689114,-0.6018682992,0.9599310886,85.40844097,163.5605858,110,1,1,safe,
-0.0400689114,-0.6018682992,1.047197551,85.40844097,163.5605858,120,1,1,safe,
-0.0400689114,-0.6018682992,1.134464014,85.40844097,163.5605858,130,1,1,safe,
-0.0400689114,-0.6018682992,1.221730476,85.40844097,163.5605858,140,1,1,safe,
-0.0400689114,-0.6018682992,1.308996939,85.40844097,163.5605858,150,1,1,safe,
-0.0400689114,-0.6018682992,1.396263402,85.40844097,163.5605858,160,1,1,safe,
-0.0400689114,-0.6018682992,1.483529864,85.40844097,163.5605858,170,1,1,safe,
-0.0400689114,-0.5146018366,0,85.40844097,153.5605858,0,1,1,safe,
-0.0400689114,-0.5146018366,0.0872664626,85.40844097,153.5605858,10,1,1,safe,
-0.0400689114,-0.5146018366,0.1745329252,85.40844097,153.5605858,20,1,1,safe,
-0.0400689114,-0.5146018366,0.2617993878,85.40844097,153.5605858,30,1,1,safe,
-0.0400689114,-0.5146018366,0.3490658504,85.40844097,153.5605858,40,1,1,safe,
-0.0400689114,-0.5146018366,0.436332313,85.40844097,153.5605858,50,1,1,safe,
-0.0400689114,-0.5146018366,0.5235987756,85.40844097,153.5605858,60,1,1,safe,
-0.0400689114,-0.5146018366,0.6108652382,85.40844097,153.5605858,70,1,1,safe,
-0.0400689114,-0.5146018366,0.6981317008,85.40844097,153.5605858,80,1,1,safe,
-0.0400689114,-0.5146018366,0.7853981634,85.40844097,153.5605858,90,1,1,safe,
-0.0400689114,-0.5146018366,0.872664626,85.40844097,153.5605858,100,1,1,safe,
-0.0400689114,-0.5146018366,0.9599310886,85.40844097,153.5605858,110,1,1,safe,
-0.0400689114,-0.5146018366,1.047197551,85.40844097,153.5605858,120,1,1,safe,
-0.0400689114,-0.5146018366,1.134464014,85.40844097,153.5605858,130,1,1,safe,
-0.0400689114,-0.5146018366,1.221730476,85.40844097,153.5605858,140,1,1,safe,
-0.0400689114,-0.5146018366,1.308996939,85.40844097,153.5605858,150,1,1,safe,
-0.0400689114,-0.5146018366,1.396263402,85.40844097,153.5605858,160,1,1,safe,
-0.0400689114,-0.5146018366,1.483529864,85.40844097,153.5605858,170,1,1,safe,
-0.0400689114,-0.427335374,0,85.40844097,143.5605858,0,1,1,safe,
-0.0400689114,-0.427335374,0.0872664626,85.40844097,143.5605858,10,1,1,safe,
-0.0400689114,-0.427335374,0.1745329252,85.40844097,143.5605858,20,1,1,safe,
-0.0400689114,-0.427335374,0.2617993878,85.40844097,143.5605858,30,1,1,safe,
-0.0400689114,-0.427335374,0.3490658504,85.40844097,143.5605858,40,1,1,safe,
-0.0400689114,-0.427335374,0.436332313,85.40844097,143.5605858,50,1,1,safe,
-0.0400689114,-0.427335374,0.5235987756,85.40844097,143.5605858,60,1,1,safe,
-0.0400689114,-0.427335374,0.6108652382,85.40844097,143.5605858,70,1,1,safe,
-0.0400689114,-0.427335374,0.6981317008,85.40844097,143.5605858,80,1,1,safe,
-0.0400689114,-0.427335374,0.7853981634,85.40844097,143.5605858,90,1,1,safe,
-0.0400689114,-0.427335374,0.872664626,85.40844097,143.5605858,100,1,1,safe,
-0.0400689114,-0.427335374,0.9599310886,85.40844097,143.5605858,110,1,1,safe,
-0.0400689114,-0.427335374,1.047197551,85.40844097,143.5605858,120,1,1,safe,
-0.0400689114,-0.427335374,1.134464014,85.40844097,143.5605858,130,1,1,safe,
-0.0400689114,-0.427335374,1.221730476,85.40844097,143.5605858,140,1,1,safe,
-0.0400689114,-0.427335374,1.308996939,85.40844097,143.5605858,150,1,1,safe,
-0.0400689114,-0.427335374,1.396263402,85.40844097,143.5605858,160,1,1,safe,
-0.0400689114,-0.427335374,1.483529864,85.40844097,143.5605858,170,1,1,safe,
-0.0400689114,-0.3400689114,0,85.40844097,133.5605858,0,1,1,safe,
-0.0400689114,-0.3400689114,0.0872664626,85.40844097,133.5605858,10,1,1,safe,
-0.0400689114,-0.3400689114,0.1745329252,85.40844097,133.5605858,20,1,1,safe,
-0.0400689114,-0.3400689114,0.2617993878,85.40844097,133.5605858,30,1,1,safe,
-0.0400689114,-0.3400689114,0.3490658504,85.40844097,133.5605858,40,1,1,safe,
-0.0400689114,-0.3400689114,0.436332313,85.40844097,133.5605858,50,1,1,safe,
-0.0400689114,-0.3400689114,0.5235987756,85.40844097,133.5605858,60,1,1,safe,
-0.0400689114,-0.3400689114,0.6108652382,85.40844097,133.5605858,70,1,1,safe,
-0.0400689114,-0.3400689114,0.6981317008,85.40844097,133.5605858,80,1,1,safe,
-0.0400689114,-0.3400689114,0.7853981634,85.40844097,133.5605858,90,1,1,safe,
-0.0400689114,-0.3400689114,0.872664626,85.40844097,133.5605858,100,1,1,safe,
-0.0400689114,-0.3400689114,0.9599310886,85.40844097,133.5605858,110,1,1,safe,
-0.0400689114,-0.3400689114,1.047197551,85.40844097,133.5605858,120,1,1,safe,
-0.0400689114,-0.3400689114,1.134464014,85.40844097,133.5605858,130,1,1,safe,
-0.0400689114,-0.3400689114,1.221730476,85.40844097,133.5605858,140,1,1,safe,
-0.0400689114,-0.3400689114,1.308996939,85.40844097,133.5605858,150,1,1,safe,
-0.0400689114,-0.3400689114,1.396263402,85.40844097,133.5605858,160,1,1,safe,
-0.0400689114,-0.3400689114,1.483529864,85.40844097,133.5605858,170,1,1,safe,
-0.0400689114,-0.2528024488,0,85.40844097,123.5605858,0,1,1,safe,
-0.0400689114,-0.2528024488,0.0872664626,85.40844097,123.5605858,10,1,1,safe,
-0.0400689114,-0.2528024488,0.1745329252,85.40844097,123.5605858,20,1,1,safe,
-0.0400689114,-0.2528024488,0.2617993878,85.40844097,123.5605858,30,1,1,safe,
-0.0400689114,-0.2528024488,0.3490658504,85.40844097,123.5605858,40,1,1,safe,
-0.0400689114,-0.2528024488,0.436332313,85.40844097,123.5605858,50,1,1,safe,
-0.0400689114,-0.2528024488,0.5235987756,85.40844097,123.5605858,60,1,1,safe,
-0.0400689114,-0.2528024488,0.6108652382,85.40844097,123.5605858,70,1,1,safe,
-0.0400689114,-0.2528024488,0.6981317008,85.40844097,123.5605858,80,1,1,safe,
-0.0400689114,-0.2528024488,0.7853981634,85.40844097,123.5605858,90,1,1,safe,
-0.0400689114,-0.2528024488,0.872664626,85.40844097,123.5605858,100,1,1,safe,
-0.0400689114,-0.2528024488,0.9599310886,85.40844097,123.5605858,110,1,1,safe,
-0.0400689114,-0.2528024488,1.047197551,85.40844097,123.5605858,120,1,1,safe,
-0.0400689114,-0.2528024488,1.134464014,85.40844097,123.5605858,130,1,1,safe,
-0.0400689114,-0.2528024488,1.221730476,85.40844097,123.5605858,140,1,1,safe,
-0.0400689114,-0.2528024488,1.308996939,85.40844097,123.5605858,150,1,1,safe,
-0.0400689114,-0.2528024488,1.396263402,85.40844097,123.5605858,160,1,1,safe,
-0.0400689114,-0.2528024488,1.483529864,85.40844097,123.5605858,170,1,1,safe,
-0.0400689114,-0.1655359862,0,85.40844097,113.5605858,0,1,1,safe,
-0.0400689114,-0.1655359862,0.0872664626,85.40844097,113.5605858,10,1,1,safe,
-0.0400689114,-0.1655359862,0.1745329252,85.40844097,113.5605858,20,1,1,safe,
-0.0400689114,-0.1655359862,0.2617993878,85.40844097,113.5605858,30,1,1,safe,
-0.0400689114,-0.1655359862,0.3490658504,85.40844097,113.5605858,40,1,1,safe,
-0.0400689114,-0.1655359862,0.436332313,85.40844097,113.5605858,50,1,1,safe,
-0.0400689114,-0.1655359862,0.5235987756,85.40844097,113.5605858,60,1,1,safe,
-0.0400689114,-0.1655359862,0.6108652382,85.40844097,113.5605858,70,1,1,safe,
-0.0400689114,-0.1655359862,0.6981317008,85.40844097,113.5605858,80,1,1,safe,
-0.0400689114,-0.1655359862,0.7853981634,85.40844097,113.5605858,90,1,1,safe,
-0.0400689114,-0.1655359862,0.872664626,85.40844097,113.5605858,100,1,1,safe,
-0.0400689114,-0.1655359862,0.9599310886,85.40844097,113.5605858,110,1,1,safe,
-0.0400689114,-0.1655359862,1.047197551,85.40844097,113.5605858,120,1,1,safe,
-0.0400689114,-0.1655359862,1.134464014,85.40844097,113.5605858,130,1,1,safe,
-0.0400689114,-0.1655359862,1.221730476,85.40844097,113.5605858,140,1,1,safe,
-0.0400689114,-0.1655359862,1.308996939,85.40844097,113.5605858,150,1,1,safe,
-0.0400689114,-0.1655359862,1.396263402,85.40844097,113.5605858,160,1,1,safe,
-0.0400689114,-0.1655359862,1.483529864,85.40844097,113.5605858,170,1,1,safe,
-0.0400689114,-0.0782695236,0,85.40844097,103.5605858,0,1,1,safe,
-0.0400689114,-0.0782695236,0.0872664626,85.40844097,103.5605858,10,1,1,safe,
-0.0400689114,-0.0782695236,0.1745329252,85.40844097,103.5605858,20,1,1,safe,
-0.0400689114,-0.0782695236,0.2617993878,85.40844097,103.5605858,30,1,1,safe,
-0.0400689114,-0.0782695236,0.3490658504,85.40844097,103.5605858,40,1,1,safe,
-0.0400689114,-0.0782695236,0.436332313,85.40844097,103.5605858,50,1,1,safe,
-0.0400689114,-0.0782695236,0.5235987756,85.40844097,103.5605858,60,1,1,safe,
-0.0400689114,-0.0782695236,0.6108652382,85.40844097,103.5605858,70,1,1,safe,
-0.0400689114,-0.0782695236,0.6981317008,85.40844097,103.5605858,80,1,1,safe,
-0.0400689114,-0.0782695236,0.7853981634,85.40844097,103.5605858,90,1,1,safe,
-0.0400689114,-0.0782695236,0.872664626,85.40844097,103.5605858,100,1,1,safe,
-0.0400689114,-0.0782695236,0.9599310886,85.40844097,103.5605858,110,1,1,safe,
-0.0400689114,-0.0782695236,1.047197551,85.40844097,103.5605858,120,1,1,safe,
-0.0400689114,-0.0782695236,1.134464014,85.40844097,103.5605858,130,1,1,safe,
-0.0400689114,-0.0782695236,1.221730476,85.40844097,103.5605858,140,1,1,safe,
-0.0400689114,-0.0782695236,1.308996939,85.40844097,103.5605858,150,1,1,safe,
-0.0400689114,-0.0782695236,1.396263402,85.40844097,103.5605858,160,1,1,safe,
-0.0400689114,-0.0782695236,1.483529864,85.40844097,103.5605858,170,1,1,safe,
-0.0400689114,0.008996939,0,85.40844097,93.56058576,0,1,1,safe,
-0.0400689114,0.008996939,0.0872664626,85.40844097,93.56058576,10,1,1,safe,
-0.0400689114,0.008996939,0.1745329252,85.40844097,93.56058576,20,1,1,safe,
-0.0400689114,0.008996939,0.2617993878,85.40844097,93.56058576,30,1,1,safe,
-0.0400689114,0.008996939,0.3490658504,85.40844097,93.56058576,40,1,1,safe,
-0.0400689114,0.008996939,0.436332313,85.40844097,93.56058576,50,1,1,safe,
-0.0400689114,0.008996939,0.5235987756,85.40844097,93.56058576,60,1,1,safe,
-0.0400689114,0.008996939,0.6108652382,85.40844097,93.56058576,70,1,1,safe,
-0.0400689114,0.008996939,0.6981317008,85.40844097,93.56058576,80,1,1,safe,
-0.0400689114,0.008996939,0.7853981634,85.40844097,93.56058576,90,1,1,safe,
-0.0400689114,0.008996939,0.872664626,85.40844097,93.56058576,100,1,1,safe,
-0.0400689114,0.008996939,0.9599310886,85.40844097,93.56058576,110,1,1,safe,
-0.0400689114,0.008996939,1.047197551,85.40844097,93.56058576,120,1,1,safe,
-0.0400689114,0.008996939,1.134464014,85.40844097,93.56058576,130,1,1,safe,
-0.0400689114,0.008996939,1.221730476,85.40844097,93.56058576,140,1,1,safe,
-0.0400689114,0.008996939,1.308996939,85.40844097,93.56058576,150,1,1,safe,
-0.0400689114,0.008996939,1.396263402,85.40844097,93.56058576,160,1,1,safe,
-0.0400689114,0.008996939,1.483529864,85.40844097,93.56058576,170,1,1,safe,
-0.0400689114,0.0962634016,0,85.40844097,83.56058576,0,1,1,safe,
-0.0400689114,0.0962634016,0.0872664626,85.40844097,83.56058576,10,1,1,safe,
-0.0400689114,0.0962634016,0.1745329252,85.40844097,83.56058576,20,1,1,safe,
-0.0400689114,0.0962634016,0.2617993878,85.40844097,83.56058576,30,1,1,safe,
-0.0400689114,0.0962634016,0.3490658504,85.40844097,83.56058576,40,1,1,safe,
-0.0400689114,0.0962634016,0.436332313,85.40844097,83.56058576,50,1,1,safe,
-0.0400689114,0.0962634016,0.5235987756,85.40844097,83.56058576,60,1,1,safe,
-0.0400689114,0.0962634016,0.6108652382,85.40844097,83.56058576,70,1,1,safe,
-0.0400689114,0.0962634016,0.6981317008,85.40844097,83.56058576,80,1,1,safe,
-0.0400689114,0.0962634016,0.7853981634,85.40844097,83.56058576,90,1,1,safe,
-0.0400689114,0.0962634016,0.872664626,85.40844097,83.56058576,100,1,1,safe,
-0.0400689114,0.0962634016,0.9599310886,85.40844097,83.56058576,110,1,1,safe,
-0.0400689114,0.0962634016,1.047197551,85.40844097,83.56058576,120,1,1,safe,
-0.0400689114,0.0962634016,1.134464014,85.40844097,83.56058576,130,1,1,safe,
-0.0400689114,0.0962634016,1.221730476,85.40844097,83.56058576,140,1,1,safe,
-0.0400689114,0.0962634016,1.308996939,85.40844097,83.56058576,150,1,1,safe,
-0.0400689114,0.0962634016,1.396263402,85.40844097,83.56058576,160,1,1,safe,
-0.0400689114,0.0962634016,1.483529864,85.40844097,83.56058576,170,1,1,safe,
-0.0400689114,0.1835298642,0,85.40844097,73.56058576,0,1,1,safe,
-0.0400689114,0.1835298642,0.0872664626,85.40844097,73.56058576,10,1,1,safe,
-0.0400689114,0.1835298642,0.1745329252,85.40844097,73.56058576,20,1,1,safe,
-0.0400689114,0.1835298642,0.2617993878,85.40844097,73.56058576,30,1,1,safe,
-0.0400689114,0.1835298642,0.3490658504,85.40844097,73.56058576,40,1,1,safe,
-0.0400689114,0.1835298642,0.436332313,85.40844097,73.56058576,50,1,1,safe,
-0.0400689114,0.1835298642,0.5235987756,85.40844097,73.56058576,60,1,1,safe,
-0.0400689114,0.1835298642,0.6108652382,85.40844097,73.56058576,70,1,1,safe,
-0.0400689114,0.1835298642,0.6981317008,85.40844097,73.56058576,80,1,1,safe,
-0.0400689114,0.1835298642,0.7853981634,85.40844097,73.56058576,90,1,1,safe,
-0.0400689114,0.1835298642,0.872664626,85.40844097,73.56058576,100,1,1,safe,
-0.0400689114,0.1835298642,0.9599310886,85.40844097,73.56058576,110,1,1,safe,
-0.0400689114,0.1835298642,1.047197551,85.40844097,73.56058576,120,1,1,safe,
-0.0400689114,0.1835298642,1.134464014,85.40844097,73.56058576,130,1,1,safe,
-0.0400689114,0.1835298642,1.221730476,85.40844097,73.56058576,140,1,1,safe,
-0.0400689114,0.1835298642,1.308996939,85.40844097,73.56058576,150,1,1,safe,
-0.0400689114,0.1835298642,1.396263402,85.40844097,73.56058576,160,1,1,safe,
-0.0400689114,0.1835298642,1.483529864,85.40844097,73.56058576,170,1,1,safe,
-0.0400689114,0.2707963268,0,85.40844097,63.56058576,0,1,1,safe,
-0.0400689114,0.2707963268,0.0872664626,85.40844097,63.56058576,10,1,1,safe,
-0.0400689114,0.2707963268,0.1745329252,85.40844097,63.56058576,20,1,1,safe,
-0.0400689114,0.2707963268,0.2617993878,85.40844097,63.56058576,30,1,1,safe,
-0.0400689114,0.2707963268,0.3490658504,85.40844097,63.56058576,40,1,1,safe,
-0.0400689114,0.2707963268,0.436332313,85.40844097,63.56058576,50,1,1,safe,
-0.0400689114,0.2707963268,0.5235987756,85.40844097,63.56058576,60,1,1,safe,
-0.0400689114,0.2707963268,0.6108652382,85.40844097,63.56058576,70,1,1,safe,
-0.0400689114,0.2707963268,0.6981317008,85.40844097,63.56058576,80,1,1,safe,
-0.0400689114,0.2707963268,0.7853981634,85.40844097,63.56058576,90,1,1,safe,
-0.0400689114,0.2707963268,0.872664626,85.40844097,63.56058576,100,1,1,safe,
-0.0400689114,0.2707963268,0.9599310886,85.40844097,63.56058576,110,1,1,safe,
-0.0400689114,0.2707963268,1.047197551,85.40844097,63.56058576,120,1,1,safe,
-0.0400689114,0.2707963268,1.134464014,85.40844097,63.56058576,130,1,1,safe,
-0.0400689114,0.2707963268,1.221730476,85.40844097,63.56058576,140,1,1,safe,
-0.0400689114,0.2707963268,1.308996939,85.40844097,63.56058576,150,1,1,safe,
-0.0400689114,0.2707963268,1.396263402,85.40844097,63.56058576,160,1,1,safe,
-0.0400689114,0.2707963268,1.483529864,85.40844097,63.56058576,170,1,1,safe,
-0.0400689114,0.3580627894,0,85.40844097,53.56058576,0,1,1,safe,
-0.0400689114,0.3580627894,0.0872664626,85.40844097,53.56058576,10,1,1,safe,
-0.0400689114,0.3580627894,0.1745329252,85.40844097,53.56058576,20,1,1,safe,
-0.0400689114,0.3580627894,0.2617993878,85.40844097,53.56058576,30,1,1,safe,
-0.0400689114,0.3580627894,0.3490658504,85.40844097,53.56058576,40,1,1,safe,
-0.0400689114,0.3580627894,0.436332313,85.40844097,53.56058576,50,1,1,safe,
-0.0400689114,0.3580627894,0.5235987756,85.40844097,53.56058576,60,1,1,safe,
-0.0400689114,0.3580627894,0.6108652382,85.40844097,53.56058576,70,1,1,safe,
-0.0400689114,0.3580627894,0.6981317008,85.40844097,53.56058576,80,1,1,safe,
-0.0400689114,0.3580627894,0.7853981634,85.40844097,53.56058576,90,1,1,safe,
-0.0400689114,0.3580627894,0.872664626,85.40844097,53.56058576,100,1,1,safe,
-0.0400689114,0.3580627894,0.9599310886,85.40844097,53.56058576,110,1,1,safe,
-0.0400689114,0.3580627894,1.047197551,85.40844097,53.56058576,120,1,1,safe,
-0.0400689114,0.3580627894,1.134464014,85.40844097,53.56058576,130,1,1,safe,
-0.0400689114,0.3580627894,1.221730476,85.40844097,53.56058576,140,1,1,safe,
-0.0400689114,0.3580627894,1.308996939,85.40844097,53.56058576,150,1,1,safe,
-0.0400689114,0.3580627894,1.396263402,85.40844097,53.56058576,160,1,1,safe,
-0.0400689114,0.3580627894,1.483529864,85.40844097,53.56058576,170,1,1,safe,
-0.0400689114,0.445329252,0,85.40844097,43.56058576,0,1,1,safe,
-0.0400689114,0.445329252,0.0872664626,85.40844097,43.56058576,10,1,1,safe,
-0.0400689114,0.445329252,0.1745329252,85.40844097,43.56058576,20,1,1,safe,
-0.0400689114,0.445329252,0.2617993878,85.40844097,43.56058576,30,1,1,safe,
-0.0400689114,0.445329252,0.3490658504,85.40844097,43.56058576,40,1,1,safe,
-0.0400689114,0.445329252,0.436332313,85.40844097,43.56058576,50,1,1,safe,
-0.0400689114,0.445329252,0.5235987756,85.40844097,43.56058576,60,1,1,safe,
-0.0400689114,0.445329252,0.6108652382,85.40844097,43.56058576,70,1,1,safe,
-0.0400689114,0.445329252,0.6981317008,85.40844097,43.56058576,80,1,1,safe,
-0.0400689114,0.445329252,0.7853981634,85.40844097,43.56058576,90,1,1,safe,
-0.0400689114,0.445329252,0.872664626,85.40844097,43.56058576,100,1,1,safe,
-0.0400689114,0.445329252,0.9599310886,85.40844097,43.56058576,110,1,1,safe,
-0.0400689114,0.445329252,1.047197551,85.40844097,43.56058576,120,1,1,safe,
-0.0400689114,0.445329252,1.134464014,85.40844097,43.56058576,130,1,1,safe,
-0.0400689114,0.445329252,1.221730476,85.40844097,43.56058576,140,1,1,safe,
-0.0400689114,0.445329252,1.308996939,85.40844097,43.56058576,150,1,1,safe,
-0.0400689114,0.445329252,1.396263402,85.40844097,43.56058576,160,1,1,safe,
-0.0400689114,0.445329252,1.483529864,85.40844097,43.56058576,170,1,1,safe,
-0.0400689114,0.5325957146,0,85.40844097,33.56058576,0,1,1,safe,
-0.0400689114,0.5325957146,0.0872664626,85.40844097,33.56058576,10,1,1,safe,
-0.0400689114,0.5325957146,0.1745329252,85.40844097,33.56058576,20,1,1,safe,
-0.0400689114,0.5325957146,0.2617993878,85.40844097,33.56058576,30,1,1,safe,
-0.0400689114,0.5325957146,0.3490658504,85.40844097,33.56058576,40,1,1,safe,
-0.0400689114,0.5325957146,0.436332313,85.40844097,33.56058576,50,1,1,safe,
-0.0400689114,0.5325957146,0.5235987756,85.40844097,33.56058576,60,1,1,safe,
-0.0400689114,0.5325957146,0.6108652382,85.40844097,33.56058576,70,1,1,safe,
-0.0400689114,0.5325957146,0.6981317008,85.40844097,33.56058576,80,1,1,safe,
-0.0400689114,0.5325957146,0.7853981634,85.40844097,33.56058576,90,1,1,safe,
-0.0400689114,0.5325957146,0.872664626,85.40844097,33.56058576,100,1,1,safe,
-0.0400689114,0.5325957146,0.9599310886,85.40844097,33.56058576,110,1,1,safe,
-0.0400689114,0.5325957146,1.047197551,85.40844097,33.56058576,120,1,1,safe,
-0.0400689114,0.5325957146,1.134464014,85.40844097,33.56058576,130,1,1,safe,
-0.0400689114,0.5325957146,1.221730476,85.40844097,33.56058576,140,1,1,safe,
-0.0400689114,0.5325957146,1.308996939,85.40844097,33.56058576,150,1,1,safe,
-0.0400689114,0.5325957146,1.396263402,85.40844097,33.56058576,160,1,1,safe,
-0.0400689114,0.5325957146,1.483529864,85.40844097,33.56058576,170,1,1,safe,
-0.0400689114,0.6198621772,0,85.40844097,23.56058576,0,1,1,safe,
-0.0400689114,0.6198621772,0.0872664626,85.40844097,23.56058576,10,1,1,safe,
-0.0400689114,0.6198621772,0.1745329252,85.40844097,23.56058576,20,1,1,safe,
-0.0400689114,0.6198621772,0.2617993878,85.40844097,23.56058576,30,1,1,safe,
-0.0400689114,0.6198621772,0.3490658504,85.40844097,23.56058576,40,1,1,safe,
-0.0400689114,0.6198621772,0.436332313,85.40844097,23.56058576,50,1,1,safe,
-0.0400689114,0.6198621772,0.5235987756,85.40844097,23.56058576,60,1,1,safe,
-0.0400689114,0.6198621772,0.6108652382,85.40844097,23.56058576,70,1,1,safe,
-0.0400689114,0.6198621772,0.6981317008,85.40844097,23.56058576,80,1,1,safe,
-0.0400689114,0.6198621772,0.7853981634,85.40844097,23.56058576,90,1,1,safe,
-0.0400689114,0.6198621772,0.872664626,85.40844097,23.56058576,100,1,1,safe,
-0.0400689114,0.6198621772,0.9599310886,85.40844097,23.56058576,110,1,1,safe,
-0.0400689114,0.6198621772,1.047197551,85.40844097,23.56058576,120,1,1,safe,
-0.0400689114,0.6198621772,1.134464014,85.40844097,23.56058576,130,1,1,safe,
-0.0400689114,0.6198621772,1.221730476,85.40844097,23.56058576,140,1,1,safe,
-0.0400689114,0.6198621772,1.308996939,85.40844097,23.56058576,150,1,1,safe,
-0.0400689114,0.6198621772,1.396263402,85.40844097,23.56058576,160,1,1,safe,
-0.0400689114,0.6198621772,1.483529864,85.40844097,23.56058576,170,1,1,safe,
-0.0400689114,0.7071286398,0,85.40844097,13.56058576,0,1,1,safe,
-0.0400689114,0.7071286398,0.0872664626,85.40844097,13.56058576,10,1,1,safe,
-0.0400689114,0.7071286398,0.1745329252,85.40844097,13.56058576,20,1,1,safe,
-0.0400689114,0.7071286398,0.2617993878,85.40844097,13.56058576,30,1,1,safe,
-0.0400689114,0.7071286398,0.3490658504,85.40844097,13.56058576,40,1,1,safe,
-0.0400689114,0.7071286398,0.436332313,85.40844097,13.56058576,50,1,1,safe,
-0.0400689114,0.7071286398,0.5235987756,85.40844097,13.56058576,60,1,1,safe,
-0.0400689114,0.7071286398,0.6108652382,85.40844097,13.56058576,70,1,1,safe,
-0.0400689114,0.7071286398,0.6981317008,85.40844097,13.56058576,80,1,1,safe,
-0.0400689114,0.7071286398,0.7853981634,85.40844097,13.56058576,90,1,1,safe,
-0.0400689114,0.7071286398,0.872664626,85.40844097,13.56058576,100,1,1,safe,
-0.0400689114,0.7071286398,0.9599310886,85.40844097,13.56058576,110,1,1,safe,
-0.0400689114,0.7071286398,1.047197551,85.40844097,13.56058576,120,1,1,safe,
-0.0400689114,0.7071286398,1.134464014,85.40844097,13.56058576,130,1,1,safe,
-0.0400689114,0.7071286398,1.221730476,85.40844097,13.56058576,140,1,1,safe,
-0.0400689114,0.7071286398,1.308996939,85.40844097,13.56058576,150,1,1,safe,
-0.0400689114,0.7071286398,1.396263402,85.40844097,13.56058576,160,1,1,safe,
-0.0400689114,0.7943951024,0,85.40844097,3.560585759,0,1,1,safe,
-0.0400689114,0.7943951024,0.0872664626,85.40844097,3.560585759,10,1,1,safe,
-0.0400689114,0.7943951024,0.1745329252,85.40844097,3.560585759,20,1,1,safe,
0.0471975512,-0.7764012244,0,95.40844097,173.5605858,0,1,1,safe,
0.0471975512,-0.7764012244,0.0872664626,95.40844097,173.5605858,10,1,1,safe,
0.0471975512,-0.7764012244,0.1745329252,95.40844097,173.5605858,20,1,1,safe,
0.0471975512,-0.7764012244,0.2617993878,95.40844097,173.5605858,30,1,1,safe,
0.0471975512,-0.7764012244,0.3490658504,95.40844097,173.5605858,40,1,1,safe,
0.0471975512,-0.7764012244,0.436332313,95.40844097,173.5605858,50,1,1,safe,
0.0471975512,-0.7764012244,0.5235987756,95.40844097,173.5605858,60,1,1,safe,
0.0471975512,-0.7764012244,0.6108652382,95.40844097,173.5605858,70,1,1,safe,
0.0471975512,-0.7764012244,0.6981317008,95.40844097,173.5605858,80,1,1,safe,
0.0471975512,-0.7764012244,0.7853981634,95.40844097,173.5605858,90,1,1,safe,
0.0471975512,-0.7764012244,0.872664626,95.40844097,173.5605858,100,1,1,safe,
0.0471975512,-0.7764012244,0.9599310886,95.40844097,173.5605858,110,1,1,safe,
0.0471975512,-0.7764012244,1.047197551,95.40844097,173.5605858,120,1,1,safe,
0.0471975512,-0.7764012244,1.134464014,95.40844097,173.5605858,130,1,1,safe,
0.0471975512,-0.7764012244,1.221730476,95.40844097,173.5605858,140,1,1,safe,
0.0471975512,-0.7764012244,1.308996939,95.40844097,173.5605858,150,1,1,safe,
0.0471975512,-0.7764012244,1.396263402,95.40844097,173.5605858,160,1,1,safe,
0.0471975512,-0.7764012244,1.483529864,95.40844097,173.5605858,170,1,1,safe,
0.0471975512,-0.6891347618,0,95.40844097,163.5605858,0,1,1,safe,
0.0471975512,-0.6891347618,0.0872664626,95.40844097,163.5605858,10,1,1,safe,
0.0471975512,-0.6891347618,0.1745329252,95.40844097,163.5605858,20,1,1,safe,
0.0471975512,-0.6891347618,0.2617993878,95.40844097,163.5605858,30,1,1,safe,
0.0471975512,-0.6891347618,0.3490658504,95.40844097,163.5605858,40,1,1,safe,
0.0471975512,-0.6891347618,0.436332313,95.40844097,163.5605858,50,1,1,safe,
0.0471975512,-0.6891347618,0.5235987756,95.40844097,163.5605858,60,1,1,safe,
0.0471975512,-0.6891347618,0.6108652382,95.40844097,163.5605858,70,1,1,safe,
0.0471975512,-0.6891347618,0.6981317008,95.40844097,163.5605858,80,1,1,safe,
0.0471975512,-0.6891347618,0.7853981634,95.40844097,163.5605858,90,1,1,safe,
0.0471975512,-0.6891347618,0.872664626,95.40844097,163.5605858,100,1,1,safe,
0.0471975512,-0.6891347618,0.9599310886,95.40844097,163.5605858,110,1,1,safe,
0.0471975512,-0.6891347618,1.047197551,95.40844097,163.5605858,120,1,1,safe,
0.0471975512,-0.6891347618,1.134464014,95.40844097,163.5605858,130,1,1,safe,
0.0471975512,-0.6891347618,1.221730476,95.40844097,163.5605858,140,1,1,safe,
0.0471975512,-0.6891347618,1.308996939,95.40844097,163.5605858,150,1,1,safe,
0.0471975512,-0.6891347618,1.396263402,95.40844097,163.5605858,160,1,1,safe,
0.0471975512,-0.6891347618,1.483529864,95.40844097,163.5605858,170,1,1,safe,
0.0471975512,-0.6018682992,0,95.40844097,153.5605858,0,1,1,safe,
0.0471975512,-0.6018682992,0.0872664626,95.40844097,153.5605858,10,1,1,safe,
0.0471975512,-0.6018682992,0.1745329252,95.40844097,153.5605858,20,1,1,safe,
0.0471975512,-0.6018682992,0.2617993878,95.40844097,153.5605858,30,1,1,safe,
0.0471975512,-0.6018682992,0.3490658504,95.40844097,153.5605858,40,1,1,safe,
0.0471975512,-0.6018682992,0.436332313,95.40844097,153.5605858,50,1,1,safe,
0.0471975512,-0.6018682992,0.5235987756,95.40844097,153.5605858,60,1,1,safe,
0.0471975512,-0.6018682992,0.6108652382,95.40844097,153.5605858,70,1,1,safe,
0.0471975512,-0.6018682992,0.6981317008,95.40844097,153.5605858,80,1,1,safe,
0.0471975512,-0.6018682992,0.7853981634,95.40844097,153.5605858,90,1,1,safe,
0.0471975512,-0.6018682992,0.872664626,95.40844097,153.5605858,100,1,1,safe,
0.0471975512,-0.6018682992,0.9599310886,95.40844097,153.5605858,110,1,1,safe,
0.0471975512,-0.6018682992,1.047197551,95.40844097,153.5605858,120,1,1,safe,
0.0471975512,-0.6018682992,1.134464014,95.40844097,153.5605858,130,1,1,safe,
0.0471975512,-0.6018682992,1.221730476,95.40844097,153.5605858,140,1,1,safe,
0.0471975512,-0.6018682992,1.308996939,95.40844097,153.5605858,150,1,1,safe,
0.0471975512,-0.6018682992,1.396263402,95.40844097,153.5605858,160,1,1,safe,
0.0471975512,-0.6018682992,1.483529864,95.40844097,153.5605858,170,1,1,safe,
0.0471975512,-0.5146018366,0,95.40844097,143.5605858,0,1,1,safe,
0.0471975512,-0.5146018366,0.0872664626,95.40844097,143.5605858,10,1,1,safe,
0.0471975512,-0.5146018366,0.1745329252,95.40844097,143.5605858,20,1,1,safe,
0.0471975512,-0.5146018366,0.2617993878,95.40844097,143.5605858,30,1,1,safe,
0.0471975512,-0.5146018366,0.3490658504,95.40844097,143.5605858,40,1,1,safe,
0.0471975512,-0.5146018366,0.436332313,95.40844097,143.5605858,50,1,1,safe,
0.0471975512,-0.5146018366,0.5235987756,95.40844097,143.5605858,60,1,1,safe,
0.0471975512,-0.5146018366,0.6108652382,95.40844097,143.5605858,70,1,1,safe,
0.0471975512,-0.5146018366,0.6981317008,95.40844097,143.5605858,80,1,1,safe,
0.0471975512,-0.5146018366,0.7853981634,95.40844097,143.5605858,90,1,1,safe,
0.0471975512,-0.5146018366,0.872664626,95.40844097,143.5605858,100,1,1,safe,
0.0471975512,-0.5146018366,0.9599310886,95.40844097,143.5605858,110,1,1,safe,
0.0471975512,-0.5146018366,1.047197551,95.40844097,143.5605858,120,1,1,safe,
0.0471975512,-0.5146018366,1.134464014,95.40844097,143.5605858,130,1,1,safe,
0.0471975512,-0.5146018366,1.221730476,95.40844097,143.5605858,140,1,1,safe,
0.0471975512,-0.5146018366,1.308996939,95.40844097,143.5605858,150,1,1,safe,
0.0471975512,-0.5146018366,1.396263402,95.40844097,143.5605858,160,1,1,safe,
0.0471975512,-0.5146018366,1.483529864,95.40844097,143.5605858,170,1,1,safe,
0.0471975512,-0.427335374,0,95.40844097,133.5605858,0,1,1,safe,
0.0471975512,-0.427335374,0.0872664626,95.40844097,133.5605858,10,1,1,safe,
0.0471975512,-0.427335374,0.1745329252,95.40844097,133.5605858,20,1,1,safe,
0.0471975512,-0.427335374,0.2617993878,95.40844097,133.5605858,30,1,1,safe,
0.0471975512,-0.427335374,0.3490658504,95.40844097,133.5605858,40,1,1,safe,
0.0471975512,-0.427335374,0.436332313,95.40844097,133.5605858,50,1,1,safe,
0.0471975512,-0.427335374,0.5235987756,95.40844097,133.5605858,60,1,1,safe,
0.0471975512,-0.427335374,0.6108652382,95.40844097,133.5605858,70,1,1,safe,
0.0471975512,-0.427335374,0.6981317008,95.40844097,133.5605858,80,1,1,safe,
0.0471975512,-0.427335374,0.7853981634,95.40844097,133.5605858,90,1,1,safe,
0.0471975512,-0.427335374,0.872664626,95.40844097,133.5605858,100,1,1,safe,
0.0471975512,-0.427335374,0.9599310886,95.40844097,133.5605858,110,1,1,safe,
0.0471975512,-0.427335374,1.047197551,95.40844097,133.5605858,120,1,1,safe,
0.0471975512,-0.427335374,1.134464014,95.40844097,133.5605858,130,1,1,safe,
0.0471975512,-0.427335374,1.221730476,95.40844097,133.5605858,140,1,1,safe,
0.0471975512,-0.427335374,1.308996939,95.40844097,133.5605858,150,1,1,safe,
0.0471975512,-0.427335374,1.396263402,95.40844097,133.5605858,160,1,1,safe,
0.0471975512,-0.427335374,1.483529864,95.40844097,133.5605858,170,1,1,safe,
0.0471975512,-0.3400689114,0,95.40844097,123.5605858,0,1,1,safe,
0.0471975512,-0.3400689114,0.0872664626,95.40844097,123.5605858,10,1,1,safe,
0.0471975512,-0.3400689114,0.1745329252,95.40844097,123.5605858,20,1,1,safe,
0.0471975512,-0.3400689114,0.2617993878,95.40844097,123.5605858,30,1,1,safe,
0.0471975512,-0.3400689114,0.3490658504,95.40844097,123.5605858,40,1,1,safe,
0.0471975512,-0.3400689114,0.436332313,95.40844097,123.5605858,50,1,1,safe,
0.0471975512,-0.3400689114,0.5235987756,95.40844097,123.5605858,60,1,1,safe,
0.0471975512,-0.3400689114,0.6108652382,95.40844097,123.5605858,70,1,1,safe,
0.0471975512,-0.3400689114,0.6981317008,95.40844097,123.5605858,80,1,1,safe,
0.0471975512,-0.3400689114,0.7853981634,95.40844097,123.5605858,90,1,1,safe,
0.0471975512,-0.3400689114,0.872664626,95.40844097,123.5605858,100,1,1,safe,
0.0471975512,-0.3400689114,0.9599310886,95.40844097,123.5605858,110,1,1,safe,
0.0471975512,-0.3400689114,1.047197551,95.40844097,123.5605858,120,1,1,safe,
0.0471975512,-0.3400689114,1.134464014,95.40844097,123.5605858,130,1,1,safe,
0.0471975512,-0.3400689114,1.221730476,95.40844097,123.5605858,140,1,1,safe,
0.0471975512,-0.3400689114,1.308996939,95.40844097,123.5605858,150,1,1,safe,
0.0471975512,-0.3400689114,1.396263402,95.40844097,123.5605858,160,1,1,safe,
0.0471975512,-0.3400689114,1.483529864,95.40844097,123.5605858,170,1,1,safe,
0.0471975512,-0.2528024488,0,95.40844097,113.5605858,0,1,1,safe,
0.0471975512,-0.2528024488,0.0872664626,95.40844097,113.5605858,10,1,1,safe,
0.0471975512,-0.2528024488,0.1745329252,95.40844097,113.5605858,20,1,1,safe,
0.0471975512,-0.2528024488,0.2617993878,95.40844097,113.5605858,30,1,1,safe,
0.0471975512,-0.2528024488,0.3490658504,95.40844097,113.5605858,40,1,1,safe,
0.0471975512,-0.2528024488,0.436332313,95.40844097,113.5605858,50,1,1,safe,
0.0471975512,-0.2528024488,0.5235987756,95.40844097,113.5605858,60,1,1,safe,
0.0471975512,-0.2528024488,0.6108652382,95.40844097,113.5605858,70,1,1,safe,
0.0471975512,-0.2528024488,0.6981317008,95.40844097,113.5605858,80,1,1,safe,
0.0471975512,-0.2528024488,0.7853981634,95.40844097,113.5605858,90,1,1,safe,
0.0471975512,-0.2528024488,0.872664626,95.40844097,113.5605858,100,1,1,safe,
0.0471975512,-0.2528024488,0.9599310886,95.40844097,113.5605858,110,1,1,safe,
0.0471975512,-0.2528024488,1.047197551,95.40844097,113.5605858,120,1,1,safe,
0.0471975512,-0.2528024488,1.134464014,95.40844097,113.5605858,130,1,1,safe,
0.0471975512,-0.2528024488,1.221730476,95.40844097,113.5605858,140,1,1,safe,
0.0471975512,-0.2528024488,1.308996939,95.40844097,113.5605858,150,1,1,safe,
0.0471975512,-0.2528024488,1.396263402,95.40844097,113.5605858,160,1,1,safe,
0.0471975512,-0.2528024488,1.483529864,95.40844097,113.5605858,170,1,1,safe,
0.0471975512,-0.1655359862,0,95.40844097,103.5605858,0,1,1,safe,
0.0471975512,-0.1655359862,0.0872664626,95.40844097,103.5605858,10,1,1,safe,
0.0471975512,-0.1655359862,0.1745329252,95.40844097,103.5605858,20,1,1,safe,
0.0471975512,-0.1655359862,0.2617993878,95.40844097,103.5605858,30,1,1,safe,
0.0471975512,-0.1655359862,0.3490658504,95.40844097,103.5605858,40,1,1,safe,
0.0471975512,-0.1655359862,0.436332313,95.40844097,103.5605858,50,1,1,safe,
0.0471975512,-0.1655359862,0.5235987756,95.40844097,103.5605858,60,1,1,safe,
0.0471975512,-0.1655359862,0.6108652382,95.40844097,103.5605858,70,1,1,safe,
0.0471975512,-0.1655359862,0.6981317008,95.40844097,103.5605858,80,1,1,safe,
0.0471975512,-0.1655359862,0.7853981634,95.40844097,103.5605858,90,1,1,safe,
0.0471975512,-0.1655359862,0.872664626,95.40844097,103.5605858,100,1,1,safe,
0.0471975512,-0.1655359862,0.9599310886,95.40844097,103.5605858,110,1,1,safe,
0.0471975512,-0.1655359862,1.047197551,95.40844097,103.5605858,120,1,1,safe,
0.0471975512,-0.1655359862,1.134464014,95.40844097,103.5605858,130,1,1,safe,
0.0471975512,-0.1655359862,1.221730476,95.40844097,103.5605858,140,1,1,safe,
0.0471975512,-0.1655359862,1.308996939,95.40844097,103.5605858,150,1,1,safe,
0.0471975512,-0.1655359862,1.396263402,95.40844097,103.5605858,160,1,1,safe,
0.0471975512,-0.1655359862,1.483529864,95.40844097,103.5605858,170,1,1,safe,
0.0471975512,-0.0782695236,0,95.40844097,93.56058576,0,1,1,safe,
0.0471975512,-0.0782695236,0.0872664626,95.40844097,93.56058576,10,1,1,safe,
0.0471975512,-0.0782695236,0.1745329252,95.40844097,93.56058576,20,1,1,safe,
0.0471975512,-0.0782695236,0.2617993878,95.40844097,93.56058576,30,1,1,safe,
0.0471975512,-0.0782695236,0.3490658504,95.40844097,93.56058576,40,1,1,safe,
0.0471975512,-0.0782695236,0.436332313,95.40844097,93.56058576,50,1,1,safe,
0.0471975512,-0.0782695236,0.5235987756,95.40844097,93.56058576,60,1,1,safe,
0.0471975512,-0.0782695236,0.6108652382,95.40844097,93.56058576,70,1,1,safe,
0.0471975512,-0.0782695236,0.6981317008,95.40844097,93.56058576,80,1,1,safe,
0.0471975512,-0.0782695236,0.7853981634,95.40844097,93.56058576,90,1,1,safe,
0.0471975512,-0.0782695236,0.872664626,95.40844097,93.56058576,100,1,1,safe,
0.0471975512,-0.0782695236,0.9599310886,95.40844097,93.56058576,110,1,1,safe,
0.0471975512,-0.0782695236,1.047197551,95.40844097,93.56058576,120,1,1,safe,
0.0471975512,-0.0782695236,1.134464014,95.40844097,93.56058576,130,1,1,safe,
0.0471975512,-0.0782695236,1.221730476,95.40844097,93.56058576,140,1,1,safe,
0.0471975512,-0.0782695236,1.308996939,95.40844097,93.56058576,150,1,1,safe,
0.0471975512,-0.0782695236,1.396263402,95.40844097,93.56058576,160,1,1,safe,
0.0471975512,-0.0782695236,1.483529864,95.40844097,93.56058576,170,1,1,safe,
0.0471975512,0.008996939,0,95.40844097,83.56058576,0,1,1,safe,
0.0471975512,0.008996939,0.0872664626,95.40844097,83.56058576,10,1,1,safe,
0.0471975512,0.008996939,0.1745329252,95.40844097,83.56058576,20,1,1,safe,
0.0471975512,0.008996939,0.2617993878,95.40844097,83.56058576,30,1,1,safe,
0.0471975512,0.008996939,0.3490658504,95.40844097,83.56058576,40,1,1,safe,
0.0471975512,0.008996939,0.436332313,95.40844097,83.56058576,50,1,1,safe,
0.0471975512,0.008996939,0.5235987756,95.40844097,83.56058576,60,1,1,safe,
0.0471975512,0.008996939,0.6108652382,95.40844097,83.56058576,70,1,1,safe,
0.0471975512,0.008996939,0.6981317008,95.40844097,83.56058576,80,1,1,safe,
0.0471975512,0.008996939,0.7853981634,95.40844097,83.56058576,90,1,1,safe,
0.0471975512,0.008996939,0.872664626,95.40844097,83.56058576,100,1,1,safe,
0.0471975512,0.008996939,0.9599310886,95.40844097,83.56058576,110,1,1,safe,
0.0471975512,0.008996939,1.047197551,95.40844097,83.56058576,120,1,1,safe,
0.0471975512,0.008996939,1.134464014,95.40844097,83.56058576,130,1,1,safe,
0.0471975512,0.008996939,1.221730476,95.40844097,83.56058576,140,1,1,safe,
0.0471975512,0.008996939,1.308996939,95.40844097,83.56058576,150,1,1,safe,
0.0471975512,0.008996939,1.396263402,95.40844097,83.56058576,160,1,1,safe,
0.0471975512,0.008996939,1.483529864,95.40844097,83.56058576,170,1,1,safe,
0.0471975512,0.0962634016,0,95.40844097,73.56058576,0,1,1,safe,
0.0471975512,0.0962634016,0.0872664626,95.40844097,73.56058576,10,1,1,safe,
0.0471975512,0.0962634016,0.1745329252,95.40844097,73.56058576,20,1,1,safe,
0.0471975512,0.0962634016,0.2617993878,95.40844097,73.56058576,30,1,1,safe,
0.0471975512,0.0962634016,0.3490658504,95.40844097,73.56058576,40,1,1,safe,
0.0471975512,0.0962634016,0.436332313,95.40844097,73.56058576,50,1,1,safe,
0.0471975512,0.0962634016,0.5235987756,95.40844097,73.56058576,60,1,1,safe,
0.0471975512,0.0962634016,0.6108652382,95.40844097,73.56058576,70,1,1,safe,
0.0471975512,0.0962634016,0.6981317008,95.40844097,73.56058576,80,1,1,safe,
0.0471975512,0.0962634016,0.7853981634,95.40844097,73.56058576,90,1,1,safe,
0.0471975512,0.0962634016,0.872664626,95.40844097,73.56058576,100,1,1,safe,
0.0471975512,0.0962634016,0.9599310886,95.40844097,73.56058576,110,1,1,safe,
0.0471975512,0.0962634016,1.047197551,95.40844097,73.56058576,120,1,1,safe,
0.0471975512,0.0962634016,1.134464014,95.40844097,73.56058576,130,1,1,safe,
0.0471975512,0.0962634016,1.221730476,95.40844097,73.56058576,140,1,1,safe,
0.0471975512,0.0962634016,1.308996939,95.40844097,73.56058576,150,1,1,safe,
0.0471975512,0.0962634016,1.396263402,95.40844097,73.56058576,160,1,1,safe,
0.0471975512,0.0962634016,1.483529864,95.40844097,73.56058576,170,1,1,safe,
0.0471975512,0.1835298642,0,95.40844097,63.56058576,0,1,1,safe,
0.0471975512,0.1835298642,0.0872664626,95.40844097,63.56058576,10,1,1,safe,
0.0471975512,0.1835298642,0.1745329252,95.40844097,63.56058576,20,1,1,safe,
0.0471975512,0.1835298642,0.2617993878,95.40844097,63.56058576,30,1,1,safe,
0.0471975512,0.1835298642,0.3490658504,95.40844097,63.56058576,40,1,1,safe,
0.0471975512,0.1835298642,0.436332313,95.40844097,63.56058576,50,1,1,safe,
0.0471975512,0.1835298642,0.5235987756,95.40844097,63.56058576,60,1,1,safe,
0.0471975512,0.1835298642,0.6108652382,95.40844097,63.56058576,70,1,1,safe,
0.0471975512,0.1835298642,0.6981317008,95.40844097,63.56058576,80,1,1,safe,
0.0471975512,0.1835298642,0.7853981634,95.40844097,63.56058576,90,1,1,safe,
0.0471975512,0.1835298642,0.872664626,95.40844097,63.56058576,100,1,1,safe,
0.0471975512,0.1835298642,0.9599310886,95.40844097,63.56058576,110,1,1,safe,
0.0471975512,0.1835298642,1.047197551,95.40844097,63.56058576,120,1,1,safe,
0.0471975512,0.1835298642,1.134464014,95.40844097,63.56058576,130,1,1,safe,
0.0471975512,0.1835298642,1.221730476,95.40844097,63.56058576,140,1,1,safe,
0.0471975512,0.1835298642,1.308996939,95.40844097,63.56058576,150,1,1,safe,
0.0471975512,0.1835298642,1.396263402,95.40844097,63.56058576,160,1,1,safe,
0.0471975512,0.1835298642,1.483529864,95.40844097,63.56058576,170,1,1,safe,
0.0471975512,0.2707963268,0,95.40844097,53.56058576,0,1,1,safe,
0.0471975512,0.2707963268,0.0872664626,95.40844097,53.56058576,10,1,1,safe,
0.0471975512,0.2707963268,0.1745329252,95.40844097,53.56058576,20,1,1,safe,
0.0471975512,0.2707963268,0.2617993878,95.40844097,53.56058576,30,1,1,safe,
0.0471975512,0.2707963268,0.3490658504,95.40844097,53.56058576,40,1,1,safe,
0.0471975512,0.2707963268,0.436332313,95.40844097,53.56058576,50,1,1,safe,
0.0471975512,0.2707963268,0.5235987756,95.40844097,53.56058576,60,1,1,safe,
0.0471975512,0.2707963268,0.6108652382,95.40844097,53.56058576,70,1,1,safe,
0.0471975512,0.2707963268,0.6981317008,95.40844097,53.56058576,80,1,1,safe,
0.0471975512,0.2707963268,0.7853981634,95.40844097,53.56058576,90,1,1,safe,
0.0471975512,0.2707963268,0.872664626,95.40844097,53.56058576,100,1,1,safe,
0.0471975512,0.2707963268,0.9599310886,95.40844097,53.56058576,110,1,1,safe,
0.0471975512,0.2707963268,1.047197551,95.40844097,53.56058576,120,1,1,safe,
0.0471975512,0.2707963268,1.134464014,95.40844097,53.56058576,130,1,1,safe,
0.0471975512,0.2707963268,1.221730476,95.40844097,53.56058576,140,1,1,safe,
0.0471975512,0.2707963268,1.308996939,95.40844097,53.56058576,150,1,1,safe,
0.0471975512,0.2707963268,1.396263402,95.40844097,53.56058576,160,1,1,safe,
0.0471975512,0.2707963268,1.483529864,95.40844097,53.56058576,170,1,1,safe,
0.0471975512,0.3580627894,0,95.40844097,43.56058576,0,1,1,safe,
0.0471975512,0.3580627894,0.0872664626,95.40844097,43.56058576,10,1,1,safe,
0.0471975512,0.3580627894,0.1745329252,95.40844097,43.56058576,20,1,1,safe,
0.0471975512,0.3580627894,0.2617993878,95.40844097,43.56058576,30,1,1,safe,
0.0471975512,0.3580627894,0.3490658504,95.40844097,43.56058576,40,1,1,safe,
0.0471975512,0.3580627894,0.436332313,95.40844097,43.56058576,50,1,1,safe,
0.0471975512,0.3580627894,0.5235987756,95.40844097,43.56058576,60,1,1,safe,
0.0471975512,0.3580627894,0.6108652382,95.40844097,43.56058576,70,1,1,safe,
0.0471975512,0.3580627894,0.6981317008,95.40844097,43.56058576,80,1,1,safe,
0.0471975512,0.3580627894,0.7853981634,95.40844097,43.56058576,90,1,1,safe,
0.0471975512,0.3580627894,0.872664626,95.40844097,43.56058576,100,1,1,safe,
0.0471975512,0.3580627894,0.9599310886,95.40844097,43.56058576,110,1,1,safe,
0.0471975512,0.3580627894,1.047197551,95.40844097,43.56058576,120,1,1,safe,
0.0471975512,0.3580627894,1.134464014,95.40844097,43.56058576,130,1,1,safe,
0.0471975512,0.3580627894,1.221730476,95.40844097,43.56058576,140,1,1,safe,
0.0471975512,0.3580627894,1.308996939,95.40844097,43.56058576,150,1,1,safe,
0.0471975512,0.3580627894,1.396263402,95.40844097,43.56058576,160,1,1,safe,
0.0471975512,0.3580627894,1.483529864,95.40844097,43.56058576,170,1,1,safe,
0.0471975512,0.445329252,0,95.40844097,33.56058576,0,1,1,safe,
0.0471975512,0.445329252,0.0872664626,95.40844097,33.56058576,10,1,1,safe,
0.0471975512,0.445329252,0.1745329252,95.40844097,33.56058576,20,1,1,safe,
0.0471975512,0.445329252,0.2617993878,95.40844097,33.56058576,30,1,1,safe,
0.0471975512,0.445329252,0.3490658504,95.40844097,33.56058576,40,1,1,safe,
0.0471975512,0.445329252,0.436332313,95.40844097,33.56058576,50,1,1,safe,
0.0471975512,0.445329252,0.5235987756,95.40844097,33.56058576,60,1,1,safe,
0.0471975512,0.445329252,0.6108652382,95.40844097,33.56058576,70,1,1,safe,
0.0471975512,0.445329252,0.6981317008,95.40844097,33.56058576,80,1,1,safe,
0.0471975512,0.445329252,0.7853981634,95.40844097,33.56058576,90,1,1,safe,
0.0471975512,0.445329252,0.872664626,95.40844097,33.56058576,100,1,1,safe,
0.0471975512,0.445329252,0.9599310886,95.40844097,33.56058576,110,1,1,safe,
0.0471975512,0.445329252,1.047197551,95.40844097,33.56058576,120,1,1,safe,
0.0471975512,0.445329252,1.134464014,95.40844097,33.56058576,130,1,1,safe,
0.0471975512,0.445329252,1.221730476,95.40844097,33.56058576,140,1,1,safe,
0.0471975512,0.445329252,1.308996939,95.40844097,33.56058576,150,1,1,safe,
0.0471975512,0.445329252,1.396263402,95.40844097,33.56058576,160,1,1,safe,
0.0471975512,0.445329252,1.483529864,95.40844097,33.56058576,170,1,1,safe,
0.0471975512,0.5325957146,0,95.40844097,23.56058576,0,1,1,safe,
0.0471975512,0.5325957146,0.0872664626,95.40844097,23.56058576,10,1,1,safe,
0.0471975512,0.5325957146,0.1745329252,95.40844097,23.56058576,20,1,1,safe,
0.0471975512,0.5325957146,0.2617993878,95.40844097,23.56058576,30,1,1,safe,
0.0471975512,0.5325957146,0.3490658504,95.40844097,23.56058576,40,1,1,safe,
0.0471975512,0.5325957146,0.436332313,95.40844097,23.56058576,50,1,1,safe,
0.0471975512,0.5325957146,0.5235987756,95.40844097,23.56058576,60,1,1,safe,
0.0471975512,0.5325957146,0.6108652382,95.40844097,23.56058576,70,1,1,safe,
0.0471975512,0.5325957146,0.6981317008,95.40844097,23.56058576,80,1,1,safe,
0.0471975512,0.5325957146,0.7853981634,95.40844097,23.56058576,90,1,1,safe,
0.0471975512,0.5325957146,0.872664626,95.40844097,23.56058576,100,1,1,safe,
0.0471975512,0.5325957146,0.9599310886,95.40844097,23.56058576,110,1,1,safe,
0.0471975512,0.5325957146,1.047197551,95.40844097,23.56058576,120,1,1,safe,
0.0471975512,0.5325957146,1.134464014,95.40844097,23.56058576,130,1,1,safe,
0.0471975512,0.5325957146,1.221730476,95.40844097,23.56058576,140,1,1,safe,
0.0471975512,0.5325957146,1.308996939,95.40844097,23.56058576,150,1,1,safe,
0.0471975512,0.5325957146,1.396263402,95.40844097,23.56058576,160,1,1,safe,
0.0471975512,0.5325957146,1.483529864,95.40844097,23.56058576,170,1,1,safe,
0.0471975512,0.6198621772,0,95.40844097,13.56058576,0,1,1,safe,
0.0471975512,0.6198621772,0.0872664626,95.40844097,13.56058576,10,1,1,safe,
0.0471975512,0.6198621772,0.1745329252,95.40844097,13.56058576,20,1,1,safe,
0.0471975512,0.6198621772,0.2617993878,95.40844097,13.56058576,30,1,1,safe,
0.0471975512,0.6198621772,0.3490658504,95.40844097,13.56058576,40,1,1,safe,
0.0471975512,0.6198621772,0.436332313,95.40844097,13.56058576,50,1,1,safe,
0.0471975512,0.6198621772,0.5235987756,95.40844097,13.56058576,60,1,1,safe,
0.0471975512,0.6198621772,0.6108652382,95.40844097,13.56058576,70,1,1,safe,
0.0471975512,0.6198621772,0.6981317008,95.40844097,13.56058576,80,1,1,safe,
0.0471975512,0.6198621772,0.7853981634,95.40844097,13.56058576,90,1,1,safe,
0.0471975512,0.6198621772,0.872664626,95.40844097,13.56058576,100,1,1,safe,
0.0471975512,0.6198621772,0.9599310886,95.40844097,13.56058576,110,1,1,safe,
0.0471975512,0.6198621772,1.047197551,95.40844097,13.56058576,120,1,1,safe,
0.0471975512,0.6198621772,1.134464014,95.40844097,13.56058576,130,1,1,safe,
0.0471975512,0.6198621772,1.221730476,95.40844097,13.56058576,140,1,1,safe,
0.0471975512,0.6198621772,1.308996939,95.40844097,13.56058576,150,1,1,safe,
0.0471975512,0.6198621772,1.396263402,95.40844097,13.56058576,160,1,1,safe,
0.0471975512,0.7071286398,0,95.40844097,3.560585759,0,1,1,safe,
0.0471975512,0.7071286398,0.0872664626,95.40844097,3.560585759,10,1,1,safe,
0.0471975512,0.7071286398,0.1745329252,95.40844097,3.560585759,20,1,1,safe,
0.1344640138,-0.863667687,0,105.408441,173.5605858,0,1,1,safe,
0.1344640138,-0.863667687,0.0872664626,105.408441,173.5605858,10,1,1,safe,
0.1344640138,-0.863667687,0.1745329252,105.408441,173.5605858,20,1,1,safe,
0.1344640138,-0.863667687,0.2617993878,105.408441,173.5605858,30,1,1,safe,
0.1344640138,-0.863667687,0.3490658504,105.408441,173.5605858,40,1,1,safe,
0.1344640138,-0.863667687,0.436332313,105.408441,173.5605858,50,1,1,safe,
0.1344640138,-0.863667687,0.5235987756,105.408441,173.5605858,60,1,1,safe,
0.1344640138,-0.863667687,0.6108652382,105.408441,173.5605858,70,1,1,safe,
0.1344640138,-0.863667687,0.6981317008,105.408441,173.5605858,80,1,1,safe,
0.1344640138,-0.863667687,0.7853981634,105.408441,173.5605858,90,1,1,safe,
0.1344640138,-0.863667687,0.872664626,105.408441,173.5605858,100,1,1,safe,
0.1344640138,-0.863667687,0.9599310886,105.408441,173.5605858,110,1,1,safe,
0.1344640138,-0.863667687,1.047197551,105.408441,173.5605858,120,1,1,safe,
0.1344640138,-0.863667687,1.134464014,105.408441,173.5605858,130,1,1,safe,
0.1344640138,-0.863667687,1.221730476,105.408441,173.5605858,140,1,1,safe,
0.1344640138,-0.863667687,1.308996939,105.408441,173.5605858,150,1,1,safe,
0.1344640138,-0.863667687,1.396263402,105.408441,173.5605858,160,1,1,safe,
0.1344640138,-0.863667687,1.483529864,105.408441,173.5605858,170,1,1,safe,
0.1344640138,-0.7764012244,0,105.408441,163.5605858,0,1,1,safe,
0.1344640138,-0.7764012244,0.0872664626,105.408441,163.5605858,10,1,1,safe,
0.1344640138,-0.7764012244,0.1745329252,105.408441,163.5605858,20,1,1,safe,
0.1344640138,-0.7764012244,0.2617993878,105.408441,163.5605858,30,1,1,safe,
0.1344640138,-0.7764012244,0.3490658504,105.408441,163.5605858,40,1,1,safe,
0.1344640138,-0.7764012244,0.436332313,105.408441,163.5605858,50,1,1,safe,
0.1344640138,-0.7764012244,0.5235987756,105.408441,163.5605858,60,1,1,safe,
0.1344640138,-0.7764012244,0.6108652382,105.408441,163.5605858,70,1,1,safe,
0.1344640138,-0.7764012244,0.6981317008,105.408441,163.5605858,80,1,1,safe,
0.1344640138,-0.7764012244,0.7853981634,105.408441,163.5605858,90,1,1,safe,
0.1344640138,-0.7764012244,0.872664626,105.408441,163.5605858,100,1,1,safe,
0.1344640138,-0.7764012244,0.9599310886,105.408441,163.5605858,110,1,1,safe,
0.1344640138,-0.7764012244,1.047197551,105.408441,163.5605858,120,1,1,safe,
0.1344640138,-0.7764012244,1.134464014,105.408441,163.5605858,130,1,1,safe,
0.1344640138,-0.7764012244,1.221730476,105.408441,163.5605858,140,1,1,safe,
0.1344640138,-0.7764012244,1.308996939,105.408441,163.5605858,150,1,1,safe,
0.1344640138,-0.7764012244,1.396263402,105.408441,163.5605858,160,1,1,safe,
0.1344640138,-0.7764012244,1.483529864,105.408441,163.5605858,170,1,1,safe,
0.1344640138,-0.6891347618,0,105.408441,153.5605858,0,1,1,safe,
0.1344640138,-0.6891347618,0.0872664626,105.408441,153.5605858,10,1,1,safe,
0.1344640138,-0.6891347618,0.1745329252,105.408441,153.5605858,20,1,1,safe,
0.1344640138,-0.6891347618,0.2617993878,105.408441,153.5605858,30,1,1,safe,
0.1344640138,-0.6891347618,0.3490658504,105.408441,153.5605858,40,1,1,safe,
0.1344640138,-0.6891347618,0.436332313,105.408441,153.5605858,50,1,1,safe,
0.1344640138,-0.6891347618,0.5235987756,105.408441,153.5605858,60,1,1,safe,
0.1344640138,-0.6891347618,0.6108652382,105.408441,153.5605858,70,1,1,safe,
0.1344640138,-0.6891347618,0.6981317008,105.408441,153.5605858,80,1,1,safe,
0.1344640138,-0.6891347618,0.7853981634,105.408441,153.5605858,90,1,1,safe,
0.1344640138,-0.6891347618,0.872664626,105.408441,153.5605858,100,1,1,safe,
0.1344640138,-0.6891347618,0.9599310886,105.408441,153.5605858,110,1,1,safe,
0.1344640138,-0.6891347618,1.047197551,105.408441,153.5605858,120,1,1,safe,
0.1344640138,-0.6891347618,1.134464014,105.408441,153.5605858,130,1,1,safe,
0.1344640138,-0.6891347618,1.221730476,105.408441,153.5605858,140,1,1,safe,
0.1344640138,-0.6891347618,1.308996939,105.408441,153.5605858,150,1,1,safe,
0.1344640138,-0.6891347618,1.396263402,105.408441,153.5605858,160,1,1,safe,
0.1344640138,-0.6891347618,1.483529864,105.408441,153.5605858,170,1,1,safe,
0.1344640138,-0.6018682992,0,105.408441,143.5605858,0,1,1,safe,
0.1344640138,-0.6018682992,0.0872664626,105.408441,143.5605858,10,1,1,safe,
0.1344640138,-0.6018682992,0.1745329252,105.408441,143.5605858,20,1,1,safe,
0.1344640138,-0.6018682992,0.2617993878,105.408441,143.5605858,30,1,1,safe,
0.1344640138,-0.6018682992,0.3490658504,105.408441,143.5605858,40,1,1,safe,
0.1344640138,-0.6018682992,0.436332313,105.408441,143.5605858,50,1,1,safe,
0.1344640138,-0.6018682992,0.5235987756,105.408441,143.5605858,60,1,1,safe,
0.1344640138,-0.6018682992,0.6108652382,105.408441,143.5605858,70,1,1,safe,
0.1344640138,-0.6018682992,0.6981317008,105.408441,143.5605858,80,1,1,safe,
0.1344640138,-0.6018682992,0.7853981634,105.408441,143.5605858,90,1,1,safe,
0.1344640138,-0.6018682992,0.872664626,105.408441,143.5605858,100,1,1,safe,
0.1344640138,-0.6018682992,0.9599310886,105.408441,143.5605858,110,1,1,safe,
0.1344640138,-0.6018682992,1.047197551,105.408441,143.5605858,120,1,1,safe,
0.1344640138,-0.6018682992,1.134464014,105.408441,143.5605858,130,1,1,safe,
0.1344640138,-0.6018682992,1.221730476,105.408441,143.5605858,140,1,1,safe,
0.1344640138,-0.6018682992,1.308996939,105.408441,143.5605858,150,1,1,safe,
0.1344640138,-0.6018682992,1.396263402,105.408441,143.5605858,160,1,1,safe,
0.1344640138,-0.6018682992,1.483529864,105.408441,143.5605858,170,1,1,safe,
0.1344640138,-0.5146018366,0,105.408441,133.5605858,0,1,1,safe,
0.1344640138,-0.5146018366,0.0872664626,105.408441,133.5605858,10,1,1,safe,
0.1344640138,-0.5146018366,0.1745329252,105.408441,133.5605858,20,1,1,safe,
0.1344640138,-0.5146018366,0.2617993878,105.408441,133.5605858,30,1,1,safe,
0.1344640138,-0.5146018366,0.3490658504,105.408441,133.5605858,40,1,1,safe,
0.1344640138,-0.5146018366,0.436332313,105.408441,133.5605858,50,1,1,safe,
0.1344640138,-0.5146018366,0.5235987756,105.408441,133.5605858,60,1,1,safe,
0.1344640138,-0.5146018366,0.6108652382,105.408441,133.5605858,70,1,1,safe,
0.1344640138,-0.5146018366,0.6981317008,105.408441,133.5605858,80,1,1,safe,
0.1344640138,-0.5146018366,0.7853981634,105.408441,133.5605858,90,1,1,safe,
0.1344640138,-0.5146018366,0.872664626,105.408441,133.5605858,100,1,1,safe,
0.1344640138,-0.5146018366,0.9599310886,105.408441,133.5605858,110,1,1,safe,
0.1344640138,-0.5146018366,1.047197551,105.408441,133.5605858,120,1,1,safe,
0.1344640138,-0.5146018366,1.134464014,105.408441,133.5605858,130,1,1,safe,
0.1344640138,-0.5146018366,1.221730476,105.408441,133.5605858,140,1,1,safe,
0.1344640138,-0.5146018366,1.308996939,105.408441,133.5605858,150,1,1,safe,
0.1344640138,-0.5146018366,1.396263402,105.408441,133.5605858,160,1,1,safe,
0.1344640138,-0.5146018366,1.483529864,105.408441,133.5605858,170,1,1,safe,
0.1344640138,-0.427335374,0,105.408441,123.5605858,0,1,1,safe,
0.1344640138,-0.427335374,0.0872664626,105.408441,123.5605858,10,1,1,safe,
0.1344640138,-0.427335374,0.1745329252,105.408441,123.5605858,20,1,1,safe,
0.1344640138,-0.427335374,0.2617993878,105.408441,123.5605858,30,1,1,safe,
0.1344640138,-0.427335374,0.3490658504,105.408441,123.5605858,40,1,1,safe,
0.1344640138,-0.427335374,0.436332313,105.408441,123.5605858,50,1,1,safe,
0.1344640138,-0.427335374,0.5235987756,105.408441,123.5605858,60,1,1,safe,
0.1344640138,-0.427335374,0.6108652382,105.408441,123.5605858,70,1,1,safe,
0.1344640138,-0.427335374,0.6981317008,105.408441,123.5605858,80,1,1,safe,
0.1344640138,-0.427335374,0.7853981634,105.408441,123.5605858,90,1,1,safe,
0.1344640138,-0.427335374,0.872664626,105.408441,123.5605858,100,1,1,safe,
0.1344640138,-0.427335374,0.9599310886,105.408441,123.5605858,110,1,1,safe,
0.1344640138,-0.427335374,1.047197551,105.408441,123.5605858,120,1,1,safe,
0.1344640138,-0.427335374,1.134464014,105.408441,123.5605858,130,1,1,safe,
0.1344640138,-0.427335374,1.221730476,105.408441,123.5605858,140,1,1,safe,
0.1344640138,-0.427335374,1.308996939,105.408441,123.5605858,150,1,1,safe,
0.1344640138,-0.427335374,1.396263402,105.408441,123.5605858,160,1,1,safe,
0.1344640138,-0.427335374,1.483529864,105.408441,123.5605858,170,1,1,safe,
0.1344640138,-0.3400689114,0,105.408441,113.5605858,0,1,1,safe,
0.1344640138,-0.3400689114,0.0872664626,105.408441,113.5605858,10,1,1,safe,
0.1344640138,-0.3400689114,0.1745329252,105.408441,113.5605858,20,1,1,safe,
0.1344640138,-0.3400689114,0.2617993878,105.408441,113.5605858,30,1,1,safe,
0.1344640138,-0.3400689114,0.3490658504,105.408441,113.5605858,40,1,1,safe,
0.1344640138,-0.3400689114,0.436332313,105.408441,113.5605858,50,1,1,safe,
0.1344640138,-0.3400689114,0.5235987756,105.408441,113.5605858,60,1,1,safe,
0.1344640138,-0.3400689114,0.6108652382,105.408441,113.5605858,70,1,1,safe,
0.1344640138,-0.3400689114,0.6981317008,105.408441,113.5605858,80,1,1,safe,
0.1344640138,-0.3400689114,0.7853981634,105.408441,113.5605858,90,1,1,safe,
0.1344640138,-0.3400689114,0.872664626,105.408441,113.5605858,100,1,1,safe,
0.1344640138,-0.3400689114,0.9599310886,105.408441,113.5605858,110,1,1,safe,
0.1344640138,-0.3400689114,1.047197551,105.408441,113.5605858,120,1,1,safe,
0.1344640138,-0.3400689114,1.134464014,105.408441,113.5605858,130,1,1,safe,
0.1344640138,-0.3400689114,1.221730476,105.408441,113.5605858,140,1,1,safe,
0.1344640138,-0.3400689114,1.308996939,105.408441,113.5605858,150,1,1,safe,
0.1344640138,-0.3400689114,1.396263402,105.408441,113.5605858,160,1,1,safe,
0.1344640138,-0.3400689114,1.483529864,105.408441,113.5605858,170,1,1,safe,
0.1344640138,-0.2528024488,0,105.408441,103.5605858,0,1,1,safe,
0.1344640138,-0.2528024488,0.0872664626,105.408441,103.5605858,10,1,1,safe,
0.1344640138,-0.2528024488,0.1745329252,105.408441,103.5605858,20,1,1,safe,
0.1344640138,-0.2528024488,0.2617993878,105.408441,103.5605858,30,1,1,safe,
0.1344640138,-0.2528024488,0.3490658504,105.408441,103.5605858,40,1,1,safe,
0.1344640138,-0.2528024488,0.436332313,105.408441,103.5605858,50,1,1,safe,
0.1344640138,-0.2528024488,0.5235987756,105.408441,103.5605858,60,1,1,safe,
0.1344640138,-0.2528024488,0.6108652382,105.408441,103.5605858,70,1,1,safe,
0.1344640138,-0.2528024488,0.6981317008,105.408441,103.5605858,80,1,1,safe,
0.1344640138,-0.2528024488,0.7853981634,105.408441,103.5605858,90,1,1,safe,
0.1344640138,-0.2528024488,0.872664626,105.408441,103.5605858,100,1,1,safe,
0.1344640138,-0.2528024488,0.9599310886,105.408441,103.5605858,110,1,1,safe,
0.1344640138,-0.2528024488,1.047197551,105.408441,103.5605858,120,1,1,safe,
0.1344640138,-0.2528024488,1.134464014,105.408441,103.5605858,130,1,1,safe,
0.1344640138,-0.2528024488,1.221730476,105.408441,103.5605858,140,1,1,safe,
0.1344640138,-0.2528024488,1.308996939,105.408441,103.5605858,150,1,1,safe,
0.1344640138,-0.2528024488,1.396263402,105.408441,103.5605858,160,1,1,safe,
0.1344640138,-0.2528024488,1.483529864,105.408441,103.5605858,170,1,1,safe,
0.1344640138,-0.1655359862,0,105.408441,93.56058576,0,1,1,safe,
0.1344640138,-0.1655359862,0.0872664626,105.408441,93.56058576,10,1,1,safe,
0.1344640138,-0.1655359862,0.1745329252,105.408441,93.56058576,20,1,1,safe,
0.1344640138,-0.1655359862,0.2617993878,105.408441,93.56058576,30,1,1,safe,
0.1344640138,-0.1655359862,0.3490658504,105.408441,93.56058576,40,1,1,safe,
0.1344640138,-0.1655359862,0.436332313,105.408441,93.56058576,50,1,1,safe,
0.1344640138,-0.1655359862,0.5235987756,105.408441,93.56058576,60,1,1,safe,
0.1344640138,-0.1655359862,0.6108652382,105.408441,93.56058576,70,1,1,safe,
0.1344640138,-0.1655359862,0.6981317008,105.408441,93.56058576,80,1,1,safe,
0.1344640138,-0.1655359862,0.7853981634,105.408441,93.56058576,90,1,1,safe,
0.1344640138,-0.1655359862,0.872664626,105.408441,93.56058576,100,1,1,safe,
0.1344640138,-0.1655359862,0.9599310886,105.408441,93.56058576,110,1,1,safe,
0.1344640138,-0.1655359862,1.047197551,105.408441,93.56058576,120,1,1,safe,
0.1344640138,-0.1655359862,1.134464014,105.408441,93.56058576,130,1,1,safe,
0.1344640138,-0.1655359862,1.221730476,105.408441,93.56058576,140,1,1,safe,
0.1344640138,-0.1655359862,1.308996939,105.408441,93.56058576,150,1,1,safe,
0.1344640138,-0.1655359862,1.396263402,105.408441,93.56058576,160,1,1,safe,
0.1344640138,-0.1655359862,1.483529864,105.408441,93.56058576,170,1,1,safe,
0.1344640138,-0.0782695236,0,105.408441,83.56058576,0,1,1,safe,
0.1344640138,-0.0782695236,0.0872664626,105.408441,83.56058576,10,1,1,safe,
0.1344640138,-0.0782695236,0.1745329252,105.408441,83.56058576,20,1,1,safe,
0.1344640138,-0.0782695236,0.2617993878,105.408441,83.56058576,30,1,1,safe,
0.1344640138,-0.0782695236,0.3490658504,105.408441,83.56058576,40,1,1,safe,
0.1344640138,-0.0782695236,0.436332313,105.408441,83.56058576,50,1,1,safe,
0.1344640138,-0.0782695236,0.5235987756,105.408441,83.56058576,60,1,1,safe,
0.1344640138,-0.0782695236,0.6108652382,105.408441,83.56058576,70,1,1,safe,
0.1344640138,-0.0782695236,0.6981317008,105.408441,83.56058576,80,1,1,safe,
0.1344640138,-0.0782695236,0.7853981634,105.408441,83.56058576,90,1,1,safe,
0.1344640138,-0.0782695236,0.872664626,105.408441,83.56058576,100,1,1,safe,
0.1344640138,-0.0782695236,0.9599310886,105.408441,83.56058576,110,1,1,safe,
0.1344640138,-0.0782695236,1.047197551,105.408441,83.56058576,120,1,1,safe,
0.1344640138,-0.0782695236,1.134464014,105.408441,83.56058576,130,1,1,safe,
0.1344640138,-0.0782695236,1.221730476,105.408441,83.56058576,140,1,1,safe,
0.1344640138,-0.0782695236,1.308996939,105.408441,83.56058576,150,1,1,safe,
0.1344640138,-0.0782695236,1.396263402,105.408441,83.56058576,160,1,1,safe,
0.1344640138,-0.0782695236,1.483529864,105.408441,83.56058576,170,1,1,safe,
0.1344640138,0.008996939,0,105.408441,73.56058576,0,1,1,safe,
0.1344640138,0.008996939,0.0872664626,105.408441,73.56058576,10,1,1,safe,
0.1344640138,0.008996939,0.1745329252,105.408441,73.56058576,20,1,1,safe,
0.1344640138,0.008996939,0.2617993878,105.408441,73.56058576,30,1,1,safe,
0.1344640138,0.008996939,0.3490658504,105.408441,73.56058576,40,1,1,safe,
0.1344640138,0.008996939,0.436332313,105.408441,73.56058576,50,1,1,safe,
0.1344640138,0.008996939,0.5235987756,105.408441,73.56058576,60,1,1,safe,
0.1344640138,0.008996939,0.6108652382,105.408441,73.56058576,70,1,1,safe,
0.1344640138,0.008996939,0.6981317008,105.408441,73.56058576,80,1,1,safe,
0.1344640138,0.008996939,0.7853981634,105.408441,73.56058576,90,1,1,safe,
0.1344640138,0.008996939,0.872664626,105.408441,73.56058576,100,1,1,safe,
0.1344640138,0.008996939,0.9599310886,105.408441,73.56058576,110,1,1,safe,
0.1344640138,0.008996939,1.047197551,105.408441,73.56058576,120,1,1,safe,
0.1344640138,0.008996939,1.134464014,105.408441,73.56058576,130,1,1,safe,
0.1344640138,0.008996939,1.221730476,105.408441,73.56058576,140,1,1,safe,
0.1344640138,0.008996939,1.308996939,105.408441,73.56058576,150,1,1,safe,
0.1344640138,0.008996939,1.396263402,105.408441,73.56058576,160,1,1,safe,
0.1344640138,0.008996939,1.483529864,105.408441,73.56058576,170,1,1,safe,
0.1344640138,0.0962634016,0,105.408441,63.56058576,0,1,1,safe,
0.1344640138,0.0962634016,0.0872664626,105.408441,63.56058576,10,1,1,safe,
0.1344640138,0.0962634016,0.1745329252,105.408441,63.56058576,20,1,1,safe,
0.1344640138,0.0962634016,0.2617993878,105.408441,63.56058576,30,1,1,safe,
0.1344640138,0.0962634016,0.3490658504,105.408441,63.56058576,40,1,1,safe,
0.1344640138,0.0962634016,0.436332313,105.408441,63.56058576,50,1,1,safe,
0.1344640138,0.0962634016,0.5235987756,105.408441,63.56058576,60,1,1,safe,
0.1344640138,0.0962634016,0.6108652382,105.408441,63.56058576,70,1,1,safe,
0.1344640138,0.0962634016,0.6981317008,105.408441,63.56058576,80,1,1,safe,
0.1344640138,0.0962634016,0.7853981634,105.408441,63.56058576,90,1,1,safe,
0.1344640138,0.0962634016,0.872664626,105.408441,63.56058576,100,1,1,safe,
0.1344640138,0.0962634016,0.9599310886,105.408441,63.56058576,110,1,1,safe,
0.1344640138,0.0962634016,1.047197551,105.408441,63.56058576,120,1,1,safe,
0.1344640138,0.0962634016,1.134464014,105.408441,63.56058576,130,1,1,safe,
0.1344640138,0.0962634016,1.221730476,105.408441,63.56058576,140,1,1,safe,
0.1344640138,0.0962634016,1.308996939,105.408441,63.56058576,150,1,1,safe,
0.1344640138,0.0962634016,1.396263402,105.408441,63.56058576,160,1,1,safe,
0.1344640138,0.0962634016,1.483529864,105.408441,63.56058576,170,1,1,safe,
0.1344640138,0.1835298642,0,105.408441,53.56058576,0,1,1,safe,
0.1344640138,0.1835298642,0.0872664626,105.408441,53.56058576,10,1,1,safe,
0.1344640138,0.1835298642,0.1745329252,105.408441,53.56058576,20,1,1,safe,
0.1344640138,0.1835298642,0.2617993878,105.408441,53.56058576,30,1,1,safe,
0.1344640138,0.1835298642,0.3490658504,105.408441,53.56058576,40,1,1,safe,
0.1344640138,0.1835298642,0.436332313,105.408441,53.56058576,50,1,1,safe,
0.1344640138,0.1835298642,0.5235987756,105.408441,53.56058576,60,1,1,safe,
0.1344640138,0.1835298642,0.6108652382,105.408441,53.56058576,70,1,1,safe,
0.1344640138,0.1835298642,0.6981317008,105.408441,53.56058576,80,1,1,safe,
0.1344640138,0.1835298642,0.7853981634,105.408441,53.56058576,90,1,1,safe,
0.1344640138,0.1835298642,0.872664626,105.408441,53.56058576,100,1,1,safe,
0.1344640138,0.1835298642,0.9599310886,105.408441,53.56058576,110,1,1,safe,
0.1344640138,0.1835298642,1.047197551,105.408441,53.56058576,120,1,1,safe,
0.1344640138,0.1835298642,1.134464014,105.408441,53.56058576,130,1,1,safe,
0.1344640138,0.1835298642,1.221730476,105.408441,53.56058576,140,1,1,safe,
0.1344640138,0.1835298642,1.308996939,105.408441,53.56058576,150,1,1,safe,
0.1344640138,0.1835298642,1.396263402,105.408441,53.56058576,160,1,1,safe,
0.1344640138,0.1835298642,1.483529864,105.408441,53.56058576,170,1,1,safe,
0.1344640138,0.2707963268,0,105.408441,43.56058576,0,1,1,safe,
0.1344640138,0.2707963268,0.0872664626,105.408441,43.56058576,10,1,1,safe,
0.1344640138,0.2707963268,0.1745329252,105.408441,43.56058576,20,1,1,safe,
0.1344640138,0.2707963268,0.2617993878,105.408441,43.56058576,30,1,1,safe,
0.1344640138,0.2707963268,0.3490658504,105.408441,43.56058576,40,1,1,safe,
0.1344640138,0.2707963268,0.436332313,105.408441,43.56058576,50,1,1,safe,
0.1344640138,0.2707963268,0.5235987756,105.408441,43.56058576,60,1,1,safe,
0.1344640138,0.2707963268,0.6108652382,105.408441,43.56058576,70,1,1,safe,
0.1344640138,0.2707963268,0.6981317008,105.408441,43.56058576,80,1,1,safe,
0.1344640138,0.2707963268,0.7853981634,105.408441,43.56058576,90,1,1,safe,
0.1344640138,0.2707963268,0.872664626,105.408441,43.56058576,100,1,1,safe,
0.1344640138,0.2707963268,0.9599310886,105.408441,43.56058576,110,1,1,safe,
0.1344640138,0.2707963268,1.047197551,105.408441,43.56058576,120,1,1,safe,
0.1344640138,0.2707963268,1.134464014,105.408441,43.56058576,130,1,1,safe,
0.1344640138,0.2707963268,1.221730476,105.408441,43.56058576,140,1,1,safe,
0.1344640138,0.2707963268,1.308996939,105.408441,43.56058576,150,1,1,safe,
0.1344640138,0.2707963268,1.396263402,105.408441,43.56058576,160,1,1,safe,
0.1344640138,0.2707963268,1.483529864,105.408441,43.56058576,170,1,1,safe,
0.1344640138,0.3580627894,0,105.408441,33.56058576,0,1,1,safe,
0.1344640138,0.3580627894,0.0872664626,105.408441,33.56058576,10,1,1,safe,
0.1344640138,0.3580627894,0.1745329252,105.408441,33.56058576,20,1,1,safe,
0.1344640138,0.3580627894,0.2617993878,105.408441,33.56058576,30,1,1,safe,
0.1344640138,0.3580627894,0.3490658504,105.408441,33.56058576,40,1,1,safe,
0.1344640138,0.3580627894,0.436332313,105.408441,33.56058576,50,1,1,safe,
0.1344640138,0.3580627894,0.5235987756,105.408441,33.56058576,60,1,1,safe,
0.1344640138,0.3580627894,0.6108652382,105.408441,33.56058576,70,1,1,safe,
0.1344640138,0.3580627894,0.6981317008,105.408441,33.56058576,80,1,1,safe,
0.1344640138,0.3580627894,0.7853981634,105.408441,33.56058576,90,1,1,safe,
0.1344640138,0.3580627894,0.872664626,105.408441,33.56058576,100,1,1,safe,
0.1344640138,0.3580627894,0.9599310886,105.408441,33.56058576,110,1,1,safe,
0.1344640138,0.3580627894,1.047197551,105.408441,33.56058576,120,1,1,safe,
0.1344640138,0.3580627894,1.134464014,105.408441,33.56058576,130,1,1,safe,
0.1344640138,0.3580627894,1.221730476,105.408441,33.56058576,140,1,1,safe,
0.1344640138,0.3580627894,1.308996939,105.408441,33.56058576,150,1,1,safe,
0.1344640138,0.3580627894,1.396263402,105.408441,33.56058576,160,1,1,safe,
0.1344640138,0.3580627894,1.483529864,105.408441,33.56058576,170,1,1,safe,
0.1344640138,0.445329252,0,105.408441,23.56058576,0,1,1,safe,
0.1344640138,0.445329252,0.0872664626,105.408441,23.56058576,10,1,1,safe,
0.1344640138,0.445329252,0.1745329252,105.408441,23.56058576,20,1,1,safe,
0.1344640138,0.445329252,0.2617993878,105.408441,23.56058576,30,1,1,safe,
0.1344640138,0.445329252,0.3490658504,105.408441,23.56058576,40,1,1,safe,
0.1344640138,0.445329252,0.436332313,105.408441,23.56058576,50,1,1,safe,
0.1344640138,0.445329252,0.5235987756,105.408441,23.56058576,60,1,1,safe,
0.1344640138,0.445329252,0.6108652382,105.408441,23.56058576,70,1,1,safe,
0.1344640138,0.445329252,0.6981317008,105.408441,23.56058576,80,1,1,safe,
0.1344640138,0.445329252,0.7853981634,105.408441,23.56058576,90,1,1,safe,
0.1344640138,0.445329252,0.872664626,105.408441,23.56058576,100,1,1,safe,
0.1344640138,0.445329252,0.9599310886,105.408441,23.56058576,110,1,1,safe,
0.1344640138,0.445329252,1.047197551,105.408441,23.56058576,120,1,1,safe,
0.1344640138,0.445329252,1.134464014,105.408441,23.56058576,130,1,1,safe,
0.1344640138,0.445329252,1.221730476,105.408441,23.56058576,140,1,1,safe,
0.1344640138,0.445329252,1.308996939,105.408441,23.56058576,150,1,1,safe,
0.1344640138,0.445329252,1.396263402,105.408441,23.56058576,160,1,1,safe,
0.1344640138,0.445329252,1.483529864,105.408441,23.56058576,170,1,1,safe,
0.1344640138,0.5325957146,0,105.408441,13.56058576,0,1,1,safe,
0.1344640138,0.5325957146,0.0872664626,105.408441,13.56058576,10,1,1,safe,
0.1344640138,0.5325957146,0.1745329252,105.408441,13.56058576,20,1,1,safe,
0.1344640138,0.5325957146,0.2617993878,105.408441,13.56058576,30,1,1,safe,
0.1344640138,0.5325957146,0.3490658504,105.408441,13.56058576,40,1,1,safe,
0.1344640138,0.5325957146,0.436332313,105.408441,13.56058576,50,1,1,safe,
0.1344640138,0.5325957146,0.5235987756,105.408441,13.56058576,60,1,1,safe,
0.1344640138,0.5325957146,0.6108652382,105.408441,13.56058576,70,1,1,safe,
0.1344640138,0.5325957146,0.6981317008,105.408441,13.56058576,80,1,1,safe,
0.1344640138,0.5325957146,0.7853981634,105.408441,13.56058576,90,1,1,safe,
0.1344640138,0.5325957146,0.872664626,105.408441,13.56058576,100,1,1,safe,
0.1344640138,0.5325957146,0.9599310886,105.408441,13.56058576,110,1,1,safe,
0.1344640138,0.5325957146,1.047197551,105.408441,13.56058576,120,1,1,safe,
0.1344640138,0.5325957146,1.134464014,105.408441,13.56058576,130,1,1,safe,
0.1344640138,0.5325957146,1.221730476,105.408441,13.56058576,140,1,1,safe,
0.1344640138,0.6198621772,0,105.408441,3.560585759,0,1,1,safe,
0.1344640138,0.6198621772,0.0872664626,105.408441,3.560585759,10,1,1,safe,
0.1344640138,0.6198621772,0.1745329252,105.408441,3.560585759,20,1,1,safe,
0.2217304764,-0.9509341496,0,115.408441,173.5605858,0,1,1,safe,
0.2217304764,-0.9509341496,0.0872664626,115.408441,173.5605858,10,1,1,safe,
0.2217304764,-0.9509341496,0.1745329252,115.408441,173.5605858,20,1,1,safe,
0.2217304764,-0.9509341496,0.2617993878,115.408441,173.5605858,30,1,1,safe,
0.2217304764,-0.9509341496,0.3490658504,115.408441,173.5605858,40,1,1,safe,
0.2217304764,-0.9509341496,0.436332313,115.408441,173.5605858,50,1,1,safe,
0.2217304764,-0.9509341496,0.5235987756,115.408441,173.5605858,60,1,1,safe,
0.2217304764,-0.9509341496,0.6108652382,115.408441,173.5605858,70,1,1,safe,
0.2217304764,-0.9509341496,0.6981317008,115.408441,173.5605858,80,1,1,safe,
0.2217304764,-0.9509341496,0.7853981634,115.408441,173.5605858,90,1,1,safe,
0.2217304764,-0.9509341496,0.872664626,115.408441,173.5605858,100,1,1,safe,
0.2217304764,-0.9509341496,0.9599310886,115.408441,173.5605858,110,1,1,safe,
0.2217304764,-0.9509341496,1.047197551,115.408441,173.5605858,120,1,1,safe,
0.2217304764,-0.9509341496,1.134464014,115.408441,173.5605858,130,1,1,safe,
0.2217304764,-0.9509341496,1.221730476,115.408441,173.5605858,140,1,1,safe,
0.2217304764,-0.9509341496,1.308996939,115.408441,173.5605858,150,1,1,safe,
0.2217304764,-0.9509341496,1.396263402,115.408441,173.5605858,160,1,1,safe,
0.2217304764,-0.9509341496,1.483529864,115.408441,173.5605858,170,1,1,safe,
0.2217304764,-0.863667687,0,115.408441,163.5605858,0,1,1,safe,
0.2217304764,-0.863667687,0.0872664626,115.408441,163.5605858,10,1,1,safe,
0.2217304764,-0.863667687,0.1745329252,115.408441,163.5605858,20,1,1,safe,
0.2217304764,-0.863667687,0.2617993878,115.408441,163.5605858,30,1,1,safe,
0.2217304764,-0.863667687,0.3490658504,115.408441,163.5605858,40,1,1,safe,
0.2217304764,-0.863667687,0.436332313,115.408441,163.5605858,50,1,1,safe,
0.2217304764,-0.863667687,0.5235987756,115.408441,163.5605858,60,1,1,safe,
0.2217304764,-0.863667687,0.6108652382,115.408441,163.5605858,70,1,1,safe,
0.2217304764,-0.863667687,0.6981317008,115.408441,163.5605858,80,1,1,safe,
0.2217304764,-0.863667687,0.7853981634,115.408441,163.5605858,90,1,1,safe,
0.2217304764,-0.863667687,0.872664626,115.408441,163.5605858,100,1,1,safe,
0.2217304764,-0.863667687,0.9599310886,115.408441,163.5605858,110,1,1,safe,
0.2217304764,-0.863667687,1.047197551,115.408441,163.5605858,120,1,1,safe,
0.2217304764,-0.863667687,1.134464014,115.408441,163.5605858,130,1,1,safe,
0.2217304764,-0.863667687,1.221730476,115.408441,163.5605858,140,1,1,safe,
0.2217304764,-0.863667687,1.308996939,115.408441,163.5605858,150,1,1,safe,
0.2217304764,-0.863667687,1.396263402,115.408441,163.5605858,160,1,1,safe,
0.2217304764,-0.863667687,1.483529864,115.408441,163.5605858,170,1,1,safe,
0.2217304764,-0.7764012244,0,115.408441,153.5605858,0,1,1,safe,
0.2217304764,-0.7764012244,0.0872664626,115.408441,153.5605858,10,1,1,safe,
0.2217304764,-0.7764012244,0.1745329252,115.408441,153.5605858,20,1,1,safe,
0.2217304764,-0.7764012244,0.2617993878,115.408441,153.5605858,30,1,1,safe,
0.2217304764,-0.7764012244,0.3490658504,115.408441,153.5605858,40,1,1,safe,
0.2217304764,-0.7764012244,0.436332313,115.408441,153.5605858,50,1,1,safe,
0.2217304764,-0.7764012244,0.5235987756,115.408441,153.5605858,60,1,1,safe,
0.2217304764,-0.7764012244,0.6108652382,115.408441,153.5605858,70,1,1,safe,
0.2217304764,-0.7764012244,0.6981317008,115.408441,153.5605858,80,1,1,safe,
0.2217304764,-0.7764012244,0.7853981634,115.408441,153.5605858,90,1,1,safe,
0.2217304764,-0.7764012244,0.872664626,115.408441,153.5605858,100,1,1,safe,
0.2217304764,-0.7764012244,0.9599310886,115.408441,153.5605858,110,1,1,safe,
0.2217304764,-0.7764012244,1.047197551,115.408441,153.5605858,120,1,1,safe,
0.2217304764,-0.7764012244,1.134464014,115.408441,153.5605858,130,1,1,safe,
0.2217304764,-0.7764012244,1.221730476,115.408441,153.5605858,140,1,1,safe,
0.2217304764,-0.7764012244,1.308996939,115.408441,153.5605858,150,1,1,safe,
0.2217304764,-0.7764012244,1.396263402,115.408441,153.5605858,160,1,1,safe,
0.2217304764,-0.7764012244,1.483529864,115.408441,153.5605858,170,1,1,safe,
0.2217304764,-0.6891347618,0,115.408441,143.5605858,0,1,1,safe,
0.2217304764,-0.6891347618,0.0872664626,115.408441,143.5605858,10,1,1,safe,
0.2217304764,-0.6891347618,0.1745329252,115.408441,143.5605858,20,1,1,safe,
0.2217304764,-0.6891347618,0.2617993878,115.408441,143.5605858,30,1,1,safe,
0.2217304764,-0.6891347618,0.3490658504,115.408441,143.5605858,40,1,1,safe,
0.2217304764,-0.6891347618,0.436332313,115.408441,143.5605858,50,1,1,safe,
0.2217304764,-0.6891347618,0.5235987756,115.408441,143.5605858,60,1,1,safe,
0.2217304764,-0.6891347618,0.6108652382,115.408441,143.5605858,70,1,1,safe,
0.2217304764,-0.6891347618,0.6981317008,115.408441,143.5605858,80,1,1,safe,
0.2217304764,-0.6891347618,0.7853981634,115.408441,143.5605858,90,1,1,safe,
0.2217304764,-0.6891347618,0.872664626,115.408441,143.5605858,100,1,1,safe,
0.2217304764,-0.6891347618,0.9599310886,115.408441,143.5605858,110,1,1,safe,
0.2217304764,-0.6891347618,1.047197551,115.408441,143.5605858,120,1,1,safe,
0.2217304764,-0.6891347618,1.134464014,115.408441,143.5605858,130,1,1,safe,
0.2217304764,-0.6891347618,1.221730476,115.408441,143.5605858,140,1,1,safe,
0.2217304764,-0.6891347618,1.308996939,115.408441,143.5605858,150,1,1,safe,
0.2217304764,-0.6891347618,1.396263402,115.408441,143.5605858,160,1,1,safe,
0.2217304764,-0.6891347618,1.483529864,115.408441,143.5605858,170,1,1,safe,
0.2217304764,-0.6018682992,0,115.408441,133.5605858,0,1,1,safe,
0.2217304764,-0.6018682992,0.0872664626,115.408441,133.5605858,10,1,1,safe,
0.2217304764,-0.6018682992,0.1745329252,115.408441,133.5605858,20,1,1,safe,
0.2217304764,-0.6018682992,0.2617993878,115.408441,133.5605858,30,1,1,safe,
0.2217304764,-0.6018682992,0.3490658504,115.408441,133.5605858,40,1,1,safe,
0.2217304764,-0.6018682992,0.436332313,115.408441,133.5605858,50,1,1,safe,
0.2217304764,-0.6018682992,0.5235987756,115.408441,133.5605858,60,1,1,safe,
0.2217304764,-0.6018682992,0.6108652382,115.408441,133.5605858,70,1,1,safe,
0.2217304764,-0.6018682992,0.6981317008,115.408441,133.5605858,80,1,1,safe,
0.2217304764,-0.6018682992,0.7853981634,115.408441,133.5605858,90,1,1,safe,
0.2217304764,-0.6018682992,0.872664626,115.408441,133.5605858,100,1,1,safe,
0.2217304764,-0.6018682992,0.9599310886,115.408441,133.5605858,110,1,1,safe,
0.2217304764,-0.6018682992,1.047197551,115.408441,133.5605858,120,1,1,safe,
0.2217304764,-0.6018682992,1.134464014,115.408441,133.5605858,130,1,1,safe,
0.2217304764,-0.6018682992,1.221730476,115.408441,133.5605858,140,1,1,safe,
0.2217304764,-0.6018682992,1.308996939,115.408441,133.5605858,150,1,1,safe,
0.2217304764,-0.6018682992,1.396263402,115.408441,133.5605858,160,1,1,safe,
0.2217304764,-0.6018682992,1.483529864,115.408441,133.5605858,170,1,1,safe,
0.2217304764,-0.5146018366,0,115.408441,123.5605858,0,1,1,safe,
0.2217304764,-0.5146018366,0.0872664626,115.408441,123.5605858,10,1,1,safe,
0.2217304764,-0.5146018366,0.1745329252,115.408441,123.5605858,20,1,1,safe,
0.2217304764,-0.5146018366,0.2617993878,115.408441,123.5605858,30,1,1,safe,
0.2217304764,-0.5146018366,0.3490658504,115.408441,123.5605858,40,1,1,safe,
0.2217304764,-0.5146018366,0.436332313,115.408441,123.5605858,50,1,1,safe,
0.2217304764,-0.5146018366,0.5235987756,115.408441,123.5605858,60,1,1,safe,
0.2217304764,-0.5146018366,0.6108652382,115.408441,123.5605858,70,1,1,safe,
0.2217304764,-0.5146018366,0.6981317008,115.408441,123.5605858,80,1,1,safe,
0.2217304764,-0.5146018366,0.7853981634,115.408441,123.5605858,90,1,1,safe,
0.2217304764,-0.5146018366,0.872664626,115.408441,123.5605858,100,1,1,safe,
0.2217304764,-0.5146018366,0.9599310886,115.408441,123.5605858,110,1,1,safe,
0.2217304764,-0.5146018366,1.047197551,115.408441,123.5605858,120,1,1,safe,
0.2217304764,-0.5146018366,1.134464014,115.408441,123.5605858,130,1,1,safe,
0.2217304764,-0.5146018366,1.221730476,115.408441,123.5605858,140,1,1,safe,
0.2217304764,-0.5146018366,1.308996939,115.408441,123.5605858,150,1,1,safe,
0.2217304764,-0.5146018366,1.396263402,115.408441,123.5605858,160,1,1,safe,
0.2217304764,-0.5146018366,1.483529864,115.408441,123.5605858,170,1,1,safe,
0.2217304764,-0.427335374,0,115.408441,113.5605858,0,1,1,safe,
0.2217304764,-0.427335374,0.0872664626,115.408441,113.5605858,10,1,1,safe,
0.2217304764,-0.427335374,0.1745329252,115.408441,113.5605858,20,1,1,safe,
0.2217304764,-0.427335374,0.2617993878,115.408441,113.5605858,30,1,1,safe,
0.2217304764,-0.427335374,0.3490658504,115.408441,113.5605858,40,1,1,safe,
0.2217304764,-0.427335374,0.436332313,115.408441,113.5605858,50,1,1,safe,
0.2217304764,-0.427335374,0.5235987756,115.408441,113.5605858,60,1,1,safe,
0.2217304764,-0.427335374,0.6108652382,115.408441,113.5605858,70,1,1,safe,
0.2217304764,-0.427335374,0.6981317008,115.408441,113.5605858,80,1,1,safe,
0.2217304764,-0.427335374,0.7853981634,115.408441,113.5605858,90,1,1,safe,
0.2217304764,-0.427335374,0.872664626,115.408441,113.5605858,100,1,1,safe,
0.2217304764,-0.427335374,0.9599310886,115.408441,113.5605858,110,1,1,safe,
0.2217304764,-0.427335374,1.047197551,115.408441,113.5605858,120,1,1,safe,
0.2217304764,-0.427335374,1.134464014,115.408441,113.5605858,130,1,1,safe,
0.2217304764,-0.427335374,1.221730476,115.408441,113.5605858,140,1,1,safe,
0.2217304764,-0.427335374,1.308996939,115.408441,113.5605858,150,1,1,safe,
0.2217304764,-0.427335374,1.396263402,115.408441,113.5605858,160,1,1,safe,
0.2217304764,-0.427335374,1.483529864,115.408441,113.5605858,170,1,1,safe,
0.2217304764,-0.3400689114,0,115.408441,103.5605858,0,1,1,safe,
0.2217304764,-0.3400689114,0.0872664626,115.408441,103.5605858,10,1,1,safe,
0.2217304764,-0.3400689114,0.1745329252,115.408441,103.5605858,20,1,1,safe,
0.2217304764,-0.3400689114,0.2617993878,115.408441,103.5605858,30,1,1,safe,
0.2217304764,-0.3400689114,0.3490658504,115.408441,103.5605858,40,1,1,safe,
0.2217304764,-0.3400689114,0.436332313,115.408441,103.5605858,50,1,1,safe,
0.2217304764,-0.3400689114,0.5235987756,115.408441,103.5605858,60,1,1,safe,
0.2217304764,-0.3400689114,0.6108652382,115.408441,103.5605858,70,1,1,safe,
0.2217304764,-0.3400689114,0.6981317008,115.408441,103.5605858,80,1,1,safe,
0.2217304764,-0.3400689114,0.7853981634,115.408441,103.5605858,90,1,1,safe,
0.2217304764,-0.3400689114,0.872664626,115.408441,103.5605858,100,1,1,safe,
0.2217304764,-0.3400689114,0.9599310886,115.408441,103.5605858,110,1,1,safe,
0.2217304764,-0.3400689114,1.047197551,115.408441,103.5605858,120,1,1,safe,
0.2217304764,-0.3400689114,1.134464014,115.408441,103.5605858,130,1,1,safe,
0.2217304764,-0.3400689114,1.221730476,115.408441,103.5605858,140,1,1,safe,
0.2217304764,-0.3400689114,1.308996939,115.408441,103.5605858,150,1,1,safe,
0.2217304764,-0.3400689114,1.396263402,115.408441,103.5605858,160,1,1,safe,
0.2217304764,-0.3400689114,1.483529864,115.408441,103.5605858,170,1,1,safe,
0.2217304764,-0.2528024488,0,115.408441,93.56058576,0,1,1,safe,
0.2217304764,-0.2528024488,0.0872664626,115.408441,93.56058576,10,1,1,safe,
0.2217304764,-0.2528024488,0.1745329252,115.408441,93.56058576,20,1,1,safe,
0.2217304764,-0.2528024488,0.2617993878,115.408441,93.56058576,30,1,1,safe,
0.2217304764,-0.2528024488,0.3490658504,115.408441,93.56058576,40,1,1,safe,
0.2217304764,-0.2528024488,0.436332313,115.408441,93.56058576,50,1,1,safe,
0.2217304764,-0.2528024488,0.5235987756,115.408441,93.56058576,60,1,1,safe,
0.2217304764,-0.2528024488,0.6108652382,115.408441,93.56058576,70,1,1,safe,
0.2217304764,-0.2528024488,0.6981317008,115.408441,93.56058576,80,1,1,safe,
0.2217304764,-0.2528024488,0.7853981634,115.408441,93.56058576,90,1,1,safe,
0.2217304764,-0.2528024488,0.872664626,115.408441,93.56058576,100,1,1,safe,
0.2217304764,-0.2528024488,0.9599310886,115.408441,93.56058576,110,1,1,safe,
0.2217304764,-0.2528024488,1.047197551,115.408441,93.56058576,120,1,1,safe,
0.2217304764,-0.2528024488,1.134464014,115.408441,93.56058576,130,1,1,safe,
0.2217304764,-0.2528024488,1.221730476,115.408441,93.56058576,140,1,1,safe,
0.2217304764,-0.2528024488,1.308996939,115.408441,93.56058576,150,1,1,safe,
0.2217304764,-0.2528024488,1.396263402,115.408441,93.56058576,160,1,1,safe,
0.2217304764,-0.2528024488,1.483529864,115.408441,93.56058576,170,1,1,safe,
0.2217304764,-0.1655359862,0,115.408441,83.56058576,0,1,1,safe,
0.2217304764,-0.1655359862,0.0872664626,115.408441,83.56058576,10,1,1,safe,
0.2217304764,-0.1655359862,0.1745329252,115.408441,83.56058576,20,1,1,safe,
0.2217304764,-0.1655359862,0.2617993878,115.408441,83.56058576,30,1,1,safe,
0.2217304764,-0.1655359862,0.3490658504,115.408441,83.56058576,40,1,1,safe,
0.2217304764,-0.1655359862,0.436332313,115.408441,83.56058576,50,1,1,safe,
0.2217304764,-0.1655359862,0.5235987756,115.408441,83.56058576,60,1,1,safe,
0.2217304764,-0.1655359862,0.6108652382,115.408441,83.56058576,70,1,1,safe,
0.2217304764,-0.1655359862,0.6981317008,115.408441,83.56058576,80,1,1,safe,
0.2217304764,-0.1655359862,0.7853981634,115.408441,83.56058576,90,1,1,safe,
0.2217304764,-0.1655359862,0.872664626,115.408441,83.56058576,100,1,1,safe,
0.2217304764,-0.1655359862,0.9599310886,115.408441,83.56058576,110,1,1,safe,
0.2217304764,-0.1655359862,1.047197551,115.408441,83.56058576,120,1,1,safe,
0.2217304764,-0.1655359862,1.134464014,115.408441,83.56058576,130,1,1,safe,
0.2217304764,-0.1655359862,1.221730476,115.408441,83.56058576,140,1,1,safe,
0.2217304764,-0.1655359862,1.308996939,115.408441,83.56058576,150,1,1,safe,
0.2217304764,-0.1655359862,1.396263402,115.408441,83.56058576,160,1,1,safe,
0.2217304764,-0.1655359862,1.483529864,115.408441,83.56058576,170,1,1,safe,
0.2217304764,-0.0782695236,0,115.408441,73.56058576,0,1,1,safe,
0.2217304764,-0.0782695236,0.0872664626,115.408441,73.56058576,10,1,1,safe,
0.2217304764,-0.0782695236,0.1745329252,115.408441,73.56058576,20,1,1,safe,
0.2217304764,-0.0782695236,0.2617993878,115.408441,73.56058576,30,1,1,safe,
0.2217304764,-0.0782695236,0.3490658504,115.408441,73.56058576,40,1,1,safe,
0.2217304764,-0.0782695236,0.436332313,115.408441,73.56058576,50,1,1,safe,
0.2217304764,-0.0782695236,0.5235987756,115.408441,73.56058576,60,1,1,safe,
0.2217304764,-0.0782695236,0.6108652382,115.408441,73.56058576,70,1,1,safe,
0.2217304764,-0.0782695236,0.6981317008,115.408441,73.56058576,80,1,1,safe,
0.2217304764,-0.0782695236,0.7853981634,115.408441,73.56058576,90,1,1,safe,
0.2217304764,-0.0782695236,0.872664626,115.408441,73.56058576,100,1,1,safe,
0.2217304764,-0.0782695236,0.9599310886,115.408441,73.56058576,110,1,1,safe,
0.2217304764,-0.0782695236,1.047197551,115.408441,73.56058576,120,1,1,safe,
0.2217304764,-0.0782695236,1.134464014,115.408441,73.56058576,130,1,1,safe,
0.2217304764,-0.0782695236,1.221730476,115.408441,73.56058576,140,1,1,safe,
0.2217304764,-0.0782695236,1.308996939,115.408441,73.56058576,150,1,1,safe,
0.2217304764,-0.0782695236,1.396263402,115.408441,73.56058576,160,1,1,safe,
0.2217304764,-0.0782695236,1.483529864,115.408441,73.56058576,170,1,1,safe,
0.2217304764,0.008996939,0,115.408441,63.56058576,0,1,1,safe,
0.2217304764,0.008996939,0.0872664626,115.408441,63.56058576,10,1,1,safe,
0.2217304764,0.008996939,0.1745329252,115.408441,63.56058576,20,1,1,safe,
0.2217304764,0.008996939,0.2617993878,115.408441,63.56058576,30,1,1,safe,
0.2217304764,0.008996939,0.3490658504,115.408441,63.56058576,40,1,1,safe,
0.2217304764,0.008996939,0.436332313,115.408441,63.56058576,50,1,1,safe,
0.2217304764,0.008996939,0.5235987756,115.408441,63.56058576,60,1,1,safe,
0.2217304764,0.008996939,0.6108652382,115.408441,63.56058576,70,1,1,safe,
0.2217304764,0.008996939,0.6981317008,115.408441,63.56058576,80,1,1,safe,
0.2217304764,0.008996939,0.7853981634,115.408441,63.56058576,90,1,1,safe,
0.2217304764,0.008996939,0.872664626,115.408441,63.56058576,100,1,1,safe,
0.2217304764,0.008996939,0.9599310886,115.408441,63.56058576,110,1,1,safe,
0.2217304764,0.008996939,1.047197551,115.408441,63.56058576,120,1,1,safe,
0.2217304764,0.008996939,1.134464014,115.408441,63.56058576,130,1,1,safe,
0.2217304764,0.008996939,1.221730476,115.408441,63.56058576,140,1,1,safe,
0.2217304764,0.008996939,1.308996939,115.408441,63.56058576,150,1,1,safe,
0.2217304764,0.008996939,1.396263402,115.408441,63.56058576,160,1,1,safe,
0.2217304764,0.008996939,1.483529864,115.408441,63.56058576,170,1,1,safe,
0.2217304764,0.0962634016,0,115.408441,53.56058576,0,1,1,safe,
0.2217304764,0.0962634016,0.0872664626,115.408441,53.56058576,10,1,1,safe,
0.2217304764,0.0962634016,0.1745329252,115.408441,53.56058576,20,1,1,safe,
0.2217304764,0.0962634016,0.2617993878,115.408441,53.56058576,30,1,1,safe,
0.2217304764,0.0962634016,0.3490658504,115.408441,53.56058576,40,1,1,safe,
0.2217304764,0.0962634016,0.436332313,115.408441,53.56058576,50,1,1,safe,
0.2217304764,0.0962634016,0.5235987756,115.408441,53.56058576,60,1,1,safe,
0.2217304764,0.0962634016,0.6108652382,115.408441,53.56058576,70,1,1,safe,
0.2217304764,0.0962634016,0.6981317008,115.408441,53.56058576,80,1,1,safe,
0.2217304764,0.0962634016,0.7853981634,115.408441,53.56058576,90,1,1,safe,
0.2217304764,0.0962634016,0.872664626,115.408441,53.56058576,100,1,1,safe,
0.2217304764,0.0962634016,0.9599310886,115.408441,53.56058576,110,1,1,safe,
0.2217304764,0.0962634016,1.047197551,115.408441,53.56058576,120,1,1,safe,
0.2217304764,0.0962634016,1.134464014,115.408441,53.56058576,130,1,1,safe,
0.2217304764,0.0962634016,1.221730476,115.408441,53.56058576,140,1,1,safe,
0.2217304764,0.0962634016,1.308996939,115.408441,53.56058576,150,1,1,safe,
0.2217304764,0.0962634016,1.396263402,115.408441,53.56058576,160,1,1,safe,
0.2217304764,0.0962634016,1.483529864,115.408441,53.56058576,170,1,1,safe,
0.2217304764,0.1835298642,0,115.408441,43.56058576,0,1,1,safe,
0.2217304764,0.1835298642,0.0872664626,115.408441,43.56058576,10,1,1,safe,
0.2217304764,0.1835298642,0.1745329252,115.408441,43.56058576,20,1,1,safe,
0.2217304764,0.1835298642,0.2617993878,115.408441,43.56058576,30,1,1,safe,
0.2217304764,0.1835298642,0.3490658504,115.408441,43.56058576,40,1,1,safe,
0.2217304764,0.1835298642,0.436332313,115.408441,43.56058576,50,1,1,safe,
0.2217304764,0.1835298642,0.5235987756,115.408441,43.56058576,60,1,1,safe,
0.2217304764,0.1835298642,0.6108652382,115.408441,43.56058576,70,1,1,safe,
0.2217304764,0.1835298642,0.6981317008,115.408441,43.56058576,80,1,1,safe,
0.2217304764,0.1835298642,0.7853981634,115.408441,43.56058576,90,1,1,safe,
0.2217304764,0.1835298642,0.872664626,115.408441,43.56058576,100,1,1,safe,
0.2217304764,0.1835298642,0.9599310886,115.408441,43.56058576,110,1,1,safe,
0.2217304764,0.1835298642,1.047197551,115.408441,43.56058576,120,1,1,safe,
0.2217304764,0.1835298642,1.134464014,115.408441,43.56058576,130,1,1,safe,
0.2217304764,0.1835298642,1.221730476,115.408441,43.56058576,140,1,1,safe,
0.2217304764,0.1835298642,1.308996939,115.408441,43.56058576,150,1,1,safe,
0.2217304764,0.1835298642,1.396263402,115.408441,43.56058576,160,1,1,safe,
0.2217304764,0.1835298642,1.483529864,115.408441,43.56058576,170,1,1,safe,
0.2217304764,0.2707963268,0,115.408441,33.56058576,0,1,1,safe,
0.2217304764,0.2707963268,0.0872664626,115.408441,33.56058576,10,1,1,safe,
0.2217304764,0.2707963268,0.1745329252,115.408441,33.56058576,20,1,1,safe,
0.2217304764,0.2707963268,0.2617993878,115.408441,33.56058576,30,1,1,safe,
0.2217304764,0.2707963268,0.3490658504,115.408441,33.56058576,40,1,1,safe,
0.2217304764,0.2707963268,0.436332313,115.408441,33.56058576,50,1,1,safe,
0.2217304764,0.2707963268,0.5235987756,115.408441,33.56058576,60,1,1,safe,
0.2217304764,0.2707963268,0.6108652382,115.408441,33.56058576,70,1,1,safe,
0.2217304764,0.2707963268,0.6981317008,115.408441,33.56058576,80,1,1,safe,
0.2217304764,0.2707963268,0.7853981634,115.408441,33.56058576,90,1,1,safe,
0.2217304764,0.2707963268,0.872664626,115.408441,33.56058576,100,1,1,safe,
0.2217304764,0.2707963268,0.9599310886,115.408441,33.56058576,110,1,1,safe,
0.2217304764,0.2707963268,1.047197551,115.408441,33.56058576,120,1,1,safe,
0.2217304764,0.2707963268,1.134464014,115.408441,33.56058576,130,1,1,safe,
0.2217304764,0.2707963268,1.221730476,115.408441,33.56058576,140,1,1,safe,
0.2217304764,0.2707963268,1.308996939,115.408441,33.56058576,150,1,1,safe,
0.2217304764,0.2707963268,1.396263402,115.408441,33.56058576,160,1,1,safe,
0.2217304764,0.2707963268,1.483529864,115.408441,33.56058576,170,1,1,safe,
0.2217304764,0.3580627894,0,115.408441,23.56058576,0,1,1,safe,
0.2217304764,0.3580627894,0.0872664626,115.408441,23.56058576,10,1,1,safe,
0.2217304764,0.3580627894,0.1745329252,115.408441,23.56058576,20,1,1,safe,
0.2217304764,0.3580627894,0.2617993878,115.408441,23.56058576,30,1,1,safe,
0.2217304764,0.3580627894,0.3490658504,115.408441,23.56058576,40,1,1,safe,
0.2217304764,0.3580627894,0.436332313,115.408441,23.56058576,50,1,1,safe,
0.2217304764,0.3580627894,0.5235987756,115.408441,23.56058576,60,1,1,safe,
0.2217304764,0.3580627894,0.6108652382,115.408441,23.56058576,70,1,1,safe,
0.2217304764,0.3580627894,0.6981317008,115.408441,23.56058576,80,1,1,safe,
0.2217304764,0.3580627894,0.7853981634,115.408441,23.56058576,90,1,1,safe,
0.2217304764,0.3580627894,0.872664626,115.408441,23.56058576,100,1,1,safe,
0.2217304764,0.3580627894,0.9599310886,115.408441,23.56058576,110,1,1,safe,
0.2217304764,0.3580627894,1.047197551,115.408441,23.56058576,120,1,1,safe,
0.2217304764,0.3580627894,1.134464014,115.408441,23.56058576,130,1,1,safe,
0.2217304764,0.3580627894,1.221730476,115.408441,23.56058576,140,1,1,safe,
0.2217304764,0.3580627894,1.308996939,115.408441,23.56058576,150,1,1,safe,
0.2217304764,0.3580627894,1.396263402,115.408441,23.56058576,160,1,1,safe,
0.2217304764,0.3580627894,1.483529864,115.408441,23.56058576,170,1,1,safe,
0.2217304764,0.445329252,0,115.408441,13.56058576,0,1,1,safe,
0.2217304764,0.445329252,0.0872664626,115.408441,13.56058576,10,1,1,safe,
0.2217304764,0.445329252,0.1745329252,115.408441,13.56058576,20,1,1,safe,
0.2217304764,0.445329252,0.2617993878,115.408441,13.56058576,30,1,1,safe,
0.2217304764,0.445329252,0.3490658504,115.408441,13.56058576,40,1,1,safe,
0.2217304764,0.445329252,0.436332313,115.408441,13.56058576,50,1,1,safe,
0.2217304764,0.445329252,0.5235987756,115.408441,13.56058576,60,1,1,safe,
0.2217304764,0.445329252,0.6108652382,115.408441,13.56058576,70,1,1,safe,
0.2217304764,0.445329252,0.6981317008,115.408441,13.56058576,80,1,1,safe,
0.2217304764,0.445329252,0.7853981634,115.408441,13.56058576,90,1,1,safe,
0.2217304764,0.445329252,0.872664626,115.408441,13.56058576,100,1,1,safe,
0.2217304764,0.445329252,0.9599310886,115.408441,13.56058576,110,1,1,safe,
0.2217304764,0.5325957146,0,115.408441,3.560585759,0,1,1,safe,
0.2217304764,0.5325957146,0.0872664626,115.408441,3.560585759,10,1,1,safe,
0.308996939,-1.038200612,0,125.408441,173.5605858,0,1,1,safe,
0.308996939,-1.038200612,0.0872664626,125.408441,173.5605858,10,1,1,safe,
0.308996939,-1.038200612,0.1745329252,125.408441,173.5605858,20,1,1,safe,
0.308996939,-1.038200612,0.2617993878,125.408441,173.5605858,30,1,1,safe,
0.308996939,-1.038200612,0.3490658504,125.408441,173.5605858,40,1,1,safe,
0.308996939,-1.038200612,0.436332313,125.408441,173.5605858,50,1,1,safe,
0.308996939,-1.038200612,0.5235987756,125.408441,173.5605858,60,1,1,safe,
0.308996939,-1.038200612,0.6108652382,125.408441,173.5605858,70,1,1,safe,
0.308996939,-1.038200612,0.6981317008,125.408441,173.5605858,80,1,1,safe,
0.308996939,-1.038200612,0.7853981634,125.408441,173.5605858,90,1,1,safe,
0.308996939,-1.038200612,0.872664626,125.408441,173.5605858,100,1,1,safe,
0.308996939,-1.038200612,0.9599310886,125.408441,173.5605858,110,1,1,safe,
0.308996939,-1.038200612,1.047197551,125.408441,173.5605858,120,1,1,safe,
0.308996939,-1.038200612,1.134464014,125.408441,173.5605858,130,1,1,safe,
0.308996939,-1.038200612,1.221730476,125.408441,173.5605858,140,1,1,safe,
0.308996939,-1.038200612,1.308996939,125.408441,173.5605858,150,1,1,safe,
0.308996939,-1.038200612,1.396263402,125.408441,173.5605858,160,1,1,safe,
0.308996939,-1.038200612,1.483529864,125.408441,173.5605858,170,1,1,safe,
0.308996939,-0.9509341496,0,125.408441,163.5605858,0,1,1,safe,
0.308996939,-0.9509341496,0.0872664626,125.408441,163.5605858,10,1,1,safe,
0.308996939,-0.9509341496,0.1745329252,125.408441,163.5605858,20,1,1,safe,
0.308996939,-0.9509341496,0.2617993878,125.408441,163.5605858,30,1,1,safe,
0.308996939,-0.9509341496,0.3490658504,125.408441,163.5605858,40,1,1,safe,
0.308996939,-0.9509341496,0.436332313,125.408441,163.5605858,50,1,1,safe,
0.308996939,-0.9509341496,0.5235987756,125.408441,163.5605858,60,1,1,safe,
0.308996939,-0.9509341496,0.6108652382,125.408441,163.5605858,70,1,1,safe,
0.308996939,-0.9509341496,0.6981317008,125.408441,163.5605858,80,1,1,safe,
0.308996939,-0.9509341496,0.7853981634,125.408441,163.5605858,90,1,1,safe,
0.308996939,-0.9509341496,0.872664626,125.408441,163.5605858,100,1,1,safe,
0.308996939,-0.9509341496,0.9599310886,125.408441,163.5605858,110,1,1,safe,
0.308996939,-0.9509341496,1.047197551,125.408441,163.5605858,120,1,1,safe,
0.308996939,-0.9509341496,1.134464014,125.408441,163.5605858,130,1,1,safe,
0.308996939,-0.9509341496,1.221730476,125.408441,163.5605858,140,1,1,safe,
0.308996939,-0.9509341496,1.308996939,125.408441,163.5605858,150,1,1,safe,
0.308996939,-0.9509341496,1.396263402,125.408441,163.5605858,160,1,1,safe,
0.308996939,-0.9509341496,1.483529864,125.408441,163.5605858,170,1,1,safe,
0.308996939,-0.863667687,0,125.408441,153.5605858,0,1,1,safe,
0.308996939,-0.863667687,0.0872664626,125.408441,153.5605858,10,1,1,safe,
0.308996939,-0.863667687,0.1745329252,125.408441,153.5605858,20,1,1,safe,
0.308996939,-0.863667687,0.2617993878,125.408441,153.5605858,30,1,1,safe,
0.308996939,-0.863667687,0.3490658504,125.408441,153.5605858,40,1,1,safe,
0.308996939,-0.863667687,0.436332313,125.408441,153.5605858,50,1,1,safe,
0.308996939,-0.863667687,0.5235987756,125.408441,153.5605858,60,1,1,safe,
0.308996939,-0.863667687,0.6108652382,125.408441,153.5605858,70,1,1,safe,
0.308996939,-0.863667687,0.6981317008,125.408441,153.5605858,80,1,1,safe,
0.308996939,-0.863667687,0.7853981634,125.408441,153.5605858,90,1,1,safe,
0.308996939,-0.863667687,0.872664626,125.408441,153.5605858,100,1,1,safe,
0.308996939,-0.863667687,0.9599310886,125.408441,153.5605858,110,1,1,safe,
0.308996939,-0.863667687,1.047197551,125.408441,153.5605858,120,1,1,safe,
0.308996939,-0.863667687,1.134464014,125.408441,153.5605858,130,1,1,safe,
0.308996939,-0.863667687,1.221730476,125.408441,153.5605858,140,1,1,safe,
0.308996939,-0.863667687,1.308996939,125.408441,153.5605858,150,1,1,safe,
0.308996939,-0.863667687,1.396263402,125.408441,153.5605858,160,1,1,safe,
0.308996939,-0.863667687,1.483529864,125.408441,153.5605858,170,1,1,safe,
0.308996939,-0.7764012244,0,125.408441,143.5605858,0,1,1,safe,
0.308996939,-0.7764012244,0.0872664626,125.408441,143.5605858,10,1,1,safe,
0.308996939,-0.7764012244,0.1745329252,125.408441,143.5605858,20,1,1,safe,
0.308996939,-0.7764012244,0.2617993878,125.408441,143.5605858,30,1,1,safe,
0.308996939,-0.7764012244,0.3490658504,125.408441,143.5605858,40,1,1,safe,
0.308996939,-0.7764012244,0.436332313,125.408441,143.5605858,50,1,1,safe,
0.308996939,-0.7764012244,0.5235987756,125.408441,143.5605858,60,1,1,safe,
0.308996939,-0.7764012244,0.6108652382,125.408441,143.5605858,70,1,1,safe,
0.308996939,-0.7764012244,0.6981317008,125.408441,143.5605858,80,1,1,safe,
0.308996939,-0.7764012244,0.7853981634,125.408441,143.5605858,90,1,1,safe,
0.308996939,-0.7764012244,0.872664626,125.408441,143.5605858,100,1,1,safe,
0.308996939,-0.7764012244,0.9599310886,125.408441,143.5605858,110,1,1,safe,
0.308996939,-0.7764012244,1.047197551,125.408441,143.5605858,120,1,1,safe,
0.308996939,-0.7764012244,1.134464014,125.408441,143.5605858,130,1,1,safe,
0.308996939,-0.7764012244,1.221730476,125.408441,143.5605858,140,1,1,safe,
0.308996939,-0.7764012244,1.308996939,125.408441,143.5605858,150,1,1,safe,
0.308996939,-0.7764012244,1.396263402,125.408441,143.5605858,160,1,1,safe,
0.308996939,-0.7764012244,1.483529864,125.408441,143.5605858,170,1,1,safe,
0.308996939,-0.6891347618,0,125.408441,133.5605858,0,1,1,safe,
0.308996939,-0.6891347618,0.0872664626,125.408441,133.5605858,10,1,1,safe,
0.308996939,-0.6891347618,0.1745329252,125.408441,133.5605858,20,1,1,safe,
0.308996939,-0.6891347618,0.2617993878,125.408441,133.5605858,30,1,1,safe,
0.308996939,-0.6891347618,0.3490658504,125.408441,133.5605858,40,1,1,safe,
0.308996939,-0.6891347618,0.436332313,125.408441,133.5605858,50,1,1,safe,
0.308996939,-0.6891347618,0.5235987756,125.408441,133.5605858,60,1,1,safe,
0.308996939,-0.6891347618,0.6108652382,125.408441,133.5605858,70,1,1,safe,
0.308996939,-0.6891347618,0.6981317008,125.408441,133.5605858,80,1,1,safe,
0.308996939,-0.6891347618,0.7853981634,125.408441,133.5605858,90,1,1,safe,
0.308996939,-0.6891347618,0.872664626,125.408441,133.5605858,100,1,1,safe,
0.308996939,-0.6891347618,0.9599310886,125.408441,133.5605858,110,1,1,safe,
0.308996939,-0.6891347618,1.047197551,125.408441,133.5605858,120,1,1,safe,
0.308996939,-0.6891347618,1.134464014,125.408441,133.5605858,130,1,1,safe,
0.308996939,-0.6891347618,1.221730476,125.408441,133.5605858,140,1,1,safe,
0.308996939,-0.6891347618,1.308996939,125.408441,133.5605858,150,1,1,safe,
0.308996939,-0.6891347618,1.396263402,125.408441,133.5605858,160,1,1,safe,
0.308996939,-0.6891347618,1.483529864,125.408441,133.5605858,170,1,1,safe,
0.308996939,-0.6018682992,0,125.408441,123.5605858,0,1,1,safe,
0.308996939,-0.6018682992,0.0872664626,125.408441,123.5605858,10,1,1,safe,
0.308996939,-0.6018682992,0.1745329252,125.408441,123.5605858,20,1,1,safe,
0.308996939,-0.6018682992,0.2617993878,125.408441,123.5605858,30,1,1,safe,
0.308996939,-0.6018682992,0.3490658504,125.408441,123.5605858,40,1,1,safe,
0.308996939,-0.6018682992,0.436332313,125.408441,123.5605858,50,1,1,safe,
0.308996939,-0.6018682992,0.5235987756,125.408441,123.5605858,60,1,1,safe,
0.308996939,-0.6018682992,0.6108652382,125.408441,123.5605858,70,1,1,safe,
0.308996939,-0.6018682992,0.6981317008,125.408441,123.5605858,80,1,1,safe,
0.308996939,-0.6018682992,0.7853981634,125.408441,123.5605858,90,1,1,safe,
0.308996939,-0.6018682992,0.872664626,125.408441,123.5605858,100,1,1,safe,
0.308996939,-0.6018682992,0.9599310886,125.408441,123.5605858,110,1,1,safe,
0.308996939,-0.6018682992,1.047197551,125.408441,123.5605858,120,1,1,safe,
0.308996939,-0.6018682992,1.134464014,125.408441,123.5605858,130,1,1,safe,
0.308996939,-0.6018682992,1.221730476,125.408441,123.5605858,140,1,1,safe,
0.308996939,-0.6018682992,1.308996939,125.408441,123.5605858,150,1,1,safe,
0.308996939,-0.6018682992,1.396263402,125.408441,123.5605858,160,1,1,safe,
0.308996939,-0.6018682992,1.483529864,125.408441,123.5605858,170,1,1,safe,
0.308996939,-0.5146018366,0,125.408441,113.5605858,0,1,1,safe,
0.308996939,-0.5146018366,0.0872664626,125.408441,113.5605858,10,1,1,safe,
0.308996939,-0.5146018366,0.1745329252,125.408441,113.5605858,20,1,1,safe,
0.308996939,-0.5146018366,0.2617993878,125.408441,113.5605858,30,1,1,safe,
0.308996939,-0.5146018366,0.3490658504,125.408441,113.5605858,40,1,1,safe,
0.308996939,-0.5146018366,0.436332313,125.408441,113.5605858,50,1,1,safe,
0.308996939,-0.5146018366,0.5235987756,125.408441,113.5605858,60,1,1,safe,
0.308996939,-0.5146018366,0.6108652382,125.408441,113.5605858,70,1,1,safe,
0.308996939,-0.5146018366,0.6981317008,125.408441,113.5605858,80,1,1,safe,
0.308996939,-0.5146018366,0.7853981634,125.408441,113.5605858,90,1,1,safe,
0.308996939,-0.5146018366,0.872664626,125.408441,113.5605858,100,1,1,safe,
0.308996939,-0.5146018366,0.9599310886,125.408441,113.5605858,110,1,1,safe,
0.308996939,-0.5146018366,1.047197551,125.408441,113.5605858,120,1,1,safe,
0.308996939,-0.5146018366,1.134464014,125.408441,113.5605858,130,1,1,safe,
0.308996939,-0.5146018366,1.221730476,125.408441,113.5605858,140,1,1,safe,
0.308996939,-0.5146018366,1.308996939,125.408441,113.5605858,150,1,1,safe,
0.308996939,-0.5146018366,1.396263402,125.408441,113.5605858,160,1,1,safe,
0.308996939,-0.5146018366,1.483529864,125.408441,113.5605858,170,1,1,safe,
0.308996939,-0.427335374,0,125.408441,103.5605858,0,1,1,safe,
0.308996939,-0.427335374,0.0872664626,125.408441,103.5605858,10,1,1,safe,
0.308996939,-0.427335374,0.1745329252,125.408441,103.5605858,20,1,1,safe,
0.308996939,-0.427335374,0.2617993878,125.408441,103.5605858,30,1,1,safe,
0.308996939,-0.427335374,0.3490658504,125.408441,103.5605858,40,1,1,safe,
0.308996939,-0.427335374,0.436332313,125.408441,103.5605858,50,1,1,safe,
0.308996939,-0.427335374,0.5235987756,125.408441,103.5605858,60,1,1,safe,
0.308996939,-0.427335374,0.6108652382,125.408441,103.5605858,70,1,1,safe,
0.308996939,-0.427335374,0.6981317008,125.408441,103.5605858,80,1,1,safe,
0.308996939,-0.427335374,0.7853981634,125.408441,103.5605858,90,1,1,safe,
0.308996939,-0.427335374,0.872664626,125.408441,103.5605858,100,1,1,safe,
0.308996939,-0.427335374,0.9599310886,125.408441,103.5605858,110,1,1,safe,
0.308996939,-0.427335374,1.047197551,125.408441,103.5605858,120,1,1,safe,
0.308996939,-0.427335374,1.134464014,125.408441,103.5605858,130,1,1,safe,
0.308996939,-0.427335374,1.221730476,125.408441,103.5605858,140,1,1,safe,
0.308996939,-0.427335374,1.308996939,125.408441,103.5605858,150,1,1,safe,
0.308996939,-0.427335374,1.396263402,125.408441,103.5605858,160,1,1,safe,
0.308996939,-0.427335374,1.483529864,125.408441,103.5605858,170,1,1,safe,
0.308996939,-0.3400689114,0,125.408441,93.56058576,0,1,1,safe,
0.308996939,-0.3400689114,0.0872664626,125.408441,93.56058576,10,1,1,safe,
0.308996939,-0.3400689114,0.1745329252,125.408441,93.56058576,20,1,1,safe,
0.308996939,-0.3400689114,0.2617993878,125.408441,93.56058576,30,1,1,safe,
0.308996939,-0.3400689114,0.3490658504,125.408441,93.56058576,40,1,1,safe,
0.308996939,-0.3400689114,0.436332313,125.408441,93.56058576,50,1,1,safe,
0.308996939,-0.3400689114,0.5235987756,125.408441,93.56058576,60,1,1,safe,
0.308996939,-0.3400689114,0.6108652382,125.408441,93.56058576,70,1,1,safe,
0.308996939,-0.3400689114,0.6981317008,125.408441,93.56058576,80,1,1,safe,
0.308996939,-0.3400689114,0.7853981634,125.408441,93.56058576,90,1,1,safe,
0.308996939,-0.3400689114,0.872664626,125.408441,93.56058576,100,1,1,safe,
0.308996939,-0.3400689114,0.9599310886,125.408441,93.56058576,110,1,1,safe,
0.308996939,-0.3400689114,1.047197551,125.408441,93.56058576,120,1,1,safe,
0.308996939,-0.3400689114,1.134464014,125.408441,93.56058576,130,1,1,safe,
0.308996939,-0.3400689114,1.221730476,125.408441,93.56058576,140,1,1,safe,
0.308996939,-0.3400689114,1.308996939,125.408441,93.56058576,150,1,1,safe,
0.308996939,-0.3400689114,1.396263402,125.408441,93.56058576,160,1,1,safe,
0.308996939,-0.3400689114,1.483529864,125.408441,93.56058576,170,1,1,safe,
0.308996939,-0.2528024488,0,125.408441,83.56058576,0,1,1,safe,
0.308996939,-0.2528024488,0.0872664626,125.408441,83.56058576,10,1,1,safe,
0.308996939,-0.2528024488,0.1745329252,125.408441,83.56058576,20,1,1,safe,
0.308996939,-0.2528024488,0.2617993878,125.408441,83.56058576,30,1,1,safe,
0.308996939,-0.2528024488,0.3490658504,125.408441,83.56058576,40,1,1,safe,
0.308996939,-0.2528024488,0.436332313,125.408441,83.56058576,50,1,1,safe,
0.308996939,-0.2528024488,0.5235987756,125.408441,83.56058576,60,1,1,safe,
0.308996939,-0.2528024488,0.6108652382,125.408441,83.56058576,70,1,1,safe,
0.308996939,-0.2528024488,0.6981317008,125.408441,83.56058576,80,1,1,safe,
0.308996939,-0.2528024488,0.7853981634,125.408441,83.56058576,90,1,1,safe,
0.308996939,-0.2528024488,0.872664626,125.408441,83.56058576,100,1,1,safe,
0.308996939,-0.2528024488,0.9599310886,125.408441,83.56058576,110,1,1,safe,
0.308996939,-0.2528024488,1.047197551,125.408441,83.56058576,120,1,1,safe,
0.308996939,-0.2528024488,1.134464014,125.408441,83.56058576,130,1,1,safe,
0.308996939,-0.2528024488,1.221730476,125.408441,83.56058576,140,1,1,safe,
0.308996939,-0.2528024488,1.308996939,125.408441,83.56058576,150,1,1,safe,
0.308996939,-0.2528024488,1.396263402,125.408441,83.56058576,160,1,1,safe,
0.308996939,-0.2528024488,1.483529864,125.408441,83.56058576,170,1,1,safe,
0.308996939,-0.1655359862,0,125.408441,73.56058576,0,1,1,safe,
0.308996939,-0.1655359862,0.0872664626,125.408441,73.56058576,10,1,1,safe,
0.308996939,-0.1655359862,0.1745329252,125.408441,73.56058576,20,1,1,safe,
0.308996939,-0.1655359862,0.2617993878,125.408441,73.56058576,30,1,1,safe,
0.308996939,-0.1655359862,0.3490658504,125.408441,73.56058576,40,1,1,safe,
0.308996939,-0.1655359862,0.436332313,125.408441,73.56058576,50,1,1,safe,
0.308996939,-0.1655359862,0.5235987756,125.408441,73.56058576,60,1,1,safe,
0.308996939,-0.1655359862,0.6108652382,125.408441,73.56058576,70,1,1,safe,
0.308996939,-0.1655359862,0.6981317008,125.408441,73.56058576,80,1,1,safe,
0.308996939,-0.1655359862,0.7853981634,125.408441,73.56058576,90,1,1,safe,
0.308996939,-0.1655359862,0.872664626,125.408441,73.56058576,100,1,1,safe,
0.308996939,-0.1655359862,0.9599310886,125.408441,73.56058576,110,1,1,safe,
0.308996939,-0.1655359862,1.047197551,125.408441,73.56058576,120,1,1,safe,
0.308996939,-0.1655359862,1.134464014,125.408441,73.56058576,130,1,1,safe,
0.308996939,-0.1655359862,1.221730476,125.408441,73.56058576,140,1,1,safe,
0.308996939,-0.1655359862,1.308996939,125.408441,73.56058576,150,1,1,safe,
0.308996939,-0.1655359862,1.396263402,125.408441,73.56058576,160,1,1,safe,
0.308996939,-0.1655359862,1.483529864,125.408441,73.56058576,170,1,1,safe,
0.308996939,-0.0782695236,0,125.408441,63.56058576,0,1,1,safe,
0.308996939,-0.0782695236,0.0872664626,125.408441,63.56058576,10,1,1,safe,
0.308996939,-0.0782695236,0.1745329252,125.408441,63.56058576,20,1,1,safe,
0.308996939,-0.0782695236,0.2617993878,125.408441,63.56058576,30,1,1,safe,
0.308996939,-0.0782695236,0.3490658504,125.408441,63.56058576,40,1,1,safe,
0.308996939,-0.0782695236,0.436332313,125.408441,63.56058576,50,1,1,safe,
0.308996939,-0.0782695236,0.5235987756,125.408441,63.56058576,60,1,1,safe,
0.308996939,-0.0782695236,0.6108652382,125.408441,63.56058576,70,1,1,safe,
0.308996939,-0.0782695236,0.6981317008,125.408441,63.56058576,80,1,1,safe,
0.308996939,-0.0782695236,0.7853981634,125.408441,63.56058576,90,1,1,safe,
0.308996939,-0.0782695236,0.872664626,125.408441,63.56058576,100,1,1,safe,
0.308996939,-0.0782695236,0.9599310886,125.408441,63.56058576,110,1,1,safe,
0.308996939,-0.0782695236,1.047197551,125.408441,63.56058576,120,1,1,safe,
0.308996939,-0.0782695236,1.134464014,125.408441,63.56058576,130,1,1,safe,
0.308996939,-0.0782695236,1.221730476,125.408441,63.56058576,140,1,1,safe,
0.308996939,-0.0782695236,1.308996939,125.408441,63.56058576,150,1,1,safe,
0.308996939,-0.0782695236,1.396263402,125.408441,63.56058576,160,1,1,safe,
0.308996939,-0.0782695236,1.483529864,125.408441,63.56058576,170,1,1,safe,
0.308996939,0.008996939,0,125.408441,53.56058576,0,1,1,safe,
0.308996939,0.008996939,0.0872664626,125.408441,53.56058576,10,1,1,safe,
0.308996939,0.008996939,0.1745329252,125.408441,53.56058576,20,1,1,safe,
0.308996939,0.008996939,0.2617993878,125.408441,53.56058576,30,1,1,safe,
0.308996939,0.008996939,0.3490658504,125.408441,53.56058576,40,1,1,safe,
0.308996939,0.008996939,0.436332313,125.408441,53.56058576,50,1,1,safe,
0.308996939,0.008996939,0.5235987756,125.408441,53.56058576,60,1,1,safe,
0.308996939,0.008996939,0.6108652382,125.408441,53.56058576,70,1,1,safe,
0.308996939,0.008996939,0.6981317008,125.408441,53.56058576,80,1,1,safe,
0.308996939,0.008996939,0.7853981634,125.408441,53.56058576,90,1,1,safe,
0.308996939,0.008996939,0.872664626,125.408441,53.56058576,100,1,1,safe,
0.308996939,0.008996939,0.9599310886,125.408441,53.56058576,110,1,1,safe,
0.308996939,0.008996939,1.047197551,125.408441,53.56058576,120,1,1,safe,
0.308996939,0.008996939,1.134464014,125.408441,53.56058576,130,1,1,safe,
0.308996939,0.008996939,1.221730476,125.408441,53.56058576,140,1,1,safe,
0.308996939,0.008996939,1.308996939,125.408441,53.56058576,150,1,1,safe,
0.308996939,0.008996939,1.396263402,125.408441,53.56058576,160,1,1,safe,
0.308996939,0.008996939,1.483529864,125.408441,53.56058576,170,1,1,safe,
0.308996939,0.0962634016,0,125.408441,43.56058576,0,1,1,safe,
0.308996939,0.0962634016,0.0872664626,125.408441,43.56058576,10,1,1,safe,
0.308996939,0.0962634016,0.1745329252,125.408441,43.56058576,20,1,1,safe,
0.308996939,0.0962634016,0.2617993878,125.408441,43.56058576,30,1,1,safe,
0.308996939,0.0962634016,0.3490658504,125.408441,43.56058576,40,1,1,safe,
0.308996939,0.0962634016,0.436332313,125.408441,43.56058576,50,1,1,safe,
0.308996939,0.0962634016,0.5235987756,125.408441,43.56058576,60,1,1,safe,
0.308996939,0.0962634016,0.6108652382,125.408441,43.56058576,70,1,1,safe,
0.308996939,0.0962634016,0.6981317008,125.408441,43.56058576,80,1,1,safe,
0.308996939,0.0962634016,0.7853981634,125.408441,43.56058576,90,1,1,safe,
0.308996939,0.0962634016,0.872664626,125.408441,43.56058576,100,1,1,safe,
0.308996939,0.0962634016,0.9599310886,125.408441,43.56058576,110,1,1,safe,
0.308996939,0.0962634016,1.047197551,125.408441,43.56058576,120,1,1,safe,
0.308996939,0.0962634016,1.134464014,125.408441,43.56058576,130,1,1,safe,
0.308996939,0.0962634016,1.221730476,125.408441,43.56058576,140,1,1,safe,
0.308996939,0.0962634016,1.308996939,125.408441,43.56058576,150,1,1,safe,
0.308996939,0.0962634016,1.396263402,125.408441,43.56058576,160,1,1,safe,
0.308996939,0.0962634016,1.483529864,125.408441,43.56058576,170,1,1,safe,
0.308996939,0.1835298642,0,125.408441,33.56058576,0,1,1,safe,
0.308996939,0.1835298642,0.0872664626,125.408441,33.56058576,10,1,1,safe,
0.308996939,0.1835298642,0.1745329252,125.408441,33.56058576,20,1,1,safe,
0.308996939,0.1835298642,0.2617993878,125.408441,33.56058576,30,1,1,safe,
0.308996939,0.1835298642,0.3490658504,125.408441,33.56058576,40,1,1,safe,
0.308996939,0.1835298642,0.436332313,125.408441,33.56058576,50,1,1,safe,
0.308996939,0.1835298642,0.5235987756,125.408441,33.56058576,60,1,1,safe,
0.308996939,0.1835298642,0.6108652382,125.408441,33.56058576,70,1,1,safe,
0.308996939,0.1835298642,0.6981317008,125.408441,33.56058576,80,1,1,safe,
0.308996939,0.1835298642,0.7853981634,125.408441,33.56058576,90,1,1,safe,
0.308996939,0.1835298642,0.872664626,125.408441,33.56058576,100,1,1,safe,
0.308996939,0.1835298642,0.9599310886,125.408441,33.56058576,110,1,1,safe,
0.308996939,0.1835298642,1.047197551,125.408441,33.56058576,120,1,1,safe,
0.308996939,0.1835298642,1.134464014,125.408441,33.56058576,130,1,1,safe,
0.308996939,0.1835298642,1.221730476,125.408441,33.56058576,140,1,1,safe,
0.308996939,0.1835298642,1.308996939,125.408441,33.56058576,150,1,1,safe,
0.308996939,0.1835298642,1.396263402,125.408441,33.56058576,160,1,1,safe,
0.308996939,0.1835298642,1.483529864,125.408441,33.56058576,170,1,1,safe,
0.308996939,0.2707963268,0,125.408441,23.56058576,0,1,1,safe,
0.308996939,0.2707963268,0.0872664626,125.408441,23.56058576,10,1,1,safe,
0.308996939,0.2707963268,0.1745329252,125.408441,23.56058576,20,1,1,safe,
0.308996939,0.2707963268,0.2617993878,125.408441,23.56058576,30,1,1,safe,
0.308996939,0.2707963268,0.3490658504,125.408441,23.56058576,40,1,1,safe,
0.308996939,0.2707963268,0.436332313,125.408441,23.56058576,50,1,1,safe,
0.308996939,0.2707963268,0.5235987756,125.408441,23.56058576,60,1,1,safe,
0.308996939,0.2707963268,0.6108652382,125.408441,23.56058576,70,1,1,safe,
0.308996939,0.2707963268,0.6981317008,125.408441,23.56058576,80,1,1,safe,
0.308996939,0.2707963268,0.7853981634,125.408441,23.56058576,90,1,1,safe,
0.308996939,0.2707963268,0.872664626,125.408441,23.56058576,100,1,1,safe,
0.308996939,0.2707963268,0.9599310886,125.408441,23.56058576,110,1,1,safe,
0.308996939,0.2707963268,1.047197551,125.408441,23.56058576,120,1,1,safe,
0.308996939,0.2707963268,1.134464014,125.408441,23.56058576,130,1,1,safe,
0.308996939,0.2707963268,1.221730476,125.408441,23.56058576,140,1,1,safe,
0.308996939,0.2707963268,1.308996939,125.408441,23.56058576,150,1,1,safe,
0.308996939,0.2707963268,1.396263402,125.408441,23.56058576,160,1,1,safe,
0.308996939,0.2707963268,1.483529864,125.408441,23.56058576,170,1,1,safe,
0.308996939,0.3580627894,0,125.408441,13.56058576,0,1,1,safe,
0.308996939,0.3580627894,0.0872664626,125.408441,13.56058576,10,1,1,safe,
0.308996939,0.3580627894,0.1745329252,125.408441,13.56058576,20,1,1,safe,
0.308996939,0.3580627894,0.2617993878,125.408441,13.56058576,30,1,1,safe,
0.308996939,0.3580627894,0.3490658504,125.408441,13.56058576,40,1,1,safe,
0.308996939,0.3580627894,0.436332313,125.408441,13.56058576,50,1,1,safe,
0.308996939,0.3580627894,0.5235987756,125.408441,13.56058576,60,1,1,safe,
0.308996939,0.3580627894,0.6108652382,125.408441,13.56058576,70,1,1,safe,
0.308996939,0.3580627894,0.6981317008,125.408441,13.56058576,80,1,1,safe,
0.308996939,0.3580627894,0.7853981634,125.408441,13.56058576,90,1,1,safe,
0.308996939,0.445329252,0,125.408441,3.560585759,0,1,1,safe,
0.3962634016,-1.125467075,0,135.408441,173.5605858,0,1,1,safe,
0.3962634016,-1.125467075,0.0872664626,135.408441,173.5605858,10,1,1,safe,
0.3962634016,-1.125467075,0.1745329252,135.408441,173.5605858,20,1,1,safe,
0.3962634016,-1.125467075,0.2617993878,135.408441,173.5605858,30,1,1,safe,
0.3962634016,-1.125467075,0.3490658504,135.408441,173.5605858,40,1,1,safe,
0.3962634016,-1.125467075,0.436332313,135.408441,173.5605858,50,1,1,safe,
0.3962634016,-1.125467075,0.5235987756,135.408441,173.5605858,60,1,1,safe,
0.3962634016,-1.125467075,0.6108652382,135.408441,173.5605858,70,1,1,safe,
0.3962634016,-1.125467075,0.6981317008,135.408441,173.5605858,80,1,1,safe,
0.3962634016,-1.125467075,0.7853981634,135.408441,173.5605858,90,1,1,safe,
0.3962634016,-1.125467075,0.872664626,135.408441,173.5605858,100,1,1,safe,
0.3962634016,-1.125467075,0.9599310886,135.408441,173.5605858,110,1,1,safe,
0.3962634016,-1.125467075,1.047197551,135.408441,173.5605858,120,1,1,safe,
0.3962634016,-1.125467075,1.134464014,135.408441,173.5605858,130,1,1,safe,
0.3962634016,-1.125467075,1.221730476,135.408441,173.5605858,140,1,1,safe,
0.3962634016,-1.125467075,1.308996939,135.408441,173.5605858,150,1,1,safe,
0.3962634016,-1.125467075,1.396263402,135.408441,173.5605858,160,1,1,safe,
0.3962634016,-1.125467075,1.483529864,135.408441,173.5605858,170,1,1,safe,
0.3962634016,-1.038200612,0,135.408441,163.5605858,0,1,1,safe,
0.3962634016,-1.038200612,0.0872664626,135.408441,163.5605858,10,1,1,safe,
0.3962634016,-1.038200612,0.1745329252,135.408441,163.5605858,20,1,1,safe,
0.3962634016,-1.038200612,0.2617993878,135.408441,163.5605858,30,1,1,safe,
0.3962634016,-1.038200612,0.3490658504,135.408441,163.5605858,40,1,1,safe,
0.3962634016,-1.038200612,0.436332313,135.408441,163.5605858,50,1,1,safe,
0.3962634016,-1.038200612,0.5235987756,135.408441,163.5605858,60,1,1,safe,
0.3962634016,-1.038200612,0.6108652382,135.408441,163.5605858,70,1,1,safe,
0.3962634016,-1.038200612,0.6981317008,135.408441,163.5605858,80,1,1,safe,
0.3962634016,-1.038200612,0.7853981634,135.408441,163.5605858,90,1,1,safe,
0.3962634016,-1.038200612,0.872664626,135.408441,163.5605858,100,1,1,safe,
0.3962634016,-1.038200612,0.9599310886,135.408441,163.5605858,110,1,1,safe,
0.3962634016,-1.038200612,1.047197551,135.408441,163.5605858,120,1,1,safe,
0.3962634016,-1.038200612,1.134464014,135.408441,163.5605858,130,1,1,safe,
0.3962634016,-1.038200612,1.221730476,135.408441,163.5605858,140,1,1,safe,
0.3962634016,-1.038200612,1.308996939,135.408441,163.5605858,150,1,1,safe,
0.3962634016,-1.038200612,1.396263402,135.408441,163.5605858,160,1,1,safe,
0.3962634016,-1.038200612,1.483529864,135.408441,163.5605858,170,1,1,safe,
0.3962634016,-0.9509341496,0,135.408441,153.5605858,0,1,1,safe,
0.3962634016,-0.9509341496,0.0872664626,135.408441,153.5605858,10,1,1,safe,
0.3962634016,-0.9509341496,0.1745329252,135.408441,153.5605858,20,1,1,safe,
0.3962634016,-0.9509341496,0.2617993878,135.408441,153.5605858,30,1,1,safe,
0.3962634016,-0.9509341496,0.3490658504,135.408441,153.5605858,40,1,1,safe,
0.3962634016,-0.9509341496,0.436332313,135.408441,153.5605858,50,1,1,safe,
0.3962634016,-0.9509341496,0.5235987756,135.408441,153.5605858,60,1,1,safe,
0.3962634016,-0.9509341496,0.6108652382,135.408441,153.5605858,70,1,1,safe,
0.3962634016,-0.9509341496,0.6981317008,135.408441,153.5605858,80,1,1,safe,
0.3962634016,-0.9509341496,0.7853981634,135.408441,153.5605858,90,1,1,safe,
0.3962634016,-0.9509341496,0.872664626,135.408441,153.5605858,100,1,1,safe,
0.3962634016,-0.9509341496,0.9599310886,135.408441,153.5605858,110,1,1,safe,
0.3962634016,-0.9509341496,1.047197551,135.408441,153.5605858,120,1,1,safe,
0.3962634016,-0.9509341496,1.134464014,135.408441,153.5605858,130,1,1,safe,
0.3962634016,-0.9509341496,1.221730476,135.408441,153.5605858,140,1,1,safe,
0.3962634016,-0.9509341496,1.308996939,135.408441,153.5605858,150,1,1,safe,
0.3962634016,-0.9509341496,1.396263402,135.408441,153.5605858,160,1,1,safe,
0.3962634016,-0.9509341496,1.483529864,135.408441,153.5605858,170,1,1,safe,
0.3962634016,-0.863667687,0,135.408441,143.5605858,0,1,1,safe,
0.3962634016,-0.863667687,0.0872664626,135.408441,143.5605858,10,1,1,safe,
0.3962634016,-0.863667687,0.1745329252,135.408441,143.5605858,20,1,1,safe,
0.3962634016,-0.863667687,0.2617993878,135.408441,143.5605858,30,1,1,safe,
0.3962634016,-0.863667687,0.3490658504,135.408441,143.5605858,40,1,1,safe,
0.3962634016,-0.863667687,0.436332313,135.408441,143.5605858,50,1,1,safe,
0.3962634016,-0.863667687,0.5235987756,135.408441,143.5605858,60,1,1,safe,
0.3962634016,-0.863667687,0.6108652382,135.408441,143.5605858,70,1,1,safe,
0.3962634016,-0.863667687,0.6981317008,135.408441,143.5605858,80,1,1,safe,
0.3962634016,-0.863667687,0.7853981634,135.408441,143.5605858,90,1,1,safe,
0.3962634016,-0.863667687,0.872664626,135.408441,143.5605858,100,1,1,safe,
0.3962634016,-0.863667687,0.9599310886,135.408441,143.5605858,110,1,1,safe,
0.3962634016,-0.863667687,1.047197551,135.408441,143.5605858,120,1,1,safe,
0.3962634016,-0.863667687,1.134464014,135.408441,143.5605858,130,1,1,safe,
0.3962634016,-0.863667687,1.221730476,135.408441,143.5605858,140,1,1,safe,
0.3962634016,-0.863667687,1.308996939,135.408441,143.5605858,150,1,1,safe,
0.3962634016,-0.863667687,1.396263402,135.408441,143.5605858,160,1,1,safe,
0.3962634016,-0.863667687,1.483529864,135.408441,143.5605858,170,1,1,safe,
0.3962634016,-0.7764012244,0,135.408441,133.5605858,0,1,1,safe,
0.3962634016,-0.7764012244,0.0872664626,135.408441,133.5605858,10,1,1,safe,
0.3962634016,-0.7764012244,0.1745329252,135.408441,133.5605858,20,1,1,safe,
0.3962634016,-0.7764012244,0.2617993878,135.408441,133.5605858,30,1,1,safe,
0.3962634016,-0.7764012244,0.3490658504,135.408441,133.5605858,40,1,1,safe,
0.3962634016,-0.7764012244,0.436332313,135.408441,133.5605858,50,1,1,safe,
0.3962634016,-0.7764012244,0.5235987756,135.408441,133.5605858,60,1,1,safe,
0.3962634016,-0.7764012244,0.6108652382,135.408441,133.5605858,70,1,1,safe,
0.3962634016,-0.7764012244,0.6981317008,135.408441,133.5605858,80,1,1,safe,
0.3962634016,-0.7764012244,0.7853981634,135.408441,133.5605858,90,1,1,safe,
0.3962634016,-0.7764012244,0.872664626,135.408441,133.5605858,100,1,1,safe,
0.3962634016,-0.7764012244,0.9599310886,135.408441,133.5605858,110,1,1,safe,
0.3962634016,-0.7764012244,1.047197551,135.408441,133.5605858,120,1,1,safe,
0.3962634016,-0.7764012244,1.134464014,135.408441,133.5605858,130,1,1,safe,
0.3962634016,-0.7764012244,1.221730476,135.408441,133.5605858,140,1,1,safe,
0.3962634016,-0.7764012244,1.308996939,135.408441,133.5605858,150,1,1,safe,
0.3962634016,-0.7764012244,1.396263402,135.408441,133.5605858,160,1,1,safe,
0.3962634016,-0.7764012244,1.483529864,135.408441,133.5605858,170,1,1,safe,
0.3962634016,-0.6891347618,0,135.408441,123.5605858,0,1,1,safe,
0.3962634016,-0.6891347618,0.0872664626,135.408441,123.5605858,10,1,1,safe,
0.3962634016,-0.6891347618,0.1745329252,135.408441,123.5605858,20,1,1,safe,
0.3962634016,-0.6891347618,0.2617993878,135.408441,123.5605858,30,1,1,safe,
0.3962634016,-0.6891347618,0.3490658504,135.408441,123.5605858,40,1,1,safe,
0.3962634016,-0.6891347618,0.436332313,135.408441,123.5605858,50,1,1,safe,
0.3962634016,-0.6891347618,0.5235987756,135.408441,123.5605858,60,1,1,safe,
0.3962634016,-0.6891347618,0.6108652382,135.408441,123.5605858,70,1,1,safe,
0.3962634016,-0.6891347618,0.6981317008,135.408441,123.5605858,80,1,1,safe,
0.3962634016,-0.6891347618,0.7853981634,135.408441,123.5605858,90,1,1,safe,
0.3962634016,-0.6891347618,0.872664626,135.408441,123.5605858,100,1,1,safe,
0.3962634016,-0.6891347618,0.9599310886,135.408441,123.5605858,110,1,1,safe,
0.3962634016,-0.6891347618,1.047197551,135.408441,123.5605858,120,1,1,safe,
0.3962634016,-0.6891347618,1.134464014,135.408441,123.5605858,130,1,1,safe,
0.3962634016,-0.6891347618,1.221730476,135.408441,123.5605858,140,1,1,safe,
0.3962634016,-0.6891347618,1.308996939,135.408441,123.5605858,150,1,1,safe,
0.3962634016,-0.6891347618,1.396263402,135.408441,123.5605858,160,1,1,safe,
0.3962634016,-0.6891347618,1.483529864,135.408441,123.5605858,170,1,1,safe,
0.3962634016,-0.6018682992,0,135.408441,113.5605858,0,1,1,safe,
0.3962634016,-0.6018682992,0.0872664626,135.408441,113.5605858,10,1,1,safe,
0.3962634016,-0.6018682992,0.1745329252,135.408441,113.5605858,20,1,1,safe,
0.3962634016,-0.6018682992,0.2617993878,135.408441,113.5605858,30,1,1,safe,
0.3962634016,-0.6018682992,0.3490658504,135.408441,113.5605858,40,1,1,safe,
0.3962634016,-0.6018682992,0.436332313,135.408441,113.5605858,50,1,1,safe,
0.3962634016,-0.6018682992,0.5235987756,135.408441,113.5605858,60,1,1,safe,
0.3962634016,-0.6018682992,0.6108652382,135.408441,113.5605858,70,1,1,safe,
0.3962634016,-0.6018682992,0.6981317008,135.408441,113.5605858,80,1,1,safe,
0.3962634016,-0.6018682992,0.7853981634,135.408441,113.5605858,90,1,1,safe,
0.3962634016,-0.6018682992,0.872664626,135.408441,113.5605858,100,1,1,safe,
0.3962634016,-0.6018682992,0.9599310886,135.408441,113.5605858,110,1,1,safe,
0.3962634016,-0.6018682992,1.047197551,135.408441,113.5605858,120,1,1,safe,
0.3962634016,-0.6018682992,1.134464014,135.408441,113.5605858,130,1,1,safe,
0.3962634016,-0.6018682992,1.221730476,135.408441,113.5605858,140,1,1,safe,
0.3962634016,-0.6018682992,1.308996939,135.408441,113.5605858,150,1,1,safe,
0.3962634016,-0.6018682992,1.396263402,135.408441,113.5605858,160,1,1,safe,
0.3962634016,-0.6018682992,1.483529864,135.408441,113.5605858,170,1,1,safe,
0.3962634016,-0.5146018366,0,135.408441,103.5605858,0,1,1,safe,
0.3962634016,-0.5146018366,0.0872664626,135.408441,103.5605858,10,1,1,safe,
0.3962634016,-0.5146018366,0.1745329252,135.408441,103.5605858,20,1,1,safe,
0.3962634016,-0.5146018366,0.2617993878,135.408441,103.5605858,30,1,1,safe,
0.3962634016,-0.5146018366,0.3490658504,135.408441,103.5605858,40,1,1,safe,
0.3962634016,-0.5146018366,0.436332313,135.408441,103.5605858,50,1,1,safe,
0.3962634016,-0.5146018366,0.5235987756,135.408441,103.5605858,60,1,1,safe,
0.3962634016,-0.5146018366,0.6108652382,135.408441,103.5605858,70,1,1,safe,
0.3962634016,-0.5146018366,0.6981317008,135.408441,103.5605858,80,1,1,safe,
0.3962634016,-0.5146018366,0.7853981634,135.408441,103.5605858,90,1,1,safe,
0.3962634016,-0.5146018366,0.872664626,135.408441,103.5605858,100,1,1,safe,
0.3962634016,-0.5146018366,0.9599310886,135.408441,103.5605858,110,1,1,safe,
0.3962634016,-0.5146018366,1.047197551,135.408441,103.5605858,120,1,1,safe,
0.3962634016,-0.5146018366,1.134464014,135.408441,103.5605858,130,1,1,safe,
0.3962634016,-0.5146018366,1.221730476,135.408441,103.5605858,140,1,1,safe,
0.3962634016,-0.5146018366,1.308996939,135.408441,103.5605858,150,1,1,safe,
0.3962634016,-0.5146018366,1.396263402,135.408441,103.5605858,160,1,1,safe,
0.3962634016,-0.5146018366,1.483529864,135.408441,103.5605858,170,1,1,safe,
0.3962634016,-0.427335374,0,135.408441,93.56058576,0,1,1,safe,
0.3962634016,-0.427335374,0.0872664626,135.408441,93.56058576,10,1,1,safe,
0.3962634016,-0.427335374,0.1745329252,135.408441,93.56058576,20,1,1,safe,
0.3962634016,-0.427335374,0.2617993878,135.408441,93.56058576,30,1,1,safe,
0.3962634016,-0.427335374,0.3490658504,135.408441,93.56058576,40,1,1,safe,
0.3962634016,-0.427335374,0.436332313,135.408441,93.56058576,50,1,1,safe,
0.3962634016,-0.427335374,0.5235987756,135.408441,93.56058576,60,1,1,safe,
0.3962634016,-0.427335374,0.6108652382,135.408441,93.56058576,70,1,1,safe,
0.3962634016,-0.427335374,0.6981317008,135.408441,93.56058576,80,1,1,safe,
0.3962634016,-0.427335374,0.7853981634,135.408441,93.56058576,90,1,1,safe,
0.3962634016,-0.427335374,0.872664626,135.408441,93.56058576,100,1,1,safe,
0.3962634016,-0.427335374,0.9599310886,135.408441,93.56058576,110,1,1,safe,
0.3962634016,-0.427335374,1.047197551,135.408441,93.56058576,120,1,1,safe,
0.3962634016,-0.427335374,1.134464014,135.408441,93.56058576,130,1,1,safe,
0.3962634016,-0.427335374,1.221730476,135.408441,93.56058576,140,1,1,safe,
0.3962634016,-0.427335374,1.308996939,135.408441,93.56058576,150,1,1,safe,
0.3962634016,-0.427335374,1.396263402,135.408441,93.56058576,160,1,1,safe,
0.3962634016,-0.427335374,1.483529864,135.408441,93.56058576,170,1,1,safe,
0.3962634016,-0.3400689114,0,135.408441,83.56058576,0,1,1,safe,
0.3962634016,-0.3400689114,0.0872664626,135.408441,83.56058576,10,1,1,safe,
0.3962634016,-0.3400689114,0.1745329252,135.408441,83.56058576,20,1,1,safe,
0.3962634016,-0.3400689114,0.2617993878,135.408441,83.56058576,30,1,1,safe,
0.3962634016,-0.3400689114,0.3490658504,135.408441,83.56058576,40,1,1,safe,
0.3962634016,-0.3400689114,0.436332313,135.408441,83.56058576,50,1,1,safe,
0.3962634016,-0.3400689114,0.5235987756,135.408441,83.56058576,60,1,1,safe,
0.3962634016,-0.3400689114,0.6108652382,135.408441,83.56058576,70,1,1,safe,
0.3962634016,-0.3400689114,0.6981317008,135.408441,83.56058576,80,1,1,safe,
0.3962634016,-0.3400689114,0.7853981634,135.408441,83.56058576,90,1,1,safe,
0.3962634016,-0.3400689114,0.872664626,135.408441,83.56058576,100,1,1,safe,
0.3962634016,-0.3400689114,0.9599310886,135.408441,83.56058576,110,1,1,safe,
0.3962634016,-0.3400689114,1.047197551,135.408441,83.56058576,120,1,1,safe,
0.3962634016,-0.3400689114,1.134464014,135.408441,83.56058576,130,1,1,safe,
0.3962634016,-0.3400689114,1.221730476,135.408441,83.56058576,140,1,1,safe,
0.3962634016,-0.3400689114,1.308996939,135.408441,83.56058576,150,1,1,safe,
0.3962634016,-0.3400689114,1.396263402,135.408441,83.56058576,160,1,1,safe,
0.3962634016,-0.3400689114,1.483529864,135.408441,83.56058576,170,1,1,safe,
0.3962634016,-0.2528024488,0,135.408441,73.56058576,0,1,1,safe,
0.3962634016,-0.2528024488,0.0872664626,135.408441,73.56058576,10,1,1,safe,
0.3962634016,-0.2528024488,0.1745329252,135.408441,73.56058576,20,1,1,safe,
0.3962634016,-0.2528024488,0.2617993878,135.408441,73.56058576,30,1,1,safe,
0.3962634016,-0.2528024488,0.3490658504,135.408441,73.56058576,40,1,1,safe,
0.3962634016,-0.2528024488,0.436332313,135.408441,73.56058576,50,1,1,safe,
0.3962634016,-0.2528024488,0.5235987756,135.408441,73.56058576,60,1,1,safe,
0.3962634016,-0.2528024488,0.6108652382,135.408441,73.56058576,70,1,1,safe,
0.3962634016,-0.2528024488,0.6981317008,135.408441,73.56058576,80,1,1,safe,
0.3962634016,-0.2528024488,0.7853981634,135.408441,73.56058576,90,1,1,safe,
0.3962634016,-0.2528024488,0.872664626,135.408441,73.56058576,100,1,1,safe,
0.3962634016,-0.2528024488,0.9599310886,135.408441,73.56058576,110,1,1,safe,
0.3962634016,-0.2528024488,1.047197551,135.408441,73.56058576,120,1,1,safe,
0.3962634016,-0.2528024488,1.134464014,135.408441,73.56058576,130,1,1,safe,
0.3962634016,-0.2528024488,1.221730476,135.408441,73.56058576,140,1,1,safe,
0.3962634016,-0.2528024488,1.308996939,135.408441,73.56058576,150,1,1,safe,
0.3962634016,-0.2528024488,1.396263402,135.408441,73.56058576,160,1,1,safe,
0.3962634016,-0.2528024488,1.483529864,135.408441,73.56058576,170,1,1,safe,
0.3962634016,-0.1655359862,0,135.408441,63.56058576,0,1,1,safe,
0.3962634016,-0.1655359862,0.0872664626,135.408441,63.56058576,10,1,1,safe,
0.3962634016,-0.1655359862,0.1745329252,135.408441,63.56058576,20,1,1,safe,
0.3962634016,-0.1655359862,0.2617993878,135.408441,63.56058576,30,1,1,safe,
0.3962634016,-0.1655359862,0.3490658504,135.408441,63.56058576,40,1,1,safe,
0.3962634016,-0.1655359862,0.436332313,135.408441,63.56058576,50,1,1,safe,
0.3962634016,-0.1655359862,0.5235987756,135.408441,63.56058576,60,1,1,safe,
0.3962634016,-0.1655359862,0.6108652382,135.408441,63.56058576,70,1,1,safe,
0.3962634016,-0.1655359862,0.6981317008,135.408441,63.56058576,80,1,1,safe,
0.3962634016,-0.1655359862,0.7853981634,135.408441,63.56058576,90,1,1,safe,
0.3962634016,-0.1655359862,0.872664626,135.408441,63.56058576,100,1,1,safe,
0.3962634016,-0.1655359862,0.9599310886,135.408441,63.56058576,110,1,1,safe,
0.3962634016,-0.1655359862,1.047197551,135.408441,63.56058576,120,1,1,safe,
0.3962634016,-0.1655359862,1.134464014,135.408441,63.56058576,130,1,1,safe,
0.3962634016,-0.1655359862,1.221730476,135.408441,63.56058576,140,1,1,safe,
0.3962634016,-0.1655359862,1.308996939,135.408441,63.56058576,150,1,1,safe,
0.3962634016,-0.1655359862,1.396263402,135.408441,63.56058576,160,1,1,safe,
0.3962634016,-0.1655359862,1.483529864,135.408441,63.56058576,170,1,1,safe,
0.3962634016,-0.0782695236,0,135.408441,53.56058576,0,1,1,safe,
0.3962634016,-0.0782695236,0.0872664626,135.408441,53.56058576,10,1,1,safe,
0.3962634016,-0.0782695236,0.1745329252,135.408441,53.56058576,20,1,1,safe,
0.3962634016,-0.0782695236,0.2617993878,135.408441,53.56058576,30,1,1,safe,
0.3962634016,-0.0782695236,0.3490658504,135.408441,53.56058576,40,1,1,safe,
0.3962634016,-0.0782695236,0.436332313,135.408441,53.56058576,50,1,1,safe,
0.3962634016,-0.0782695236,0.5235987756,135.408441,53.56058576,60,1,1,safe,
0.3962634016,-0.0782695236,0.6108652382,135.408441,53.56058576,70,1,1,safe,
0.3962634016,-0.0782695236,0.6981317008,135.408441,53.56058576,80,1,1,safe,
0.3962634016,-0.0782695236,0.7853981634,135.408441,53.56058576,90,1,1,safe,
0.3962634016,-0.0782695236,0.872664626,135.408441,53.56058576,100,1,1,safe,
0.3962634016,-0.0782695236,0.9599310886,135.408441,53.56058576,110,1,1,safe,
0.3962634016,-0.0782695236,1.047197551,135.408441,53.56058576,120,1,1,safe,
0.3962634016,-0.0782695236,1.134464014,135.408441,53.56058576,130,1,1,safe,
0.3962634016,-0.0782695236,1.221730476,135.408441,53.56058576,140,1,1,safe,
0.3962634016,-0.0782695236,1.308996939,135.408441,53.56058576,150,1,1,safe,
0.3962634016,-0.0782695236,1.396263402,135.408441,53.56058576,160,1,1,safe,
0.3962634016,-0.0782695236,1.483529864,135.408441,53.56058576,170,1,1,safe,
0.3962634016,0.008996939,0,135.408441,43.56058576,0,1,1,safe,
0.3962634016,0.008996939,0.0872664626,135.408441,43.56058576,10,1,1,safe,
0.3962634016,0.008996939,0.1745329252,135.408441,43.56058576,20,1,1,safe,
0.3962634016,0.008996939,0.2617993878,135.408441,43.56058576,30,1,1,safe,
0.3962634016,0.008996939,0.3490658504,135.408441,43.56058576,40,1,1,safe,
0.3962634016,0.008996939,0.436332313,135.408441,43.56058576,50,1,1,safe,
0.3962634016,0.008996939,0.5235987756,135.408441,43.56058576,60,1,1,safe,
0.3962634016,0.008996939,0.6108652382,135.408441,43.56058576,70,1,1,safe,
0.3962634016,0.008996939,0.6981317008,135.408441,43.56058576,80,1,1,safe,
0.3962634016,0.008996939,0.7853981634,135.408441,43.56058576,90,1,1,safe,
0.3962634016,0.008996939,0.872664626,135.408441,43.56058576,100,1,1,safe,
0.3962634016,0.008996939,0.9599310886,135.408441,43.56058576,110,1,1,safe,
0.3962634016,0.008996939,1.047197551,135.408441,43.56058576,120,1,1,safe,
0.3962634016,0.008996939,1.134464014,135.408441,43.56058576,130,1,1,safe,
0.3962634016,0.008996939,1.221730476,135.408441,43.56058576,140,1,1,safe,
0.3962634016,0.008996939,1.308996939,135.408441,43.56058576,150,1,1,safe,
0.3962634016,0.008996939,1.396263402,135.408441,43.56058576,160,1,1,safe,
0.3962634016,0.008996939,1.483529864,135.408441,43.56058576,170,1,1,safe,
0.3962634016,0.0962634016,0,135.408441,33.56058576,0,1,1,safe,
0.3962634016,0.0962634016,0.0872664626,135.408441,33.56058576,10,1,1,safe,
0.3962634016,0.0962634016,0.1745329252,135.408441,33.56058576,20,1,1,safe,
0.3962634016,0.0962634016,0.2617993878,135.408441,33.56058576,30,1,1,safe,
0.3962634016,0.0962634016,0.3490658504,135.408441,33.56058576,40,1,1,safe,
0.3962634016,0.0962634016,0.436332313,135.408441,33.56058576,50,1,1,safe,
0.3962634016,0.0962634016,0.5235987756,135.408441,33.56058576,60,1,1,safe,
0.3962634016,0.0962634016,0.6108652382,135.408441,33.56058576,70,1,1,safe,
0.3962634016,0.0962634016,0.6981317008,135.408441,33.56058576,80,1,1,safe,
0.3962634016,0.0962634016,0.7853981634,135.408441,33.56058576,90,1,1,safe,
0.3962634016,0.0962634016,0.872664626,135.408441,33.56058576,100,1,1,safe,
0.3962634016,0.0962634016,0.9599310886,135.408441,33.56058576,110,1,1,safe,
0.3962634016,0.0962634016,1.047197551,135.408441,33.56058576,120,1,1,safe,
0.3962634016,0.0962634016,1.134464014,135.408441,33.56058576,130,1,1,safe,
0.3962634016,0.0962634016,1.221730476,135.408441,33.56058576,140,1,1,safe,
0.3962634016,0.0962634016,1.308996939,135.408441,33.56058576,150,1,1,safe,
0.3962634016,0.0962634016,1.396263402,135.408441,33.56058576,160,1,1,safe,
0.3962634016,0.0962634016,1.483529864,135.408441,33.56058576,170,1,1,safe,
0.3962634016,0.1835298642,0,135.408441,23.56058576,0,1,1,safe,
0.3962634016,0.1835298642,0.0872664626,135.408441,23.56058576,10,1,1,safe,
0.3962634016,0.1835298642,0.1745329252,135.408441,23.56058576,20,1,1,safe,
0.3962634016,0.1835298642,0.2617993878,135.408441,23.56058576,30,1,1,safe,
0.3962634016,0.1835298642,0.3490658504,135.408441,23.56058576,40,1,1,safe,
0.3962634016,0.1835298642,0.436332313,135.408441,23.56058576,50,1,1,safe,
0.3962634016,0.1835298642,0.5235987756,135.408441,23.56058576,60,1,1,safe,
0.3962634016,0.1835298642,0.6108652382,135.408441,23.56058576,70,1,1,safe,
0.3962634016,0.1835298642,0.6981317008,135.408441,23.56058576,80,1,1,safe,
0.3962634016,0.1835298642,0.7853981634,135.408441,23.56058576,90,1,1,safe,
0.3962634016,0.1835298642,0.872664626,135.408441,23.56058576,100,1,1,safe,
0.3962634016,0.1835298642,0.9599310886,135.408441,23.56058576,110,1,1,safe,
0.3962634016,0.1835298642,1.047197551,135.408441,23.56058576,120,1,1,safe,
0.3962634016,0.1835298642,1.134464014,135.408441,23.56058576,130,1,1,safe,
0.3962634016,0.1835298642,1.221730476,135.408441,23.56058576,140,1,1,safe,
0.3962634016,0.1835298642,1.308996939,135.408441,23.56058576,150,1,1,safe,
0.3962634016,0.1835298642,1.396263402,135.408441,23.56058576,160,1,1,safe,
0.3962634016,0.1835298642,1.483529864,135.408441,23.56058576,170,1,1,safe,
0.3962634016,0.2707963268,0,135.408441,13.56058576,0,1,1,safe,
0.3962634016,0.2707963268,0.0872664626,135.408441,13.56058576,10,1,1,safe,
0.3962634016,0.2707963268,0.1745329252,135.408441,13.56058576,20,1,1,safe,
0.3962634016,0.2707963268,0.2617993878,135.408441,13.56058576,30,1,1,safe,
0.3962634016,0.2707963268,0.3490658504,135.408441,13.56058576,40,1,1,safe,
0.3962634016,0.2707963268,0.436332313,135.408441,13.56058576,50,1,1,safe,
0.3962634016,0.2707963268,0.5235987756,135.408441,13.56058576,60,1,1,safe,
0.3962634016,0.2707963268,0.6108652382,135.408441,13.56058576,70,1,1,safe,
0.4835298642,-1.212733537,0,145.408441,173.5605858,0,1,1,safe,
0.4835298642,-1.212733537,0.0872664626,145.408441,173.5605858,10,1,1,safe,
0.4835298642,-1.212733537,0.1745329252,145.408441,173.5605858,20,1,1,safe,
0.4835298642,-1.212733537,0.2617993878,145.408441,173.5605858,30,1,1,safe,
0.4835298642,-1.212733537,0.3490658504,145.408441,173.5605858,40,1,1,safe,
0.4835298642,-1.212733537,0.436332313,145.408441,173.5605858,50,1,1,safe,
0.4835298642,-1.212733537,0.5235987756,145.408441,173.5605858,60,1,1,safe,
0.4835298642,-1.212733537,0.6108652382,145.408441,173.5605858,70,1,1,safe,
0.4835298642,-1.212733537,0.6981317008,145.408441,173.5605858,80,1,1,safe,
0.4835298642,-1.212733537,0.7853981634,145.408441,173.5605858,90,1,1,safe,
0.4835298642,-1.212733537,0.872664626,145.408441,173.5605858,100,1,1,safe,
0.4835298642,-1.212733537,0.9599310886,145.408441,173.5605858,110,1,1,safe,
0.4835298642,-1.212733537,1.047197551,145.408441,173.5605858,120,1,1,safe,
0.4835298642,-1.212733537,1.134464014,145.408441,173.5605858,130,1,1,safe,
0.4835298642,-1.212733537,1.221730476,145.408441,173.5605858,140,1,1,safe,
0.4835298642,-1.212733537,1.308996939,145.408441,173.5605858,150,1,1,safe,
0.4835298642,-1.212733537,1.396263402,145.408441,173.5605858,160,1,1,safe,
0.4835298642,-1.212733537,1.483529864,145.408441,173.5605858,170,1,1,safe,
0.4835298642,-1.125467075,0,145.408441,163.5605858,0,1,1,safe,
0.4835298642,-1.125467075,0.0872664626,145.408441,163.5605858,10,1,1,safe,
0.4835298642,-1.125467075,0.1745329252,145.408441,163.5605858,20,1,1,safe,
0.4835298642,-1.125467075,0.2617993878,145.408441,163.5605858,30,1,1,safe,
0.4835298642,-1.125467075,0.3490658504,145.408441,163.5605858,40,1,1,safe,
0.4835298642,-1.125467075,0.436332313,145.408441,163.5605858,50,1,1,safe,
0.4835298642,-1.125467075,0.5235987756,145.408441,163.5605858,60,1,1,safe,
0.4835298642,-1.125467075,0.6108652382,145.408441,163.5605858,70,1,1,safe,
0.4835298642,-1.125467075,0.6981317008,145.408441,163.5605858,80,1,1,safe,
0.4835298642,-1.125467075,0.7853981634,145.408441,163.5605858,90,1,1,safe,
0.4835298642,-1.125467075,0.872664626,145.408441,163.5605858,100,1,1,safe,
0.4835298642,-1.125467075,0.9599310886,145.408441,163.5605858,110,1,1,safe,
0.4835298642,-1.125467075,1.047197551,145.408441,163.5605858,120,1,1,safe,
0.4835298642,-1.125467075,1.134464014,145.408441,163.5605858,130,1,1,safe,
0.4835298642,-1.125467075,1.221730476,145.408441,163.5605858,140,1,1,safe,
0.4835298642,-1.125467075,1.308996939,145.408441,163.5605858,150,1,1,safe,
0.4835298642,-1.125467075,1.396263402,145.408441,163.5605858,160,1,1,safe,
0.4835298642,-1.125467075,1.483529864,145.408441,163.5605858,170,1,1,safe,
0.4835298642,-1.038200612,0,145.408441,153.5605858,0,1,1,safe,
0.4835298642,-1.038200612,0.0872664626,145.408441,153.5605858,10,1,1,safe,
0.4835298642,-1.038200612,0.1745329252,145.408441,153.5605858,20,1,1,safe,
0.4835298642,-1.038200612,0.2617993878,145.408441,153.5605858,30,1,1,safe,
0.4835298642,-1.038200612,0.3490658504,145.408441,153.5605858,40,1,1,safe,
0.4835298642,-1.038200612,0.436332313,145.408441,153.5605858,50,1,1,safe,
0.4835298642,-1.038200612,0.5235987756,145.408441,153.5605858,60,1,1,safe,
0.4835298642,-1.038200612,0.6108652382,145.408441,153.5605858,70,1,1,safe,
0.4835298642,-1.038200612,0.6981317008,145.408441,153.5605858,80,1,1,safe,
0.4835298642,-1.038200612,0.7853981634,145.408441,153.5605858,90,1,1,safe,
0.4835298642,-1.038200612,0.872664626,145.408441,153.5605858,100,1,1,safe,
0.4835298642,-1.038200612,0.9599310886,145.408441,153.5605858,110,1,1,safe,
0.4835298642,-1.038200612,1.047197551,145.408441,153.5605858,120,1,1,safe,
0.4835298642,-1.038200612,1.134464014,145.408441,153.5605858,130,1,1,safe,
0.4835298642,-1.038200612,1.221730476,145.408441,153.5605858,140,1,1,safe,
0.4835298642,-1.038200612,1.308996939,145.408441,153.5605858,150,1,1,safe,
0.4835298642,-1.038200612,1.396263402,145.408441,153.5605858,160,1,1,safe,
0.4835298642,-1.038200612,1.483529864,145.408441,153.5605858,170,1,1,safe,
0.4835298642,-0.9509341496,0,145.408441,143.5605858,0,1,1,safe,
0.4835298642,-0.9509341496,0.0872664626,145.408441,143.5605858,10,1,1,safe,
0.4835298642,-0.9509341496,0.1745329252,145.408441,143.5605858,20,1,1,safe,
0.4835298642,-0.9509341496,0.2617993878,145.408441,143.5605858,30,1,1,safe,
0.4835298642,-0.9509341496,0.3490658504,145.408441,143.5605858,40,1,1,safe,
0.4835298642,-0.9509341496,0.436332313,145.408441,143.5605858,50,1,1,safe,
0.4835298642,-0.9509341496,0.5235987756,145.408441,143.5605858,60,1,1,safe,
0.4835298642,-0.9509341496,0.6108652382,145.408441,143.5605858,70,1,1,safe,
0.4835298642,-0.9509341496,0.6981317008,145.408441,143.5605858,80,1,1,safe,
0.4835298642,-0.9509341496,0.7853981634,145.408441,143.5605858,90,1,1,safe,
0.4835298642,-0.9509341496,0.872664626,145.408441,143.5605858,100,1,1,safe,
0.4835298642,-0.9509341496,0.9599310886,145.408441,143.5605858,110,1,1,safe,
0.4835298642,-0.9509341496,1.047197551,145.408441,143.5605858,120,1,1,safe,
0.4835298642,-0.9509341496,1.134464014,145.408441,143.5605858,130,1,1,safe,
0.4835298642,-0.9509341496,1.221730476,145.408441,143.5605858,140,1,1,safe,
0.4835298642,-0.9509341496,1.308996939,145.408441,143.5605858,150,1,1,safe,
0.4835298642,-0.9509341496,1.396263402,145.408441,143.5605858,160,1,1,safe,
0.4835298642,-0.9509341496,1.483529864,145.408441,143.5605858,170,1,1,safe,
0.4835298642,-0.863667687,0,145.408441,133.5605858,0,1,1,safe,
0.4835298642,-0.863667687,0.0872664626,145.408441,133.5605858,10,1,1,safe,
0.4835298642,-0.863667687,0.1745329252,145.408441,133.5605858,20,1,1,safe,
0.4835298642,-0.863667687,0.2617993878,145.408441,133.5605858,30,1,1,safe,
0.4835298642,-0.863667687,0.3490658504,145.408441,133.5605858,40,1,1,safe,
0.4835298642,-0.863667687,0.436332313,145.408441,133.5605858,50,1,1,safe,
0.4835298642,-0.863667687,0.5235987756,145.408441,133.5605858,60,1,1,safe,
0.4835298642,-0.863667687,0.6108652382,145.408441,133.5605858,70,1,1,safe,
0.4835298642,-0.863667687,0.6981317008,145.408441,133.5605858,80,1,1,safe,
0.4835298642,-0.863667687,0.7853981634,145.408441,133.5605858,90,1,1,safe,
0.4835298642,-0.863667687,0.872664626,145.408441,133.5605858,100,1,1,safe,
0.4835298642,-0.863667687,0.9599310886,145.408441,133.5605858,110,1,1,safe,
0.4835298642,-0.863667687,1.047197551,145.408441,133.5605858,120,1,1,safe,
0.4835298642,-0.863667687,1.134464014,145.408441,133.5605858,130,1,1,safe,
0.4835298642,-0.863667687,1.221730476,145.408441,133.5605858,140,1,1,safe,
0.4835298642,-0.863667687,1.308996939,145.408441,133.5605858,150,1,1,safe,
0.4835298642,-0.863667687,1.396263402,145.408441,133.5605858,160,1,1,safe,
0.4835298642,-0.863667687,1.483529864,145.408441,133.5605858,170,1,1,safe,
0.4835298642,-0.7764012244,0,145.408441,123.5605858,0,1,1,safe,
0.4835298642,-0.7764012244,0.0872664626,145.408441,123.5605858,10,1,1,safe,
0.4835298642,-0.7764012244,0.1745329252,145.408441,123.5605858,20,1,1,safe,
0.4835298642,-0.7764012244,0.2617993878,145.408441,123.5605858,30,1,1,safe,
0.4835298642,-0.7764012244,0.3490658504,145.408441,123.5605858,40,1,1,safe,
0.4835298642,-0.7764012244,0.436332313,145.408441,123.5605858,50,1,1,safe,
0.4835298642,-0.7764012244,0.5235987756,145.408441,123.5605858,60,1,1,safe,
0.4835298642,-0.7764012244,0.6108652382,145.408441,123.5605858,70,1,1,safe,
0.4835298642,-0.7764012244,0.6981317008,145.408441,123.5605858,80,1,1,safe,
0.4835298642,-0.7764012244,0.7853981634,145.408441,123.5605858,90,1,1,safe,
0.4835298642,-0.7764012244,0.872664626,145.408441,123.5605858,100,1,1,safe,
0.4835298642,-0.7764012244,0.9599310886,145.408441,123.5605858,110,1,1,safe,
0.4835298642,-0.7764012244,1.047197551,145.408441,123.5605858,120,1,1,safe,
0.4835298642,-0.7764012244,1.134464014,145.408441,123.5605858,130,1,1,safe,
0.4835298642,-0.7764012244,1.221730476,145.408441,123.5605858,140,1,1,safe,
0.4835298642,-0.7764012244,1.308996939,145.408441,123.5605858,150,1,1,safe,
0.4835298642,-0.7764012244,1.396263402,145.408441,123.5605858,160,1,1,safe,
0.4835298642,-0.7764012244,1.483529864,145.408441,123.5605858,170,1,1,safe,
0.4835298642,-0.6891347618,0,145.408441,113.5605858,0,1,1,safe,
0.4835298642,-0.6891347618,0.0872664626,145.408441,113.5605858,10,1,1,safe,
0.4835298642,-0.6891347618,0.1745329252,145.408441,113.5605858,20,1,1,safe,
0.4835298642,-0.6891347618,0.2617993878,145.408441,113.5605858,30,1,1,safe,
0.4835298642,-0.6891347618,0.3490658504,145.408441,113.5605858,40,1,1,safe,
0.4835298642,-0.6891347618,0.436332313,145.408441,113.5605858,50,1,1,safe,
0.4835298642,-0.6891347618,0.5235987756,145.408441,113.5605858,60,1,1,safe,
0.4835298642,-0.6891347618,0.6108652382,145.408441,113.5605858,70,1,1,safe,
0.4835298642,-0.6891347618,0.6981317008,145.408441,113.5605858,80,1,1,safe,
0.4835298642,-0.6891347618,0.7853981634,145.408441,113.5605858,90,1,1,safe,
0.4835298642,-0.6891347618,0.872664626,145.408441,113.5605858,100,1,1,safe,
0.4835298642,-0.6891347618,0.9599310886,145.408441,113.5605858,110,1,1,safe,
0.4835298642,-0.6891347618,1.047197551,145.408441,113.5605858,120,1,1,safe,
0.4835298642,-0.6891347618,1.134464014,145.408441,113.5605858,130,1,1,safe,
0.4835298642,-0.6891347618,1.221730476,145.408441,113.5605858,140,1,1,safe,
0.4835298642,-0.6891347618,1.308996939,145.408441,113.5605858,150,1,1,safe,
0.4835298642,-0.6891347618,1.396263402,145.408441,113.5605858,160,1,1,safe,
0.4835298642,-0.6891347618,1.483529864,145.408441,113.5605858,170,1,1,safe,
0.4835298642,-0.6018682992,0,145.408441,103.5605858,0,1,1,safe,
0.4835298642,-0.6018682992,0.0872664626,145.408441,103.5605858,10,1,1,safe,
0.4835298642,-0.6018682992,0.1745329252,145.408441,103.5605858,20,1,1,safe,
0.4835298642,-0.6018682992,0.2617993878,145.408441,103.5605858,30,1,1,safe,
0.4835298642,-0.6018682992,0.3490658504,145.408441,103.5605858,40,1,1,safe,
0.4835298642,-0.6018682992,0.436332313,145.408441,103.5605858,50,1,1,safe,
0.4835298642,-0.6018682992,0.5235987756,145.408441,103.5605858,60,1,1,safe,
0.4835298642,-0.6018682992,0.6108652382,145.408441,103.5605858,70,1,1,safe,
0.4835298642,-0.6018682992,0.6981317008,145.408441,103.5605858,80,1,1,safe,
0.4835298642,-0.6018682992,0.7853981634,145.408441,103.5605858,90,1,1,safe,
0.4835298642,-0.6018682992,0.872664626,145.408441,103.5605858,100,1,1,safe,
0.4835298642,-0.6018682992,0.9599310886,145.408441,103.5605858,110,1,1,safe,
0.4835298642,-0.6018682992,1.047197551,145.408441,103.5605858,120,1,1,safe,
0.4835298642,-0.6018682992,1.134464014,145.408441,103.5605858,130,1,1,safe,
0.4835298642,-0.6018682992,1.221730476,145.408441,103.5605858,140,1,1,safe,
0.4835298642,-0.6018682992,1.308996939,145.408441,103.5605858,150,1,1,safe,
0.4835298642,-0.6018682992,1.396263402,145.408441,103.5605858,160,1,1,safe,
0.4835298642,-0.6018682992,1.483529864,145.408441,103.5605858,170,1,1,safe,
0.4835298642,-0.5146018366,0,145.408441,93.56058576,0,1,1,safe,
0.4835298642,-0.5146018366,0.0872664626,145.408441,93.56058576,10,1,1,safe,
0.4835298642,-0.5146018366,0.1745329252,145.408441,93.56058576,20,1,1,safe,
0.4835298642,-0.5146018366,0.2617993878,145.408441,93.56058576,30,1,1,safe,
0.4835298642,-0.5146018366,0.3490658504,145.408441,93.56058576,40,1,1,safe,
0.4835298642,-0.5146018366,0.436332313,145.408441,93.56058576,50,1,1,safe,
0.4835298642,-0.5146018366,0.5235987756,145.408441,93.56058576,60,1,1,safe,
0.4835298642,-0.5146018366,0.6108652382,145.408441,93.56058576,70,1,1,safe,
0.4835298642,-0.5146018366,0.6981317008,145.408441,93.56058576,80,1,1,safe,
0.4835298642,-0.5146018366,0.7853981634,145.408441,93.56058576,90,1,1,safe,
0.4835298642,-0.5146018366,0.872664626,145.408441,93.56058576,100,1,1,safe,
0.4835298642,-0.5146018366,0.9599310886,145.408441,93.56058576,110,1,1,safe,
0.4835298642,-0.5146018366,1.047197551,145.408441,93.56058576,120,1,1,safe,
0.4835298642,-0.5146018366,1.134464014,145.408441,93.56058576,130,1,1,safe,
0.4835298642,-0.5146018366,1.221730476,145.408441,93.56058576,140,1,1,safe,
0.4835298642,-0.5146018366,1.308996939,145.408441,93.56058576,150,1,1,safe,
0.4835298642,-0.5146018366,1.396263402,145.408441,93.56058576,160,1,1,safe,
0.4835298642,-0.5146018366,1.483529864,145.408441,93.56058576,170,1,1,safe,
0.4835298642,-0.427335374,0,145.408441,83.56058576,0,1,1,safe,
0.4835298642,-0.427335374,0.0872664626,145.408441,83.56058576,10,1,1,safe,
0.4835298642,-0.427335374,0.1745329252,145.408441,83.56058576,20,1,1,safe,
0.4835298642,-0.427335374,0.2617993878,145.408441,83.56058576,30,1,1,safe,
0.4835298642,-0.427335374,0.3490658504,145.408441,83.56058576,40,1,1,safe,
0.4835298642,-0.427335374,0.436332313,145.408441,83.56058576,50,1,1,safe,
0.4835298642,-0.427335374,0.5235987756,145.408441,83.56058576,60,1,1,safe,
0.4835298642,-0.427335374,0.6108652382,145.408441,83.56058576,70,1,1,safe,
0.4835298642,-0.427335374,0.6981317008,145.408441,83.56058576,80,1,1,safe,
0.4835298642,-0.427335374,0.7853981634,145.408441,83.56058576,90,1,1,safe,
0.4835298642,-0.427335374,0.872664626,145.408441,83.56058576,100,1,1,safe,
0.4835298642,-0.427335374,0.9599310886,145.408441,83.56058576,110,1,1,safe,
0.4835298642,-0.427335374,1.047197551,145.408441,83.56058576,120,1,1,safe,
0.4835298642,-0.427335374,1.134464014,145.408441,83.56058576,130,1,1,safe,
0.4835298642,-0.427335374,1.221730476,145.408441,83.56058576,140,1,1,safe,
0.4835298642,-0.427335374,1.308996939,145.408441,83.56058576,150,1,1,safe,
0.4835298642,-0.427335374,1.396263402,145.408441,83.56058576,160,1,1,safe,
0.4835298642,-0.427335374,1.483529864,145.408441,83.56058576,170,1,1,safe,
0.4835298642,-0.3400689114,0,145.408441,73.56058576,0,1,1,safe,
0.4835298642,-0.3400689114,0.0872664626,145.408441,73.56058576,10,1,1,safe,
0.4835298642,-0.3400689114,0.1745329252,145.408441,73.56058576,20,1,1,safe,
0.4835298642,-0.3400689114,0.2617993878,145.408441,73.56058576,30,1,1,safe,
0.4835298642,-0.3400689114,0.3490658504,145.408441,73.56058576,40,1,1,safe,
0.4835298642,-0.3400689114,0.436332313,145.408441,73.56058576,50,1,1,safe,
0.4835298642,-0.3400689114,0.5235987756,145.408441,73.56058576,60,1,1,safe,
0.4835298642,-0.3400689114,0.6108652382,145.408441,73.56058576,70,1,1,safe,
0.4835298642,-0.3400689114,0.6981317008,145.408441,73.56058576,80,1,1,safe,
0.4835298642,-0.3400689114,0.7853981634,145.408441,73.56058576,90,1,1,safe,
0.4835298642,-0.3400689114,0.872664626,145.408441,73.56058576,100,1,1,safe,
0.4835298642,-0.3400689114,0.9599310886,145.408441,73.56058576,110,1,1,safe,
0.4835298642,-0.3400689114,1.047197551,145.408441,73.56058576,120,1,1,safe,
0.4835298642,-0.3400689114,1.134464014,145.408441,73.56058576,130,1,1,safe,
0.4835298642,-0.3400689114,1.221730476,145.408441,73.56058576,140,1,1,safe,
0.4835298642,-0.3400689114,1.308996939,145.408441,73.56058576,150,1,1,safe,
0.4835298642,-0.3400689114,1.396263402,145.408441,73.56058576,160,1,1,safe,
0.4835298642,-0.3400689114,1.483529864,145.408441,73.56058576,170,1,1,safe,
0.4835298642,-0.2528024488,0,145.408441,63.56058576,0,1,1,safe,
0.4835298642,-0.2528024488,0.0872664626,145.408441,63.56058576,10,1,1,safe,
0.4835298642,-0.2528024488,0.1745329252,145.408441,63.56058576,20,1,1,safe,
0.4835298642,-0.2528024488,0.2617993878,145.408441,63.56058576,30,1,1,safe,
0.4835298642,-0.2528024488,0.3490658504,145.408441,63.56058576,40,1,1,safe,
0.4835298642,-0.2528024488,0.436332313,145.408441,63.56058576,50,1,1,safe,
0.4835298642,-0.2528024488,0.5235987756,145.408441,63.56058576,60,1,1,safe,
0.4835298642,-0.2528024488,0.6108652382,145.408441,63.56058576,70,1,1,safe,
0.4835298642,-0.2528024488,0.6981317008,145.408441,63.56058576,80,1,1,safe,
0.4835298642,-0.2528024488,0.7853981634,145.408441,63.56058576,90,1,1,safe,
0.4835298642,-0.2528024488,0.872664626,145.408441,63.56058576,100,1,1,safe,
0.4835298642,-0.2528024488,0.9599310886,145.408441,63.56058576,110,1,1,safe,
0.4835298642,-0.2528024488,1.047197551,145.408441,63.56058576,120,1,1,safe,
0.4835298642,-0.2528024488,1.134464014,145.408441,63.56058576,130,1,1,safe,
0.4835298642,-0.2528024488,1.221730476,145.408441,63.56058576,140,1,1,safe,
0.4835298642,-0.2528024488,1.308996939,145.408441,63.56058576,150,1,1,safe,
0.4835298642,-0.2528024488,1.396263402,145.408441,63.56058576,160,1,1,safe,
0.4835298642,-0.2528024488,1.483529864,145.408441,63.56058576,170,1,1,safe,
0.4835298642,-0.1655359862,0,145.408441,53.56058576,0,1,1,safe,
0.4835298642,-0.1655359862,0.0872664626,145.408441,53.56058576,10,1,1,safe,
0.4835298642,-0.1655359862,0.1745329252,145.408441,53.56058576,20,1,1,safe,
0.4835298642,-0.1655359862,0.2617993878,145.408441,53.56058576,30,1,1,safe,
0.4835298642,-0.1655359862,0.3490658504,145.408441,53.56058576,40,1,1,safe,
0.4835298642,-0.1655359862,0.436332313,145.408441,53.56058576,50,1,1,safe,
0.4835298642,-0.1655359862,0.5235987756,145.408441,53.56058576,60,1,1,safe,
0.4835298642,-0.1655359862,0.6108652382,145.408441,53.56058576,70,1,1,safe,
0.4835298642,-0.1655359862,0.6981317008,145.408441,53.56058576,80,1,1,safe,
0.4835298642,-0.1655359862,0.7853981634,145.408441,53.56058576,90,1,1,safe,
0.4835298642,-0.1655359862,0.872664626,145.408441,53.56058576,100,1,1,safe,
0.4835298642,-0.1655359862,0.9599310886,145.408441,53.56058576,110,1,1,safe,
0.4835298642,-0.1655359862,1.047197551,145.408441,53.56058576,120,1,1,safe,
0.4835298642,-0.1655359862,1.134464014,145.408441,53.56058576,130,1,1,safe,
0.4835298642,-0.1655359862,1.221730476,145.408441,53.56058576,140,1,1,safe,
0.4835298642,-0.1655359862,1.308996939,145.408441,53.56058576,150,1,1,safe,
0.4835298642,-0.1655359862,1.396263402,145.408441,53.56058576,160,1,1,safe,
0.4835298642,-0.1655359862,1.483529864,145.408441,53.56058576,170,1,1,safe,
0.4835298642,-0.0782695236,0,145.408441,43.56058576,0,1,1,safe,
0.4835298642,-0.0782695236,0.0872664626,145.408441,43.56058576,10,1,1,safe,
0.4835298642,-0.0782695236,0.1745329252,145.408441,43.56058576,20,1,1,safe,
0.4835298642,-0.0782695236,0.2617993878,145.408441,43.56058576,30,1,1,safe,
0.4835298642,-0.0782695236,0.3490658504,145.408441,43.56058576,40,1,1,safe,
0.4835298642,-0.0782695236,0.436332313,145.408441,43.56058576,50,1,1,safe,
0.4835298642,-0.0782695236,0.5235987756,145.408441,43.56058576,60,1,1,safe,
0.4835298642,-0.0782695236,0.6108652382,145.408441,43.56058576,70,1,1,safe,
0.4835298642,-0.0782695236,0.6981317008,145.408441,43.56058576,80,1,1,safe,
0.4835298642,-0.0782695236,0.7853981634,145.408441,43.56058576,90,1,1,safe,
0.4835298642,-0.0782695236,0.872664626,145.408441,43.56058576,100,1,1,safe,
0.4835298642,-0.0782695236,0.9599310886,145.408441,43.56058576,110,1,1,safe,
0.4835298642,-0.0782695236,1.047197551,145.408441,43.56058576,120,1,1,safe,
0.4835298642,-0.0782695236,1.134464014,145.408441,43.56058576,130,1,1,safe,
0.4835298642,-0.0782695236,1.221730476,145.408441,43.56058576,140,1,1,safe,
0.4835298642,-0.0782695236,1.308996939,145.408441,43.56058576,150,1,1,safe,
0.4835298642,-0.0782695236,1.396263402,145.408441,43.56058576,160,1,1,safe,
0.4835298642,-0.0782695236,1.483529864,145.408441,43.56058576,170,1,1,safe,
0.4835298642,0.008996939,0,145.408441,33.56058576,0,1,1,safe,
0.4835298642,0.008996939,0.0872664626,145.408441,33.56058576,10,1,1,safe,
0.4835298642,0.008996939,0.1745329252,145.408441,33.56058576,20,1,1,safe,
0.4835298642,0.008996939,0.2617993878,145.408441,33.56058576,30,1,1,safe,
0.4835298642,0.008996939,0.3490658504,145.408441,33.56058576,40,1,1,safe,
0.4835298642,0.008996939,0.436332313,145.408441,33.56058576,50,1,1,safe,
0.4835298642,0.008996939,0.5235987756,145.408441,33.56058576,60,1,1,safe,
0.4835298642,0.008996939,0.6108652382,145.408441,33.56058576,70,1,1,safe,
0.4835298642,0.008996939,0.6981317008,145.408441,33.56058576,80,1,1,safe,
0.4835298642,0.008996939,0.7853981634,145.408441,33.56058576,90,1,1,safe,
0.4835298642,0.008996939,0.872664626,145.408441,33.56058576,100,1,1,safe,
0.4835298642,0.008996939,0.9599310886,145.408441,33.56058576,110,1,1,safe,
0.4835298642,0.008996939,1.047197551,145.408441,33.56058576,120,1,1,safe,
0.4835298642,0.008996939,1.134464014,145.408441,33.56058576,130,1,1,safe,
0.4835298642,0.008996939,1.221730476,145.408441,33.56058576,140,1,1,safe,
0.4835298642,0.008996939,1.308996939,145.408441,33.56058576,150,1,1,safe,
0.4835298642,0.008996939,1.396263402,145.408441,33.56058576,160,1,1,safe,
0.4835298642,0.008996939,1.483529864,145.408441,33.56058576,170,1,1,safe,
0.4835298642,0.0962634016,0,145.408441,23.56058576,0,1,1,safe,
0.4835298642,0.0962634016,0.0872664626,145.408441,23.56058576,10,1,1,safe,
0.4835298642,0.0962634016,0.1745329252,145.408441,23.56058576,20,1,1,safe,
0.4835298642,0.0962634016,0.2617993878,145.408441,23.56058576,30,1,1,safe,
0.4835298642,0.0962634016,0.3490658504,145.408441,23.56058576,40,1,1,safe,
0.4835298642,0.0962634016,0.436332313,145.408441,23.56058576,50,1,1,safe,
0.4835298642,0.0962634016,0.5235987756,145.408441,23.56058576,60,1,1,safe,
0.4835298642,0.0962634016,0.6108652382,145.408441,23.56058576,70,1,1,safe,
0.4835298642,0.0962634016,0.6981317008,145.408441,23.56058576,80,1,1,safe,
0.4835298642,0.0962634016,0.7853981634,145.408441,23.56058576,90,1,1,safe,
0.4835298642,0.0962634016,0.872664626,145.408441,23.56058576,100,1,1,safe,
0.4835298642,0.0962634016,0.9599310886,145.408441,23.56058576,110,1,1,safe,
0.4835298642,0.0962634016,1.047197551,145.408441,23.56058576,120,1,1,safe,
0.4835298642,0.0962634016,1.134464014,145.408441,23.56058576,130,1,1,safe,
0.4835298642,0.0962634016,1.221730476,145.408441,23.56058576,140,1,1,safe,
0.4835298642,0.0962634016,1.308996939,145.408441,23.56058576,150,1,1,safe,
0.4835298642,0.0962634016,1.396263402,145.408441,23.56058576,160,1,1,safe,
0.4835298642,0.0962634016,1.483529864,145.408441,23.56058576,170,1,1,safe,
0.4835298642,0.1835298642,0,145.408441,13.56058576,0,1,1,safe,
0.4835298642,0.1835298642,0.0872664626,145.408441,13.56058576,10,1,1,safe,
0.4835298642,0.1835298642,0.1745329252,145.408441,13.56058576,20,1,1,safe,
0.4835298642,0.1835298642,0.2617993878,145.408441,13.56058576,30,1,1,safe,
0.4835298642,0.1835298642,0.3490658504,145.408441,13.56058576,40,1,1,safe,
0.5707963268,-1.3,0,155.408441,173.5605858,0,1,1,safe,
0.5707963268,-1.3,0.0872664626,155.408441,173.5605858,10,1,1,safe,
0.5707963268,-1.3,0.1745329252,155.408441,173.5605858,20,1,1,safe,
0.5707963268,-1.3,0.2617993878,155.408441,173.5605858,30,1,1,safe,
0.5707963268,-1.3,0.3490658504,155.408441,173.5605858,40,1,1,safe,
0.5707963268,-1.3,0.436332313,155.408441,173.5605858,50,1,1,safe,
0.5707963268,-1.3,0.5235987756,155.408441,173.5605858,60,1,1,safe,
0.5707963268,-1.3,0.6108652382,155.408441,173.5605858,70,1,1,safe,
0.5707963268,-1.3,0.6981317008,155.408441,173.5605858,80,1,1,safe,
0.5707963268,-1.3,0.7853981634,155.408441,173.5605858,90,1,1,safe,
0.5707963268,-1.3,0.872664626,155.408441,173.5605858,100,1,1,safe,
0.5707963268,-1.3,0.9599310886,155.408441,173.5605858,110,1,1,safe,
0.5707963268,-1.3,1.047197551,155.408441,173.5605858,120,1,1,safe,
0.5707963268,-1.3,1.134464014,155.408441,173.5605858,130,1,1,safe,
0.5707963268,-1.3,1.221730476,155.408441,173.5605858,140,1,1,safe,
0.5707963268,-1.3,1.308996939,155.408441,173.5605858,150,1,1,safe,
0.5707963268,-1.3,1.396263402,155.408441,173.5605858,160,1,1,safe,
0.5707963268,-1.3,1.483529864,155.408441,173.5605858,170,1,1,safe,
0.5707963268,-1.212733537,0,155.408441,163.5605858,0,1,1,safe,
0.5707963268,-1.212733537,0.0872664626,155.408441,163.5605858,10,1,1,safe,
0.5707963268,-1.212733537,0.1745329252,155.408441,163.5605858,20,1,1,safe,
0.5707963268,-1.212733537,0.2617993878,155.408441,163.5605858,30,1,1,safe,
0.5707963268,-1.212733537,0.3490658504,155.408441,163.5605858,40,1,1,safe,
0.5707963268,-1.212733537,0.436332313,155.408441,163.5605858,50,1,1,safe,
0.5707963268,-1.212733537,0.5235987756,155.408441,163.5605858,60,1,1,safe,
0.5707963268,-1.212733537,0.6108652382,155.408441,163.5605858,70,1,1,safe,
0.5707963268,-1.212733537,0.6981317008,155.408441,163.5605858,80,1,1,safe,
0.5707963268,-1.212733537,0.7853981634,155.408441,163.5605858,90,1,1,safe,
0.5707963268,-1.212733537,0.872664626,155.408441,163.5605858,100,1,1,safe,
0.5707963268,-1.212733537,0.9599310886,155.408441,163.5605858,110,1,1,safe,
0.5707963268,-1.212733537,1.047197551,155.408441,163.5605858,120,1,1,safe,
0.5707963268,-1.212733537,1.134464014,155.408441,163.5605858,130,1,1,safe,
0.5707963268,-1.212733537,1.221730476,155.408441,163.5605858,140,1,1,safe,
0.5707963268,-1.212733537,1.308996939,155.408441,163.5605858,150,1,1,safe,
0.5707963268,-1.212733537,1.396263402,155.408441,163.5605858,160,1,1,safe,
0.5707963268,-1.212733537,1.483529864,155.408441,163.5605858,170,1,1,safe,
0.5707963268,-1.125467075,0,155.408441,153.5605858,0,1,1,safe,
0.5707963268,-1.125467075,0.0872664626,155.408441,153.5605858,10,1,1,safe,
0.5707963268,-1.125467075,0.1745329252,155.408441,153.5605858,20,1,1,safe,
0.5707963268,-1.125467075,0.2617993878,155.408441,153.5605858,30,1,1,safe,
0.5707963268,-1.125467075,0.3490658504,155.408441,153.5605858,40,1,1,safe,
0.5707963268,-1.125467075,0.436332313,155.408441,153.5605858,50,1,1,safe,
0.5707963268,-1.125467075,0.5235987756,155.408441,153.5605858,60,1,1,safe,
0.5707963268,-1.125467075,0.6108652382,155.408441,153.5605858,70,1,1,safe,
0.5707963268,-1.125467075,0.6981317008,155.408441,153.5605858,80,1,1,safe,
0.5707963268,-1.125467075,0.7853981634,155.408441,153.5605858,90,1,1,safe,
0.5707963268,-1.125467075,0.872664626,155.408441,153.5605858,100,1,1,safe,
0.5707963268,-1.125467075,0.9599310886,155.408441,153.5605858,110,1,1,safe,
0.5707963268,-1.125467075,1.047197551,155.408441,153.5605858,120,1,1,safe,
0.5707963268,-1.125467075,1.134464014,155.408441,153.5605858,130,1,1,safe,
0.5707963268,-1.125467075,1.221730476,155.408441,153.5605858,140,1,1,safe,
0.5707963268,-1.125467075,1.308996939,155.408441,153.5605858,150,1,1,safe,
0.5707963268,-1.125467075,1.396263402,155.408441,153.5605858,160,1,1,safe,
0.5707963268,-1.125467075,1.483529864,155.408441,153.5605858,170,1,1,safe,
0.5707963268,-1.038200612,0,155.408441,143.5605858,0,1,1,safe,
0.5707963268,-1.038200612,0.0872664626,155.408441,143.5605858,10,1,1,safe,
0.5707963268,-1.038200612,0.1745329252,155.408441,143.5605858,20,1,1,safe,
0.5707963268,-1.038200612,0.2617993878,155.408441,143.5605858,30,1,1,safe,
0.5707963268,-1.038200612,0.3490658504,155.408441,143.5605858,40,1,1,safe,
0.5707963268,-1.038200612,0.436332313,155.408441,143.5605858,50,1,1,safe,
0.5707963268,-1.038200612,0.5235987756,155.408441,143.5605858,60,1,1,safe,
0.5707963268,-1.038200612,0.6108652382,155.408441,143.5605858,70,1,1,safe,
0.5707963268,-1.038200612,0.6981317008,155.408441,143.5605858,80,1,1,safe,
0.5707963268,-1.038200612,0.7853981634,155.408441,143.5605858,90,1,1,safe,
0.5707963268,-1.038200612,0.872664626,155.408441,143.5605858,100,1,1,safe,
0.5707963268,-1.038200612,0.9599310886,155.408441,143.5605858,110,1,1,safe,
0.5707963268,-1.038200612,1.047197551,155.408441,143.5605858,120,1,1,safe,
0.5707963268,-1.038200612,1.134464014,155.408441,143.5605858,130,1,1,safe,
0.5707963268,-1.038200612,1.221730476,155.408441,143.5605858,140,1,1,safe,
0.5707963268,-1.038200612,1.308996939,155.408441,143.5605858,150,1,1,safe,
0.5707963268,-1.038200612,1.396263402,155.408441,143.5605858,160,1,1,safe,
0.5707963268,-1.038200612,1.483529864,155.408441,143.5605858,170,1,1,safe,
0.5707963268,-0.9509341496,0,155.408441,133.5605858,0,1,1,safe,
0.5707963268,-0.9509341496,0.0872664626,155.408441,133.5605858,10,1,1,safe,
0.5707963268,-0.9509341496,0.1745329252,155.408441,133.5605858,20,1,1,safe,
0.5707963268,-0.9509341496,0.2617993878,155.408441,133.5605858,30,1,1,safe,
0.5707963268,-0.9509341496,0.3490658504,155.408441,133.5605858,40,1,1,safe,
0.5707963268,-0.9509341496,0.436332313,155.408441,133.5605858,50,1,1,safe,
0.5707963268,-0.9509341496,0.5235987756,155.408441,133.5605858,60,1,1,safe,
0.5707963268,-0.9509341496,0.6108652382,155.408441,133.5605858,70,1,1,safe,
0.5707963268,-0.9509341496,0.6981317008,155.408441,133.5605858,80,1,1,safe,
0.5707963268,-0.9509341496,0.7853981634,155.408441,133.5605858,90,1,1,safe,
0.5707963268,-0.9509341496,0.872664626,155.408441,133.5605858,100,1,1,safe,
0.5707963268,-0.9509341496,0.9599310886,155.408441,133.5605858,110,1,1,safe,
0.5707963268,-0.9509341496,1.047197551,155.408441,133.5605858,120,1,1,safe,
0.5707963268,-0.9509341496,1.134464014,155.408441,133.5605858,130,1,1,safe,
0.5707963268,-0.9509341496,1.221730476,155.408441,133.5605858,140,1,1,safe,
0.5707963268,-0.9509341496,1.308996939,155.408441,133.5605858,150,1,1,safe,
0.5707963268,-0.9509341496,1.396263402,155.408441,133.5605858,160,1,1,safe,
0.5707963268,-0.9509341496,1.483529864,155.408441,133.5605858,170,1,1,safe,
0.5707963268,-0.863667687,0,155.408441,123.5605858,0,1,1,safe,
0.5707963268,-0.863667687,0.0872664626,155.408441,123.5605858,10,1,1,safe,
0.5707963268,-0.863667687,0.1745329252,155.408441,123.5605858,20,1,1,safe,
0.5707963268,-0.863667687,0.2617993878,155.408441,123.5605858,30,1,1,safe,
0.5707963268,-0.863667687,0.3490658504,155.408441,123.5605858,40,1,1,safe,
0.5707963268,-0.863667687,0.436332313,155.408441,123.5605858,50,1,1,safe,
0.5707963268,-0.863667687,0.5235987756,155.408441,123.5605858,60,1,1,safe,
0.5707963268,-0.863667687,0.6108652382,155.408441,123.5605858,70,1,1,safe,
0.5707963268,-0.863667687,0.6981317008,155.408441,123.5605858,80,1,1,safe,
0.5707963268,-0.863667687,0.7853981634,155.408441,123.5605858,90,1,1,safe,
0.5707963268,-0.863667687,0.872664626,155.408441,123.5605858,100,1,1,safe,
0.5707963268,-0.863667687,0.9599310886,155.408441,123.5605858,110,1,1,safe,
0.5707963268,-0.863667687,1.047197551,155.408441,123.5605858,120,1,1,safe,
0.5707963268,-0.863667687,1.134464014,155.408441,123.5605858,130,1,1,safe,
0.5707963268,-0.863667687,1.221730476,155.408441,123.5605858,140,1,1,safe,
0.5707963268,-0.863667687,1.308996939,155.408441,123.5605858,150,1,1,safe,
0.5707963268,-0.863667687,1.396263402,155.408441,123.5605858,160,1,1,safe,
0.5707963268,-0.863667687,1.483529864,155.408441,123.5605858,170,1,1,safe,
0.5707963268,-0.7764012244,0,155.408441,113.5605858,0,1,1,safe,
0.5707963268,-0.7764012244,0.0872664626,155.408441,113.5605858,10,1,1,safe,
0.5707963268,-0.7764012244,0.1745329252,155.408441,113.5605858,20,1,1,safe,
0.5707963268,-0.7764012244,0.2617993878,155.408441,113.5605858,30,1,1,safe,
0.5707963268,-0.7764012244,0.3490658504,155.408441,113.5605858,40,1,1,safe,
0.5707963268,-0.7764012244,0.436332313,155.408441,113.5605858,50,1,1,safe,
0.5707963268,-0.7764012244,0.5235987756,155.408441,113.5605858,60,1,1,safe,
0.5707963268,-0.7764012244,0.6108652382,155.408441,113.5605858,70,1,1,safe,
0.5707963268,-0.7764012244,0.6981317008,155.408441,113.5605858,80,1,1,safe,
0.5707963268,-0.7764012244,0.7853981634,155.408441,113.5605858,90,1,1,safe,
0.5707963268,-0.7764012244,0.872664626,155.408441,113.5605858,100,1,1,safe,
0.5707963268,-0.7764012244,0.9599310886,155.408441,113.5605858,110,1,1,safe,
0.5707963268,-0.7764012244,1.047197551,155.408441,113.5605858,120,1,1,safe,
0.5707963268,-0.7764012244,1.134464014,155.408441,113.5605858,130,1,1,safe,
0.5707963268,-0.7764012244,1.221730476,155.408441,113.5605858,140,1,1,safe,
0.5707963268,-0.7764012244,1.308996939,155.408441,113.5605858,150,1,1,safe,
0.5707963268,-0.7764012244,1.396263402,155.408441,113.5605858,160,1,1,safe,
0.5707963268,-0.7764012244,1.483529864,155.408441,113.5605858,170,1,1,safe,
0.5707963268,-0.6891347618,0,155.408441,103.5605858,0,1,1,safe,
0.5707963268,-0.6891347618,0.0872664626,155.408441,103.5605858,10,1,1,safe,
0.5707963268,-0.6891347618,0.1745329252,155.408441,103.5605858,20,1,1,safe,
0.5707963268,-0.6891347618,0.2617993878,155.408441,103.5605858,30,1,1,safe,
0.5707963268,-0.6891347618,0.3490658504,155.408441,103.5605858,40,1,1,safe,
0.5707963268,-0.6891347618,0.436332313,155.408441,103.5605858,50,1,1,safe,
0.5707963268,-0.6891347618,0.5235987756,155.408441,103.5605858,60,1,1,safe,
0.5707963268,-0.6891347618,0.6108652382,155.408441,103.5605858,70,1,1,safe,
0.5707963268,-0.6891347618,0.6981317008,155.408441,103.5605858,80,1,1,safe,
0.5707963268,-0.6891347618,0.7853981634,155.408441,103.5605858,90,1,1,safe,
0.5707963268,-0.6891347618,0.872664626,155.408441,103.5605858,100,1,1,safe,
0.5707963268,-0.6891347618,0.9599310886,155.408441,103.5605858,110,1,1,safe,
0.5707963268,-0.6891347618,1.047197551,155.408441,103.5605858,120,1,1,safe,
0.5707963268,-0.6891347618,1.134464014,155.408441,103.5605858,130,1,1,safe,
0.5707963268,-0.6891347618,1.221730476,155.408441,103.5605858,140,1,1,safe,
0.5707963268,-0.6891347618,1.308996939,155.408441,103.5605858,150,1,1,safe,
0.5707963268,-0.6891347618,1.396263402,155.408441,103.5605858,160,1,1,safe,
0.5707963268,-0.6891347618,1.483529864,155.408441,103.5605858,170,1,1,safe,
0.5707963268,-0.6018682992,0,155.408441,93.56058576,0,1,1,safe,
0.5707963268,-0.6018682992,0.0872664626,155.408441,93.56058576,10,1,1,safe,
0.5707963268,-0.6018682992,0.1745329252,155.408441,93.56058576,20,1,1,safe,
0.5707963268,-0.6018682992,0.2617993878,155.408441,93.56058576,30,1,1,safe,
0.5707963268,-0.6018682992,0.3490658504,155.408441,93.56058576,40,1,1,safe,
0.5707963268,-0.6018682992,0.436332313,155.408441,93.56058576,50,1,1,safe,
0.5707963268,-0.6018682992,0.5235987756,155.408441,93.56058576,60,1,1,safe,
0.5707963268,-0.6018682992,0.6108652382,155.408441,93.56058576,70,1,1,safe,
0.5707963268,-0.6018682992,0.6981317008,155.408441,93.56058576,80,1,1,safe,
0.5707963268,-0.6018682992,0.7853981634,155.408441,93.56058576,90,1,1,safe,
0.5707963268,-0.6018682992,0.872664626,155.408441,93.56058576,100,1,1,safe,
0.5707963268,-0.6018682992,0.9599310886,155.408441,93.56058576,110,1,1,safe,
0.5707963268,-0.6018682992,1.047197551,155.408441,93.56058576,120,1,1,safe,
0.5707963268,-0.6018682992,1.134464014,155.408441,93.56058576,130,1,1,safe,
0.5707963268,-0.6018682992,1.221730476,155.408441,93.56058576,140,1,1,safe,
0.5707963268,-0.6018682992,1.308996939,155.408441,93.56058576,150,1,1,safe,
0.5707963268,-0.6018682992,1.396263402,155.408441,93.56058576,160,1,1,safe,
0.5707963268,-0.6018682992,1.483529864,155.408441,93.56058576,170,1,1,safe,
0.5707963268,-0.5146018366,0,155.408441,83.56058576,0,1,1,safe,
0.5707963268,-0.5146018366,0.0872664626,155.408441,83.56058576,10,1,1,safe,
0.5707963268,-0.5146018366,0.1745329252,155.408441,83.56058576,20,1,1,safe,
0.5707963268,-0.5146018366,0.2617993878,155.408441,83.56058576,30,1,1,safe,
0.5707963268,-0.5146018366,0.3490658504,155.408441,83.56058576,40,1,1,safe,
0.5707963268,-0.5146018366,0.436332313,155.408441,83.56058576,50,1,1,safe,
0.5707963268,-0.5146018366,0.5235987756,155.408441,83.56058576,60,1,1,safe,
0.5707963268,-0.5146018366,0.6108652382,155.408441,83.56058576,70,1,1,safe,
0.5707963268,-0.5146018366,0.6981317008,155.408441,83.56058576,80,1,1,safe,
0.5707963268,-0.5146018366,0.7853981634,155.408441,83.56058576,90,1,1,safe,
0.5707963268,-0.5146018366,0.872664626,155.408441,83.56058576,100,1,1,safe,
0.5707963268,-0.5146018366,0.9599310886,155.408441,83.56058576,110,1,1,safe,
0.5707963268,-0.5146018366,1.047197551,155.408441,83.56058576,120,1,1,safe,
0.5707963268,-0.5146018366,1.134464014,155.408441,83.56058576,130,1,1,safe,
0.5707963268,-0.5146018366,1.221730476,155.408441,83.56058576,140,1,1,safe,
0.5707963268,-0.5146018366,1.308996939,155.408441,83.56058576,150,1,1,safe,
0.5707963268,-0.5146018366,1.396263402,155.408441,83.56058576,160,1,1,safe,
0.5707963268,-0.5146018366,1.483529864,155.408441,83.56058576,170,1,1,safe,
0.5707963268,-0.427335374,0,155.408441,73.56058576,0,1,1,safe,
0.5707963268,-0.427335374,0.0872664626,155.408441,73.56058576,10,1,1,safe,
0.5707963268,-0.427335374,0.1745329252,155.408441,73.56058576,20,1,1,safe,
0.5707963268,-0.427335374,0.2617993878,155.408441,73.56058576,30,1,1,safe,
0.5707963268,-0.427335374,0.3490658504,155.408441,73.56058576,40,1,1,safe,
0.5707963268,-0.427335374,0.436332313,155.408441,73.56058576,50,1,1,safe,
0.5707963268,-0.427335374,0.5235987756,155.408441,73.56058576,60,1,1,safe,
0.5707963268,-0.427335374,0.6108652382,155.408441,73.56058576,70,1,1,safe,
0.5707963268,-0.427335374,0.6981317008,155.408441,73.56058576,80,1,1,safe,
0.5707963268,-0.427335374,0.7853981634,155.408441,73.56058576,90,1,1,safe,
0.5707963268,-0.427335374,0.872664626,155.408441,73.56058576,100,1,1,safe,
0.5707963268,-0.427335374,0.9599310886,155.408441,73.56058576,110,1,1,safe,
0.5707963268,-0.427335374,1.047197551,155.408441,73.56058576,120,1,1,safe,
0.5707963268,-0.427335374,1.134464014,155.408441,73.56058576,130,1,1,safe,
0.5707963268,-0.427335374,1.221730476,155.408441,73.56058576,140,1,1,safe,
0.5707963268,-0.427335374,1.308996939,155.408441,73.56058576,150,1,1,safe,
0.5707963268,-0.427335374,1.396263402,155.408441,73.56058576,160,1,1,safe,
0.5707963268,-0.427335374,1.483529864,155.408441,73.56058576,170,1,1,safe,
0.5707963268,-0.3400689114,0,155.408441,63.56058576,0,1,1,safe,
0.5707963268,-0.3400689114,0.0872664626,155.408441,63.56058576,10,1,1,safe,
0.5707963268,-0.3400689114,0.1745329252,155.408441,63.56058576,20,1,1,safe,
0.5707963268,-0.3400689114,0.2617993878,155.408441,63.56058576,30,1,1,safe,
0.5707963268,-0.3400689114,0.3490658504,155.408441,63.56058576,40,1,1,safe,
0.5707963268,-0.3400689114,0.436332313,155.408441,63.56058576,50,1,1,safe,
0.5707963268,-0.3400689114,0.5235987756,155.408441,63.56058576,60,1,1,safe,
0.5707963268,-0.3400689114,0.6108652382,155.408441,63.56058576,70,1,1,safe,
0.5707963268,-0.3400689114,0.6981317008,155.408441,63.56058576,80,1,1,safe,
0.5707963268,-0.3400689114,0.7853981634,155.408441,63.56058576,90,1,1,safe,
0.5707963268,-0.3400689114,0.872664626,155.408441,63.56058576,100,1,1,safe,
0.5707963268,-0.3400689114,0.9599310886,155.408441,63.56058576,110,1,1,safe,
0.5707963268,-0.3400689114,1.047197551,155.408441,63.56058576,120,1,1,safe,
0.5707963268,-0.3400689114,1.134464014,155.408441,63.56058576,130,1,1,safe,
0.5707963268,-0.3400689114,1.221730476,155.408441,63.56058576,140,1,1,safe,
0.5707963268,-0.3400689114,1.308996939,155.408441,63.56058576,150,1,1,safe,
0.5707963268,-0.3400689114,1.396263402,155.408441,63.56058576,160,1,1,safe,
0.5707963268,-0.3400689114,1.483529864,155.408441,63.56058576,170,1,1,safe,
0.5707963268,-0.2528024488,0,155.408441,53.56058576,0,1,1,safe,
0.5707963268,-0.2528024488,0.0872664626,155.408441,53.56058576,10,1,1,safe,
0.5707963268,-0.2528024488,0.1745329252,155.408441,53.56058576,20,1,1,safe,
0.5707963268,-0.2528024488,0.2617993878,155.408441,53.56058576,30,1,1,safe,
0.5707963268,-0.2528024488,0.3490658504,155.408441,53.56058576,40,1,1,safe,
0.5707963268,-0.2528024488,0.436332313,155.408441,53.56058576,50,1,1,safe,
0.5707963268,-0.2528024488,0.5235987756,155.408441,53.56058576,60,1,1,safe,
0.5707963268,-0.2528024488,0.6108652382,155.408441,53.56058576,70,1,1,safe,
0.5707963268,-0.2528024488,0.6981317008,155.408441,53.56058576,80,1,1,safe,
0.5707963268,-0.2528024488,0.7853981634,155.408441,53.56058576,90,1,1,safe,
0.5707963268,-0.2528024488,0.872664626,155.408441,53.56058576,100,1,1,safe,
0.5707963268,-0.2528024488,0.9599310886,155.408441,53.56058576,110,1,1,safe,
0.5707963268,-0.2528024488,1.047197551,155.408441,53.56058576,120,1,1,safe,
0.5707963268,-0.2528024488,1.134464014,155.408441,53.56058576,130,1,1,safe,
0.5707963268,-0.2528024488,1.221730476,155.408441,53.56058576,140,1,1,safe,
0.5707963268,-0.2528024488,1.308996939,155.408441,53.56058576,150,1,1,safe,
0.5707963268,-0.2528024488,1.396263402,155.408441,53.56058576,160,1,1,safe,
0.5707963268,-0.2528024488,1.483529864,155.408441,53.56058576,170,1,1,safe,
0.5707963268,-0.1655359862,0,155.408441,43.56058576,0,1,1,safe,
0.5707963268,-0.1655359862,0.0872664626,155.408441,43.56058576,10,1,1,safe,
0.5707963268,-0.1655359862,0.1745329252,155.408441,43.56058576,20,1,1,safe,
0.5707963268,-0.1655359862,0.2617993878,155.408441,43.56058576,30,1,1,safe,
0.5707963268,-0.1655359862,0.3490658504,155.408441,43.56058576,40,1,1,safe,
0.5707963268,-0.1655359862,0.436332313,155.408441,43.56058576,50,1,1,safe,
0.5707963268,-0.1655359862,0.5235987756,155.408441,43.56058576,60,1,1,safe,
0.5707963268,-0.1655359862,0.6108652382,155.408441,43.56058576,70,1,1,safe,
0.5707963268,-0.1655359862,0.6981317008,155.408441,43.56058576,80,1,1,safe,
0.5707963268,-0.1655359862,0.7853981634,155.408441,43.56058576,90,1,1,safe,
0.5707963268,-0.1655359862,0.872664626,155.408441,43.56058576,100,1,1,safe,
0.5707963268,-0.1655359862,0.9599310886,155.408441,43.56058576,110,1,1,safe,
0.5707963268,-0.1655359862,1.047197551,155.408441,43.56058576,120,1,1,safe,
0.5707963268,-0.1655359862,1.134464014,155.408441,43.56058576,130,1,1,safe,
0.5707963268,-0.1655359862,1.221730476,155.408441,43.56058576,140,1,1,safe,
0.5707963268,-0.1655359862,1.308996939,155.408441,43.56058576,150,1,1,safe,
0.5707963268,-0.1655359862,1.396263402,155.408441,43.56058576,160,1,1,safe,
0.5707963268,-0.1655359862,1.483529864,155.408441,43.56058576,170,1,1,safe,
0.5707963268,-0.0782695236,0,155.408441,33.56058576,0,1,1,safe,
0.5707963268,-0.0782695236,0.0872664626,155.408441,33.56058576,10,1,1,safe,
0.5707963268,-0.0782695236,0.1745329252,155.408441,33.56058576,20,1,1,safe,
0.5707963268,-0.0782695236,0.2617993878,155.408441,33.56058576,30,1,1,safe,
0.5707963268,-0.0782695236,0.3490658504,155.408441,33.56058576,40,1,1,safe,
0.5707963268,-0.0782695236,0.436332313,155.408441,33.56058576,50,1,1,safe,
0.5707963268,-0.0782695236,0.5235987756,155.408441,33.56058576,60,1,1,safe,
0.5707963268,-0.0782695236,0.6108652382,155.408441,33.56058576,70,1,1,safe,
0.5707963268,-0.0782695236,0.6981317008,155.408441,33.56058576,80,1,1,safe,
0.5707963268,-0.0782695236,0.7853981634,155.408441,33.56058576,90,1,1,safe,
0.5707963268,-0.0782695236,0.872664626,155.408441,33.56058576,100,1,1,safe,
0.5707963268,-0.0782695236,0.9599310886,155.408441,33.56058576,110,1,1,safe,
0.5707963268,-0.0782695236,1.047197551,155.408441,33.56058576,120,1,1,safe,
0.5707963268,-0.0782695236,1.134464014,155.408441,33.56058576,130,1,1,safe,
0.5707963268,-0.0782695236,1.221730476,155.408441,33.56058576,140,1,1,safe,
0.5707963268,-0.0782695236,1.308996939,155.408441,33.56058576,150,1,1,safe,
0.5707963268,-0.0782695236,1.396263402,155.408441,33.56058576,160,1,1,safe,
0.5707963268,-0.0782695236,1.483529864,155.408441,33.56058576,170,1,1,safe,
0.5707963268,0.008996939,0,155.408441,23.56058576,0,1,1,safe,
0.5707963268,0.008996939,0.0872664626,155.408441,23.56058576,10,1,1,safe,
0.5707963268,0.008996939,0.1745329252,155.408441,23.56058576,20,1,1,safe,
0.5707963268,0.008996939,0.2617993878,155.408441,23.56058576,30,1,1,safe,
0.5707963268,0.008996939,0.3490658504,155.408441,23.56058576,40,1,1,safe,
0.5707963268,0.008996939,0.436332313,155.408441,23.56058576,50,1,1,safe,
0.5707963268,0.008996939,0.5235987756,155.408441,23.56058576,60,1,1,safe,
0.5707963268,0.008996939,0.6108652382,155.408441,23.56058576,70,1,1,safe,
0.5707963268,0.008996939,0.6981317008,155.408441,23.56058576,80,1,1,safe,
0.5707963268,0.008996939,0.7853981634,155.408441,23.56058576,90,1,1,safe,
0.5707963268,0.008996939,0.872664626,155.408441,23.56058576,100,1,1,safe,
0.5707963268,0.008996939,0.9599310886,155.408441,23.56058576,110,1,1,safe,
0.5707963268,0.008996939,1.047197551,155.408441,23.56058576,120,1,1,safe,
0.5707963268,0.008996939,1.134464014,155.408441,23.56058576,130,1,1,safe,
0.5707963268,0.008996939,1.221730476,155.408441,23.56058576,140,1,1,safe,
0.5707963268,0.008996939,1.308996939,155.408441,23.56058576,150,1,1,safe,
0.5707963268,0.008996939,1.396263402,155.408441,23.56058576,160,1,1,safe,
0.5707963268,0.008996939,1.483529864,155.408441,23.56058576,170,1,1,safe,
0.5707963268,0.0962634016,0,155.408441,13.56058576,0,1,1,safe,
0.5707963268,0.0962634016,0.0872664626,155.408441,13.56058576,10,1,1,safe,
0.6580627894,-1.3,0,165.408441,163.5605858,0,1,1,safe,
0.6580627894,-1.3,0.0872664626,165.408441,163.5605858,10,1,1,safe,
0.6580627894,-1.3,0.1745329252,165.408441,163.5605858,20,1,1,safe,
0.6580627894,-1.3,0.2617993878,165.408441,163.5605858,30,1,1,safe,
0.6580627894,-1.3,0.3490658504,165.408441,163.5605858,40,1,1,safe,
0.6580627894,-1.3,0.436332313,165.408441,163.5605858,50,1,1,safe,
0.6580627894,-1.3,0.5235987756,165.408441,163.5605858,60,1,1,safe,
0.6580627894,-1.3,0.6108652382,165.408441,163.5605858,70,1,1,safe,
0.6580627894,-1.3,0.6981317008,165.408441,163.5605858,80,1,1,safe,
0.6580627894,-1.3,0.7853981634,165.408441,163.5605858,90,1,1,safe,
0.6580627894,-1.3,0.872664626,165.408441,163.5605858,100,1,1,safe,
0.6580627894,-1.3,0.9599310886,165.408441,163.5605858,110,1,1,safe,
0.6580627894,-1.3,1.047197551,165.408441,163.5605858,120,1,1,safe,
0.6580627894,-1.3,1.134464014,165.408441,163.5605858,130,1,1,safe,
0.6580627894,-1.3,1.221730476,165.408441,163.5605858,140,1,1,safe,
0.6580627894,-1.3,1.308996939,165.408441,163.5605858,150,1,1,safe,
0.6580627894,-1.3,1.396263402,165.408441,163.5605858,160,1,1,safe,
0.6580627894,-1.3,1.483529864,165.408441,163.5605858,170,1,1,safe,
0.6580627894,-1.212733537,0,165.408441,153.5605858,0,1,1,safe,
0.6580627894,-1.212733537,0.0872664626,165.408441,153.5605858,10,1,1,safe,
0.6580627894,-1.212733537,0.1745329252,165.408441,153.5605858,20,1,1,safe,
0.6580627894,-1.212733537,0.2617993878,165.408441,153.5605858,30,1,1,safe,
0.6580627894,-1.212733537,0.3490658504,165.408441,153.5605858,40,1,1,safe,
0.6580627894,-1.212733537,0.436332313,165.408441,153.5605858,50,1,1,safe,
0.6580627894,-1.212733537,0.5235987756,165.408441,153.5605858,60,1,1,safe,
0.6580627894,-1.212733537,0.6108652382,165.408441,153.5605858,70,1,1,safe,
0.6580627894,-1.212733537,0.6981317008,165.408441,153.5605858,80,1,1,safe,
0.6580627894,-1.212733537,0.7853981634,165.408441,153.5605858,90,1,1,safe,
0.6580627894,-1.212733537,0.872664626,165.408441,153.5605858,100,1,1,safe,
0.6580627894,-1.212733537,0.9599310886,165.408441,153.5605858,110,1,1,safe,
0.6580627894,-1.212733537,1.047197551,165.408441,153.5605858,120,1,1,safe,
0.6580627894,-1.212733537,1.134464014,165.408441,153.5605858,130,1,1,safe,
0.6580627894,-1.212733537,1.221730476,165.408441,153.5605858,140,1,1,safe,
0.6580627894,-1.212733537,1.308996939,165.408441,153.5605858,150,1,1,safe,
0.6580627894,-1.212733537,1.396263402,165.408441,153.5605858,160,1,1,safe,
0.6580627894,-1.212733537,1.483529864,165.408441,153.5605858,170,1,1,safe,
0.6580627894,-1.125467075,0,165.408441,143.5605858,0,1,1,safe,
0.6580627894,-1.125467075,0.0872664626,165.408441,143.5605858,10,1,1,safe,
0.6580627894,-1.125467075,0.1745329252,165.408441,143.5605858,20,1,1,safe,
0.6580627894,-1.125467075,0.2617993878,165.408441,143.5605858,30,1,1,safe,
0.6580627894,-1.125467075,0.3490658504,165.408441,143.5605858,40,1,1,safe,
0.6580627894,-1.125467075,0.436332313,165.408441,143.5605858,50,1,1,safe,
0.6580627894,-1.125467075,0.5235987756,165.408441,143.5605858,60,1,1,safe,
0.6580627894,-1.125467075,0.6108652382,165.408441,143.5605858,70,1,1,safe,
0.6580627894,-1.125467075,0.6981317008,165.408441,143.5605858,80,1,1,safe,
0.6580627894,-1.125467075,0.7853981634,165.408441,143.5605858,90,1,1,safe,
0.6580627894,-1.125467075,0.872664626,165.408441,143.5605858,100,1,1,safe,
0.6580627894,-1.125467075,0.9599310886,165.408441,143.5605858,110,1,1,safe,
0.6580627894,-1.125467075,1.047197551,165.408441,143.5605858,120,1,1,safe,
0.6580627894,-1.125467075,1.134464014,165.408441,143.5605858,130,1,1,safe,
0.6580627894,-1.125467075,1.221730476,165.408441,143.5605858,140,1,1,safe,
0.6580627894,-1.125467075,1.308996939,165.408441,143.5605858,150,1,1,safe,
0.6580627894,-1.125467075,1.396263402,165.408441,143.5605858,160,1,1,safe,
0.6580627894,-1.125467075,1.483529864,165.408441,143.5605858,170,1,1,safe,
0.6580627894,-1.038200612,0,165.408441,133.5605858,0,1,1,safe,
0.6580627894,-1.038200612,0.0872664626,165.408441,133.5605858,10,1,1,safe,
0.6580627894,-1.038200612,0.1745329252,165.408441,133.5605858,20,1,1,safe,
0.6580627894,-1.038200612,0.2617993878,165.408441,133.5605858,30,1,1,safe,
0.6580627894,-1.038200612,0.3490658504,165.408441,133.5605858,40,1,1,safe,
0.6580627894,-1.038200612,0.436332313,165.408441,133.5605858,50,1,1,safe,
0.6580627894,-1.038200612,0.5235987756,165.408441,133.5605858,60,1,1,safe,
0.6580627894,-1.038200612,0.6108652382,165.408441,133.5605858,70,1,1,safe,
0.6580627894,-1.038200612,0.6981317008,165.408441,133.5605858,80,1,1,safe,
0.6580627894,-1.038200612,0.7853981634,165.408441,133.5605858,90,1,1,safe,
0.6580627894,-1.038200612,0.872664626,165.408441,133.5605858,100,1,1,safe,
0.6580627894,-1.038200612,0.9599310886,165.408441,133.5605858,110,1,1,safe,
0.6580627894,-1.038200612,1.047197551,165.408441,133.5605858,120,1,1,safe,
0.6580627894,-1.038200612,1.134464014,165.408441,133.5605858,130,1,1,safe,
0.6580627894,-1.038200612,1.221730476,165.408441,133.5605858,140,1,1,safe,
0.6580627894,-1.038200612,1.308996939,165.408441,133.5605858,150,1,1,safe,
0.6580627894,-1.038200612,1.396263402,165.408441,133.5605858,160,1,1,safe,
0.6580627894,-1.038200612,1.483529864,165.408441,133.5605858,170,1,1,safe,
0.6580627894,-0.9509341496,0,165.408441,123.5605858,0,1,1,safe,
0.6580627894,-0.9509341496,0.0872664626,165.408441,123.5605858,10,1,1,safe,
0.6580627894,-0.9509341496,0.1745329252,165.408441,123.5605858,20,1,1,safe,
0.6580627894,-0.9509341496,0.2617993878,165.408441,123.5605858,30,1,1,safe,
0.6580627894,-0.9509341496,0.3490658504,165.408441,123.5605858,40,1,1,safe,
0.6580627894,-0.9509341496,0.436332313,165.408441,123.5605858,50,1,1,safe,
0.6580627894,-0.9509341496,0.5235987756,165.408441,123.5605858,60,1,1,safe,
0.6580627894,-0.9509341496,0.6108652382,165.408441,123.5605858,70,1,1,safe,
0.6580627894,-0.9509341496,0.6981317008,165.408441,123.5605858,80,1,1,safe,
0.6580627894,-0.9509341496,0.7853981634,165.408441,123.5605858,90,1,1,safe,
0.6580627894,-0.9509341496,0.872664626,165.408441,123.5605858,100,1,1,safe,
0.6580627894,-0.9509341496,0.9599310886,165.408441,123.5605858,110,1,1,safe,
0.6580627894,-0.9509341496,1.047197551,165.408441,123.5605858,120,1,1,safe,
0.6580627894,-0.9509341496,1.134464014,165.408441,123.5605858,130,1,1,safe,
0.6580627894,-0.9509341496,1.221730476,165.408441,123.5605858,140,1,1,safe,
0.6580627894,-0.9509341496,1.308996939,165.408441,123.5605858,150,1,1,safe,
0.6580627894,-0.9509341496,1.396263402,165.408441,123.5605858,160,1,1,safe,
0.6580627894,-0.9509341496,1.483529864,165.408441,123.5605858,170,1,1,safe,
0.6580627894,-0.863667687,0,165.408441,113.5605858,0,1,1,safe,
0.6580627894,-0.863667687,0.0872664626,165.408441,113.5605858,10,1,1,safe,
0.6580627894,-0.863667687,0.1745329252,165.408441,113.5605858,20,1,1,safe,
0.6580627894,-0.863667687,0.2617993878,165.408441,113.5605858,30,1,1,safe,
0.6580627894,-0.863667687,0.3490658504,165.408441,113.5605858,40,1,1,safe,
0.6580627894,-0.863667687,0.436332313,165.408441,113.5605858,50,1,1,safe,
0.6580627894,-0.863667687,0.5235987756,165.408441,113.5605858,60,1,1,safe,
0.6580627894,-0.863667687,0.6108652382,165.408441,113.5605858,70,1,1,safe,
0.6580627894,-0.863667687,0.6981317008,165.408441,113.5605858,80,1,1,safe,
0.6580627894,-0.863667687,0.7853981634,165.408441,113.5605858,90,1,1,safe,
0.6580627894,-0.863667687,0.872664626,165.408441,113.5605858,100,1,1,safe,
0.6580627894,-0.863667687,0.9599310886,165.408441,113.5605858,110,1,1,safe,
0.6580627894,-0.863667687,1.047197551,165.408441,113.5605858,120,1,1,safe,
0.6580627894,-0.863667687,1.134464014,165.408441,113.5605858,130,1,1,safe,
0.6580627894,-0.863667687,1.221730476,165.408441,113.5605858,140,1,1,safe,
0.6580627894,-0.863667687,1.308996939,165.408441,113.5605858,150,1,1,safe,
0.6580627894,-0.863667687,1.396263402,165.408441,113.5605858,160,1,1,safe,
0.6580627894,-0.863667687,1.483529864,165.408441,113.5605858,170,1,1,safe,
0.6580627894,-0.7764012244,0,165.408441,103.5605858,0,1,1,safe,
0.6580627894,-0.7764012244,0.0872664626,165.408441,103.5605858,10,1,1,safe,
0.6580627894,-0.7764012244,0.1745329252,165.408441,103.5605858,20,1,1,safe,
0.6580627894,-0.7764012244,0.2617993878,165.408441,103.5605858,30,1,1,safe,
0.6580627894,-0.7764012244,0.3490658504,165.408441,103.5605858,40,1,1,safe,
0.6580627894,-0.7764012244,0.436332313,165.408441,103.5605858,50,1,1,safe,
0.6580627894,-0.7764012244,0.5235987756,165.408441,103.5605858,60,1,1,safe,
0.6580627894,-0.7764012244,0.6108652382,165.408441,103.5605858,70,1,1,safe,
0.6580627894,-0.7764012244,0.6981317008,165.408441,103.5605858,80,1,1,safe,
0.6580627894,-0.7764012244,0.7853981634,165.408441,103.5605858,90,1,1,safe,
0.6580627894,-0.7764012244,0.872664626,165.408441,103.5605858,100,1,1,safe,
0.6580627894,-0.7764012244,0.9599310886,165.408441,103.5605858,110,1,1,safe,
0.6580627894,-0.7764012244,1.047197551,165.408441,103.5605858,120,1,1,safe,
0.6580627894,-0.7764012244,1.134464014,165.408441,103.5605858,130,1,1,safe,
0.6580627894,-0.7764012244,1.221730476,165.408441,103.5605858,140,1,1,safe,
0.6580627894,-0.7764012244,1.308996939,165.408441,103.5605858,150,1,1,safe,
0.6580627894,-0.7764012244,1.396263402,165.408441,103.5605858,160,1,1,safe,
0.6580627894,-0.7764012244,1.483529864,165.408441,103.5605858,170,1,1,safe,
0.6580627894,-0.6891347618,0,165.408441,93.56058576,0,1,1,safe,
0.6580627894,-0.6891347618,0.0872664626,165.408441,93.56058576,10,1,1,safe,
0.6580627894,-0.6891347618,0.1745329252,165.408441,93.56058576,20,1,1,safe,
0.6580627894,-0.6891347618,0.2617993878,165.408441,93.56058576,30,1,1,safe,
0.6580627894,-0.6891347618,0.3490658504,165.408441,93.56058576,40,1,1,safe,
0.6580627894,-0.6891347618,0.436332313,165.408441,93.56058576,50,1,1,safe,
0.6580627894,-0.6891347618,0.5235987756,165.408441,93.56058576,60,1,1,safe,
0.6580627894,-0.6891347618,0.6108652382,165.408441,93.56058576,70,1,1,safe,
0.6580627894,-0.6891347618,0.6981317008,165.408441,93.56058576,80,1,1,safe,
0.6580627894,-0.6891347618,0.7853981634,165.408441,93.56058576,90,1,1,safe,
0.6580627894,-0.6891347618,0.872664626,165.408441,93.56058576,100,1,1,safe,
0.6580627894,-0.6891347618,0.9599310886,165.408441,93.56058576,110,1,1,safe,
0.6580627894,-0.6891347618,1.047197551,165.408441,93.56058576,120,1,1,safe,
0.6580627894,-0.6891347618,1.134464014,165.408441,93.56058576,130,1,1,safe,
0.6580627894,-0.6891347618,1.221730476,165.408441,93.56058576,140,1,1,safe,
0.6580627894,-0.6891347618,1.308996939,165.408441,93.56058576,150,1,1,safe,
0.6580627894,-0.6891347618,1.396263402,165.408441,93.56058576,160,1,1,safe,
0.6580627894,-0.6891347618,1.483529864,165.408441,93.56058576,170,1,1,safe,
0.6580627894,-0.6018682992,0,165.408441,83.56058576,0,1,1,safe,
0.6580627894,-0.6018682992,0.0872664626,165.408441,83.56058576,10,1,1,safe,
0.6580627894,-0.6018682992,0.1745329252,165.408441,83.56058576,20,1,1,safe,
0.6580627894,-0.6018682992,0.2617993878,165.408441,83.56058576,30,1,1,safe,
0.6580627894,-0.6018682992,0.3490658504,165.408441,83.56058576,40,1,1,safe,
0.6580627894,-0.6018682992,0.436332313,165.408441,83.56058576,50,1,1,safe,
0.6580627894,-0.6018682992,0.5235987756,165.408441,83.56058576,60,1,1,safe,
0.6580627894,-0.6018682992,0.6108652382,165.408441,83.56058576,70,1,1,safe,
0.6580627894,-0.6018682992,0.6981317008,165.408441,83.56058576,80,1,1,safe,
0.6580627894,-0.6018682992,0.7853981634,165.408441,83.56058576,90,1,1,safe,
0.6580627894,-0.6018682992,0.872664626,165.408441,83.56058576,100,1,1,safe,
0.6580627894,-0.6018682992,0.9599310886,165.408441,83.56058576,110,1,1,safe,
0.6580627894,-0.6018682992,1.047197551,165.408441,83.56058576,120,1,1,safe,
0.6580627894,-0.6018682992,1.134464014,165.408441,83.56058576,130,1,1,safe,
0.6580627894,-0.6018682992,1.221730476,165.408441,83.56058576,140,1,1,safe,
0.6580627894,-0.6018682992,1.308996939,165.408441,83.56058576,150,1,1,safe,
0.6580627894,-0.6018682992,1.396263402,165.408441,83.56058576,160,1,1,safe,
0.6580627894,-0.6018682992,1.483529864,165.408441,83.56058576,170,1,1,safe,
0.6580627894,-0.5146018366,0,165.408441,73.56058576,0,1,1,safe,
0.6580627894,-0.5146018366,0.0872664626,165.408441,73.56058576,10,1,1,safe,
0.6580627894,-0.5146018366,0.1745329252,165.408441,73.56058576,20,1,1,safe,
0.6580627894,-0.5146018366,0.2617993878,165.408441,73.56058576,30,1,1,safe,
0.6580627894,-0.5146018366,0.3490658504,165.408441,73.56058576,40,1,1,safe,
0.6580627894,-0.5146018366,0.436332313,165.408441,73.56058576,50,1,1,safe,
0.6580627894,-0.5146018366,0.5235987756,165.408441,73.56058576,60,1,1,safe,
0.6580627894,-0.5146018366,0.6108652382,165.408441,73.56058576,70,1,1,safe,
0.6580627894,-0.5146018366,0.6981317008,165.408441,73.56058576,80,1,1,safe,
0.6580627894,-0.5146018366,0.7853981634,165.408441,73.56058576,90,1,1,safe,
0.6580627894,-0.5146018366,0.872664626,165.408441,73.56058576,100,1,1,safe,
0.6580627894,-0.5146018366,0.9599310886,165.408441,73.56058576,110,1,1,safe,
0.6580627894,-0.5146018366,1.047197551,165.408441,73.56058576,120,1,1,safe,
0.6580627894,-0.5146018366,1.134464014,165.408441,73.56058576,130,1,1,safe,
0.6580627894,-0.5146018366,1.221730476,165.408441,73.56058576,140,1,1,safe,
0.6580627894,-0.5146018366,1.308996939,165.408441,73.56058576,150,1,1,safe,
0.6580627894,-0.5146018366,1.396263402,165.408441,73.56058576,160,1,1,safe,
0.6580627894,-0.5146018366,1.483529864,165.408441,73.56058576,170,1,1,safe,
0.6580627894,-0.427335374,0,165.408441,63.56058576,0,1,1,safe,
0.6580627894,-0.427335374,0.0872664626,165.408441,63.56058576,10,1,1,safe,
0.6580627894,-0.427335374,0.1745329252,165.408441,63.56058576,20,1,1,safe,
0.6580627894,-0.427335374,0.2617993878,165.408441,63.56058576,30,1,1,safe,
0.6580627894,-0.427335374,0.3490658504,165.408441,63.56058576,40,1,1,safe,
0.6580627894,-0.427335374,0.436332313,165.408441,63.56058576,50,1,1,safe,
0.6580627894,-0.427335374,0.5235987756,165.408441,63.56058576,60,1,1,safe,
0.6580627894,-0.427335374,0.6108652382,165.408441,63.56058576,70,1,1,safe,
0.6580627894,-0.427335374,0.6981317008,165.408441,63.56058576,80,1,1,safe,
0.6580627894,-0.427335374,0.7853981634,165.408441,63.56058576,90,1,1,safe,
0.6580627894,-0.427335374,0.872664626,165.408441,63.56058576,100,1,1,safe,
0.6580627894,-0.427335374,0.9599310886,165.408441,63.56058576,110,1,1,safe,
0.6580627894,-0.427335374,1.047197551,165.408441,63.56058576,120,1,1,safe,
0.6580627894,-0.427335374,1.134464014,165.408441,63.56058576,130,1,1,safe,
0.6580627894,-0.427335374,1.221730476,165.408441,63.56058576,140,1,1,safe,
0.6580627894,-0.427335374,1.308996939,165.408441,63.56058576,150,1,1,safe,
0.6580627894,-0.427335374,1.396263402,165.408441,63.56058576,160,1,1,safe,
0.6580627894,-0.427335374,1.483529864,165.408441,63.56058576,170,1,1,safe,
0.6580627894,-0.3400689114,0,165.408441,53.56058576,0,1,1,safe,
0.6580627894,-0.3400689114,0.0872664626,165.408441,53.56058576,10,1,1,safe,
0.6580627894,-0.3400689114,0.1745329252,165.408441,53.56058576,20,1,1,safe,
0.6580627894,-0.3400689114,0.2617993878,165.408441,53.56058576,30,1,1,safe,
0.6580627894,-0.3400689114,0.3490658504,165.408441,53.56058576,40,1,1,safe,
0.6580627894,-0.3400689114,0.436332313,165.408441,53.56058576,50,1,1,safe,
0.6580627894,-0.3400689114,0.5235987756,165.408441,53.56058576,60,1,1,safe,
0.6580627894,-0.3400689114,0.6108652382,165.408441,53.56058576,70,1,1,safe,
0.6580627894,-0.3400689114,0.6981317008,165.408441,53.56058576,80,1,1,safe,
0.6580627894,-0.3400689114,0.7853981634,165.408441,53.56058576,90,1,1,safe,
0.6580627894,-0.3400689114,0.872664626,165.408441,53.56058576,100,1,1,safe,
0.6580627894,-0.3400689114,0.9599310886,165.408441,53.56058576,110,1,1,safe,
0.6580627894,-0.3400689114,1.047197551,165.408441,53.56058576,120,1,1,safe,
0.6580627894,-0.3400689114,1.134464014,165.408441,53.56058576,130,1,1,safe,
0.6580627894,-0.3400689114,1.221730476,165.408441,53.56058576,140,1,1,safe,
0.6580627894,-0.3400689114,1.308996939,165.408441,53.56058576,150,1,1,safe,
0.6580627894,-0.3400689114,1.396263402,165.408441,53.56058576,160,1,1,safe,
0.6580627894,-0.3400689114,1.483529864,165.408441,53.56058576,170,1,1,safe,
0.6580627894,-0.2528024488,0,165.408441,43.56058576,0,1,1,safe,
0.6580627894,-0.2528024488,0.0872664626,165.408441,43.56058576,10,1,1,safe,
0.6580627894,-0.2528024488,0.1745329252,165.408441,43.56058576,20,1,1,safe,
0.6580627894,-0.2528024488,0.2617993878,165.408441,43.56058576,30,1,1,safe,
0.6580627894,-0.2528024488,0.3490658504,165.408441,43.56058576,40,1,1,safe,
0.6580627894,-0.2528024488,0.436332313,165.408441,43.56058576,50,1,1,safe,
0.6580627894,-0.2528024488,0.5235987756,165.408441,43.56058576,60,1,1,safe,
0.6580627894,-0.2528024488,0.6108652382,165.408441,43.56058576,70,1,1,safe,
0.6580627894,-0.2528024488,0.6981317008,165.408441,43.56058576,80,1,1,safe,
0.6580627894,-0.2528024488,0.7853981634,165.408441,43.56058576,90,1,1,safe,
0.6580627894,-0.2528024488,0.872664626,165.408441,43.56058576,100,1,1,safe,
0.6580627894,-0.2528024488,0.9599310886,165.408441,43.56058576,110,1,1,safe,
0.6580627894,-0.2528024488,1.047197551,165.408441,43.56058576,120,1,1,safe,
0.6580627894,-0.2528024488,1.134464014,165.408441,43.56058576,130,1,1,safe,
0.6580627894,-0.2528024488,1.221730476,165.408441,43.56058576,140,1,1,safe,
0.6580627894,-0.2528024488,1.308996939,165.408441,43.56058576,150,1,1,safe,
0.6580627894,-0.2528024488,1.396263402,165.408441,43.56058576,160,1,1,safe,
0.6580627894,-0.2528024488,1.483529864,165.408441,43.56058576,170,1,1,safe,
0.6580627894,-0.1655359862,0,165.408441,33.56058576,0,1,1,safe,
0.6580627894,-0.1655359862,0.0872664626,165.408441,33.56058576,10,1,1,safe,
0.6580627894,-0.1655359862,0.1745329252,165.408441,33.56058576,20,1,1,safe,
0.6580627894,-0.1655359862,0.2617993878,165.408441,33.56058576,30,1,1,safe,
0.6580627894,-0.1655359862,0.3490658504,165.408441,33.56058576,40,1,1,safe,
0.6580627894,-0.1655359862,0.436332313,165.408441,33.56058576,50,1,1,safe,
0.6580627894,-0.1655359862,0.5235987756,165.408441,33.56058576,60,1,1,safe,
0.6580627894,-0.1655359862,0.6108652382,165.408441,33.56058576,70,1,1,safe,
0.6580627894,-0.1655359862,0.6981317008,165.408441,33.56058576,80,1,1,safe,
0.6580627894,-0.1655359862,0.7853981634,165.408441,33.56058576,90,1,1,safe,
0.6580627894,-0.1655359862,0.872664626,165.408441,33.56058576,100,1,1,safe,
0.6580627894,-0.1655359862,0.9599310886,165.408441,33.56058576,110,1,1,safe,
0.6580627894,-0.1655359862,1.047197551,165.408441,33.56058576,120,1,1,safe,
0.6580627894,-0.1655359862,1.134464014,165.408441,33.56058576,130,1,1,safe,
0.6580627894,-0.1655359862,1.221730476,165.408441,33.56058576,140,1,1,safe,
0.6580627894,-0.1655359862,1.308996939,165.408441,33.56058576,150,1,1,safe,
0.6580627894,-0.1655359862,1.396263402,165.408441,33.56058576,160,1,1,safe,
0.6580627894,-0.1655359862,1.483529864,165.408441,33.56058576,170,1,1,safe,
0.6580627894,-0.0782695236,0,165.408441,23.56058576,0,1,1,safe,
0.6580627894,-0.0782695236,0.0872664626,165.408441,23.56058576,10,1,1,safe,
0.6580627894,-0.0782695236,0.1745329252,165.408441,23.56058576,20,1,1,safe,
0.6580627894,-0.0782695236,0.2617993878,165.408441,23.56058576,30,1,1,safe,
0.6580627894,-0.0782695236,0.3490658504,165.408441,23.56058576,40,1,1,safe,
0.6580627894,-0.0782695236,0.436332313,165.408441,23.56058576,50,1,1,safe,
0.6580627894,-0.0782695236,0.5235987756,165.408441,23.56058576,60,1,1,safe,
0.6580627894,-0.0782695236,0.6108652382,165.408441,23.56058576,70,1,1,safe,
0.6580627894,-0.0782695236,0.6981317008,165.408441,23.56058576,80,1,1,safe,
0.6580627894,-0.0782695236,0.7853981634,165.408441,23.56058576,90,1,1,safe,
0.745329252,-1.3,0,175.408441,153.5605858,0,1,1,safe,
0.745329252,-1.3,0.0872664626,175.408441,153.5605858,10,1,1,safe,
0.745329252,-1.3,0.1745329252,175.408441,153.5605858,20,1,1,safe,
0.745329252,-1.3,0.2617993878,175.408441,153.5605858,30,1,1,safe,
0.745329252,-1.3,0.3490658504,175.408441,153.5605858,40,1,1,safe,
0.745329252,-1.3,0.436332313,175.408441,153.5605858,50,1,1,safe,
0.745329252,-1.3,0.5235987756,175.408441,153.5605858,60,1,1,safe,
0.745329252,-1.3,0.6108652382,175.408441,153.5605858,70,1,1,safe,
0.745329252,-1.3,0.6981317008,175.408441,153.5605858,80,1,1,safe,
0.745329252,-1.3,0.7853981634,175.408441,153.5605858,90,1,1,safe,
0.745329252,-1.3,0.872664626,175.408441,153.5605858,100,1,1,safe,
0.745329252,-1.3,0.9599310886,175.408441,153.5605858,110,1,1,safe,
0.745329252,-1.3,1.047197551,175.408441,153.5605858,120,1,1,safe,
0.745329252,-1.3,1.134464014,175.408441,153.5605858,130,1,1,safe,
0.745329252,-1.3,1.221730476,175.408441,153.5605858,140,1,1,safe,
0.745329252,-1.3,1.308996939,175.408441,153.5605858,150,1,1,safe,
0.745329252,-1.3,1.396263402,175.408441,153.5605858,160,1,1,safe,
0.745329252,-1.3,1.483529864,175.408441,153.5605858,170,1,1,safe,
0.745329252,-1.212733537,0,175.408441,143.5605858,0,1,1,safe,
0.745329252,-1.212733537,0.0872664626,175.408441,143.5605858,10,1,1,safe,
0.745329252,-1.212733537,0.1745329252,175.408441,143.5605858,20,1,1,safe,
0.745329252,-1.212733537,0.2617993878,175.408441,143.5605858,30,1,1,safe,
0.745329252,-1.212733537,0.3490658504,175.408441,143.5605858,40,1,1,safe,
0.745329252,-1.212733537,0.436332313,175.408441,143.5605858,50,1,1,safe,
0.745329252,-1.212733537,0.5235987756,175.408441,143.5605858,60,1,1,safe,
0.745329252,-1.212733537,0.6108652382,175.408441,143.5605858,70,1,1,safe,
0.745329252,-1.212733537,0.6981317008,175.408441,143.5605858,80,1,1,safe,
0.745329252,-1.212733537,0.7853981634,175.408441,143.5605858,90,1,1,safe,
0.745329252,-1.212733537,0.872664626,175.408441,143.5605858,100,1,1,safe,
0.745329252,-1.212733537,0.9599310886,175.408441,143.5605858,110,1,1,safe,
0.745329252,-1.212733537,1.047197551,175.408441,143.5605858,120,1,1,safe,
0.745329252,-1.212733537,1.134464014,175.408441,143.5605858,130,1,1,safe,
0.745329252,-1.212733537,1.221730476,175.408441,143.5605858,140,1,1,safe,
0.745329252,-1.212733537,1.308996939,175.408441,143.5605858,150,1,1,safe,
0.745329252,-1.212733537,1.396263402,175.408441,143.5605858,160,1,1,safe,
0.745329252,-1.212733537,1.483529864,175.408441,143.5605858,170,1,1,safe,
0.745329252,-1.125467075,0,175.408441,133.5605858,0,1,1,safe,
0.745329252,-1.125467075,0.0872664626,175.408441,133.5605858,10,1,1,safe,
0.745329252,-1.125467075,0.1745329252,175.408441,133.5605858,20,1,1,safe,
0.745329252,-1.125467075,0.2617993878,175.408441,133.5605858,30,1,1,safe,
0.745329252,-1.125467075,0.3490658504,175.408441,133.5605858,40,1,1,safe,
0.745329252,-1.125467075,0.436332313,175.408441,133.5605858,50,1,1,safe,
0.745329252,-1.125467075,0.5235987756,175.408441,133.5605858,60,1,1,safe,
0.745329252,-1.125467075,0.6108652382,175.408441,133.5605858,70,1,1,safe,
0.745329252,-1.125467075,0.6981317008,175.408441,133.5605858,80,1,1,safe,
0.745329252,-1.125467075,0.7853981634,175.408441,133.5605858,90,1,1,safe,
0.745329252,-1.125467075,0.872664626,175.408441,133.5605858,100,1,1,safe,
0.745329252,-1.125467075,0.9599310886,175.408441,133.5605858,110,1,1,safe,
0.745329252,-1.125467075,1.047197551,175.408441,133.5605858,120,1,1,safe,
0.745329252,-1.125467075,1.134464014,175.408441,133.5605858,130,1,1,safe,
0.745329252,-1.125467075,1.221730476,175.408441,133.5605858,140,1,1,safe,
0.745329252,-1.125467075,1.308996939,175.408441,133.5605858,150,1,1,safe,
0.745329252,-1.125467075,1.396263402,175.408441,133.5605858,160,1,1,safe,
0.745329252,-1.125467075,1.483529864,175.408441,133.5605858,170,1,1,safe,
0.745329252,-1.038200612,0,175.408441,123.5605858,0,1,1,safe,
0.745329252,-1.038200612,0.0872664626,175.408441,123.5605858,10,1,1,safe,
0.745329252,-1.038200612,0.1745329252,175.408441,123.5605858,20,1,1,safe,
0.745329252,-1.038200612,0.2617993878,175.408441,123.5605858,30,1,1,safe,
0.745329252,-1.038200612,0.3490658504,175.408441,123.5605858,40,1,1,safe,
0.745329252,-1.038200612,0.436332313,175.408441,123.5605858,50,1,1,safe,
0.745329252,-1.038200612,0.5235987756,175.408441,123.5605858,60,1,1,safe,
0.745329252,-1.038200612,0.6108652382,175.408441,123.5605858,70,1,1,safe,
0.745329252,-1.038200612,0.6981317008,175.408441,123.5605858,80,1,1,safe,
0.745329252,-1.038200612,0.7853981634,175.408441,123.5605858,90,1,1,safe,
0.745329252,-1.038200612,0.872664626,175.408441,123.5605858,100,1,1,safe,
0.745329252,-1.038200612,0.9599310886,175.408441,123.5605858,110,1,1,safe,
0.745329252,-1.038200612,1.047197551,175.408441,123.5605858,120,1,1,safe,
0.745329252,-1.038200612,1.134464014,175.408441,123.5605858,130,1,1,safe,
0.745329252,-1.038200612,1.221730476,175.408441,123.5605858,140,1,1,safe,
0.745329252,-1.038200612,1.308996939,175.408441,123.5605858,150,1,1,safe,
0.745329252,-1.038200612,1.396263402,175.408441,123.5605858,160,1,1,safe,
0.745329252,-1.038200612,1.483529864,175.408441,123.5605858,170,1,1,safe,
0.745329252,-0.9509341496,0,175.408441,113.5605858,0,1,1,safe,
0.745329252,-0.9509341496,0.0872664626,175.408441,113.5605858,10,1,1,safe,
0.745329252,-0.9509341496,0.1745329252,175.408441,113.5605858,20,1,1,safe,
0.745329252,-0.9509341496,0.2617993878,175.408441,113.5605858,30,1,1,safe,
0.745329252,-0.9509341496,0.3490658504,175.408441,113.5605858,40,1,1,safe,
0.745329252,-0.9509341496,0.436332313,175.408441,113.5605858,50,1,1,safe,
0.745329252,-0.9509341496,0.5235987756,175.408441,113.5605858,60,1,1,safe,
0.745329252,-0.9509341496,0.6108652382,175.408441,113.5605858,70,1,1,safe,
0.745329252,-0.9509341496,0.6981317008,175.408441,113.5605858,80,1,1,safe,
0.745329252,-0.9509341496,0.7853981634,175.408441,113.5605858,90,1,1,safe,
0.745329252,-0.9509341496,0.872664626,175.408441,113.5605858,100,1,1,safe,
0.745329252,-0.9509341496,0.9599310886,175.408441,113.5605858,110,1,1,safe,
0.745329252,-0.9509341496,1.047197551,175.408441,113.5605858,120,1,1,safe,
0.745329252,-0.9509341496,1.134464014,175.408441,113.5605858,130,1,1,safe,
0.745329252,-0.9509341496,1.221730476,175.408441,113.5605858,140,1,1,safe,
0.745329252,-0.9509341496,1.308996939,175.408441,113.5605858,150,1,1,safe,
0.745329252,-0.9509341496,1.396263402,175.408441,113.5605858,160,1,1,safe,
0.745329252,-0.9509341496,1.483529864,175.408441,113.5605858,170,1,1,safe,
0.745329252,-0.863667687,0,175.408441,103.5605858,0,1,1,safe,
0.745329252,-0.863667687,0.0872664626,175.408441,103.5605858,10,1,1,safe,
0.745329252,-0.863667687,0.1745329252,175.408441,103.5605858,20,1,1,safe,
0.745329252,-0.863667687,0.2617993878,175.408441,103.5605858,30,1,1,safe,
0.745329252,-0.863667687,0.3490658504,175.408441,103.5605858,40,1,1,safe,
0.745329252,-0.863667687,0.436332313,175.408441,103.5605858,50,1,1,safe,
0.745329252,-0.863667687,0.5235987756,175.408441,103.5605858,60,1,1,safe,
0.745329252,-0.863667687,0.6108652382,175.408441,103.5605858,70,1,1,safe,
0.745329252,-0.863667687,0.6981317008,175.408441,103.5605858,80,1,1,safe,
0.745329252,-0.863667687,0.7853981634,175.408441,103.5605858,90,1,1,safe,
0.745329252,-0.863667687,0.872664626,175.408441,103.5605858,100,1,1,safe,
0.745329252,-0.863667687,0.9599310886,175.408441,103.5605858,110,1,1,safe,
0.745329252,-0.863667687,1.047197551,175.408441,103.5605858,120,1,1,safe,
0.745329252,-0.863667687,1.134464014,175.408441,103.5605858,130,1,1,safe,
0.745329252,-0.863667687,1.221730476,175.408441,103.5605858,140,1,1,safe,
0.745329252,-0.863667687,1.308996939,175.408441,103.5605858,150,1,1,safe,
0.745329252,-0.863667687,1.396263402,175.408441,103.5605858,160,1,1,safe,
0.745329252,-0.863667687,1.483529864,175.408441,103.5605858,170,1,1,safe,
0.745329252,-0.7764012244,0,175.408441,93.56058576,0,1,1,safe,
0.745329252,-0.7764012244,0.0872664626,175.408441,93.56058576,10,1,1,safe,
0.745329252,-0.7764012244,0.1745329252,175.408441,93.56058576,20,1,1,safe,
0.745329252,-0.7764012244,0.2617993878,175.408441,93.56058576,30,1,1,safe,
0.745329252,-0.7764012244,0.3490658504,175.408441,93.56058576,40,1,1,safe,
0.745329252,-0.7764012244,0.436332313,175.408441,93.56058576,50,1,1,safe,
0.745329252,-0.7764012244,0.5235987756,175.408441,93.56058576,60,1,1,safe,
0.745329252,-0.7764012244,0.6108652382,175.408441,93.56058576,70,1,1,safe,
0.745329252,-0.7764012244,0.6981317008,175.408441,93.56058576,80,1,1,safe,
0.745329252,-0.7764012244,0.7853981634,175.408441,93.56058576,90,1,1,safe,
0.745329252,-0.7764012244,0.872664626,175.408441,93.56058576,100,1,1,safe,
0.745329252,-0.7764012244,0.9599310886,175.408441,93.56058576,110,1,1,safe,
0.745329252,-0.7764012244,1.047197551,175.408441,93.56058576,120,1,1,safe,
0.745329252,-0.7764012244,1.134464014,175.408441,93.56058576,130,1,1,safe,
0.745329252,-0.7764012244,1.221730476,175.408441,93.56058576,140,1,1,safe,
0.745329252,-0.7764012244,1.308996939,175.408441,93.56058576,150,1,1,safe,
0.745329252,-0.7764012244,1.396263402,175.408441,93.56058576,160,1,1,safe,
0.745329252,-0.7764012244,1.483529864,175.408441,93.56058576,170,1,1,safe,
0.745329252,-0.6891347618,0,175.408441,83.56058576,0,1,1,safe,
0.745329252,-0.6891347618,0.0872664626,175.408441,83.56058576,10,1,1,safe,
0.745329252,-0.6891347618,0.1745329252,175.408441,83.56058576,20,1,1,safe,
0.745329252,-0.6891347618,0.2617993878,175.408441,83.56058576,30,1,1,safe,
0.745329252,-0.6891347618,0.3490658504,175.408441,83.56058576,40,1,1,safe,
0.745329252,-0.6891347618,0.436332313,175.408441,83.56058576,50,1,1,safe,
0.745329252,-0.6891347618,0.5235987756,175.408441,83.56058576,60,1,1,safe,
0.745329252,-0.6891347618,0.6108652382,175.408441,83.56058576,70,1,1,safe,
0.745329252,-0.6891347618,0.6981317008,175.408441,83.56058576,80,1,1,safe,
0.745329252,-0.6891347618,0.7853981634,175.408441,83.56058576,90,1,1,safe,
0.745329252,-0.6891347618,0.872664626,175.408441,83.56058576,100,1,1,safe,
0.745329252,-0.6891347618,0.9599310886,175.408441,83.56058576,110,1,1,safe,
0.745329252,-0.6891347618,1.047197551,175.408441,83.56058576,120,1,1,safe,
0.745329252,-0.6891347618,1.134464014,175.408441,83.56058576,130,1,1,safe,
0.745329252,-0.6891347618,1.221730476,175.408441,83.56058576,140,1,1,safe,
0.745329252,-0.6891347618,1.308996939,175.408441,83.56058576,150,1,1,safe,
0.745329252,-0.6891347618,1.396263402,175.408441,83.56058576,160,1,1,safe,
0.745329252,-0.6891347618,1.483529864,175.408441,83.56058576,170,1,1,safe,
0.745329252,-0.6018682992,0,175.408441,73.56058576,0,1,1,safe,
0.745329252,-0.6018682992,0.0872664626,175.408441,73.56058576,10,1,1,safe,
0.745329252,-0.6018682992,0.1745329252,175.408441,73.56058576,20,1,1,safe,
0.745329252,-0.6018682992,0.2617993878,175.408441,73.56058576,30,1,1,safe,
0.745329252,-0.6018682992,0.3490658504,175.408441,73.56058576,40,1,1,safe,
0.745329252,-0.6018682992,0.436332313,175.408441,73.56058576,50,1,1,safe,
0.745329252,-0.6018682992,0.5235987756,175.408441,73.56058576,60,1,1,safe,
0.745329252,-0.6018682992,0.6108652382,175.408441,73.56058576,70,1,1,safe,
0.745329252,-0.6018682992,0.6981317008,175.408441,73.56058576,80,1,1,safe,
0.745329252,-0.6018682992,0.7853981634,175.408441,73.56058576,90,1,1,safe,
0.745329252,-0.6018682992,0.872664626,175.408441,73.56058576,100,1,1,safe,
0.745329252,-0.6018682992,0.9599310886,175.408441,73.56058576,110,1,1,safe,
0.745329252,-0.6018682992,1.047197551,175.408441,73.56058576,120,1,1,safe,
0.745329252,-0.6018682992,1.134464014,175.408441,73.56058576,130,1,1,safe,
0.745329252,-0.6018682992,1.221730476,175.408441,73.56058576,140,1,1,safe,
0.745329252,-0.6018682992,1.308996939,175.408441,73.56058576,150,1,1,safe,
0.745329252,-0.6018682992,1.396263402,175.408441,73.56058576,160,1,1,safe,
0.745329252,-0.6018682992,1.483529864,175.408441,73.56058576,170,1,1,safe,
0.745329252,-0.5146018366,0,175.408441,63.56058576,0,1,1,safe,
0.745329252,-0.5146018366,0.0872664626,175.408441,63.56058576,10,1,1,safe,
0.745329252,-0.5146018366,0.1745329252,175.408441,63.56058576,20,1,1,safe,
0.745329252,-0.5146018366,0.2617993878,175.408441,63.56058576,30,1,1,safe,
0.745329252,-0.5146018366,0.3490658504,175.408441,63.56058576,40,1,1,safe,
0.745329252,-0.5146018366,0.436332313,175.408441,63.56058576,50,1,1,safe,
0.745329252,-0.5146018366,0.5235987756,175.408441,63.56058576,60,1,1,safe,
0.745329252,-0.5146018366,0.6108652382,175.408441,63.56058576,70,1,1,safe,
0.745329252,-0.5146018366,0.6981317008,175.408441,63.56058576,80,1,1,safe,
0.745329252,-0.5146018366,0.7853981634,175.408441,63.56058576,90,1,1,safe,
0.745329252,-0.5146018366,0.872664626,175.408441,63.56058576,100,1,1,safe,
0.745329252,-0.5146018366,0.9599310886,175.408441,63.56058576,110,1,1,safe,
0.745329252,-0.5146018366,1.047197551,175.408441,63.56058576,120,1,1,safe,
0.745329252,-0.5146018366,1.134464014,175.408441,63.56058576,130,1,1,safe,
0.745329252,-0.5146018366,1.221730476,175.408441,63.56058576,140,1,1,safe,
0.745329252,-0.5146018366,1.308996939,175.408441,63.56058576,150,1,1,safe,
0.745329252,-0.5146018366,1.396263402,175.408441,63.56058576,160,1,1,safe,
0.745329252,-0.5146018366,1.483529864,175.408441,63.56058576,170,1,1,safe,
0.745329252,-0.427335374,0,175.408441,53.56058576,0,1,1,safe,
0.745329252,-0.427335374,0.0872664626,175.408441,53.56058576,10,1,1,safe,
0.745329252,-0.427335374,0.1745329252,175.408441,53.56058576,20,1,1,safe,
0.745329252,-0.427335374,0.2617993878,175.408441,53.56058576,30,1,1,safe,
0.745329252,-0.427335374,0.3490658504,175.408441,53.56058576,40,1,1,safe,
0.745329252,-0.427335374,0.436332313,175.408441,53.56058576,50,1,1,safe,
0.745329252,-0.427335374,0.5235987756,175.408441,53.56058576,60,1,1,safe,
0.745329252,-0.427335374,0.6108652382,175.408441,53.56058576,70,1,1,safe,
0.745329252,-0.427335374,0.6981317008,175.408441,53.56058576,80,1,1,safe,
0.745329252,-0.427335374,0.7853981634,175.408441,53.56058576,90,1,1,safe,
0.745329252,-0.427335374,0.872664626,175.408441,53.56058576,100,1,1,safe,
0.745329252,-0.427335374,0.9599310886,175.408441,53.56058576,110,1,1,safe,
0.745329252,-0.427335374,1.047197551,175.408441,53.56058576,120,1,1,safe,
0.745329252,-0.427335374,1.134464014,175.408441,53.56058576,130,1,1,safe,
0.745329252,-0.427335374,1.221730476,175.408441,53.56058576,140,1,1,safe,
0.745329252,-0.427335374,1.308996939,175.408441,53.56058576,150,1,1,safe,
0.745329252,-0.427335374,1.396263402,175.408441,53.56058576,160,1,1,safe,
0.745329252,-0.427335374,1.483529864,175.408441,53.56058576,170,1,1,safe,
0.745329252,-0.3400689114,0,175.408441,43.56058576,0,1,1,safe,
0.745329252,-0.3400689114,0.0872664626,175.408441,43.56058576,10,1,1,safe,
0.745329252,-0.3400689114,0.1745329252,175.408441,43.56058576,20,1,1,safe,
0.745329252,-0.3400689114,0.2617993878,175.408441,43.56058576,30,1,1,safe,
0.745329252,-0.3400689114,0.3490658504,175.408441,43.56058576,40,1,1,safe,
0.745329252,-0.3400689114,0.436332313,175.408441,43.56058576,50,1,1,safe,
0.745329252,-0.3400689114,0.5235987756,175.408441,43.56058576,60,1,1,safe,
0.745329252,-0.3400689114,0.6108652382,175.408441,43.56058576,70,1,1,safe,
0.745329252,-0.3400689114,0.6981317008,175.408441,43.56058576,80,1,1,safe,
0.745329252,-0.3400689114,0.7853981634,175.408441,43.56058576,90,1,1,safe,
0.745329252,-0.3400689114,0.872664626,175.408441,43.56058576,100,1,1,safe,
0.745329252,-0.3400689114,0.9599310886,175.408441,43.56058576,110,1,1,safe,
0.745329252,-0.3400689114,1.047197551,175.408441,43.56058576,120,1,1,safe,
0.745329252,-0.3400689114,1.134464014,175.408441,43.56058576,130,1,1,safe,
0.745329252,-0.3400689114,1.221730476,175.408441,43.56058576,140,1,1,safe,
0.745329252,-0.3400689114,1.308996939,175.408441,43.56058576,150,1,1,safe,
0.745329252,-0.3400689114,1.396263402,175.408441,43.56058576,160,1,1,safe,
0.745329252,-0.3400689114,1.483529864,175.408441,43.56058576,170,1,1,safe,
0.745329252,-0.2528024488,0,175.408441,33.56058576,0,1,1,safe,
0.745329252,-0.2528024488,0.0872664626,175.408441,33.56058576,10,1,1,safe,
0.745329252,-0.2528024488,0.1745329252,175.408441,33.56058576,20,1,1,safe,
0.745329252,-0.2528024488,0.2617993878,175.408441,33.56058576,30,1,1,safe,
0.745329252,-0.2528024488,0.3490658504,175.408441,33.56058576,40,1,1,safe,
0.745329252,-0.2528024488,0.436332313,175.408441,33.56058576,50,1,1,safe,
0.745329252,-0.2528024488,0.5235987756,175.408441,33.56058576,60,1,1,safe,
0.745329252,-0.2528024488,0.6108652382,175.408441,33.56058576,70,1,1,safe,
0.745329252,-0.2528024488,0.6981317008,175.408441,33.56058576,80,1,1,safe,
0.745329252,-0.2528024488,0.7853981634,175.408441,33.56058576,90,1,1,safe,
0.745329252,-0.2528024488,0.872664626,175.408441,33.56058576,100,1,1,safe,
0.745329252,-0.2528024488,0.9599310886,175.408441,33.56058576,110,1,1,safe,
0.745329252,-0.2528024488,1.047197551,175.408441,33.56058576,120,1,1,safe,
0.745329252,-0.2528024488,1.134464014,175.408441,33.56058576,130,1,1,safe,
0.745329252,-0.2528024488,1.221730476,175.408441,33.56058576,140,1,1,safe,
0.745329252,-0.2528024488,1.308996939,175.408441,33.56058576,150,1,1,safe,
0.745329252,-0.2528024488,1.396263402,175.408441,33.56058576,160,1,1,safe,
0.745329252,-0.2528024488,1.483529864,175.408441,33.56058576,170,1,1,safe,
0.745329252,-0.1655359862,0,175.408441,23.56058576,0,1,1,safe,
0.745329252,-0.1655359862,0.0872664626,175.408441,23.56058576,10,1,1,safe,
0.745329252,-0.1655359862,0.1745329252,175.408441,23.56058576,20,1,1,safe,
0.745329252,-0.1655359862,0.2617993878,175.408441,23.56058576,30,1,1,safe,
0.745329252,-0.1655359862,0.3490658504,175.408441,23.56058576,40,1,1,safe,
