q1_rad,q2_rad,q3_rad,lift_servo_deg,tilt_servo_deg,gripper_servo_deg,safe,connected,reason,contacts
-0.6509341496,0.008996939,-0.1155359862,164.591559,16.43941424,148.3802752,1,1,safe,
-0.6509341496,0.008996939,-0.0282695236,164.591559,16.43941424,158.3802752,1,1,safe,
-0.6509341496,0.008996939,0,164.591559,16.43941424,161.619724,1,1,safe,
-0.6509341496,0.0962634016,-1.25,164.591559,26.43941424,18.38027522,1,1,safe,
-0.6509341496,0.0962634016,-1.162733537,164.591559,26.43941424,28.38027522,1,1,safe,
-0.6509341496,0.0962634016,-1.075467075,164.591559,26.43941424,38.38027522,1,1,safe,
-0.6509341496,0.0962634016,-0.9882006122,164.591559,26.43941424,48.38027522,1,1,safe,
-0.6509341496,0.0962634016,-0.9009341496,164.591559,26.43941424,58.38027522,1,1,safe,
-0.6509341496,0.0962634016,-0.813667687,164.591559,26.43941424,68.38027522,1,1,safe,
-0.6509341496,0.0962634016,-0.7264012244,164.591559,26.43941424,78.38027522,1,1,safe,
-0.6509341496,0.0962634016,-0.6391347618,164.591559,26.43941424,88.38027522,1,1,safe,
-0.6509341496,0.0962634016,-0.5518682992,164.591559,26.43941424,98.38027522,1,1,safe,
-0.6509341496,0.0962634016,-0.4646018366,164.591559,26.43941424,108.3802752,1,1,safe,
-0.6509341496,0.0962634016,-0.377335374,164.591559,26.43941424,118.3802752,1,1,safe,
-0.6509341496,0.0962634016,-0.2900689114,164.591559,26.43941424,128.3802752,1,1,safe,
-0.6509341496,0.0962634016,-0.2028024488,164.591559,26.43941424,138.3802752,1,1,safe,
-0.6509341496,0.0962634016,-0.1155359862,164.591559,26.43941424,148.3802752,1,1,safe,
-0.6509341496,0.0962634016,-0.0282695236,164.591559,26.43941424,158.3802752,1,1,safe,
-0.6509341496,0.0962634016,0,164.591559,26.43941424,161.619724,1,1,safe,
-0.6509341496,0.1835298642,-1.25,164.591559,36.43941424,18.38027522,1,1,safe,
-0.6509341496,0.1835298642,-1.162733537,164.591559,36.43941424,28.38027522,1,1,safe,
-0.6509341496,0.1835298642,-1.075467075,164.591559,36.43941424,38.38027522,1,1,safe,
-0.6509341496,0.1835298642,-0.9882006122,164.591559,36.43941424,48.38027522,1,1,safe,
-0.6509341496,0.1835298642,-0.9009341496,164.591559,36.43941424,58.38027522,1,1,safe,
-0.6509341496,0.1835298642,-0.813667687,164.591559,36.43941424,68.38027522,1,1,safe,
-0.6509341496,0.1835298642,-0.7264012244,164.591559,36.43941424,78.38027522,1,1,safe,
-0.6509341496,0.1835298642,-0.6391347618,164.591559,36.43941424,88.38027522,1,1,safe,
-0.6509341496,0.1835298642,-0.5518682992,164.591559,36.43941424,98.38027522,1,1,safe,
-0.6509341496,0.1835298642,-0.4646018366,164.591559,36.43941424,108.3802752,1,1,safe,
-0.6509341496,0.1835298642,-0.377335374,164.591559,36.43941424,118.3802752,1,1,safe,
-0.6509341496,0.1835298642,-0.2900689114,164.591559,36.43941424,128.3802752,1,1,safe,
-0.6509341496,0.1835298642,-0.2028024488,164.591559,36.43941424,138.3802752,1,1,safe,
-0.6509341496,0.1835298642,-0.1155359862,164.591559,36.43941424,148.3802752,1,1,safe,
-0.6509341496,0.1835298642,-0.0282695236,164.591559,36.43941424,158.3802752,1,1,safe,
-0.6509341496,0.1835298642,0,164.591559,36.43941424,161.619724,1,1,safe,
-0.6509341496,0.2707963268,-1.25,164.591559,46.43941424,18.38027522,1,1,safe,
-0.6509341496,0.2707963268,-1.162733537,164.591559,46.43941424,28.38027522,1,1,safe,
-0.6509341496,0.2707963268,-1.075467075,164.591559,46.43941424,38.38027522,1,1,safe,
-0.6509341496,0.2707963268,-0.9882006122,164.591559,46.43941424,48.38027522,1,1,safe,
-0.6509341496,0.2707963268,-0.9009341496,164.591559,46.43941424,58.38027522,1,1,safe,
-0.6509341496,0.2707963268,-0.813667687,164.591559,46.43941424,68.38027522,1,1,safe,
-0.6509341496,0.2707963268,-0.7264012244,164.591559,46.43941424,78.38027522,1,1,safe,
-0.6509341496,0.2707963268,-0.6391347618,164.591559,46.43941424,88.38027522,1,1,safe,
-0.6509341496,0.2707963268,-0.5518682992,164.591559,46.43941424,98.38027522,1,1,safe,
-0.6509341496,0.2707963268,-0.4646018366,164.591559,46.43941424,108.3802752,1,1,safe,
-0.6509341496,0.2707963268,-0.377335374,164.591559,46.43941424,118.3802752,1,1,safe,
-0.6509341496,0.2707963268,-0.2900689114,164.591559,46.43941424,128.3802752,1,1,safe,
-0.6509341496,0.2707963268,-0.2028024488,164.591559,46.43941424,138.3802752,1,1,safe,
-0.6509341496,0.2707963268,-0.1155359862,164.591559,46.43941424,148.3802752,1,1,safe,
-0.6509341496,0.2707963268,-0.0282695236,164.591559,46.43941424,158.3802752,1,1,safe,
-0.6509341496,0.2707963268,0,164.591559,46.43941424,161.619724,1,1,safe,
-0.6509341496,0.3580627894,-1.25,164.591559,56.43941424,18.38027522,1,1,safe,
-0.6509341496,0.3580627894,-1.162733537,164.591559,56.43941424,28.38027522,1,1,safe,
-0.6509341496,0.3580627894,-1.075467075,164.591559,56.43941424,38.38027522,1,1,safe,
-0.6509341496,0.3580627894,-0.9882006122,164.591559,56.43941424,48.38027522,1,1,safe,
-0.6509341496,0.3580627894,-0.9009341496,164.591559,56.43941424,58.38027522,1,1,safe,
-0.6509341496,0.3580627894,-0.813667687,164.591559,56.43941424,68.38027522,1,1,safe,
-0.6509341496,0.3580627894,-0.7264012244,164.591559,56.43941424,78.38027522,1,1,safe,
-0.6509341496,0.3580627894,-0.6391347618,164.591559,56.43941424,88.38027522,1,1,safe,
-0.6509341496,0.3580627894,-0.5518682992,164.591559,56.43941424,98.38027522,1,1,safe,
-0.6509341496,0.3580627894,-0.4646018366,164.591559,56.43941424,108.3802752,1,1,safe,
-0.6509341496,0.3580627894,-0.377335374,164.591559,56.43941424,118.3802752,1,1,safe,
-0.6509341496,0.3580627894,-0.2900689114,164.591559,56.43941424,128.3802752,1,1,safe,
-0.6509341496,0.3580627894,-0.2028024488,164.591559,56.43941424,138.3802752,1,1,safe,
-0.6509341496,0.3580627894,-0.1155359862,164.591559,56.43941424,148.3802752,1,1,safe,
-0.6509341496,0.3580627894,-0.0282695236,164.591559,56.43941424,158.3802752,1,1,safe,
-0.6509341496,0.3580627894,0,164.591559,56.43941424,161.619724,1,1,safe,
-0.6509341496,0.445329252,-1.25,164.591559,66.43941424,18.38027522,1,1,safe,
-0.6509341496,0.445329252,-1.162733537,164.591559,66.43941424,28.38027522,1,1,safe,
-0.6509341496,0.445329252,-1.075467075,164.591559,66.43941424,38.38027522,1,1,safe,
-0.6509341496,0.445329252,-0.9882006122,164.591559,66.43941424,48.38027522,1,1,safe,
-0.6509341496,0.445329252,-0.9009341496,164.591559,66.43941424,58.38027522,1,1,safe,
-0.6509341496,0.445329252,-0.813667687,164.591559,66.43941424,68.38027522,1,1,safe,
-0.6509341496,0.445329252,-0.7264012244,164.591559,66.43941424,78.38027522,1,1,safe,
-0.6509341496,0.445329252,-0.6391347618,164.591559,66.43941424,88.38027522,1,1,safe,
-0.6509341496,0.445329252,-0.5518682992,164.591559,66.43941424,98.38027522,1,1,safe,
-0.6509341496,0.445329252,-0.4646018366,164.591559,66.43941424,108.3802752,1,1,safe,
-0.6509341496,0.445329252,-0.377335374,164.591559,66.43941424,118.3802752,1,1,safe,
-0.6509341496,0.445329252,-0.2900689114,164.591559,66.43941424,128.3802752,1,1,safe,
-0.6509341496,0.445329252,-0.2028024488,164.591559,66.43941424,138.3802752,1,1,safe,
-0.6509341496,0.445329252,-0.1155359862,164.591559,66.43941424,148.3802752,1,1,safe,
-0.6509341496,0.445329252,-0.0282695236,164.591559,66.43941424,158.3802752,1,1,safe,
-0.6509341496,0.445329252,0,164.591559,66.43941424,161.619724,1,1,safe,
-0.6509341496,0.5325957146,-1.25,164.591559,76.43941424,18.38027522,1,1,safe,
-0.6509341496,0.5325957146,-1.162733537,164.591559,76.43941424,28.38027522,1,1,safe,
-0.6509341496,0.5325957146,-1.075467075,164.591559,76.43941424,38.38027522,1,1,safe,
-0.6509341496,0.5325957146,-0.9882006122,164.591559,76.43941424,48.38027522,1,1,safe,
-0.6509341496,0.5325957146,-0.9009341496,164.591559,76.43941424,58.38027522,1,1,safe,
-0.6509341496,0.5325957146,-0.813667687,164.591559,76.43941424,68.38027522,1,1,safe,
-0.6509341496,0.5325957146,-0.7264012244,164.591559,76.43941424,78.38027522,1,1,safe,
-0.6509341496,0.5325957146,-0.6391347618,164.591559,76.43941424,88.38027522,1,1,safe,
-0.6509341496,0.5325957146,-0.5518682992,164.591559,76.43941424,98.38027522,1,1,safe,
-0.6509341496,0.5325957146,-0.4646018366,164.591559,76.43941424,108.3802752,1,1,safe,
-0.6509341496,0.5325957146,-0.377335374,164.591559,76.43941424,118.3802752,1,1,safe,
-0.6509341496,0.5325957146,-0.2900689114,164.591559,76.43941424,128.3802752,1,1,safe,
-0.6509341496,0.5325957146,-0.2028024488,164.591559,76.43941424,138.3802752,1,1,safe,
-0.6509341496,0.5325957146,-0.1155359862,164.591559,76.43941424,148.3802752,1,1,safe,
-0.6509341496,0.5325957146,-0.0282695236,164.591559,76.43941424,158.3802752,1,1,safe,
-0.6509341496,0.5325957146,0,164.591559,76.43941424,161.619724,1,1,safe,
-0.6509341496,0.6198621772,-1.25,164.591559,86.43941424,18.38027522,1,1,safe,
-0.6509341496,0.6198621772,-1.162733537,164.591559,86.43941424,28.38027522,1,1,safe,
-0.6509341496,0.6198621772,-1.075467075,164.591559,86.43941424,38.38027522,1,1,safe,
-0.6509341496,0.6198621772,-0.9882006122,164.591559,86.43941424,48.38027522,1,1,safe,
-0.6509341496,0.6198621772,-0.9009341496,164.591559,86.43941424,58.38027522,1,1,safe,
-0.6509341496,0.6198621772,-0.813667687,164.591559,86.43941424,68.38027522,1,1,safe,
-0.6509341496,0.6198621772,-0.7264012244,164.591559,86.43941424,78.38027522,1,1,safe,
-0.6509341496,0.6198621772,-0.6391347618,164.591559,86.43941424,88.38027522,1,1,safe,
-0.6509341496,0.6198621772,-0.5518682992,164.591559,86.43941424,98.38027522,1,1,safe,
-0.6509341496,0.6198621772,-0.4646018366,164.591559,86.43941424,108.3802752,1,1,safe,
-0.6509341496,0.6198621772,-0.377335374,164.591559,86.43941424,118.3802752,1,1,safe,
-0.6509341496,0.6198621772,-0.2900689114,164.591559,86.43941424,128.3802752,1,1,safe,
-0.6509341496,0.6198621772,-0.2028024488,164.591559,86.43941424,138.3802752,1,1,safe,
-0.6509341496,0.6198621772,-0.1155359862,164.591559,86.43941424,148.3802752,1,1,safe,
-0.6509341496,0.6198621772,-0.0282695236,164.591559,86.43941424,158.3802752,1,1,safe,
-0.6509341496,0.6198621772,0,164.591559,86.43941424,161.619724,1,1,safe,
-0.6509341496,0.7071286398,-1.25,164.591559,96.43941424,18.38027522,1,1,safe,
-0.6509341496,0.7071286398,-1.162733537,164.591559,96.43941424,28.38027522,1,1,safe,
-0.6509341496,0.7071286398,-1.075467075,164.591559,96.43941424,38.38027522,1,1,safe,
-0.6509341496,0.7071286398,-0.9882006122,164.591559,96.43941424,48.38027522,1,1,safe,
-0.6509341496,0.7071286398,-0.9009341496,164.591559,96.43941424,58.38027522,1,1,safe,
-0.6509341496,0.7071286398,-0.813667687,164.591559,96.43941424,68.38027522,1,1,safe,
-0.6509341496,0.7071286398,-0.7264012244,164.591559,96.43941424,78.38027522,1,1,safe,
-0.6509341496,0.7071286398,-0.6391347618,164.591559,96.43941424,88.38027522,1,1,safe,
-0.6509341496,0.7071286398,-0.5518682992,164.591559,96.43941424,98.38027522,1,1,safe,
-0.6509341496,0.7071286398,-0.4646018366,164.591559,96.43941424,108.3802752,1,1,safe,
-0.6509341496,0.7071286398,-0.377335374,164.591559,96.43941424,118.3802752,1,1,safe,
-0.6509341496,0.7071286398,-0.2900689114,164.591559,96.43941424,128.3802752,1,1,safe,
-0.6509341496,0.7071286398,-0.2028024488,164.591559,96.43941424,138.3802752,1,1,safe,
-0.6509341496,0.7071286398,-0.1155359862,164.591559,96.43941424,148.3802752,1,1,safe,
-0.6509341496,0.7071286398,-0.0282695236,164.591559,96.43941424,158.3802752,1,1,safe,
-0.6509341496,0.7071286398,0,164.591559,96.43941424,161.619724,1,1,safe,
-0.6509341496,0.7943951024,-1.25,164.591559,106.4394142,18.38027522,1,1,safe,
-0.6509341496,0.7943951024,-1.162733537,164.591559,106.4394142,28.38027522,1,1,safe,
-0.6509341496,0.7943951024,-1.075467075,164.591559,106.4394142,38.38027522,1,1,safe,
-0.6509341496,0.7943951024,-0.9882006122,164.591559,106.4394142,48.38027522,1,1,safe,
-0.6509341496,0.7943951024,-0.9009341496,164.591559,106.4394142,58.38027522,1,1,safe,
-0.6509341496,0.7943951024,-0.813667687,164.591559,106.4394142,68.38027522,1,1,safe,
-0.6509341496,0.7943951024,-0.7264012244,164.591559,106.4394142,78.38027522,1,1,safe,
-0.6509341496,0.7943951024,-0.6391347618,164.591559,106.4394142,88.38027522,1,1,safe,
-0.6509341496,0.7943951024,-0.5518682992,164.591559,106.4394142,98.38027522,1,1,safe,
-0.6509341496,0.7943951024,-0.4646018366,164.591559,106.4394142,108.3802752,1,1,safe,
-0.6509341496,0.7943951024,-0.377335374,164.591559,106.4394142,118.3802752,1,1,safe,
-0.6509341496,0.7943951024,-0.2900689114,164.591559,106.4394142,128.3802752,1,1,safe,
-0.6509341496,0.7943951024,-0.2028024488,164.591559,106.4394142,138.3802752,1,1,safe,
-0.6509341496,0.7943951024,-0.1155359862,164.591559,106.4394142,148.3802752,1,1,safe,
-0.6509341496,0.7943951024,-0.0282695236,164.591559,106.4394142,158.3802752,1,1,safe,
-0.6509341496,0.7943951024,0,164.591559,106.4394142,161.619724,1,1,safe,
-0.6509341496,0.881661565,-1.25,164.591559,116.4394142,18.38027522,1,1,safe,
-0.6509341496,0.881661565,-1.162733537,164.591559,116.4394142,28.38027522,1,1,safe,
-0.6509341496,0.881661565,-1.075467075,164.591559,116.4394142,38.38027522,1,1,safe,
-0.6509341496,0.881661565,-0.9882006122,164.591559,116.4394142,48.38027522,1,1,safe,
-0.6509341496,0.881661565,-0.9009341496,164.591559,116.4394142,58.38027522,1,1,safe,
-0.6509341496,0.881661565,-0.813667687,164.591559,116.4394142,68.38027522,1,1,safe,
-0.6509341496,0.881661565,-0.7264012244,164.591559,116.4394142,78.38027522,1,1,safe,
-0.6509341496,0.881661565,-0.6391347618,164.591559,116.4394142,88.38027522,1,1,safe,
-0.6509341496,0.881661565,-0.5518682992,164.591559,116.4394142,98.38027522,1,1,safe,
-0.6509341496,0.881661565,-0.4646018366,164.591559,116.4394142,108.3802752,1,1,safe,
-0.6509341496,0.881661565,-0.377335374,164.591559,116.4394142,118.3802752,1,1,safe,
-0.6509341496,0.881661565,-0.2900689114,164.591559,116.4394142,128.3802752,1,1,safe,
-0.6509341496,0.881661565,-0.2028024488,164.591559,116.4394142,138.3802752,1,1,safe,
-0.6509341496,0.881661565,-0.1155359862,164.591559,116.4394142,148.3802752,1,1,safe,
-0.6509341496,0.881661565,-0.0282695236,164.591559,116.4394142,158.3802752,1,1,safe,
-0.6509341496,0.881661565,0,164.591559,116.4394142,161.619724,1,1,safe,
-0.563667687,-0.0782695236,-0.377335374,154.591559,16.43941424,118.3802752,1,1,safe,
-0.563667687,-0.0782695236,-0.2900689114,154.591559,16.43941424,128.3802752,1,1,safe,
-0.563667687,-0.0782695236,-0.2028024488,154.591559,16.43941424,138.3802752,1,1,safe,
-0.563667687,-0.0782695236,-0.1155359862,154.591559,16.43941424,148.3802752,1,1,safe,
-0.563667687,-0.0782695236,-0.0282695236,154.591559,16.43941424,158.3802752,1,1,safe,
-0.563667687,-0.0782695236,0,154.591559,16.43941424,161.619724,1,1,safe,
-0.563667687,0.008996939,-1.25,154.591559,26.43941424,18.38027522,1,1,safe,
-0.563667687,0.008996939,-1.162733537,154.591559,26.43941424,28.38027522,1,1,safe,
-0.563667687,0.008996939,-1.075467075,154.591559,26.43941424,38.38027522,1,1,safe,
-0.563667687,0.008996939,-0.9882006122,154.591559,26.43941424,48.38027522,1,1,safe,
-0.563667687,0.008996939,-0.9009341496,154.591559,26.43941424,58.38027522,1,1,safe,
-0.563667687,0.008996939,-0.813667687,154.591559,26.43941424,68.38027522,1,1,safe,
-0.563667687,0.008996939,-0.7264012244,154.591559,26.43941424,78.38027522,1,1,safe,
-0.563667687,0.008996939,-0.6391347618,154.591559,26.43941424,88.38027522,1,1,safe,
-0.563667687,0.008996939,-0.5518682992,154.591559,26.43941424,98.38027522,1,1,safe,
-0.563667687,0.008996939,-0.4646018366,154.591559,26.43941424,108.3802752,1,1,safe,
-0.563667687,0.008996939,-0.377335374,154.591559,26.43941424,118.3802752,1,1,safe,
-0.563667687,0.008996939,-0.2900689114,154.591559,26.43941424,128.3802752,1,1,safe,
-0.563667687,0.008996939,-0.2028024488,154.591559,26.43941424,138.3802752,1,1,safe,
-0.563667687,0.008996939,-0.1155359862,154.591559,26.43941424,148.3802752,1,1,safe,
-0.563667687,0.008996939,-0.0282695236,154.591559,26.43941424,158.3802752,1,1,safe,
-0.563667687,0.008996939,0,154.591559,26.43941424,161.619724,1,1,safe,
-0.563667687,0.0962634016,-1.25,154.591559,36.43941424,18.38027522,1,1,safe,
-0.563667687,0.0962634016,-1.162733537,154.591559,36.43941424,28.38027522,1,1,safe,
-0.563667687,0.0962634016,-1.075467075,154.591559,36.43941424,38.38027522,1,1,safe,
-0.563667687,0.0962634016,-0.9882006122,154.591559,36.43941424,48.38027522,1,1,safe,
-0.563667687,0.0962634016,-0.9009341496,154.591559,36.43941424,58.38027522,1,1,safe,
-0.563667687,0.0962634016,-0.813667687,154.591559,36.43941424,68.38027522,1,1,safe,
-0.563667687,0.0962634016,-0.7264012244,154.591559,36.43941424,78.38027522,1,1,safe,
-0.563667687,0.0962634016,-0.6391347618,154.591559,36.43941424,88.38027522,1,1,safe,
-0.563667687,0.0962634016,-0.5518682992,154.591559,36.43941424,98.38027522,1,1,safe,
-0.563667687,0.0962634016,-0.4646018366,154.591559,36.43941424,108.3802752,1,1,safe,
-0.563667687,0.0962634016,-0.377335374,154.591559,36.43941424,118.3802752,1,1,safe,
-0.563667687,0.0962634016,-0.2900689114,154.591559,36.43941424,128.3802752,1,1,safe,
-0.563667687,0.0962634016,-0.2028024488,154.591559,36.43941424,138.3802752,1,1,safe,
-0.563667687,0.0962634016,-0.1155359862,154.591559,36.43941424,148.3802752,1,1,safe,
-0.563667687,0.0962634016,-0.0282695236,154.591559,36.43941424,158.3802752,1,1,safe,
-0.563667687,0.0962634016,0,154.591559,36.43941424,161.619724,1,1,safe,
-0.563667687,0.1835298642,-1.25,154.591559,46.43941424,18.38027522,1,1,safe,
-0.563667687,0.1835298642,-1.162733537,154.591559,46.43941424,28.38027522,1,1,safe,
-0.563667687,0.1835298642,-1.075467075,154.591559,46.43941424,38.38027522,1,1,safe,
-0.563667687,0.1835298642,-0.9882006122,154.591559,46.43941424,48.38027522,1,1,safe,
-0.563667687,0.1835298642,-0.9009341496,154.591559,46.43941424,58.38027522,1,1,safe,
-0.563667687,0.1835298642,-0.813667687,154.591559,46.43941424,68.38027522,1,1,safe,
-0.563667687,0.1835298642,-0.7264012244,154.591559,46.43941424,78.38027522,1,1,safe,
-0.563667687,0.1835298642,-0.6391347618,154.591559,46.43941424,88.38027522,1,1,safe,
-0.563667687,0.1835298642,-0.5518682992,154.591559,46.43941424,98.38027522,1,1,safe,
-0.563667687,0.1835298642,-0.4646018366,154.591559,46.43941424,108.3802752,1,1,safe,
-0.563667687,0.1835298642,-0.377335374,154.591559,46.43941424,118.3802752,1,1,safe,
-0.563667687,0.1835298642,-0.2900689114,154.591559,46.43941424,128.3802752,1,1,safe,
-0.563667687,0.1835298642,-0.2028024488,154.591559,46.43941424,138.3802752,1,1,safe,
-0.563667687,0.1835298642,-0.1155359862,154.591559,46.43941424,148.3802752,1,1,safe,
-0.563667687,0.1835298642,-0.0282695236,154.591559,46.43941424,158.3802752,1,1,safe,
-0.563667687,0.1835298642,0,154.591559,46.43941424,161.619724,1,1,safe,
-0.563667687,0.2707963268,-1.25,154.591559,56.43941424,18.38027522,1,1,safe,
-0.563667687,0.2707963268,-1.162733537,154.591559,56.43941424,28.38027522,1,1,safe,
-0.563667687,0.2707963268,-1.075467075,154.591559,56.43941424,38.38027522,1,1,safe,
-0.563667687,0.2707963268,-0.9882006122,154.591559,56.43941424,48.38027522,1,1,safe,
-0.563667687,0.2707963268,-0.9009341496,154.591559,56.43941424,58.38027522,1,1,safe,
-0.563667687,0.2707963268,-0.813667687,154.591559,56.43941424,68.38027522,1,1,safe,
-0.563667687,0.2707963268,-0.7264012244,154.591559,56.43941424,78.38027522,1,1,safe,
-0.563667687,0.2707963268,-0.6391347618,154.591559,56.43941424,88.38027522,1,1,safe,
-0.563667687,0.2707963268,-0.5518682992,154.591559,56.43941424,98.38027522,1,1,safe,
-0.563667687,0.2707963268,-0.4646018366,154.591559,56.43941424,108.3802752,1,1,safe,
-0.563667687,0.2707963268,-0.377335374,154.591559,56.43941424,118.3802752,1,1,safe,
-0.563667687,0.2707963268,-0.2900689114,154.591559,56.43941424,128.3802752,1,1,safe,
-0.563667687,0.2707963268,-0.2028024488,154.591559,56.43941424,138.3802752,1,1,safe,
-0.563667687,0.2707963268,-0.1155359862,154.591559,56.43941424,148.3802752,1,1,safe,
-0.563667687,0.2707963268,-0.0282695236,154.591559,56.43941424,158.3802752,1,1,safe,
-0.563667687,0.2707963268,0,154.591559,56.43941424,161.619724,1,1,safe,
-0.563667687,0.3580627894,-1.25,154.591559,66.43941424,18.38027522,1,1,safe,
-0.563667687,0.3580627894,-1.162733537,154.591559,66.43941424,28.38027522,1,1,safe,
-0.563667687,0.3580627894,-1.075467075,154.591559,66.43941424,38.38027522,1,1,safe,
-0.563667687,0.3580627894,-0.9882006122,154.591559,66.43941424,48.38027522,1,1,safe,
-0.563667687,0.3580627894,-0.9009341496,154.591559,66.43941424,58.38027522,1,1,safe,
-0.563667687,0.3580627894,-0.813667687,154.591559,66.43941424,68.38027522,1,1,safe,
-0.563667687,0.3580627894,-0.7264012244,154.591559,66.43941424,78.38027522,1,1,safe,
-0.563667687,0.3580627894,-0.6391347618,154.591559,66.43941424,88.38027522,1,1,safe,
-0.563667687,0.3580627894,-0.5518682992,154.591559,66.43941424,98.38027522,1,1,safe,
-0.563667687,0.3580627894,-0.4646018366,154.591559,66.43941424,108.3802752,1,1,safe,
-0.563667687,0.3580627894,-0.377335374,154.591559,66.43941424,118.3802752,1,1,safe,
-0.563667687,0.3580627894,-0.2900689114,154.591559,66.43941424,128.3802752,1,1,safe,
-0.563667687,0.3580627894,-0.2028024488,154.591559,66.43941424,138.3802752,1,1,safe,
-0.563667687,0.3580627894,-0.1155359862,154.591559,66.43941424,148.3802752,1,1,safe,
-0.563667687,0.3580627894,-0.0282695236,154.591559,66.43941424,158.3802752,1,1,safe,
-0.563667687,0.3580627894,0,154.591559,66.43941424,161.619724,1,1,safe,
-0.563667687,0.445329252,-1.25,154.591559,76.43941424,18.38027522,1,1,safe,
-0.563667687,0.445329252,-1.162733537,154.591559,76.43941424,28.38027522,1,1,safe,
-0.563667687,0.445329252,-1.075467075,154.591559,76.43941424,38.38027522,1,1,safe,
-0.563667687,0.445329252,-0.9882006122,154.591559,76.43941424,48.38027522,1,1,safe,
-0.563667687,0.445329252,-0.9009341496,154.591559,76.43941424,58.38027522,1,1,safe,
-0.563667687,0.445329252,-0.813667687,154.591559,76.43941424,68.38027522,1,1,safe,
-0.563667687,0.445329252,-0.7264012244,154.591559,76.43941424,78.38027522,1,1,safe,
-0.563667687,0.445329252,-0.6391347618,154.591559,76.43941424,88.38027522,1,1,safe,
-0.563667687,0.445329252,-0.5518682992,154.591559,76.43941424,98.38027522,1,1,safe,
-0.563667687,0.445329252,-0.4646018366,154.591559,76.43941424,108.3802752,1,1,safe,
-0.563667687,0.445329252,-0.377335374,154.591559,76.43941424,118.3802752,1,1,safe,
-0.563667687,0.445329252,-0.2900689114,154.591559,76.43941424,128.3802752,1,1,safe,
-0.563667687,0.445329252,-0.2028024488,154.591559,76.43941424,138.3802752,1,1,safe,
-0.563667687,0.445329252,-0.1155359862,154.591559,76.43941424,148.3802752,1,1,safe,
-0.563667687,0.445329252,-0.0282695236,154.591559,76.43941424,158.3802752,1,1,safe,
-0.563667687,0.445329252,0,154.591559,76.43941424,161.619724,1,1,safe,
-0.563667687,0.5325957146,-1.25,154.591559,86.43941424,18.38027522,1,1,safe,
-0.563667687,0.5325957146,-1.162733537,154.591559,86.43941424,28.38027522,1,1,safe,
-0.563667687,0.5325957146,-1.075467075,154.591559,86.43941424,38.38027522,1,1,safe,
-0.563667687,0.5325957146,-0.9882006122,154.591559,86.43941424,48.38027522,1,1,safe,
-0.563667687,0.5325957146,-0.9009341496,154.591559,86.43941424,58.38027522,1,1,safe,
-0.563667687,0.5325957146,-0.813667687,154.591559,86.43941424,68.38027522,1,1,safe,
-0.563667687,0.5325957146,-0.7264012244,154.591559,86.43941424,78.38027522,1,1,safe,
-0.563667687,0.5325957146,-0.6391347618,154.591559,86.43941424,88.38027522,1,1,safe,
-0.563667687,0.5325957146,-0.5518682992,154.591559,86.43941424,98.38027522,1,1,safe,
-0.563667687,0.5325957146,-0.4646018366,154.591559,86.43941424,108.3802752,1,1,safe,
-0.563667687,0.5325957146,-0.377335374,154.591559,86.43941424,118.3802752,1,1,safe,
-0.563667687,0.5325957146,-0.2900689114,154.591559,86.43941424,128.3802752,1,1,safe,
-0.563667687,0.5325957146,-0.2028024488,154.591559,86.43941424,138.3802752,1,1,safe,
-0.563667687,0.5325957146,-0.1155359862,154.591559,86.43941424,148.3802752,1,1,safe,
-0.563667687,0.5325957146,-0.0282695236,154.591559,86.43941424,158.3802752,1,1,safe,
-0.563667687,0.5325957146,0,154.591559,86.43941424,161.619724,1,1,safe,
-0.563667687,0.6198621772,-1.25,154.591559,96.43941424,18.38027522,1,1,safe,
-0.563667687,0.6198621772,-1.162733537,154.591559,96.43941424,28.38027522,1,1,safe,
-0.563667687,0.6198621772,-1.075467075,154.591559,96.43941424,38.38027522,1,1,safe,
-0.563667687,0.6198621772,-0.9882006122,154.591559,96.43941424,48.38027522,1,1,safe,
-0.563667687,0.6198621772,-0.9009341496,154.591559,96.43941424,58.38027522,1,1,safe,
-0.563667687,0.6198621772,-0.813667687,154.591559,96.43941424,68.38027522,1,1,safe,
-0.563667687,0.6198621772,-0.7264012244,154.591559,96.43941424,78.38027522,1,1,safe,
-0.563667687,0.6198621772,-0.6391347618,154.591559,96.43941424,88.38027522,1,1,safe,
-0.563667687,0.6198621772,-0.5518682992,154.591559,96.43941424,98.38027522,1,1,safe,
-0.563667687,0.6198621772,-0.4646018366,154.591559,96.43941424,108.3802752,1,1,safe,
-0.563667687,0.6198621772,-0.377335374,154.591559,96.43941424,118.3802752,1,1,safe,
-0.563667687,0.6198621772,-0.2900689114,154.591559,96.43941424,128.3802752,1,1,safe,
-0.563667687,0.6198621772,-0.2028024488,154.591559,96.43941424,138.3802752,1,1,safe,
-0.563667687,0.6198621772,-0.1155359862,154.591559,96.43941424,148.3802752,1,1,safe,
-0.563667687,0.6198621772,-0.0282695236,154.591559,96.43941424,158.3802752,1,1,safe,
-0.563667687,0.6198621772,0,154.591559,96.43941424,161.619724,1,1,safe,
-0.563667687,0.7071286398,-1.25,154.591559,106.4394142,18.38027522,1,1,safe,
-0.563667687,0.7071286398,-1.162733537,154.591559,106.4394142,28.38027522,1,1,safe,
-0.563667687,0.7071286398,-1.075467075,154.591559,106.4394142,38.38027522,1,1,safe,
-0.563667687,0.7071286398,-0.9882006122,154.591559,106.4394142,48.38027522,1,1,safe,
-0.563667687,0.7071286398,-0.9009341496,154.591559,106.4394142,58.38027522,1,1,safe,
-0.563667687,0.7071286398,-0.813667687,154.591559,106.4394142,68.38027522,1,1,safe,
-0.563667687,0.7071286398,-0.7264012244,154.591559,106.4394142,78.38027522,1,1,safe,
-0.563667687,0.7071286398,-0.6391347618,154.591559,106.4394142,88.38027522,1,1,safe,
-0.563667687,0.7071286398,-0.5518682992,154.591559,106.4394142,98.38027522,1,1,safe,
-0.563667687,0.7071286398,-0.4646018366,154.591559,106.4394142,108.3802752,1,1,safe,
-0.563667687,0.7071286398,-0.377335374,154.591559,106.4394142,118.3802752,1,1,safe,
-0.563667687,0.7071286398,-0.2900689114,154.591559,106.4394142,128.3802752,1,1,safe,
-0.563667687,0.7071286398,-0.2028024488,154.591559,106.4394142,138.3802752,1,1,safe,
-0.563667687,0.7071286398,-0.1155359862,154.591559,106.4394142,148.3802752,1,1,safe,
-0.563667687,0.7071286398,-0.0282695236,154.591559,106.4394142,158.3802752,1,1,safe,
-0.563667687,0.7071286398,0,154.591559,106.4394142,161.619724,1,1,safe,
-0.563667687,0.7943951024,-1.25,154.591559,116.4394142,18.38027522,1,1,safe,
-0.563667687,0.7943951024,-1.162733537,154.591559,116.4394142,28.38027522,1,1,safe,
-0.563667687,0.7943951024,-1.075467075,154.591559,116.4394142,38.38027522,1,1,safe,
-0.563667687,0.7943951024,-0.9882006122,154.591559,116.4394142,48.38027522,1,1,safe,
-0.563667687,0.7943951024,-0.9009341496,154.591559,116.4394142,58.38027522,1,1,safe,
-0.563667687,0.7943951024,-0.813667687,154.591559,116.4394142,68.38027522,1,1,safe,
-0.563667687,0.7943951024,-0.7264012244,154.591559,116.4394142,78.38027522,1,1,safe,
-0.563667687,0.7943951024,-0.6391347618,154.591559,116.4394142,88.38027522,1,1,safe,
-0.563667687,0.7943951024,-0.5518682992,154.591559,116.4394142,98.38027522,1,1,safe,
-0.563667687,0.7943951024,-0.4646018366,154.591559,116.4394142,108.3802752,1,1,safe,
-0.563667687,0.7943951024,-0.377335374,154.591559,116.4394142,118.3802752,1,1,safe,
-0.563667687,0.7943951024,-0.2900689114,154.591559,116.4394142,128.3802752,1,1,safe,
-0.563667687,0.7943951024,-0.2028024488,154.591559,116.4394142,138.3802752,1,1,safe,
-0.563667687,0.7943951024,-0.1155359862,154.591559,116.4394142,148.3802752,1,1,safe,
-0.563667687,0.7943951024,-0.0282695236,154.591559,116.4394142,158.3802752,1,1,safe,
-0.563667687,0.7943951024,0,154.591559,116.4394142,161.619724,1,1,safe,
-0.563667687,0.881661565,-1.25,154.591559,126.4394142,18.38027522,1,1,safe,
-0.563667687,0.881661565,-1.162733537,154.591559,126.4394142,28.38027522,1,1,safe,
-0.563667687,0.881661565,-1.075467075,154.591559,126.4394142,38.38027522,1,1,safe,
-0.563667687,0.881661565,-0.9882006122,154.591559,126.4394142,48.38027522,1,1,safe,
-0.563667687,0.881661565,-0.9009341496,154.591559,126.4394142,58.38027522,1,1,safe,
-0.563667687,0.881661565,-0.813667687,154.591559,126.4394142,68.38027522,1,1,safe,
-0.563667687,0.881661565,-0.7264012244,154.591559,126.4394142,78.38027522,1,1,safe,
-0.563667687,0.881661565,-0.6391347618,154.591559,126.4394142,88.38027522,1,1,safe,
-0.563667687,0.881661565,-0.5518682992,154.591559,126.4394142,98.38027522,1,1,safe,
-0.563667687,0.881661565,-0.4646018366,154.591559,126.4394142,108.3802752,1,1,safe,
-0.563667687,0.881661565,-0.377335374,154.591559,126.4394142,118.3802752,1,1,safe,
-0.563667687,0.881661565,-0.2900689114,154.591559,126.4394142,128.3802752,1,1,safe,
-0.563667687,0.881661565,-0.2028024488,154.591559,126.4394142,138.3802752,1,1,safe,
-0.563667687,0.881661565,-0.1155359862,154.591559,126.4394142,148.3802752,1,1,safe,
-0.563667687,0.881661565,-0.0282695236,154.591559,126.4394142,158.3802752,1,1,safe,
-0.563667687,0.881661565,0,154.591559,126.4394142,161.619724,1,1,safe,
-0.4764012244,-0.1655359862,-0.6391347618,144.591559,16.43941424,88.38027522,1,1,safe,
-0.4764012244,-0.1655359862,-0.5518682992,144.591559,16.43941424,98.38027522,1,1,safe,
-0.4764012244,-0.1655359862,-0.4646018366,144.591559,16.43941424,108.3802752,1,1,safe,
-0.4764012244,-0.1655359862,-0.377335374,144.591559,16.43941424,118.3802752,1,1,safe,
-0.4764012244,-0.1655359862,-0.2900689114,144.591559,16.43941424,128.3802752,1,1,safe,
-0.4764012244,-0.1655359862,-0.2028024488,144.591559,16.43941424,138.3802752,1,1,safe,
-0.4764012244,-0.1655359862,-0.1155359862,144.591559,16.43941424,148.3802752,1,1,safe,
-0.4764012244,-0.1655359862,-0.0282695236,144.591559,16.43941424,158.3802752,1,1,safe,
-0.4764012244,-0.1655359862,0,144.591559,16.43941424,161.619724,1,1,safe,
-0.4764012244,-0.0782695236,-1.25,144.591559,26.43941424,18.38027522,1,1,safe,
-0.4764012244,-0.0782695236,-1.162733537,144.591559,26.43941424,28.38027522,1,1,safe,
-0.4764012244,-0.0782695236,-1.075467075,144.591559,26.43941424,38.38027522,1,1,safe,
-0.4764012244,-0.0782695236,-0.9882006122,144.591559,26.43941424,48.38027522,1,1,safe,
-0.4764012244,-0.0782695236,-0.9009341496,144.591559,26.43941424,58.38027522,1,1,safe,
-0.4764012244,-0.0782695236,-0.813667687,144.591559,26.43941424,68.38027522,1,1,safe,
-0.4764012244,-0.0782695236,-0.7264012244,144.591559,26.43941424,78.38027522,1,1,safe,
-0.4764012244,-0.0782695236,-0.6391347618,144.591559,26.43941424,88.38027522,1,1,safe,
-0.4764012244,-0.0782695236,-0.5518682992,144.591559,26.43941424,98.38027522,1,1,safe,
-0.4764012244,-0.0782695236,-0.4646018366,144.591559,26.43941424,108.3802752,1,1,safe,
-0.4764012244,-0.0782695236,-0.377335374,144.591559,26.43941424,118.3802752,1,1,safe,
-0.4764012244,-0.0782695236,-0.2900689114,144.591559,26.43941424,128.3802752,1,1,safe,
-0.4764012244,-0.0782695236,-0.2028024488,144.591559,26.43941424,138.3802752,1,1,safe,
-0.4764012244,-0.0782695236,-0.1155359862,144.591559,26.43941424,148.3802752,1,1,safe,
-0.4764012244,-0.0782695236,-0.0282695236,144.591559,26.43941424,158.3802752,1,1,safe,
-0.4764012244,-0.0782695236,0,144.591559,26.43941424,161.619724,1,1,safe,
-0.4764012244,0.008996939,-1.25,144.591559,36.43941424,18.38027522,1,1,safe,
-0.4764012244,0.008996939,-1.162733537,144.591559,36.43941424,28.38027522,1,1,safe,
-0.4764012244,0.008996939,-1.075467075,144.591559,36.43941424,38.38027522,1,1,safe,
-0.4764012244,0.008996939,-0.9882006122,144.591559,36.43941424,48.38027522,1,1,safe,
-0.4764012244,0.008996939,-0.9009341496,144.591559,36.43941424,58.38027522,1,1,safe,
-0.4764012244,0.008996939,-0.813667687,144.591559,36.43941424,68.38027522,1,1,safe,
-0.4764012244,0.008996939,-0.7264012244,144.591559,36.43941424,78.38027522,1,1,safe,
-0.4764012244,0.008996939,-0.6391347618,144.591559,36.43941424,88.38027522,1,1,safe,
-0.4764012244,0.008996939,-0.5518682992,144.591559,36.43941424,98.38027522,1,1,safe,
-0.4764012244,0.008996939,-0.4646018366,144.591559,36.43941424,108.3802752,1,1,safe,
-0.4764012244,0.008996939,-0.377335374,144.591559,36.43941424,118.3802752,1,1,safe,
-0.4764012244,0.008996939,-0.2900689114,144.591559,36.43941424,128.3802752,1,1,safe,
-0.4764012244,0.008996939,-0.2028024488,144.591559,36.43941424,138.3802752,1,1,safe,
-0.4764012244,0.008996939,-0.1155359862,144.591559,36.43941424,148.3802752,1,1,safe,
-0.4764012244,0.008996939,-0.0282695236,144.591559,36.43941424,158.3802752,1,1,safe,
-0.4764012244,0.008996939,0,144.591559,36.43941424,161.619724,1,1,safe,
-0.4764012244,0.0962634016,-1.25,144.591559,46.43941424,18.38027522,1,1,safe,
-0.4764012244,0.0962634016,-1.162733537,144.591559,46.43941424,28.38027522,1,1,safe,
-0.4764012244,0.0962634016,-1.075467075,144.591559,46.43941424,38.38027522,1,1,safe,
-0.4764012244,0.0962634016,-0.9882006122,144.591559,46.43941424,48.38027522,1,1,safe,
-0.4764012244,0.0962634016,-0.9009341496,144.591559,46.43941424,58.38027522,1,1,safe,
-0.4764012244,0.0962634016,-0.813667687,144.591559,46.43941424,68.38027522,1,1,safe,
-0.4764012244,0.0962634016,-0.7264012244,144.591559,46.43941424,78.38027522,1,1,safe,
-0.4764012244,0.0962634016,-0.6391347618,144.591559,46.43941424,88.38027522,1,1,safe,
-0.4764012244,0.0962634016,-0.5518682992,144.591559,46.43941424,98.38027522,1,1,safe,
-0.4764012244,0.0962634016,-0.4646018366,144.591559,46.43941424,108.3802752,1,1,safe,
-0.4764012244,0.0962634016,-0.377335374,144.591559,46.43941424,118.3802752,1,1,safe,
-0.4764012244,0.0962634016,-0.2900689114,144.591559,46.43941424,128.3802752,1,1,safe,
-0.4764012244,0.0962634016,-0.2028024488,144.591559,46.43941424,138.3802752,1,1,safe,
-0.4764012244,0.0962634016,-0.1155359862,144.591559,46.43941424,148.3802752,1,1,safe,
-0.4764012244,0.0962634016,-0.0282695236,144.591559,46.43941424,158.3802752,1,1,safe,
-0.4764012244,0.0962634016,0,144.591559,46.43941424,161.619724,1,1,safe,
-0.4764012244,0.1835298642,-1.25,144.591559,56.43941424,18.38027522,1,1,safe,
-0.4764012244,0.1835298642,-1.162733537,144.591559,56.43941424,28.38027522,1,1,safe,
-0.4764012244,0.1835298642,-1.075467075,144.591559,56.43941424,38.38027522,1,1,safe,
-0.4764012244,0.1835298642,-0.9882006122,144.591559,56.43941424,48.38027522,1,1,safe,
-0.4764012244,0.1835298642,-0.9009341496,144.591559,56.43941424,58.38027522,1,1,safe,
-0.4764012244,0.1835298642,-0.813667687,144.591559,56.43941424,68.38027522,1,1,safe,
-0.4764012244,0.1835298642,-0.7264012244,144.591559,56.43941424,78.38027522,1,1,safe,
-0.4764012244,0.1835298642,-0.6391347618,144.591559,56.43941424,88.38027522,1,1,safe,
-0.4764012244,0.1835298642,-0.5518682992,144.591559,56.43941424,98.38027522,1,1,safe,
-0.4764012244,0.1835298642,-0.4646018366,144.591559,56.43941424,108.3802752,1,1,safe,
-0.4764012244,0.1835298642,-0.377335374,144.591559,56.43941424,118.3802752,1,1,safe,
-0.4764012244,0.1835298642,-0.2900689114,144.591559,56.43941424,128.3802752,1,1,safe,
-0.4764012244,0.1835298642,-0.2028024488,144.591559,56.43941424,138.3802752,1,1,safe,
-0.4764012244,0.1835298642,-0.1155359862,144.591559,56.43941424,148.3802752,1,1,safe,
-0.4764012244,0.1835298642,-0.0282695236,144.591559,56.43941424,158.3802752,1,1,safe,
-0.4764012244,0.1835298642,0,144.591559,56.43941424,161.619724,1,1,safe,
-0.4764012244,0.2707963268,-1.25,144.591559,66.43941424,18.38027522,1,1,safe,
-0.4764012244,0.2707963268,-1.162733537,144.591559,66.43941424,28.38027522,1,1,safe,
-0.4764012244,0.2707963268,-1.075467075,144.591559,66.43941424,38.38027522,1,1,safe,
-0.4764012244,0.2707963268,-0.9882006122,144.591559,66.43941424,48.38027522,1,1,safe,
-0.4764012244,0.2707963268,-0.9009341496,144.591559,66.43941424,58.38027522,1,1,safe,
-0.4764012244,0.2707963268,-0.813667687,144.591559,66.43941424,68.38027522,1,1,safe,
-0.4764012244,0.2707963268,-0.7264012244,144.591559,66.43941424,78.38027522,1,1,safe,
-0.4764012244,0.2707963268,-0.6391347618,144.591559,66.43941424,88.38027522,1,1,safe,
-0.4764012244,0.2707963268,-0.5518682992,144.591559,66.43941424,98.38027522,1,1,safe,
-0.4764012244,0.2707963268,-0.4646018366,144.591559,66.43941424,108.3802752,1,1,safe,
-0.4764012244,0.2707963268,-0.377335374,144.591559,66.43941424,118.3802752,1,1,safe,
-0.4764012244,0.2707963268,-0.2900689114,144.591559,66.43941424,128.3802752,1,1,safe,
-0.4764012244,0.2707963268,-0.2028024488,144.591559,66.43941424,138.3802752,1,1,safe,
-0.4764012244,0.2707963268,-0.1155359862,144.591559,66.43941424,148.3802752,1,1,safe,
-0.4764012244,0.2707963268,-0.0282695236,144.591559,66.43941424,158.3802752,1,1,safe,
-0.4764012244,0.2707963268,0,144.591559,66.43941424,161.619724,1,1,safe,
-0.4764012244,0.3580627894,-1.25,144.591559,76.43941424,18.38027522,1,1,safe,
-0.4764012244,0.3580627894,-1.162733537,144.591559,76.43941424,28.38027522,1,1,safe,
-0.4764012244,0.3580627894,-1.075467075,144.591559,76.43941424,38.38027522,1,1,safe,
-0.4764012244,0.3580627894,-0.9882006122,144.591559,76.43941424,48.38027522,1,1,safe,
-0.4764012244,0.3580627894,-0.9009341496,144.591559,76.43941424,58.38027522,1,1,safe,
-0.4764012244,0.3580627894,-0.813667687,144.591559,76.43941424,68.38027522,1,1,safe,
-0.4764012244,0.3580627894,-0.7264012244,144.591559,76.43941424,78.38027522,1,1,safe,
-0.4764012244,0.3580627894,-0.6391347618,144.591559,76.43941424,88.38027522,1,1,safe,
-0.4764012244,0.3580627894,-0.5518682992,144.591559,76.43941424,98.38027522,1,1,safe,
-0.4764012244,0.3580627894,-0.4646018366,144.591559,76.43941424,108.3802752,1,1,safe,
-0.4764012244,0.3580627894,-0.377335374,144.591559,76.43941424,118.3802752,1,1,safe,
-0.4764012244,0.3580627894,-0.2900689114,144.591559,76.43941424,128.3802752,1,1,safe,
-0.4764012244,0.3580627894,-0.2028024488,144.591559,76.43941424,138.3802752,1,1,safe,
-0.4764012244,0.3580627894,-0.1155359862,144.591559,76.43941424,148.3802752,1,1,safe,
-0.4764012244,0.3580627894,-0.0282695236,144.591559,76.43941424,158.3802752,1,1,safe,
-0.4764012244,0.3580627894,0,144.591559,76.43941424,161.619724,1,1,safe,
-0.4764012244,0.445329252,-1.25,144.591559,86.43941424,18.38027522,1,1,safe,
-0.4764012244,0.445329252,-1.162733537,144.591559,86.43941424,28.38027522,1,1,safe,
-0.4764012244,0.445329252,-1.075467075,144.591559,86.43941424,38.38027522,1,1,safe,
-0.4764012244,0.445329252,-0.9882006122,144.591559,86.43941424,48.38027522,1,1,safe,
-0.4764012244,0.445329252,-0.9009341496,144.591559,86.43941424,58.38027522,1,1,safe,
-0.4764012244,0.445329252,-0.813667687,144.591559,86.43941424,68.38027522,1,1,safe,
-0.4764012244,0.445329252,-0.7264012244,144.591559,86.43941424,78.38027522,1,1,safe,
-0.4764012244,0.445329252,-0.6391347618,144.591559,86.43941424,88.38027522,1,1,safe,
-0.4764012244,0.445329252,-0.5518682992,144.591559,86.43941424,98.38027522,1,1,safe,
-0.4764012244,0.445329252,-0.4646018366,144.591559,86.43941424,108.3802752,1,1,safe,
-0.4764012244,0.445329252,-0.377335374,144.591559,86.43941424,118.3802752,1,1,safe,
-0.4764012244,0.445329252,-0.2900689114,144.591559,86.43941424,128.3802752,1,1,safe,
-0.4764012244,0.445329252,-0.2028024488,144.591559,86.43941424,138.3802752,1,1,safe,
-0.4764012244,0.445329252,-0.1155359862,144.591559,86.43941424,148.3802752,1,1,safe,
-0.4764012244,0.445329252,-0.0282695236,144.591559,86.43941424,158.3802752,1,1,safe,
-0.4764012244,0.445329252,0,144.591559,86.43941424,161.619724,1,1,safe,
-0.4764012244,0.5325957146,-1.25,144.591559,96.43941424,18.38027522,1,1,safe,
-0.4764012244,0.5325957146,-1.162733537,144.591559,96.43941424,28.38027522,1,1,safe,
-0.4764012244,0.5325957146,-1.075467075,144.591559,96.43941424,38.38027522,1,1,safe,
-0.4764012244,0.5325957146,-0.9882006122,144.591559,96.43941424,48.38027522,1,1,safe,
-0.4764012244,0.5325957146,-0.9009341496,144.591559,96.43941424,58.38027522,1,1,safe,
-0.4764012244,0.5325957146,-0.813667687,144.591559,96.43941424,68.38027522,1,1,safe,
-0.4764012244,0.5325957146,-0.7264012244,144.591559,96.43941424,78.38027522,1,1,safe,
-0.4764012244,0.5325957146,-0.6391347618,144.591559,96.43941424,88.38027522,1,1,safe,
-0.4764012244,0.5325957146,-0.5518682992,144.591559,96.43941424,98.38027522,1,1,safe,
-0.4764012244,0.5325957146,-0.4646018366,144.591559,96.43941424,108.3802752,1,1,safe,
-0.4764012244,0.5325957146,-0.377335374,144.591559,96.43941424,118.3802752,1,1,safe,
-0.4764012244,0.5325957146,-0.2900689114,144.591559,96.43941424,128.3802752,1,1,safe,
-0.4764012244,0.5325957146,-0.2028024488,144.591559,96.43941424,138.3802752,1,1,safe,
-0.4764012244,0.5325957146,-0.1155359862,144.591559,96.43941424,148.3802752,1,1,safe,
-0.4764012244,0.5325957146,-0.0282695236,144.591559,96.43941424,158.3802752,1,1,safe,
-0.4764012244,0.5325957146,0,144.591559,96.43941424,161.619724,1,1,safe,
-0.4764012244,0.6198621772,-1.25,144.591559,106.4394142,18.38027522,1,1,safe,
-0.4764012244,0.6198621772,-1.162733537,144.591559,106.4394142,28.38027522,1,1,safe,
-0.4764012244,0.6198621772,-1.075467075,144.591559,106.4394142,38.38027522,1,1,safe,
-0.4764012244,0.6198621772,-0.9882006122,144.591559,106.4394142,48.38027522,1,1,safe,
-0.4764012244,0.6198621772,-0.9009341496,144.591559,106.4394142,58.38027522,1,1,safe,
-0.4764012244,0.6198621772,-0.813667687,144.591559,106.4394142,68.38027522,1,1,safe,
-0.4764012244,0.6198621772,-0.7264012244,144.591559,106.4394142,78.38027522,1,1,safe,
-0.4764012244,0.6198621772,-0.6391347618,144.591559,106.4394142,88.38027522,1,1,safe,
-0.4764012244,0.6198621772,-0.5518682992,144.591559,106.4394142,98.38027522,1,1,safe,
-0.4764012244,0.6198621772,-0.4646018366,144.591559,106.4394142,108.3802752,1,1,safe,
-0.4764012244,0.6198621772,-0.377335374,144.591559,106.4394142,118.3802752,1,1,safe,
-0.4764012244,0.6198621772,-0.2900689114,144.591559,106.4394142,128.3802752,1,1,safe,
-0.4764012244,0.6198621772,-0.2028024488,144.591559,106.4394142,138.3802752,1,1,safe,
-0.4764012244,0.6198621772,-0.1155359862,144.591559,106.4394142,148.3802752,1,1,safe,
-0.4764012244,0.6198621772,-0.0282695236,144.591559,106.4394142,158.3802752,1,1,safe,
-0.4764012244,0.6198621772,0,144.591559,106.4394142,161.619724,1,1,safe,
-0.4764012244,0.7071286398,-1.25,144.591559,116.4394142,18.38027522,1,1,safe,
-0.4764012244,0.7071286398,-1.162733537,144.591559,116.4394142,28.38027522,1,1,safe,
-0.4764012244,0.7071286398,-1.075467075,144.591559,116.4394142,38.38027522,1,1,safe,
-0.4764012244,0.7071286398,-0.9882006122,144.591559,116.4394142,48.38027522,1,1,safe,
-0.4764012244,0.7071286398,-0.9009341496,144.591559,116.4394142,58.38027522,1,1,safe,
-0.4764012244,0.7071286398,-0.813667687,144.591559,116.4394142,68.38027522,1,1,safe,
-0.4764012244,0.7071286398,-0.7264012244,144.591559,116.4394142,78.38027522,1,1,safe,
-0.4764012244,0.7071286398,-0.6391347618,144.591559,116.4394142,88.38027522,1,1,safe,
-0.4764012244,0.7071286398,-0.5518682992,144.591559,116.4394142,98.38027522,1,1,safe,
-0.4764012244,0.7071286398,-0.4646018366,144.591559,116.4394142,108.3802752,1,1,safe,
-0.4764012244,0.7071286398,-0.377335374,144.591559,116.4394142,118.3802752,1,1,safe,
-0.4764012244,0.7071286398,-0.2900689114,144.591559,116.4394142,128.3802752,1,1,safe,
-0.4764012244,0.7071286398,-0.2028024488,144.591559,116.4394142,138.3802752,1,1,safe,
-0.4764012244,0.7071286398,-0.1155359862,144.591559,116.4394142,148.3802752,1,1,safe,
-0.4764012244,0.7071286398,-0.0282695236,144.591559,116.4394142,158.3802752,1,1,safe,
-0.4764012244,0.7071286398,0,144.591559,116.4394142,161.619724,1,1,safe,
-0.4764012244,0.7943951024,-1.25,144.591559,126.4394142,18.38027522,1,1,safe,
-0.4764012244,0.7943951024,-1.162733537,144.591559,126.4394142,28.38027522,1,1,safe,
-0.4764012244,0.7943951024,-1.075467075,144.591559,126.4394142,38.38027522,1,1,safe,
-0.4764012244,0.7943951024,-0.9882006122,144.591559,126.4394142,48.38027522,1,1,safe,
-0.4764012244,0.7943951024,-0.9009341496,144.591559,126.4394142,58.38027522,1,1,safe,
-0.4764012244,0.7943951024,-0.813667687,144.591559,126.4394142,68.38027522,1,1,safe,
-0.4764012244,0.7943951024,-0.7264012244,144.591559,126.4394142,78.38027522,1,1,safe,
-0.4764012244,0.7943951024,-0.6391347618,144.591559,126.4394142,88.38027522,1,1,safe,
-0.4764012244,0.7943951024,-0.5518682992,144.591559,126.4394142,98.38027522,1,1,safe,
-0.4764012244,0.7943951024,-0.4646018366,144.591559,126.4394142,108.3802752,1,1,safe,
-0.4764012244,0.7943951024,-0.377335374,144.591559,126.4394142,118.3802752,1,1,safe,
-0.4764012244,0.7943951024,-0.2900689114,144.591559,126.4394142,128.3802752,1,1,safe,
-0.4764012244,0.7943951024,-0.2028024488,144.591559,126.4394142,138.3802752,1,1,safe,
-0.4764012244,0.7943951024,-0.1155359862,144.591559,126.4394142,148.3802752,1,1,safe,
-0.4764012244,0.7943951024,-0.0282695236,144.591559,126.4394142,158.3802752,1,1,safe,
-0.4764012244,0.7943951024,0,144.591559,126.4394142,161.619724,1,1,safe,
-0.3891347618,-0.2528024488,-0.9882006122,134.591559,16.43941424,48.38027522,1,1,safe,
-0.3891347618,-0.2528024488,-0.9009341496,134.591559,16.43941424,58.38027522,1,1,safe,
-0.3891347618,-0.2528024488,-0.813667687,134.591559,16.43941424,68.38027522,1,1,safe,
-0.3891347618,-0.2528024488,-0.7264012244,134.591559,16.43941424,78.38027522,1,1,safe,
-0.3891347618,-0.2528024488,-0.6391347618,134.591559,16.43941424,88.38027522,1,1,safe,
-0.3891347618,-0.2528024488,-0.5518682992,134.591559,16.43941424,98.38027522,1,1,safe,
-0.3891347618,-0.2528024488,-0.4646018366,134.591559,16.43941424,108.3802752,1,1,safe,
-0.3891347618,-0.2528024488,-0.377335374,134.591559,16.43941424,118.3802752,1,1,safe,
-0.3891347618,-0.2528024488,-0.2900689114,134.591559,16.43941424,128.3802752,1,1,safe,
-0.3891347618,-0.2528024488,-0.2028024488,134.591559,16.43941424,138.3802752,1,1,safe,
-0.3891347618,-0.2528024488,-0.1155359862,134.591559,16.43941424,148.3802752,1,1,safe,
-0.3891347618,-0.2528024488,-0.0282695236,134.591559,16.43941424,158.3802752,1,1,safe,
-0.3891347618,-0.2528024488,0,134.591559,16.43941424,161.619724,1,1,safe,
-0.3891347618,-0.1655359862,-1.25,134.591559,26.43941424,18.38027522,1,1,safe,
-0.3891347618,-0.1655359862,-1.162733537,134.591559,26.43941424,28.38027522,1,1,safe,
-0.3891347618,-0.1655359862,-1.075467075,134.591559,26.43941424,38.38027522,1,1,safe,
-0.3891347618,-0.1655359862,-0.9882006122,134.591559,26.43941424,48.38027522,1,1,safe,
-0.3891347618,-0.1655359862,-0.9009341496,134.591559,26.43941424,58.38027522,1,1,safe,
-0.3891347618,-0.1655359862,-0.813667687,134.591559,26.43941424,68.38027522,1,1,safe,
-0.3891347618,-0.1655359862,-0.7264012244,134.591559,26.43941424,78.38027522,1,1,safe,
-0.3891347618,-0.1655359862,-0.6391347618,134.591559,26.43941424,88.38027522,1,1,safe,
-0.3891347618,-0.1655359862,-0.5518682992,134.591559,26.43941424,98.38027522,1,1,safe,
-0.3891347618,-0.1655359862,-0.4646018366,134.591559,26.43941424,108.3802752,1,1,safe,
-0.3891347618,-0.1655359862,-0.377335374,134.591559,26.43941424,118.3802752,1,1,safe,
-0.3891347618,-0.1655359862,-0.2900689114,134.591559,26.43941424,128.3802752,1,1,safe,
-0.3891347618,-0.1655359862,-0.2028024488,134.591559,26.43941424,138.3802752,1,1,safe,
-0.3891347618,-0.1655359862,-0.1155359862,134.591559,26.43941424,148.3802752,1,1,safe,
-0.3891347618,-0.1655359862,-0.0282695236,134.591559,26.43941424,158.3802752,1,1,safe,
-0.3891347618,-0.1655359862,0,134.591559,26.43941424,161.619724,1,1,safe,
-0.3891347618,-0.0782695236,-1.25,134.591559,36.43941424,18.38027522,1,1,safe,
-0.3891347618,-0.0782695236,-1.162733537,134.591559,36.43941424,28.38027522,1,1,safe,
-0.3891347618,-0.0782695236,-1.075467075,134.591559,36.43941424,38.38027522,1,1,safe,
-0.3891347618,-0.0782695236,-0.9882006122,134.591559,36.43941424,48.38027522,1,1,safe,
-0.3891347618,-0.0782695236,-0.9009341496,134.591559,36.43941424,58.38027522,1,1,safe,
-0.3891347618,-0.0782695236,-0.813667687,134.591559,36.43941424,68.38027522,1,1,safe,
-0.3891347618,-0.0782695236,-0.7264012244,134.591559,36.43941424,78.38027522,1,1,safe,
-0.3891347618,-0.0782695236,-0.6391347618,134.591559,36.43941424,88.38027522,1,1,safe,
-0.3891347618,-0.0782695236,-0.5518682992,134.591559,36.43941424,98.38027522,1,1,safe,
-0.3891347618,-0.0782695236,-0.4646018366,134.591559,36.43941424,108.3802752,1,1,safe,
-0.3891347618,-0.0782695236,-0.377335374,134.591559,36.43941424,118.3802752,1,1,safe,
-0.3891347618,-0.0782695236,-0.2900689114,134.591559,36.43941424,128.3802752,1,1,safe,
-0.3891347618,-0.0782695236,-0.2028024488,134.591559,36.43941424,138.3802752,1,1,safe,
-0.3891347618,-0.0782695236,-0.1155359862,134.591559,36.43941424,148.3802752,1,1,safe,
-0.3891347618,-0.0782695236,-0.0282695236,134.591559,36.43941424,158.3802752,1,1,safe,
-0.3891347618,-0.0782695236,0,134.591559,36.43941424,161.619724,1,1,safe,
-0.3891347618,0.008996939,-1.25,134.591559,46.43941424,18.38027522,1,1,safe,
-0.3891347618,0.008996939,-1.162733537,134.591559,46.43941424,28.38027522,1,1,safe,
-0.3891347618,0.008996939,-1.075467075,134.591559,46.43941424,38.38027522,1,1,safe,
-0.3891347618,0.008996939,-0.9882006122,134.591559,46.43941424,48.38027522,1,1,safe,
-0.3891347618,0.008996939,-0.9009341496,134.591559,46.43941424,58.38027522,1,1,safe,
-0.3891347618,0.008996939,-0.813667687,134.591559,46.43941424,68.38027522,1,1,safe,
-0.3891347618,0.008996939,-0.7264012244,134.591559,46.43941424,78.38027522,1,1,safe,
-0.3891347618,0.008996939,-0.6391347618,134.591559,46.43941424,88.38027522,1,1,safe,
-0.3891347618,0.008996939,-0.5518682992,134.591559,46.43941424,98.38027522,1,1,safe,
-0.3891347618,0.008996939,-0.4646018366,134.591559,46.43941424,108.3802752,1,1,safe,
-0.3891347618,0.008996939,-0.377335374,134.591559,46.43941424,118.3802752,1,1,safe,
-0.3891347618,0.008996939,-0.2900689114,134.591559,46.43941424,128.3802752,1,1,safe,
-0.3891347618,0.008996939,-0.2028024488,134.591559,46.43941424,138.3802752,1,1,safe,
-0.3891347618,0.008996939,-0.1155359862,134.591559,46.43941424,148.3802752,1,1,safe,
-0.3891347618,0.008996939,-0.0282695236,134.591559,46.43941424,158.3802752,1,1,safe,
-0.3891347618,0.008996939,0,134.591559,46.43941424,161.619724,1,1,safe,
-0.3891347618,0.0962634016,-1.25,134.591559,56.43941424,18.38027522,1,1,safe,
-0.3891347618,0.0962634016,-1.162733537,134.591559,56.43941424,28.38027522,1,1,safe,
-0.3891347618,0.0962634016,-1.075467075,134.591559,56.43941424,38.38027522,1,1,safe,
-0.3891347618,0.0962634016,-0.9882006122,134.591559,56.43941424,48.38027522,1,1,safe,
-0.3891347618,0.0962634016,-0.9009341496,134.591559,56.43941424,58.38027522,1,1,safe,
-0.3891347618,0.0962634016,-0.813667687,134.591559,56.43941424,68.38027522,1,1,safe,
-0.3891347618,0.0962634016,-0.7264012244,134.591559,56.43941424,78.38027522,1,1,safe,
-0.3891347618,0.0962634016,-0.6391347618,134.591559,56.43941424,88.38027522,1,1,safe,
-0.3891347618,0.0962634016,-0.5518682992,134.591559,56.43941424,98.38027522,1,1,safe,
-0.3891347618,0.0962634016,-0.4646018366,134.591559,56.43941424,108.3802752,1,1,safe,
-0.3891347618,0.0962634016,-0.377335374,134.591559,56.43941424,118.3802752,1,1,safe,
-0.3891347618,0.0962634016,-0.2900689114,134.591559,56.43941424,128.3802752,1,1,safe,
-0.3891347618,0.0962634016,-0.2028024488,134.591559,56.43941424,138.3802752,1,1,safe,
-0.3891347618,0.0962634016,-0.1155359862,134.591559,56.43941424,148.3802752,1,1,safe,
-0.3891347618,0.0962634016,-0.0282695236,134.591559,56.43941424,158.3802752,1,1,safe,
-0.3891347618,0.0962634016,0,134.591559,56.43941424,161.619724,1,1,safe,
-0.3891347618,0.1835298642,-1.25,134.591559,66.43941424,18.38027522,1,1,safe,
-0.3891347618,0.1835298642,-1.162733537,134.591559,66.43941424,28.38027522,1,1,safe,
-0.3891347618,0.1835298642,-1.075467075,134.591559,66.43941424,38.38027522,1,1,safe,
-0.3891347618,0.1835298642,-0.9882006122,134.591559,66.43941424,48.38027522,1,1,safe,
-0.3891347618,0.1835298642,-0.9009341496,134.591559,66.43941424,58.38027522,1,1,safe,
-0.3891347618,0.1835298642,-0.813667687,134.591559,66.43941424,68.38027522,1,1,safe,
-0.3891347618,0.1835298642,-0.7264012244,134.591559,66.43941424,78.38027522,1,1,safe,
-0.3891347618,0.1835298642,-0.6391347618,134.591559,66.43941424,88.38027522,1,1,safe,
-0.3891347618,0.1835298642,-0.5518682992,134.591559,66.43941424,98.38027522,1,1,safe,
-0.3891347618,0.1835298642,-0.4646018366,134.591559,66.43941424,108.3802752,1,1,safe,
-0.3891347618,0.1835298642,-0.377335374,134.591559,66.43941424,118.3802752,1,1,safe,
-0.3891347618,0.1835298642,-0.2900689114,134.591559,66.43941424,128.3802752,1,1,safe,
-0.3891347618,0.1835298642,-0.2028024488,134.591559,66.43941424,138.3802752,1,1,safe,
-0.3891347618,0.1835298642,-0.1155359862,134.591559,66.43941424,148.3802752,1,1,safe,
-0.3891347618,0.1835298642,-0.0282695236,134.591559,66.43941424,158.3802752,1,1,safe,
-0.3891347618,0.1835298642,0,134.591559,66.43941424,161.619724,1,1,safe,
-0.3891347618,0.2707963268,-1.25,134.591559,76.43941424,18.38027522,1,1,safe,
-0.3891347618,0.2707963268,-1.162733537,134.591559,76.43941424,28.38027522,1,1,safe,
-0.3891347618,0.2707963268,-1.075467075,134.591559,76.43941424,38.38027522,1,1,safe,
-0.3891347618,0.2707963268,-0.9882006122,134.591559,76.43941424,48.38027522,1,1,safe,
-0.3891347618,0.2707963268,-0.9009341496,134.591559,76.43941424,58.38027522,1,1,safe,
-0.3891347618,0.2707963268,-0.813667687,134.591559,76.43941424,68.38027522,1,1,safe,
-0.3891347618,0.2707963268,-0.7264012244,134.591559,76.43941424,78.38027522,1,1,safe,
-0.3891347618,0.2707963268,-0.6391347618,134.591559,76.43941424,88.38027522,1,1,safe,
-0.3891347618,0.2707963268,-0.5518682992,134.591559,76.43941424,98.38027522,1,1,safe,
-0.3891347618,0.2707963268,-0.4646018366,134.591559,76.43941424,108.3802752,1,1,safe,
-0.3891347618,0.2707963268,-0.377335374,134.591559,76.43941424,118.3802752,1,1,safe,
-0.3891347618,0.2707963268,-0.2900689114,134.591559,76.43941424,128.3802752,1,1,safe,
-0.3891347618,0.2707963268,-0.2028024488,134.591559,76.43941424,138.3802752,1,1,safe,
-0.3891347618,0.2707963268,-0.1155359862,134.591559,76.43941424,148.3802752,1,1,safe,
-0.3891347618,0.2707963268,-0.0282695236,134.591559,76.43941424,158.3802752,1,1,safe,
-0.3891347618,0.2707963268,0,134.591559,76.43941424,161.619724,1,1,safe,
-0.3891347618,0.3580627894,-1.25,134.591559,86.43941424,18.38027522,1,1,safe,
-0.3891347618,0.3580627894,-1.162733537,134.591559,86.43941424,28.38027522,1,1,safe,
-0.3891347618,0.3580627894,-1.075467075,134.591559,86.43941424,38.38027522,1,1,safe,
-0.3891347618,0.3580627894,-0.9882006122,134.591559,86.43941424,48.38027522,1,1,safe,
-0.3891347618,0.3580627894,-0.9009341496,134.591559,86.43941424,58.38027522,1,1,safe,
-0.3891347618,0.3580627894,-0.813667687,134.591559,86.43941424,68.38027522,1,1,safe,
-0.3891347618,0.3580627894,-0.7264012244,134.591559,86.43941424,78.38027522,1,1,safe,
-0.3891347618,0.3580627894,-0.6391347618,134.591559,86.43941424,88.38027522,1,1,safe,
-0.3891347618,0.3580627894,-0.5518682992,134.591559,86.43941424,98.38027522,1,1,safe,
-0.3891347618,0.3580627894,-0.4646018366,134.591559,86.43941424,108.3802752,1,1,safe,
-0.3891347618,0.3580627894,-0.377335374,134.591559,86.43941424,118.3802752,1,1,safe,
-0.3891347618,0.3580627894,-0.2900689114,134.591559,86.43941424,128.3802752,1,1,safe,
-0.3891347618,0.3580627894,-0.2028024488,134.591559,86.43941424,138.3802752,1,1,safe,
-0.3891347618,0.3580627894,-0.1155359862,134.591559,86.43941424,148.3802752,1,1,safe,
-0.3891347618,0.3580627894,-0.0282695236,134.591559,86.43941424,158.3802752,1,1,safe,
-0.3891347618,0.3580627894,0,134.591559,86.43941424,161.619724,1,1,safe,
-0.3891347618,0.445329252,-1.25,134.591559,96.43941424,18.38027522,1,1,safe,
-0.3891347618,0.445329252,-1.162733537,134.591559,96.43941424,28.38027522,1,1,safe,
-0.3891347618,0.445329252,-1.075467075,134.591559,96.43941424,38.38027522,1,1,safe,
-0.3891347618,0.445329252,-0.9882006122,134.591559,96.43941424,48.38027522,1,1,safe,
-0.3891347618,0.445329252,-0.9009341496,134.591559,96.43941424,58.38027522,1,1,safe,
-0.3891347618,0.445329252,-0.813667687,134.591559,96.43941424,68.38027522,1,1,safe,
-0.3891347618,0.445329252,-0.7264012244,134.591559,96.43941424,78.38027522,1,1,safe,
-0.3891347618,0.445329252,-0.6391347618,134.591559,96.43941424,88.38027522,1,1,safe,
-0.3891347618,0.445329252,-0.5518682992,134.591559,96.43941424,98.38027522,1,1,safe,
-0.3891347618,0.445329252,-0.4646018366,134.591559,96.43941424,108.3802752,1,1,safe,
-0.3891347618,0.445329252,-0.377335374,134.591559,96.43941424,118.3802752,1,1,safe,
-0.3891347618,0.445329252,-0.2900689114,134.591559,96.43941424,128.3802752,1,1,safe,
-0.3891347618,0.445329252,-0.2028024488,134.591559,96.43941424,138.3802752,1,1,safe,
-0.3891347618,0.445329252,-0.1155359862,134.591559,96.43941424,148.3802752,1,1,safe,
-0.3891347618,0.445329252,-0.0282695236,134.591559,96.43941424,158.3802752,1,1,safe,
-0.3891347618,0.445329252,0,134.591559,96.43941424,161.619724,1,1,safe,
-0.3891347618,0.5325957146,-1.25,134.591559,106.4394142,18.38027522,1,1,safe,
-0.3891347618,0.5325957146,-1.162733537,134.591559,106.4394142,28.38027522,1,1,safe,
-0.3891347618,0.5325957146,-1.075467075,134.591559,106.4394142,38.38027522,1,1,safe,
-0.3891347618,0.5325957146,-0.9882006122,134.591559,106.4394142,48.38027522,1,1,safe,
-0.3891347618,0.5325957146,-0.9009341496,134.591559,106.4394142,58.38027522,1,1,safe,
-0.3891347618,0.5325957146,-0.813667687,134.591559,106.4394142,68.38027522,1,1,safe,
-0.3891347618,0.5325957146,-0.7264012244,134.591559,106.4394142,78.38027522,1,1,safe,
-0.3891347618,0.5325957146,-0.6391347618,134.591559,106.4394142,88.38027522,1,1,safe,
-0.3891347618,0.5325957146,-0.5518682992,134.591559,106.4394142,98.38027522,1,1,safe,
-0.3891347618,0.5325957146,-0.4646018366,134.591559,106.4394142,108.3802752,1,1,safe,
-0.3891347618,0.5325957146,-0.377335374,134.591559,106.4394142,118.3802752,1,1,safe,
-0.3891347618,0.5325957146,-0.2900689114,134.591559,106.4394142,128.3802752,1,1,safe,
-0.3891347618,0.5325957146,-0.2028024488,134.591559,106.4394142,138.3802752,1,1,safe,
-0.3891347618,0.5325957146,-0.1155359862,134.591559,106.4394142,148.3802752,1,1,safe,
-0.3891347618,0.5325957146,-0.0282695236,134.591559,106.4394142,158.3802752,1,1,safe,
-0.3891347618,0.5325957146,0,134.591559,106.4394142,161.619724,1,1,safe,
-0.3891347618,0.6198621772,-1.25,134.591559,116.4394142,18.38027522,1,1,safe,
-0.3891347618,0.6198621772,-1.162733537,134.591559,116.4394142,28.38027522,1,1,safe,
-0.3891347618,0.6198621772,-1.075467075,134.591559,116.4394142,38.38027522,1,1,safe,
-0.3891347618,0.6198621772,-0.9882006122,134.591559,116.4394142,48.38027522,1,1,safe,
-0.3891347618,0.6198621772,-0.9009341496,134.591559,116.4394142,58.38027522,1,1,safe,
-0.3891347618,0.6198621772,-0.813667687,134.591559,116.4394142,68.38027522,1,1,safe,
-0.3891347618,0.6198621772,-0.7264012244,134.591559,116.4394142,78.38027522,1,1,safe,
-0.3891347618,0.6198621772,-0.6391347618,134.591559,116.4394142,88.38027522,1,1,safe,
-0.3891347618,0.6198621772,-0.5518682992,134.591559,116.4394142,98.38027522,1,1,safe,
-0.3891347618,0.6198621772,-0.4646018366,134.591559,116.4394142,108.3802752,1,1,safe,
-0.3891347618,0.6198621772,-0.377335374,134.591559,116.4394142,118.3802752,1,1,safe,
-0.3891347618,0.6198621772,-0.2900689114,134.591559,116.4394142,128.3802752,1,1,safe,
-0.3891347618,0.6198621772,-0.2028024488,134.591559,116.4394142,138.3802752,1,1,safe,
-0.3891347618,0.6198621772,-0.1155359862,134.591559,116.4394142,148.3802752,1,1,safe,
-0.3891347618,0.6198621772,-0.0282695236,134.591559,116.4394142,158.3802752,1,1,safe,
-0.3891347618,0.6198621772,0,134.591559,116.4394142,161.619724,1,1,safe,
-0.3891347618,0.7071286398,-1.25,134.591559,126.4394142,18.38027522,1,1,safe,
-0.3891347618,0.7071286398,-1.162733537,134.591559,126.4394142,28.38027522,1,1,safe,
-0.3891347618,0.7071286398,-1.075467075,134.591559,126.4394142,38.38027522,1,1,safe,
-0.3891347618,0.7071286398,-0.9882006122,134.591559,126.4394142,48.38027522,1,1,safe,
-0.3891347618,0.7071286398,-0.9009341496,134.591559,126.4394142,58.38027522,1,1,safe,
-0.3891347618,0.7071286398,-0.813667687,134.591559,126.4394142,68.38027522,1,1,safe,
-0.3891347618,0.7071286398,-0.7264012244,134.591559,126.4394142,78.38027522,1,1,safe,
-0.3891347618,0.7071286398,-0.6391347618,134.591559,126.4394142,88.38027522,1,1,safe,
-0.3891347618,0.7071286398,-0.5518682992,134.591559,126.4394142,98.38027522,1,1,safe,
-0.3891347618,0.7071286398,-0.4646018366,134.591559,126.4394142,108.3802752,1,1,safe,
-0.3891347618,0.7071286398,-0.377335374,134.591559,126.4394142,118.3802752,1,1,safe,
-0.3891347618,0.7071286398,-0.2900689114,134.591559,126.4394142,128.3802752,1,1,safe,
-0.3891347618,0.7071286398,-0.2028024488,134.591559,126.4394142,138.3802752,1,1,safe,
-0.3891347618,0.7071286398,-0.1155359862,134.591559,126.4394142,148.3802752,1,1,safe,
-0.3891347618,0.7071286398,-0.0282695236,134.591559,126.4394142,158.3802752,1,1,safe,
-0.3891347618,0.7071286398,0,134.591559,126.4394142,161.619724,1,1,safe,
-0.3891347618,0.7943951024,-1.25,134.591559,136.4394142,18.38027522,1,1,safe,
-0.3891347618,0.7943951024,-1.162733537,134.591559,136.4394142,28.38027522,1,1,safe,
-0.3891347618,0.7943951024,-1.075467075,134.591559,136.4394142,38.38027522,1,1,safe,
-0.3891347618,0.7943951024,-0.9882006122,134.591559,136.4394142,48.38027522,1,1,safe,
-0.3891347618,0.7943951024,-0.9009341496,134.591559,136.4394142,58.38027522,1,1,safe,
-0.3891347618,0.7943951024,-0.813667687,134.591559,136.4394142,68.38027522,1,1,safe,
-0.3891347618,0.7943951024,-0.7264012244,134.591559,136.4394142,78.38027522,1,1,safe,
-0.3891347618,0.7943951024,-0.6391347618,134.591559,136.4394142,88.38027522,1,1,safe,
-0.3891347618,0.7943951024,-0.5518682992,134.591559,136.4394142,98.38027522,1,1,safe,
-0.3891347618,0.7943951024,-0.4646018366,134.591559,136.4394142,108.3802752,1,1,safe,
-0.3891347618,0.7943951024,-0.377335374,134.591559,136.4394142,118.3802752,1,1,safe,
-0.3891347618,0.7943951024,-0.2900689114,134.591559,136.4394142,128.3802752,1,1,safe,
-0.3891347618,0.7943951024,-0.2028024488,134.591559,136.4394142,138.3802752,1,1,safe,
-0.3891347618,0.7943951024,-0.1155359862,134.591559,136.4394142,148.3802752,1,1,safe,
-0.3891347618,0.7943951024,-0.0282695236,134.591559,136.4394142,158.3802752,1,1,safe,
-0.3891347618,0.7943951024,0,134.591559,136.4394142,161.619724,1,1,safe,
-0.3018682992,-0.3400689114,-1.25,124.591559,16.43941424,18.38027522,1,1,safe,
-0.3018682992,-0.3400689114,-1.162733537,124.591559,16.43941424,28.38027522,1,1,safe,
-0.3018682992,-0.3400689114,-1.075467075,124.591559,16.43941424,38.38027522,1,1,safe,
-0.3018682992,-0.3400689114,-0.9882006122,124.591559,16.43941424,48.38027522,1,1,safe,
-0.3018682992,-0.3400689114,-0.9009341496,124.591559,16.43941424,58.38027522,1,1,safe,
-0.3018682992,-0.3400689114,-0.813667687,124.591559,16.43941424,68.38027522,1,1,safe,
-0.3018682992,-0.3400689114,-0.7264012244,124.591559,16.43941424,78.38027522,1,1,safe,
-0.3018682992,-0.3400689114,-0.6391347618,124.591559,16.43941424,88.38027522,1,1,safe,
-0.3018682992,-0.3400689114,-0.5518682992,124.591559,16.43941424,98.38027522,1,1,safe,
-0.3018682992,-0.3400689114,-0.4646018366,124.591559,16.43941424,108.3802752,1,1,safe,
-0.3018682992,-0.3400689114,-0.377335374,124.591559,16.43941424,118.3802752,1,1,safe,
-0.3018682992,-0.3400689114,-0.2900689114,124.591559,16.43941424,128.3802752,1,1,safe,
-0.3018682992,-0.3400689114,-0.2028024488,124.591559,16.43941424,138.3802752,1,1,safe,
-0.3018682992,-0.3400689114,-0.1155359862,124.591559,16.43941424,148.3802752,1,1,safe,
-0.3018682992,-0.3400689114,-0.0282695236,124.591559,16.43941424,158.3802752,1,1,safe,
-0.3018682992,-0.3400689114,0,124.591559,16.43941424,161.619724,1,1,safe,
-0.3018682992,-0.2528024488,-1.25,124.591559,26.43941424,18.38027522,1,1,safe,
-0.3018682992,-0.2528024488,-1.162733537,124.591559,26.43941424,28.38027522,1,1,safe,
-0.3018682992,-0.2528024488,-1.075467075,124.591559,26.43941424,38.38027522,1,1,safe,
-0.3018682992,-0.2528024488,-0.9882006122,124.591559,26.43941424,48.38027522,1,1,safe,
-0.3018682992,-0.2528024488,-0.9009341496,124.591559,26.43941424,58.38027522,1,1,safe,
-0.3018682992,-0.2528024488,-0.813667687,124.591559,26.43941424,68.38027522,1,1,safe,
-0.3018682992,-0.2528024488,-0.7264012244,124.591559,26.43941424,78.38027522,1,1,safe,
-0.3018682992,-0.2528024488,-0.6391347618,124.591559,26.43941424,88.38027522,1,1,safe,
-0.3018682992,-0.2528024488,-0.5518682992,124.591559,26.43941424,98.38027522,1,1,safe,
-0.3018682992,-0.2528024488,-0.4646018366,124.591559,26.43941424,108.3802752,1,1,safe,
-0.3018682992,-0.2528024488,-0.377335374,124.591559,26.43941424,118.3802752,1,1,safe,
-0.3018682992,-0.2528024488,-0.2900689114,124.591559,26.43941424,128.3802752,1,1,safe,
-0.3018682992,-0.2528024488,-0.2028024488,124.591559,26.43941424,138.3802752,1,1,safe,
-0.3018682992,-0.2528024488,-0.1155359862,124.591559,26.43941424,148.3802752,1,1,safe,
-0.3018682992,-0.2528024488,-0.0282695236,124.591559,26.43941424,158.3802752,1,1,safe,
-0.3018682992,-0.2528024488,0,124.591559,26.43941424,161.619724,1,1,safe,
-0.3018682992,-0.1655359862,-1.25,124.591559,36.43941424,18.38027522,1,1,safe,
-0.3018682992,-0.1655359862,-1.162733537,124.591559,36.43941424,28.38027522,1,1,safe,
-0.3018682992,-0.1655359862,-1.075467075,124.591559,36.43941424,38.38027522,1,1,safe,
-0.3018682992,-0.1655359862,-0.9882006122,124.591559,36.43941424,48.38027522,1,1,safe,
-0.3018682992,-0.1655359862,-0.9009341496,124.591559,36.43941424,58.38027522,1,1,safe,
-0.3018682992,-0.1655359862,-0.813667687,124.591559,36.43941424,68.38027522,1,1,safe,
-0.3018682992,-0.1655359862,-0.7264012244,124.591559,36.43941424,78.38027522,1,1,safe,
-0.3018682992,-0.1655359862,-0.6391347618,124.591559,36.43941424,88.38027522,1,1,safe,
-0.3018682992,-0.1655359862,-0.5518682992,124.591559,36.43941424,98.38027522,1,1,safe,
-0.3018682992,-0.1655359862,-0.4646018366,124.591559,36.43941424,108.3802752,1,1,safe,
-0.3018682992,-0.1655359862,-0.377335374,124.591559,36.43941424,118.3802752,1,1,safe,
-0.3018682992,-0.1655359862,-0.2900689114,124.591559,36.43941424,128.3802752,1,1,safe,
-0.3018682992,-0.1655359862,-0.2028024488,124.591559,36.43941424,138.3802752,1,1,safe,
-0.3018682992,-0.1655359862,-0.1155359862,124.591559,36.43941424,148.3802752,1,1,safe,
-0.3018682992,-0.1655359862,-0.0282695236,124.591559,36.43941424,158.3802752,1,1,safe,
-0.3018682992,-0.1655359862,0,124.591559,36.43941424,161.619724,1,1,safe,
-0.3018682992,-0.0782695236,-1.25,124.591559,46.43941424,18.38027522,1,1,safe,
-0.3018682992,-0.0782695236,-1.162733537,124.591559,46.43941424,28.38027522,1,1,safe,
-0.3018682992,-0.0782695236,-1.075467075,124.591559,46.43941424,38.38027522,1,1,safe,
-0.3018682992,-0.0782695236,-0.9882006122,124.591559,46.43941424,48.38027522,1,1,safe,
-0.3018682992,-0.0782695236,-0.9009341496,124.591559,46.43941424,58.38027522,1,1,safe,
-0.3018682992,-0.0782695236,-0.813667687,124.591559,46.43941424,68.38027522,1,1,safe,
-0.3018682992,-0.0782695236,-0.7264012244,124.591559,46.43941424,78.38027522,1,1,safe,
-0.3018682992,-0.0782695236,-0.6391347618,124.591559,46.43941424,88.38027522,1,1,safe,
-0.3018682992,-0.0782695236,-0.5518682992,124.591559,46.43941424,98.38027522,1,1,safe,
-0.3018682992,-0.0782695236,-0.4646018366,124.591559,46.43941424,108.3802752,1,1,safe,
-0.3018682992,-0.0782695236,-0.377335374,124.591559,46.43941424,118.3802752,1,1,safe,
-0.3018682992,-0.0782695236,-0.2900689114,124.591559,46.43941424,128.3802752,1,1,safe,
-0.3018682992,-0.0782695236,-0.2028024488,124.591559,46.43941424,138.3802752,1,1,safe,
-0.3018682992,-0.0782695236,-0.1155359862,124.591559,46.43941424,148.3802752,1,1,safe,
-0.3018682992,-0.0782695236,-0.0282695236,124.591559,46.43941424,158.3802752,1,1,safe,
-0.3018682992,-0.0782695236,0,124.591559,46.43941424,161.619724,1,1,safe,
-0.3018682992,0.008996939,-1.25,124.591559,56.43941424,18.38027522,1,1,safe,
-0.3018682992,0.008996939,-1.162733537,124.591559,56.43941424,28.38027522,1,1,safe,
-0.3018682992,0.008996939,-1.075467075,124.591559,56.43941424,38.38027522,1,1,safe,
-0.3018682992,0.008996939,-0.9882006122,124.591559,56.43941424,48.38027522,1,1,safe,
-0.3018682992,0.008996939,-0.9009341496,124.591559,56.43941424,58.38027522,1,1,safe,
-0.3018682992,0.008996939,-0.813667687,124.591559,56.43941424,68.38027522,1,1,safe,
-0.3018682992,0.008996939,-0.7264012244,124.591559,56.43941424,78.38027522,1,1,safe,
-0.3018682992,0.008996939,-0.6391347618,124.591559,56.43941424,88.38027522,1,1,safe,
-0.3018682992,0.008996939,-0.5518682992,124.591559,56.43941424,98.38027522,1,1,safe,
-0.3018682992,0.008996939,-0.4646018366,124.591559,56.43941424,108.3802752,1,1,safe,
-0.3018682992,0.008996939,-0.377335374,124.591559,56.43941424,118.3802752,1,1,safe,
-0.3018682992,0.008996939,-0.2900689114,124.591559,56.43941424,128.3802752,1,1,safe,
-0.3018682992,0.008996939,-0.2028024488,124.591559,56.43941424,138.3802752,1,1,safe,
-0.3018682992,0.008996939,-0.1155359862,124.591559,56.43941424,148.3802752,1,1,safe,
-0.3018682992,0.008996939,-0.0282695236,124.591559,56.43941424,158.3802752,1,1,safe,
-0.3018682992,0.008996939,0,124.591559,56.43941424,161.619724,1,1,safe,
-0.3018682992,0.0962634016,-1.25,124.591559,66.43941424,18.38027522,1,1,safe,
-0.3018682992,0.0962634016,-1.162733537,124.591559,66.43941424,28.38027522,1,1,safe,
-0.3018682992,0.0962634016,-1.075467075,124.591559,66.43941424,38.38027522,1,1,safe,
-0.3018682992,0.0962634016,-0.9882006122,124.591559,66.43941424,48.38027522,1,1,safe,
-0.3018682992,0.0962634016,-0.9009341496,124.591559,66.43941424,58.38027522,1,1,safe,
-0.3018682992,0.0962634016,-0.813667687,124.591559,66.43941424,68.38027522,1,1,safe,
-0.3018682992,0.0962634016,-0.7264012244,124.591559,66.43941424,78.38027522,1,1,safe,
-0.3018682992,0.0962634016,-0.6391347618,124.591559,66.43941424,88.38027522,1,1,safe,
-0.3018682992,0.0962634016,-0.5518682992,124.591559,66.43941424,98.38027522,1,1,safe,
-0.3018682992,0.0962634016,-0.4646018366,124.591559,66.43941424,108.3802752,1,1,safe,
-0.3018682992,0.0962634016,-0.377335374,124.591559,66.43941424,118.3802752,1,1,safe,
-0.3018682992,0.0962634016,-0.2900689114,124.591559,66.43941424,128.3802752,1,1,safe,
-0.3018682992,0.0962634016,-0.2028024488,124.591559,66.43941424,138.3802752,1,1,safe,
-0.3018682992,0.0962634016,-0.1155359862,124.591559,66.43941424,148.3802752,1,1,safe,
-0.3018682992,0.0962634016,-0.0282695236,124.591559,66.43941424,158.3802752,1,1,safe,
-0.3018682992,0.0962634016,0,124.591559,66.43941424,161.619724,1,1,safe,
-0.3018682992,0.1835298642,-1.25,124.591559,76.43941424,18.38027522,1,1,safe,
-0.3018682992,0.1835298642,-1.162733537,124.591559,76.43941424,28.38027522,1,1,safe,
-0.3018682992,0.1835298642,-1.075467075,124.591559,76.43941424,38.38027522,1,1,safe,
-0.3018682992,0.1835298642,-0.9882006122,124.591559,76.43941424,48.38027522,1,1,safe,
-0.3018682992,0.1835298642,-0.9009341496,124.591559,76.43941424,58.38027522,1,1,safe,
-0.3018682992,0.1835298642,-0.813667687,124.591559,76.43941424,68.38027522,1,1,safe,
-0.3018682992,0.1835298642,-0.7264012244,124.591559,76.43941424,78.38027522,1,1,safe,
-0.3018682992,0.1835298642,-0.6391347618,124.591559,76.43941424,88.38027522,1,1,safe,
-0.3018682992,0.1835298642,-0.5518682992,124.591559,76.43941424,98.38027522,1,1,safe,
-0.3018682992,0.1835298642,-0.4646018366,124.591559,76.43941424,108.3802752,1,1,safe,
-0.3018682992,0.1835298642,-0.377335374,124.591559,76.43941424,118.3802752,1,1,safe,
-0.3018682992,0.1835298642,-0.2900689114,124.591559,76.43941424,128.3802752,1,1,safe,
-0.3018682992,0.1835298642,-0.2028024488,124.591559,76.43941424,138.3802752,1,1,safe,
-0.3018682992,0.1835298642,-0.1155359862,124.591559,76.43941424,148.3802752,1,1,safe,
-0.3018682992,0.1835298642,-0.0282695236,124.591559,76.43941424,158.3802752,1,1,safe,
-0.3018682992,0.1835298642,0,124.591559,76.43941424,161.619724,1,1,safe,
-0.3018682992,0.2707963268,-1.25,124.591559,86.43941424,18.38027522,1,1,safe,
-0.3018682992,0.2707963268,-1.162733537,124.591559,86.43941424,28.38027522,1,1,safe,
-0.3018682992,0.2707963268,-1.075467075,124.591559,86.43941424,38.38027522,1,1,safe,
-0.3018682992,0.2707963268,-0.9882006122,124.591559,86.43941424,48.38027522,1,1,safe,
-0.3018682992,0.2707963268,-0.9009341496,124.591559,86.43941424,58.38027522,1,1,safe,
-0.3018682992,0.2707963268,-0.813667687,124.591559,86.43941424,68.38027522,1,1,safe,
-0.3018682992,0.2707963268,-0.7264012244,124.591559,86.43941424,78.38027522,1,1,safe,
-0.3018682992,0.2707963268,-0.6391347618,124.591559,86.43941424,88.38027522,1,1,safe,
-0.3018682992,0.2707963268,-0.5518682992,124.591559,86.43941424,98.38027522,1,1,safe,
-0.3018682992,0.2707963268,-0.4646018366,124.591559,86.43941424,108.3802752,1,1,safe,
-0.3018682992,0.2707963268,-0.377335374,124.591559,86.43941424,118.3802752,1,1,safe,
-0.3018682992,0.2707963268,-0.2900689114,124.591559,86.43941424,128.3802752,1,1,safe,
-0.3018682992,0.2707963268,-0.2028024488,124.591559,86.43941424,138.3802752,1,1,safe,
-0.3018682992,0.2707963268,-0.1155359862,124.591559,86.43941424,148.3802752,1,1,safe,
-0.3018682992,0.2707963268,-0.0282695236,124.591559,86.43941424,158.3802752,1,1,safe,
-0.3018682992,0.2707963268,0,124.591559,86.43941424,161.619724,1,1,safe,
-0.3018682992,0.3580627894,-1.25,124.591559,96.43941424,18.38027522,1,1,safe,
-0.3018682992,0.3580627894,-1.162733537,124.591559,96.43941424,28.38027522,1,1,safe,
-0.3018682992,0.3580627894,-1.075467075,124.591559,96.43941424,38.38027522,1,1,safe,
-0.3018682992,0.3580627894,-0.9882006122,124.591559,96.43941424,48.38027522,1,1,safe,
-0.3018682992,0.3580627894,-0.9009341496,124.591559,96.43941424,58.38027522,1,1,safe,
-0.3018682992,0.3580627894,-0.813667687,124.591559,96.43941424,68.38027522,1,1,safe,
-0.3018682992,0.3580627894,-0.7264012244,124.591559,96.43941424,78.38027522,1,1,safe,
-0.3018682992,0.3580627894,-0.6391347618,124.591559,96.43941424,88.38027522,1,1,safe,
-0.3018682992,0.3580627894,-0.5518682992,124.591559,96.43941424,98.38027522,1,1,safe,
-0.3018682992,0.3580627894,-0.4646018366,124.591559,96.43941424,108.3802752,1,1,safe,
-0.3018682992,0.3580627894,-0.377335374,124.591559,96.43941424,118.3802752,1,1,safe,
-0.3018682992,0.3580627894,-0.2900689114,124.591559,96.43941424,128.3802752,1,1,safe,
-0.3018682992,0.3580627894,-0.2028024488,124.591559,96.43941424,138.3802752,1,1,safe,
-0.3018682992,0.3580627894,-0.1155359862,124.591559,96.43941424,148.3802752,1,1,safe,
-0.3018682992,0.3580627894,-0.0282695236,124.591559,96.43941424,158.3802752,1,1,safe,
-0.3018682992,0.3580627894,0,124.591559,96.43941424,161.619724,1,1,safe,
-0.3018682992,0.445329252,-1.25,124.591559,106.4394142,18.38027522,1,1,safe,
-0.3018682992,0.445329252,-1.162733537,124.591559,106.4394142,28.38027522,1,1,safe,
-0.3018682992,0.445329252,-1.075467075,124.591559,106.4394142,38.38027522,1,1,safe,
-0.3018682992,0.445329252,-0.9882006122,124.591559,106.4394142,48.38027522,1,1,safe,
-0.3018682992,0.445329252,-0.9009341496,124.591559,106.4394142,58.38027522,1,1,safe,
-0.3018682992,0.445329252,-0.813667687,124.591559,106.4394142,68.38027522,1,1,safe,
-0.3018682992,0.445329252,-0.7264012244,124.591559,106.4394142,78.38027522,1,1,safe,
-0.3018682992,0.445329252,-0.6391347618,124.591559,106.4394142,88.38027522,1,1,safe,
-0.3018682992,0.445329252,-0.5518682992,124.591559,106.4394142,98.38027522,1,1,safe,
-0.3018682992,0.445329252,-0.4646018366,124.591559,106.4394142,108.3802752,1,1,safe,
-0.3018682992,0.445329252,-0.377335374,124.591559,106.4394142,118.3802752,1,1,safe,
-0.3018682992,0.445329252,-0.2900689114,124.591559,106.4394142,128.3802752,1,1,safe,
-0.3018682992,0.445329252,-0.2028024488,124.591559,106.4394142,138.3802752,1,1,safe,
-0.3018682992,0.445329252,-0.1155359862,124.591559,106.4394142,148.3802752,1,1,safe,
-0.3018682992,0.445329252,-0.0282695236,124.591559,106.4394142,158.3802752,1,1,safe,
-0.3018682992,0.445329252,0,124.591559,106.4394142,161.619724,1,1,safe,
-0.3018682992,0.5325957146,-1.25,124.591559,116.4394142,18.38027522,1,1,safe,
-0.3018682992,0.5325957146,-1.162733537,124.591559,116.4394142,28.38027522,1,1,safe,
-0.3018682992,0.5325957146,-1.075467075,124.591559,116.4394142,38.38027522,1,1,safe,
-0.3018682992,0.5325957146,-0.9882006122,124.591559,116.4394142,48.38027522,1,1,safe,
-0.3018682992,0.5325957146,-0.9009341496,124.591559,116.4394142,58.38027522,1,1,safe,
-0.3018682992,0.5325957146,-0.813667687,124.591559,116.4394142,68.38027522,1,1,safe,
-0.3018682992,0.5325957146,-0.7264012244,124.591559,116.4394142,78.38027522,1,1,safe,
-0.3018682992,0.5325957146,-0.6391347618,124.591559,116.4394142,88.38027522,1,1,safe,
-0.3018682992,0.5325957146,-0.5518682992,124.591559,116.4394142,98.38027522,1,1,safe,
-0.3018682992,0.5325957146,-0.4646018366,124.591559,116.4394142,108.3802752,1,1,safe,
-0.3018682992,0.5325957146,-0.377335374,124.591559,116.4394142,118.3802752,1,1,safe,
-0.3018682992,0.5325957146,-0.2900689114,124.591559,116.4394142,128.3802752,1,1,safe,
-0.3018682992,0.5325957146,-0.2028024488,124.591559,116.4394142,138.3802752,1,1,safe,
-0.3018682992,0.5325957146,-0.1155359862,124.591559,116.4394142,148.3802752,1,1,safe,
-0.3018682992,0.5325957146,-0.0282695236,124.591559,116.4394142,158.3802752,1,1,safe,
-0.3018682992,0.5325957146,0,124.591559,116.4394142,161.619724,1,1,safe,
-0.3018682992,0.6198621772,-1.25,124.591559,126.4394142,18.38027522,1,1,safe,
-0.3018682992,0.6198621772,-1.162733537,124.591559,126.4394142,28.38027522,1,1,safe,
-0.3018682992,0.6198621772,-1.075467075,124.591559,126.4394142,38.38027522,1,1,safe,
-0.3018682992,0.6198621772,-0.9882006122,124.591559,126.4394142,48.38027522,1,1,safe,
-0.3018682992,0.6198621772,-0.9009341496,124.591559,126.4394142,58.38027522,1,1,safe,
-0.3018682992,0.6198621772,-0.813667687,124.591559,126.4394142,68.38027522,1,1,safe,
-0.3018682992,0.6198621772,-0.7264012244,124.591559,126.4394142,78.38027522,1,1,safe,
-0.3018682992,0.6198621772,-0.6391347618,124.591559,126.4394142,88.38027522,1,1,safe,
-0.3018682992,0.6198621772,-0.5518682992,124.591559,126.4394142,98.38027522,1,1,safe,
-0.3018682992,0.6198621772,-0.4646018366,124.591559,126.4394142,108.3802752,1,1,safe,
-0.3018682992,0.6198621772,-0.377335374,124.591559,126.4394142,118.3802752,1,1,safe,
-0.3018682992,0.6198621772,-0.2900689114,124.591559,126.4394142,128.3802752,1,1,safe,
-0.3018682992,0.6198621772,-0.2028024488,124.591559,126.4394142,138.3802752,1,1,safe,
-0.3018682992,0.6198621772,-0.1155359862,124.591559,126.4394142,148.3802752,1,1,safe,
-0.3018682992,0.6198621772,-0.0282695236,124.591559,126.4394142,158.3802752,1,1,safe,
-0.3018682992,0.6198621772,0,124.591559,126.4394142,161.619724,1,1,safe,
-0.3018682992,0.7071286398,-1.25,124.591559,136.4394142,18.38027522,1,1,safe,
-0.3018682992,0.7071286398,-1.162733537,124.591559,136.4394142,28.38027522,1,1,safe,
-0.3018682992,0.7071286398,-1.075467075,124.591559,136.4394142,38.38027522,1,1,safe,
-0.3018682992,0.7071286398,-0.9882006122,124.591559,136.4394142,48.38027522,1,1,safe,
-0.3018682992,0.7071286398,-0.9009341496,124.591559,136.4394142,58.38027522,1,1,safe,
-0.3018682992,0.7071286398,-0.813667687,124.591559,136.4394142,68.38027522,1,1,safe,
-0.3018682992,0.7071286398,-0.7264012244,124.591559,136.4394142,78.38027522,1,1,safe,
-0.3018682992,0.7071286398,-0.6391347618,124.591559,136.4394142,88.38027522,1,1,safe,
-0.3018682992,0.7071286398,-0.5518682992,124.591559,136.4394142,98.38027522,1,1,safe,
-0.3018682992,0.7071286398,-0.4646018366,124.591559,136.4394142,108.3802752,1,1,safe,
-0.3018682992,0.7071286398,-0.377335374,124.591559,136.4394142,118.3802752,1,1,safe,
-0.3018682992,0.7071286398,-0.2900689114,124.591559,136.4394142,128.3802752,1,1,safe,
-0.3018682992,0.7071286398,-0.2028024488,124.591559,136.4394142,138.3802752,1,1,safe,
-0.3018682992,0.7071286398,-0.1155359862,124.591559,136.4394142,148.3802752,1,1,safe,
-0.3018682992,0.7071286398,-0.0282695236,124.591559,136.4394142,158.3802752,1,1,safe,
-0.3018682992,0.7071286398,0,124.591559,136.4394142,161.619724,1,1,safe,
-0.3018682992,0.7943951024,-1.25,124.591559,146.4394142,18.38027522,1,1,safe,
-0.3018682992,0.7943951024,-1.162733537,124.591559,146.4394142,28.38027522,1,1,safe,
-0.3018682992,0.7943951024,-1.075467075,124.591559,146.4394142,38.38027522,1,1,safe,
-0.3018682992,0.7943951024,-0.9882006122,124.591559,146.4394142,48.38027522,1,1,safe,
-0.3018682992,0.7943951024,-0.9009341496,124.591559,146.4394142,58.38027522,1,1,safe,
-0.3018682992,0.7943951024,-0.813667687,124.591559,146.4394142,68.38027522,1,1,safe,
-0.3018682992,0.7943951024,-0.7264012244,124.591559,146.4394142,78.38027522,1,1,safe,
-0.3018682992,0.7943951024,-0.6391347618,124.591559,146.4394142,88.38027522,1,1,safe,
-0.3018682992,0.7943951024,-0.5518682992,124.591559,146.4394142,98.38027522,1,1,safe,
-0.3018682992,0.7943951024,-0.4646018366,124.591559,146.4394142,108.3802752,1,1,safe,
-0.3018682992,0.7943951024,-0.377335374,124.591559,146.4394142,118.3802752,1,1,safe,
-0.3018682992,0.7943951024,-0.2900689114,124.591559,146.4394142,128.3802752,1,1,safe,
-0.3018682992,0.7943951024,-0.2028024488,124.591559,146.4394142,138.3802752,1,1,safe,
-0.3018682992,0.7943951024,-0.1155359862,124.591559,146.4394142,148.3802752,1,1,safe,
-0.3018682992,0.7943951024,-0.0282695236,124.591559,146.4394142,158.3802752,1,1,safe,
-0.3018682992,0.7943951024,0,124.591559,146.4394142,161.619724,1,1,safe,
-0.2146018366,-0.427335374,-1.25,114.591559,16.43941424,18.38027522,1,1,safe,
-0.2146018366,-0.427335374,-1.162733537,114.591559,16.43941424,28.38027522,1,1,safe,
-0.2146018366,-0.427335374,-1.075467075,114.591559,16.43941424,38.38027522,1,1,safe,
-0.2146018366,-0.427335374,-0.9882006122,114.591559,16.43941424,48.38027522,1,1,safe,
-0.2146018366,-0.427335374,-0.9009341496,114.591559,16.43941424,58.38027522,1,1,safe,
-0.2146018366,-0.427335374,-0.813667687,114.591559,16.43941424,68.38027522,1,1,safe,
-0.2146018366,-0.427335374,-0.7264012244,114.591559,16.43941424,78.38027522,1,1,safe,
-0.2146018366,-0.427335374,-0.6391347618,114.591559,16.43941424,88.38027522,1,1,safe,
-0.2146018366,-0.427335374,-0.5518682992,114.591559,16.43941424,98.38027522,1,1,safe,
-0.2146018366,-0.427335374,-0.4646018366,114.591559,16.43941424,108.3802752,1,1,safe,
-0.2146018366,-0.427335374,-0.377335374,114.591559,16.43941424,118.3802752,1,1,safe,
-0.2146018366,-0.427335374,-0.2900689114,114.591559,16.43941424,128.3802752,1,1,safe,
-0.2146018366,-0.427335374,-0.2028024488,114.591559,16.43941424,138.3802752,1,1,safe,
-0.2146018366,-0.427335374,-0.1155359862,114.591559,16.43941424,148.3802752,1,1,safe,
-0.2146018366,-0.427335374,-0.0282695236,114.591559,16.43941424,158.3802752,1,1,safe,
-0.2146018366,-0.427335374,0,114.591559,16.43941424,161.619724,1,1,safe,
-0.2146018366,-0.3400689114,-1.25,114.591559,26.43941424,18.38027522,1,1,safe,
-0.2146018366,-0.3400689114,-1.162733537,114.591559,26.43941424,28.38027522,1,1,safe,
-0.2146018366,-0.3400689114,-1.075467075,114.591559,26.43941424,38.38027522,1,1,safe,
-0.2146018366,-0.3400689114,-0.9882006122,114.591559,26.43941424,48.38027522,1,1,safe,
-0.2146018366,-0.3400689114,-0.9009341496,114.591559,26.43941424,58.38027522,1,1,safe,
-0.2146018366,-0.3400689114,-0.813667687,114.591559,26.43941424,68.38027522,1,1,safe,
-0.2146018366,-0.3400689114,-0.7264012244,114.591559,26.43941424,78.38027522,1,1,safe,
-0.2146018366,-0.3400689114,-0.6391347618,114.591559,26.43941424,88.38027522,1,1,safe,
-0.2146018366,-0.3400689114,-0.5518682992,114.591559,26.43941424,98.38027522,1,1,safe,
-0.2146018366,-0.3400689114,-0.4646018366,114.591559,26.43941424,108.3802752,1,1,safe,
-0.2146018366,-0.3400689114,-0.377335374,114.591559,26.43941424,118.3802752,1,1,safe,
-0.2146018366,-0.3400689114,-0.2900689114,114.591559,26.43941424,128.3802752,1,1,safe,
-0.2146018366,-0.3400689114,-0.2028024488,114.591559,26.43941424,138.3802752,1,1,safe,
-0.2146018366,-0.3400689114,-0.1155359862,114.591559,26.43941424,148.3802752,1,1,safe,
-0.2146018366,-0.3400689114,-0.0282695236,114.591559,26.43941424,158.3802752,1,1,safe,
-0.2146018366,-0.3400689114,0,114.591559,26.43941424,161.619724,1,1,safe,
-0.2146018366,-0.2528024488,-1.25,114.591559,36.43941424,18.38027522,1,1,safe,
-0.2146018366,-0.2528024488,-1.162733537,114.591559,36.43941424,28.38027522,1,1,safe,
-0.2146018366,-0.2528024488,-1.075467075,114.591559,36.43941424,38.38027522,1,1,safe,
-0.2146018366,-0.2528024488,-0.9882006122,114.591559,36.43941424,48.38027522,1,1,safe,
-0.2146018366,-0.2528024488,-0.9009341496,114.591559,36.43941424,58.38027522,1,1,safe,
-0.2146018366,-0.2528024488,-0.813667687,114.591559,36.43941424,68.38027522,1,1,safe,
-0.2146018366,-0.2528024488,-0.7264012244,114.591559,36.43941424,78.38027522,1,1,safe,
-0.2146018366,-0.2528024488,-0.6391347618,114.591559,36.43941424,88.38027522,1,1,safe,
-0.2146018366,-0.2528024488,-0.5518682992,114.591559,36.43941424,98.38027522,1,1,safe,
-0.2146018366,-0.2528024488,-0.4646018366,114.591559,36.43941424,108.3802752,1,1,safe,
-0.2146018366,-0.2528024488,-0.377335374,114.591559,36.43941424,118.3802752,1,1,safe,
-0.2146018366,-0.2528024488,-0.2900689114,114.591559,36.43941424,128.3802752,1,1,safe,
-0.2146018366,-0.2528024488,-0.2028024488,114.591559,36.43941424,138.3802752,1,1,safe,
-0.2146018366,-0.2528024488,-0.1155359862,114.591559,36.43941424,148.3802752,1,1,safe,
-0.2146018366,-0.2528024488,-0.0282695236,114.591559,36.43941424,158.3802752,1,1,safe,
-0.2146018366,-0.2528024488,0,114.591559,36.43941424,161.619724,1,1,safe,
-0.2146018366,-0.1655359862,-1.25,114.591559,46.43941424,18.38027522,1,1,safe,
-0.2146018366,-0.1655359862,-1.162733537,114.591559,46.43941424,28.38027522,1,1,safe,
-0.2146018366,-0.1655359862,-1.075467075,114.591559,46.43941424,38.38027522,1,1,safe,
-0.2146018366,-0.1655359862,-0.9882006122,114.591559,46.43941424,48.38027522,1,1,safe,
-0.2146018366,-0.1655359862,-0.9009341496,114.591559,46.43941424,58.38027522,1,1,safe,
-0.2146018366,-0.1655359862,-0.813667687,114.591559,46.43941424,68.38027522,1,1,safe,
-0.2146018366,-0.1655359862,-0.7264012244,114.591559,46.43941424,78.38027522,1,1,safe,
-0.2146018366,-0.1655359862,-0.6391347618,114.591559,46.43941424,88.38027522,1,1,safe,
-0.2146018366,-0.1655359862,-0.5518682992,114.591559,46.43941424,98.38027522,1,1,safe,
-0.2146018366,-0.1655359862,-0.4646018366,114.591559,46.43941424,108.3802752,1,1,safe,
-0.2146018366,-0.1655359862,-0.377335374,114.591559,46.43941424,118.3802752,1,1,safe,
-0.2146018366,-0.1655359862,-0.2900689114,114.591559,46.43941424,128.3802752,1,1,safe,
-0.2146018366,-0.1655359862,-0.2028024488,114.591559,46.43941424,138.3802752,1,1,safe,
-0.2146018366,-0.1655359862,-0.1155359862,114.591559,46.43941424,148.3802752,1,1,safe,
-0.2146018366,-0.1655359862,-0.0282695236,114.591559,46.43941424,158.3802752,1,1,safe,
-0.2146018366,-0.1655359862,0,114.591559,46.43941424,161.619724,1,1,safe,
-0.2146018366,-0.0782695236,-1.25,114.591559,56.43941424,18.38027522,1,1,safe,
-0.2146018366,-0.0782695236,-1.162733537,114.591559,56.43941424,28.38027522,1,1,safe,
-0.2146018366,-0.0782695236,-1.075467075,114.591559,56.43941424,38.38027522,1,1,safe,
-0.2146018366,-0.0782695236,-0.9882006122,114.591559,56.43941424,48.38027522,1,1,safe,
-0.2146018366,-0.0782695236,-0.9009341496,114.591559,56.43941424,58.38027522,1,1,safe,
-0.2146018366,-0.0782695236,-0.813667687,114.591559,56.43941424,68.38027522,1,1,safe,
-0.2146018366,-0.0782695236,-0.7264012244,114.591559,56.43941424,78.38027522,1,1,safe,
-0.2146018366,-0.0782695236,-0.6391347618,114.591559,56.43941424,88.38027522,1,1,safe,
-0.2146018366,-0.0782695236,-0.5518682992,114.591559,56.43941424,98.38027522,1,1,safe,
-0.2146018366,-0.0782695236,-0.4646018366,114.591559,56.43941424,108.3802752,1,1,safe,
-0.2146018366,-0.0782695236,-0.377335374,114.591559,56.43941424,118.3802752,1,1,safe,
-0.2146018366,-0.0782695236,-0.2900689114,114.591559,56.43941424,128.3802752,1,1,safe,
-0.2146018366,-0.0782695236,-0.2028024488,114.591559,56.43941424,138.3802752,1,1,safe,
-0.2146018366,-0.0782695236,-0.1155359862,114.591559,56.43941424,148.3802752,1,1,safe,
-0.2146018366,-0.0782695236,-0.0282695236,114.591559,56.43941424,158.3802752,1,1,safe,
-0.2146018366,-0.0782695236,0,114.591559,56.43941424,161.619724,1,1,safe,
-0.2146018366,0.008996939,-1.25,114.591559,66.43941424,18.38027522,1,1,safe,
-0.2146018366,0.008996939,-1.162733537,114.591559,66.43941424,28.38027522,1,1,safe,
-0.2146018366,0.008996939,-1.075467075,114.591559,66.43941424,38.38027522,1,1,safe,
-0.2146018366,0.008996939,-0.9882006122,114.591559,66.43941424,48.38027522,1,1,safe,
-0.2146018366,0.008996939,-0.9009341496,114.591559,66.43941424,58.38027522,1,1,safe,
-0.2146018366,0.008996939,-0.813667687,114.591559,66.43941424,68.38027522,1,1,safe,
-0.2146018366,0.008996939,-0.7264012244,114.591559,66.43941424,78.38027522,1,1,safe,
-0.2146018366,0.008996939,-0.6391347618,114.591559,66.43941424,88.38027522,1,1,safe,
-0.2146018366,0.008996939,-0.5518682992,114.591559,66.43941424,98.38027522,1,1,safe,
-0.2146018366,0.008996939,-0.4646018366,114.591559,66.43941424,108.3802752,1,1,safe,
-0.2146018366,0.008996939,-0.377335374,114.591559,66.43941424,118.3802752,1,1,safe,
-0.2146018366,0.008996939,-0.2900689114,114.591559,66.43941424,128.3802752,1,1,safe,
-0.2146018366,0.008996939,-0.2028024488,114.591559,66.43941424,138.3802752,1,1,safe,
-0.2146018366,0.008996939,-0.1155359862,114.591559,66.43941424,148.3802752,1,1,safe,
-0.2146018366,0.008996939,-0.0282695236,114.591559,66.43941424,158.3802752,1,1,safe,
-0.2146018366,0.008996939,0,114.591559,66.43941424,161.619724,1,1,safe,
-0.2146018366,0.0962634016,-1.25,114.591559,76.43941424,18.38027522,1,1,safe,
-0.2146018366,0.0962634016,-1.162733537,114.591559,76.43941424,28.38027522,1,1,safe,
-0.2146018366,0.0962634016,-1.075467075,114.591559,76.43941424,38.38027522,1,1,safe,
-0.2146018366,0.0962634016,-0.9882006122,114.591559,76.43941424,48.38027522,1,1,safe,
-0.2146018366,0.0962634016,-0.9009341496,114.591559,76.43941424,58.38027522,1,1,safe,
-0.2146018366,0.0962634016,-0.813667687,114.591559,76.43941424,68.38027522,1,1,safe,
-0.2146018366,0.0962634016,-0.7264012244,114.591559,76.43941424,78.38027522,1,1,safe,
-0.2146018366,0.0962634016,-0.6391347618,114.591559,76.43941424,88.38027522,1,1,safe,
-0.2146018366,0.0962634016,-0.5518682992,114.591559,76.43941424,98.38027522,1,1,safe,
-0.2146018366,0.0962634016,-0.4646018366,114.591559,76.43941424,108.3802752,1,1,safe,
-0.2146018366,0.0962634016,-0.377335374,114.591559,76.43941424,118.3802752,1,1,safe,
-0.2146018366,0.0962634016,-0.2900689114,114.591559,76.43941424,128.3802752,1,1,safe,
-0.2146018366,0.0962634016,-0.2028024488,114.591559,76.43941424,138.3802752,1,1,safe,
-0.2146018366,0.0962634016,-0.1155359862,114.591559,76.43941424,148.3802752,1,1,safe,
-0.2146018366,0.0962634016,-0.0282695236,114.591559,76.43941424,158.3802752,1,1,safe,
-0.2146018366,0.0962634016,0,114.591559,76.43941424,161.619724,1,1,safe,
-0.2146018366,0.1835298642,-1.25,114.591559,86.43941424,18.38027522,1,1,safe,
-0.2146018366,0.1835298642,-1.162733537,114.591559,86.43941424,28.38027522,1,1,safe,
-0.2146018366,0.1835298642,-1.075467075,114.591559,86.43941424,38.38027522,1,1,safe,
-0.2146018366,0.1835298642,-0.9882006122,114.591559,86.43941424,48.38027522,1,1,safe,
-0.2146018366,0.1835298642,-0.9009341496,114.591559,86.43941424,58.38027522,1,1,safe,
-0.2146018366,0.1835298642,-0.813667687,114.591559,86.43941424,68.38027522,1,1,safe,
-0.2146018366,0.1835298642,-0.7264012244,114.591559,86.43941424,78.38027522,1,1,safe,
-0.2146018366,0.1835298642,-0.6391347618,114.591559,86.43941424,88.38027522,1,1,safe,
-0.2146018366,0.1835298642,-0.5518682992,114.591559,86.43941424,98.38027522,1,1,safe,
-0.2146018366,0.1835298642,-0.4646018366,114.591559,86.43941424,108.3802752,1,1,safe,
-0.2146018366,0.1835298642,-0.377335374,114.591559,86.43941424,118.3802752,1,1,safe,
-0.2146018366,0.1835298642,-0.2900689114,114.591559,86.43941424,128.3802752,1,1,safe,
-0.2146018366,0.1835298642,-0.2028024488,114.591559,86.43941424,138.3802752,1,1,safe,
-0.2146018366,0.1835298642,-0.1155359862,114.591559,86.43941424,148.3802752,1,1,safe,
-0.2146018366,0.1835298642,-0.0282695236,114.591559,86.43941424,158.3802752,1,1,safe,
-0.2146018366,0.1835298642,0,114.591559,86.43941424,161.619724,1,1,safe,
-0.2146018366,0.2707963268,-1.25,114.591559,96.43941424,18.38027522,1,1,safe,
-0.2146018366,0.2707963268,-1.162733537,114.591559,96.43941424,28.38027522,1,1,safe,
-0.2146018366,0.2707963268,-1.075467075,114.591559,96.43941424,38.38027522,1,1,safe,
-0.2146018366,0.2707963268,-0.9882006122,114.591559,96.43941424,48.38027522,1,1,safe,
-0.2146018366,0.2707963268,-0.9009341496,114.591559,96.43941424,58.38027522,1,1,safe,
-0.2146018366,0.2707963268,-0.813667687,114.591559,96.43941424,68.38027522,1,1,safe,
-0.2146018366,0.2707963268,-0.7264012244,114.591559,96.43941424,78.38027522,1,1,safe,
-0.2146018366,0.2707963268,-0.6391347618,114.591559,96.43941424,88.38027522,1,1,safe,
-0.2146018366,0.2707963268,-0.5518682992,114.591559,96.43941424,98.38027522,1,1,safe,
-0.2146018366,0.2707963268,-0.4646018366,114.591559,96.43941424,108.3802752,1,1,safe,
-0.2146018366,0.2707963268,-0.377335374,114.591559,96.43941424,118.3802752,1,1,safe,
-0.2146018366,0.2707963268,-0.2900689114,114.591559,96.43941424,128.3802752,1,1,safe,
-0.2146018366,0.2707963268,-0.2028024488,114.591559,96.43941424,138.3802752,1,1,safe,
-0.2146018366,0.2707963268,-0.1155359862,114.591559,96.43941424,148.3802752,1,1,safe,
-0.2146018366,0.2707963268,-0.0282695236,114.591559,96.43941424,158.3802752,1,1,safe,
-0.2146018366,0.2707963268,0,114.591559,96.43941424,161.619724,1,1,safe,
-0.2146018366,0.3580627894,-1.25,114.591559,106.4394142,18.38027522,1,1,safe,
-0.2146018366,0.3580627894,-1.162733537,114.591559,106.4394142,28.38027522,1,1,safe,
-0.2146018366,0.3580627894,-1.075467075,114.591559,106.4394142,38.38027522,1,1,safe,
-0.2146018366,0.3580627894,-0.9882006122,114.591559,106.4394142,48.38027522,1,1,safe,
-0.2146018366,0.3580627894,-0.9009341496,114.591559,106.4394142,58.38027522,1,1,safe,
-0.2146018366,0.3580627894,-0.813667687,114.591559,106.4394142,68.38027522,1,1,safe,
-0.2146018366,0.3580627894,-0.7264012244,114.591559,106.4394142,78.38027522,1,1,safe,
-0.2146018366,0.3580627894,-0.6391347618,114.591559,106.4394142,88.38027522,1,1,safe,
-0.2146018366,0.3580627894,-0.5518682992,114.591559,106.4394142,98.38027522,1,1,safe,
-0.2146018366,0.3580627894,-0.4646018366,114.591559,106.4394142,108.3802752,1,1,safe,
-0.2146018366,0.3580627894,-0.377335374,114.591559,106.4394142,118.3802752,1,1,safe,
-0.2146018366,0.3580627894,-0.2900689114,114.591559,106.4394142,128.3802752,1,1,safe,
-0.2146018366,0.3580627894,-0.2028024488,114.591559,106.4394142,138.3802752,1,1,safe,
-0.2146018366,0.3580627894,-0.1155359862,114.591559,106.4394142,148.3802752,1,1,safe,
-0.2146018366,0.3580627894,-0.0282695236,114.591559,106.4394142,158.3802752,1,1,safe,
-0.2146018366,0.3580627894,0,114.591559,106.4394142,161.619724,1,1,safe,
-0.2146018366,0.445329252,-1.25,114.591559,116.4394142,18.38027522,1,1,safe,
-0.2146018366,0.445329252,-1.162733537,114.591559,116.4394142,28.38027522,1,1,safe,
-0.2146018366,0.445329252,-1.075467075,114.591559,116.4394142,38.38027522,1,1,safe,
-0.2146018366,0.445329252,-0.9882006122,114.591559,116.4394142,48.38027522,1,1,safe,
-0.2146018366,0.445329252,-0.9009341496,114.591559,116.4394142,58.38027522,1,1,safe,
-0.2146018366,0.445329252,-0.813667687,114.591559,116.4394142,68.38027522,1,1,safe,
-0.2146018366,0.445329252,-0.7264012244,114.591559,116.4394142,78.38027522,1,1,safe,
-0.2146018366,0.445329252,-0.6391347618,114.591559,116.4394142,88.38027522,1,1,safe,
-0.2146018366,0.445329252,-0.5518682992,114.591559,116.4394142,98.38027522,1,1,safe,
-0.2146018366,0.445329252,-0.4646018366,114.591559,116.4394142,108.3802752,1,1,safe,
-0.2146018366,0.445329252,-0.377335374,114.591559,116.4394142,118.3802752,1,1,safe,
-0.2146018366,0.445329252,-0.2900689114,114.591559,116.4394142,128.3802752,1,1,safe,
-0.2146018366,0.445329252,-0.2028024488,114.591559,116.4394142,138.3802752,1,1,safe,
-0.2146018366,0.445329252,-0.1155359862,114.591559,116.4394142,148.3802752,1,1,safe,
-0.2146018366,0.445329252,-0.0282695236,114.591559,116.4394142,158.3802752,1,1,safe,
-0.2146018366,0.445329252,0,114.591559,116.4394142,161.619724,1,1,safe,
-0.2146018366,0.5325957146,-1.25,114.591559,126.4394142,18.38027522,1,1,safe,
-0.2146018366,0.5325957146,-1.162733537,114.591559,126.4394142,28.38027522,1,1,safe,
-0.2146018366,0.5325957146,-1.075467075,114.591559,126.4394142,38.38027522,1,1,safe,
-0.2146018366,0.5325957146,-0.9882006122,114.591559,126.4394142,48.38027522,1,1,safe,
-0.2146018366,0.5325957146,-0.9009341496,114.591559,126.4394142,58.38027522,1,1,safe,
-0.2146018366,0.5325957146,-0.813667687,114.591559,126.4394142,68.38027522,1,1,safe,
-0.2146018366,0.5325957146,-0.7264012244,114.591559,126.4394142,78.38027522,1,1,safe,
-0.2146018366,0.5325957146,-0.6391347618,114.591559,126.4394142,88.38027522,1,1,safe,
-0.2146018366,0.5325957146,-0.5518682992,114.591559,126.4394142,98.38027522,1,1,safe,
-0.2146018366,0.5325957146,-0.4646018366,114.591559,126.4394142,108.3802752,1,1,safe,
-0.2146018366,0.5325957146,-0.377335374,114.591559,126.4394142,118.3802752,1,1,safe,
-0.2146018366,0.5325957146,-0.2900689114,114.591559,126.4394142,128.3802752,1,1,safe,
-0.2146018366,0.5325957146,-0.2028024488,114.591559,126.4394142,138.3802752,1,1,safe,
-0.2146018366,0.5325957146,-0.1155359862,114.591559,126.4394142,148.3802752,1,1,safe,
-0.2146018366,0.5325957146,-0.0282695236,114.591559,126.4394142,158.3802752,1,1,safe,
-0.2146018366,0.5325957146,0,114.591559,126.4394142,161.619724,1,1,safe,
-0.2146018366,0.6198621772,-1.25,114.591559,136.4394142,18.38027522,1,1,safe,
-0.2146018366,0.6198621772,-1.162733537,114.591559,136.4394142,28.38027522,1,1,safe,
-0.2146018366,0.6198621772,-1.075467075,114.591559,136.4394142,38.38027522,1,1,safe,
-0.2146018366,0.6198621772,-0.9882006122,114.591559,136.4394142,48.38027522,1,1,safe,
-0.2146018366,0.6198621772,-0.9009341496,114.591559,136.4394142,58.38027522,1,1,safe,
-0.2146018366,0.6198621772,-0.813667687,114.591559,136.4394142,68.38027522,1,1,safe,
-0.2146018366,0.6198621772,-0.7264012244,114.591559,136.4394142,78.38027522,1,1,safe,
-0.2146018366,0.6198621772,-0.6391347618,114.591559,136.4394142,88.38027522,1,1,safe,
-0.2146018366,0.6198621772,-0.5518682992,114.591559,136.4394142,98.38027522,1,1,safe,
-0.2146018366,0.6198621772,-0.4646018366,114.591559,136.4394142,108.3802752,1,1,safe,
-0.2146018366,0.6198621772,-0.377335374,114.591559,136.4394142,118.3802752,1,1,safe,
-0.2146018366,0.6198621772,-0.2900689114,114.591559,136.4394142,128.3802752,1,1,safe,
-0.2146018366,0.6198621772,-0.2028024488,114.591559,136.4394142,138.3802752,1,1,safe,
-0.2146018366,0.6198621772,-0.1155359862,114.591559,136.4394142,148.3802752,1,1,safe,
-0.2146018366,0.6198621772,-0.0282695236,114.591559,136.4394142,158.3802752,1,1,safe,
-0.2146018366,0.6198621772,0,114.591559,136.4394142,161.619724,1,1,safe,
-0.2146018366,0.7071286398,-1.25,114.591559,146.4394142,18.38027522,1,1,safe,
-0.2146018366,0.7071286398,-1.162733537,114.591559,146.4394142,28.38027522,1,1,safe,
-0.2146018366,0.7071286398,-1.075467075,114.591559,146.4394142,38.38027522,1,1,safe,
-0.2146018366,0.7071286398,-0.9882006122,114.591559,146.4394142,48.38027522,1,1,safe,
-0.2146018366,0.7071286398,-0.9009341496,114.591559,146.4394142,58.38027522,1,1,safe,
-0.2146018366,0.7071286398,-0.813667687,114.591559,146.4394142,68.38027522,1,1,safe,
-0.2146018366,0.7071286398,-0.7264012244,114.591559,146.4394142,78.38027522,1,1,safe,
-0.2146018366,0.7071286398,-0.6391347618,114.591559,146.4394142,88.38027522,1,1,safe,
-0.2146018366,0.7071286398,-0.5518682992,114.591559,146.4394142,98.38027522,1,1,safe,
-0.2146018366,0.7071286398,-0.4646018366,114.591559,146.4394142,108.3802752,1,1,safe,
-0.2146018366,0.7071286398,-0.377335374,114.591559,146.4394142,118.3802752,1,1,safe,
-0.2146018366,0.7071286398,-0.2900689114,114.591559,146.4394142,128.3802752,1,1,safe,
-0.2146018366,0.7071286398,-0.2028024488,114.591559,146.4394142,138.3802752,1,1,safe,
-0.2146018366,0.7071286398,-0.1155359862,114.591559,146.4394142,148.3802752,1,1,safe,
-0.2146018366,0.7071286398,-0.0282695236,114.591559,146.4394142,158.3802752,1,1,safe,
-0.2146018366,0.7071286398,0,114.591559,146.4394142,161.619724,1,1,safe,
-0.127335374,-0.5146018366,-1.25,104.591559,16.43941424,18.38027522,1,1,safe,
-0.127335374,-0.5146018366,-1.162733537,104.591559,16.43941424,28.38027522,1,1,safe,
-0.127335374,-0.5146018366,-1.075467075,104.591559,16.43941424,38.38027522,1,1,safe,
-0.127335374,-0.5146018366,-0.9882006122,104.591559,16.43941424,48.38027522,1,1,safe,
-0.127335374,-0.5146018366,-0.9009341496,104.591559,16.43941424,58.38027522,1,1,safe,
-0.127335374,-0.5146018366,-0.813667687,104.591559,16.43941424,68.38027522,1,1,safe,
-0.127335374,-0.5146018366,-0.7264012244,104.591559,16.43941424,78.38027522,1,1,safe,
-0.127335374,-0.5146018366,-0.6391347618,104.591559,16.43941424,88.38027522,1,1,safe,
-0.127335374,-0.5146018366,-0.5518682992,104.591559,16.43941424,98.38027522,1,1,safe,
-0.127335374,-0.5146018366,-0.4646018366,104.591559,16.43941424,108.3802752,1,1,safe,
-0.127335374,-0.5146018366,-0.377335374,104.591559,16.43941424,118.3802752,1,1,safe,
-0.127335374,-0.5146018366,-0.2900689114,104.591559,16.43941424,128.3802752,1,1,safe,
-0.127335374,-0.5146018366,-0.2028024488,104.591559,16.43941424,138.3802752,1,1,safe,
-0.127335374,-0.5146018366,-0.1155359862,104.591559,16.43941424,148.3802752,1,1,safe,
-0.127335374,-0.5146018366,-0.0282695236,104.591559,16.43941424,158.3802752,1,1,safe,
-0.127335374,-0.5146018366,0,104.591559,16.43941424,161.619724,1,1,safe,
-0.127335374,-0.427335374,-1.25,104.591559,26.43941424,18.38027522,1,1,safe,
-0.127335374,-0.427335374,-1.162733537,104.591559,26.43941424,28.38027522,1,1,safe,
-0.127335374,-0.427335374,-1.075467075,104.591559,26.43941424,38.38027522,1,1,safe,
-0.127335374,-0.427335374,-0.9882006122,104.591559,26.43941424,48.38027522,1,1,safe,
-0.127335374,-0.427335374,-0.9009341496,104.591559,26.43941424,58.38027522,1,1,safe,
-0.127335374,-0.427335374,-0.813667687,104.591559,26.43941424,68.38027522,1,1,safe,
-0.127335374,-0.427335374,-0.7264012244,104.591559,26.43941424,78.38027522,1,1,safe,
-0.127335374,-0.427335374,-0.6391347618,104.591559,26.43941424,88.38027522,1,1,safe,
-0.127335374,-0.427335374,-0.5518682992,104.591559,26.43941424,98.38027522,1,1,safe,
-0.127335374,-0.427335374,-0.4646018366,104.591559,26.43941424,108.3802752,1,1,safe,
-0.127335374,-0.427335374,-0.377335374,104.591559,26.43941424,118.3802752,1,1,safe,
-0.127335374,-0.427335374,-0.2900689114,104.591559,26.43941424,128.3802752,1,1,safe,
-0.127335374,-0.427335374,-0.2028024488,104.591559,26.43941424,138.3802752,1,1,safe,
-0.127335374,-0.427335374,-0.1155359862,104.591559,26.43941424,148.3802752,1,1,safe,
-0.127335374,-0.427335374,-0.0282695236,104.591559,26.43941424,158.3802752,1,1,safe,
-0.127335374,-0.427335374,0,104.591559,26.43941424,161.619724,1,1,safe,
-0.127335374,-0.3400689114,-1.25,104.591559,36.43941424,18.38027522,1,1,safe,
-0.127335374,-0.3400689114,-1.162733537,104.591559,36.43941424,28.38027522,1,1,safe,
-0.127335374,-0.3400689114,-1.075467075,104.591559,36.43941424,38.38027522,1,1,safe,
-0.127335374,-0.3400689114,-0.9882006122,104.591559,36.43941424,48.38027522,1,1,safe,
-0.127335374,-0.3400689114,-0.9009341496,104.591559,36.43941424,58.38027522,1,1,safe,
-0.127335374,-0.3400689114,-0.813667687,104.591559,36.43941424,68.38027522,1,1,safe,
-0.127335374,-0.3400689114,-0.7264012244,104.591559,36.43941424,78.38027522,1,1,safe,
-0.127335374,-0.3400689114,-0.6391347618,104.591559,36.43941424,88.38027522,1,1,safe,
-0.127335374,-0.3400689114,-0.5518682992,104.591559,36.43941424,98.38027522,1,1,safe,
-0.127335374,-0.3400689114,-0.4646018366,104.591559,36.43941424,108.3802752,1,1,safe,
-0.127335374,-0.3400689114,-0.377335374,104.591559,36.43941424,118.3802752,1,1,safe,
-0.127335374,-0.3400689114,-0.2900689114,104.591559,36.43941424,128.3802752,1,1,safe,
-0.127335374,-0.3400689114,-0.2028024488,104.591559,36.43941424,138.3802752,1,1,safe,
-0.127335374,-0.3400689114,-0.1155359862,104.591559,36.43941424,148.3802752,1,1,safe,
-0.127335374,-0.3400689114,-0.0282695236,104.591559,36.43941424,158.3802752,1,1,safe,
-0.127335374,-0.3400689114,0,104.591559,36.43941424,161.619724,1,1,safe,
-0.127335374,-0.2528024488,-1.25,104.591559,46.43941424,18.38027522,1,1,safe,
-0.127335374,-0.2528024488,-1.162733537,104.591559,46.43941424,28.38027522,1,1,safe,
-0.127335374,-0.2528024488,-1.075467075,104.591559,46.43941424,38.38027522,1,1,safe,
-0.127335374,-0.2528024488,-0.9882006122,104.591559,46.43941424,48.38027522,1,1,safe,
-0.127335374,-0.2528024488,-0.9009341496,104.591559,46.43941424,58.38027522,1,1,safe,
-0.127335374,-0.2528024488,-0.813667687,104.591559,46.43941424,68.38027522,1,1,safe,
-0.127335374,-0.2528024488,-0.7264012244,104.591559,46.43941424,78.38027522,1,1,safe,
-0.127335374,-0.2528024488,-0.6391347618,104.591559,46.43941424,88.38027522,1,1,safe,
-0.127335374,-0.2528024488,-0.5518682992,104.591559,46.43941424,98.38027522,1,1,safe,
-0.127335374,-0.2528024488,-0.4646018366,104.591559,46.43941424,108.3802752,1,1,safe,
-0.127335374,-0.2528024488,-0.377335374,104.591559,46.43941424,118.3802752,1,1,safe,
-0.127335374,-0.2528024488,-0.2900689114,104.591559,46.43941424,128.3802752,1,1,safe,
-0.127335374,-0.2528024488,-0.2028024488,104.591559,46.43941424,138.3802752,1,1,safe,
-0.127335374,-0.2528024488,-0.1155359862,104.591559,46.43941424,148.3802752,1,1,safe,
-0.127335374,-0.2528024488,-0.0282695236,104.591559,46.43941424,158.3802752,1,1,safe,
-0.127335374,-0.2528024488,0,104.591559,46.43941424,161.619724,1,1,safe,
-0.127335374,-0.1655359862,-1.25,104.591559,56.43941424,18.38027522,1,1,safe,
-0.127335374,-0.1655359862,-1.162733537,104.591559,56.43941424,28.38027522,1,1,safe,
-0.127335374,-0.1655359862,-1.075467075,104.591559,56.43941424,38.38027522,1,1,safe,
-0.127335374,-0.1655359862,-0.9882006122,104.591559,56.43941424,48.38027522,1,1,safe,
-0.127335374,-0.1655359862,-0.9009341496,104.591559,56.43941424,58.38027522,1,1,safe,
-0.127335374,-0.1655359862,-0.813667687,104.591559,56.43941424,68.38027522,1,1,safe,
-0.127335374,-0.1655359862,-0.7264012244,104.591559,56.43941424,78.38027522,1,1,safe,
-0.127335374,-0.1655359862,-0.6391347618,104.591559,56.43941424,88.38027522,1,1,safe,
-0.127335374,-0.1655359862,-0.5518682992,104.591559,56.43941424,98.38027522,1,1,safe,
-0.127335374,-0.1655359862,-0.4646018366,104.591559,56.43941424,108.3802752,1,1,safe,
-0.127335374,-0.1655359862,-0.377335374,104.591559,56.43941424,118.3802752,1,1,safe,
-0.127335374,-0.1655359862,-0.2900689114,104.591559,56.43941424,128.3802752,1,1,safe,
-0.127335374,-0.1655359862,-0.2028024488,104.591559,56.43941424,138.3802752,1,1,safe,
-0.127335374,-0.1655359862,-0.1155359862,104.591559,56.43941424,148.3802752,1,1,safe,
-0.127335374,-0.1655359862,-0.0282695236,104.591559,56.43941424,158.3802752,1,1,safe,
-0.127335374,-0.1655359862,0,104.591559,56.43941424,161.619724,1,1,safe,
-0.127335374,-0.0782695236,-1.25,104.591559,66.43941424,18.38027522,1,1,safe,
-0.127335374,-0.0782695236,-1.162733537,104.591559,66.43941424,28.38027522,1,1,safe,
-0.127335374,-0.0782695236,-1.075467075,104.591559,66.43941424,38.38027522,1,1,safe,
-0.127335374,-0.0782695236,-0.9882006122,104.591559,66.43941424,48.38027522,1,1,safe,
-0.127335374,-0.0782695236,-0.9009341496,104.591559,66.43941424,58.38027522,1,1,safe,
-0.127335374,-0.0782695236,-0.813667687,104.591559,66.43941424,68.38027522,1,1,safe,
-0.127335374,-0.0782695236,-0.7264012244,104.591559,66.43941424,78.38027522,1,1,safe,
-0.127335374,-0.0782695236,-0.6391347618,104.591559,66.43941424,88.38027522,1,1,safe,
-0.127335374,-0.0782695236,-0.5518682992,104.591559,66.43941424,98.38027522,1,1,safe,
-0.127335374,-0.0782695236,-0.4646018366,104.591559,66.43941424,108.3802752,1,1,safe,
-0.127335374,-0.0782695236,-0.377335374,104.591559,66.43941424,118.3802752,1,1,safe,
-0.127335374,-0.0782695236,-0.2900689114,104.591559,66.43941424,128.3802752,1,1,safe,
-0.127335374,-0.0782695236,-0.2028024488,104.591559,66.43941424,138.3802752,1,1,safe,
-0.127335374,-0.0782695236,-0.1155359862,104.591559,66.43941424,148.3802752,1,1,safe,
-0.127335374,-0.0782695236,-0.0282695236,104.591559,66.43941424,158.3802752,1,1,safe,
-0.127335374,-0.0782695236,0,104.591559,66.43941424,161.619724,1,1,safe,
-0.127335374,0.008996939,-1.25,104.591559,76.43941424,18.38027522,1,1,safe,
-0.127335374,0.008996939,-1.162733537,104.591559,76.43941424,28.38027522,1,1,safe,
-0.127335374,0.008996939,-1.075467075,104.591559,76.43941424,38.38027522,1,1,safe,
-0.127335374,0.008996939,-0.9882006122,104.591559,76.43941424,48.38027522,1,1,safe,
-0.127335374,0.008996939,-0.9009341496,104.591559,76.43941424,58.38027522,1,1,safe,
-0.127335374,0.008996939,-0.813667687,104.591559,76.43941424,68.38027522,1,1,safe,
-0.127335374,0.008996939,-0.7264012244,104.591559,76.43941424,78.38027522,1,1,safe,
-0.127335374,0.008996939,-0.6391347618,104.591559,76.43941424,88.38027522,1,1,safe,
-0.127335374,0.008996939,-0.5518682992,104.591559,76.43941424,98.38027522,1,1,safe,
-0.127335374,0.008996939,-0.4646018366,104.591559,76.43941424,108.3802752,1,1,safe,
-0.127335374,0.008996939,-0.377335374,104.591559,76.43941424,118.3802752,1,1,safe,
-0.127335374,0.008996939,-0.2900689114,104.591559,76.43941424,128.3802752,1,1,safe,
-0.127335374,0.008996939,-0.2028024488,104.591559,76.43941424,138.3802752,1,1,safe,
-0.127335374,0.008996939,-0.1155359862,104.591559,76.43941424,148.3802752,1,1,safe,
-0.127335374,0.008996939,-0.0282695236,104.591559,76.43941424,158.3802752,1,1,safe,
-0.127335374,0.008996939,0,104.591559,76.43941424,161.619724,1,1,safe,
-0.127335374,0.0962634016,-1.25,104.591559,86.43941424,18.38027522,1,1,safe,
-0.127335374,0.0962634016,-1.162733537,104.591559,86.43941424,28.38027522,1,1,safe,
-0.127335374,0.0962634016,-1.075467075,104.591559,86.43941424,38.38027522,1,1,safe,
-0.127335374,0.0962634016,-0.9882006122,104.591559,86.43941424,48.38027522,1,1,safe,
-0.127335374,0.0962634016,-0.9009341496,104.591559,86.43941424,58.38027522,1,1,safe,
-0.127335374,0.0962634016,-0.813667687,104.591559,86.43941424,68.38027522,1,1,safe,
-0.127335374,0.0962634016,-0.7264012244,104.591559,86.43941424,78.38027522,1,1,safe,
-0.127335374,0.0962634016,-0.6391347618,104.591559,86.43941424,88.38027522,1,1,safe,
-0.127335374,0.0962634016,-0.5518682992,104.591559,86.43941424,98.38027522,1,1,safe,
-0.127335374,0.0962634016,-0.4646018366,104.591559,86.43941424,108.3802752,1,1,safe,
-0.127335374,0.0962634016,-0.377335374,104.591559,86.43941424,118.3802752,1,1,safe,
-0.127335374,0.0962634016,-0.2900689114,104.591559,86.43941424,128.3802752,1,1,safe,
-0.127335374,0.0962634016,-0.2028024488,104.591559,86.43941424,138.3802752,1,1,safe,
-0.127335374,0.0962634016,-0.1155359862,104.591559,86.43941424,148.3802752,1,1,safe,
-0.127335374,0.0962634016,-0.0282695236,104.591559,86.43941424,158.3802752,1,1,safe,
-0.127335374,0.0962634016,0,104.591559,86.43941424,161.619724,1,1,safe,
-0.127335374,0.1835298642,-1.25,104.591559,96.43941424,18.38027522,1,1,safe,
-0.127335374,0.1835298642,-1.162733537,104.591559,96.43941424,28.38027522,1,1,safe,
-0.127335374,0.1835298642,-1.075467075,104.591559,96.43941424,38.38027522,1,1,safe,
-0.127335374,0.1835298642,-0.9882006122,104.591559,96.43941424,48.38027522,1,1,safe,
-0.127335374,0.1835298642,-0.9009341496,104.591559,96.43941424,58.38027522,1,1,safe,
-0.127335374,0.1835298642,-0.813667687,104.591559,96.43941424,68.38027522,1,1,safe,
-0.127335374,0.1835298642,-0.7264012244,104.591559,96.43941424,78.38027522,1,1,safe,
-0.127335374,0.1835298642,-0.6391347618,104.591559,96.43941424,88.38027522,1,1,safe,
-0.127335374,0.1835298642,-0.5518682992,104.591559,96.43941424,98.38027522,1,1,safe,
-0.127335374,0.1835298642,-0.4646018366,104.591559,96.43941424,108.3802752,1,1,safe,
-0.127335374,0.1835298642,-0.377335374,104.591559,96.43941424,118.3802752,1,1,safe,
-0.127335374,0.1835298642,-0.2900689114,104.591559,96.43941424,128.3802752,1,1,safe,
-0.127335374,0.1835298642,-0.2028024488,104.591559,96.43941424,138.3802752,1,1,safe,
-0.127335374,0.1835298642,-0.1155359862,104.591559,96.43941424,148.3802752,1,1,safe,
-0.127335374,0.1835298642,-0.0282695236,104.591559,96.43941424,158.3802752,1,1,safe,
-0.127335374,0.1835298642,0,104.591559,96.43941424,161.619724,1,1,safe,
-0.127335374,0.2707963268,-1.25,104.591559,106.4394142,18.38027522,1,1,safe,
-0.127335374,0.2707963268,-1.162733537,104.591559,106.4394142,28.38027522,1,1,safe,
-0.127335374,0.2707963268,-1.075467075,104.591559,106.4394142,38.38027522,1,1,safe,
-0.127335374,0.2707963268,-0.9882006122,104.591559,106.4394142,48.38027522,1,1,safe,
-0.127335374,0.2707963268,-0.9009341496,104.591559,106.4394142,58.38027522,1,1,safe,
-0.127335374,0.2707963268,-0.813667687,104.591559,106.4394142,68.38027522,1,1,safe,
-0.127335374,0.2707963268,-0.7264012244,104.591559,106.4394142,78.38027522,1,1,safe,
-0.127335374,0.2707963268,-0.6391347618,104.591559,106.4394142,88.38027522,1,1,safe,
-0.127335374,0.2707963268,-0.5518682992,104.591559,106.4394142,98.38027522,1,1,safe,
-0.127335374,0.2707963268,-0.4646018366,104.591559,106.4394142,108.3802752,1,1,safe,
-0.127335374,0.2707963268,-0.377335374,104.591559,106.4394142,118.3802752,1,1,safe,
-0.127335374,0.2707963268,-0.2900689114,104.591559,106.4394142,128.3802752,1,1,safe,
-0.127335374,0.2707963268,-0.2028024488,104.591559,106.4394142,138.3802752,1,1,safe,
-0.127335374,0.2707963268,-0.1155359862,104.591559,106.4394142,148.3802752,1,1,safe,
-0.127335374,0.2707963268,-0.0282695236,104.591559,106.4394142,158.3802752,1,1,safe,
-0.127335374,0.2707963268,0,104.591559,106.4394142,161.619724,1,1,safe,
-0.127335374,0.3580627894,-1.25,104.591559,116.4394142,18.38027522,1,1,safe,
-0.127335374,0.3580627894,-1.162733537,104.591559,116.4394142,28.38027522,1,1,safe,
-0.127335374,0.3580627894,-1.075467075,104.591559,116.4394142,38.38027522,1,1,safe,
-0.127335374,0.3580627894,-0.9882006122,104.591559,116.4394142,48.38027522,1,1,safe,
-0.127335374,0.3580627894,-0.9009341496,104.591559,116.4394142,58.38027522,1,1,safe,
-0.127335374,0.3580627894,-0.813667687,104.591559,116.4394142,68.38027522,1,1,safe,
-0.127335374,0.3580627894,-0.7264012244,104.591559,116.4394142,78.38027522,1,1,safe,
-0.127335374,0.3580627894,-0.6391347618,104.591559,116.4394142,88.38027522,1,1,safe,
-0.127335374,0.3580627894,-0.5518682992,104.591559,116.4394142,98.38027522,1,1,safe,
-0.127335374,0.3580627894,-0.4646018366,104.591559,116.4394142,108.3802752,1,1,safe,
-0.127335374,0.3580627894,-0.377335374,104.591559,116.4394142,118.3802752,1,1,safe,
-0.127335374,0.3580627894,-0.2900689114,104.591559,116.4394142,128.3802752,1,1,safe,
-0.127335374,0.3580627894,-0.2028024488,104.591559,116.4394142,138.3802752,1,1,safe,
-0.127335374,0.3580627894,-0.1155359862,104.591559,116.4394142,148.3802752,1,1,safe,
-0.127335374,0.3580627894,-0.0282695236,104.591559,116.4394142,158.3802752,1,1,safe,
-0.127335374,0.3580627894,0,104.591559,116.4394142,161.619724,1,1,safe,
-0.127335374,0.445329252,-1.25,104.591559,126.4394142,18.38027522,1,1,safe,
-0.127335374,0.445329252,-1.162733537,104.591559,126.4394142,28.38027522,1,1,safe,
-0.127335374,0.445329252,-1.075467075,104.591559,126.4394142,38.38027522,1,1,safe,
-0.127335374,0.445329252,-0.9882006122,104.591559,126.4394142,48.38027522,1,1,safe,
-0.127335374,0.445329252,-0.9009341496,104.591559,126.4394142,58.38027522,1,1,safe,
-0.127335374,0.445329252,-0.813667687,104.591559,126.4394142,68.38027522,1,1,safe,
-0.127335374,0.445329252,-0.7264012244,104.591559,126.4394142,78.38027522,1,1,safe,
-0.127335374,0.445329252,-0.6391347618,104.591559,126.4394142,88.38027522,1,1,safe,
-0.127335374,0.445329252,-0.5518682992,104.591559,126.4394142,98.38027522,1,1,safe,
-0.127335374,0.445329252,-0.4646018366,104.591559,126.4394142,108.3802752,1,1,safe,
-0.127335374,0.445329252,-0.377335374,104.591559,126.4394142,118.3802752,1,1,safe,
-0.127335374,0.445329252,-0.2900689114,104.591559,126.4394142,128.3802752,1,1,safe,
-0.127335374,0.445329252,-0.2028024488,104.591559,126.4394142,138.3802752,1,1,safe,
-0.127335374,0.445329252,-0.1155359862,104.591559,126.4394142,148.3802752,1,1,safe,
-0.127335374,0.445329252,-0.0282695236,104.591559,126.4394142,158.3802752,1,1,safe,
-0.127335374,0.445329252,0,104.591559,126.4394142,161.619724,1,1,safe,
-0.127335374,0.5325957146,-1.25,104.591559,136.4394142,18.38027522,1,1,safe,
-0.127335374,0.5325957146,-1.162733537,104.591559,136.4394142,28.38027522,1,1,safe,
-0.127335374,0.5325957146,-1.075467075,104.591559,136.4394142,38.38027522,1,1,safe,
-0.127335374,0.5325957146,-0.9882006122,104.591559,136.4394142,48.38027522,1,1,safe,
-0.127335374,0.5325957146,-0.9009341496,104.591559,136.4394142,58.38027522,1,1,safe,
-0.127335374,0.5325957146,-0.813667687,104.591559,136.4394142,68.38027522,1,1,safe,
-0.127335374,0.5325957146,-0.7264012244,104.591559,136.4394142,78.38027522,1,1,safe,
-0.127335374,0.5325957146,-0.6391347618,104.591559,136.4394142,88.38027522,1,1,safe,
-0.127335374,0.5325957146,-0.5518682992,104.591559,136.4394142,98.38027522,1,1,safe,
-0.127335374,0.5325957146,-0.4646018366,104.591559,136.4394142,108.3802752,1,1,safe,
-0.127335374,0.5325957146,-0.377335374,104.591559,136.4394142,118.3802752,1,1,safe,
-0.127335374,0.5325957146,-0.2900689114,104.591559,136.4394142,128.3802752,1,1,safe,
-0.127335374,0.5325957146,-0.2028024488,104.591559,136.4394142,138.3802752,1,1,safe,
-0.127335374,0.5325957146,-0.1155359862,104.591559,136.4394142,148.3802752,1,1,safe,
-0.127335374,0.5325957146,-0.0282695236,104.591559,136.4394142,158.3802752,1,1,safe,
-0.127335374,0.5325957146,0,104.591559,136.4394142,161.619724,1,1,safe,
-0.127335374,0.6198621772,-1.25,104.591559,146.4394142,18.38027522,1,1,safe,
-0.127335374,0.6198621772,-1.162733537,104.591559,146.4394142,28.38027522,1,1,safe,
-0.127335374,0.6198621772,-1.075467075,104.591559,146.4394142,38.38027522,1,1,safe,
-0.127335374,0.6198621772,-0.9882006122,104.591559,146.4394142,48.38027522,1,1,safe,
-0.127335374,0.6198621772,-0.9009341496,104.591559,146.4394142,58.38027522,1,1,safe,
-0.127335374,0.6198621772,-0.813667687,104.591559,146.4394142,68.38027522,1,1,safe,
-0.127335374,0.6198621772,-0.7264012244,104.591559,146.4394142,78.38027522,1,1,safe,
-0.127335374,0.6198621772,-0.6391347618,104.591559,146.4394142,88.38027522,1,1,safe,
-0.127335374,0.6198621772,-0.5518682992,104.591559,146.4394142,98.38027522,1,1,safe,
-0.127335374,0.6198621772,-0.4646018366,104.591559,146.4394142,108.3802752,1,1,safe,
-0.127335374,0.6198621772,-0.377335374,104.591559,146.4394142,118.3802752,1,1,safe,
-0.127335374,0.6198621772,-0.2900689114,104.591559,146.4394142,128.3802752,1,1,safe,
-0.127335374,0.6198621772,-0.2028024488,104.591559,146.4394142,138.3802752,1,1,safe,
-0.127335374,0.6198621772,-0.1155359862,104.591559,146.4394142,148.3802752,1,1,safe,
-0.127335374,0.6198621772,-0.0282695236,104.591559,146.4394142,158.3802752,1,1,safe,
-0.127335374,0.6198621772,0,104.591559,146.4394142,161.619724,1,1,safe,
-0.127335374,0.7071286398,-1.25,104.591559,156.4394142,18.38027522,1,1,safe,
-0.127335374,0.7071286398,-1.162733537,104.591559,156.4394142,28.38027522,1,1,safe,
-0.127335374,0.7071286398,-1.075467075,104.591559,156.4394142,38.38027522,1,1,safe,
-0.127335374,0.7071286398,-0.9882006122,104.591559,156.4394142,48.38027522,1,1,safe,
-0.127335374,0.7071286398,-0.9009341496,104.591559,156.4394142,58.38027522,1,1,safe,
-0.127335374,0.7071286398,-0.813667687,104.591559,156.4394142,68.38027522,1,1,safe,
-0.127335374,0.7071286398,-0.7264012244,104.591559,156.4394142,78.38027522,1,1,safe,
-0.127335374,0.7071286398,-0.6391347618,104.591559,156.4394142,88.38027522,1,1,safe,
-0.127335374,0.7071286398,-0.5518682992,104.591559,156.4394142,98.38027522,1,1,safe,
-0.127335374,0.7071286398,-0.4646018366,104.591559,156.4394142,108.3802752,1,1,safe,
-0.127335374,0.7071286398,-0.377335374,104.591559,156.4394142,118.3802752,1,1,safe,
-0.127335374,0.7071286398,-0.2900689114,104.591559,156.4394142,128.3802752,1,1,safe,
-0.127335374,0.7071286398,-0.2028024488,104.591559,156.4394142,138.3802752,1,1,safe,
-0.127335374,0.7071286398,-0.1155359862,104.591559,156.4394142,148.3802752,1,1,safe,
-0.127335374,0.7071286398,-0.0282695236,104.591559,156.4394142,158.3802752,1,1,safe,
-0.127335374,0.7071286398,0,104.591559,156.4394142,161.619724,1,1,safe,
-0.0400689114,-0.6018682992,-1.25,94.59155903,16.43941424,18.38027522,1,1,safe,
-0.0400689114,-0.6018682992,-1.162733537,94.59155903,16.43941424,28.38027522,1,1,safe,
-0.0400689114,-0.6018682992,-1.075467075,94.59155903,16.43941424,38.38027522,1,1,safe,
-0.0400689114,-0.6018682992,-0.9882006122,94.59155903,16.43941424,48.38027522,1,1,safe,
-0.0400689114,-0.6018682992,-0.9009341496,94.59155903,16.43941424,58.38027522,1,1,safe,
-0.0400689114,-0.6018682992,-0.813667687,94.59155903,16.43941424,68.38027522,1,1,safe,
-0.0400689114,-0.6018682992,-0.7264012244,94.59155903,16.43941424,78.38027522,1,1,safe,
-0.0400689114,-0.6018682992,-0.6391347618,94.59155903,16.43941424,88.38027522,1,1,safe,
-0.0400689114,-0.6018682992,-0.5518682992,94.59155903,16.43941424,98.38027522,1,1,safe,
-0.0400689114,-0.6018682992,-0.4646018366,94.59155903,16.43941424,108.3802752,1,1,safe,
-0.0400689114,-0.6018682992,-0.377335374,94.59155903,16.43941424,118.3802752,1,1,safe,
-0.0400689114,-0.6018682992,-0.2900689114,94.59155903,16.43941424,128.3802752,1,1,safe,
-0.0400689114,-0.6018682992,-0.2028024488,94.59155903,16.43941424,138.3802752,1,1,safe,
-0.0400689114,-0.6018682992,-0.1155359862,94.59155903,16.43941424,148.3802752,1,1,safe,
-0.0400689114,-0.6018682992,-0.0282695236,94.59155903,16.43941424,158.3802752,1,1,safe,
-0.0400689114,-0.6018682992,0,94.59155903,16.43941424,161.619724,1,1,safe,
-0.0400689114,-0.5146018366,-1.25,94.59155903,26.43941424,18.38027522,1,1,safe,
-0.0400689114,-0.5146018366,-1.162733537,94.59155903,26.43941424,28.38027522,1,1,safe,
-0.0400689114,-0.5146018366,-1.075467075,94.59155903,26.43941424,38.38027522,1,1,safe,
-0.0400689114,-0.5146018366,-0.9882006122,94.59155903,26.43941424,48.38027522,1,1,safe,
-0.0400689114,-0.5146018366,-0.9009341496,94.59155903,26.43941424,58.38027522,1,1,safe,
-0.0400689114,-0.5146018366,-0.813667687,94.59155903,26.43941424,68.38027522,1,1,safe,
-0.0400689114,-0.5146018366,-0.7264012244,94.59155903,26.43941424,78.38027522,1,1,safe,
-0.0400689114,-0.5146018366,-0.6391347618,94.59155903,26.43941424,88.38027522,1,1,safe,
-0.0400689114,-0.5146018366,-0.5518682992,94.59155903,26.43941424,98.38027522,1,1,safe,
-0.0400689114,-0.5146018366,-0.4646018366,94.59155903,26.43941424,108.3802752,1,1,safe,
-0.0400689114,-0.5146018366,-0.377335374,94.59155903,26.43941424,118.3802752,1,1,safe,
-0.0400689114,-0.5146018366,-0.2900689114,94.59155903,26.43941424,128.3802752,1,1,safe,
-0.0400689114,-0.5146018366,-0.2028024488,94.59155903,26.43941424,138.3802752,1,1,safe,
-0.0400689114,-0.5146018366,-0.1155359862,94.59155903,26.43941424,148.3802752,1,1,safe,
-0.0400689114,-0.5146018366,-0.0282695236,94.59155903,26.43941424,158.3802752,1,1,safe,
-0.0400689114,-0.5146018366,0,94.59155903,26.43941424,161.619724,1,1,safe,
-0.0400689114,-0.427335374,-1.25,94.59155903,36.43941424,18.38027522,1,1,safe,
-0.0400689114,-0.427335374,-1.162733537,94.59155903,36.43941424,28.38027522,1,1,safe,
-0.0400689114,-0.427335374,-1.075467075,94.59155903,36.43941424,38.38027522,1,1,safe,
-0.0400689114,-0.427335374,-0.9882006122,94.59155903,36.43941424,48.38027522,1,1,safe,
-0.0400689114,-0.427335374,-0.9009341496,94.59155903,36.43941424,58.38027522,1,1,safe,
-0.0400689114,-0.427335374,-0.813667687,94.59155903,36.43941424,68.38027522,1,1,safe,
-0.0400689114,-0.427335374,-0.7264012244,94.59155903,36.43941424,78.38027522,1,1,safe,
-0.0400689114,-0.427335374,-0.6391347618,94.59155903,36.43941424,88.38027522,1,1,safe,
-0.0400689114,-0.427335374,-0.5518682992,94.59155903,36.43941424,98.38027522,1,1,safe,
-0.0400689114,-0.427335374,-0.4646018366,94.59155903,36.43941424,108.3802752,1,1,safe,
-0.0400689114,-0.427335374,-0.377335374,94.59155903,36.43941424,118.3802752,1,1,safe,
-0.0400689114,-0.427335374,-0.2900689114,94.59155903,36.43941424,128.3802752,1,1,safe,
-0.0400689114,-0.427335374,-0.2028024488,94.59155903,36.43941424,138.3802752,1,1,safe,
-0.0400689114,-0.427335374,-0.1155359862,94.59155903,36.43941424,148.3802752,1,1,safe,
-0.0400689114,-0.427335374,-0.0282695236,94.59155903,36.43941424,158.3802752,1,1,safe,
-0.0400689114,-0.427335374,0,94.59155903,36.43941424,161.619724,1,1,safe,
-0.0400689114,-0.3400689114,-1.25,94.59155903,46.43941424,18.38027522,1,1,safe,
-0.0400689114,-0.3400689114,-1.162733537,94.59155903,46.43941424,28.38027522,1,1,safe,
-0.0400689114,-0.3400689114,-1.075467075,94.59155903,46.43941424,38.38027522,1,1,safe,
-0.0400689114,-0.3400689114,-0.9882006122,94.59155903,46.43941424,48.38027522,1,1,safe,
-0.0400689114,-0.3400689114,-0.9009341496,94.59155903,46.43941424,58.38027522,1,1,safe,
-0.0400689114,-0.3400689114,-0.813667687,94.59155903,46.43941424,68.38027522,1,1,safe,
-0.0400689114,-0.3400689114,-0.7264012244,94.59155903,46.43941424,78.38027522,1,1,safe,
-0.0400689114,-0.3400689114,-0.6391347618,94.59155903,46.43941424,88.38027522,1,1,safe,
-0.0400689114,-0.3400689114,-0.5518682992,94.59155903,46.43941424,98.38027522,1,1,safe,
-0.0400689114,-0.3400689114,-0.4646018366,94.59155903,46.43941424,108.3802752,1,1,safe,
-0.0400689114,-0.3400689114,-0.377335374,94.59155903,46.43941424,118.3802752,1,1,safe,
-0.0400689114,-0.3400689114,-0.2900689114,94.59155903,46.43941424,128.3802752,1,1,safe,
-0.0400689114,-0.3400689114,-0.2028024488,94.59155903,46.43941424,138.3802752,1,1,safe,
-0.0400689114,-0.3400689114,-0.1155359862,94.59155903,46.43941424,148.3802752,1,1,safe,
-0.0400689114,-0.3400689114,-0.0282695236,94.59155903,46.43941424,158.3802752,1,1,safe,
-0.0400689114,-0.3400689114,0,94.59155903,46.43941424,161.619724,1,1,safe,
-0.0400689114,-0.2528024488,-1.25,94.59155903,56.43941424,18.38027522,1,1,safe,
-0.0400689114,-0.2528024488,-1.162733537,94.59155903,56.43941424,28.38027522,1,1,safe,
-0.0400689114,-0.2528024488,-1.075467075,94.59155903,56.43941424,38.38027522,1,1,safe,
-0.0400689114,-0.2528024488,-0.9882006122,94.59155903,56.43941424,48.38027522,1,1,safe,
-0.0400689114,-0.2528024488,-0.9009341496,94.59155903,56.43941424,58.38027522,1,1,safe,
-0.0400689114,-0.2528024488,-0.813667687,94.59155903,56.43941424,68.38027522,1,1,safe,
-0.0400689114,-0.2528024488,-0.7264012244,94.59155903,56.43941424,78.38027522,1,1,safe,
-0.0400689114,-0.2528024488,-0.6391347618,94.59155903,56.43941424,88.38027522,1,1,safe,
-0.0400689114,-0.2528024488,-0.5518682992,94.59155903,56.43941424,98.38027522,1,1,safe,
-0.0400689114,-0.2528024488,-0.4646018366,94.59155903,56.43941424,108.3802752,1,1,safe,
-0.0400689114,-0.2528024488,-0.377335374,94.59155903,56.43941424,118.3802752,1,1,safe,
-0.0400689114,-0.2528024488,-0.2900689114,94.59155903,56.43941424,128.3802752,1,1,safe,
-0.0400689114,-0.2528024488,-0.2028024488,94.59155903,56.43941424,138.3802752,1,1,safe,
-0.0400689114,-0.2528024488,-0.1155359862,94.59155903,56.43941424,148.3802752,1,1,safe,
-0.0400689114,-0.2528024488,-0.0282695236,94.59155903,56.43941424,158.3802752,1,1,safe,
-0.0400689114,-0.2528024488,0,94.59155903,56.43941424,161.619724,1,1,safe,
-0.0400689114,-0.1655359862,-1.25,94.59155903,66.43941424,18.38027522,1,1,safe,
-0.0400689114,-0.1655359862,-1.162733537,94.59155903,66.43941424,28.38027522,1,1,safe,
-0.0400689114,-0.1655359862,-1.075467075,94.59155903,66.43941424,38.38027522,1,1,safe,
-0.0400689114,-0.1655359862,-0.9882006122,94.59155903,66.43941424,48.38027522,1,1,safe,
-0.0400689114,-0.1655359862,-0.9009341496,94.59155903,66.43941424,58.38027522,1,1,safe,
-0.0400689114,-0.1655359862,-0.813667687,94.59155903,66.43941424,68.38027522,1,1,safe,
-0.0400689114,-0.1655359862,-0.7264012244,94.59155903,66.43941424,78.38027522,1,1,safe,
-0.0400689114,-0.1655359862,-0.6391347618,94.59155903,66.43941424,88.38027522,1,1,safe,
-0.0400689114,-0.1655359862,-0.5518682992,94.59155903,66.43941424,98.38027522,1,1,safe,
-0.0400689114,-0.1655359862,-0.4646018366,94.59155903,66.43941424,108.3802752,1,1,safe,
-0.0400689114,-0.1655359862,-0.377335374,94.59155903,66.43941424,118.3802752,1,1,safe,
-0.0400689114,-0.1655359862,-0.2900689114,94.59155903,66.43941424,128.3802752,1,1,safe,
-0.0400689114,-0.1655359862,-0.2028024488,94.59155903,66.43941424,138.3802752,1,1,safe,
-0.0400689114,-0.1655359862,-0.1155359862,94.59155903,66.43941424,148.3802752,1,1,safe,
-0.0400689114,-0.1655359862,-0.0282695236,94.59155903,66.43941424,158.3802752,1,1,safe,
-0.0400689114,-0.1655359862,0,94.59155903,66.43941424,161.619724,1,1,safe,
-0.0400689114,-0.0782695236,-1.25,94.59155903,76.43941424,18.38027522,1,1,safe,
-0.0400689114,-0.0782695236,-1.162733537,94.59155903,76.43941424,28.38027522,1,1,safe,
-0.0400689114,-0.0782695236,-1.075467075,94.59155903,76.43941424,38.38027522,1,1,safe,
-0.0400689114,-0.0782695236,-0.9882006122,94.59155903,76.43941424,48.38027522,1,1,safe,
-0.0400689114,-0.0782695236,-0.9009341496,94.59155903,76.43941424,58.38027522,1,1,safe,
-0.0400689114,-0.0782695236,-0.813667687,94.59155903,76.43941424,68.38027522,1,1,safe,
-0.0400689114,-0.0782695236,-0.7264012244,94.59155903,76.43941424,78.38027522,1,1,safe,
-0.0400689114,-0.0782695236,-0.6391347618,94.59155903,76.43941424,88.38027522,1,1,safe,
-0.0400689114,-0.0782695236,-0.5518682992,94.59155903,76.43941424,98.38027522,1,1,safe,
-0.0400689114,-0.0782695236,-0.4646018366,94.59155903,76.43941424,108.3802752,1,1,safe,
-0.0400689114,-0.0782695236,-0.377335374,94.59155903,76.43941424,118.3802752,1,1,safe,
-0.0400689114,-0.0782695236,-0.2900689114,94.59155903,76.43941424,128.3802752,1,1,safe,
-0.0400689114,-0.0782695236,-0.2028024488,94.59155903,76.43941424,138.3802752,1,1,safe,
-0.0400689114,-0.0782695236,-0.1155359862,94.59155903,76.43941424,148.3802752,1,1,safe,
-0.0400689114,-0.0782695236,-0.0282695236,94.59155903,76.43941424,158.3802752,1,1,safe,
-0.0400689114,-0.0782695236,0,94.59155903,76.43941424,161.619724,1,1,safe,
-0.0400689114,0.008996939,-1.25,94.59155903,86.43941424,18.38027522,1,1,safe,
-0.0400689114,0.008996939,-1.162733537,94.59155903,86.43941424,28.38027522,1,1,safe,
-0.0400689114,0.008996939,-1.075467075,94.59155903,86.43941424,38.38027522,1,1,safe,
-0.0400689114,0.008996939,-0.9882006122,94.59155903,86.43941424,48.38027522,1,1,safe,
-0.0400689114,0.008996939,-0.9009341496,94.59155903,86.43941424,58.38027522,1,1,safe,
-0.0400689114,0.008996939,-0.813667687,94.59155903,86.43941424,68.38027522,1,1,safe,
-0.0400689114,0.008996939,-0.7264012244,94.59155903,86.43941424,78.38027522,1,1,safe,
-0.0400689114,0.008996939,-0.6391347618,94.59155903,86.43941424,88.38027522,1,1,safe,
-0.0400689114,0.008996939,-0.5518682992,94.59155903,86.43941424,98.38027522,1,1,safe,
-0.0400689114,0.008996939,-0.4646018366,94.59155903,86.43941424,108.3802752,1,1,safe,
-0.0400689114,0.008996939,-0.377335374,94.59155903,86.43941424,118.3802752,1,1,safe,
-0.0400689114,0.008996939,-0.2900689114,94.59155903,86.43941424,128.3802752,1,1,safe,
-0.0400689114,0.008996939,-0.2028024488,94.59155903,86.43941424,138.3802752,1,1,safe,
-0.0400689114,0.008996939,-0.1155359862,94.59155903,86.43941424,148.3802752,1,1,safe,
-0.0400689114,0.008996939,-0.0282695236,94.59155903,86.43941424,158.3802752,1,1,safe,
-0.0400689114,0.008996939,0,94.59155903,86.43941424,161.619724,1,1,safe,
-0.0400689114,0.0962634016,-1.25,94.59155903,96.43941424,18.38027522,1,1,safe,
-0.0400689114,0.0962634016,-1.162733537,94.59155903,96.43941424,28.38027522,1,1,safe,
-0.0400689114,0.0962634016,-1.075467075,94.59155903,96.43941424,38.38027522,1,1,safe,
-0.0400689114,0.0962634016,-0.9882006122,94.59155903,96.43941424,48.38027522,1,1,safe,
-0.0400689114,0.0962634016,-0.9009341496,94.59155903,96.43941424,58.38027522,1,1,safe,
-0.0400689114,0.0962634016,-0.813667687,94.59155903,96.43941424,68.38027522,1,1,safe,
-0.0400689114,0.0962634016,-0.7264012244,94.59155903,96.43941424,78.38027522,1,1,safe,
-0.0400689114,0.0962634016,-0.6391347618,94.59155903,96.43941424,88.38027522,1,1,safe,
-0.0400689114,0.0962634016,-0.5518682992,94.59155903,96.43941424,98.38027522,1,1,safe,
-0.0400689114,0.0962634016,-0.4646018366,94.59155903,96.43941424,108.3802752,1,1,safe,
-0.0400689114,0.0962634016,-0.377335374,94.59155903,96.43941424,118.3802752,1,1,safe,
-0.0400689114,0.0962634016,-0.2900689114,94.59155903,96.43941424,128.3802752,1,1,safe,
-0.0400689114,0.0962634016,-0.2028024488,94.59155903,96.43941424,138.3802752,1,1,safe,
-0.0400689114,0.0962634016,-0.1155359862,94.59155903,96.43941424,148.3802752,1,1,safe,
-0.0400689114,0.0962634016,-0.0282695236,94.59155903,96.43941424,158.3802752,1,1,safe,
-0.0400689114,0.0962634016,0,94.59155903,96.43941424,161.619724,1,1,safe,
-0.0400689114,0.1835298642,-1.25,94.59155903,106.4394142,18.38027522,1,1,safe,
-0.0400689114,0.1835298642,-1.162733537,94.59155903,106.4394142,28.38027522,1,1,safe,
-0.0400689114,0.1835298642,-1.075467075,94.59155903,106.4394142,38.38027522,1,1,safe,
-0.0400689114,0.1835298642,-0.9882006122,94.59155903,106.4394142,48.38027522,1,1,safe,
-0.0400689114,0.1835298642,-0.9009341496,94.59155903,106.4394142,58.38027522,1,1,safe,
-0.0400689114,0.1835298642,-0.813667687,94.59155903,106.4394142,68.38027522,1,1,safe,
-0.0400689114,0.1835298642,-0.7264012244,94.59155903,106.4394142,78.38027522,1,1,safe,
-0.0400689114,0.1835298642,-0.6391347618,94.59155903,106.4394142,88.38027522,1,1,safe,
-0.0400689114,0.1835298642,-0.5518682992,94.59155903,106.4394142,98.38027522,1,1,safe,
-0.0400689114,0.1835298642,-0.4646018366,94.59155903,106.4394142,108.3802752,1,1,safe,
-0.0400689114,0.1835298642,-0.377335374,94.59155903,106.4394142,118.3802752,1,1,safe,
-0.0400689114,0.1835298642,-0.2900689114,94.59155903,106.4394142,128.3802752,1,1,safe,
-0.0400689114,0.1835298642,-0.2028024488,94.59155903,106.4394142,138.3802752,1,1,safe,
-0.0400689114,0.1835298642,-0.1155359862,94.59155903,106.4394142,148.3802752,1,1,safe,
-0.0400689114,0.1835298642,-0.0282695236,94.59155903,106.4394142,158.3802752,1,1,safe,
-0.0400689114,0.1835298642,0,94.59155903,106.4394142,161.619724,1,1,safe,
-0.0400689114,0.2707963268,-1.25,94.59155903,116.4394142,18.38027522,1,1,safe,
-0.0400689114,0.2707963268,-1.162733537,94.59155903,116.4394142,28.38027522,1,1,safe,
-0.0400689114,0.2707963268,-1.075467075,94.59155903,116.4394142,38.38027522,1,1,safe,
-0.0400689114,0.2707963268,-0.9882006122,94.59155903,116.4394142,48.38027522,1,1,safe,
-0.0400689114,0.2707963268,-0.9009341496,94.59155903,116.4394142,58.38027522,1,1,safe,
-0.0400689114,0.2707963268,-0.813667687,94.59155903,116.4394142,68.38027522,1,1,safe,
-0.0400689114,0.2707963268,-0.7264012244,94.59155903,116.4394142,78.38027522,1,1,safe,
-0.0400689114,0.2707963268,-0.6391347618,94.59155903,116.4394142,88.38027522,1,1,safe,
-0.0400689114,0.2707963268,-0.5518682992,94.59155903,116.4394142,98.38027522,1,1,safe,
-0.0400689114,0.2707963268,-0.4646018366,94.59155903,116.4394142,108.3802752,1,1,safe,
-0.0400689114,0.2707963268,-0.377335374,94.59155903,116.4394142,118.3802752,1,1,safe,
-0.0400689114,0.2707963268,-0.2900689114,94.59155903,116.4394142,128.3802752,1,1,safe,
-0.0400689114,0.2707963268,-0.2028024488,94.59155903,116.4394142,138.3802752,1,1,safe,
-0.0400689114,0.2707963268,-0.1155359862,94.59155903,116.4394142,148.3802752,1,1,safe,
-0.0400689114,0.2707963268,-0.0282695236,94.59155903,116.4394142,158.3802752,1,1,safe,
-0.0400689114,0.2707963268,0,94.59155903,116.4394142,161.619724,1,1,safe,
-0.0400689114,0.3580627894,-1.25,94.59155903,126.4394142,18.38027522,1,1,safe,
-0.0400689114,0.3580627894,-1.162733537,94.59155903,126.4394142,28.38027522,1,1,safe,
-0.0400689114,0.3580627894,-1.075467075,94.59155903,126.4394142,38.38027522,1,1,safe,
-0.0400689114,0.3580627894,-0.9882006122,94.59155903,126.4394142,48.38027522,1,1,safe,
-0.0400689114,0.3580627894,-0.9009341496,94.59155903,126.4394142,58.38027522,1,1,safe,
-0.0400689114,0.3580627894,-0.813667687,94.59155903,126.4394142,68.38027522,1,1,safe,
-0.0400689114,0.3580627894,-0.7264012244,94.59155903,126.4394142,78.38027522,1,1,safe,
-0.0400689114,0.3580627894,-0.6391347618,94.59155903,126.4394142,88.38027522,1,1,safe,
-0.0400689114,0.3580627894,-0.5518682992,94.59155903,126.4394142,98.38027522,1,1,safe,
-0.0400689114,0.3580627894,-0.4646018366,94.59155903,126.4394142,108.3802752,1,1,safe,
-0.0400689114,0.3580627894,-0.377335374,94.59155903,126.4394142,118.3802752,1,1,safe,
-0.0400689114,0.3580627894,-0.2900689114,94.59155903,126.4394142,128.3802752,1,1,safe,
-0.0400689114,0.3580627894,-0.2028024488,94.59155903,126.4394142,138.3802752,1,1,safe,
-0.0400689114,0.3580627894,-0.1155359862,94.59155903,126.4394142,148.3802752,1,1,safe,
-0.0400689114,0.3580627894,-0.0282695236,94.59155903,126.4394142,158.3802752,1,1,safe,
-0.0400689114,0.3580627894,0,94.59155903,126.4394142,161.619724,1,1,safe,
-0.0400689114,0.445329252,-1.25,94.59155903,136.4394142,18.38027522,1,1,safe,
-0.0400689114,0.445329252,-1.162733537,94.59155903,136.4394142,28.38027522,1,1,safe,
-0.0400689114,0.445329252,-1.075467075,94.59155903,136.4394142,38.38027522,1,1,safe,
-0.0400689114,0.445329252,-0.9882006122,94.59155903,136.4394142,48.38027522,1,1,safe,
-0.0400689114,0.445329252,-0.9009341496,94.59155903,136.4394142,58.38027522,1,1,safe,
-0.0400689114,0.445329252,-0.813667687,94.59155903,136.4394142,68.38027522,1,1,safe,
-0.0400689114,0.445329252,-0.7264012244,94.59155903,136.4394142,78.38027522,1,1,safe,
-0.0400689114,0.445329252,-0.6391347618,94.59155903,136.4394142,88.38027522,1,1,safe,
-0.0400689114,0.445329252,-0.5518682992,94.59155903,136.4394142,98.38027522,1,1,safe,
-0.0400689114,0.445329252,-0.4646018366,94.59155903,136.4394142,108.3802752,1,1,safe,
-0.0400689114,0.445329252,-0.377335374,94.59155903,136.4394142,118.3802752,1,1,safe,
-0.0400689114,0.445329252,-0.2900689114,94.59155903,136.4394142,128.3802752,1,1,safe,
-0.0400689114,0.445329252,-0.2028024488,94.59155903,136.4394142,138.3802752,1,1,safe,
-0.0400689114,0.445329252,-0.1155359862,94.59155903,136.4394142,148.3802752,1,1,safe,
-0.0400689114,0.445329252,-0.0282695236,94.59155903,136.4394142,158.3802752,1,1,safe,
-0.0400689114,0.445329252,0,94.59155903,136.4394142,161.619724,1,1,safe,
-0.0400689114,0.5325957146,-1.25,94.59155903,146.4394142,18.38027522,1,1,safe,
-0.0400689114,0.5325957146,-1.162733537,94.59155903,146.4394142,28.38027522,1,1,safe,
-0.0400689114,0.5325957146,-1.075467075,94.59155903,146.4394142,38.38027522,1,1,safe,
-0.0400689114,0.5325957146,-0.9882006122,94.59155903,146.4394142,48.38027522,1,1,safe,
-0.0400689114,0.5325957146,-0.9009341496,94.59155903,146.4394142,58.38027522,1,1,safe,
-0.0400689114,0.5325957146,-0.813667687,94.59155903,146.4394142,68.38027522,1,1,safe,
-0.0400689114,0.5325957146,-0.7264012244,94.59155903,146.4394142,78.38027522,1,1,safe,
-0.0400689114,0.5325957146,-0.6391347618,94.59155903,146.4394142,88.38027522,1,1,safe,
-0.0400689114,0.5325957146,-0.5518682992,94.59155903,146.4394142,98.38027522,1,1,safe,
-0.0400689114,0.5325957146,-0.4646018366,94.59155903,146.4394142,108.3802752,1,1,safe,
-0.0400689114,0.5325957146,-0.377335374,94.59155903,146.4394142,118.3802752,1,1,safe,
-0.0400689114,0.5325957146,-0.2900689114,94.59155903,146.4394142,128.3802752,1,1,safe,
-0.0400689114,0.5325957146,-0.2028024488,94.59155903,146.4394142,138.3802752,1,1,safe,
-0.0400689114,0.5325957146,-0.1155359862,94.59155903,146.4394142,148.3802752,1,1,safe,
-0.0400689114,0.5325957146,-0.0282695236,94.59155903,146.4394142,158.3802752,1,1,safe,
-0.0400689114,0.5325957146,0,94.59155903,146.4394142,161.619724,1,1,safe,
-0.0400689114,0.6198621772,-1.25,94.59155903,156.4394142,18.38027522,1,1,safe,
-0.0400689114,0.6198621772,-1.162733537,94.59155903,156.4394142,28.38027522,1,1,safe,
-0.0400689114,0.6198621772,-1.075467075,94.59155903,156.4394142,38.38027522,1,1,safe,
-0.0400689114,0.6198621772,-0.9882006122,94.59155903,156.4394142,48.38027522,1,1,safe,
-0.0400689114,0.6198621772,-0.9009341496,94.59155903,156.4394142,58.38027522,1,1,safe,
-0.0400689114,0.6198621772,-0.813667687,94.59155903,156.4394142,68.38027522,1,1,safe,
-0.0400689114,0.6198621772,-0.7264012244,94.59155903,156.4394142,78.38027522,1,1,safe,
-0.0400689114,0.6198621772,-0.6391347618,94.59155903,156.4394142,88.38027522,1,1,safe,
-0.0400689114,0.6198621772,-0.5518682992,94.59155903,156.4394142,98.38027522,1,1,safe,
-0.0400689114,0.6198621772,-0.4646018366,94.59155903,156.4394142,108.3802752,1,1,safe,
-0.0400689114,0.6198621772,-0.377335374,94.59155903,156.4394142,118.3802752,1,1,safe,
-0.0400689114,0.6198621772,-0.2900689114,94.59155903,156.4394142,128.3802752,1,1,safe,
-0.0400689114,0.6198621772,-0.2028024488,94.59155903,156.4394142,138.3802752,1,1,safe,
-0.0400689114,0.6198621772,-0.1155359862,94.59155903,156.4394142,148.3802752,1,1,safe,
-0.0400689114,0.6198621772,-0.0282695236,94.59155903,156.4394142,158.3802752,1,1,safe,
-0.0400689114,0.6198621772,0,94.59155903,156.4394142,161.619724,1,1,safe,
0.0471975512,-0.6891347618,-1.25,84.59155903,16.43941424,18.38027522,1,1,safe,
0.0471975512,-0.6891347618,-1.162733537,84.59155903,16.43941424,28.38027522,1,1,safe,
0.0471975512,-0.6891347618,-1.075467075,84.59155903,16.43941424,38.38027522,1,1,safe,
0.0471975512,-0.6891347618,-0.9882006122,84.59155903,16.43941424,48.38027522,1,1,safe,
0.0471975512,-0.6891347618,-0.9009341496,84.59155903,16.43941424,58.38027522,1,1,safe,
0.0471975512,-0.6891347618,-0.813667687,84.59155903,16.43941424,68.38027522,1,1,safe,
0.0471975512,-0.6891347618,-0.7264012244,84.59155903,16.43941424,78.38027522,1,1,safe,
0.0471975512,-0.6891347618,-0.6391347618,84.59155903,16.43941424,88.38027522,1,1,safe,
0.0471975512,-0.6891347618,-0.5518682992,84.59155903,16.43941424,98.38027522,1,1,safe,
0.0471975512,-0.6891347618,-0.4646018366,84.59155903,16.43941424,108.3802752,1,1,safe,
0.0471975512,-0.6891347618,-0.377335374,84.59155903,16.43941424,118.3802752,1,1,safe,
0.0471975512,-0.6891347618,-0.2900689114,84.59155903,16.43941424,128.3802752,1,1,safe,
0.0471975512,-0.6891347618,-0.2028024488,84.59155903,16.43941424,138.3802752,1,1,safe,
0.0471975512,-0.6891347618,-0.1155359862,84.59155903,16.43941424,148.3802752,1,1,safe,
0.0471975512,-0.6891347618,-0.0282695236,84.59155903,16.43941424,158.3802752,1,1,safe,
0.0471975512,-0.6891347618,0,84.59155903,16.43941424,161.619724,1,1,safe,
0.0471975512,-0.6018682992,-1.25,84.59155903,26.43941424,18.38027522,1,1,safe,
0.0471975512,-0.6018682992,-1.162733537,84.59155903,26.43941424,28.38027522,1,1,safe,
0.0471975512,-0.6018682992,-1.075467075,84.59155903,26.43941424,38.38027522,1,1,safe,
0.0471975512,-0.6018682992,-0.9882006122,84.59155903,26.43941424,48.38027522,1,1,safe,
0.0471975512,-0.6018682992,-0.9009341496,84.59155903,26.43941424,58.38027522,1,1,safe,
0.0471975512,-0.6018682992,-0.813667687,84.59155903,26.43941424,68.38027522,1,1,safe,
0.0471975512,-0.6018682992,-0.7264012244,84.59155903,26.43941424,78.38027522,1,1,safe,
0.0471975512,-0.6018682992,-0.6391347618,84.59155903,26.43941424,88.38027522,1,1,safe,
0.0471975512,-0.6018682992,-0.5518682992,84.59155903,26.43941424,98.38027522,1,1,safe,
0.0471975512,-0.6018682992,-0.4646018366,84.59155903,26.43941424,108.3802752,1,1,safe,
0.0471975512,-0.6018682992,-0.377335374,84.59155903,26.43941424,118.3802752,1,1,safe,
0.0471975512,-0.6018682992,-0.2900689114,84.59155903,26.43941424,128.3802752,1,1,safe,
0.0471975512,-0.6018682992,-0.2028024488,84.59155903,26.43941424,138.3802752,1,1,safe,
0.0471975512,-0.6018682992,-0.1155359862,84.59155903,26.43941424,148.3802752,1,1,safe,
0.0471975512,-0.6018682992,-0.0282695236,84.59155903,26.43941424,158.3802752,1,1,safe,
0.0471975512,-0.6018682992,0,84.59155903,26.43941424,161.619724,1,1,safe,
0.0471975512,-0.5146018366,-1.25,84.59155903,36.43941424,18.38027522,1,1,safe,
0.0471975512,-0.5146018366,-1.162733537,84.59155903,36.43941424,28.38027522,1,1,safe,
0.0471975512,-0.5146018366,-1.075467075,84.59155903,36.43941424,38.38027522,1,1,safe,
0.0471975512,-0.5146018366,-0.9882006122,84.59155903,36.43941424,48.38027522,1,1,safe,
0.0471975512,-0.5146018366,-0.9009341496,84.59155903,36.43941424,58.38027522,1,1,safe,
0.0471975512,-0.5146018366,-0.813667687,84.59155903,36.43941424,68.38027522,1,1,safe,
0.0471975512,-0.5146018366,-0.7264012244,84.59155903,36.43941424,78.38027522,1,1,safe,
0.0471975512,-0.5146018366,-0.6391347618,84.59155903,36.43941424,88.38027522,1,1,safe,
0.0471975512,-0.5146018366,-0.5518682992,84.59155903,36.43941424,98.38027522,1,1,safe,
0.0471975512,-0.5146018366,-0.4646018366,84.59155903,36.43941424,108.3802752,1,1,safe,
0.0471975512,-0.5146018366,-0.377335374,84.59155903,36.43941424,118.3802752,1,1,safe,
0.0471975512,-0.5146018366,-0.2900689114,84.59155903,36.43941424,128.3802752,1,1,safe,
0.0471975512,-0.5146018366,-0.2028024488,84.59155903,36.43941424,138.3802752,1,1,safe,
0.0471975512,-0.5146018366,-0.1155359862,84.59155903,36.43941424,148.3802752,1,1,safe,
0.0471975512,-0.5146018366,-0.0282695236,84.59155903,36.43941424,158.3802752,1,1,safe,
0.0471975512,-0.5146018366,0,84.59155903,36.43941424,161.619724,1,1,safe,
0.0471975512,-0.427335374,-1.25,84.59155903,46.43941424,18.38027522,1,1,safe,
0.0471975512,-0.427335374,-1.162733537,84.59155903,46.43941424,28.38027522,1,1,safe,
0.0471975512,-0.427335374,-1.075467075,84.59155903,46.43941424,38.38027522,1,1,safe,
0.0471975512,-0.427335374,-0.9882006122,84.59155903,46.43941424,48.38027522,1,1,safe,
0.0471975512,-0.427335374,-0.9009341496,84.59155903,46.43941424,58.38027522,1,1,safe,
0.0471975512,-0.427335374,-0.813667687,84.59155903,46.43941424,68.38027522,1,1,safe,
0.0471975512,-0.427335374,-0.7264012244,84.59155903,46.43941424,78.38027522,1,1,safe,
0.0471975512,-0.427335374,-0.6391347618,84.59155903,46.43941424,88.38027522,1,1,safe,
0.0471975512,-0.427335374,-0.5518682992,84.59155903,46.43941424,98.38027522,1,1,safe,
0.0471975512,-0.427335374,-0.4646018366,84.59155903,46.43941424,108.3802752,1,1,safe,
0.0471975512,-0.427335374,-0.377335374,84.59155903,46.43941424,118.3802752,1,1,safe,
0.0471975512,-0.427335374,-0.2900689114,84.59155903,46.43941424,128.3802752,1,1,safe,
0.0471975512,-0.427335374,-0.2028024488,84.59155903,46.43941424,138.3802752,1,1,safe,
0.0471975512,-0.427335374,-0.1155359862,84.59155903,46.43941424,148.3802752,1,1,safe,
0.0471975512,-0.427335374,-0.0282695236,84.59155903,46.43941424,158.3802752,1,1,safe,
0.0471975512,-0.427335374,0,84.59155903,46.43941424,161.619724,1,1,safe,
0.0471975512,-0.3400689114,-1.25,84.59155903,56.43941424,18.38027522,1,1,safe,
0.0471975512,-0.3400689114,-1.162733537,84.59155903,56.43941424,28.38027522,1,1,safe,
0.0471975512,-0.3400689114,-1.075467075,84.59155903,56.43941424,38.38027522,1,1,safe,
0.0471975512,-0.3400689114,-0.9882006122,84.59155903,56.43941424,48.38027522,1,1,safe,
0.0471975512,-0.3400689114,-0.9009341496,84.59155903,56.43941424,58.38027522,1,1,safe,
0.0471975512,-0.3400689114,-0.813667687,84.59155903,56.43941424,68.38027522,1,1,safe,
0.0471975512,-0.3400689114,-0.7264012244,84.59155903,56.43941424,78.38027522,1,1,safe,
0.0471975512,-0.3400689114,-0.6391347618,84.59155903,56.43941424,88.38027522,1,1,safe,
0.0471975512,-0.3400689114,-0.5518682992,84.59155903,56.43941424,98.38027522,1,1,safe,
0.0471975512,-0.3400689114,-0.4646018366,84.59155903,56.43941424,108.3802752,1,1,safe,
0.0471975512,-0.3400689114,-0.377335374,84.59155903,56.43941424,118.3802752,1,1,safe,
0.0471975512,-0.3400689114,-0.2900689114,84.59155903,56.43941424,128.3802752,1,1,safe,
0.0471975512,-0.3400689114,-0.2028024488,84.59155903,56.43941424,138.3802752,1,1,safe,
0.0471975512,-0.3400689114,-0.1155359862,84.59155903,56.43941424,148.3802752,1,1,safe,
0.0471975512,-0.3400689114,-0.0282695236,84.59155903,56.43941424,158.3802752,1,1,safe,
0.0471975512,-0.3400689114,0,84.59155903,56.43941424,161.619724,1,1,safe,
0.0471975512,-0.2528024488,-1.25,84.59155903,66.43941424,18.38027522,1,1,safe,
0.0471975512,-0.2528024488,-1.162733537,84.59155903,66.43941424,28.38027522,1,1,safe,
0.0471975512,-0.2528024488,-1.075467075,84.59155903,66.43941424,38.38027522,1,1,safe,
0.0471975512,-0.2528024488,-0.9882006122,84.59155903,66.43941424,48.38027522,1,1,safe,
0.0471975512,-0.2528024488,-0.9009341496,84.59155903,66.43941424,58.38027522,1,1,safe,
0.0471975512,-0.2528024488,-0.813667687,84.59155903,66.43941424,68.38027522,1,1,safe,
0.0471975512,-0.2528024488,-0.7264012244,84.59155903,66.43941424,78.38027522,1,1,safe,
0.0471975512,-0.2528024488,-0.6391347618,84.59155903,66.43941424,88.38027522,1,1,safe,
0.0471975512,-0.2528024488,-0.5518682992,84.59155903,66.43941424,98.38027522,1,1,safe,
0.0471975512,-0.2528024488,-0.4646018366,84.59155903,66.43941424,108.3802752,1,1,safe,
0.0471975512,-0.2528024488,-0.377335374,84.59155903,66.43941424,118.3802752,1,1,safe,
0.0471975512,-0.2528024488,-0.2900689114,84.59155903,66.43941424,128.3802752,1,1,safe,
0.0471975512,-0.2528024488,-0.2028024488,84.59155903,66.43941424,138.3802752,1,1,safe,
0.0471975512,-0.2528024488,-0.1155359862,84.59155903,66.43941424,148.3802752,1,1,safe,
0.0471975512,-0.2528024488,-0.0282695236,84.59155903,66.43941424,158.3802752,1,1,safe,
0.0471975512,-0.2528024488,0,84.59155903,66.43941424,161.619724,1,1,safe,
0.0471975512,-0.1655359862,-1.25,84.59155903,76.43941424,18.38027522,1,1,safe,
0.0471975512,-0.1655359862,-1.162733537,84.59155903,76.43941424,28.38027522,1,1,safe,
0.0471975512,-0.1655359862,-1.075467075,84.59155903,76.43941424,38.38027522,1,1,safe,
0.0471975512,-0.1655359862,-0.9882006122,84.59155903,76.43941424,48.38027522,1,1,safe,
0.0471975512,-0.1655359862,-0.9009341496,84.59155903,76.43941424,58.38027522,1,1,safe,
0.0471975512,-0.1655359862,-0.813667687,84.59155903,76.43941424,68.38027522,1,1,safe,
0.0471975512,-0.1655359862,-0.7264012244,84.59155903,76.43941424,78.38027522,1,1,safe,
0.0471975512,-0.1655359862,-0.6391347618,84.59155903,76.43941424,88.38027522,1,1,safe,
0.0471975512,-0.1655359862,-0.5518682992,84.59155903,76.43941424,98.38027522,1,1,safe,
0.0471975512,-0.1655359862,-0.4646018366,84.59155903,76.43941424,108.3802752,1,1,safe,
0.0471975512,-0.1655359862,-0.377335374,84.59155903,76.43941424,118.3802752,1,1,safe,
0.0471975512,-0.1655359862,-0.2900689114,84.59155903,76.43941424,128.3802752,1,1,safe,
0.0471975512,-0.1655359862,-0.2028024488,84.59155903,76.43941424,138.3802752,1,1,safe,
0.0471975512,-0.1655359862,-0.1155359862,84.59155903,76.43941424,148.3802752,1,1,safe,
0.0471975512,-0.1655359862,-0.0282695236,84.59155903,76.43941424,158.3802752,1,1,safe,
0.0471975512,-0.1655359862,0,84.59155903,76.43941424,161.619724,1,1,safe,
0.0471975512,-0.0782695236,-1.25,84.59155903,86.43941424,18.38027522,1,1,safe,
0.0471975512,-0.0782695236,-1.162733537,84.59155903,86.43941424,28.38027522,1,1,safe,
0.0471975512,-0.0782695236,-1.075467075,84.59155903,86.43941424,38.38027522,1,1,safe,
0.0471975512,-0.0782695236,-0.9882006122,84.59155903,86.43941424,48.38027522,1,1,safe,
0.0471975512,-0.0782695236,-0.9009341496,84.59155903,86.43941424,58.38027522,1,1,safe,
0.0471975512,-0.0782695236,-0.813667687,84.59155903,86.43941424,68.38027522,1,1,safe,
0.0471975512,-0.0782695236,-0.7264012244,84.59155903,86.43941424,78.38027522,1,1,safe,
0.0471975512,-0.0782695236,-0.6391347618,84.59155903,86.43941424,88.38027522,1,1,safe,
0.0471975512,-0.0782695236,-0.5518682992,84.59155903,86.43941424,98.38027522,1,1,safe,
0.0471975512,-0.0782695236,-0.4646018366,84.59155903,86.43941424,108.3802752,1,1,safe,
0.0471975512,-0.0782695236,-0.377335374,84.59155903,86.43941424,118.3802752,1,1,safe,
0.0471975512,-0.0782695236,-0.2900689114,84.59155903,86.43941424,128.3802752,1,1,safe,
0.0471975512,-0.0782695236,-0.2028024488,84.59155903,86.43941424,138.3802752,1,1,safe,
0.0471975512,-0.0782695236,-0.1155359862,84.59155903,86.43941424,148.3802752,1,1,safe,
0.0471975512,-0.0782695236,-0.0282695236,84.59155903,86.43941424,158.3802752,1,1,safe,
0.0471975512,-0.0782695236,0,84.59155903,86.43941424,161.619724,1,1,safe,
0.0471975512,0.008996939,-1.25,84.59155903,96.43941424,18.38027522,1,1,safe,
0.0471975512,0.008996939,-1.162733537,84.59155903,96.43941424,28.38027522,1,1,safe,
0.0471975512,0.008996939,-1.075467075,84.59155903,96.43941424,38.38027522,1,1,safe,
0.0471975512,0.008996939,-0.9882006122,84.59155903,96.43941424,48.38027522,1,1,safe,
0.0471975512,0.008996939,-0.9009341496,84.59155903,96.43941424,58.38027522,1,1,safe,
0.0471975512,0.008996939,-0.813667687,84.59155903,96.43941424,68.38027522,1,1,safe,
0.0471975512,0.008996939,-0.7264012244,84.59155903,96.43941424,78.38027522,1,1,safe,
0.0471975512,0.008996939,-0.6391347618,84.59155903,96.43941424,88.38027522,1,1,safe,
0.0471975512,0.008996939,-0.5518682992,84.59155903,96.43941424,98.38027522,1,1,safe,
0.0471975512,0.008996939,-0.4646018366,84.59155903,96.43941424,108.3802752,1,1,safe,
0.0471975512,0.008996939,-0.377335374,84.59155903,96.43941424,118.3802752,1,1,safe,
0.0471975512,0.008996939,-0.2900689114,84.59155903,96.43941424,128.3802752,1,1,safe,
0.0471975512,0.008996939,-0.2028024488,84.59155903,96.43941424,138.3802752,1,1,safe,
0.0471975512,0.008996939,-0.1155359862,84.59155903,96.43941424,148.3802752,1,1,safe,
0.0471975512,0.008996939,-0.0282695236,84.59155903,96.43941424,158.3802752,1,1,safe,
0.0471975512,0.008996939,0,84.59155903,96.43941424,161.619724,1,1,safe,
0.0471975512,0.0962634016,-1.25,84.59155903,106.4394142,18.38027522,1,1,safe,
0.0471975512,0.0962634016,-1.162733537,84.59155903,106.4394142,28.38027522,1,1,safe,
0.0471975512,0.0962634016,-1.075467075,84.59155903,106.4394142,38.38027522,1,1,safe,
0.0471975512,0.0962634016,-0.9882006122,84.59155903,106.4394142,48.38027522,1,1,safe,
0.0471975512,0.0962634016,-0.9009341496,84.59155903,106.4394142,58.38027522,1,1,safe,
0.0471975512,0.0962634016,-0.813667687,84.59155903,106.4394142,68.38027522,1,1,safe,
0.0471975512,0.0962634016,-0.7264012244,84.59155903,106.4394142,78.38027522,1,1,safe,
0.0471975512,0.0962634016,-0.6391347618,84.59155903,106.4394142,88.38027522,1,1,safe,
0.0471975512,0.0962634016,-0.5518682992,84.59155903,106.4394142,98.38027522,1,1,safe,
0.0471975512,0.0962634016,-0.4646018366,84.59155903,106.4394142,108.3802752,1,1,safe,
0.0471975512,0.0962634016,-0.377335374,84.59155903,106.4394142,118.3802752,1,1,safe,
0.0471975512,0.0962634016,-0.2900689114,84.59155903,106.4394142,128.3802752,1,1,safe,
0.0471975512,0.0962634016,-0.2028024488,84.59155903,106.4394142,138.3802752,1,1,safe,
0.0471975512,0.0962634016,-0.1155359862,84.59155903,106.4394142,148.3802752,1,1,safe,
0.0471975512,0.0962634016,-0.0282695236,84.59155903,106.4394142,158.3802752,1,1,safe,
0.0471975512,0.0962634016,0,84.59155903,106.4394142,161.619724,1,1,safe,
0.0471975512,0.1835298642,-1.25,84.59155903,116.4394142,18.38027522,1,1,safe,
0.0471975512,0.1835298642,-1.162733537,84.59155903,116.4394142,28.38027522,1,1,safe,
0.0471975512,0.1835298642,-1.075467075,84.59155903,116.4394142,38.38027522,1,1,safe,
0.0471975512,0.1835298642,-0.9882006122,84.59155903,116.4394142,48.38027522,1,1,safe,
0.0471975512,0.1835298642,-0.9009341496,84.59155903,116.4394142,58.38027522,1,1,safe,
0.0471975512,0.1835298642,-0.813667687,84.59155903,116.4394142,68.38027522,1,1,safe,
0.0471975512,0.1835298642,-0.7264012244,84.59155903,116.4394142,78.38027522,1,1,safe,
0.0471975512,0.1835298642,-0.6391347618,84.59155903,116.4394142,88.38027522,1,1,safe,
0.0471975512,0.1835298642,-0.5518682992,84.59155903,116.4394142,98.38027522,1,1,safe,
0.0471975512,0.1835298642,-0.4646018366,84.59155903,116.4394142,108.3802752,1,1,safe,
0.0471975512,0.1835298642,-0.377335374,84.59155903,116.4394142,118.3802752,1,1,safe,
0.0471975512,0.1835298642,-0.2900689114,84.59155903,116.4394142,128.3802752,1,1,safe,
0.0471975512,0.1835298642,-0.2028024488,84.59155903,116.4394142,138.3802752,1,1,safe,
0.0471975512,0.1835298642,-0.1155359862,84.59155903,116.4394142,148.3802752,1,1,safe,
0.0471975512,0.1835298642,-0.0282695236,84.59155903,116.4394142,158.3802752,1,1,safe,
0.0471975512,0.1835298642,0,84.59155903,116.4394142,161.619724,1,1,safe,
0.0471975512,0.2707963268,-1.25,84.59155903,126.4394142,18.38027522,1,1,safe,
0.0471975512,0.2707963268,-1.162733537,84.59155903,126.4394142,28.38027522,1,1,safe,
0.0471975512,0.2707963268,-1.075467075,84.59155903,126.4394142,38.38027522,1,1,safe,
0.0471975512,0.2707963268,-0.9882006122,84.59155903,126.4394142,48.38027522,1,1,safe,
0.0471975512,0.2707963268,-0.9009341496,84.59155903,126.4394142,58.38027522,1,1,safe,
0.0471975512,0.2707963268,-0.813667687,84.59155903,126.4394142,68.38027522,1,1,safe,
0.0471975512,0.2707963268,-0.7264012244,84.59155903,126.4394142,78.38027522,1,1,safe,
0.0471975512,0.2707963268,-0.6391347618,84.59155903,126.4394142,88.38027522,1,1,safe,
0.0471975512,0.2707963268,-0.5518682992,84.59155903,126.4394142,98.38027522,1,1,safe,
0.0471975512,0.2707963268,-0.4646018366,84.59155903,126.4394142,108.3802752,1,1,safe,
0.0471975512,0.2707963268,-0.377335374,84.59155903,126.4394142,118.3802752,1,1,safe,
0.0471975512,0.2707963268,-0.2900689114,84.59155903,126.4394142,128.3802752,1,1,safe,
0.0471975512,0.2707963268,-0.2028024488,84.59155903,126.4394142,138.3802752,1,1,safe,
0.0471975512,0.2707963268,-0.1155359862,84.59155903,126.4394142,148.3802752,1,1,safe,
0.0471975512,0.2707963268,-0.0282695236,84.59155903,126.4394142,158.3802752,1,1,safe,
0.0471975512,0.2707963268,0,84.59155903,126.4394142,161.619724,1,1,safe,
0.0471975512,0.3580627894,-1.25,84.59155903,136.4394142,18.38027522,1,1,safe,
0.0471975512,0.3580627894,-1.162733537,84.59155903,136.4394142,28.38027522,1,1,safe,
0.0471975512,0.3580627894,-1.075467075,84.59155903,136.4394142,38.38027522,1,1,safe,
0.0471975512,0.3580627894,-0.9882006122,84.59155903,136.4394142,48.38027522,1,1,safe,
0.0471975512,0.3580627894,-0.9009341496,84.59155903,136.4394142,58.38027522,1,1,safe,
0.0471975512,0.3580627894,-0.813667687,84.59155903,136.4394142,68.38027522,1,1,safe,
0.0471975512,0.3580627894,-0.7264012244,84.59155903,136.4394142,78.38027522,1,1,safe,
0.0471975512,0.3580627894,-0.6391347618,84.59155903,136.4394142,88.38027522,1,1,safe,
0.0471975512,0.3580627894,-0.5518682992,84.59155903,136.4394142,98.38027522,1,1,safe,
0.0471975512,0.3580627894,-0.4646018366,84.59155903,136.4394142,108.3802752,1,1,safe,
0.0471975512,0.3580627894,-0.377335374,84.59155903,136.4394142,118.3802752,1,1,safe,
0.0471975512,0.3580627894,-0.2900689114,84.59155903,136.4394142,128.3802752,1,1,safe,
0.0471975512,0.3580627894,-0.2028024488,84.59155903,136.4394142,138.3802752,1,1,safe,
0.0471975512,0.3580627894,-0.1155359862,84.59155903,136.4394142,148.3802752,1,1,safe,
0.0471975512,0.3580627894,-0.0282695236,84.59155903,136.4394142,158.3802752,1,1,safe,
0.0471975512,0.3580627894,0,84.59155903,136.4394142,161.619724,1,1,safe,
0.0471975512,0.445329252,-1.25,84.59155903,146.4394142,18.38027522,1,1,safe,
0.0471975512,0.445329252,-1.162733537,84.59155903,146.4394142,28.38027522,1,1,safe,
0.0471975512,0.445329252,-1.075467075,84.59155903,146.4394142,38.38027522,1,1,safe,
0.0471975512,0.445329252,-0.9882006122,84.59155903,146.4394142,48.38027522,1,1,safe,
0.0471975512,0.445329252,-0.9009341496,84.59155903,146.4394142,58.38027522,1,1,safe,
0.0471975512,0.445329252,-0.813667687,84.59155903,146.4394142,68.38027522,1,1,safe,
0.0471975512,0.445329252,-0.7264012244,84.59155903,146.4394142,78.38027522,1,1,safe,
0.0471975512,0.445329252,-0.6391347618,84.59155903,146.4394142,88.38027522,1,1,safe,
0.0471975512,0.445329252,-0.5518682992,84.59155903,146.4394142,98.38027522,1,1,safe,
0.0471975512,0.445329252,-0.4646018366,84.59155903,146.4394142,108.3802752,1,1,safe,
0.0471975512,0.445329252,-0.377335374,84.59155903,146.4394142,118.3802752,1,1,safe,
0.0471975512,0.445329252,-0.2900689114,84.59155903,146.4394142,128.3802752,1,1,safe,
0.0471975512,0.445329252,-0.2028024488,84.59155903,146.4394142,138.3802752,1,1,safe,
0.0471975512,0.445329252,-0.1155359862,84.59155903,146.4394142,148.3802752,1,1,safe,
0.0471975512,0.445329252,-0.0282695236,84.59155903,146.4394142,158.3802752,1,1,safe,
0.0471975512,0.445329252,0,84.59155903,146.4394142,161.619724,1,1,safe,
0.0471975512,0.5325957146,-1.25,84.59155903,156.4394142,18.38027522,1,1,safe,
0.0471975512,0.5325957146,-1.162733537,84.59155903,156.4394142,28.38027522,1,1,safe,
0.0471975512,0.5325957146,-1.075467075,84.59155903,156.4394142,38.38027522,1,1,safe,
0.0471975512,0.5325957146,-0.9882006122,84.59155903,156.4394142,48.38027522,1,1,safe,
0.0471975512,0.5325957146,-0.9009341496,84.59155903,156.4394142,58.38027522,1,1,safe,
0.0471975512,0.5325957146,-0.813667687,84.59155903,156.4394142,68.38027522,1,1,safe,
0.0471975512,0.5325957146,-0.7264012244,84.59155903,156.4394142,78.38027522,1,1,safe,
0.0471975512,0.5325957146,-0.6391347618,84.59155903,156.4394142,88.38027522,1,1,safe,
0.0471975512,0.5325957146,-0.5518682992,84.59155903,156.4394142,98.38027522,1,1,safe,
0.0471975512,0.5325957146,-0.4646018366,84.59155903,156.4394142,108.3802752,1,1,safe,
0.0471975512,0.5325957146,-0.377335374,84.59155903,156.4394142,118.3802752,1,1,safe,
0.0471975512,0.5325957146,-0.2900689114,84.59155903,156.4394142,128.3802752,1,1,safe,
0.0471975512,0.5325957146,-0.2028024488,84.59155903,156.4394142,138.3802752,1,1,safe,
0.0471975512,0.5325957146,-0.1155359862,84.59155903,156.4394142,148.3802752,1,1,safe,
0.0471975512,0.5325957146,-0.0282695236,84.59155903,156.4394142,158.3802752,1,1,safe,
0.0471975512,0.5325957146,0,84.59155903,156.4394142,161.619724,1,1,safe,
0.1344640138,-0.7764012244,-1.25,74.59155903,16.43941424,18.38027522,1,1,safe,
0.1344640138,-0.7764012244,-1.162733537,74.59155903,16.43941424,28.38027522,1,1,safe,
0.1344640138,-0.7764012244,-1.075467075,74.59155903,16.43941424,38.38027522,1,1,safe,
0.1344640138,-0.7764012244,-0.9882006122,74.59155903,16.43941424,48.38027522,1,1,safe,
0.1344640138,-0.7764012244,-0.9009341496,74.59155903,16.43941424,58.38027522,1,1,safe,
0.1344640138,-0.7764012244,-0.813667687,74.59155903,16.43941424,68.38027522,1,1,safe,
0.1344640138,-0.7764012244,-0.7264012244,74.59155903,16.43941424,78.38027522,1,1,safe,
0.1344640138,-0.7764012244,-0.6391347618,74.59155903,16.43941424,88.38027522,1,1,safe,
0.1344640138,-0.7764012244,-0.5518682992,74.59155903,16.43941424,98.38027522,1,1,safe,
0.1344640138,-0.7764012244,-0.4646018366,74.59155903,16.43941424,108.3802752,1,1,safe,
0.1344640138,-0.7764012244,-0.377335374,74.59155903,16.43941424,118.3802752,1,1,safe,
0.1344640138,-0.7764012244,-0.2900689114,74.59155903,16.43941424,128.3802752,1,1,safe,
0.1344640138,-0.7764012244,-0.2028024488,74.59155903,16.43941424,138.3802752,1,1,safe,
0.1344640138,-0.7764012244,-0.1155359862,74.59155903,16.43941424,148.3802752,1,1,safe,
0.1344640138,-0.7764012244,-0.0282695236,74.59155903,16.43941424,158.3802752,1,1,safe,
0.1344640138,-0.7764012244,0,74.59155903,16.43941424,161.619724,1,1,safe,
0.1344640138,-0.6891347618,-1.25,74.59155903,26.43941424,18.38027522,1,1,safe,
0.1344640138,-0.6891347618,-1.162733537,74.59155903,26.43941424,28.38027522,1,1,safe,
0.1344640138,-0.6891347618,-1.075467075,74.59155903,26.43941424,38.38027522,1,1,safe,
0.1344640138,-0.6891347618,-0.9882006122,74.59155903,26.43941424,48.38027522,1,1,safe,
0.1344640138,-0.6891347618,-0.9009341496,74.59155903,26.43941424,58.38027522,1,1,safe,
0.1344640138,-0.6891347618,-0.813667687,74.59155903,26.43941424,68.38027522,1,1,safe,
0.1344640138,-0.6891347618,-0.7264012244,74.59155903,26.43941424,78.38027522,1,1,safe,
0.1344640138,-0.6891347618,-0.6391347618,74.59155903,26.43941424,88.38027522,1,1,safe,
0.1344640138,-0.6891347618,-0.5518682992,74.59155903,26.43941424,98.38027522,1,1,safe,
0.1344640138,-0.6891347618,-0.4646018366,74.59155903,26.43941424,108.3802752,1,1,safe,
0.1344640138,-0.6891347618,-0.377335374,74.59155903,26.43941424,118.3802752,1,1,safe,
0.1344640138,-0.6891347618,-0.2900689114,74.59155903,26.43941424,128.3802752,1,1,safe,
0.1344640138,-0.6891347618,-0.2028024488,74.59155903,26.43941424,138.3802752,1,1,safe,
0.1344640138,-0.6891347618,-0.1155359862,74.59155903,26.43941424,148.3802752,1,1,safe,
0.1344640138,-0.6891347618,-0.0282695236,74.59155903,26.43941424,158.3802752,1,1,safe,
0.1344640138,-0.6891347618,0,74.59155903,26.43941424,161.619724,1,1,safe,
0.1344640138,-0.6018682992,-1.25,74.59155903,36.43941424,18.38027522,1,1,safe,
0.1344640138,-0.6018682992,-1.162733537,74.59155903,36.43941424,28.38027522,1,1,safe,
0.1344640138,-0.6018682992,-1.075467075,74.59155903,36.43941424,38.38027522,1,1,safe,
0.1344640138,-0.6018682992,-0.9882006122,74.59155903,36.43941424,48.38027522,1,1,safe,
0.1344640138,-0.6018682992,-0.9009341496,74.59155903,36.43941424,58.38027522,1,1,safe,
0.1344640138,-0.6018682992,-0.813667687,74.59155903,36.43941424,68.38027522,1,1,safe,
0.1344640138,-0.6018682992,-0.7264012244,74.59155903,36.43941424,78.38027522,1,1,safe,
0.1344640138,-0.6018682992,-0.6391347618,74.59155903,36.43941424,88.38027522,1,1,safe,
0.1344640138,-0.6018682992,-0.5518682992,74.59155903,36.43941424,98.38027522,1,1,safe,
0.1344640138,-0.6018682992,-0.4646018366,74.59155903,36.43941424,108.3802752,1,1,safe,
0.1344640138,-0.6018682992,-0.377335374,74.59155903,36.43941424,118.3802752,1,1,safe,
0.1344640138,-0.6018682992,-0.2900689114,74.59155903,36.43941424,128.3802752,1,1,safe,
0.1344640138,-0.6018682992,-0.2028024488,74.59155903,36.43941424,138.3802752,1,1,safe,
0.1344640138,-0.6018682992,-0.1155359862,74.59155903,36.43941424,148.3802752,1,1,safe,
0.1344640138,-0.6018682992,-0.0282695236,74.59155903,36.43941424,158.3802752,1,1,safe,
0.1344640138,-0.6018682992,0,74.59155903,36.43941424,161.619724,1,1,safe,
0.1344640138,-0.5146018366,-1.25,74.59155903,46.43941424,18.38027522,1,1,safe,
0.1344640138,-0.5146018366,-1.162733537,74.59155903,46.43941424,28.38027522,1,1,safe,
0.1344640138,-0.5146018366,-1.075467075,74.59155903,46.43941424,38.38027522,1,1,safe,
0.1344640138,-0.5146018366,-0.9882006122,74.59155903,46.43941424,48.38027522,1,1,safe,
0.1344640138,-0.5146018366,-0.9009341496,74.59155903,46.43941424,58.38027522,1,1,safe,
0.1344640138,-0.5146018366,-0.813667687,74.59155903,46.43941424,68.38027522,1,1,safe,
0.1344640138,-0.5146018366,-0.7264012244,74.59155903,46.43941424,78.38027522,1,1,safe,
0.1344640138,-0.5146018366,-0.6391347618,74.59155903,46.43941424,88.38027522,1,1,safe,
0.1344640138,-0.5146018366,-0.5518682992,74.59155903,46.43941424,98.38027522,1,1,safe,
0.1344640138,-0.5146018366,-0.4646018366,74.59155903,46.43941424,108.3802752,1,1,safe,
0.1344640138,-0.5146018366,-0.377335374,74.59155903,46.43941424,118.3802752,1,1,safe,
0.1344640138,-0.5146018366,-0.2900689114,74.59155903,46.43941424,128.3802752,1,1,safe,
0.1344640138,-0.5146018366,-0.2028024488,74.59155903,46.43941424,138.3802752,1,1,safe,
0.1344640138,-0.5146018366,-0.1155359862,74.59155903,46.43941424,148.3802752,1,1,safe,
0.1344640138,-0.5146018366,-0.0282695236,74.59155903,46.43941424,158.3802752,1,1,safe,
0.1344640138,-0.5146018366,0,74.59155903,46.43941424,161.619724,1,1,safe,
0.1344640138,-0.427335374,-1.25,74.59155903,56.43941424,18.38027522,1,1,safe,
0.1344640138,-0.427335374,-1.162733537,74.59155903,56.43941424,28.38027522,1,1,safe,
0.1344640138,-0.427335374,-1.075467075,74.59155903,56.43941424,38.38027522,1,1,safe,
0.1344640138,-0.427335374,-0.9882006122,74.59155903,56.43941424,48.38027522,1,1,safe,
0.1344640138,-0.427335374,-0.9009341496,74.59155903,56.43941424,58.38027522,1,1,safe,
0.1344640138,-0.427335374,-0.813667687,74.59155903,56.43941424,68.38027522,1,1,safe,
0.1344640138,-0.427335374,-0.7264012244,74.59155903,56.43941424,78.38027522,1,1,safe,
0.1344640138,-0.427335374,-0.6391347618,74.59155903,56.43941424,88.38027522,1,1,safe,
0.1344640138,-0.427335374,-0.5518682992,74.59155903,56.43941424,98.38027522,1,1,safe,
0.1344640138,-0.427335374,-0.4646018366,74.59155903,56.43941424,108.3802752,1,1,safe,
0.1344640138,-0.427335374,-0.377335374,74.59155903,56.43941424,118.3802752,1,1,safe,
0.1344640138,-0.427335374,-0.2900689114,74.59155903,56.43941424,128.3802752,1,1,safe,
0.1344640138,-0.427335374,-0.2028024488,74.59155903,56.43941424,138.3802752,1,1,safe,
0.1344640138,-0.427335374,-0.1155359862,74.59155903,56.43941424,148.3802752,1,1,safe,
0.1344640138,-0.427335374,-0.0282695236,74.59155903,56.43941424,158.3802752,1,1,safe,
0.1344640138,-0.427335374,0,74.59155903,56.43941424,161.619724,1,1,safe,
0.1344640138,-0.3400689114,-1.25,74.59155903,66.43941424,18.38027522,1,1,safe,
0.1344640138,-0.3400689114,-1.162733537,74.59155903,66.43941424,28.38027522,1,1,safe,
0.1344640138,-0.3400689114,-1.075467075,74.59155903,66.43941424,38.38027522,1,1,safe,
0.1344640138,-0.3400689114,-0.9882006122,74.59155903,66.43941424,48.38027522,1,1,safe,
0.1344640138,-0.3400689114,-0.9009341496,74.59155903,66.43941424,58.38027522,1,1,safe,
0.1344640138,-0.3400689114,-0.813667687,74.59155903,66.43941424,68.38027522,1,1,safe,
0.1344640138,-0.3400689114,-0.7264012244,74.59155903,66.43941424,78.38027522,1,1,safe,
0.1344640138,-0.3400689114,-0.6391347618,74.59155903,66.43941424,88.38027522,1,1,safe,
0.1344640138,-0.3400689114,-0.5518682992,74.59155903,66.43941424,98.38027522,1,1,safe,
0.1344640138,-0.3400689114,-0.4646018366,74.59155903,66.43941424,108.3802752,1,1,safe,
0.1344640138,-0.3400689114,-0.377335374,74.59155903,66.43941424,118.3802752,1,1,safe,
0.1344640138,-0.3400689114,-0.2900689114,74.59155903,66.43941424,128.3802752,1,1,safe,
0.1344640138,-0.3400689114,-0.2028024488,74.59155903,66.43941424,138.3802752,1,1,safe,
0.1344640138,-0.3400689114,-0.1155359862,74.59155903,66.43941424,148.3802752,1,1,safe,
0.1344640138,-0.3400689114,-0.0282695236,74.59155903,66.43941424,158.3802752,1,1,safe,
0.1344640138,-0.3400689114,0,74.59155903,66.43941424,161.619724,1,1,safe,
0.1344640138,-0.2528024488,-1.25,74.59155903,76.43941424,18.38027522,1,1,safe,
0.1344640138,-0.2528024488,-1.162733537,74.59155903,76.43941424,28.38027522,1,1,safe,
0.1344640138,-0.2528024488,-1.075467075,74.59155903,76.43941424,38.38027522,1,1,safe,
0.1344640138,-0.2528024488,-0.9882006122,74.59155903,76.43941424,48.38027522,1,1,safe,
0.1344640138,-0.2528024488,-0.9009341496,74.59155903,76.43941424,58.38027522,1,1,safe,
0.1344640138,-0.2528024488,-0.813667687,74.59155903,76.43941424,68.38027522,1,1,safe,
0.1344640138,-0.2528024488,-0.7264012244,74.59155903,76.43941424,78.38027522,1,1,safe,
0.1344640138,-0.2528024488,-0.6391347618,74.59155903,76.43941424,88.38027522,1,1,safe,
0.1344640138,-0.2528024488,-0.5518682992,74.59155903,76.43941424,98.38027522,1,1,safe,
0.1344640138,-0.2528024488,-0.4646018366,74.59155903,76.43941424,108.3802752,1,1,safe,
0.1344640138,-0.2528024488,-0.377335374,74.59155903,76.43941424,118.3802752,1,1,safe,
0.1344640138,-0.2528024488,-0.2900689114,74.59155903,76.43941424,128.3802752,1,1,safe,
0.1344640138,-0.2528024488,-0.2028024488,74.59155903,76.43941424,138.3802752,1,1,safe,
0.1344640138,-0.2528024488,-0.1155359862,74.59155903,76.43941424,148.3802752,1,1,safe,
0.1344640138,-0.2528024488,-0.0282695236,74.59155903,76.43941424,158.3802752,1,1,safe,
0.1344640138,-0.2528024488,0,74.59155903,76.43941424,161.619724,1,1,safe,
0.1344640138,-0.1655359862,-1.25,74.59155903,86.43941424,18.38027522,1,1,safe,
0.1344640138,-0.1655359862,-1.162733537,74.59155903,86.43941424,28.38027522,1,1,safe,
0.1344640138,-0.1655359862,-1.075467075,74.59155903,86.43941424,38.38027522,1,1,safe,
0.1344640138,-0.1655359862,-0.9882006122,74.59155903,86.43941424,48.38027522,1,1,safe,
0.1344640138,-0.1655359862,-0.9009341496,74.59155903,86.43941424,58.38027522,1,1,safe,
0.1344640138,-0.1655359862,-0.813667687,74.59155903,86.43941424,68.38027522,1,1,safe,
0.1344640138,-0.1655359862,-0.7264012244,74.59155903,86.43941424,78.38027522,1,1,safe,
0.1344640138,-0.1655359862,-0.6391347618,74.59155903,86.43941424,88.38027522,1,1,safe,
0.1344640138,-0.1655359862,-0.5518682992,74.59155903,86.43941424,98.38027522,1,1,safe,
0.1344640138,-0.1655359862,-0.4646018366,74.59155903,86.43941424,108.3802752,1,1,safe,
0.1344640138,-0.1655359862,-0.377335374,74.59155903,86.43941424,118.3802752,1,1,safe,
0.1344640138,-0.1655359862,-0.2900689114,74.59155903,86.43941424,128.3802752,1,1,safe,
0.1344640138,-0.1655359862,-0.2028024488,74.59155903,86.43941424,138.3802752,1,1,safe,
0.1344640138,-0.1655359862,-0.1155359862,74.59155903,86.43941424,148.3802752,1,1,safe,
0.1344640138,-0.1655359862,-0.0282695236,74.59155903,86.43941424,158.3802752,1,1,safe,
0.1344640138,-0.1655359862,0,74.59155903,86.43941424,161.619724,1,1,safe,
0.1344640138,-0.0782695236,-1.25,74.59155903,96.43941424,18.38027522,1,1,safe,
0.1344640138,-0.0782695236,-1.162733537,74.59155903,96.43941424,28.38027522,1,1,safe,
0.1344640138,-0.0782695236,-1.075467075,74.59155903,96.43941424,38.38027522,1,1,safe,
0.1344640138,-0.0782695236,-0.9882006122,74.59155903,96.43941424,48.38027522,1,1,safe,
0.1344640138,-0.0782695236,-0.9009341496,74.59155903,96.43941424,58.38027522,1,1,safe,
0.1344640138,-0.0782695236,-0.813667687,74.59155903,96.43941424,68.38027522,1,1,safe,
0.1344640138,-0.0782695236,-0.7264012244,74.59155903,96.43941424,78.38027522,1,1,safe,
0.1344640138,-0.0782695236,-0.6391347618,74.59155903,96.43941424,88.38027522,1,1,safe,
0.1344640138,-0.0782695236,-0.5518682992,74.59155903,96.43941424,98.38027522,1,1,safe,
0.1344640138,-0.0782695236,-0.4646018366,74.59155903,96.43941424,108.3802752,1,1,safe,
0.1344640138,-0.0782695236,-0.377335374,74.59155903,96.43941424,118.3802752,1,1,safe,
0.1344640138,-0.0782695236,-0.2900689114,74.59155903,96.43941424,128.3802752,1,1,safe,
0.1344640138,-0.0782695236,-0.2028024488,74.59155903,96.43941424,138.3802752,1,1,safe,
0.1344640138,-0.0782695236,-0.1155359862,74.59155903,96.43941424,148.3802752,1,1,safe,
0.1344640138,-0.0782695236,-0.0282695236,74.59155903,96.43941424,158.3802752,1,1,safe,
0.1344640138,-0.0782695236,0,74.59155903,96.43941424,161.619724,1,1,safe,
0.1344640138,0.008996939,-1.25,74.59155903,106.4394142,18.38027522,1,1,safe,
0.1344640138,0.008996939,-1.162733537,74.59155903,106.4394142,28.38027522,1,1,safe,
0.1344640138,0.008996939,-1.075467075,74.59155903,106.4394142,38.38027522,1,1,safe,
0.1344640138,0.008996939,-0.9882006122,74.59155903,106.4394142,48.38027522,1,1,safe,
0.1344640138,0.008996939,-0.9009341496,74.59155903,106.4394142,58.38027522,1,1,safe,
0.1344640138,0.008996939,-0.813667687,74.59155903,106.4394142,68.38027522,1,1,safe,
0.1344640138,0.008996939,-0.7264012244,74.59155903,106.4394142,78.38027522,1,1,safe,
0.1344640138,0.008996939,-0.6391347618,74.59155903,106.4394142,88.38027522,1,1,safe,
0.1344640138,0.008996939,-0.5518682992,74.59155903,106.4394142,98.38027522,1,1,safe,
0.1344640138,0.008996939,-0.4646018366,74.59155903,106.4394142,108.3802752,1,1,safe,
0.1344640138,0.008996939,-0.377335374,74.59155903,106.4394142,118.3802752,1,1,safe,
0.1344640138,0.008996939,-0.2900689114,74.59155903,106.4394142,128.3802752,1,1,safe,
0.1344640138,0.008996939,-0.2028024488,74.59155903,106.4394142,138.3802752,1,1,safe,
0.1344640138,0.008996939,-0.1155359862,74.59155903,106.4394142,148.3802752,1,1,safe,
0.1344640138,0.008996939,-0.0282695236,74.59155903,106.4394142,158.3802752,1,1,safe,
0.1344640138,0.008996939,0,74.59155903,106.4394142,161.619724,1,1,safe,
0.1344640138,0.0962634016,-1.25,74.59155903,116.4394142,18.38027522,1,1,safe,
0.1344640138,0.0962634016,-1.162733537,74.59155903,116.4394142,28.38027522,1,1,safe,
0.1344640138,0.0962634016,-1.075467075,74.59155903,116.4394142,38.38027522,1,1,safe,
0.1344640138,0.0962634016,-0.9882006122,74.59155903,116.4394142,48.38027522,1,1,safe,
0.1344640138,0.0962634016,-0.9009341496,74.59155903,116.4394142,58.38027522,1,1,safe,
0.1344640138,0.0962634016,-0.813667687,74.59155903,116.4394142,68.38027522,1,1,safe,
0.1344640138,0.0962634016,-0.7264012244,74.59155903,116.4394142,78.38027522,1,1,safe,
0.1344640138,0.0962634016,-0.6391347618,74.59155903,116.4394142,88.38027522,1,1,safe,
0.1344640138,0.0962634016,-0.5518682992,74.59155903,116.4394142,98.38027522,1,1,safe,
0.1344640138,0.0962634016,-0.4646018366,74.59155903,116.4394142,108.3802752,1,1,safe,
0.1344640138,0.0962634016,-0.377335374,74.59155903,116.4394142,118.3802752,1,1,safe,
0.1344640138,0.0962634016,-0.2900689114,74.59155903,116.4394142,128.3802752,1,1,safe,
0.1344640138,0.0962634016,-0.2028024488,74.59155903,116.4394142,138.3802752,1,1,safe,
0.1344640138,0.0962634016,-0.1155359862,74.59155903,116.4394142,148.3802752,1,1,safe,
0.1344640138,0.0962634016,-0.0282695236,74.59155903,116.4394142,158.3802752,1,1,safe,
0.1344640138,0.0962634016,0,74.59155903,116.4394142,161.619724,1,1,safe,
0.1344640138,0.1835298642,-1.25,74.59155903,126.4394142,18.38027522,1,1,safe,
0.1344640138,0.1835298642,-1.162733537,74.59155903,126.4394142,28.38027522,1,1,safe,
0.1344640138,0.1835298642,-1.075467075,74.59155903,126.4394142,38.38027522,1,1,safe,
0.1344640138,0.1835298642,-0.9882006122,74.59155903,126.4394142,48.38027522,1,1,safe,
0.1344640138,0.1835298642,-0.9009341496,74.59155903,126.4394142,58.38027522,1,1,safe,
0.1344640138,0.1835298642,-0.813667687,74.59155903,126.4394142,68.38027522,1,1,safe,
0.1344640138,0.1835298642,-0.7264012244,74.59155903,126.4394142,78.38027522,1,1,safe,
0.1344640138,0.1835298642,-0.6391347618,74.59155903,126.4394142,88.38027522,1,1,safe,
0.1344640138,0.1835298642,-0.5518682992,74.59155903,126.4394142,98.38027522,1,1,safe,
0.1344640138,0.1835298642,-0.4646018366,74.59155903,126.4394142,108.3802752,1,1,safe,
0.1344640138,0.1835298642,-0.377335374,74.59155903,126.4394142,118.3802752,1,1,safe,
0.1344640138,0.1835298642,-0.2900689114,74.59155903,126.4394142,128.3802752,1,1,safe,
0.1344640138,0.1835298642,-0.2028024488,74.59155903,126.4394142,138.3802752,1,1,safe,
0.1344640138,0.1835298642,-0.1155359862,74.59155903,126.4394142,148.3802752,1,1,safe,
0.1344640138,0.1835298642,-0.0282695236,74.59155903,126.4394142,158.3802752,1,1,safe,
0.1344640138,0.1835298642,0,74.59155903,126.4394142,161.619724,1,1,safe,
0.1344640138,0.2707963268,-1.25,74.59155903,136.4394142,18.38027522,1,1,safe,
0.1344640138,0.2707963268,-1.162733537,74.59155903,136.4394142,28.38027522,1,1,safe,
0.1344640138,0.2707963268,-1.075467075,74.59155903,136.4394142,38.38027522,1,1,safe,
0.1344640138,0.2707963268,-0.9882006122,74.59155903,136.4394142,48.38027522,1,1,safe,
0.1344640138,0.2707963268,-0.9009341496,74.59155903,136.4394142,58.38027522,1,1,safe,
0.1344640138,0.2707963268,-0.813667687,74.59155903,136.4394142,68.38027522,1,1,safe,
0.1344640138,0.2707963268,-0.7264012244,74.59155903,136.4394142,78.38027522,1,1,safe,
0.1344640138,0.2707963268,-0.6391347618,74.59155903,136.4394142,88.38027522,1,1,safe,
0.1344640138,0.2707963268,-0.5518682992,74.59155903,136.4394142,98.38027522,1,1,safe,
0.1344640138,0.2707963268,-0.4646018366,74.59155903,136.4394142,108.3802752,1,1,safe,
0.1344640138,0.2707963268,-0.377335374,74.59155903,136.4394142,118.3802752,1,1,safe,
0.1344640138,0.2707963268,-0.2900689114,74.59155903,136.4394142,128.3802752,1,1,safe,
0.1344640138,0.2707963268,-0.2028024488,74.59155903,136.4394142,138.3802752,1,1,safe,
0.1344640138,0.2707963268,-0.1155359862,74.59155903,136.4394142,148.3802752,1,1,safe,
0.1344640138,0.2707963268,-0.0282695236,74.59155903,136.4394142,158.3802752,1,1,safe,
0.1344640138,0.2707963268,0,74.59155903,136.4394142,161.619724,1,1,safe,
0.1344640138,0.3580627894,-1.25,74.59155903,146.4394142,18.38027522,1,1,safe,
0.1344640138,0.3580627894,-1.162733537,74.59155903,146.4394142,28.38027522,1,1,safe,
0.1344640138,0.3580627894,-1.075467075,74.59155903,146.4394142,38.38027522,1,1,safe,
0.1344640138,0.3580627894,-0.9882006122,74.59155903,146.4394142,48.38027522,1,1,safe,
0.1344640138,0.3580627894,-0.9009341496,74.59155903,146.4394142,58.38027522,1,1,safe,
0.1344640138,0.3580627894,-0.813667687,74.59155903,146.4394142,68.38027522,1,1,safe,
0.1344640138,0.3580627894,-0.7264012244,74.59155903,146.4394142,78.38027522,1,1,safe,
0.1344640138,0.3580627894,-0.6391347618,74.59155903,146.4394142,88.38027522,1,1,safe,
0.1344640138,0.3580627894,-0.5518682992,74.59155903,146.4394142,98.38027522,1,1,safe,
0.1344640138,0.3580627894,-0.4646018366,74.59155903,146.4394142,108.3802752,1,1,safe,
0.1344640138,0.3580627894,-0.377335374,74.59155903,146.4394142,118.3802752,1,1,safe,
0.1344640138,0.3580627894,-0.2900689114,74.59155903,146.4394142,128.3802752,1,1,safe,
0.1344640138,0.3580627894,-0.2028024488,74.59155903,146.4394142,138.3802752,1,1,safe,
0.1344640138,0.3580627894,-0.1155359862,74.59155903,146.4394142,148.3802752,1,1,safe,
0.1344640138,0.3580627894,-0.0282695236,74.59155903,146.4394142,158.3802752,1,1,safe,
0.1344640138,0.3580627894,0,74.59155903,146.4394142,161.619724,1,1,safe,
0.1344640138,0.445329252,-1.25,74.59155903,156.4394142,18.38027522,1,1,safe,
0.1344640138,0.445329252,-1.162733537,74.59155903,156.4394142,28.38027522,1,1,safe,
0.1344640138,0.445329252,-1.075467075,74.59155903,156.4394142,38.38027522,1,1,safe,
0.1344640138,0.445329252,-0.9882006122,74.59155903,156.4394142,48.38027522,1,1,safe,
0.1344640138,0.445329252,-0.9009341496,74.59155903,156.4394142,58.38027522,1,1,safe,
0.1344640138,0.445329252,-0.813667687,74.59155903,156.4394142,68.38027522,1,1,safe,
0.1344640138,0.445329252,-0.7264012244,74.59155903,156.4394142,78.38027522,1,1,safe,
0.1344640138,0.445329252,-0.6391347618,74.59155903,156.4394142,88.38027522,1,1,safe,
0.1344640138,0.445329252,-0.5518682992,74.59155903,156.4394142,98.38027522,1,1,safe,
0.1344640138,0.445329252,-0.4646018366,74.59155903,156.4394142,108.3802752,1,1,safe,
0.1344640138,0.445329252,-0.377335374,74.59155903,156.4394142,118.3802752,1,1,safe,
0.1344640138,0.445329252,-0.2900689114,74.59155903,156.4394142,128.3802752,1,1,safe,
0.1344640138,0.445329252,-0.2028024488,74.59155903,156.4394142,138.3802752,1,1,safe,
0.1344640138,0.445329252,-0.1155359862,74.59155903,156.4394142,148.3802752,1,1,safe,
0.1344640138,0.445329252,-0.0282695236,74.59155903,156.4394142,158.3802752,1,1,safe,
0.1344640138,0.445329252,0,74.59155903,156.4394142,161.619724,1,1,safe,
0.2217304764,-0.863667687,-1.25,64.59155903,16.43941424,18.38027522,1,1,safe,
0.2217304764,-0.863667687,-1.162733537,64.59155903,16.43941424,28.38027522,1,1,safe,
0.2217304764,-0.863667687,-1.075467075,64.59155903,16.43941424,38.38027522,1,1,safe,
0.2217304764,-0.863667687,-0.9882006122,64.59155903,16.43941424,48.38027522,1,1,safe,
0.2217304764,-0.863667687,-0.9009341496,64.59155903,16.43941424,58.38027522,1,1,safe,
0.2217304764,-0.863667687,-0.813667687,64.59155903,16.43941424,68.38027522,1,1,safe,
0.2217304764,-0.863667687,-0.7264012244,64.59155903,16.43941424,78.38027522,1,1,safe,
0.2217304764,-0.863667687,-0.6391347618,64.59155903,16.43941424,88.38027522,1,1,safe,
0.2217304764,-0.863667687,-0.5518682992,64.59155903,16.43941424,98.38027522,1,1,safe,
0.2217304764,-0.863667687,-0.4646018366,64.59155903,16.43941424,108.3802752,1,1,safe,
0.2217304764,-0.863667687,-0.377335374,64.59155903,16.43941424,118.3802752,1,1,safe,
0.2217304764,-0.863667687,-0.2900689114,64.59155903,16.43941424,128.3802752,1,1,safe,
0.2217304764,-0.863667687,-0.2028024488,64.59155903,16.43941424,138.3802752,1,1,safe,
0.2217304764,-0.863667687,-0.1155359862,64.59155903,16.43941424,148.3802752,1,1,safe,
0.2217304764,-0.863667687,-0.0282695236,64.59155903,16.43941424,158.3802752,1,1,safe,
0.2217304764,-0.863667687,0,64.59155903,16.43941424,161.619724,1,1,safe,
0.2217304764,-0.7764012244,-1.25,64.59155903,26.43941424,18.38027522,1,1,safe,
0.2217304764,-0.7764012244,-1.162733537,64.59155903,26.43941424,28.38027522,1,1,safe,
0.2217304764,-0.7764012244,-1.075467075,64.59155903,26.43941424,38.38027522,1,1,safe,
0.2217304764,-0.7764012244,-0.9882006122,64.59155903,26.43941424,48.38027522,1,1,safe,
0.2217304764,-0.7764012244,-0.9009341496,64.59155903,26.43941424,58.38027522,1,1,safe,
0.2217304764,-0.7764012244,-0.813667687,64.59155903,26.43941424,68.38027522,1,1,safe,
0.2217304764,-0.7764012244,-0.7264012244,64.59155903,26.43941424,78.38027522,1,1,safe,
0.2217304764,-0.7764012244,-0.6391347618,64.59155903,26.43941424,88.38027522,1,1,safe,
0.2217304764,-0.7764012244,-0.5518682992,64.59155903,26.43941424,98.38027522,1,1,safe,
0.2217304764,-0.7764012244,-0.4646018366,64.59155903,26.43941424,108.3802752,1,1,safe,
0.2217304764,-0.7764012244,-0.377335374,64.59155903,26.43941424,118.3802752,1,1,safe,
0.2217304764,-0.7764012244,-0.2900689114,64.59155903,26.43941424,128.3802752,1,1,safe,
0.2217304764,-0.7764012244,-0.2028024488,64.59155903,26.43941424,138.3802752,1,1,safe,
0.2217304764,-0.7764012244,-0.1155359862,64.59155903,26.43941424,148.3802752,1,1,safe,
0.2217304764,-0.7764012244,-0.0282695236,64.59155903,26.43941424,158.3802752,1,1,safe,
0.2217304764,-0.7764012244,0,64.59155903,26.43941424,161.619724,1,1,safe,
0.2217304764,-0.6891347618,-1.25,64.59155903,36.43941424,18.38027522,1,1,safe,
0.2217304764,-0.6891347618,-1.162733537,64.59155903,36.43941424,28.38027522,1,1,safe,
0.2217304764,-0.6891347618,-1.075467075,64.59155903,36.43941424,38.38027522,1,1,safe,
0.2217304764,-0.6891347618,-0.9882006122,64.59155903,36.43941424,48.38027522,1,1,safe,
0.2217304764,-0.6891347618,-0.9009341496,64.59155903,36.43941424,58.38027522,1,1,safe,
0.2217304764,-0.6891347618,-0.813667687,64.59155903,36.43941424,68.38027522,1,1,safe,
0.2217304764,-0.6891347618,-0.7264012244,64.59155903,36.43941424,78.38027522,1,1,safe,
0.2217304764,-0.6891347618,-0.6391347618,64.59155903,36.43941424,88.38027522,1,1,safe,
0.2217304764,-0.6891347618,-0.5518682992,64.59155903,36.43941424,98.38027522,1,1,safe,
0.2217304764,-0.6891347618,-0.4646018366,64.59155903,36.43941424,108.3802752,1,1,safe,
0.2217304764,-0.6891347618,-0.377335374,64.59155903,36.43941424,118.3802752,1,1,safe,
0.2217304764,-0.6891347618,-0.2900689114,64.59155903,36.43941424,128.3802752,1,1,safe,
0.2217304764,-0.6891347618,-0.2028024488,64.59155903,36.43941424,138.3802752,1,1,safe,
0.2217304764,-0.6891347618,-0.1155359862,64.59155903,36.43941424,148.3802752,1,1,safe,
0.2217304764,-0.6891347618,-0.0282695236,64.59155903,36.43941424,158.3802752,1,1,safe,
0.2217304764,-0.6891347618,0,64.59155903,36.43941424,161.619724,1,1,safe,
0.2217304764,-0.6018682992,-1.25,64.59155903,46.43941424,18.38027522,1,1,safe,
0.2217304764,-0.6018682992,-1.162733537,64.59155903,46.43941424,28.38027522,1,1,safe,
0.2217304764,-0.6018682992,-1.075467075,64.59155903,46.43941424,38.38027522,1,1,safe,
0.2217304764,-0.6018682992,-0.9882006122,64.59155903,46.43941424,48.38027522,1,1,safe,
0.2217304764,-0.6018682992,-0.9009341496,64.59155903,46.43941424,58.38027522,1,1,safe,
0.2217304764,-0.6018682992,-0.813667687,64.59155903,46.43941424,68.38027522,1,1,safe,
0.2217304764,-0.6018682992,-0.7264012244,64.59155903,46.43941424,78.38027522,1,1,safe,
0.2217304764,-0.6018682992,-0.6391347618,64.59155903,46.43941424,88.38027522,1,1,safe,
0.2217304764,-0.6018682992,-0.5518682992,64.59155903,46.43941424,98.38027522,1,1,safe,
0.2217304764,-0.6018682992,-0.4646018366,64.59155903,46.43941424,108.3802752,1,1,safe,
0.2217304764,-0.6018682992,-0.377335374,64.59155903,46.43941424,118.3802752,1,1,safe,
0.2217304764,-0.6018682992,-0.2900689114,64.59155903,46.43941424,128.3802752,1,1,safe,
0.2217304764,-0.6018682992,-0.2028024488,64.59155903,46.43941424,138.3802752,1,1,safe,
0.2217304764,-0.6018682992,-0.1155359862,64.59155903,46.43941424,148.3802752,1,1,safe,
0.2217304764,-0.6018682992,-0.0282695236,64.59155903,46.43941424,158.3802752,1,1,safe,
0.2217304764,-0.6018682992,0,64.59155903,46.43941424,161.619724,1,1,safe,
0.2217304764,-0.5146018366,-1.25,64.59155903,56.43941424,18.38027522,1,1,safe,
0.2217304764,-0.5146018366,-1.162733537,64.59155903,56.43941424,28.38027522,1,1,safe,
0.2217304764,-0.5146018366,-1.075467075,64.59155903,56.43941424,38.38027522,1,1,safe,
0.2217304764,-0.5146018366,-0.9882006122,64.59155903,56.43941424,48.38027522,1,1,safe,
0.2217304764,-0.5146018366,-0.9009341496,64.59155903,56.43941424,58.38027522,1,1,safe,
0.2217304764,-0.5146018366,-0.813667687,64.59155903,56.43941424,68.38027522,1,1,safe,
0.2217304764,-0.5146018366,-0.7264012244,64.59155903,56.43941424,78.38027522,1,1,safe,
0.2217304764,-0.5146018366,-0.6391347618,64.59155903,56.43941424,88.38027522,1,1,safe,
0.2217304764,-0.5146018366,-0.5518682992,64.59155903,56.43941424,98.38027522,1,1,safe,
0.2217304764,-0.5146018366,-0.4646018366,64.59155903,56.43941424,108.3802752,1,1,safe,
0.2217304764,-0.5146018366,-0.377335374,64.59155903,56.43941424,118.3802752,1,1,safe,
0.2217304764,-0.5146018366,-0.2900689114,64.59155903,56.43941424,128.3802752,1,1,safe,
0.2217304764,-0.5146018366,-0.2028024488,64.59155903,56.43941424,138.3802752,1,1,safe,
0.2217304764,-0.5146018366,-0.1155359862,64.59155903,56.43941424,148.3802752,1,1,safe,
0.2217304764,-0.5146018366,-0.0282695236,64.59155903,56.43941424,158.3802752,1,1,safe,
0.2217304764,-0.5146018366,0,64.59155903,56.43941424,161.619724,1,1,safe,
0.2217304764,-0.427335374,-1.25,64.59155903,66.43941424,18.38027522,1,1,safe,
0.2217304764,-0.427335374,-1.162733537,64.59155903,66.43941424,28.38027522,1,1,safe,
0.2217304764,-0.427335374,-1.075467075,64.59155903,66.43941424,38.38027522,1,1,safe,
0.2217304764,-0.427335374,-0.9882006122,64.59155903,66.43941424,48.38027522,1,1,safe,
0.2217304764,-0.427335374,-0.9009341496,64.59155903,66.43941424,58.38027522,1,1,safe,
0.2217304764,-0.427335374,-0.813667687,64.59155903,66.43941424,68.38027522,1,1,safe,
0.2217304764,-0.427335374,-0.7264012244,64.59155903,66.43941424,78.38027522,1,1,safe,
0.2217304764,-0.427335374,-0.6391347618,64.59155903,66.43941424,88.38027522,1,1,safe,
0.2217304764,-0.427335374,-0.5518682992,64.59155903,66.43941424,98.38027522,1,1,safe,
0.2217304764,-0.427335374,-0.4646018366,64.59155903,66.43941424,108.3802752,1,1,safe,
0.2217304764,-0.427335374,-0.377335374,64.59155903,66.43941424,118.3802752,1,1,safe,
0.2217304764,-0.427335374,-0.2900689114,64.59155903,66.43941424,128.3802752,1,1,safe,
0.2217304764,-0.427335374,-0.2028024488,64.59155903,66.43941424,138.3802752,1,1,safe,
0.2217304764,-0.427335374,-0.1155359862,64.59155903,66.43941424,148.3802752,1,1,safe,
0.2217304764,-0.427335374,-0.0282695236,64.59155903,66.43941424,158.3802752,1,1,safe,
0.2217304764,-0.427335374,0,64.59155903,66.43941424,161.619724,1,1,safe,
0.2217304764,-0.3400689114,-1.25,64.59155903,76.43941424,18.38027522,1,1,safe,
0.2217304764,-0.3400689114,-1.162733537,64.59155903,76.43941424,28.38027522,1,1,safe,
0.2217304764,-0.3400689114,-1.075467075,64.59155903,76.43941424,38.38027522,1,1,safe,
0.2217304764,-0.3400689114,-0.9882006122,64.59155903,76.43941424,48.38027522,1,1,safe,
0.2217304764,-0.3400689114,-0.9009341496,64.59155903,76.43941424,58.38027522,1,1,safe,
0.2217304764,-0.3400689114,-0.813667687,64.59155903,76.43941424,68.38027522,1,1,safe,
0.2217304764,-0.3400689114,-0.7264012244,64.59155903,76.43941424,78.38027522,1,1,safe,
0.2217304764,-0.3400689114,-0.6391347618,64.59155903,76.43941424,88.38027522,1,1,safe,
0.2217304764,-0.3400689114,-0.5518682992,64.59155903,76.43941424,98.38027522,1,1,safe,
0.2217304764,-0.3400689114,-0.4646018366,64.59155903,76.43941424,108.3802752,1,1,safe,
0.2217304764,-0.3400689114,-0.377335374,64.59155903,76.43941424,118.3802752,1,1,safe,
0.2217304764,-0.3400689114,-0.2900689114,64.59155903,76.43941424,128.3802752,1,1,safe,
0.2217304764,-0.3400689114,-0.2028024488,64.59155903,76.43941424,138.3802752,1,1,safe,
0.2217304764,-0.3400689114,-0.1155359862,64.59155903,76.43941424,148.3802752,1,1,safe,
0.2217304764,-0.3400689114,-0.0282695236,64.59155903,76.43941424,158.3802752,1,1,safe,
0.2217304764,-0.3400689114,0,64.59155903,76.43941424,161.619724,1,1,safe,
0.2217304764,-0.2528024488,-1.25,64.59155903,86.43941424,18.38027522,1,1,safe,
0.2217304764,-0.2528024488,-1.162733537,64.59155903,86.43941424,28.38027522,1,1,safe,
0.2217304764,-0.2528024488,-1.075467075,64.59155903,86.43941424,38.38027522,1,1,safe,
0.2217304764,-0.2528024488,-0.9882006122,64.59155903,86.43941424,48.38027522,1,1,safe,
0.2217304764,-0.2528024488,-0.9009341496,64.59155903,86.43941424,58.38027522,1,1,safe,
0.2217304764,-0.2528024488,-0.813667687,64.59155903,86.43941424,68.38027522,1,1,safe,
0.2217304764,-0.2528024488,-0.7264012244,64.59155903,86.43941424,78.38027522,1,1,safe,
0.2217304764,-0.2528024488,-0.6391347618,64.59155903,86.43941424,88.38027522,1,1,safe,
0.2217304764,-0.2528024488,-0.5518682992,64.59155903,86.43941424,98.38027522,1,1,safe,
0.2217304764,-0.2528024488,-0.4646018366,64.59155903,86.43941424,108.3802752,1,1,safe,
0.2217304764,-0.2528024488,-0.377335374,64.59155903,86.43941424,118.3802752,1,1,safe,
0.2217304764,-0.2528024488,-0.2900689114,64.59155903,86.43941424,128.3802752,1,1,safe,
0.2217304764,-0.2528024488,-0.2028024488,64.59155903,86.43941424,138.3802752,1,1,safe,
0.2217304764,-0.2528024488,-0.1155359862,64.59155903,86.43941424,148.3802752,1,1,safe,
0.2217304764,-0.2528024488,-0.0282695236,64.59155903,86.43941424,158.3802752,1,1,safe,
0.2217304764,-0.2528024488,0,64.59155903,86.43941424,161.619724,1,1,safe,
0.2217304764,-0.1655359862,-1.25,64.59155903,96.43941424,18.38027522,1,1,safe,
0.2217304764,-0.1655359862,-1.162733537,64.59155903,96.43941424,28.38027522,1,1,safe,
0.2217304764,-0.1655359862,-1.075467075,64.59155903,96.43941424,38.38027522,1,1,safe,
0.2217304764,-0.1655359862,-0.9882006122,64.59155903,96.43941424,48.38027522,1,1,safe,
0.2217304764,-0.1655359862,-0.9009341496,64.59155903,96.43941424,58.38027522,1,1,safe,
0.2217304764,-0.1655359862,-0.813667687,64.59155903,96.43941424,68.38027522,1,1,safe,
0.2217304764,-0.1655359862,-0.7264012244,64.59155903,96.43941424,78.38027522,1,1,safe,
0.2217304764,-0.1655359862,-0.6391347618,64.59155903,96.43941424,88.38027522,1,1,safe,
0.2217304764,-0.1655359862,-0.5518682992,64.59155903,96.43941424,98.38027522,1,1,safe,
0.2217304764,-0.1655359862,-0.4646018366,64.59155903,96.43941424,108.3802752,1,1,safe,
0.2217304764,-0.1655359862,-0.377335374,64.59155903,96.43941424,118.3802752,1,1,safe,
0.2217304764,-0.1655359862,-0.2900689114,64.59155903,96.43941424,128.3802752,1,1,safe,
0.2217304764,-0.1655359862,-0.2028024488,64.59155903,96.43941424,138.3802752,1,1,safe,
0.2217304764,-0.1655359862,-0.1155359862,64.59155903,96.43941424,148.3802752,1,1,safe,
0.2217304764,-0.1655359862,-0.0282695236,64.59155903,96.43941424,158.3802752,1,1,safe,
0.2217304764,-0.1655359862,0,64.59155903,96.43941424,161.619724,1,1,safe,
0.2217304764,-0.0782695236,-1.25,64.59155903,106.4394142,18.38027522,1,1,safe,
0.2217304764,-0.0782695236,-1.162733537,64.59155903,106.4394142,28.38027522,1,1,safe,
0.2217304764,-0.0782695236,-1.075467075,64.59155903,106.4394142,38.38027522,1,1,safe,
0.2217304764,-0.0782695236,-0.9882006122,64.59155903,106.4394142,48.38027522,1,1,safe,
0.2217304764,-0.0782695236,-0.9009341496,64.59155903,106.4394142,58.38027522,1,1,safe,
0.2217304764,-0.0782695236,-0.813667687,64.59155903,106.4394142,68.38027522,1,1,safe,
0.2217304764,-0.0782695236,-0.7264012244,64.59155903,106.4394142,78.38027522,1,1,safe,
0.2217304764,-0.0782695236,-0.6391347618,64.59155903,106.4394142,88.38027522,1,1,safe,
0.2217304764,-0.0782695236,-0.5518682992,64.59155903,106.4394142,98.38027522,1,1,safe,
0.2217304764,-0.0782695236,-0.4646018366,64.59155903,106.4394142,108.3802752,1,1,safe,
0.2217304764,-0.0782695236,-0.377335374,64.59155903,106.4394142,118.3802752,1,1,safe,
0.2217304764,-0.0782695236,-0.2900689114,64.59155903,106.4394142,128.3802752,1,1,safe,
0.2217304764,-0.0782695236,-0.2028024488,64.59155903,106.4394142,138.3802752,1,1,safe,
0.2217304764,-0.0782695236,-0.1155359862,64.59155903,106.4394142,148.3802752,1,1,safe,
0.2217304764,-0.0782695236,-0.0282695236,64.59155903,106.4394142,158.3802752,1,1,safe,
0.2217304764,-0.0782695236,0,64.59155903,106.4394142,161.619724,1,1,safe,
0.2217304764,0.008996939,-1.25,64.59155903,116.4394142,18.38027522,1,1,safe,
0.2217304764,0.008996939,-1.162733537,64.59155903,116.4394142,28.38027522,1,1,safe,
0.2217304764,0.008996939,-1.075467075,64.59155903,116.4394142,38.38027522,1,1,safe,
0.2217304764,0.008996939,-0.9882006122,64.59155903,116.4394142,48.38027522,1,1,safe,
0.2217304764,0.008996939,-0.9009341496,64.59155903,116.4394142,58.38027522,1,1,safe,
0.2217304764,0.008996939,-0.813667687,64.59155903,116.4394142,68.38027522,1,1,safe,
0.2217304764,0.008996939,-0.7264012244,64.59155903,116.4394142,78.38027522,1,1,safe,
0.2217304764,0.008996939,-0.6391347618,64.59155903,116.4394142,88.38027522,1,1,safe,
0.2217304764,0.008996939,-0.5518682992,64.59155903,116.4394142,98.38027522,1,1,safe,
0.2217304764,0.008996939,-0.4646018366,64.59155903,116.4394142,108.3802752,1,1,safe,
0.2217304764,0.008996939,-0.377335374,64.59155903,116.4394142,118.3802752,1,1,safe,
0.2217304764,0.008996939,-0.2900689114,64.59155903,116.4394142,128.3802752,1,1,safe,
0.2217304764,0.008996939,-0.2028024488,64.59155903,116.4394142,138.3802752,1,1,safe,
0.2217304764,0.008996939,-0.1155359862,64.59155903,116.4394142,148.3802752,1,1,safe,
0.2217304764,0.008996939,-0.0282695236,64.59155903,116.4394142,158.3802752,1,1,safe,
0.2217304764,0.008996939,0,64.59155903,116.4394142,161.619724,1,1,safe,
0.2217304764,0.0962634016,-1.25,64.59155903,126.4394142,18.38027522,1,1,safe,
0.2217304764,0.0962634016,-1.162733537,64.59155903,126.4394142,28.38027522,1,1,safe,
0.2217304764,0.0962634016,-1.075467075,64.59155903,126.4394142,38.38027522,1,1,safe,
0.2217304764,0.0962634016,-0.9882006122,64.59155903,126.4394142,48.38027522,1,1,safe,
0.2217304764,0.0962634016,-0.9009341496,64.59155903,126.4394142,58.38027522,1,1,safe,
0.2217304764,0.0962634016,-0.813667687,64.59155903,126.4394142,68.38027522,1,1,safe,
0.2217304764,0.0962634016,-0.7264012244,64.59155903,126.4394142,78.38027522,1,1,safe,
0.2217304764,0.0962634016,-0.6391347618,64.59155903,126.4394142,88.38027522,1,1,safe,
0.2217304764,0.0962634016,-0.5518682992,64.59155903,126.4394142,98.38027522,1,1,safe,
0.2217304764,0.0962634016,-0.4646018366,64.59155903,126.4394142,108.3802752,1,1,safe,
0.2217304764,0.0962634016,-0.377335374,64.59155903,126.4394142,118.3802752,1,1,safe,
0.2217304764,0.0962634016,-0.2900689114,64.59155903,126.4394142,128.3802752,1,1,safe,
0.2217304764,0.0962634016,-0.2028024488,64.59155903,126.4394142,138.3802752,1,1,safe,
0.2217304764,0.0962634016,-0.1155359862,64.59155903,126.4394142,148.3802752,1,1,safe,
0.2217304764,0.0962634016,-0.0282695236,64.59155903,126.4394142,158.3802752,1,1,safe,
0.2217304764,0.0962634016,0,64.59155903,126.4394142,161.619724,1,1,safe,
0.2217304764,0.1835298642,-1.25,64.59155903,136.4394142,18.38027522,1,1,safe,
0.2217304764,0.1835298642,-1.162733537,64.59155903,136.4394142,28.38027522,1,1,safe,
0.2217304764,0.1835298642,-1.075467075,64.59155903,136.4394142,38.38027522,1,1,safe,
0.2217304764,0.1835298642,-0.9882006122,64.59155903,136.4394142,48.38027522,1,1,safe,
0.2217304764,0.1835298642,-0.9009341496,64.59155903,136.4394142,58.38027522,1,1,safe,
0.2217304764,0.1835298642,-0.813667687,64.59155903,136.4394142,68.38027522,1,1,safe,
0.2217304764,0.1835298642,-0.7264012244,64.59155903,136.4394142,78.38027522,1,1,safe,
0.2217304764,0.1835298642,-0.6391347618,64.59155903,136.4394142,88.38027522,1,1,safe,
0.2217304764,0.1835298642,-0.5518682992,64.59155903,136.4394142,98.38027522,1,1,safe,
0.2217304764,0.1835298642,-0.4646018366,64.59155903,136.4394142,108.3802752,1,1,safe,
0.2217304764,0.1835298642,-0.377335374,64.59155903,136.4394142,118.3802752,1,1,safe,
0.2217304764,0.1835298642,-0.2900689114,64.59155903,136.4394142,128.3802752,1,1,safe,
0.2217304764,0.1835298642,-0.2028024488,64.59155903,136.4394142,138.3802752,1,1,safe,
0.2217304764,0.1835298642,-0.1155359862,64.59155903,136.4394142,148.3802752,1,1,safe,
0.2217304764,0.1835298642,-0.0282695236,64.59155903,136.4394142,158.3802752,1,1,safe,
0.2217304764,0.1835298642,0,64.59155903,136.4394142,161.619724,1,1,safe,
0.2217304764,0.2707963268,-1.25,64.59155903,146.4394142,18.38027522,1,1,safe,
0.2217304764,0.2707963268,-1.162733537,64.59155903,146.4394142,28.38027522,1,1,safe,
0.2217304764,0.2707963268,-1.075467075,64.59155903,146.4394142,38.38027522,1,1,safe,
0.2217304764,0.2707963268,-0.9882006122,64.59155903,146.4394142,48.38027522,1,1,safe,
0.2217304764,0.2707963268,-0.9009341496,64.59155903,146.4394142,58.38027522,1,1,safe,
0.2217304764,0.2707963268,-0.813667687,64.59155903,146.4394142,68.38027522,1,1,safe,
0.2217304764,0.2707963268,-0.7264012244,64.59155903,146.4394142,78.38027522,1,1,safe,
0.2217304764,0.2707963268,-0.6391347618,64.59155903,146.4394142,88.38027522,1,1,safe,
0.2217304764,0.2707963268,-0.5518682992,64.59155903,146.4394142,98.38027522,1,1,safe,
0.2217304764,0.2707963268,-0.4646018366,64.59155903,146.4394142,108.3802752,1,1,safe,
0.2217304764,0.2707963268,-0.377335374,64.59155903,146.4394142,118.3802752,1,1,safe,
0.2217304764,0.2707963268,-0.2900689114,64.59155903,146.4394142,128.3802752,1,1,safe,
0.2217304764,0.2707963268,-0.2028024488,64.59155903,146.4394142,138.3802752,1,1,safe,
0.2217304764,0.2707963268,-0.1155359862,64.59155903,146.4394142,148.3802752,1,1,safe,
0.2217304764,0.2707963268,-0.0282695236,64.59155903,146.4394142,158.3802752,1,1,safe,
0.2217304764,0.2707963268,0,64.59155903,146.4394142,161.619724,1,1,safe,
0.308996939,-0.863667687,-1.25,54.59155903,26.43941424,18.38027522,1,1,safe,
0.308996939,-0.863667687,-1.162733537,54.59155903,26.43941424,28.38027522,1,1,safe,
0.308996939,-0.863667687,-1.075467075,54.59155903,26.43941424,38.38027522,1,1,safe,
0.308996939,-0.863667687,-0.9882006122,54.59155903,26.43941424,48.38027522,1,1,safe,
0.308996939,-0.863667687,-0.9009341496,54.59155903,26.43941424,58.38027522,1,1,safe,
0.308996939,-0.863667687,-0.813667687,54.59155903,26.43941424,68.38027522,1,1,safe,
0.308996939,-0.863667687,-0.7264012244,54.59155903,26.43941424,78.38027522,1,1,safe,
0.308996939,-0.863667687,-0.6391347618,54.59155903,26.43941424,88.38027522,1,1,safe,
0.308996939,-0.863667687,-0.5518682992,54.59155903,26.43941424,98.38027522,1,1,safe,
0.308996939,-0.863667687,-0.4646018366,54.59155903,26.43941424,108.3802752,1,1,safe,
0.308996939,-0.863667687,-0.377335374,54.59155903,26.43941424,118.3802752,1,1,safe,
0.308996939,-0.863667687,-0.2900689114,54.59155903,26.43941424,128.3802752,1,1,safe,
0.308996939,-0.863667687,-0.2028024488,54.59155903,26.43941424,138.3802752,1,1,safe,
0.308996939,-0.863667687,-0.1155359862,54.59155903,26.43941424,148.3802752,1,1,safe,
0.308996939,-0.863667687,-0.0282695236,54.59155903,26.43941424,158.3802752,1,1,safe,
0.308996939,-0.863667687,0,54.59155903,26.43941424,161.619724,1,1,safe,
0.308996939,-0.7764012244,-1.25,54.59155903,36.43941424,18.38027522,1,1,safe,
0.308996939,-0.7764012244,-1.162733537,54.59155903,36.43941424,28.38027522,1,1,safe,
0.308996939,-0.7764012244,-1.075467075,54.59155903,36.43941424,38.38027522,1,1,safe,
0.308996939,-0.7764012244,-0.9882006122,54.59155903,36.43941424,48.38027522,1,1,safe,
0.308996939,-0.7764012244,-0.9009341496,54.59155903,36.43941424,58.38027522,1,1,safe,
0.308996939,-0.7764012244,-0.813667687,54.59155903,36.43941424,68.38027522,1,1,safe,
0.308996939,-0.7764012244,-0.7264012244,54.59155903,36.43941424,78.38027522,1,1,safe,
0.308996939,-0.7764012244,-0.6391347618,54.59155903,36.43941424,88.38027522,1,1,safe,
0.308996939,-0.7764012244,-0.5518682992,54.59155903,36.43941424,98.38027522,1,1,safe,
0.308996939,-0.7764012244,-0.4646018366,54.59155903,36.43941424,108.3802752,1,1,safe,
0.308996939,-0.7764012244,-0.377335374,54.59155903,36.43941424,118.3802752,1,1,safe,
0.308996939,-0.7764012244,-0.2900689114,54.59155903,36.43941424,128.3802752,1,1,safe,
0.308996939,-0.7764012244,-0.2028024488,54.59155903,36.43941424,138.3802752,1,1,safe,
0.308996939,-0.7764012244,-0.1155359862,54.59155903,36.43941424,148.3802752,1,1,safe,
0.308996939,-0.7764012244,-0.0282695236,54.59155903,36.43941424,158.3802752,1,1,safe,
0.308996939,-0.7764012244,0,54.59155903,36.43941424,161.619724,1,1,safe,
0.308996939,-0.6891347618,-1.25,54.59155903,46.43941424,18.38027522,1,1,safe,
0.308996939,-0.6891347618,-1.162733537,54.59155903,46.43941424,28.38027522,1,1,safe,
0.308996939,-0.6891347618,-1.075467075,54.59155903,46.43941424,38.38027522,1,1,safe,
0.308996939,-0.6891347618,-0.9882006122,54.59155903,46.43941424,48.38027522,1,1,safe,
0.308996939,-0.6891347618,-0.9009341496,54.59155903,46.43941424,58.38027522,1,1,safe,
0.308996939,-0.6891347618,-0.813667687,54.59155903,46.43941424,68.38027522,1,1,safe,
0.308996939,-0.6891347618,-0.7264012244,54.59155903,46.43941424,78.38027522,1,1,safe,
0.308996939,-0.6891347618,-0.6391347618,54.59155903,46.43941424,88.38027522,1,1,safe,
0.308996939,-0.6891347618,-0.5518682992,54.59155903,46.43941424,98.38027522,1,1,safe,
0.308996939,-0.6891347618,-0.4646018366,54.59155903,46.43941424,108.3802752,1,1,safe,
0.308996939,-0.6891347618,-0.377335374,54.59155903,46.43941424,118.3802752,1,1,safe,
0.308996939,-0.6891347618,-0.2900689114,54.59155903,46.43941424,128.3802752,1,1,safe,
0.308996939,-0.6891347618,-0.2028024488,54.59155903,46.43941424,138.3802752,1,1,safe,
0.308996939,-0.6891347618,-0.1155359862,54.59155903,46.43941424,148.3802752,1,1,safe,
0.308996939,-0.6891347618,-0.0282695236,54.59155903,46.43941424,158.3802752,1,1,safe,
0.308996939,-0.6891347618,0,54.59155903,46.43941424,161.619724,1,1,safe,
0.308996939,-0.6018682992,-1.25,54.59155903,56.43941424,18.38027522,1,1,safe,
0.308996939,-0.6018682992,-1.162733537,54.59155903,56.43941424,28.38027522,1,1,safe,
0.308996939,-0.6018682992,-1.075467075,54.59155903,56.43941424,38.38027522,1,1,safe,
0.308996939,-0.6018682992,-0.9882006122,54.59155903,56.43941424,48.38027522,1,1,safe,
0.308996939,-0.6018682992,-0.9009341496,54.59155903,56.43941424,58.38027522,1,1,safe,
0.308996939,-0.6018682992,-0.813667687,54.59155903,56.43941424,68.38027522,1,1,safe,
0.308996939,-0.6018682992,-0.7264012244,54.59155903,56.43941424,78.38027522,1,1,safe,
0.308996939,-0.6018682992,-0.6391347618,54.59155903,56.43941424,88.38027522,1,1,safe,
0.308996939,-0.6018682992,-0.5518682992,54.59155903,56.43941424,98.38027522,1,1,safe,
0.308996939,-0.6018682992,-0.4646018366,54.59155903,56.43941424,108.3802752,1,1,safe,
0.308996939,-0.6018682992,-0.377335374,54.59155903,56.43941424,118.3802752,1,1,safe,
0.308996939,-0.6018682992,-0.2900689114,54.59155903,56.43941424,128.3802752,1,1,safe,
0.308996939,-0.6018682992,-0.2028024488,54.59155903,56.43941424,138.3802752,1,1,safe,
0.308996939,-0.6018682992,-0.1155359862,54.59155903,56.43941424,148.3802752,1,1,safe,
0.308996939,-0.6018682992,-0.0282695236,54.59155903,56.43941424,158.3802752,1,1,safe,
0.308996939,-0.6018682992,0,54.59155903,56.43941424,161.619724,1,1,safe,
0.308996939,-0.5146018366,-1.25,54.59155903,66.43941424,18.38027522,1,1,safe,
0.308996939,-0.5146018366,-1.162733537,54.59155903,66.43941424,28.38027522,1,1,safe,
0.308996939,-0.5146018366,-1.075467075,54.59155903,66.43941424,38.38027522,1,1,safe,
0.308996939,-0.5146018366,-0.9882006122,54.59155903,66.43941424,48.38027522,1,1,safe,
0.308996939,-0.5146018366,-0.9009341496,54.59155903,66.43941424,58.38027522,1,1,safe,
0.308996939,-0.5146018366,-0.813667687,54.59155903,66.43941424,68.38027522,1,1,safe,
0.308996939,-0.5146018366,-0.7264012244,54.59155903,66.43941424,78.38027522,1,1,safe,
0.308996939,-0.5146018366,-0.6391347618,54.59155903,66.43941424,88.38027522,1,1,safe,
0.308996939,-0.5146018366,-0.5518682992,54.59155903,66.43941424,98.38027522,1,1,safe,
0.308996939,-0.5146018366,-0.4646018366,54.59155903,66.43941424,108.3802752,1,1,safe,
0.308996939,-0.5146018366,-0.377335374,54.59155903,66.43941424,118.3802752,1,1,safe,
0.308996939,-0.5146018366,-0.2900689114,54.59155903,66.43941424,128.3802752,1,1,safe,
0.308996939,-0.5146018366,-0.2028024488,54.59155903,66.43941424,138.3802752,1,1,safe,
0.308996939,-0.5146018366,-0.1155359862,54.59155903,66.43941424,148.3802752,1,1,safe,
0.308996939,-0.5146018366,-0.0282695236,54.59155903,66.43941424,158.3802752,1,1,safe,
0.308996939,-0.5146018366,0,54.59155903,66.43941424,161.619724,1,1,safe,
0.308996939,-0.427335374,-1.25,54.59155903,76.43941424,18.38027522,1,1,safe,
0.308996939,-0.427335374,-1.162733537,54.59155903,76.43941424,28.38027522,1,1,safe,
0.308996939,-0.427335374,-1.075467075,54.59155903,76.43941424,38.38027522,1,1,safe,
0.308996939,-0.427335374,-0.9882006122,54.59155903,76.43941424,48.38027522,1,1,safe,
0.308996939,-0.427335374,-0.9009341496,54.59155903,76.43941424,58.38027522,1,1,safe,
0.308996939,-0.427335374,-0.813667687,54.59155903,76.43941424,68.38027522,1,1,safe,
0.308996939,-0.427335374,-0.7264012244,54.59155903,76.43941424,78.38027522,1,1,safe,
0.308996939,-0.427335374,-0.6391347618,54.59155903,76.43941424,88.38027522,1,1,safe,
0.308996939,-0.427335374,-0.5518682992,54.59155903,76.43941424,98.38027522,1,1,safe,
0.308996939,-0.427335374,-0.4646018366,54.59155903,76.43941424,108.3802752,1,1,safe,
0.308996939,-0.427335374,-0.377335374,54.59155903,76.43941424,118.3802752,1,1,safe,
0.308996939,-0.427335374,-0.2900689114,54.59155903,76.43941424,128.3802752,1,1,safe,
0.308996939,-0.427335374,-0.2028024488,54.59155903,76.43941424,138.3802752,1,1,safe,
0.308996939,-0.427335374,-0.1155359862,54.59155903,76.43941424,148.3802752,1,1,safe,
0.308996939,-0.427335374,-0.0282695236,54.59155903,76.43941424,158.3802752,1,1,safe,
0.308996939,-0.427335374,0,54.59155903,76.43941424,161.619724,1,1,safe,
0.308996939,-0.3400689114,-1.25,54.59155903,86.43941424,18.38027522,1,1,safe,
0.308996939,-0.3400689114,-1.162733537,54.59155903,86.43941424,28.38027522,1,1,safe,
0.308996939,-0.3400689114,-1.075467075,54.59155903,86.43941424,38.38027522,1,1,safe,
0.308996939,-0.3400689114,-0.9882006122,54.59155903,86.43941424,48.38027522,1,1,safe,
0.308996939,-0.3400689114,-0.9009341496,54.59155903,86.43941424,58.38027522,1,1,safe,
0.308996939,-0.3400689114,-0.813667687,54.59155903,86.43941424,68.38027522,1,1,safe,
0.308996939,-0.3400689114,-0.7264012244,54.59155903,86.43941424,78.38027522,1,1,safe,
0.308996939,-0.3400689114,-0.6391347618,54.59155903,86.43941424,88.38027522,1,1,safe,
0.308996939,-0.3400689114,-0.5518682992,54.59155903,86.43941424,98.38027522,1,1,safe,
0.308996939,-0.3400689114,-0.4646018366,54.59155903,86.43941424,108.3802752,1,1,safe,
0.308996939,-0.3400689114,-0.377335374,54.59155903,86.43941424,118.3802752,1,1,safe,
0.308996939,-0.3400689114,-0.2900689114,54.59155903,86.43941424,128.3802752,1,1,safe,
0.308996939,-0.3400689114,-0.2028024488,54.59155903,86.43941424,138.3802752,1,1,safe,
0.308996939,-0.3400689114,-0.1155359862,54.59155903,86.43941424,148.3802752,1,1,safe,
0.308996939,-0.3400689114,-0.0282695236,54.59155903,86.43941424,158.3802752,1,1,safe,
0.308996939,-0.3400689114,0,54.59155903,86.43941424,161.619724,1,1,safe,
0.308996939,-0.2528024488,-1.25,54.59155903,96.43941424,18.38027522,1,1,safe,
0.308996939,-0.2528024488,-1.162733537,54.59155903,96.43941424,28.38027522,1,1,safe,
0.308996939,-0.2528024488,-1.075467075,54.59155903,96.43941424,38.38027522,1,1,safe,
0.308996939,-0.2528024488,-0.9882006122,54.59155903,96.43941424,48.38027522,1,1,safe,
0.308996939,-0.2528024488,-0.9009341496,54.59155903,96.43941424,58.38027522,1,1,safe,
0.308996939,-0.2528024488,-0.813667687,54.59155903,96.43941424,68.38027522,1,1,safe,
0.308996939,-0.2528024488,-0.7264012244,54.59155903,96.43941424,78.38027522,1,1,safe,
0.308996939,-0.2528024488,-0.6391347618,54.59155903,96.43941424,88.38027522,1,1,safe,
0.308996939,-0.2528024488,-0.5518682992,54.59155903,96.43941424,98.38027522,1,1,safe,
0.308996939,-0.2528024488,-0.4646018366,54.59155903,96.43941424,108.3802752,1,1,safe,
0.308996939,-0.2528024488,-0.377335374,54.59155903,96.43941424,118.3802752,1,1,safe,
0.308996939,-0.2528024488,-0.2900689114,54.59155903,96.43941424,128.3802752,1,1,safe,
0.308996939,-0.2528024488,-0.2028024488,54.59155903,96.43941424,138.3802752,1,1,safe,
0.308996939,-0.2528024488,-0.1155359862,54.59155903,96.43941424,148.3802752,1,1,safe,
0.308996939,-0.2528024488,-0.0282695236,54.59155903,96.43941424,158.3802752,1,1,safe,
0.308996939,-0.2528024488,0,54.59155903,96.43941424,161.619724,1,1,safe,
0.308996939,-0.1655359862,-1.25,54.59155903,106.4394142,18.38027522,1,1,safe,
0.308996939,-0.1655359862,-1.162733537,54.59155903,106.4394142,28.38027522,1,1,safe,
0.308996939,-0.1655359862,-1.075467075,54.59155903,106.4394142,38.38027522,1,1,safe,
0.308996939,-0.1655359862,-0.9882006122,54.59155903,106.4394142,48.38027522,1,1,safe,
0.308996939,-0.1655359862,-0.9009341496,54.59155903,106.4394142,58.38027522,1,1,safe,
0.308996939,-0.1655359862,-0.813667687,54.59155903,106.4394142,68.38027522,1,1,safe,
0.308996939,-0.1655359862,-0.7264012244,54.59155903,106.4394142,78.38027522,1,1,safe,
0.308996939,-0.1655359862,-0.6391347618,54.59155903,106.4394142,88.38027522,1,1,safe,
0.308996939,-0.1655359862,-0.5518682992,54.59155903,106.4394142,98.38027522,1,1,safe,
0.308996939,-0.1655359862,-0.4646018366,54.59155903,106.4394142,108.3802752,1,1,safe,
0.308996939,-0.1655359862,-0.377335374,54.59155903,106.4394142,118.3802752,1,1,safe,
0.308996939,-0.1655359862,-0.2900689114,54.59155903,106.4394142,128.3802752,1,1,safe,
0.308996939,-0.1655359862,-0.2028024488,54.59155903,106.4394142,138.3802752,1,1,safe,
0.308996939,-0.1655359862,-0.1155359862,54.59155903,106.4394142,148.3802752,1,1,safe,
0.308996939,-0.1655359862,-0.0282695236,54.59155903,106.4394142,158.3802752,1,1,safe,
0.308996939,-0.1655359862,0,54.59155903,106.4394142,161.619724,1,1,safe,
0.308996939,-0.0782695236,-1.25,54.59155903,116.4394142,18.38027522,1,1,safe,
0.308996939,-0.0782695236,-1.162733537,54.59155903,116.4394142,28.38027522,1,1,safe,
0.308996939,-0.0782695236,-1.075467075,54.59155903,116.4394142,38.38027522,1,1,safe,
0.308996939,-0.0782695236,-0.9882006122,54.59155903,116.4394142,48.38027522,1,1,safe,
0.308996939,-0.0782695236,-0.9009341496,54.59155903,116.4394142,58.38027522,1,1,safe,
0.308996939,-0.0782695236,-0.813667687,54.59155903,116.4394142,68.38027522,1,1,safe,
0.308996939,-0.0782695236,-0.7264012244,54.59155903,116.4394142,78.38027522,1,1,safe,
0.308996939,-0.0782695236,-0.6391347618,54.59155903,116.4394142,88.38027522,1,1,safe,
0.308996939,-0.0782695236,-0.5518682992,54.59155903,116.4394142,98.38027522,1,1,safe,
0.308996939,-0.0782695236,-0.4646018366,54.59155903,116.4394142,108.3802752,1,1,safe,
0.308996939,-0.0782695236,-0.377335374,54.59155903,116.4394142,118.3802752,1,1,safe,
0.308996939,-0.0782695236,-0.2900689114,54.59155903,116.4394142,128.3802752,1,1,safe,
0.308996939,-0.0782695236,-0.2028024488,54.59155903,116.4394142,138.3802752,1,1,safe,
0.308996939,-0.0782695236,-0.1155359862,54.59155903,116.4394142,148.3802752,1,1,safe,
0.308996939,-0.0782695236,-0.0282695236,54.59155903,116.4394142,158.3802752,1,1,safe,
0.308996939,-0.0782695236,0,54.59155903,116.4394142,161.619724,1,1,safe,
0.308996939,0.008996939,-1.25,54.59155903,126.4394142,18.38027522,1,1,safe,
0.308996939,0.008996939,-1.162733537,54.59155903,126.4394142,28.38027522,1,1,safe,
0.308996939,0.008996939,-1.075467075,54.59155903,126.4394142,38.38027522,1,1,safe,
0.308996939,0.008996939,-0.9882006122,54.59155903,126.4394142,48.38027522,1,1,safe,
0.308996939,0.008996939,-0.9009341496,54.59155903,126.4394142,58.38027522,1,1,safe,
0.308996939,0.008996939,-0.813667687,54.59155903,126.4394142,68.38027522,1,1,safe,
0.308996939,0.008996939,-0.7264012244,54.59155903,126.4394142,78.38027522,1,1,safe,
0.308996939,0.008996939,-0.6391347618,54.59155903,126.4394142,88.38027522,1,1,safe,
0.308996939,0.008996939,-0.5518682992,54.59155903,126.4394142,98.38027522,1,1,safe,
0.308996939,0.008996939,-0.4646018366,54.59155903,126.4394142,108.3802752,1,1,safe,
0.308996939,0.008996939,-0.377335374,54.59155903,126.4394142,118.3802752,1,1,safe,
0.308996939,0.008996939,-0.2900689114,54.59155903,126.4394142,128.3802752,1,1,safe,
0.308996939,0.008996939,-0.2028024488,54.59155903,126.4394142,138.3802752,1,1,safe,
0.308996939,0.008996939,-0.1155359862,54.59155903,126.4394142,148.3802752,1,1,safe,
0.308996939,0.008996939,-0.0282695236,54.59155903,126.4394142,158.3802752,1,1,safe,
0.308996939,0.008996939,0,54.59155903,126.4394142,161.619724,1,1,safe,
0.308996939,0.0962634016,-1.25,54.59155903,136.4394142,18.38027522,1,1,safe,
0.308996939,0.0962634016,-1.162733537,54.59155903,136.4394142,28.38027522,1,1,safe,
0.308996939,0.0962634016,-1.075467075,54.59155903,136.4394142,38.38027522,1,1,safe,
0.308996939,0.0962634016,-0.9882006122,54.59155903,136.4394142,48.38027522,1,1,safe,
0.308996939,0.0962634016,-0.9009341496,54.59155903,136.4394142,58.38027522,1,1,safe,
0.308996939,0.0962634016,-0.813667687,54.59155903,136.4394142,68.38027522,1,1,safe,
0.308996939,0.0962634016,-0.7264012244,54.59155903,136.4394142,78.38027522,1,1,safe,
0.308996939,0.0962634016,-0.6391347618,54.59155903,136.4394142,88.38027522,1,1,safe,
0.308996939,0.0962634016,-0.5518682992,54.59155903,136.4394142,98.38027522,1,1,safe,
0.308996939,0.0962634016,-0.4646018366,54.59155903,136.4394142,108.3802752,1,1,safe,
0.308996939,0.0962634016,-0.377335374,54.59155903,136.4394142,118.3802752,1,1,safe,
0.308996939,0.0962634016,-0.2900689114,54.59155903,136.4394142,128.3802752,1,1,safe,
0.308996939,0.0962634016,-0.2028024488,54.59155903,136.4394142,138.3802752,1,1,safe,
0.308996939,0.0962634016,-0.1155359862,54.59155903,136.4394142,148.3802752,1,1,safe,
0.308996939,0.0962634016,-0.0282695236,54.59155903,136.4394142,158.3802752,1,1,safe,
0.308996939,0.0962634016,0,54.59155903,136.4394142,161.619724,1,1,safe,
0.308996939,0.1835298642,-1.25,54.59155903,146.4394142,18.38027522,1,1,safe,
0.308996939,0.1835298642,-1.162733537,54.59155903,146.4394142,28.38027522,1,1,safe,
0.308996939,0.1835298642,-1.075467075,54.59155903,146.4394142,38.38027522,1,1,safe,
0.308996939,0.1835298642,-0.9882006122,54.59155903,146.4394142,48.38027522,1,1,safe,
0.308996939,0.1835298642,-0.9009341496,54.59155903,146.4394142,58.38027522,1,1,safe,
0.308996939,0.1835298642,-0.813667687,54.59155903,146.4394142,68.38027522,1,1,safe,
0.308996939,0.1835298642,-0.7264012244,54.59155903,146.4394142,78.38027522,1,1,safe,
0.308996939,0.1835298642,-0.6391347618,54.59155903,146.4394142,88.38027522,1,1,safe,
0.308996939,0.1835298642,-0.5518682992,54.59155903,146.4394142,98.38027522,1,1,safe,
0.308996939,0.1835298642,-0.4646018366,54.59155903,146.4394142,108.3802752,1,1,safe,
0.308996939,0.1835298642,-0.377335374,54.59155903,146.4394142,118.3802752,1,1,safe,
0.308996939,0.1835298642,-0.2900689114,54.59155903,146.4394142,128.3802752,1,1,safe,
0.308996939,0.1835298642,-0.2028024488,54.59155903,146.4394142,138.3802752,1,1,safe,
0.308996939,0.1835298642,-0.1155359862,54.59155903,146.4394142,148.3802752,1,1,safe,
0.308996939,0.1835298642,-0.0282695236,54.59155903,146.4394142,158.3802752,1,1,safe,
0.308996939,0.1835298642,0,54.59155903,146.4394142,161.619724,1,1,safe,
0.3962634016,-0.863667687,-1.25,44.59155903,36.43941424,18.38027522,1,1,safe,
0.3962634016,-0.863667687,-1.162733537,44.59155903,36.43941424,28.38027522,1,1,safe,
0.3962634016,-0.863667687,-1.075467075,44.59155903,36.43941424,38.38027522,1,1,safe,
0.3962634016,-0.863667687,-0.9882006122,44.59155903,36.43941424,48.38027522,1,1,safe,
0.3962634016,-0.863667687,-0.9009341496,44.59155903,36.43941424,58.38027522,1,1,safe,
0.3962634016,-0.863667687,-0.813667687,44.59155903,36.43941424,68.38027522,1,1,safe,
0.3962634016,-0.863667687,-0.7264012244,44.59155903,36.43941424,78.38027522,1,1,safe,
0.3962634016,-0.863667687,-0.6391347618,44.59155903,36.43941424,88.38027522,1,1,safe,
0.3962634016,-0.863667687,-0.5518682992,44.59155903,36.43941424,98.38027522,1,1,safe,
0.3962634016,-0.863667687,-0.4646018366,44.59155903,36.43941424,108.3802752,1,1,safe,
0.3962634016,-0.863667687,-0.377335374,44.59155903,36.43941424,118.3802752,1,1,safe,
0.3962634016,-0.863667687,-0.2900689114,44.59155903,36.43941424,128.3802752,1,1,safe,
0.3962634016,-0.863667687,-0.2028024488,44.59155903,36.43941424,138.3802752,1,1,safe,
0.3962634016,-0.863667687,-0.1155359862,44.59155903,36.43941424,148.3802752,1,1,safe,
0.3962634016,-0.863667687,-0.0282695236,44.59155903,36.43941424,158.3802752,1,1,safe,
0.3962634016,-0.863667687,0,44.59155903,36.43941424,161.619724,1,1,safe,
0.3962634016,-0.7764012244,-1.25,44.59155903,46.43941424,18.38027522,1,1,safe,
0.3962634016,-0.7764012244,-1.162733537,44.59155903,46.43941424,28.38027522,1,1,safe,
0.3962634016,-0.7764012244,-1.075467075,44.59155903,46.43941424,38.38027522,1,1,safe,
0.3962634016,-0.7764012244,-0.9882006122,44.59155903,46.43941424,48.38027522,1,1,safe,
0.3962634016,-0.7764012244,-0.9009341496,44.59155903,46.43941424,58.38027522,1,1,safe,
0.3962634016,-0.7764012244,-0.813667687,44.59155903,46.43941424,68.38027522,1,1,safe,
0.3962634016,-0.7764012244,-0.7264012244,44.59155903,46.43941424,78.38027522,1,1,safe,
0.3962634016,-0.7764012244,-0.6391347618,44.59155903,46.43941424,88.38027522,1,1,safe,
0.3962634016,-0.7764012244,-0.5518682992,44.59155903,46.43941424,98.38027522,1,1,safe,
0.3962634016,-0.7764012244,-0.4646018366,44.59155903,46.43941424,108.3802752,1,1,safe,
0.3962634016,-0.7764012244,-0.377335374,44.59155903,46.43941424,118.3802752,1,1,safe,
0.3962634016,-0.7764012244,-0.2900689114,44.59155903,46.43941424,128.3802752,1,1,safe,
0.3962634016,-0.7764012244,-0.2028024488,44.59155903,46.43941424,138.3802752,1,1,safe,
0.3962634016,-0.7764012244,-0.1155359862,44.59155903,46.43941424,148.3802752,1,1,safe,
0.3962634016,-0.7764012244,-0.0282695236,44.59155903,46.43941424,158.3802752,1,1,safe,
0.3962634016,-0.7764012244,0,44.59155903,46.43941424,161.619724,1,1,safe,
0.3962634016,-0.6891347618,-1.25,44.59155903,56.43941424,18.38027522,1,1,safe,
0.3962634016,-0.6891347618,-1.162733537,44.59155903,56.43941424,28.38027522,1,1,safe,
0.3962634016,-0.6891347618,-1.075467075,44.59155903,56.43941424,38.38027522,1,1,safe,
0.3962634016,-0.6891347618,-0.9882006122,44.59155903,56.43941424,48.38027522,1,1,safe,
0.3962634016,-0.6891347618,-0.9009341496,44.59155903,56.43941424,58.38027522,1,1,safe,
0.3962634016,-0.6891347618,-0.813667687,44.59155903,56.43941424,68.38027522,1,1,safe,
0.3962634016,-0.6891347618,-0.7264012244,44.59155903,56.43941424,78.38027522,1,1,safe,
0.3962634016,-0.6891347618,-0.6391347618,44.59155903,56.43941424,88.38027522,1,1,safe,
0.3962634016,-0.6891347618,-0.5518682992,44.59155903,56.43941424,98.38027522,1,1,safe,
0.3962634016,-0.6891347618,-0.4646018366,44.59155903,56.43941424,108.3802752,1,1,safe,
0.3962634016,-0.6891347618,-0.377335374,44.59155903,56.43941424,118.3802752,1,1,safe,
0.3962634016,-0.6891347618,-0.2900689114,44.59155903,56.43941424,128.3802752,1,1,safe,
0.3962634016,-0.6891347618,-0.2028024488,44.59155903,56.43941424,138.3802752,1,1,safe,
0.3962634016,-0.6891347618,-0.1155359862,44.59155903,56.43941424,148.3802752,1,1,safe,
0.3962634016,-0.6891347618,-0.0282695236,44.59155903,56.43941424,158.3802752,1,1,safe,
0.3962634016,-0.6891347618,0,44.59155903,56.43941424,161.619724,1,1,safe,
0.3962634016,-0.6018682992,-1.25,44.59155903,66.43941424,18.38027522,1,1,safe,
0.3962634016,-0.6018682992,-1.162733537,44.59155903,66.43941424,28.38027522,1,1,safe,
0.3962634016,-0.6018682992,-1.075467075,44.59155903,66.43941424,38.38027522,1,1,safe,
0.3962634016,-0.6018682992,-0.9882006122,44.59155903,66.43941424,48.38027522,1,1,safe,
0.3962634016,-0.6018682992,-0.9009341496,44.59155903,66.43941424,58.38027522,1,1,safe,
0.3962634016,-0.6018682992,-0.813667687,44.59155903,66.43941424,68.38027522,1,1,safe,
0.3962634016,-0.6018682992,-0.7264012244,44.59155903,66.43941424,78.38027522,1,1,safe,
0.3962634016,-0.6018682992,-0.6391347618,44.59155903,66.43941424,88.38027522,1,1,safe,
0.3962634016,-0.6018682992,-0.5518682992,44.59155903,66.43941424,98.38027522,1,1,safe,
0.3962634016,-0.6018682992,-0.4646018366,44.59155903,66.43941424,108.3802752,1,1,safe,
0.3962634016,-0.6018682992,-0.377335374,44.59155903,66.43941424,118.3802752,1,1,safe,
0.3962634016,-0.6018682992,-0.2900689114,44.59155903,66.43941424,128.3802752,1,1,safe,
0.3962634016,-0.6018682992,-0.2028024488,44.59155903,66.43941424,138.3802752,1,1,safe,
0.3962634016,-0.6018682992,-0.1155359862,44.59155903,66.43941424,148.3802752,1,1,safe,
0.3962634016,-0.6018682992,-0.0282695236,44.59155903,66.43941424,158.3802752,1,1,safe,
0.3962634016,-0.6018682992,0,44.59155903,66.43941424,161.619724,1,1,safe,
0.3962634016,-0.5146018366,-1.25,44.59155903,76.43941424,18.38027522,1,1,safe,
0.3962634016,-0.5146018366,-1.162733537,44.59155903,76.43941424,28.38027522,1,1,safe,
0.3962634016,-0.5146018366,-1.075467075,44.59155903,76.43941424,38.38027522,1,1,safe,
0.3962634016,-0.5146018366,-0.9882006122,44.59155903,76.43941424,48.38027522,1,1,safe,
0.3962634016,-0.5146018366,-0.9009341496,44.59155903,76.43941424,58.38027522,1,1,safe,
0.3962634016,-0.5146018366,-0.813667687,44.59155903,76.43941424,68.38027522,1,1,safe,
0.3962634016,-0.5146018366,-0.7264012244,44.59155903,76.43941424,78.38027522,1,1,safe,
0.3962634016,-0.5146018366,-0.6391347618,44.59155903,76.43941424,88.38027522,1,1,safe,
0.3962634016,-0.5146018366,-0.5518682992,44.59155903,76.43941424,98.38027522,1,1,safe,
0.3962634016,-0.5146018366,-0.4646018366,44.59155903,76.43941424,108.3802752,1,1,safe,
0.3962634016,-0.5146018366,-0.377335374,44.59155903,76.43941424,118.3802752,1,1,safe,
0.3962634016,-0.5146018366,-0.2900689114,44.59155903,76.43941424,128.3802752,1,1,safe,
0.3962634016,-0.5146018366,-0.2028024488,44.59155903,76.43941424,138.3802752,1,1,safe,
0.3962634016,-0.5146018366,-0.1155359862,44.59155903,76.43941424,148.3802752,1,1,safe,
0.3962634016,-0.5146018366,-0.0282695236,44.59155903,76.43941424,158.3802752,1,1,safe,
0.3962634016,-0.5146018366,0,44.59155903,76.43941424,161.619724,1,1,safe,
0.3962634016,-0.427335374,-1.25,44.59155903,86.43941424,18.38027522,1,1,safe,
0.3962634016,-0.427335374,-1.162733537,44.59155903,86.43941424,28.38027522,1,1,safe,
0.3962634016,-0.427335374,-1.075467075,44.59155903,86.43941424,38.38027522,1,1,safe,
0.3962634016,-0.427335374,-0.9882006122,44.59155903,86.43941424,48.38027522,1,1,safe,
0.3962634016,-0.427335374,-0.9009341496,44.59155903,86.43941424,58.38027522,1,1,safe,
0.3962634016,-0.427335374,-0.813667687,44.59155903,86.43941424,68.38027522,1,1,safe,
0.3962634016,-0.427335374,-0.7264012244,44.59155903,86.43941424,78.38027522,1,1,safe,
0.3962634016,-0.427335374,-0.6391347618,44.59155903,86.43941424,88.38027522,1,1,safe,
0.3962634016,-0.427335374,-0.5518682992,44.59155903,86.43941424,98.38027522,1,1,safe,
0.3962634016,-0.427335374,-0.4646018366,44.59155903,86.43941424,108.3802752,1,1,safe,
0.3962634016,-0.427335374,-0.377335374,44.59155903,86.43941424,118.3802752,1,1,safe,
0.3962634016,-0.427335374,-0.2900689114,44.59155903,86.43941424,128.3802752,1,1,safe,
0.3962634016,-0.427335374,-0.2028024488,44.59155903,86.43941424,138.3802752,1,1,safe,
0.3962634016,-0.427335374,-0.1155359862,44.59155903,86.43941424,148.3802752,1,1,safe,
0.3962634016,-0.427335374,-0.0282695236,44.59155903,86.43941424,158.3802752,1,1,safe,
0.3962634016,-0.427335374,0,44.59155903,86.43941424,161.619724,1,1,safe,
0.3962634016,-0.3400689114,-1.25,44.59155903,96.43941424,18.38027522,1,1,safe,
0.3962634016,-0.3400689114,-1.162733537,44.59155903,96.43941424,28.38027522,1,1,safe,
0.3962634016,-0.3400689114,-1.075467075,44.59155903,96.43941424,38.38027522,1,1,safe,
0.3962634016,-0.3400689114,-0.9882006122,44.59155903,96.43941424,48.38027522,1,1,safe,
0.3962634016,-0.3400689114,-0.9009341496,44.59155903,96.43941424,58.38027522,1,1,safe,
0.3962634016,-0.3400689114,-0.813667687,44.59155903,96.43941424,68.38027522,1,1,safe,
0.3962634016,-0.3400689114,-0.7264012244,44.59155903,96.43941424,78.38027522,1,1,safe,
0.3962634016,-0.3400689114,-0.6391347618,44.59155903,96.43941424,88.38027522,1,1,safe,
0.3962634016,-0.3400689114,-0.5518682992,44.59155903,96.43941424,98.38027522,1,1,safe,
0.3962634016,-0.3400689114,-0.4646018366,44.59155903,96.43941424,108.3802752,1,1,safe,
0.3962634016,-0.3400689114,-0.377335374,44.59155903,96.43941424,118.3802752,1,1,safe,
0.3962634016,-0.3400689114,-0.2900689114,44.59155903,96.43941424,128.3802752,1,1,safe,
0.3962634016,-0.3400689114,-0.2028024488,44.59155903,96.43941424,138.3802752,1,1,safe,
0.3962634016,-0.3400689114,-0.1155359862,44.59155903,96.43941424,148.3802752,1,1,safe,
0.3962634016,-0.3400689114,-0.0282695236,44.59155903,96.43941424,158.3802752,1,1,safe,
0.3962634016,-0.3400689114,0,44.59155903,96.43941424,161.619724,1,1,safe,
0.3962634016,-0.2528024488,-1.25,44.59155903,106.4394142,18.38027522,1,1,safe,
0.3962634016,-0.2528024488,-1.162733537,44.59155903,106.4394142,28.38027522,1,1,safe,
0.3962634016,-0.2528024488,-1.075467075,44.59155903,106.4394142,38.38027522,1,1,safe,
0.3962634016,-0.2528024488,-0.9882006122,44.59155903,106.4394142,48.38027522,1,1,safe,
0.3962634016,-0.2528024488,-0.9009341496,44.59155903,106.4394142,58.38027522,1,1,safe,
0.3962634016,-0.2528024488,-0.813667687,44.59155903,106.4394142,68.38027522,1,1,safe,
0.3962634016,-0.2528024488,-0.7264012244,44.59155903,106.4394142,78.38027522,1,1,safe,
0.3962634016,-0.2528024488,-0.6391347618,44.59155903,106.4394142,88.38027522,1,1,safe,
0.3962634016,-0.2528024488,-0.5518682992,44.59155903,106.4394142,98.38027522,1,1,safe,
0.3962634016,-0.2528024488,-0.4646018366,44.59155903,106.4394142,108.3802752,1,1,safe,
0.3962634016,-0.2528024488,-0.377335374,44.59155903,106.4394142,118.3802752,1,1,safe,
0.3962634016,-0.2528024488,-0.2900689114,44.59155903,106.4394142,128.3802752,1,1,safe,
0.3962634016,-0.2528024488,-0.2028024488,44.59155903,106.4394142,138.3802752,1,1,safe,
0.3962634016,-0.2528024488,-0.1155359862,44.59155903,106.4394142,148.3802752,1,1,safe,
0.3962634016,-0.2528024488,-0.0282695236,44.59155903,106.4394142,158.3802752,1,1,safe,
0.3962634016,-0.2528024488,0,44.59155903,106.4394142,161.619724,1,1,safe,
0.3962634016,-0.1655359862,-1.25,44.59155903,116.4394142,18.38027522,1,1,safe,
0.3962634016,-0.1655359862,-1.162733537,44.59155903,116.4394142,28.38027522,1,1,safe,
0.3962634016,-0.1655359862,-1.075467075,44.59155903,116.4394142,38.38027522,1,1,safe,
0.3962634016,-0.1655359862,-0.9882006122,44.59155903,116.4394142,48.38027522,1,1,safe,
0.3962634016,-0.1655359862,-0.9009341496,44.59155903,116.4394142,58.38027522,1,1,safe,
0.3962634016,-0.1655359862,-0.813667687,44.59155903,116.4394142,68.38027522,1,1,safe,
0.3962634016,-0.1655359862,-0.7264012244,44.59155903,116.4394142,78.38027522,1,1,safe,
0.3962634016,-0.1655359862,-0.6391347618,44.59155903,116.4394142,88.38027522,1,1,safe,
0.3962634016,-0.1655359862,-0.5518682992,44.59155903,116.4394142,98.38027522,1,1,safe,
0.3962634016,-0.1655359862,-0.4646018366,44.59155903,116.4394142,108.3802752,1,1,safe,
0.3962634016,-0.1655359862,-0.377335374,44.59155903,116.4394142,118.3802752,1,1,safe,
0.3962634016,-0.1655359862,-0.2900689114,44.59155903,116.4394142,128.3802752,1,1,safe,
0.3962634016,-0.1655359862,-0.2028024488,44.59155903,116.4394142,138.3802752,1,1,safe,
0.3962634016,-0.1655359862,-0.1155359862,44.59155903,116.4394142,148.3802752,1,1,safe,
0.3962634016,-0.1655359862,-0.0282695236,44.59155903,116.4394142,158.3802752,1,1,safe,
0.3962634016,-0.1655359862,0,44.59155903,116.4394142,161.619724,1,1,safe,
0.3962634016,-0.0782695236,-1.25,44.59155903,126.4394142,18.38027522,1,1,safe,
0.3962634016,-0.0782695236,-1.162733537,44.59155903,126.4394142,28.38027522,1,1,safe,
0.3962634016,-0.0782695236,-1.075467075,44.59155903,126.4394142,38.38027522,1,1,safe,
0.3962634016,-0.0782695236,-0.9882006122,44.59155903,126.4394142,48.38027522,1,1,safe,
0.3962634016,-0.0782695236,-0.9009341496,44.59155903,126.4394142,58.38027522,1,1,safe,
0.3962634016,-0.0782695236,-0.813667687,44.59155903,126.4394142,68.38027522,1,1,safe,
0.3962634016,-0.0782695236,-0.7264012244,44.59155903,126.4394142,78.38027522,1,1,safe,
0.3962634016,-0.0782695236,-0.6391347618,44.59155903,126.4394142,88.38027522,1,1,safe,
0.3962634016,-0.0782695236,-0.5518682992,44.59155903,126.4394142,98.38027522,1,1,safe,
0.3962634016,-0.0782695236,-0.4646018366,44.59155903,126.4394142,108.3802752,1,1,safe,
0.3962634016,-0.0782695236,-0.377335374,44.59155903,126.4394142,118.3802752,1,1,safe,
0.3962634016,-0.0782695236,-0.2900689114,44.59155903,126.4394142,128.3802752,1,1,safe,
0.3962634016,-0.0782695236,-0.2028024488,44.59155903,126.4394142,138.3802752,1,1,safe,
0.3962634016,-0.0782695236,-0.1155359862,44.59155903,126.4394142,148.3802752,1,1,safe,
0.3962634016,-0.0782695236,-0.0282695236,44.59155903,126.4394142,158.3802752,1,1,safe,
0.3962634016,-0.0782695236,0,44.59155903,126.4394142,161.619724,1,1,safe,
0.3962634016,0.008996939,-1.25,44.59155903,136.4394142,18.38027522,1,1,safe,
0.3962634016,0.008996939,-1.162733537,44.59155903,136.4394142,28.38027522,1,1,safe,
0.3962634016,0.008996939,-1.075467075,44.59155903,136.4394142,38.38027522,1,1,safe,
0.3962634016,0.008996939,-0.9882006122,44.59155903,136.4394142,48.38027522,1,1,safe,
0.3962634016,0.008996939,-0.9009341496,44.59155903,136.4394142,58.38027522,1,1,safe,
0.3962634016,0.008996939,-0.813667687,44.59155903,136.4394142,68.38027522,1,1,safe,
0.3962634016,0.008996939,-0.7264012244,44.59155903,136.4394142,78.38027522,1,1,safe,
0.3962634016,0.008996939,-0.6391347618,44.59155903,136.4394142,88.38027522,1,1,safe,
0.3962634016,0.008996939,-0.5518682992,44.59155903,136.4394142,98.38027522,1,1,safe,
0.3962634016,0.008996939,-0.4646018366,44.59155903,136.4394142,108.3802752,1,1,safe,
0.3962634016,0.008996939,-0.377335374,44.59155903,136.4394142,118.3802752,1,1,safe,
0.3962634016,0.008996939,-0.2900689114,44.59155903,136.4394142,128.3802752,1,1,safe,
0.3962634016,0.008996939,-0.2028024488,44.59155903,136.4394142,138.3802752,1,1,safe,
0.3962634016,0.008996939,-0.1155359862,44.59155903,136.4394142,148.3802752,1,1,safe,
0.3962634016,0.008996939,-0.0282695236,44.59155903,136.4394142,158.3802752,1,1,safe,
0.3962634016,0.008996939,0,44.59155903,136.4394142,161.619724,1,1,safe,
0.4835298642,-0.9509341496,-1.25,34.59155903,36.43941424,18.38027522,1,1,safe,
0.4835298642,-0.9509341496,-1.162733537,34.59155903,36.43941424,28.38027522,1,1,safe,
0.4835298642,-0.9509341496,-1.075467075,34.59155903,36.43941424,38.38027522,1,1,safe,
0.4835298642,-0.9509341496,-0.9882006122,34.59155903,36.43941424,48.38027522,1,1,safe,
0.4835298642,-0.9509341496,-0.9009341496,34.59155903,36.43941424,58.38027522,1,1,safe,
0.4835298642,-0.9509341496,-0.813667687,34.59155903,36.43941424,68.38027522,1,1,safe,
0.4835298642,-0.9509341496,-0.7264012244,34.59155903,36.43941424,78.38027522,1,1,safe,
0.4835298642,-0.9509341496,-0.6391347618,34.59155903,36.43941424,88.38027522,1,1,safe,
0.4835298642,-0.9509341496,-0.5518682992,34.59155903,36.43941424,98.38027522,1,1,safe,
0.4835298642,-0.9509341496,-0.4646018366,34.59155903,36.43941424,108.3802752,1,1,safe,
0.4835298642,-0.9509341496,-0.377335374,34.59155903,36.43941424,118.3802752,1,1,safe,
0.4835298642,-0.9509341496,-0.2900689114,34.59155903,36.43941424,128.3802752,1,1,safe,
0.4835298642,-0.9509341496,-0.2028024488,34.59155903,36.43941424,138.3802752,1,1,safe,
0.4835298642,-0.9509341496,-0.1155359862,34.59155903,36.43941424,148.3802752,1,1,safe,
0.4835298642,-0.9509341496,-0.0282695236,34.59155903,36.43941424,158.3802752,1,1,safe,
0.4835298642,-0.9509341496,0,34.59155903,36.43941424,161.619724,1,1,safe,
0.4835298642,-0.863667687,-1.25,34.59155903,46.43941424,18.38027522,1,1,safe,
0.4835298642,-0.863667687,-1.162733537,34.59155903,46.43941424,28.38027522,1,1,safe,
0.4835298642,-0.863667687,-1.075467075,34.59155903,46.43941424,38.38027522,1,1,safe,
0.4835298642,-0.863667687,-0.9882006122,34.59155903,46.43941424,48.38027522,1,1,safe,
0.4835298642,-0.863667687,-0.9009341496,34.59155903,46.43941424,58.38027522,1,1,safe,
0.4835298642,-0.863667687,-0.813667687,34.59155903,46.43941424,68.38027522,1,1,safe,
0.4835298642,-0.863667687,-0.7264012244,34.59155903,46.43941424,78.38027522,1,1,safe,
0.4835298642,-0.863667687,-0.6391347618,34.59155903,46.43941424,88.38027522,1,1,safe,
0.4835298642,-0.863667687,-0.5518682992,34.59155903,46.43941424,98.38027522,1,1,safe,
0.4835298642,-0.863667687,-0.4646018366,34.59155903,46.43941424,108.3802752,1,1,safe,
0.4835298642,-0.863667687,-0.377335374,34.59155903,46.43941424,118.3802752,1,1,safe,
0.4835298642,-0.863667687,-0.2900689114,34.59155903,46.43941424,128.3802752,1,1,safe,
0.4835298642,-0.863667687,-0.2028024488,34.59155903,46.43941424,138.3802752,1,1,safe,
0.4835298642,-0.863667687,-0.1155359862,34.59155903,46.43941424,148.3802752,1,1,safe,
0.4835298642,-0.863667687,-0.0282695236,34.59155903,46.43941424,158.3802752,1,1,safe,
0.4835298642,-0.863667687,0,34.59155903,46.43941424,161.619724,1,1,safe,
0.4835298642,-0.7764012244,-1.25,34.59155903,56.43941424,18.38027522,1,1,safe,
0.4835298642,-0.7764012244,-1.162733537,34.59155903,56.43941424,28.38027522,1,1,safe,
0.4835298642,-0.7764012244,-1.075467075,34.59155903,56.43941424,38.38027522,1,1,safe,
0.4835298642,-0.7764012244,-0.9882006122,34.59155903,56.43941424,48.38027522,1,1,safe,
0.4835298642,-0.7764012244,-0.9009341496,34.59155903,56.43941424,58.38027522,1,1,safe,
0.4835298642,-0.7764012244,-0.813667687,34.59155903,56.43941424,68.38027522,1,1,safe,
0.4835298642,-0.7764012244,-0.7264012244,34.59155903,56.43941424,78.38027522,1,1,safe,
0.4835298642,-0.7764012244,-0.6391347618,34.59155903,56.43941424,88.38027522,1,1,safe,
0.4835298642,-0.7764012244,-0.5518682992,34.59155903,56.43941424,98.38027522,1,1,safe,
0.4835298642,-0.7764012244,-0.4646018366,34.59155903,56.43941424,108.3802752,1,1,safe,
0.4835298642,-0.7764012244,-0.377335374,34.59155903,56.43941424,118.3802752,1,1,safe,
0.4835298642,-0.7764012244,-0.2900689114,34.59155903,56.43941424,128.3802752,1,1,safe,
0.4835298642,-0.7764012244,-0.2028024488,34.59155903,56.43941424,138.3802752,1,1,safe,
0.4835298642,-0.7764012244,-0.1155359862,34.59155903,56.43941424,148.3802752,1,1,safe,
0.4835298642,-0.7764012244,-0.0282695236,34.59155903,56.43941424,158.3802752,1,1,safe,
0.4835298642,-0.7764012244,0,34.59155903,56.43941424,161.619724,1,1,safe,
0.4835298642,-0.6891347618,-1.25,34.59155903,66.43941424,18.38027522,1,1,safe,
0.4835298642,-0.6891347618,-1.162733537,34.59155903,66.43941424,28.38027522,1,1,safe,
0.4835298642,-0.6891347618,-1.075467075,34.59155903,66.43941424,38.38027522,1,1,safe,
0.4835298642,-0.6891347618,-0.9882006122,34.59155903,66.43941424,48.38027522,1,1,safe,
0.4835298642,-0.6891347618,-0.9009341496,34.59155903,66.43941424,58.38027522,1,1,safe,
0.4835298642,-0.6891347618,-0.813667687,34.59155903,66.43941424,68.38027522,1,1,safe,
0.4835298642,-0.6891347618,-0.7264012244,34.59155903,66.43941424,78.38027522,1,1,safe,
0.4835298642,-0.6891347618,-0.6391347618,34.59155903,66.43941424,88.38027522,1,1,safe,
0.4835298642,-0.6891347618,-0.5518682992,34.59155903,66.43941424,98.38027522,1,1,safe,
0.4835298642,-0.6891347618,-0.4646018366,34.59155903,66.43941424,108.3802752,1,1,safe,
0.4835298642,-0.6891347618,-0.377335374,34.59155903,66.43941424,118.3802752,1,1,safe,
0.4835298642,-0.6891347618,-0.2900689114,34.59155903,66.43941424,128.3802752,1,1,safe,
0.4835298642,-0.6891347618,-0.2028024488,34.59155903,66.43941424,138.3802752,1,1,safe,
0.4835298642,-0.6891347618,-0.1155359862,34.59155903,66.43941424,148.3802752,1,1,safe,
0.4835298642,-0.6891347618,-0.0282695236,34.59155903,66.43941424,158.3802752,1,1,safe,
0.4835298642,-0.6891347618,0,34.59155903,66.43941424,161.619724,1,1,safe,
0.4835298642,-0.6018682992,-1.25,34.59155903,76.43941424,18.38027522,1,1,safe,
0.4835298642,-0.6018682992,-1.162733537,34.59155903,76.43941424,28.38027522,1,1,safe,
0.4835298642,-0.6018682992,-1.075467075,34.59155903,76.43941424,38.38027522,1,1,safe,
0.4835298642,-0.6018682992,-0.9882006122,34.59155903,76.43941424,48.38027522,1,1,safe,
0.4835298642,-0.6018682992,-0.9009341496,34.59155903,76.43941424,58.38027522,1,1,safe,
0.4835298642,-0.6018682992,-0.813667687,34.59155903,76.43941424,68.38027522,1,1,safe,
0.4835298642,-0.6018682992,-0.7264012244,34.59155903,76.43941424,78.38027522,1,1,safe,
0.4835298642,-0.6018682992,-0.6391347618,34.59155903,76.43941424,88.38027522,1,1,safe,
0.4835298642,-0.6018682992,-0.5518682992,34.59155903,76.43941424,98.38027522,1,1,safe,
0.4835298642,-0.6018682992,-0.4646018366,34.59155903,76.43941424,108.3802752,1,1,safe,
0.4835298642,-0.6018682992,-0.377335374,34.59155903,76.43941424,118.3802752,1,1,safe,
0.4835298642,-0.6018682992,-0.2900689114,34.59155903,76.43941424,128.3802752,1,1,safe,
0.4835298642,-0.6018682992,-0.2028024488,34.59155903,76.43941424,138.3802752,1,1,safe,
0.4835298642,-0.6018682992,-0.1155359862,34.59155903,76.43941424,148.3802752,1,1,safe,
0.4835298642,-0.6018682992,-0.0282695236,34.59155903,76.43941424,158.3802752,1,1,safe,
0.4835298642,-0.6018682992,0,34.59155903,76.43941424,161.619724,1,1,safe,
0.4835298642,-0.5146018366,-1.25,34.59155903,86.43941424,18.38027522,1,1,safe,
0.4835298642,-0.5146018366,-1.162733537,34.59155903,86.43941424,28.38027522,1,1,safe,
0.4835298642,-0.5146018366,-1.075467075,34.59155903,86.43941424,38.38027522,1,1,safe,
0.4835298642,-0.5146018366,-0.9882006122,34.59155903,86.43941424,48.38027522,1,1,safe,
0.4835298642,-0.5146018366,-0.9009341496,34.59155903,86.43941424,58.38027522,1,1,safe,
0.4835298642,-0.5146018366,-0.813667687,34.59155903,86.43941424,68.38027522,1,1,safe,
0.4835298642,-0.5146018366,-0.7264012244,34.59155903,86.43941424,78.38027522,1,1,safe,
0.4835298642,-0.5146018366,-0.6391347618,34.59155903,86.43941424,88.38027522,1,1,safe,
0.4835298642,-0.5146018366,-0.5518682992,34.59155903,86.43941424,98.38027522,1,1,safe,
0.4835298642,-0.5146018366,-0.4646018366,34.59155903,86.43941424,108.3802752,1,1,safe,
0.4835298642,-0.5146018366,-0.377335374,34.59155903,86.43941424,118.3802752,1,1,safe,
0.4835298642,-0.5146018366,-0.2900689114,34.59155903,86.43941424,128.3802752,1,1,safe,
0.4835298642,-0.5146018366,-0.2028024488,34.59155903,86.43941424,138.3802752,1,1,safe,
0.4835298642,-0.5146018366,-0.1155359862,34.59155903,86.43941424,148.3802752,1,1,safe,
0.4835298642,-0.5146018366,-0.0282695236,34.59155903,86.43941424,158.3802752,1,1,safe,
0.4835298642,-0.5146018366,0,34.59155903,86.43941424,161.619724,1,1,safe,
0.4835298642,-0.427335374,-1.25,34.59155903,96.43941424,18.38027522,1,1,safe,
0.4835298642,-0.427335374,-1.162733537,34.59155903,96.43941424,28.38027522,1,1,safe,
0.4835298642,-0.427335374,-1.075467075,34.59155903,96.43941424,38.38027522,1,1,safe,
0.4835298642,-0.427335374,-0.9882006122,34.59155903,96.43941424,48.38027522,1,1,safe,
0.4835298642,-0.427335374,-0.9009341496,34.59155903,96.43941424,58.38027522,1,1,safe,
0.4835298642,-0.427335374,-0.813667687,34.59155903,96.43941424,68.38027522,1,1,safe,
0.4835298642,-0.427335374,-0.7264012244,34.59155903,96.43941424,78.38027522,1,1,safe,
0.4835298642,-0.427335374,-0.6391347618,34.59155903,96.43941424,88.38027522,1,1,safe,
0.4835298642,-0.427335374,-0.5518682992,34.59155903,96.43941424,98.38027522,1,1,safe,
0.4835298642,-0.427335374,-0.4646018366,34.59155903,96.43941424,108.3802752,1,1,safe,
0.4835298642,-0.427335374,-0.377335374,34.59155903,96.43941424,118.3802752,1,1,safe,
0.4835298642,-0.427335374,-0.2900689114,34.59155903,96.43941424,128.3802752,1,1,safe,
0.4835298642,-0.427335374,-0.2028024488,34.59155903,96.43941424,138.3802752,1,1,safe,
0.4835298642,-0.427335374,-0.1155359862,34.59155903,96.43941424,148.3802752,1,1,safe,
0.4835298642,-0.427335374,-0.0282695236,34.59155903,96.43941424,158.3802752,1,1,safe,
0.4835298642,-0.427335374,0,34.59155903,96.43941424,161.619724,1,1,safe,
0.4835298642,-0.3400689114,-1.25,34.59155903,106.4394142,18.38027522,1,1,safe,
0.4835298642,-0.3400689114,-1.162733537,34.59155903,106.4394142,28.38027522,1,1,safe,
0.4835298642,-0.3400689114,-1.075467075,34.59155903,106.4394142,38.38027522,1,1,safe,
0.4835298642,-0.3400689114,-0.9882006122,34.59155903,106.4394142,48.38027522,1,1,safe,
0.4835298642,-0.3400689114,-0.9009341496,34.59155903,106.4394142,58.38027522,1,1,safe,
0.4835298642,-0.3400689114,-0.813667687,34.59155903,106.4394142,68.38027522,1,1,safe,
0.4835298642,-0.3400689114,-0.7264012244,34.59155903,106.4394142,78.38027522,1,1,safe,
0.4835298642,-0.3400689114,-0.6391347618,34.59155903,106.4394142,88.38027522,1,1,safe,
0.4835298642,-0.3400689114,-0.5518682992,34.59155903,106.4394142,98.38027522,1,1,safe,
0.4835298642,-0.3400689114,-0.4646018366,34.59155903,106.4394142,108.3802752,1,1,safe,
0.4835298642,-0.3400689114,-0.377335374,34.59155903,106.4394142,118.3802752,1,1,safe,
0.4835298642,-0.3400689114,-0.2900689114,34.59155903,106.4394142,128.3802752,1,1,safe,
0.4835298642,-0.3400689114,-0.2028024488,34.59155903,106.4394142,138.3802752,1,1,safe,
0.4835298642,-0.3400689114,-0.1155359862,34.59155903,106.4394142,148.3802752,1,1,safe,
0.4835298642,-0.3400689114,-0.0282695236,34.59155903,106.4394142,158.3802752,1,1,safe,
0.4835298642,-0.3400689114,0,34.59155903,106.4394142,161.619724,1,1,safe,
0.4835298642,-0.2528024488,-1.25,34.59155903,116.4394142,18.38027522,1,1,safe,
0.4835298642,-0.2528024488,-1.162733537,34.59155903,116.4394142,28.38027522,1,1,safe,
0.4835298642,-0.2528024488,-1.075467075,34.59155903,116.4394142,38.38027522,1,1,safe,
0.4835298642,-0.2528024488,-0.9882006122,34.59155903,116.4394142,48.38027522,1,1,safe,
0.4835298642,-0.2528024488,-0.9009341496,34.59155903,116.4394142,58.38027522,1,1,safe,
0.4835298642,-0.2528024488,-0.813667687,34.59155903,116.4394142,68.38027522,1,1,safe,
0.4835298642,-0.2528024488,-0.7264012244,34.59155903,116.4394142,78.38027522,1,1,safe,
0.4835298642,-0.2528024488,-0.6391347618,34.59155903,116.4394142,88.38027522,1,1,safe,
0.4835298642,-0.2528024488,-0.5518682992,34.59155903,116.4394142,98.38027522,1,1,safe,
0.4835298642,-0.2528024488,-0.4646018366,34.59155903,116.4394142,108.3802752,1,1,safe,
0.4835298642,-0.2528024488,-0.377335374,34.59155903,116.4394142,118.3802752,1,1,safe,
0.4835298642,-0.2528024488,-0.2900689114,34.59155903,116.4394142,128.3802752,1,1,safe,
0.4835298642,-0.2528024488,-0.2028024488,34.59155903,116.4394142,138.3802752,1,1,safe,
0.4835298642,-0.2528024488,-0.1155359862,34.59155903,116.4394142,148.3802752,1,1,safe,
0.4835298642,-0.2528024488,-0.0282695236,34.59155903,116.4394142,158.3802752,1,1,safe,
0.4835298642,-0.2528024488,0,34.59155903,116.4394142,161.619724,1,1,safe,
0.4835298642,-0.1655359862,-1.25,34.59155903,126.4394142,18.38027522,1,1,safe,
0.4835298642,-0.1655359862,-1.162733537,34.59155903,126.4394142,28.38027522,1,1,safe,
0.4835298642,-0.1655359862,-1.075467075,34.59155903,126.4394142,38.38027522,1,1,safe,
0.4835298642,-0.1655359862,-0.9882006122,34.59155903,126.4394142,48.38027522,1,1,safe,
0.4835298642,-0.1655359862,-0.9009341496,34.59155903,126.4394142,58.38027522,1,1,safe,
0.4835298642,-0.1655359862,-0.813667687,34.59155903,126.4394142,68.38027522,1,1,safe,
0.4835298642,-0.1655359862,-0.7264012244,34.59155903,126.4394142,78.38027522,1,1,safe,
0.4835298642,-0.1655359862,-0.6391347618,34.59155903,126.4394142,88.38027522,1,1,safe,
0.4835298642,-0.1655359862,-0.5518682992,34.59155903,126.4394142,98.38027522,1,1,safe,
0.4835298642,-0.1655359862,-0.4646018366,34.59155903,126.4394142,108.3802752,1,1,safe,
0.4835298642,-0.1655359862,-0.377335374,34.59155903,126.4394142,118.3802752,1,1,safe,
0.4835298642,-0.1655359862,-0.2900689114,34.59155903,126.4394142,128.3802752,1,1,safe,
0.4835298642,-0.1655359862,-0.2028024488,34.59155903,126.4394142,138.3802752,1,1,safe,
0.4835298642,-0.1655359862,-0.1155359862,34.59155903,126.4394142,148.3802752,1,1,safe,
0.4835298642,-0.1655359862,-0.0282695236,34.59155903,126.4394142,158.3802752,1,1,safe,
0.4835298642,-0.1655359862,0,34.59155903,126.4394142,161.619724,1,1,safe,
0.5707963268,-0.9509341496,-1.25,24.59155903,46.43941424,18.38027522,1,1,safe,
0.5707963268,-0.9509341496,-1.162733537,24.59155903,46.43941424,28.38027522,1,1,safe,
0.5707963268,-0.9509341496,-1.075467075,24.59155903,46.43941424,38.38027522,1,1,safe,
0.5707963268,-0.9509341496,-0.9882006122,24.59155903,46.43941424,48.38027522,1,1,safe,
0.5707963268,-0.9509341496,-0.9009341496,24.59155903,46.43941424,58.38027522,1,1,safe,
0.5707963268,-0.9509341496,-0.813667687,24.59155903,46.43941424,68.38027522,1,1,safe,
0.5707963268,-0.9509341496,-0.7264012244,24.59155903,46.43941424,78.38027522,1,1,safe,
0.5707963268,-0.9509341496,-0.6391347618,24.59155903,46.43941424,88.38027522,1,1,safe,
0.5707963268,-0.9509341496,-0.5518682992,24.59155903,46.43941424,98.38027522,1,1,safe,
0.5707963268,-0.9509341496,-0.4646018366,24.59155903,46.43941424,108.3802752,1,1,safe,
0.5707963268,-0.9509341496,-0.377335374,24.59155903,46.43941424,118.3802752,1,1,safe,
0.5707963268,-0.9509341496,-0.2900689114,24.59155903,46.43941424,128.3802752,1,1,safe,
0.5707963268,-0.9509341496,-0.2028024488,24.59155903,46.43941424,138.3802752,1,1,safe,
0.5707963268,-0.9509341496,-0.1155359862,24.59155903,46.43941424,148.3802752,1,1,safe,
0.5707963268,-0.9509341496,-0.0282695236,24.59155903,46.43941424,158.3802752,1,1,safe,
0.5707963268,-0.9509341496,0,24.59155903,46.43941424,161.619724,1,1,safe,
0.5707963268,-0.863667687,-1.25,24.59155903,56.43941424,18.38027522,1,1,safe,
0.5707963268,-0.863667687,-1.162733537,24.59155903,56.43941424,28.38027522,1,1,safe,
0.5707963268,-0.863667687,-1.075467075,24.59155903,56.43941424,38.38027522,1,1,safe,
0.5707963268,-0.863667687,-0.9882006122,24.59155903,56.43941424,48.38027522,1,1,safe,
0.5707963268,-0.863667687,-0.9009341496,24.59155903,56.43941424,58.38027522,1,1,safe,
0.5707963268,-0.863667687,-0.813667687,24.59155903,56.43941424,68.38027522,1,1,safe,
0.5707963268,-0.863667687,-0.7264012244,24.59155903,56.43941424,78.38027522,1,1,safe,
0.5707963268,-0.863667687,-0.6391347618,24.59155903,56.43941424,88.38027522,1,1,safe,
0.5707963268,-0.863667687,-0.5518682992,24.59155903,56.43941424,98.38027522,1,1,safe,
0.5707963268,-0.863667687,-0.4646018366,24.59155903,56.43941424,108.3802752,1,1,safe,
0.5707963268,-0.863667687,-0.377335374,24.59155903,56.43941424,118.3802752,1,1,safe,
0.5707963268,-0.863667687,-0.2900689114,24.59155903,56.43941424,128.3802752,1,1,safe,
0.5707963268,-0.863667687,-0.2028024488,24.59155903,56.43941424,138.3802752,1,1,safe,
0.5707963268,-0.863667687,-0.1155359862,24.59155903,56.43941424,148.3802752,1,1,safe,
0.5707963268,-0.863667687,-0.0282695236,24.59155903,56.43941424,158.3802752,1,1,safe,
0.5707963268,-0.863667687,0,24.59155903,56.43941424,161.619724,1,1,safe,
0.5707963268,-0.7764012244,-1.25,24.59155903,66.43941424,18.38027522,1,1,safe,
0.5707963268,-0.7764012244,-1.162733537,24.59155903,66.43941424,28.38027522,1,1,safe,
0.5707963268,-0.7764012244,-1.075467075,24.59155903,66.43941424,38.38027522,1,1,safe,
0.5707963268,-0.7764012244,-0.9882006122,24.59155903,66.43941424,48.38027522,1,1,safe,
0.5707963268,-0.7764012244,-0.9009341496,24.59155903,66.43941424,58.38027522,1,1,safe,
0.5707963268,-0.7764012244,-0.813667687,24.59155903,66.43941424,68.38027522,1,1,safe,
0.5707963268,-0.7764012244,-0.7264012244,24.59155903,66.43941424,78.38027522,1,1,safe,
0.5707963268,-0.7764012244,-0.6391347618,24.59155903,66.43941424,88.38027522,1,1,safe,
0.5707963268,-0.7764012244,-0.5518682992,24.59155903,66.43941424,98.38027522,1,1,safe,
0.5707963268,-0.7764012244,-0.4646018366,24.59155903,66.43941424,108.3802752,1,1,safe,
0.5707963268,-0.7764012244,-0.377335374,24.59155903,66.43941424,118.3802752,1,1,safe,
0.5707963268,-0.7764012244,-0.2900689114,24.59155903,66.43941424,128.3802752,1,1,safe,
0.5707963268,-0.7764012244,-0.2028024488,24.59155903,66.43941424,138.3802752,1,1,safe,
0.5707963268,-0.7764012244,-0.1155359862,24.59155903,66.43941424,148.3802752,1,1,safe,
0.5707963268,-0.7764012244,-0.0282695236,24.59155903,66.43941424,158.3802752,1,1,safe,
0.5707963268,-0.7764012244,0,24.59155903,66.43941424,161.619724,1,1,safe,
0.5707963268,-0.6891347618,-1.25,24.59155903,76.43941424,18.38027522,1,1,safe,
0.5707963268,-0.6891347618,-1.162733537,24.59155903,76.43941424,28.38027522,1,1,safe,
0.5707963268,-0.6891347618,-1.075467075,24.59155903,76.43941424,38.38027522,1,1,safe,
0.5707963268,-0.6891347618,-0.9882006122,24.59155903,76.43941424,48.38027522,1,1,safe,
0.5707963268,-0.6891347618,-0.9009341496,24.59155903,76.43941424,58.38027522,1,1,safe,
0.5707963268,-0.6891347618,-0.813667687,24.59155903,76.43941424,68.38027522,1,1,safe,
0.5707963268,-0.6891347618,-0.7264012244,24.59155903,76.43941424,78.38027522,1,1,safe,
0.5707963268,-0.6891347618,-0.6391347618,24.59155903,76.43941424,88.38027522,1,1,safe,
0.5707963268,-0.6891347618,-0.5518682992,24.59155903,76.43941424,98.38027522,1,1,safe,
0.5707963268,-0.6891347618,-0.4646018366,24.59155903,76.43941424,108.3802752,1,1,safe,
0.5707963268,-0.6891347618,-0.377335374,24.59155903,76.43941424,118.3802752,1,1,safe,
0.5707963268,-0.6891347618,-0.2900689114,24.59155903,76.43941424,128.3802752,1,1,safe,
0.5707963268,-0.6891347618,-0.2028024488,24.59155903,76.43941424,138.3802752,1,1,safe,
0.5707963268,-0.6891347618,-0.1155359862,24.59155903,76.43941424,148.3802752,1,1,safe,
0.5707963268,-0.6891347618,-0.0282695236,24.59155903,76.43941424,158.3802752,1,1,safe,
0.5707963268,-0.6891347618,0,24.59155903,76.43941424,161.619724,1,1,safe,
0.5707963268,-0.6018682992,-1.25,24.59155903,86.43941424,18.38027522,1,1,safe,
0.5707963268,-0.6018682992,-1.162733537,24.59155903,86.43941424,28.38027522,1,1,safe,
0.5707963268,-0.6018682992,-1.075467075,24.59155903,86.43941424,38.38027522,1,1,safe,
0.5707963268,-0.6018682992,-0.9882006122,24.59155903,86.43941424,48.38027522,1,1,safe,
0.5707963268,-0.6018682992,-0.9009341496,24.59155903,86.43941424,58.38027522,1,1,safe,
0.5707963268,-0.6018682992,-0.813667687,24.59155903,86.43941424,68.38027522,1,1,safe,
0.5707963268,-0.6018682992,-0.7264012244,24.59155903,86.43941424,78.38027522,1,1,safe,
0.5707963268,-0.6018682992,-0.6391347618,24.59155903,86.43941424,88.38027522,1,1,safe,
0.5707963268,-0.6018682992,-0.5518682992,24.59155903,86.43941424,98.38027522,1,1,safe,
0.5707963268,-0.6018682992,-0.4646018366,24.59155903,86.43941424,108.3802752,1,1,safe,
0.5707963268,-0.6018682992,-0.377335374,24.59155903,86.43941424,118.3802752,1,1,safe,
0.5707963268,-0.6018682992,-0.2900689114,24.59155903,86.43941424,128.3802752,1,1,safe,
0.5707963268,-0.6018682992,-0.2028024488,24.59155903,86.43941424,138.3802752,1,1,safe,
0.5707963268,-0.6018682992,-0.1155359862,24.59155903,86.43941424,148.3802752,1,1,safe,
0.5707963268,-0.6018682992,-0.0282695236,24.59155903,86.43941424,158.3802752,1,1,safe,
0.5707963268,-0.6018682992,0,24.59155903,86.43941424,161.619724,1,1,safe,
0.5707963268,-0.5146018366,-1.25,24.59155903,96.43941424,18.38027522,1,1,safe,
0.5707963268,-0.5146018366,-1.162733537,24.59155903,96.43941424,28.38027522,1,1,safe,
0.5707963268,-0.5146018366,-1.075467075,24.59155903,96.43941424,38.38027522,1,1,safe,
0.5707963268,-0.5146018366,-0.9882006122,24.59155903,96.43941424,48.38027522,1,1,safe,
0.5707963268,-0.5146018366,-0.9009341496,24.59155903,96.43941424,58.38027522,1,1,safe,
0.5707963268,-0.5146018366,-0.813667687,24.59155903,96.43941424,68.38027522,1,1,safe,
0.5707963268,-0.5146018366,-0.7264012244,24.59155903,96.43941424,78.38027522,1,1,safe,
0.5707963268,-0.5146018366,-0.6391347618,24.59155903,96.43941424,88.38027522,1,1,safe,
0.5707963268,-0.5146018366,-0.5518682992,24.59155903,96.43941424,98.38027522,1,1,safe,
0.5707963268,-0.5146018366,-0.4646018366,24.59155903,96.43941424,108.3802752,1,1,safe,
0.5707963268,-0.5146018366,-0.377335374,24.59155903,96.43941424,118.3802752,1,1,safe,
0.5707963268,-0.5146018366,-0.2900689114,24.59155903,96.43941424,128.3802752,1,1,safe,
0.5707963268,-0.5146018366,-0.2028024488,24.59155903,96.43941424,138.3802752,1,1,safe,
0.5707963268,-0.5146018366,-0.1155359862,24.59155903,96.43941424,148.3802752,1,1,safe,
0.5707963268,-0.5146018366,-0.0282695236,24.59155903,96.43941424,158.3802752,1,1,safe,
0.5707963268,-0.5146018366,0,24.59155903,96.43941424,161.619724,1,1,safe,
0.5707963268,-0.427335374,-1.25,24.59155903,106.4394142,18.38027522,1,1,safe,
0.5707963268,-0.427335374,-1.162733537,24.59155903,106.4394142,28.38027522,1,1,safe,
0.5707963268,-0.427335374,-1.075467075,24.59155903,106.4394142,38.38027522,1,1,safe,
0.5707963268,-0.427335374,-0.9882006122,24.59155903,106.4394142,48.38027522,1,1,safe,
0.5707963268,-0.427335374,-0.9009341496,24.59155903,106.4394142,58.38027522,1,1,safe,
0.5707963268,-0.427335374,-0.813667687,24.59155903,106.4394142,68.38027522,1,1,safe,
0.5707963268,-0.427335374,-0.7264012244,24.59155903,106.4394142,78.38027522,1,1,safe,
0.5707963268,-0.427335374,-0.6391347618,24.59155903,106.4394142,88.38027522,1,1,safe,
0.5707963268,-0.427335374,-0.5518682992,24.59155903,106.4394142,98.38027522,1,1,safe,
0.5707963268,-0.427335374,-0.4646018366,24.59155903,106.4394142,108.3802752,1,1,safe,
0.5707963268,-0.427335374,-0.377335374,24.59155903,106.4394142,118.3802752,1,1,safe,
0.5707963268,-0.427335374,-0.2900689114,24.59155903,106.4394142,128.3802752,1,1,safe,
0.5707963268,-0.427335374,-0.2028024488,24.59155903,106.4394142,138.3802752,1,1,safe,
0.5707963268,-0.427335374,-0.1155359862,24.59155903,106.4394142,148.3802752,1,1,safe,
0.5707963268,-0.427335374,-0.0282695236,24.59155903,106.4394142,158.3802752,1,1,safe,
0.5707963268,-0.427335374,0,24.59155903,106.4394142,161.619724,1,1,safe,
0.5707963268,-0.3400689114,-1.25,24.59155903,116.4394142,18.38027522,1,1,safe,
0.5707963268,-0.3400689114,-1.162733537,24.59155903,116.4394142,28.38027522,1,1,safe,
0.5707963268,-0.3400689114,-1.075467075,24.59155903,116.4394142,38.38027522,1,1,safe,
0.5707963268,-0.3400689114,-0.9882006122,24.59155903,116.4394142,48.38027522,1,1,safe,
0.5707963268,-0.3400689114,-0.9009341496,24.59155903,116.4394142,58.38027522,1,1,safe,
0.5707963268,-0.3400689114,-0.813667687,24.59155903,116.4394142,68.38027522,1,1,safe,
0.5707963268,-0.3400689114,-0.7264012244,24.59155903,116.4394142,78.38027522,1,1,safe,
0.5707963268,-0.3400689114,-0.6391347618,24.59155903,116.4394142,88.38027522,1,1,safe,
0.5707963268,-0.3400689114,-0.5518682992,24.59155903,116.4394142,98.38027522,1,1,safe,
0.5707963268,-0.3400689114,-0.4646018366,24.59155903,116.4394142,108.3802752,1,1,safe,
0.5707963268,-0.3400689114,-0.377335374,24.59155903,116.4394142,118.3802752,1,1,safe,
0.5707963268,-0.3400689114,-0.2900689114,24.59155903,116.4394142,128.3802752,1,1,safe,
0.5707963268,-0.3400689114,-0.2028024488,24.59155903,116.4394142,138.3802752,1,1,safe,
0.5707963268,-0.3400689114,-0.1155359862,24.59155903,116.4394142,148.3802752,1,1,safe,
0.5707963268,-0.3400689114,-0.0282695236,24.59155903,116.4394142,158.3802752,1,1,safe,
0.5707963268,-0.3400689114,0,24.59155903,116.4394142,161.619724,1,1,safe,
0.6580627894,-0.9509341496,-1.25,14.59155903,56.43941424,18.38027522,1,1,safe,
0.6580627894,-0.9509341496,-1.162733537,14.59155903,56.43941424,28.38027522,1,1,safe,
0.6580627894,-0.9509341496,-1.075467075,14.59155903,56.43941424,38.38027522,1,1,safe,
0.6580627894,-0.9509341496,-0.9882006122,14.59155903,56.43941424,48.38027522,1,1,safe,
0.6580627894,-0.9509341496,-0.9009341496,14.59155903,56.43941424,58.38027522,1,1,safe,
0.6580627894,-0.9509341496,-0.813667687,14.59155903,56.43941424,68.38027522,1,1,safe,
0.6580627894,-0.9509341496,-0.7264012244,14.59155903,56.43941424,78.38027522,1,1,safe,
0.6580627894,-0.9509341496,-0.6391347618,14.59155903,56.43941424,88.38027522,1,1,safe,
0.6580627894,-0.9509341496,-0.5518682992,14.59155903,56.43941424,98.38027522,1,1,safe,
0.6580627894,-0.9509341496,-0.4646018366,14.59155903,56.43941424,108.3802752,1,1,safe,
0.6580627894,-0.9509341496,-0.377335374,14.59155903,56.43941424,118.3802752,1,1,safe,
0.6580627894,-0.9509341496,-0.2900689114,14.59155903,56.43941424,128.3802752,1,1,safe,
0.6580627894,-0.9509341496,-0.2028024488,14.59155903,56.43941424,138.3802752,1,1,safe,
0.6580627894,-0.9509341496,-0.1155359862,14.59155903,56.43941424,148.3802752,1,1,safe,
0.6580627894,-0.9509341496,-0.0282695236,14.59155903,56.43941424,158.3802752,1,1,safe,
0.6580627894,-0.9509341496,0,14.59155903,56.43941424,161.619724,1,1,safe,
0.6580627894,-0.863667687,-1.25,14.59155903,66.43941424,18.38027522,1,1,safe,
0.6580627894,-0.863667687,-1.162733537,14.59155903,66.43941424,28.38027522,1,1,safe,
0.6580627894,-0.863667687,-1.075467075,14.59155903,66.43941424,38.38027522,1,1,safe,
0.6580627894,-0.863667687,-0.9882006122,14.59155903,66.43941424,48.38027522,1,1,safe,
0.6580627894,-0.863667687,-0.9009341496,14.59155903,66.43941424,58.38027522,1,1,safe,
0.6580627894,-0.863667687,-0.813667687,14.59155903,66.43941424,68.38027522,1,1,safe,
0.6580627894,-0.863667687,-0.7264012244,14.59155903,66.43941424,78.38027522,1,1,safe,
0.6580627894,-0.863667687,-0.6391347618,14.59155903,66.43941424,88.38027522,1,1,safe,
0.6580627894,-0.863667687,-0.5518682992,14.59155903,66.43941424,98.38027522,1,1,safe,
0.6580627894,-0.863667687,-0.4646018366,14.59155903,66.43941424,108.3802752,1,1,safe,
0.6580627894,-0.863667687,-0.377335374,14.59155903,66.43941424,118.3802752,1,1,safe,
0.6580627894,-0.863667687,-0.2900689114,14.59155903,66.43941424,128.3802752,1,1,safe,
0.6580627894,-0.863667687,-0.2028024488,14.59155903,66.43941424,138.3802752,1,1,safe,
0.6580627894,-0.863667687,-0.1155359862,14.59155903,66.43941424,148.3802752,1,1,safe,
0.6580627894,-0.863667687,-0.0282695236,14.59155903,66.43941424,158.3802752,1,1,safe,
0.6580627894,-0.863667687,0,14.59155903,66.43941424,161.619724,1,1,safe,
0.6580627894,-0.7764012244,-1.25,14.59155903,76.43941424,18.38027522,1,1,safe,
0.6580627894,-0.7764012244,-1.162733537,14.59155903,76.43941424,28.38027522,1,1,safe,
0.6580627894,-0.7764012244,-1.075467075,14.59155903,76.43941424,38.38027522,1,1,safe,
0.6580627894,-0.7764012244,-0.9882006122,14.59155903,76.43941424,48.38027522,1,1,safe,
0.6580627894,-0.7764012244,-0.9009341496,14.59155903,76.43941424,58.38027522,1,1,safe,
0.6580627894,-0.7764012244,-0.813667687,14.59155903,76.43941424,68.38027522,1,1,safe,
0.6580627894,-0.7764012244,-0.7264012244,14.59155903,76.43941424,78.38027522,1,1,safe,
0.6580627894,-0.7764012244,-0.6391347618,14.59155903,76.43941424,88.38027522,1,1,safe,
0.6580627894,-0.7764012244,-0.5518682992,14.59155903,76.43941424,98.38027522,1,1,safe,
0.6580627894,-0.7764012244,-0.4646018366,14.59155903,76.43941424,108.3802752,1,1,safe,
0.6580627894,-0.7764012244,-0.377335374,14.59155903,76.43941424,118.3802752,1,1,safe,
0.6580627894,-0.7764012244,-0.2900689114,14.59155903,76.43941424,128.3802752,1,1,safe,
0.6580627894,-0.7764012244,-0.2028024488,14.59155903,76.43941424,138.3802752,1,1,safe,
0.6580627894,-0.7764012244,-0.1155359862,14.59155903,76.43941424,148.3802752,1,1,safe,
0.6580627894,-0.7764012244,-0.0282695236,14.59155903,76.43941424,158.3802752,1,1,safe,
0.6580627894,-0.7764012244,0,14.59155903,76.43941424,161.619724,1,1,safe,
0.6580627894,-0.6891347618,-1.25,14.59155903,86.43941424,18.38027522,1,1,safe,
0.6580627894,-0.6891347618,-1.162733537,14.59155903,86.43941424,28.38027522,1,1,safe,
0.6580627894,-0.6891347618,-1.075467075,14.59155903,86.43941424,38.38027522,1,1,safe,
0.6580627894,-0.6891347618,-0.9882006122,14.59155903,86.43941424,48.38027522,1,1,safe,
0.6580627894,-0.6891347618,-0.9009341496,14.59155903,86.43941424,58.38027522,1,1,safe,
0.6580627894,-0.6891347618,-0.813667687,14.59155903,86.43941424,68.38027522,1,1,safe,
0.6580627894,-0.6891347618,-0.7264012244,14.59155903,86.43941424,78.38027522,1,1,safe,
0.6580627894,-0.6891347618,-0.6391347618,14.59155903,86.43941424,88.38027522,1,1,safe,
0.6580627894,-0.6891347618,-0.5518682992,14.59155903,86.43941424,98.38027522,1,1,safe,
0.6580627894,-0.6891347618,-0.4646018366,14.59155903,86.43941424,108.3802752,1,1,safe,
0.6580627894,-0.6891347618,-0.377335374,14.59155903,86.43941424,118.3802752,1,1,safe,
0.6580627894,-0.6891347618,-0.2900689114,14.59155903,86.43941424,128.3802752,1,1,safe,
0.6580627894,-0.6891347618,-0.2028024488,14.59155903,86.43941424,138.3802752,1,1,safe,
0.6580627894,-0.6891347618,-0.1155359862,14.59155903,86.43941424,148.3802752,1,1,safe,
0.6580627894,-0.6891347618,-0.0282695236,14.59155903,86.43941424,158.3802752,1,1,safe,
0.6580627894,-0.6891347618,0,14.59155903,86.43941424,161.619724,1,1,safe,
0.6580627894,-0.6018682992,-1.25,14.59155903,96.43941424,18.38027522,1,1,safe,
0.6580627894,-0.6018682992,-1.162733537,14.59155903,96.43941424,28.38027522,1,1,safe,
0.6580627894,-0.6018682992,-1.075467075,14.59155903,96.43941424,38.38027522,1,1,safe,
0.6580627894,-0.6018682992,-0.9882006122,14.59155903,96.43941424,48.38027522,1,1,safe,
0.6580627894,-0.6018682992,-0.9009341496,14.59155903,96.43941424,58.38027522,1,1,safe,
0.6580627894,-0.6018682992,-0.813667687,14.59155903,96.43941424,68.38027522,1,1,safe,
0.6580627894,-0.6018682992,-0.7264012244,14.59155903,96.43941424,78.38027522,1,1,safe,
0.6580627894,-0.6018682992,-0.6391347618,14.59155903,96.43941424,88.38027522,1,1,safe,
0.6580627894,-0.6018682992,-0.5518682992,14.59155903,96.43941424,98.38027522,1,1,safe,
0.6580627894,-0.6018682992,-0.4646018366,14.59155903,96.43941424,108.3802752,1,1,safe,
0.6580627894,-0.6018682992,-0.377335374,14.59155903,96.43941424,118.3802752,1,1,safe,
0.6580627894,-0.6018682992,-0.2900689114,14.59155903,96.43941424,128.3802752,1,1,safe,
0.6580627894,-0.6018682992,-0.2028024488,14.59155903,96.43941424,138.3802752,1,1,safe,
0.6580627894,-0.6018682992,-0.1155359862,14.59155903,96.43941424,148.3802752,1,1,safe,
0.6580627894,-0.6018682992,-0.0282695236,14.59155903,96.43941424,158.3802752,1,1,safe,
0.6580627894,-0.6018682992,0,14.59155903,96.43941424,161.619724,1,1,safe,
0.6580627894,-0.5146018366,-1.25,14.59155903,106.4394142,18.38027522,1,1,safe,
0.6580627894,-0.5146018366,-1.162733537,14.59155903,106.4394142,28.38027522,1,1,safe,
0.6580627894,-0.5146018366,-1.075467075,14.59155903,106.4394142,38.38027522,1,1,safe,
0.6580627894,-0.5146018366,-0.9882006122,14.59155903,106.4394142,48.38027522,1,1,safe,
0.6580627894,-0.5146018366,-0.9009341496,14.59155903,106.4394142,58.38027522,1,1,safe,
0.6580627894,-0.5146018366,-0.813667687,14.59155903,106.4394142,68.38027522,1,1,safe,
0.6580627894,-0.5146018366,-0.7264012244,14.59155903,106.4394142,78.38027522,1,1,safe,
0.6580627894,-0.5146018366,-0.6391347618,14.59155903,106.4394142,88.38027522,1,1,safe,
0.6580627894,-0.5146018366,-0.5518682992,14.59155903,106.4394142,98.38027522,1,1,safe,
0.6580627894,-0.5146018366,-0.4646018366,14.59155903,106.4394142,108.3802752,1,1,safe,
0.6580627894,-0.5146018366,-0.377335374,14.59155903,106.4394142,118.3802752,1,1,safe,
0.6580627894,-0.5146018366,-0.2900689114,14.59155903,106.4394142,128.3802752,1,1,safe,
0.6580627894,-0.5146018366,-0.2028024488,14.59155903,106.4394142,138.3802752,1,1,safe,
0.6580627894,-0.5146018366,-0.1155359862,14.59155903,106.4394142,148.3802752,1,1,safe,
0.6580627894,-0.5146018366,-0.0282695236,14.59155903,106.4394142,158.3802752,1,1,safe,
0.6580627894,-0.5146018366,0,14.59155903,106.4394142,161.619724,1,1,safe,
