q1_rad,q2_rad,q3_rad,shoulder_servo_deg,wrist_servo_deg,gripper_servo_deg,safe,connected,reason,contacts
-0.7382006122,0.008996939,0,5.408440974,88.96902673,0,1,1,safe,
-0.7382006122,0.008996939,0.0872664626,5.408440974,88.96902673,10,1,1,safe,
-0.7382006122,0.0962634016,0,5.408440974,78.96902673,0,1,1,safe,
-0.7382006122,0.0962634016,0.0872664626,5.408440974,78.96902673,10,1,1,safe,
-0.7382006122,0.0962634016,0.1745329252,5.408440974,78.96902673,20,1,1,safe,
-0.7382006122,0.0962634016,0.2617993878,5.408440974,78.96902673,30,1,1,safe,
-0.7382006122,0.0962634016,0.3490658504,5.408440974,78.96902673,40,1,1,safe,
-0.7382006122,0.0962634016,0.436332313,5.408440974,78.96902673,50,1,1,safe,
-0.7382006122,0.0962634016,0.5235987756,5.408440974,78.96902673,60,1,1,safe,
-0.7382006122,0.0962634016,0.6108652382,5.408440974,78.96902673,70,1,1,safe,
-0.7382006122,0.0962634016,0.6981317008,5.408440974,78.96902673,80,1,1,safe,
-0.7382006122,0.0962634016,0.7853981634,5.408440974,78.96902673,90,1,1,safe,
-0.7382006122,0.0962634016,0.872664626,5.408440974,78.96902673,100,1,1,safe,
-0.7382006122,0.0962634016,0.9599310886,5.408440974,78.96902673,110,1,1,safe,
-0.7382006122,0.0962634016,1.047197551,5.408440974,78.96902673,120,1,1,safe,
-0.7382006122,0.0962634016,1.134464014,5.408440974,78.96902673,130,1,1,safe,
-0.7382006122,0.0962634016,1.221730476,5.408440974,78.96902673,140,1,1,safe,
-0.7382006122,0.0962634016,1.308996939,5.408440974,78.96902673,150,1,1,safe,
-0.7382006122,0.0962634016,1.396263402,5.408440974,78.96902673,160,1,1,safe,
-0.7382006122,0.0962634016,1.483529864,5.408440974,78.96902673,170,1,1,safe,
-0.7382006122,0.1835298642,0,5.408440974,68.96902673,0,1,1,safe,
-0.7382006122,0.1835298642,0.0872664626,5.408440974,68.96902673,10,1,1,safe,
-0.7382006122,0.1835298642,0.1745329252,5.408440974,68.96902673,20,1,1,safe,
-0.7382006122,0.1835298642,0.2617993878,5.408440974,68.96902673,30,1,1,safe,
-0.7382006122,0.1835298642,0.3490658504,5.408440974,68.96902673,40,1,1,safe,
-0.7382006122,0.1835298642,0.436332313,5.408440974,68.96902673,50,1,1,safe,
-0.7382006122,0.1835298642,0.5235987756,5.408440974,68.96902673,60,1,1,safe,
-0.7382006122,0.1835298642,0.6108652382,5.408440974,68.96902673,70,1,1,safe,
-0.7382006122,0.1835298642,0.6981317008,5.408440974,68.96902673,80,1,1,safe,
-0.7382006122,0.1835298642,0.7853981634,5.408440974,68.96902673,90,1,1,safe,
-0.7382006122,0.1835298642,0.872664626,5.408440974,68.96902673,100,1,1,safe,
-0.7382006122,0.1835298642,0.9599310886,5.408440974,68.96902673,110,1,1,safe,
-0.7382006122,0.1835298642,1.047197551,5.408440974,68.96902673,120,1,1,safe,
-0.7382006122,0.1835298642,1.134464014,5.408440974,68.96902673,130,1,1,safe,
-0.7382006122,0.1835298642,1.221730476,5.408440974,68.96902673,140,1,1,safe,
-0.7382006122,0.1835298642,1.308996939,5.408440974,68.96902673,150,1,1,safe,
-0.7382006122,0.1835298642,1.396263402,5.408440974,68.96902673,160,1,1,safe,
-0.7382006122,0.1835298642,1.483529864,5.408440974,68.96902673,170,1,1,safe,
-0.7382006122,0.2707963268,0,5.408440974,58.96902673,0,1,1,safe,
-0.7382006122,0.2707963268,0.0872664626,5.408440974,58.96902673,10,1,1,safe,
-0.7382006122,0.2707963268,0.1745329252,5.408440974,58.96902673,20,1,1,safe,
-0.7382006122,0.2707963268,0.2617993878,5.408440974,58.96902673,30,1,1,safe,
-0.7382006122,0.2707963268,0.3490658504,5.408440974,58.96902673,40,1,1,safe,
-0.7382006122,0.2707963268,0.436332313,5.408440974,58.96902673,50,1,1,safe,
-0.7382006122,0.2707963268,0.5235987756,5.408440974,58.96902673,60,1,1,safe,
-0.7382006122,0.2707963268,0.6108652382,5.408440974,58.96902673,70,1,1,safe,
-0.7382006122,0.2707963268,0.6981317008,5.408440974,58.96902673,80,1,1,safe,
-0.7382006122,0.2707963268,0.7853981634,5.408440974,58.96902673,90,1,1,safe,
-0.7382006122,0.2707963268,0.872664626,5.408440974,58.96902673,100,1,1,safe,
-0.7382006122,0.2707963268,0.9599310886,5.408440974,58.96902673,110,1,1,safe,
-0.7382006122,0.2707963268,1.047197551,5.408440974,58.96902673,120,1,1,safe,
-0.7382006122,0.2707963268,1.134464014,5.408440974,58.96902673,130,1,1,safe,
-0.7382006122,0.2707963268,1.221730476,5.408440974,58.96902673,140,1,1,safe,
-0.7382006122,0.2707963268,1.308996939,5.408440974,58.96902673,150,1,1,safe,
-0.7382006122,0.2707963268,1.396263402,5.408440974,58.96902673,160,1,1,safe,
-0.7382006122,0.2707963268,1.483529864,5.408440974,58.96902673,170,1,1,safe,
-0.7382006122,0.3580627894,0,5.408440974,48.96902673,0,1,1,safe,
-0.7382006122,0.3580627894,0.0872664626,5.408440974,48.96902673,10,1,1,safe,
-0.7382006122,0.3580627894,0.1745329252,5.408440974,48.96902673,20,1,1,safe,
-0.7382006122,0.3580627894,0.2617993878,5.408440974,48.96902673,30,1,1,safe,
-0.7382006122,0.3580627894,0.3490658504,5.408440974,48.96902673,40,1,1,safe,
-0.7382006122,0.3580627894,0.436332313,5.408440974,48.96902673,50,1,1,safe,
-0.7382006122,0.3580627894,0.5235987756,5.408440974,48.96902673,60,1,1,safe,
-0.7382006122,0.3580627894,0.6108652382,5.408440974,48.96902673,70,1,1,safe,
-0.7382006122,0.3580627894,0.6981317008,5.408440974,48.96902673,80,1,1,safe,
-0.7382006122,0.3580627894,0.7853981634,5.408440974,48.96902673,90,1,1,safe,
-0.7382006122,0.3580627894,0.872664626,5.408440974,48.96902673,100,1,1,safe,
-0.7382006122,0.3580627894,0.9599310886,5.408440974,48.96902673,110,1,1,safe,
-0.7382006122,0.3580627894,1.047197551,5.408440974,48.96902673,120,1,1,safe,
-0.7382006122,0.3580627894,1.134464014,5.408440974,48.96902673,130,1,1,safe,
-0.7382006122,0.3580627894,1.221730476,5.408440974,48.96902673,140,1,1,safe,
-0.7382006122,0.3580627894,1.308996939,5.408440974,48.96902673,150,1,1,safe,
-0.7382006122,0.3580627894,1.396263402,5.408440974,48.96902673,160,1,1,safe,
-0.7382006122,0.3580627894,1.483529864,5.408440974,48.96902673,170,1,1,safe,
-0.7382006122,0.445329252,0,5.408440974,38.96902673,0,1,1,safe,
-0.7382006122,0.445329252,0.0872664626,5.408440974,38.96902673,10,1,1,safe,
-0.7382006122,0.445329252,0.1745329252,5.408440974,38.96902673,20,1,1,safe,
-0.7382006122,0.445329252,0.2617993878,5.408440974,38.96902673,30,1,1,safe,
-0.7382006122,0.445329252,0.3490658504,5.408440974,38.96902673,40,1,1,safe,
-0.7382006122,0.445329252,0.436332313,5.408440974,38.96902673,50,1,1,safe,
-0.7382006122,0.445329252,0.5235987756,5.408440974,38.96902673,60,1,1,safe,
-0.7382006122,0.445329252,0.6108652382,5.408440974,38.96902673,70,1,1,safe,
-0.7382006122,0.445329252,0.6981317008,5.408440974,38.96902673,80,1,1,safe,
-0.7382006122,0.445329252,0.7853981634,5.408440974,38.96902673,90,1,1,safe,
-0.7382006122,0.445329252,0.872664626,5.408440974,38.96902673,100,1,1,safe,
-0.7382006122,0.445329252,0.9599310886,5.408440974,38.96902673,110,1,1,safe,
-0.7382006122,0.445329252,1.047197551,5.408440974,38.96902673,120,1,1,safe,
-0.7382006122,0.445329252,1.134464014,5.408440974,38.96902673,130,1,1,safe,
-0.7382006122,0.445329252,1.221730476,5.408440974,38.96902673,140,1,1,safe,
-0.7382006122,0.445329252,1.308996939,5.408440974,38.96902673,150,1,1,safe,
-0.7382006122,0.445329252,1.396263402,5.408440974,38.96902673,160,1,1,safe,
-0.7382006122,0.445329252,1.483529864,5.408440974,38.96902673,170,1,1,safe,
-0.7382006122,0.5325957146,0,5.408440974,28.96902673,0,1,1,safe,
-0.7382006122,0.5325957146,0.0872664626,5.408440974,28.96902673,10,1,1,safe,
-0.7382006122,0.5325957146,0.1745329252,5.408440974,28.96902673,20,1,1,safe,
-0.7382006122,0.5325957146,0.2617993878,5.408440974,28.96902673,30,1,1,safe,
-0.7382006122,0.5325957146,0.3490658504,5.408440974,28.96902673,40,1,1,safe,
-0.7382006122,0.5325957146,0.436332313,5.408440974,28.96902673,50,1,1,safe,
-0.7382006122,0.5325957146,0.5235987756,5.408440974,28.96902673,60,1,1,safe,
-0.7382006122,0.5325957146,0.6108652382,5.408440974,28.96902673,70,1,1,safe,
-0.7382006122,0.5325957146,0.6981317008,5.408440974,28.96902673,80,1,1,safe,
-0.7382006122,0.5325957146,0.7853981634,5.408440974,28.96902673,90,1,1,safe,
-0.7382006122,0.5325957146,0.872664626,5.408440974,28.96902673,100,1,1,safe,
-0.7382006122,0.5325957146,0.9599310886,5.408440974,28.96902673,110,1,1,safe,
-0.7382006122,0.5325957146,1.047197551,5.408440974,28.96902673,120,1,1,safe,
-0.7382006122,0.5325957146,1.134464014,5.408440974,28.96902673,130,1,1,safe,
-0.7382006122,0.5325957146,1.221730476,5.408440974,28.96902673,140,1,1,safe,
-0.7382006122,0.5325957146,1.308996939,5.408440974,28.96902673,150,1,1,safe,
-0.7382006122,0.5325957146,1.396263402,5.408440974,28.96902673,160,1,1,safe,
-0.7382006122,0.5325957146,1.483529864,5.408440974,28.96902673,170,1,1,safe,
-0.7382006122,0.6198621772,0,5.408440974,18.96902673,0,1,1,safe,
-0.7382006122,0.6198621772,0.0872664626,5.408440974,18.96902673,10,1,1,safe,
-0.7382006122,0.6198621772,0.1745329252,5.408440974,18.96902673,20,1,1,safe,
-0.7382006122,0.6198621772,0.2617993878,5.408440974,18.96902673,30,1,1,safe,
-0.7382006122,0.6198621772,0.3490658504,5.408440974,18.96902673,40,1,1,safe,
-0.7382006122,0.6198621772,0.436332313,5.408440974,18.96902673,50,1,1,safe,
-0.7382006122,0.6198621772,0.5235987756,5.408440974,18.96902673,60,1,1,safe,
-0.7382006122,0.6198621772,0.6108652382,5.408440974,18.96902673,70,1,1,safe,
-0.7382006122,0.6198621772,0.6981317008,5.408440974,18.96902673,80,1,1,safe,
-0.7382006122,0.6198621772,0.7853981634,5.408440974,18.96902673,90,1,1,safe,
-0.7382006122,0.6198621772,0.872664626,5.408440974,18.96902673,100,1,1,safe,
-0.7382006122,0.6198621772,0.9599310886,5.408440974,18.96902673,110,1,1,safe,
-0.7382006122,0.6198621772,1.047197551,5.408440974,18.96902673,120,1,1,safe,
-0.7382006122,0.6198621772,1.134464014,5.408440974,18.96902673,130,1,1,safe,
-0.7382006122,0.6198621772,1.221730476,5.408440974,18.96902673,140,1,1,safe,
-0.7382006122,0.6198621772,1.308996939,5.408440974,18.96902673,150,1,1,safe,
-0.7382006122,0.6198621772,1.396263402,5.408440974,18.96902673,160,1,1,safe,
-0.7382006122,0.6198621772,1.483529864,5.408440974,18.96902673,170,1,1,safe,
-0.7382006122,0.7071286398,0,5.408440974,8.969026733,0,1,1,safe,
-0.7382006122,0.7071286398,0.0872664626,5.408440974,8.969026733,10,1,1,safe,
-0.7382006122,0.7071286398,0.1745329252,5.408440974,8.969026733,20,1,1,safe,
-0.7382006122,0.7071286398,0.2617993878,5.408440974,8.969026733,30,1,1,safe,
-0.7382006122,0.7071286398,0.3490658504,5.408440974,8.969026733,40,1,1,safe,
-0.7382006122,0.7071286398,0.436332313,5.408440974,8.969026733,50,1,1,safe,
-0.7382006122,0.7071286398,0.5235987756,5.408440974,8.969026733,60,1,1,safe,
-0.7382006122,0.7071286398,0.6108652382,5.408440974,8.969026733,70,1,1,safe,
-0.7382006122,0.7071286398,0.6981317008,5.408440974,8.969026733,80,1,1,safe,
-0.7382006122,0.7071286398,0.7853981634,5.408440974,8.969026733,90,1,1,safe,
-0.7382006122,0.7071286398,0.872664626,5.408440974,8.969026733,100,1,1,safe,
-0.7382006122,0.7071286398,0.9599310886,5.408440974,8.969026733,110,1,1,safe,
-0.7382006122,0.7071286398,1.047197551,5.408440974,8.969026733,120,1,1,safe,
-0.7382006122,0.7071286398,1.134464014,5.408440974,8.969026733,130,1,1,safe,
-0.7382006122,0.7071286398,1.221730476,5.408440974,8.969026733,140,1,1,safe,
-0.7382006122,0.7071286398,1.308996939,5.408440974,8.969026733,150,1,1,safe,
-0.7382006122,0.7071286398,1.396263402,5.408440974,8.969026733,160,1,1,safe,
-0.7382006122,0.7071286398,1.483529864,5.408440974,8.969026733,170,1,1,safe,
-0.6509341496,-0.0782695236,0,15.40844097,98.96902673,0,1,1,safe,
-0.6509341496,-0.0782695236,0.0872664626,15.40844097,98.96902673,10,1,1,safe,
-0.6509341496,-0.0782695236,0.1745329252,15.40844097,98.96902673,20,1,1,safe,
-0.6509341496,-0.0782695236,0.2617993878,15.40844097,98.96902673,30,1,1,safe,
-0.6509341496,-0.0782695236,0.3490658504,15.40844097,98.96902673,40,1,1,safe,
-0.6509341496,-0.0782695236,0.436332313,15.40844097,98.96902673,50,1,1,safe,
-0.6509341496,-0.0782695236,0.5235987756,15.40844097,98.96902673,60,1,1,safe,
-0.6509341496,-0.0782695236,0.6108652382,15.40844097,98.96902673,70,1,1,safe,
-0.6509341496,0.008996939,0,15.40844097,88.96902673,0,1,1,safe,
-0.6509341496,0.008996939,0.0872664626,15.40844097,88.96902673,10,1,1,safe,
-0.6509341496,0.008996939,0.1745329252,15.40844097,88.96902673,20,1,1,safe,
-0.6509341496,0.008996939,0.2617993878,15.40844097,88.96902673,30,1,1,safe,
-0.6509341496,0.008996939,0.3490658504,15.40844097,88.96902673,40,1,1,safe,
-0.6509341496,0.008996939,0.436332313,15.40844097,88.96902673,50,1,1,safe,
-0.6509341496,0.008996939,0.5235987756,15.40844097,88.96902673,60,1,1,safe,
-0.6509341496,0.008996939,0.6108652382,15.40844097,88.96902673,70,1,1,safe,
-0.6509341496,0.008996939,0.6981317008,15.40844097,88.96902673,80,1,1,safe,
-0.6509341496,0.008996939,0.7853981634,15.40844097,88.96902673,90,1,1,safe,
-0.6509341496,0.008996939,0.872664626,15.40844097,88.96902673,100,1,1,safe,
-0.6509341496,0.008996939,0.9599310886,15.40844097,88.96902673,110,1,1,safe,
-0.6509341496,0.008996939,1.047197551,15.40844097,88.96902673,120,1,1,safe,
-0.6509341496,0.008996939,1.134464014,15.40844097,88.96902673,130,1,1,safe,
-0.6509341496,0.008996939,1.221730476,15.40844097,88.96902673,140,1,1,safe,
-0.6509341496,0.008996939,1.308996939,15.40844097,88.96902673,150,1,1,safe,
-0.6509341496,0.008996939,1.396263402,15.40844097,88.96902673,160,1,1,safe,
-0.6509341496,0.008996939,1.483529864,15.40844097,88.96902673,170,1,1,safe,
-0.6509341496,0.0962634016,0,15.40844097,78.96902673,0,1,1,safe,
-0.6509341496,0.0962634016,0.0872664626,15.40844097,78.96902673,10,1,1,safe,
-0.6509341496,0.0962634016,0.1745329252,15.40844097,78.96902673,20,1,1,safe,
-0.6509341496,0.0962634016,0.2617993878,15.40844097,78.96902673,30,1,1,safe,
-0.6509341496,0.0962634016,0.3490658504,15.40844097,78.96902673,40,1,1,safe,
-0.6509341496,0.0962634016,0.436332313,15.40844097,78.96902673,50,1,1,safe,
-0.6509341496,0.0962634016,0.5235987756,15.40844097,78.96902673,60,1,1,safe,
-0.6509341496,0.0962634016,0.6108652382,15.40844097,78.96902673,70,1,1,safe,
-0.6509341496,0.0962634016,0.6981317008,15.40844097,78.96902673,80,1,1,safe,
-0.6509341496,0.0962634016,0.7853981634,15.40844097,78.96902673,90,1,1,safe,
-0.6509341496,0.0962634016,0.872664626,15.40844097,78.96902673,100,1,1,safe,
-0.6509341496,0.0962634016,0.9599310886,15.40844097,78.96902673,110,1,1,safe,
-0.6509341496,0.0962634016,1.047197551,15.40844097,78.96902673,120,1,1,safe,
-0.6509341496,0.0962634016,1.134464014,15.40844097,78.96902673,130,1,1,safe,
-0.6509341496,0.0962634016,1.221730476,15.40844097,78.96902673,140,1,1,safe,
-0.6509341496,0.0962634016,1.308996939,15.40844097,78.96902673,150,1,1,safe,
-0.6509341496,0.0962634016,1.396263402,15.40844097,78.96902673,160,1,1,safe,
-0.6509341496,0.0962634016,1.483529864,15.40844097,78.96902673,170,1,1,safe,
-0.6509341496,0.1835298642,0,15.40844097,68.96902673,0,1,1,safe,
-0.6509341496,0.1835298642,0.0872664626,15.40844097,68.96902673,10,1,1,safe,
-0.6509341496,0.1835298642,0.1745329252,15.40844097,68.96902673,20,1,1,safe,
-0.6509341496,0.1835298642,0.2617993878,15.40844097,68.96902673,30,1,1,safe,
-0.6509341496,0.1835298642,0.3490658504,15.40844097,68.96902673,40,1,1,safe,
-0.6509341496,0.1835298642,0.436332313,15.40844097,68.96902673,50,1,1,safe,
-0.6509341496,0.1835298642,0.5235987756,15.40844097,68.96902673,60,1,1,safe,
-0.6509341496,0.1835298642,0.6108652382,15.40844097,68.96902673,70,1,1,safe,
-0.6509341496,0.1835298642,0.6981317008,15.40844097,68.96902673,80,1,1,safe,
-0.6509341496,0.1835298642,0.7853981634,15.40844097,68.96902673,90,1,1,safe,
-0.6509341496,0.1835298642,0.872664626,15.40844097,68.96902673,100,1,1,safe,
-0.6509341496,0.1835298642,0.9599310886,15.40844097,68.96902673,110,1,1,safe,
-0.6509341496,0.1835298642,1.047197551,15.40844097,68.96902673,120,1,1,safe,
-0.6509341496,0.1835298642,1.134464014,15.40844097,68.96902673,130,1,1,safe,
-0.6509341496,0.1835298642,1.221730476,15.40844097,68.96902673,140,1,1,safe,
-0.6509341496,0.1835298642,1.308996939,15.40844097,68.96902673,150,1,1,safe,
-0.6509341496,0.1835298642,1.396263402,15.40844097,68.96902673,160,1,1,safe,
-0.6509341496,0.1835298642,1.483529864,15.40844097,68.96902673,170,1,1,safe,
-0.6509341496,0.2707963268,0,15.40844097,58.96902673,0,1,1,safe,
-0.6509341496,0.2707963268,0.0872664626,15.40844097,58.96902673,10,1,1,safe,
-0.6509341496,0.2707963268,0.1745329252,15.40844097,58.96902673,20,1,1,safe,
-0.6509341496,0.2707963268,0.2617993878,15.40844097,58.96902673,30,1,1,safe,
-0.6509341496,0.2707963268,0.3490658504,15.40844097,58.96902673,40,1,1,safe,
-0.6509341496,0.2707963268,0.436332313,15.40844097,58.96902673,50,1,1,safe,
-0.6509341496,0.2707963268,0.5235987756,15.40844097,58.96902673,60,1,1,safe,
-0.6509341496,0.2707963268,0.6108652382,15.40844097,58.96902673,70,1,1,safe,
-0.6509341496,0.2707963268,0.6981317008,15.40844097,58.96902673,80,1,1,safe,
-0.6509341496,0.2707963268,0.7853981634,15.40844097,58.96902673,90,1,1,safe,
-0.6509341496,0.2707963268,0.872664626,15.40844097,58.96902673,100,1,1,safe,
-0.6509341496,0.2707963268,0.9599310886,15.40844097,58.96902673,110,1,1,safe,
-0.6509341496,0.2707963268,1.047197551,15.40844097,58.96902673,120,1,1,safe,
-0.6509341496,0.2707963268,1.134464014,15.40844097,58.96902673,130,1,1,safe,
-0.6509341496,0.2707963268,1.221730476,15.40844097,58.96902673,140,1,1,safe,
-0.6509341496,0.2707963268,1.308996939,15.40844097,58.96902673,150,1,1,safe,
-0.6509341496,0.2707963268,1.396263402,15.40844097,58.96902673,160,1,1,safe,
-0.6509341496,0.2707963268,1.483529864,15.40844097,58.96902673,170,1,1,safe,
-0.6509341496,0.3580627894,0,15.40844097,48.96902673,0,1,1,safe,
-0.6509341496,0.3580627894,0.0872664626,15.40844097,48.96902673,10,1,1,safe,
-0.6509341496,0.3580627894,0.1745329252,15.40844097,48.96902673,20,1,1,safe,
-0.6509341496,0.3580627894,0.2617993878,15.40844097,48.96902673,30,1,1,safe,
-0.6509341496,0.3580627894,0.3490658504,15.40844097,48.96902673,40,1,1,safe,
-0.6509341496,0.3580627894,0.436332313,15.40844097,48.96902673,50,1,1,safe,
-0.6509341496,0.3580627894,0.5235987756,15.40844097,48.96902673,60,1,1,safe,
-0.6509341496,0.3580627894,0.6108652382,15.40844097,48.96902673,70,1,1,safe,
-0.6509341496,0.3580627894,0.6981317008,15.40844097,48.96902673,80,1,1,safe,
-0.6509341496,0.3580627894,0.7853981634,15.40844097,48.96902673,90,1,1,safe,
-0.6509341496,0.3580627894,0.872664626,15.40844097,48.96902673,100,1,1,safe,
-0.6509341496,0.3580627894,0.9599310886,15.40844097,48.96902673,110,1,1,safe,
-0.6509341496,0.3580627894,1.047197551,15.40844097,48.96902673,120,1,1,safe,
-0.6509341496,0.3580627894,1.134464014,15.40844097,48.96902673,130,1,1,safe,
-0.6509341496,0.3580627894,1.221730476,15.40844097,48.96902673,140,1,1,safe,
-0.6509341496,0.3580627894,1.308996939,15.40844097,48.96902673,150,1,1,safe,
-0.6509341496,0.3580627894,1.396263402,15.40844097,48.96902673,160,1,1,safe,
-0.6509341496,0.3580627894,1.483529864,15.40844097,48.96902673,170,1,1,safe,
-0.6509341496,0.445329252,0,15.40844097,38.96902673,0,1,1,safe,
-0.6509341496,0.445329252,0.0872664626,15.40844097,38.96902673,10,1,1,safe,
-0.6509341496,0.445329252,0.1745329252,15.40844097,38.96902673,20,1,1,safe,
-0.6509341496,0.445329252,0.2617993878,15.40844097,38.96902673,30,1,1,safe,
-0.6509341496,0.445329252,0.3490658504,15.40844097,38.96902673,40,1,1,safe,
-0.6509341496,0.445329252,0.436332313,15.40844097,38.96902673,50,1,1,safe,
-0.6509341496,0.445329252,0.5235987756,15.40844097,38.96902673,60,1,1,safe,
-0.6509341496,0.445329252,0.6108652382,15.40844097,38.96902673,70,1,1,safe,
-0.6509341496,0.445329252,0.6981317008,15.40844097,38.96902673,80,1,1,safe,
-0.6509341496,0.445329252,0.7853981634,15.40844097,38.96902673,90,1,1,safe,
-0.6509341496,0.445329252,0.872664626,15.40844097,38.96902673,100,1,1,safe,
-0.6509341496,0.445329252,0.9599310886,15.40844097,38.96902673,110,1,1,safe,
-0.6509341496,0.445329252,1.047197551,15.40844097,38.96902673,120,1,1,safe,
-0.6509341496,0.445329252,1.134464014,15.40844097,38.96902673,130,1,1,safe,
-0.6509341496,0.445329252,1.221730476,15.40844097,38.96902673,140,1,1,safe,
-0.6509341496,0.445329252,1.308996939,15.40844097,38.96902673,150,1,1,safe,
-0.6509341496,0.445329252,1.396263402,15.40844097,38.96902673,160,1,1,safe,
-0.6509341496,0.445329252,1.483529864,15.40844097,38.96902673,170,1,1,safe,
-0.6509341496,0.5325957146,0,15.40844097,28.96902673,0,1,1,safe,
-0.6509341496,0.5325957146,0.0872664626,15.40844097,28.96902673,10,1,1,safe,
-0.6509341496,0.5325957146,0.1745329252,15.40844097,28.96902673,20,1,1,safe,
-0.6509341496,0.5325957146,0.2617993878,15.40844097,28.96902673,30,1,1,safe,
-0.6509341496,0.5325957146,0.3490658504,15.40844097,28.96902673,40,1,1,safe,
-0.6509341496,0.5325957146,0.436332313,15.40844097,28.96902673,50,1,1,safe,
-0.6509341496,0.5325957146,0.5235987756,15.40844097,28.96902673,60,1,1,safe,
-0.6509341496,0.5325957146,0.6108652382,15.40844097,28.96902673,70,1,1,safe,
-0.6509341496,0.5325957146,0.6981317008,15.40844097,28.96902673,80,1,1,safe,
-0.6509341496,0.5325957146,0.7853981634,15.40844097,28.96902673,90,1,1,safe,
-0.6509341496,0.5325957146,0.872664626,15.40844097,28.96902673,100,1,1,safe,
-0.6509341496,0.5325957146,0.9599310886,15.40844097,28.96902673,110,1,1,safe,
-0.6509341496,0.5325957146,1.047197551,15.40844097,28.96902673,120,1,1,safe,
-0.6509341496,0.5325957146,1.134464014,15.40844097,28.96902673,130,1,1,safe,
-0.6509341496,0.5325957146,1.221730476,15.40844097,28.96902673,140,1,1,safe,
-0.6509341496,0.5325957146,1.308996939,15.40844097,28.96902673,150,1,1,safe,
-0.6509341496,0.5325957146,1.396263402,15.40844097,28.96902673,160,1,1,safe,
-0.6509341496,0.5325957146,1.483529864,15.40844097,28.96902673,170,1,1,safe,
-0.6509341496,0.6198621772,0,15.40844097,18.96902673,0,1,1,safe,
-0.6509341496,0.6198621772,0.0872664626,15.40844097,18.96902673,10,1,1,safe,
-0.6509341496,0.6198621772,0.1745329252,15.40844097,18.96902673,20,1,1,safe,
-0.6509341496,0.6198621772,0.2617993878,15.40844097,18.96902673,30,1,1,safe,
-0.6509341496,0.6198621772,0.3490658504,15.40844097,18.96902673,40,1,1,safe,
-0.6509341496,0.6198621772,0.436332313,15.40844097,18.96902673,50,1,1,safe,
-0.6509341496,0.6198621772,0.5235987756,15.40844097,18.96902673,60,1,1,safe,
-0.6509341496,0.6198621772,0.6108652382,15.40844097,18.96902673,70,1,1,safe,
-0.6509341496,0.6198621772,0.6981317008,15.40844097,18.96902673,80,1,1,safe,
-0.6509341496,0.6198621772,0.7853981634,15.40844097,18.96902673,90,1,1,safe,
-0.6509341496,0.6198621772,0.872664626,15.40844097,18.96902673,100,1,1,safe,
-0.6509341496,0.6198621772,0.9599310886,15.40844097,18.96902673,110,1,1,safe,
-0.6509341496,0.6198621772,1.047197551,15.40844097,18.96902673,120,1,1,safe,
-0.6509341496,0.6198621772,1.134464014,15.40844097,18.96902673,130,1,1,safe,
-0.6509341496,0.6198621772,1.221730476,15.40844097,18.96902673,140,1,1,safe,
-0.6509341496,0.6198621772,1.308996939,15.40844097,18.96902673,150,1,1,safe,
-0.6509341496,0.6198621772,1.396263402,15.40844097,18.96902673,160,1,1,safe,
-0.6509341496,0.6198621772,1.483529864,15.40844097,18.96902673,170,1,1,safe,
-0.6509341496,0.7071286398,0,15.40844097,8.969026733,0,1,1,safe,
-0.6509341496,0.7071286398,0.0872664626,15.40844097,8.969026733,10,1,1,safe,
-0.6509341496,0.7071286398,0.1745329252,15.40844097,8.969026733,20,1,1,safe,
-0.6509341496,0.7071286398,0.2617993878,15.40844097,8.969026733,30,1,1,safe,
-0.6509341496,0.7071286398,0.3490658504,15.40844097,8.969026733,40,1,1,safe,
-0.6509341496,0.7071286398,0.436332313,15.40844097,8.969026733,50,1,1,safe,
-0.6509341496,0.7071286398,0.5235987756,15.40844097,8.969026733,60,1,1,safe,
-0.6509341496,0.7071286398,0.6108652382,15.40844097,8.969026733,70,1,1,safe,
-0.6509341496,0.7071286398,0.6981317008,15.40844097,8.969026733,80,1,1,safe,
-0.6509341496,0.7071286398,0.7853981634,15.40844097,8.969026733,90,1,1,safe,
-0.6509341496,0.7071286398,0.872664626,15.40844097,8.969026733,100,1,1,safe,
-0.6509341496,0.7071286398,0.9599310886,15.40844097,8.969026733,110,1,1,safe,
-0.6509341496,0.7071286398,1.047197551,15.40844097,8.969026733,120,1,1,safe,
-0.6509341496,0.7071286398,1.134464014,15.40844097,8.969026733,130,1,1,safe,
-0.6509341496,0.7071286398,1.221730476,15.40844097,8.969026733,140,1,1,safe,
-0.6509341496,0.7071286398,1.308996939,15.40844097,8.969026733,150,1,1,safe,
-0.6509341496,0.7071286398,1.396263402,15.40844097,8.969026733,160,1,1,safe,
-0.6509341496,0.7071286398,1.483529864,15.40844097,8.969026733,170,1,1,safe,
-0.563667687,-0.2528024488,0,25.40844097,118.9690267,0,1,1,safe,
-0.563667687,-0.2528024488,0.0872664626,25.40844097,118.9690267,10,1,1,safe,
-0.563667687,-0.2528024488,0.1745329252,25.40844097,118.9690267,20,1,1,safe,
-0.563667687,-0.1655359862,0,25.40844097,108.9690267,0,1,1,safe,
-0.563667687,-0.1655359862,0.0872664626,25.40844097,108.9690267,10,1,1,safe,
-0.563667687,-0.1655359862,0.1745329252,25.40844097,108.9690267,20,1,1,safe,
-0.563667687,-0.1655359862,0.2617993878,25.40844097,108.9690267,30,1,1,safe,
-0.563667687,-0.1655359862,0.3490658504,25.40844097,108.9690267,40,1,1,safe,
-0.563667687,-0.1655359862,0.436332313,25.40844097,108.9690267,50,1,1,safe,
-0.563667687,-0.1655359862,0.5235987756,25.40844097,108.9690267,60,1,1,safe,
-0.563667687,-0.1655359862,0.6108652382,25.40844097,108.9690267,70,1,1,safe,
-0.563667687,-0.1655359862,0.6981317008,25.40844097,108.9690267,80,1,1,safe,
-0.563667687,-0.1655359862,0.7853981634,25.40844097,108.9690267,90,1,1,safe,
-0.563667687,-0.1655359862,0.872664626,25.40844097,108.9690267,100,1,1,safe,
-0.563667687,-0.1655359862,0.9599310886,25.40844097,108.9690267,110,1,1,safe,
-0.563667687,-0.1655359862,1.047197551,25.40844097,108.9690267,120,1,1,safe,
-0.563667687,-0.1655359862,1.134464014,25.40844097,108.9690267,130,1,1,safe,
-0.563667687,-0.1655359862,1.221730476,25.40844097,108.9690267,140,1,1,safe,
-0.563667687,-0.1655359862,1.308996939,25.40844097,108.9690267,150,1,1,safe,
-0.563667687,-0.1655359862,1.396263402,25.40844097,108.9690267,160,1,1,safe,
-0.563667687,-0.1655359862,1.483529864,25.40844097,108.9690267,170,1,1,safe,
-0.563667687,-0.0782695236,0,25.40844097,98.96902673,0,1,1,safe,
-0.563667687,-0.0782695236,0.0872664626,25.40844097,98.96902673,10,1,1,safe,
-0.563667687,-0.0782695236,0.1745329252,25.40844097,98.96902673,20,1,1,safe,
-0.563667687,-0.0782695236,0.2617993878,25.40844097,98.96902673,30,1,1,safe,
-0.563667687,-0.0782695236,0.3490658504,25.40844097,98.96902673,40,1,1,safe,
-0.563667687,-0.0782695236,0.436332313,25.40844097,98.96902673,50,1,1,safe,
-0.563667687,-0.0782695236,0.5235987756,25.40844097,98.96902673,60,1,1,safe,
-0.563667687,-0.0782695236,0.6108652382,25.40844097,98.96902673,70,1,1,safe,
-0.563667687,-0.0782695236,0.6981317008,25.40844097,98.96902673,80,1,1,safe,
-0.563667687,-0.0782695236,0.7853981634,25.40844097,98.96902673,90,1,1,safe,
-0.563667687,-0.0782695236,0.872664626,25.40844097,98.96902673,100,1,1,safe,
-0.563667687,-0.0782695236,0.9599310886,25.40844097,98.96902673,110,1,1,safe,
-0.563667687,-0.0782695236,1.047197551,25.40844097,98.96902673,120,1,1,safe,
-0.563667687,-0.0782695236,1.134464014,25.40844097,98.96902673,130,1,1,safe,
-0.563667687,-0.0782695236,1.221730476,25.40844097,98.96902673,140,1,1,safe,
-0.563667687,-0.0782695236,1.308996939,25.40844097,98.96902673,150,1,1,safe,
-0.563667687,-0.0782695236,1.396263402,25.40844097,98.96902673,160,1,1,safe,
-0.563667687,-0.0782695236,1.483529864,25.40844097,98.96902673,170,1,1,safe,
-0.563667687,0.008996939,0,25.40844097,88.96902673,0,1,1,safe,
-0.563667687,0.008996939,0.0872664626,25.40844097,88.96902673,10,1,1,safe,
-0.563667687,0.008996939,0.1745329252,25.40844097,88.96902673,20,1,1,safe,
-0.563667687,0.008996939,0.2617993878,25.40844097,88.96902673,30,1,1,safe,
-0.563667687,0.008996939,0.3490658504,25.40844097,88.96902673,40,1,1,safe,
-0.563667687,0.008996939,0.436332313,25.40844097,88.96902673,50,1,1,safe,
-0.563667687,0.008996939,0.5235987756,25.40844097,88.96902673,60,1,1,safe,
-0.563667687,0.008996939,0.6108652382,25.40844097,88.96902673,70,1,1,safe,
-0.563667687,0.008996939,0.6981317008,25.40844097,88.96902673,80,1,1,safe,
-0.563667687,0.008996939,0.7853981634,25.40844097,88.96902673,90,1,1,safe,
-0.563667687,0.008996939,0.872664626,25.40844097,88.96902673,100,1,1,safe,
-0.563667687,0.008996939,0.9599310886,25.40844097,88.96902673,110,1,1,safe,
-0.563667687,0.008996939,1.047197551,25.40844097,88.96902673,120,1,1,safe,
-0.563667687,0.008996939,1.134464014,25.40844097,88.96902673,130,1,1,safe,
-0.563667687,0.008996939,1.221730476,25.40844097,88.96902673,140,1,1,safe,
-0.563667687,0.008996939,1.308996939,25.40844097,88.96902673,150,1,1,safe,
-0.563667687,0.008996939,1.396263402,25.40844097,88.96902673,160,1,1,safe,
-0.563667687,0.008996939,1.483529864,25.40844097,88.96902673,170,1,1,safe,
-0.563667687,0.0962634016,0,25.40844097,78.96902673,0,1,1,safe,
-0.563667687,0.0962634016,0.0872664626,25.40844097,78.96902673,10,1,1,safe,
-0.563667687,0.0962634016,0.1745329252,25.40844097,78.96902673,20,1,1,safe,
-0.563667687,0.0962634016,0.2617993878,25.40844097,78.96902673,30,1,1,safe,
-0.563667687,0.0962634016,0.3490658504,25.40844097,78.96902673,40,1,1,safe,
-0.563667687,0.0962634016,0.436332313,25.40844097,78.96902673,50,1,1,safe,
-0.563667687,0.0962634016,0.5235987756,25.40844097,78.96902673,60,1,1,safe,
-0.563667687,0.0962634016,0.6108652382,25.40844097,78.96902673,70,1,1,safe,
-0.563667687,0.0962634016,0.6981317008,25.40844097,78.96902673,80,1,1,safe,
-0.563667687,0.0962634016,0.7853981634,25.40844097,78.96902673,90,1,1,safe,
-0.563667687,0.0962634016,0.872664626,25.40844097,78.96902673,100,1,1,safe,
-0.563667687,0.0962634016,0.9599310886,25.40844097,78.96902673,110,1,1,safe,
-0.563667687,0.0962634016,1.047197551,25.40844097,78.96902673,120,1,1,safe,
-0.563667687,0.0962634016,1.134464014,25.40844097,78.96902673,130,1,1,safe,
-0.563667687,0.0962634016,1.221730476,25.40844097,78.96902673,140,1,1,safe,
-0.563667687,0.0962634016,1.308996939,25.40844097,78.96902673,150,1,1,safe,
-0.563667687,0.0962634016,1.396263402,25.40844097,78.96902673,160,1,1,safe,
-0.563667687,0.0962634016,1.483529864,25.40844097,78.96902673,170,1,1,safe,
-0.563667687,0.1835298642,0,25.40844097,68.96902673,0,1,1,safe,
-0.563667687,0.1835298642,0.0872664626,25.40844097,68.96902673,10,1,1,safe,
-0.563667687,0.1835298642,0.1745329252,25.40844097,68.96902673,20,1,1,safe,
-0.563667687,0.1835298642,0.2617993878,25.40844097,68.96902673,30,1,1,safe,
-0.563667687,0.1835298642,0.3490658504,25.40844097,68.96902673,40,1,1,safe,
-0.563667687,0.1835298642,0.436332313,25.40844097,68.96902673,50,1,1,safe,
-0.563667687,0.1835298642,0.5235987756,25.40844097,68.96902673,60,1,1,safe,
-0.563667687,0.1835298642,0.6108652382,25.40844097,68.96902673,70,1,1,safe,
-0.563667687,0.1835298642,0.6981317008,25.40844097,68.96902673,80,1,1,safe,
-0.563667687,0.1835298642,0.7853981634,25.40844097,68.96902673,90,1,1,safe,
-0.563667687,0.1835298642,0.872664626,25.40844097,68.96902673,100,1,1,safe,
-0.563667687,0.1835298642,0.9599310886,25.40844097,68.96902673,110,1,1,safe,
-0.563667687,0.1835298642,1.047197551,25.40844097,68.96902673,120,1,1,safe,
-0.563667687,0.1835298642,1.134464014,25.40844097,68.96902673,130,1,1,safe,
-0.563667687,0.1835298642,1.221730476,25.40844097,68.96902673,140,1,1,safe,
-0.563667687,0.1835298642,1.308996939,25.40844097,68.96902673,150,1,1,safe,
-0.563667687,0.1835298642,1.396263402,25.40844097,68.96902673,160,1,1,safe,
-0.563667687,0.1835298642,1.483529864,25.40844097,68.96902673,170,1,1,safe,
-0.563667687,0.2707963268,0,25.40844097,58.96902673,0,1,1,safe,
-0.563667687,0.2707963268,0.0872664626,25.40844097,58.96902673,10,1,1,safe,
-0.563667687,0.2707963268,0.1745329252,25.40844097,58.96902673,20,1,1,safe,
-0.563667687,0.2707963268,0.2617993878,25.40844097,58.96902673,30,1,1,safe,
-0.563667687,0.2707963268,0.3490658504,25.40844097,58.96902673,40,1,1,safe,
-0.563667687,0.2707963268,0.436332313,25.40844097,58.96902673,50,1,1,safe,
-0.563667687,0.2707963268,0.5235987756,25.40844097,58.96902673,60,1,1,safe,
-0.563667687,0.2707963268,0.6108652382,25.40844097,58.96902673,70,1,1,safe,
-0.563667687,0.2707963268,0.6981317008,25.40844097,58.96902673,80,1,1,safe,
-0.563667687,0.2707963268,0.7853981634,25.40844097,58.96902673,90,1,1,safe,
-0.563667687,0.2707963268,0.872664626,25.40844097,58.96902673,100,1,1,safe,
-0.563667687,0.2707963268,0.9599310886,25.40844097,58.96902673,110,1,1,safe,
-0.563667687,0.2707963268,1.047197551,25.40844097,58.96902673,120,1,1,safe,
-0.563667687,0.2707963268,1.134464014,25.40844097,58.96902673,130,1,1,safe,
-0.563667687,0.2707963268,1.221730476,25.40844097,58.96902673,140,1,1,safe,
-0.563667687,0.2707963268,1.308996939,25.40844097,58.96902673,150,1,1,safe,
-0.563667687,0.2707963268,1.396263402,25.40844097,58.96902673,160,1,1,safe,
-0.563667687,0.2707963268,1.483529864,25.40844097,58.96902673,170,1,1,safe,
-0.563667687,0.3580627894,0,25.40844097,48.96902673,0,1,1,safe,
-0.563667687,0.3580627894,0.0872664626,25.40844097,48.96902673,10,1,1,safe,
-0.563667687,0.3580627894,0.1745329252,25.40844097,48.96902673,20,1,1,safe,
-0.563667687,0.3580627894,0.2617993878,25.40844097,48.96902673,30,1,1,safe,
-0.563667687,0.3580627894,0.3490658504,25.40844097,48.96902673,40,1,1,safe,
-0.563667687,0.3580627894,0.436332313,25.40844097,48.96902673,50,1,1,safe,
-0.563667687,0.3580627894,0.5235987756,25.40844097,48.96902673,60,1,1,safe,
-0.563667687,0.3580627894,0.6108652382,25.40844097,48.96902673,70,1,1,safe,
-0.563667687,0.3580627894,0.6981317008,25.40844097,48.96902673,80,1,1,safe,
-0.563667687,0.3580627894,0.7853981634,25.40844097,48.96902673,90,1,1,safe,
-0.563667687,0.3580627894,0.872664626,25.40844097,48.96902673,100,1,1,safe,
-0.563667687,0.3580627894,0.9599310886,25.40844097,48.96902673,110,1,1,safe,
-0.563667687,0.3580627894,1.047197551,25.40844097,48.96902673,120,1,1,safe,
-0.563667687,0.3580627894,1.134464014,25.40844097,48.96902673,130,1,1,safe,
-0.563667687,0.3580627894,1.221730476,25.40844097,48.96902673,140,1,1,safe,
-0.563667687,0.3580627894,1.308996939,25.40844097,48.96902673,150,1,1,safe,
-0.563667687,0.3580627894,1.396263402,25.40844097,48.96902673,160,1,1,safe,
-0.563667687,0.3580627894,1.483529864,25.40844097,48.96902673,170,1,1,safe,
-0.563667687,0.445329252,0,25.40844097,38.96902673,0,1,1,safe,
-0.563667687,0.445329252,0.0872664626,25.40844097,38.96902673,10,1,1,safe,
-0.563667687,0.445329252,0.1745329252,25.40844097,38.96902673,20,1,1,safe,
-0.563667687,0.445329252,0.2617993878,25.40844097,38.96902673,30,1,1,safe,
-0.563667687,0.445329252,0.3490658504,25.40844097,38.96902673,40,1,1,safe,
-0.563667687,0.445329252,0.436332313,25.40844097,38.96902673,50,1,1,safe,
-0.563667687,0.445329252,0.5235987756,25.40844097,38.96902673,60,1,1,safe,
-0.563667687,0.445329252,0.6108652382,25.40844097,38.96902673,70,1,1,safe,
-0.563667687,0.445329252,0.6981317008,25.40844097,38.96902673,80,1,1,safe,
-0.563667687,0.445329252,0.7853981634,25.40844097,38.96902673,90,1,1,safe,
-0.563667687,0.445329252,0.872664626,25.40844097,38.96902673,100,1,1,safe,
-0.563667687,0.445329252,0.9599310886,25.40844097,38.96902673,110,1,1,safe,
-0.563667687,0.445329252,1.047197551,25.40844097,38.96902673,120,1,1,safe,
-0.563667687,0.445329252,1.134464014,25.40844097,38.96902673,130,1,1,safe,
-0.563667687,0.445329252,1.221730476,25.40844097,38.96902673,140,1,1,safe,
-0.563667687,0.445329252,1.308996939,25.40844097,38.96902673,150,1,1,safe,
-0.563667687,0.445329252,1.396263402,25.40844097,38.96902673,160,1,1,safe,
-0.563667687,0.445329252,1.483529864,25.40844097,38.96902673,170,1,1,safe,
-0.563667687,0.5325957146,0,25.40844097,28.96902673,0,1,1,safe,
-0.563667687,0.5325957146,0.0872664626,25.40844097,28.96902673,10,1,1,safe,
-0.563667687,0.5325957146,0.1745329252,25.40844097,28.96902673,20,1,1,safe,
-0.563667687,0.5325957146,0.2617993878,25.40844097,28.96902673,30,1,1,safe,
-0.563667687,0.5325957146,0.3490658504,25.40844097,28.96902673,40,1,1,safe,
-0.563667687,0.5325957146,0.436332313,25.40844097,28.96902673,50,1,1,safe,
-0.563667687,0.5325957146,0.5235987756,25.40844097,28.96902673,60,1,1,safe,
-0.563667687,0.5325957146,0.6108652382,25.40844097,28.96902673,70,1,1,safe,
-0.563667687,0.5325957146,0.6981317008,25.40844097,28.96902673,80,1,1,safe,
-0.563667687,0.5325957146,0.7853981634,25.40844097,28.96902673,90,1,1,safe,
-0.563667687,0.5325957146,0.872664626,25.40844097,28.96902673,100,1,1,safe,
-0.563667687,0.5325957146,0.9599310886,25.40844097,28.96902673,110,1,1,safe,
-0.563667687,0.5325957146,1.047197551,25.40844097,28.96902673,120,1,1,safe,
-0.563667687,0.5325957146,1.134464014,25.40844097,28.96902673,130,1,1,safe,
-0.563667687,0.5325957146,1.221730476,25.40844097,28.96902673,140,1,1,safe,
-0.563667687,0.5325957146,1.308996939,25.40844097,28.96902673,150,1,1,safe,
-0.563667687,0.5325957146,1.396263402,25.40844097,28.96902673,160,1,1,safe,
-0.563667687,0.5325957146,1.483529864,25.40844097,28.96902673,170,1,1,safe,
-0.563667687,0.6198621772,0,25.40844097,18.96902673,0,1,1,safe,
-0.563667687,0.6198621772,0.0872664626,25.40844097,18.96902673,10,1,1,safe,
-0.563667687,0.6198621772,0.1745329252,25.40844097,18.96902673,20,1,1,safe,
-0.563667687,0.6198621772,0.2617993878,25.40844097,18.96902673,30,1,1,safe,
-0.563667687,0.6198621772,0.3490658504,25.40844097,18.96902673,40,1,1,safe,
-0.563667687,0.6198621772,0.436332313,25.40844097,18.96902673,50,1,1,safe,
-0.563667687,0.6198621772,0.5235987756,25.40844097,18.96902673,60,1,1,safe,
-0.563667687,0.6198621772,0.6108652382,25.40844097,18.96902673,70,1,1,safe,
-0.563667687,0.6198621772,0.6981317008,25.40844097,18.96902673,80,1,1,safe,
-0.563667687,0.6198621772,0.7853981634,25.40844097,18.96902673,90,1,1,safe,
-0.563667687,0.6198621772,0.872664626,25.40844097,18.96902673,100,1,1,safe,
-0.563667687,0.6198621772,0.9599310886,25.40844097,18.96902673,110,1,1,safe,
-0.563667687,0.6198621772,1.047197551,25.40844097,18.96902673,120,1,1,safe,
-0.563667687,0.6198621772,1.134464014,25.40844097,18.96902673,130,1,1,safe,
-0.563667687,0.6198621772,1.221730476,25.40844097,18.96902673,140,1,1,safe,
-0.563667687,0.6198621772,1.308996939,25.40844097,18.96902673,150,1,1,safe,
-0.563667687,0.6198621772,1.396263402,25.40844097,18.96902673,160,1,1,safe,
-0.563667687,0.6198621772,1.483529864,25.40844097,18.96902673,170,1,1,safe,
-0.563667687,0.7071286398,0,25.40844097,8.969026733,0,1,1,safe,
-0.563667687,0.7071286398,0.0872664626,25.40844097,8.969026733,10,1,1,safe,
-0.563667687,0.7071286398,0.1745329252,25.40844097,8.969026733,20,1,1,safe,
-0.563667687,0.7071286398,0.2617993878,25.40844097,8.969026733,30,1,1,safe,
-0.563667687,0.7071286398,0.3490658504,25.40844097,8.969026733,40,1,1,safe,
-0.563667687,0.7071286398,0.436332313,25.40844097,8.969026733,50,1,1,safe,
-0.563667687,0.7071286398,0.5235987756,25.40844097,8.969026733,60,1,1,safe,
-0.563667687,0.7071286398,0.6108652382,25.40844097,8.969026733,70,1,1,safe,
-0.563667687,0.7071286398,0.6981317008,25.40844097,8.969026733,80,1,1,safe,
-0.563667687,0.7071286398,0.7853981634,25.40844097,8.969026733,90,1,1,safe,
-0.563667687,0.7071286398,0.872664626,25.40844097,8.969026733,100,1,1,safe,
-0.563667687,0.7071286398,0.9599310886,25.40844097,8.969026733,110,1,1,safe,
-0.563667687,0.7071286398,1.047197551,25.40844097,8.969026733,120,1,1,safe,
-0.563667687,0.7071286398,1.134464014,25.40844097,8.969026733,130,1,1,safe,
-0.563667687,0.7071286398,1.221730476,25.40844097,8.969026733,140,1,1,safe,
-0.563667687,0.7071286398,1.308996939,25.40844097,8.969026733,150,1,1,safe,
-0.563667687,0.7071286398,1.396263402,25.40844097,8.969026733,160,1,1,safe,
-0.563667687,0.7071286398,1.483529864,25.40844097,8.969026733,170,1,1,safe,
-0.4764012244,-0.3400689114,0,35.40844097,128.9690267,0,1,1,safe,
-0.4764012244,-0.3400689114,0.0872664626,35.40844097,128.9690267,10,1,1,safe,
-0.4764012244,-0.3400689114,0.1745329252,35.40844097,128.9690267,20,1,1,safe,
-0.4764012244,-0.3400689114,0.2617993878,35.40844097,128.9690267,30,1,1,safe,
-0.4764012244,-0.3400689114,0.3490658504,35.40844097,128.9690267,40,1,1,safe,
-0.4764012244,-0.3400689114,0.436332313,35.40844097,128.9690267,50,1,1,safe,
-0.4764012244,-0.3400689114,0.5235987756,35.40844097,128.9690267,60,1,1,safe,
-0.4764012244,-0.2528024488,0,35.40844097,118.9690267,0,1,1,safe,
-0.4764012244,-0.2528024488,0.0872664626,35.40844097,118.9690267,10,1,1,safe,
-0.4764012244,-0.2528024488,0.1745329252,35.40844097,118.9690267,20,1,1,safe,
-0.4764012244,-0.2528024488,0.2617993878,35.40844097,118.9690267,30,1,1,safe,
-0.4764012244,-0.2528024488,0.3490658504,35.40844097,118.9690267,40,1,1,safe,
-0.4764012244,-0.2528024488,0.436332313,35.40844097,118.9690267,50,1,1,safe,
-0.4764012244,-0.2528024488,0.5235987756,35.40844097,118.9690267,60,1,1,safe,
-0.4764012244,-0.2528024488,0.6108652382,35.40844097,118.9690267,70,1,1,safe,
-0.4764012244,-0.2528024488,0.6981317008,35.40844097,118.9690267,80,1,1,safe,
-0.4764012244,-0.2528024488,0.7853981634,35.40844097,118.9690267,90,1,1,safe,
-0.4764012244,-0.2528024488,0.872664626,35.40844097,118.9690267,100,1,1,safe,
-0.4764012244,-0.2528024488,0.9599310886,35.40844097,118.9690267,110,1,1,safe,
-0.4764012244,-0.2528024488,1.047197551,35.40844097,118.9690267,120,1,1,safe,
-0.4764012244,-0.2528024488,1.134464014,35.40844097,118.9690267,130,1,1,safe,
-0.4764012244,-0.2528024488,1.221730476,35.40844097,118.9690267,140,1,1,safe,
-0.4764012244,-0.2528024488,1.308996939,35.40844097,118.9690267,150,1,1,safe,
-0.4764012244,-0.2528024488,1.396263402,35.40844097,118.9690267,160,1,1,safe,
-0.4764012244,-0.2528024488,1.483529864,35.40844097,118.9690267,170,1,1,safe,
-0.4764012244,-0.1655359862,0,35.40844097,108.9690267,0,1,1,safe,
-0.4764012244,-0.1655359862,0.0872664626,35.40844097,108.9690267,10,1,1,safe,
-0.4764012244,-0.1655359862,0.1745329252,35.40844097,108.9690267,20,1,1,safe,
-0.4764012244,-0.1655359862,0.2617993878,35.40844097,108.9690267,30,1,1,safe,
-0.4764012244,-0.1655359862,0.3490658504,35.40844097,108.9690267,40,1,1,safe,
-0.4764012244,-0.1655359862,0.436332313,35.40844097,108.9690267,50,1,1,safe,
-0.4764012244,-0.1655359862,0.5235987756,35.40844097,108.9690267,60,1,1,safe,
-0.4764012244,-0.1655359862,0.6108652382,35.40844097,108.9690267,70,1,1,safe,
-0.4764012244,-0.1655359862,0.6981317008,35.40844097,108.9690267,80,1,1,safe,
-0.4764012244,-0.1655359862,0.7853981634,35.40844097,108.9690267,90,1,1,safe,
-0.4764012244,-0.1655359862,0.872664626,35.40844097,108.9690267,100,1,1,safe,
-0.4764012244,-0.1655359862,0.9599310886,35.40844097,108.9690267,110,1,1,safe,
-0.4764012244,-0.1655359862,1.047197551,35.40844097,108.9690267,120,1,1,safe,
-0.4764012244,-0.1655359862,1.134464014,35.40844097,108.9690267,130,1,1,safe,
-0.4764012244,-0.1655359862,1.221730476,35.40844097,108.9690267,140,1,1,safe,
-0.4764012244,-0.1655359862,1.308996939,35.40844097,108.9690267,150,1,1,safe,
-0.4764012244,-0.1655359862,1.396263402,35.40844097,108.9690267,160,1,1,safe,
-0.4764012244,-0.1655359862,1.483529864,35.40844097,108.9690267,170,1,1,safe,
-0.4764012244,-0.0782695236,0,35.40844097,98.96902673,0,1,1,safe,
-0.4764012244,-0.0782695236,0.0872664626,35.40844097,98.96902673,10,1,1,safe,
-0.4764012244,-0.0782695236,0.1745329252,35.40844097,98.96902673,20,1,1,safe,
-0.4764012244,-0.0782695236,0.2617993878,35.40844097,98.96902673,30,1,1,safe,
-0.4764012244,-0.0782695236,0.3490658504,35.40844097,98.96902673,40,1,1,safe,
-0.4764012244,-0.0782695236,0.436332313,35.40844097,98.96902673,50,1,1,safe,
-0.4764012244,-0.0782695236,0.5235987756,35.40844097,98.96902673,60,1,1,safe,
-0.4764012244,-0.0782695236,0.6108652382,35.40844097,98.96902673,70,1,1,safe,
-0.4764012244,-0.0782695236,0.6981317008,35.40844097,98.96902673,80,1,1,safe,
-0.4764012244,-0.0782695236,0.7853981634,35.40844097,98.96902673,90,1,1,safe,
-0.4764012244,-0.0782695236,0.872664626,35.40844097,98.96902673,100,1,1,safe,
-0.4764012244,-0.0782695236,0.9599310886,35.40844097,98.96902673,110,1,1,safe,
-0.4764012244,-0.0782695236,1.047197551,35.40844097,98.96902673,120,1,1,safe,
-0.4764012244,-0.0782695236,1.134464014,35.40844097,98.96902673,130,1,1,safe,
-0.4764012244,-0.0782695236,1.221730476,35.40844097,98.96902673,140,1,1,safe,
-0.4764012244,-0.0782695236,1.308996939,35.40844097,98.96902673,150,1,1,safe,
-0.4764012244,-0.0782695236,1.396263402,35.40844097,98.96902673,160,1,1,safe,
-0.4764012244,-0.0782695236,1.483529864,35.40844097,98.96902673,170,1,1,safe,
-0.4764012244,0.008996939,0,35.40844097,88.96902673,0,1,1,safe,
-0.4764012244,0.008996939,0.0872664626,35.40844097,88.96902673,10,1,1,safe,
-0.4764012244,0.008996939,0.1745329252,35.40844097,88.96902673,20,1,1,safe,
-0.4764012244,0.008996939,0.2617993878,35.40844097,88.96902673,30,1,1,safe,
-0.4764012244,0.008996939,0.3490658504,35.40844097,88.96902673,40,1,1,safe,
-0.4764012244,0.008996939,0.436332313,35.40844097,88.96902673,50,1,1,safe,
-0.4764012244,0.008996939,0.5235987756,35.40844097,88.96902673,60,1,1,safe,
-0.4764012244,0.008996939,0.6108652382,35.40844097,88.96902673,70,1,1,safe,
-0.4764012244,0.008996939,0.6981317008,35.40844097,88.96902673,80,1,1,safe,
-0.4764012244,0.008996939,0.7853981634,35.40844097,88.96902673,90,1,1,safe,
-0.4764012244,0.008996939,0.872664626,35.40844097,88.96902673,100,1,1,safe,
-0.4764012244,0.008996939,0.9599310886,35.40844097,88.96902673,110,1,1,safe,
-0.4764012244,0.008996939,1.047197551,35.40844097,88.96902673,120,1,1,safe,
-0.4764012244,0.008996939,1.134464014,35.40844097,88.96902673,130,1,1,safe,
-0.4764012244,0.008996939,1.221730476,35.40844097,88.96902673,140,1,1,safe,
-0.4764012244,0.008996939,1.308996939,35.40844097,88.96902673,150,1,1,safe,
-0.4764012244,0.008996939,1.396263402,35.40844097,88.96902673,160,1,1,safe,
-0.4764012244,0.008996939,1.483529864,35.40844097,88.96902673,170,1,1,safe,
-0.4764012244,0.0962634016,0,35.40844097,78.96902673,0,1,1,safe,
-0.4764012244,0.0962634016,0.0872664626,35.40844097,78.96902673,10,1,1,safe,
-0.4764012244,0.0962634016,0.1745329252,35.40844097,78.96902673,20,1,1,safe,
-0.4764012244,0.0962634016,0.2617993878,35.40844097,78.96902673,30,1,1,safe,
-0.4764012244,0.0962634016,0.3490658504,35.40844097,78.96902673,40,1,1,safe,
-0.4764012244,0.0962634016,0.436332313,35.40844097,78.96902673,50,1,1,safe,
-0.4764012244,0.0962634016,0.5235987756,35.40844097,78.96902673,60,1,1,safe,
-0.4764012244,0.0962634016,0.6108652382,35.40844097,78.96902673,70,1,1,safe,
-0.4764012244,0.0962634016,0.6981317008,35.40844097,78.96902673,80,1,1,safe,
-0.4764012244,0.0962634016,0.7853981634,35.40844097,78.96902673,90,1,1,safe,
-0.4764012244,0.0962634016,0.872664626,35.40844097,78.96902673,100,1,1,safe,
-0.4764012244,0.0962634016,0.9599310886,35.40844097,78.96902673,110,1,1,safe,
-0.4764012244,0.0962634016,1.047197551,35.40844097,78.96902673,120,1,1,safe,
-0.4764012244,0.0962634016,1.134464014,35.40844097,78.96902673,130,1,1,safe,
-0.4764012244,0.0962634016,1.221730476,35.40844097,78.96902673,140,1,1,safe,
-0.4764012244,0.0962634016,1.308996939,35.40844097,78.96902673,150,1,1,safe,
-0.4764012244,0.0962634016,1.396263402,35.40844097,78.96902673,160,1,1,safe,
-0.4764012244,0.0962634016,1.483529864,35.40844097,78.96902673,170,1,1,safe,
-0.4764012244,0.1835298642,0,35.40844097,68.96902673,0,1,1,safe,
-0.4764012244,0.1835298642,0.0872664626,35.40844097,68.96902673,10,1,1,safe,
-0.4764012244,0.1835298642,0.1745329252,35.40844097,68.96902673,20,1,1,safe,
-0.4764012244,0.1835298642,0.2617993878,35.40844097,68.96902673,30,1,1,safe,
-0.4764012244,0.1835298642,0.3490658504,35.40844097,68.96902673,40,1,1,safe,
-0.4764012244,0.1835298642,0.436332313,35.40844097,68.96902673,50,1,1,safe,
-0.4764012244,0.1835298642,0.5235987756,35.40844097,68.96902673,60,1,1,safe,
-0.4764012244,0.1835298642,0.6108652382,35.40844097,68.96902673,70,1,1,safe,
-0.4764012244,0.1835298642,0.6981317008,35.40844097,68.96902673,80,1,1,safe,
-0.4764012244,0.1835298642,0.7853981634,35.40844097,68.96902673,90,1,1,safe,
-0.4764012244,0.1835298642,0.872664626,35.40844097,68.96902673,100,1,1,safe,
-0.4764012244,0.1835298642,0.9599310886,35.40844097,68.96902673,110,1,1,safe,
-0.4764012244,0.1835298642,1.047197551,35.40844097,68.96902673,120,1,1,safe,
-0.4764012244,0.1835298642,1.134464014,35.40844097,68.96902673,130,1,1,safe,
-0.4764012244,0.1835298642,1.221730476,35.40844097,68.96902673,140,1,1,safe,
-0.4764012244,0.1835298642,1.308996939,35.40844097,68.96902673,150,1,1,safe,
-0.4764012244,0.1835298642,1.396263402,35.40844097,68.96902673,160,1,1,safe,
-0.4764012244,0.1835298642,1.483529864,35.40844097,68.96902673,170,1,1,safe,
-0.4764012244,0.2707963268,0,35.40844097,58.96902673,0,1,1,safe,
-0.4764012244,0.2707963268,0.0872664626,35.40844097,58.96902673,10,1,1,safe,
-0.4764012244,0.2707963268,0.1745329252,35.40844097,58.96902673,20,1,1,safe,
-0.4764012244,0.2707963268,0.2617993878,35.40844097,58.96902673,30,1,1,safe,
-0.4764012244,0.2707963268,0.3490658504,35.40844097,58.96902673,40,1,1,safe,
-0.4764012244,0.2707963268,0.436332313,35.40844097,58.96902673,50,1,1,safe,
-0.4764012244,0.2707963268,0.5235987756,35.40844097,58.96902673,60,1,1,safe,
-0.4764012244,0.2707963268,0.6108652382,35.40844097,58.96902673,70,1,1,safe,
-0.4764012244,0.2707963268,0.6981317008,35.40844097,58.96902673,80,1,1,safe,
-0.4764012244,0.2707963268,0.7853981634,35.40844097,58.96902673,90,1,1,safe,
-0.4764012244,0.2707963268,0.872664626,35.40844097,58.96902673,100,1,1,safe,
-0.4764012244,0.2707963268,0.9599310886,35.40844097,58.96902673,110,1,1,safe,
-0.4764012244,0.2707963268,1.047197551,35.40844097,58.96902673,120,1,1,safe,
-0.4764012244,0.2707963268,1.134464014,35.40844097,58.96902673,130,1,1,safe,
-0.4764012244,0.2707963268,1.221730476,35.40844097,58.96902673,140,1,1,safe,
-0.4764012244,0.2707963268,1.308996939,35.40844097,58.96902673,150,1,1,safe,
-0.4764012244,0.2707963268,1.396263402,35.40844097,58.96902673,160,1,1,safe,
-0.4764012244,0.2707963268,1.483529864,35.40844097,58.96902673,170,1,1,safe,
-0.4764012244,0.3580627894,0,35.40844097,48.96902673,0,1,1,safe,
-0.4764012244,0.3580627894,0.0872664626,35.40844097,48.96902673,10,1,1,safe,
-0.4764012244,0.3580627894,0.1745329252,35.40844097,48.96902673,20,1,1,safe,
-0.4764012244,0.3580627894,0.2617993878,35.40844097,48.96902673,30,1,1,safe,
-0.4764012244,0.3580627894,0.3490658504,35.40844097,48.96902673,40,1,1,safe,
-0.4764012244,0.3580627894,0.436332313,35.40844097,48.96902673,50,1,1,safe,
-0.4764012244,0.3580627894,0.5235987756,35.40844097,48.96902673,60,1,1,safe,
-0.4764012244,0.3580627894,0.6108652382,35.40844097,48.96902673,70,1,1,safe,
-0.4764012244,0.3580627894,0.6981317008,35.40844097,48.96902673,80,1,1,safe,
-0.4764012244,0.3580627894,0.7853981634,35.40844097,48.96902673,90,1,1,safe,
-0.4764012244,0.3580627894,0.872664626,35.40844097,48.96902673,100,1,1,safe,
-0.4764012244,0.3580627894,0.9599310886,35.40844097,48.96902673,110,1,1,safe,
-0.4764012244,0.3580627894,1.047197551,35.40844097,48.96902673,120,1,1,safe,
-0.4764012244,0.3580627894,1.134464014,35.40844097,48.96902673,130,1,1,safe,
-0.4764012244,0.3580627894,1.221730476,35.40844097,48.96902673,140,1,1,safe,
-0.4764012244,0.3580627894,1.308996939,35.40844097,48.96902673,150,1,1,safe,
-0.4764012244,0.3580627894,1.396263402,35.40844097,48.96902673,160,1,1,safe,
-0.4764012244,0.3580627894,1.483529864,35.40844097,48.96902673,170,1,1,safe,
-0.4764012244,0.445329252,0,35.40844097,38.96902673,0,1,1,safe,
-0.4764012244,0.445329252,0.0872664626,35.40844097,38.96902673,10,1,1,safe,
-0.4764012244,0.445329252,0.1745329252,35.40844097,38.96902673,20,1,1,safe,
-0.4764012244,0.445329252,0.2617993878,35.40844097,38.96902673,30,1,1,safe,
-0.4764012244,0.445329252,0.3490658504,35.40844097,38.96902673,40,1,1,safe,
-0.4764012244,0.445329252,0.436332313,35.40844097,38.96902673,50,1,1,safe,
-0.4764012244,0.445329252,0.5235987756,35.40844097,38.96902673,60,1,1,safe,
-0.4764012244,0.445329252,0.6108652382,35.40844097,38.96902673,70,1,1,safe,
-0.4764012244,0.445329252,0.6981317008,35.40844097,38.96902673,80,1,1,safe,
-0.4764012244,0.445329252,0.7853981634,35.40844097,38.96902673,90,1,1,safe,
-0.4764012244,0.445329252,0.872664626,35.40844097,38.96902673,100,1,1,safe,
-0.4764012244,0.445329252,0.9599310886,35.40844097,38.96902673,110,1,1,safe,
-0.4764012244,0.445329252,1.047197551,35.40844097,38.96902673,120,1,1,safe,
-0.4764012244,0.445329252,1.134464014,35.40844097,38.96902673,130,1,1,safe,
-0.4764012244,0.445329252,1.221730476,35.40844097,38.96902673,140,1,1,safe,
-0.4764012244,0.445329252,1.308996939,35.40844097,38.96902673,150,1,1,safe,
-0.4764012244,0.445329252,1.396263402,35.40844097,38.96902673,160,1,1,safe,
-0.4764012244,0.445329252,1.483529864,35.40844097,38.96902673,170,1,1,safe,
-0.4764012244,0.5325957146,0,35.40844097,28.96902673,0,1,1,safe,
-0.4764012244,0.5325957146,0.0872664626,35.40844097,28.96902673,10,1,1,safe,
-0.4764012244,0.5325957146,0.1745329252,35.40844097,28.96902673,20,1,1,safe,
-0.4764012244,0.5325957146,0.2617993878,35.40844097,28.96902673,30,1,1,safe,
-0.4764012244,0.5325957146,0.3490658504,35.40844097,28.96902673,40,1,1,safe,
-0.4764012244,0.5325957146,0.436332313,35.40844097,28.96902673,50,1,1,safe,
-0.4764012244,0.5325957146,0.5235987756,35.40844097,28.96902673,60,1,1,safe,
-0.4764012244,0.5325957146,0.6108652382,35.40844097,28.96902673,70,1,1,safe,
-0.4764012244,0.5325957146,0.6981317008,35.40844097,28.96902673,80,1,1,safe,
-0.4764012244,0.5325957146,0.7853981634,35.40844097,28.96902673,90,1,1,safe,
-0.4764012244,0.5325957146,0.872664626,35.40844097,28.96902673,100,1,1,safe,
-0.4764012244,0.5325957146,0.9599310886,35.40844097,28.96902673,110,1,1,safe,
-0.4764012244,0.5325957146,1.047197551,35.40844097,28.96902673,120,1,1,safe,
-0.4764012244,0.5325957146,1.134464014,35.40844097,28.96902673,130,1,1,safe,
-0.4764012244,0.5325957146,1.221730476,35.40844097,28.96902673,140,1,1,safe,
-0.4764012244,0.5325957146,1.308996939,35.40844097,28.96902673,150,1,1,safe,
-0.4764012244,0.5325957146,1.396263402,35.40844097,28.96902673,160,1,1,safe,
-0.4764012244,0.5325957146,1.483529864,35.40844097,28.96902673,170,1,1,safe,
-0.4764012244,0.6198621772,0,35.40844097,18.96902673,0,1,1,safe,
-0.4764012244,0.6198621772,0.0872664626,35.40844097,18.96902673,10,1,1,safe,
-0.4764012244,0.6198621772,0.1745329252,35.40844097,18.96902673,20,1,1,safe,
-0.4764012244,0.6198621772,0.2617993878,35.40844097,18.96902673,30,1,1,safe,
-0.4764012244,0.6198621772,0.3490658504,35.40844097,18.96902673,40,1,1,safe,
-0.4764012244,0.6198621772,0.436332313,35.40844097,18.96902673,50,1,1,safe,
-0.4764012244,0.6198621772,0.5235987756,35.40844097,18.96902673,60,1,1,safe,
-0.4764012244,0.6198621772,0.6108652382,35.40844097,18.96902673,70,1,1,safe,
-0.4764012244,0.6198621772,0.6981317008,35.40844097,18.96902673,80,1,1,safe,
-0.4764012244,0.6198621772,0.7853981634,35.40844097,18.96902673,90,1,1,safe,
-0.4764012244,0.6198621772,0.872664626,35.40844097,18.96902673,100,1,1,safe,
-0.4764012244,0.6198621772,0.9599310886,35.40844097,18.96902673,110,1,1,safe,
-0.4764012244,0.6198621772,1.047197551,35.40844097,18.96902673,120,1,1,safe,
-0.4764012244,0.6198621772,1.134464014,35.40844097,18.96902673,130,1,1,safe,
-0.4764012244,0.6198621772,1.221730476,35.40844097,18.96902673,140,1,1,safe,
-0.4764012244,0.6198621772,1.308996939,35.40844097,18.96902673,150,1,1,safe,
-0.4764012244,0.6198621772,1.396263402,35.40844097,18.96902673,160,1,1,safe,
-0.4764012244,0.6198621772,1.483529864,35.40844097,18.96902673,170,1,1,safe,
-0.4764012244,0.7071286398,0,35.40844097,8.969026733,0,1,1,safe,
-0.4764012244,0.7071286398,0.0872664626,35.40844097,8.969026733,10,1,1,safe,
-0.4764012244,0.7071286398,0.1745329252,35.40844097,8.969026733,20,1,1,safe,
-0.4764012244,0.7071286398,0.2617993878,35.40844097,8.969026733,30,1,1,safe,
-0.4764012244,0.7071286398,0.3490658504,35.40844097,8.969026733,40,1,1,safe,
-0.4764012244,0.7071286398,0.436332313,35.40844097,8.969026733,50,1,1,safe,
-0.4764012244,0.7071286398,0.5235987756,35.40844097,8.969026733,60,1,1,safe,
-0.4764012244,0.7071286398,0.6108652382,35.40844097,8.969026733,70,1,1,safe,
-0.4764012244,0.7071286398,0.6981317008,35.40844097,8.969026733,80,1,1,safe,
-0.4764012244,0.7071286398,0.7853981634,35.40844097,8.969026733,90,1,1,safe,
-0.4764012244,0.7071286398,0.872664626,35.40844097,8.969026733,100,1,1,safe,
-0.4764012244,0.7071286398,0.9599310886,35.40844097,8.969026733,110,1,1,safe,
-0.4764012244,0.7071286398,1.047197551,35.40844097,8.969026733,120,1,1,safe,
-0.4764012244,0.7071286398,1.134464014,35.40844097,8.969026733,130,1,1,safe,
-0.4764012244,0.7071286398,1.221730476,35.40844097,8.969026733,140,1,1,safe,
-0.4764012244,0.7071286398,1.308996939,35.40844097,8.969026733,150,1,1,safe,
-0.4764012244,0.7071286398,1.396263402,35.40844097,8.969026733,160,1,1,safe,
-0.4764012244,0.7071286398,1.483529864,35.40844097,8.969026733,170,1,1,safe,
-0.3891347618,-0.5146018366,0,45.40844097,148.9690267,0,1,1,safe,
-0.3891347618,-0.5146018366,0.0872664626,45.40844097,148.9690267,10,1,1,safe,
-0.3891347618,-0.427335374,0,45.40844097,138.9690267,0,1,1,safe,
-0.3891347618,-0.427335374,0.0872664626,45.40844097,138.9690267,10,1,1,safe,
-0.3891347618,-0.427335374,0.1745329252,45.40844097,138.9690267,20,1,1,safe,
-0.3891347618,-0.427335374,0.2617993878,45.40844097,138.9690267,30,1,1,safe,
-0.3891347618,-0.427335374,0.3490658504,45.40844097,138.9690267,40,1,1,safe,
-0.3891347618,-0.427335374,0.436332313,45.40844097,138.9690267,50,1,1,safe,
-0.3891347618,-0.427335374,0.5235987756,45.40844097,138.9690267,60,1,1,safe,
-0.3891347618,-0.427335374,0.6108652382,45.40844097,138.9690267,70,1,1,safe,
-0.3891347618,-0.427335374,0.6981317008,45.40844097,138.9690267,80,1,1,safe,
-0.3891347618,-0.427335374,0.7853981634,45.40844097,138.9690267,90,1,1,safe,
-0.3891347618,-0.427335374,0.872664626,45.40844097,138.9690267,100,1,1,safe,
-0.3891347618,-0.3400689114,0,45.40844097,128.9690267,0,1,1,safe,
-0.3891347618,-0.3400689114,0.0872664626,45.40844097,128.9690267,10,1,1,safe,
-0.3891347618,-0.3400689114,0.1745329252,45.40844097,128.9690267,20,1,1,safe,
-0.3891347618,-0.3400689114,0.2617993878,45.40844097,128.9690267,30,1,1,safe,
-0.3891347618,-0.3400689114,0.3490658504,45.40844097,128.9690267,40,1,1,safe,
-0.3891347618,-0.3400689114,0.436332313,45.40844097,128.9690267,50,1,1,safe,
-0.3891347618,-0.3400689114,0.5235987756,45.40844097,128.9690267,60,1,1,safe,
-0.3891347618,-0.3400689114,0.6108652382,45.40844097,128.9690267,70,1,1,safe,
-0.3891347618,-0.3400689114,0.6981317008,45.40844097,128.9690267,80,1,1,safe,
-0.3891347618,-0.3400689114,0.7853981634,45.40844097,128.9690267,90,1,1,safe,
-0.3891347618,-0.3400689114,0.872664626,45.40844097,128.9690267,100,1,1,safe,
-0.3891347618,-0.3400689114,0.9599310886,45.40844097,128.9690267,110,1,1,safe,
-0.3891347618,-0.3400689114,1.047197551,45.40844097,128.9690267,120,1,1,safe,
-0.3891347618,-0.3400689114,1.134464014,45.40844097,128.9690267,130,1,1,safe,
-0.3891347618,-0.3400689114,1.221730476,45.40844097,128.9690267,140,1,1,safe,
-0.3891347618,-0.3400689114,1.308996939,45.40844097,128.9690267,150,1,1,safe,
-0.3891347618,-0.3400689114,1.396263402,45.40844097,128.9690267,160,1,1,safe,
-0.3891347618,-0.3400689114,1.483529864,45.40844097,128.9690267,170,1,1,safe,
-0.3891347618,-0.2528024488,0,45.40844097,118.9690267,0,1,1,safe,
-0.3891347618,-0.2528024488,0.0872664626,45.40844097,118.9690267,10,1,1,safe,
-0.3891347618,-0.2528024488,0.1745329252,45.40844097,118.9690267,20,1,1,safe,
-0.3891347618,-0.2528024488,0.2617993878,45.40844097,118.9690267,30,1,1,safe,
-0.3891347618,-0.2528024488,0.3490658504,45.40844097,118.9690267,40,1,1,safe,
-0.3891347618,-0.2528024488,0.436332313,45.40844097,118.9690267,50,1,1,safe,
-0.3891347618,-0.2528024488,0.5235987756,45.40844097,118.9690267,60,1,1,safe,
-0.3891347618,-0.2528024488,0.6108652382,45.40844097,118.9690267,70,1,1,safe,
-0.3891347618,-0.2528024488,0.6981317008,45.40844097,118.9690267,80,1,1,safe,
-0.3891347618,-0.2528024488,0.7853981634,45.40844097,118.9690267,90,1,1,safe,
-0.3891347618,-0.2528024488,0.872664626,45.40844097,118.9690267,100,1,1,safe,
-0.3891347618,-0.2528024488,0.9599310886,45.40844097,118.9690267,110,1,1,safe,
-0.3891347618,-0.2528024488,1.047197551,45.40844097,118.9690267,120,1,1,safe,
-0.3891347618,-0.2528024488,1.134464014,45.40844097,118.9690267,130,1,1,safe,
-0.3891347618,-0.2528024488,1.221730476,45.40844097,118.9690267,140,1,1,safe,
-0.3891347618,-0.2528024488,1.308996939,45.40844097,118.9690267,150,1,1,safe,
-0.3891347618,-0.2528024488,1.396263402,45.40844097,118.9690267,160,1,1,safe,
-0.3891347618,-0.2528024488,1.483529864,45.40844097,118.9690267,170,1,1,safe,
-0.3891347618,-0.1655359862,0,45.40844097,108.9690267,0,1,1,safe,
-0.3891347618,-0.1655359862,0.0872664626,45.40844097,108.9690267,10,1,1,safe,
-0.3891347618,-0.1655359862,0.1745329252,45.40844097,108.9690267,20,1,1,safe,
-0.3891347618,-0.1655359862,0.2617993878,45.40844097,108.9690267,30,1,1,safe,
-0.3891347618,-0.1655359862,0.3490658504,45.40844097,108.9690267,40,1,1,safe,
-0.3891347618,-0.1655359862,0.436332313,45.40844097,108.9690267,50,1,1,safe,
-0.3891347618,-0.1655359862,0.5235987756,45.40844097,108.9690267,60,1,1,safe,
-0.3891347618,-0.1655359862,0.6108652382,45.40844097,108.9690267,70,1,1,safe,
-0.3891347618,-0.1655359862,0.6981317008,45.40844097,108.9690267,80,1,1,safe,
-0.3891347618,-0.1655359862,0.7853981634,45.40844097,108.9690267,90,1,1,safe,
-0.3891347618,-0.1655359862,0.872664626,45.40844097,108.9690267,100,1,1,safe,
-0.3891347618,-0.1655359862,0.9599310886,45.40844097,108.9690267,110,1,1,safe,
-0.3891347618,-0.1655359862,1.047197551,45.40844097,108.9690267,120,1,1,safe,
-0.3891347618,-0.1655359862,1.134464014,45.40844097,108.9690267,130,1,1,safe,
-0.3891347618,-0.1655359862,1.221730476,45.40844097,108.9690267,140,1,1,safe,
-0.3891347618,-0.1655359862,1.308996939,45.40844097,108.9690267,150,1,1,safe,
-0.3891347618,-0.1655359862,1.396263402,45.40844097,108.9690267,160,1,1,safe,
-0.3891347618,-0.1655359862,1.483529864,45.40844097,108.9690267,170,1,1,safe,
-0.3891347618,-0.0782695236,0,45.40844097,98.96902673,0,1,1,safe,
-0.3891347618,-0.0782695236,0.0872664626,45.40844097,98.96902673,10,1,1,safe,
-0.3891347618,-0.0782695236,0.1745329252,45.40844097,98.96902673,20,1,1,safe,
-0.3891347618,-0.0782695236,0.2617993878,45.40844097,98.96902673,30,1,1,safe,
-0.3891347618,-0.0782695236,0.3490658504,45.40844097,98.96902673,40,1,1,safe,
-0.3891347618,-0.0782695236,0.436332313,45.40844097,98.96902673,50,1,1,safe,
-0.3891347618,-0.0782695236,0.5235987756,45.40844097,98.96902673,60,1,1,safe,
-0.3891347618,-0.0782695236,0.6108652382,45.40844097,98.96902673,70,1,1,safe,
-0.3891347618,-0.0782695236,0.6981317008,45.40844097,98.96902673,80,1,1,safe,
-0.3891347618,-0.0782695236,0.7853981634,45.40844097,98.96902673,90,1,1,safe,
-0.3891347618,-0.0782695236,0.872664626,45.40844097,98.96902673,100,1,1,safe,
-0.3891347618,-0.0782695236,0.9599310886,45.40844097,98.96902673,110,1,1,safe,
-0.3891347618,-0.0782695236,1.047197551,45.40844097,98.96902673,120,1,1,safe,
-0.3891347618,-0.0782695236,1.134464014,45.40844097,98.96902673,130,1,1,safe,
-0.3891347618,-0.0782695236,1.221730476,45.40844097,98.96902673,140,1,1,safe,
-0.3891347618,-0.0782695236,1.308996939,45.40844097,98.96902673,150,1,1,safe,
-0.3891347618,-0.0782695236,1.396263402,45.40844097,98.96902673,160,1,1,safe,
-0.3891347618,-0.0782695236,1.483529864,45.40844097,98.96902673,170,1,1,safe,
-0.3891347618,0.008996939,0,45.40844097,88.96902673,0,1,1,safe,
-0.3891347618,0.008996939,0.0872664626,45.40844097,88.96902673,10,1,1,safe,
-0.3891347618,0.008996939,0.1745329252,45.40844097,88.96902673,20,1,1,safe,
-0.3891347618,0.008996939,0.2617993878,45.40844097,88.96902673,30,1,1,safe,
-0.3891347618,0.008996939,0.3490658504,45.40844097,88.96902673,40,1,1,safe,
-0.3891347618,0.008996939,0.436332313,45.40844097,88.96902673,50,1,1,safe,
-0.3891347618,0.008996939,0.5235987756,45.40844097,88.96902673,60,1,1,safe,
-0.3891347618,0.008996939,0.6108652382,45.40844097,88.96902673,70,1,1,safe,
-0.3891347618,0.008996939,0.6981317008,45.40844097,88.96902673,80,1,1,safe,
-0.3891347618,0.008996939,0.7853981634,45.40844097,88.96902673,90,1,1,safe,
-0.3891347618,0.008996939,0.872664626,45.40844097,88.96902673,100,1,1,safe,
-0.3891347618,0.008996939,0.9599310886,45.40844097,88.96902673,110,1,1,safe,
-0.3891347618,0.008996939,1.047197551,45.40844097,88.96902673,120,1,1,safe,
-0.3891347618,0.008996939,1.134464014,45.40844097,88.96902673,130,1,1,safe,
-0.3891347618,0.008996939,1.221730476,45.40844097,88.96902673,140,1,1,safe,
-0.3891347618,0.008996939,1.308996939,45.40844097,88.96902673,150,1,1,safe,
-0.3891347618,0.008996939,1.396263402,45.40844097,88.96902673,160,1,1,safe,
-0.3891347618,0.008996939,1.483529864,45.40844097,88.96902673,170,1,1,safe,
-0.3891347618,0.0962634016,0,45.40844097,78.96902673,0,1,1,safe,
-0.3891347618,0.0962634016,0.0872664626,45.40844097,78.96902673,10,1,1,safe,
-0.3891347618,0.0962634016,0.1745329252,45.40844097,78.96902673,20,1,1,safe,
-0.3891347618,0.0962634016,0.2617993878,45.40844097,78.96902673,30,1,1,safe,
-0.3891347618,0.0962634016,0.3490658504,45.40844097,78.96902673,40,1,1,safe,
-0.3891347618,0.0962634016,0.436332313,45.40844097,78.96902673,50,1,1,safe,
-0.3891347618,0.0962634016,0.5235987756,45.40844097,78.96902673,60,1,1,safe,
-0.3891347618,0.0962634016,0.6108652382,45.40844097,78.96902673,70,1,1,safe,
-0.3891347618,0.0962634016,0.6981317008,45.40844097,78.96902673,80,1,1,safe,
-0.3891347618,0.0962634016,0.7853981634,45.40844097,78.96902673,90,1,1,safe,
-0.3891347618,0.0962634016,0.872664626,45.40844097,78.96902673,100,1,1,safe,
-0.3891347618,0.0962634016,0.9599310886,45.40844097,78.96902673,110,1,1,safe,
-0.3891347618,0.0962634016,1.047197551,45.40844097,78.96902673,120,1,1,safe,
-0.3891347618,0.0962634016,1.134464014,45.40844097,78.96902673,130,1,1,safe,
-0.3891347618,0.0962634016,1.221730476,45.40844097,78.96902673,140,1,1,safe,
-0.3891347618,0.0962634016,1.308996939,45.40844097,78.96902673,150,1,1,safe,
-0.3891347618,0.0962634016,1.396263402,45.40844097,78.96902673,160,1,1,safe,
-0.3891347618,0.0962634016,1.483529864,45.40844097,78.96902673,170,1,1,safe,
-0.3891347618,0.1835298642,0,45.40844097,68.96902673,0,1,1,safe,
-0.3891347618,0.1835298642,0.0872664626,45.40844097,68.96902673,10,1,1,safe,
-0.3891347618,0.1835298642,0.1745329252,45.40844097,68.96902673,20,1,1,safe,
-0.3891347618,0.1835298642,0.2617993878,45.40844097,68.96902673,30,1,1,safe,
-0.3891347618,0.1835298642,0.3490658504,45.40844097,68.96902673,40,1,1,safe,
-0.3891347618,0.1835298642,0.436332313,45.40844097,68.96902673,50,1,1,safe,
-0.3891347618,0.1835298642,0.5235987756,45.40844097,68.96902673,60,1,1,safe,
-0.3891347618,0.1835298642,0.6108652382,45.40844097,68.96902673,70,1,1,safe,
-0.3891347618,0.1835298642,0.6981317008,45.40844097,68.96902673,80,1,1,safe,
-0.3891347618,0.1835298642,0.7853981634,45.40844097,68.96902673,90,1,1,safe,
-0.3891347618,0.1835298642,0.872664626,45.40844097,68.96902673,100,1,1,safe,
-0.3891347618,0.1835298642,0.9599310886,45.40844097,68.96902673,110,1,1,safe,
-0.3891347618,0.1835298642,1.047197551,45.40844097,68.96902673,120,1,1,safe,
-0.3891347618,0.1835298642,1.134464014,45.40844097,68.96902673,130,1,1,safe,
-0.3891347618,0.1835298642,1.221730476,45.40844097,68.96902673,140,1,1,safe,
-0.3891347618,0.1835298642,1.308996939,45.40844097,68.96902673,150,1,1,safe,
-0.3891347618,0.1835298642,1.396263402,45.40844097,68.96902673,160,1,1,safe,
-0.3891347618,0.1835298642,1.483529864,45.40844097,68.96902673,170,1,1,safe,
-0.3891347618,0.2707963268,0,45.40844097,58.96902673,0,1,1,safe,
-0.3891347618,0.2707963268,0.0872664626,45.40844097,58.96902673,10,1,1,safe,
-0.3891347618,0.2707963268,0.1745329252,45.40844097,58.96902673,20,1,1,safe,
-0.3891347618,0.2707963268,0.2617993878,45.40844097,58.96902673,30,1,1,safe,
-0.3891347618,0.2707963268,0.3490658504,45.40844097,58.96902673,40,1,1,safe,
-0.3891347618,0.2707963268,0.436332313,45.40844097,58.96902673,50,1,1,safe,
-0.3891347618,0.2707963268,0.5235987756,45.40844097,58.96902673,60,1,1,safe,
-0.3891347618,0.2707963268,0.6108652382,45.40844097,58.96902673,70,1,1,safe,
-0.3891347618,0.2707963268,0.6981317008,45.40844097,58.96902673,80,1,1,safe,
-0.3891347618,0.2707963268,0.7853981634,45.40844097,58.96902673,90,1,1,safe,
-0.3891347618,0.2707963268,0.872664626,45.40844097,58.96902673,100,1,1,safe,
-0.3891347618,0.2707963268,0.9599310886,45.40844097,58.96902673,110,1,1,safe,
-0.3891347618,0.2707963268,1.047197551,45.40844097,58.96902673,120,1,1,safe,
-0.3891347618,0.2707963268,1.134464014,45.40844097,58.96902673,130,1,1,safe,
-0.3891347618,0.2707963268,1.221730476,45.40844097,58.96902673,140,1,1,safe,
-0.3891347618,0.2707963268,1.308996939,45.40844097,58.96902673,150,1,1,safe,
-0.3891347618,0.2707963268,1.396263402,45.40844097,58.96902673,160,1,1,safe,
-0.3891347618,0.2707963268,1.483529864,45.40844097,58.96902673,170,1,1,safe,
-0.3891347618,0.3580627894,0,45.40844097,48.96902673,0,1,1,safe,
-0.3891347618,0.3580627894,0.0872664626,45.40844097,48.96902673,10,1,1,safe,
-0.3891347618,0.3580627894,0.1745329252,45.40844097,48.96902673,20,1,1,safe,
-0.3891347618,0.3580627894,0.2617993878,45.40844097,48.96902673,30,1,1,safe,
-0.3891347618,0.3580627894,0.3490658504,45.40844097,48.96902673,40,1,1,safe,
-0.3891347618,0.3580627894,0.436332313,45.40844097,48.96902673,50,1,1,safe,
-0.3891347618,0.3580627894,0.5235987756,45.40844097,48.96902673,60,1,1,safe,
-0.3891347618,0.3580627894,0.6108652382,45.40844097,48.96902673,70,1,1,safe,
-0.3891347618,0.3580627894,0.6981317008,45.40844097,48.96902673,80,1,1,safe,
-0.3891347618,0.3580627894,0.7853981634,45.40844097,48.96902673,90,1,1,safe,
-0.3891347618,0.3580627894,0.872664626,45.40844097,48.96902673,100,1,1,safe,
-0.3891347618,0.3580627894,0.9599310886,45.40844097,48.96902673,110,1,1,safe,
-0.3891347618,0.3580627894,1.047197551,45.40844097,48.96902673,120,1,1,safe,
-0.3891347618,0.3580627894,1.134464014,45.40844097,48.96902673,130,1,1,safe,
-0.3891347618,0.3580627894,1.221730476,45.40844097,48.96902673,140,1,1,safe,
-0.3891347618,0.3580627894,1.308996939,45.40844097,48.96902673,150,1,1,safe,
-0.3891347618,0.3580627894,1.396263402,45.40844097,48.96902673,160,1,1,safe,
-0.3891347618,0.3580627894,1.483529864,45.40844097,48.96902673,170,1,1,safe,
-0.3891347618,0.445329252,0,45.40844097,38.96902673,0,1,1,safe,
-0.3891347618,0.445329252,0.0872664626,45.40844097,38.96902673,10,1,1,safe,
-0.3891347618,0.445329252,0.1745329252,45.40844097,38.96902673,20,1,1,safe,
-0.3891347618,0.445329252,0.2617993878,45.40844097,38.96902673,30,1,1,safe,
-0.3891347618,0.445329252,0.3490658504,45.40844097,38.96902673,40,1,1,safe,
-0.3891347618,0.445329252,0.436332313,45.40844097,38.96902673,50,1,1,safe,
-0.3891347618,0.445329252,0.5235987756,45.40844097,38.96902673,60,1,1,safe,
-0.3891347618,0.445329252,0.6108652382,45.40844097,38.96902673,70,1,1,safe,
-0.3891347618,0.445329252,0.6981317008,45.40844097,38.96902673,80,1,1,safe,
-0.3891347618,0.445329252,0.7853981634,45.40844097,38.96902673,90,1,1,safe,
-0.3891347618,0.445329252,0.872664626,45.40844097,38.96902673,100,1,1,safe,
-0.3891347618,0.445329252,0.9599310886,45.40844097,38.96902673,110,1,1,safe,
-0.3891347618,0.445329252,1.047197551,45.40844097,38.96902673,120,1,1,safe,
-0.3891347618,0.445329252,1.134464014,45.40844097,38.96902673,130,1,1,safe,
-0.3891347618,0.445329252,1.221730476,45.40844097,38.96902673,140,1,1,safe,
-0.3891347618,0.445329252,1.308996939,45.40844097,38.96902673,150,1,1,safe,
-0.3891347618,0.445329252,1.396263402,45.40844097,38.96902673,160,1,1,safe,
-0.3891347618,0.445329252,1.483529864,45.40844097,38.96902673,170,1,1,safe,
-0.3891347618,0.5325957146,0,45.40844097,28.96902673,0,1,1,safe,
-0.3891347618,0.5325957146,0.0872664626,45.40844097,28.96902673,10,1,1,safe,
-0.3891347618,0.5325957146,0.1745329252,45.40844097,28.96902673,20,1,1,safe,
-0.3891347618,0.5325957146,0.2617993878,45.40844097,28.96902673,30,1,1,safe,
-0.3891347618,0.5325957146,0.3490658504,45.40844097,28.96902673,40,1,1,safe,
-0.3891347618,0.5325957146,0.436332313,45.40844097,28.96902673,50,1,1,safe,
-0.3891347618,0.5325957146,0.5235987756,45.40844097,28.96902673,60,1,1,safe,
-0.3891347618,0.5325957146,0.6108652382,45.40844097,28.96902673,70,1,1,safe,
-0.3891347618,0.5325957146,0.6981317008,45.40844097,28.96902673,80,1,1,safe,
-0.3891347618,0.5325957146,0.7853981634,45.40844097,28.96902673,90,1,1,safe,
-0.3891347618,0.5325957146,0.872664626,45.40844097,28.96902673,100,1,1,safe,
-0.3891347618,0.5325957146,0.9599310886,45.40844097,28.96902673,110,1,1,safe,
-0.3891347618,0.5325957146,1.047197551,45.40844097,28.96902673,120,1,1,safe,
-0.3891347618,0.5325957146,1.134464014,45.40844097,28.96902673,130,1,1,safe,
-0.3891347618,0.5325957146,1.221730476,45.40844097,28.96902673,140,1,1,safe,
-0.3891347618,0.5325957146,1.308996939,45.40844097,28.96902673,150,1,1,safe,
-0.3891347618,0.5325957146,1.396263402,45.40844097,28.96902673,160,1,1,safe,
-0.3891347618,0.5325957146,1.483529864,45.40844097,28.96902673,170,1,1,safe,
-0.3891347618,0.6198621772,0,45.40844097,18.96902673,0,1,1,safe,
-0.3891347618,0.6198621772,0.0872664626,45.40844097,18.96902673,10,1,1,safe,
-0.3891347618,0.6198621772,0.1745329252,45.40844097,18.96902673,20,1,1,safe,
-0.3891347618,0.6198621772,0.2617993878,45.40844097,18.96902673,30,1,1,safe,
-0.3891347618,0.6198621772,0.3490658504,45.40844097,18.96902673,40,1,1,safe,
-0.3891347618,0.6198621772,0.436332313,45.40844097,18.96902673,50,1,1,safe,
-0.3891347618,0.6198621772,0.5235987756,45.40844097,18.96902673,60,1,1,safe,
-0.3891347618,0.6198621772,0.6108652382,45.40844097,18.96902673,70,1,1,safe,
-0.3891347618,0.6198621772,0.6981317008,45.40844097,18.96902673,80,1,1,safe,
-0.3891347618,0.6198621772,0.7853981634,45.40844097,18.96902673,90,1,1,safe,
-0.3891347618,0.6198621772,0.872664626,45.40844097,18.96902673,100,1,1,safe,
-0.3891347618,0.6198621772,0.9599310886,45.40844097,18.96902673,110,1,1,safe,
-0.3891347618,0.6198621772,1.047197551,45.40844097,18.96902673,120,1,1,safe,
-0.3891347618,0.6198621772,1.134464014,45.40844097,18.96902673,130,1,1,safe,
-0.3891347618,0.6198621772,1.221730476,45.40844097,18.96902673,140,1,1,safe,
-0.3891347618,0.6198621772,1.308996939,45.40844097,18.96902673,150,1,1,safe,
-0.3891347618,0.6198621772,1.396263402,45.40844097,18.96902673,160,1,1,safe,
-0.3891347618,0.6198621772,1.483529864,45.40844097,18.96902673,170,1,1,safe,
-0.3891347618,0.7071286398,0,45.40844097,8.969026733,0,1,1,safe,
-0.3891347618,0.7071286398,0.0872664626,45.40844097,8.969026733,10,1,1,safe,
-0.3891347618,0.7071286398,0.1745329252,45.40844097,8.969026733,20,1,1,safe,
-0.3891347618,0.7071286398,0.2617993878,45.40844097,8.969026733,30,1,1,safe,
-0.3891347618,0.7071286398,0.3490658504,45.40844097,8.969026733,40,1,1,safe,
-0.3891347618,0.7071286398,0.436332313,45.40844097,8.969026733,50,1,1,safe,
-0.3891347618,0.7071286398,0.5235987756,45.40844097,8.969026733,60,1,1,safe,
-0.3891347618,0.7071286398,0.6108652382,45.40844097,8.969026733,70,1,1,safe,
-0.3891347618,0.7071286398,0.6981317008,45.40844097,8.969026733,80,1,1,safe,
-0.3891347618,0.7071286398,0.7853981634,45.40844097,8.969026733,90,1,1,safe,
-0.3891347618,0.7071286398,0.872664626,45.40844097,8.969026733,100,1,1,safe,
-0.3891347618,0.7071286398,0.9599310886,45.40844097,8.969026733,110,1,1,safe,
-0.3891347618,0.7071286398,1.047197551,45.40844097,8.969026733,120,1,1,safe,
-0.3891347618,0.7071286398,1.134464014,45.40844097,8.969026733,130,1,1,safe,
-0.3891347618,0.7071286398,1.221730476,45.40844097,8.969026733,140,1,1,safe,
-0.3891347618,0.7071286398,1.308996939,45.40844097,8.969026733,150,1,1,safe,
-0.3891347618,0.7071286398,1.396263402,45.40844097,8.969026733,160,1,1,safe,
-0.3891347618,0.7071286398,1.483529864,45.40844097,8.969026733,170,1,1,safe,
-0.3018682992,-0.6018682992,0,55.40844097,158.9690267,0,1,1,safe,
-0.3018682992,-0.6018682992,0.0872664626,55.40844097,158.9690267,10,1,1,safe,
-0.3018682992,-0.6018682992,0.1745329252,55.40844097,158.9690267,20,1,1,safe,
-0.3018682992,-0.6018682992,0.2617993878,55.40844097,158.9690267,30,1,1,safe,
-0.3018682992,-0.6018682992,0.3490658504,55.40844097,158.9690267,40,1,1,safe,
-0.3018682992,-0.5146018366,0,55.40844097,148.9690267,0,1,1,safe,
-0.3018682992,-0.5146018366,0.0872664626,55.40844097,148.9690267,10,1,1,safe,
-0.3018682992,-0.5146018366,0.1745329252,55.40844097,148.9690267,20,1,1,safe,
-0.3018682992,-0.5146018366,0.2617993878,55.40844097,148.9690267,30,1,1,safe,
-0.3018682992,-0.5146018366,0.3490658504,55.40844097,148.9690267,40,1,1,safe,
-0.3018682992,-0.5146018366,0.436332313,55.40844097,148.9690267,50,1,1,safe,
-0.3018682992,-0.5146018366,0.5235987756,55.40844097,148.9690267,60,1,1,safe,
-0.3018682992,-0.5146018366,0.6108652382,55.40844097,148.9690267,70,1,1,safe,
-0.3018682992,-0.5146018366,0.6981317008,55.40844097,148.9690267,80,1,1,safe,
-0.3018682992,-0.5146018366,0.7853981634,55.40844097,148.9690267,90,1,1,safe,
-0.3018682992,-0.5146018366,0.872664626,55.40844097,148.9690267,100,1,1,safe,
-0.3018682992,-0.5146018366,0.9599310886,55.40844097,148.9690267,110,1,1,safe,
-0.3018682992,-0.5146018366,1.047197551,55.40844097,148.9690267,120,1,1,safe,
-0.3018682992,-0.5146018366,1.134464014,55.40844097,148.9690267,130,1,1,safe,
-0.3018682992,-0.5146018366,1.221730476,55.40844097,148.9690267,140,1,1,safe,
-0.3018682992,-0.5146018366,1.308996939,55.40844097,148.9690267,150,1,1,safe,
-0.3018682992,-0.5146018366,1.396263402,55.40844097,148.9690267,160,1,1,safe,
-0.3018682992,-0.5146018366,1.483529864,55.40844097,148.9690267,170,1,1,safe,
-0.3018682992,-0.427335374,0,55.40844097,138.9690267,0,1,1,safe,
-0.3018682992,-0.427335374,0.0872664626,55.40844097,138.9690267,10,1,1,safe,
-0.3018682992,-0.427335374,0.1745329252,55.40844097,138.9690267,20,1,1,safe,
-0.3018682992,-0.427335374,0.2617993878,55.40844097,138.9690267,30,1,1,safe,
-0.3018682992,-0.427335374,0.3490658504,55.40844097,138.9690267,40,1,1,safe,
-0.3018682992,-0.427335374,0.436332313,55.40844097,138.9690267,50,1,1,safe,
-0.3018682992,-0.427335374,0.5235987756,55.40844097,138.9690267,60,1,1,safe,
-0.3018682992,-0.427335374,0.6108652382,55.40844097,138.9690267,70,1,1,safe,
-0.3018682992,-0.427335374,0.6981317008,55.40844097,138.9690267,80,1,1,safe,
-0.3018682992,-0.427335374,0.7853981634,55.40844097,138.9690267,90,1,1,safe,
-0.3018682992,-0.427335374,0.872664626,55.40844097,138.9690267,100,1,1,safe,
-0.3018682992,-0.427335374,0.9599310886,55.40844097,138.9690267,110,1,1,safe,
-0.3018682992,-0.427335374,1.047197551,55.40844097,138.9690267,120,1,1,safe,
-0.3018682992,-0.427335374,1.134464014,55.40844097,138.9690267,130,1,1,safe,
-0.3018682992,-0.427335374,1.221730476,55.40844097,138.9690267,140,1,1,safe,
-0.3018682992,-0.427335374,1.308996939,55.40844097,138.9690267,150,1,1,safe,
-0.3018682992,-0.427335374,1.396263402,55.40844097,138.9690267,160,1,1,safe,
-0.3018682992,-0.427335374,1.483529864,55.40844097,138.9690267,170,1,1,safe,
-0.3018682992,-0.3400689114,0,55.40844097,128.9690267,0,1,1,safe,
-0.3018682992,-0.3400689114,0.0872664626,55.40844097,128.9690267,10,1,1,safe,
-0.3018682992,-0.3400689114,0.1745329252,55.40844097,128.9690267,20,1,1,safe,
-0.3018682992,-0.3400689114,0.2617993878,55.40844097,128.9690267,30,1,1,safe,
-0.3018682992,-0.3400689114,0.3490658504,55.40844097,128.9690267,40,1,1,safe,
-0.3018682992,-0.3400689114,0.436332313,55.40844097,128.9690267,50,1,1,safe,
-0.3018682992,-0.3400689114,0.5235987756,55.40844097,128.9690267,60,1,1,safe,
-0.3018682992,-0.3400689114,0.6108652382,55.40844097,128.9690267,70,1,1,safe,
-0.3018682992,-0.3400689114,0.6981317008,55.40844097,128.9690267,80,1,1,safe,
-0.3018682992,-0.3400689114,0.7853981634,55.40844097,128.9690267,90,1,1,safe,
-0.3018682992,-0.3400689114,0.872664626,55.40844097,128.9690267,100,1,1,safe,
-0.3018682992,-0.3400689114,0.9599310886,55.40844097,128.9690267,110,1,1,safe,
-0.3018682992,-0.3400689114,1.047197551,55.40844097,128.9690267,120,1,1,safe,
-0.3018682992,-0.3400689114,1.134464014,55.40844097,128.9690267,130,1,1,safe,
-0.3018682992,-0.3400689114,1.221730476,55.40844097,128.9690267,140,1,1,safe,
-0.3018682992,-0.3400689114,1.308996939,55.40844097,128.9690267,150,1,1,safe,
-0.3018682992,-0.3400689114,1.396263402,55.40844097,128.9690267,160,1,1,safe,
-0.3018682992,-0.3400689114,1.483529864,55.40844097,128.9690267,170,1,1,safe,
-0.3018682992,-0.2528024488,0,55.40844097,118.9690267,0,1,1,safe,
-0.3018682992,-0.2528024488,0.0872664626,55.40844097,118.9690267,10,1,1,safe,
-0.3018682992,-0.2528024488,0.1745329252,55.40844097,118.9690267,20,1,1,safe,
-0.3018682992,-0.2528024488,0.2617993878,55.40844097,118.9690267,30,1,1,safe,
-0.3018682992,-0.2528024488,0.3490658504,55.40844097,118.9690267,40,1,1,safe,
-0.3018682992,-0.2528024488,0.436332313,55.40844097,118.9690267,50,1,1,safe,
-0.3018682992,-0.2528024488,0.5235987756,55.40844097,118.9690267,60,1,1,safe,
-0.3018682992,-0.2528024488,0.6108652382,55.40844097,118.9690267,70,1,1,safe,
-0.3018682992,-0.2528024488,0.6981317008,55.40844097,118.9690267,80,1,1,safe,
-0.3018682992,-0.2528024488,0.7853981634,55.40844097,118.9690267,90,1,1,safe,
-0.3018682992,-0.2528024488,0.872664626,55.40844097,118.9690267,100,1,1,safe,
-0.3018682992,-0.2528024488,0.9599310886,55.40844097,118.9690267,110,1,1,safe,
-0.3018682992,-0.2528024488,1.047197551,55.40844097,118.9690267,120,1,1,safe,
-0.3018682992,-0.2528024488,1.134464014,55.40844097,118.9690267,130,1,1,safe,
-0.3018682992,-0.2528024488,1.221730476,55.40844097,118.9690267,140,1,1,safe,
-0.3018682992,-0.2528024488,1.308996939,55.40844097,118.9690267,150,1,1,safe,
-0.3018682992,-0.2528024488,1.396263402,55.40844097,118.9690267,160,1,1,safe,
-0.3018682992,-0.2528024488,1.483529864,55.40844097,118.9690267,170,1,1,safe,
-0.3018682992,-0.1655359862,0,55.40844097,108.9690267,0,1,1,safe,
-0.3018682992,-0.1655359862,0.0872664626,55.40844097,108.9690267,10,1,1,safe,
-0.3018682992,-0.1655359862,0.1745329252,55.40844097,108.9690267,20,1,1,safe,
-0.3018682992,-0.1655359862,0.2617993878,55.40844097,108.9690267,30,1,1,safe,
-0.3018682992,-0.1655359862,0.3490658504,55.40844097,108.9690267,40,1,1,safe,
-0.3018682992,-0.1655359862,0.436332313,55.40844097,108.9690267,50,1,1,safe,
-0.3018682992,-0.1655359862,0.5235987756,55.40844097,108.9690267,60,1,1,safe,
-0.3018682992,-0.1655359862,0.6108652382,55.40844097,108.9690267,70,1,1,safe,
-0.3018682992,-0.1655359862,0.6981317008,55.40844097,108.9690267,80,1,1,safe,
-0.3018682992,-0.1655359862,0.7853981634,55.40844097,108.9690267,90,1,1,safe,
-0.3018682992,-0.1655359862,0.872664626,55.40844097,108.9690267,100,1,1,safe,
-0.3018682992,-0.1655359862,0.9599310886,55.40844097,108.9690267,110,1,1,safe,
-0.3018682992,-0.1655359862,1.047197551,55.40844097,108.9690267,120,1,1,safe,
-0.3018682992,-0.1655359862,1.134464014,55.40844097,108.9690267,130,1,1,safe,
-0.3018682992,-0.1655359862,1.221730476,55.40844097,108.9690267,140,1,1,safe,
-0.3018682992,-0.1655359862,1.308996939,55.40844097,108.9690267,150,1,1,safe,
-0.3018682992,-0.1655359862,1.396263402,55.40844097,108.9690267,160,1,1,safe,
-0.3018682992,-0.1655359862,1.483529864,55.40844097,108.9690267,170,1,1,safe,
-0.3018682992,-0.0782695236,0,55.40844097,98.96902673,0,1,1,safe,
-0.3018682992,-0.0782695236,0.0872664626,55.40844097,98.96902673,10,1,1,safe,
-0.3018682992,-0.0782695236,0.1745329252,55.40844097,98.96902673,20,1,1,safe,
-0.3018682992,-0.0782695236,0.2617993878,55.40844097,98.96902673,30,1,1,safe,
-0.3018682992,-0.0782695236,0.3490658504,55.40844097,98.96902673,40,1,1,safe,
-0.3018682992,-0.0782695236,0.436332313,55.40844097,98.96902673,50,1,1,safe,
-0.3018682992,-0.0782695236,0.5235987756,55.40844097,98.96902673,60,1,1,safe,
-0.3018682992,-0.0782695236,0.6108652382,55.40844097,98.96902673,70,1,1,safe,
-0.3018682992,-0.0782695236,0.6981317008,55.40844097,98.96902673,80,1,1,safe,
-0.3018682992,-0.0782695236,0.7853981634,55.40844097,98.96902673,90,1,1,safe,
-0.3018682992,-0.0782695236,0.872664626,55.40844097,98.96902673,100,1,1,safe,
-0.3018682992,-0.0782695236,0.9599310886,55.40844097,98.96902673,110,1,1,safe,
-0.3018682992,-0.0782695236,1.047197551,55.40844097,98.96902673,120,1,1,safe,
-0.3018682992,-0.0782695236,1.134464014,55.40844097,98.96902673,130,1,1,safe,
-0.3018682992,-0.0782695236,1.221730476,55.40844097,98.96902673,140,1,1,safe,
-0.3018682992,-0.0782695236,1.308996939,55.40844097,98.96902673,150,1,1,safe,
-0.3018682992,-0.0782695236,1.396263402,55.40844097,98.96902673,160,1,1,safe,
-0.3018682992,-0.0782695236,1.483529864,55.40844097,98.96902673,170,1,1,safe,
-0.3018682992,0.008996939,0,55.40844097,88.96902673,0,1,1,safe,
-0.3018682992,0.008996939,0.0872664626,55.40844097,88.96902673,10,1,1,safe,
-0.3018682992,0.008996939,0.1745329252,55.40844097,88.96902673,20,1,1,safe,
-0.3018682992,0.008996939,0.2617993878,55.40844097,88.96902673,30,1,1,safe,
-0.3018682992,0.008996939,0.3490658504,55.40844097,88.96902673,40,1,1,safe,
-0.3018682992,0.008996939,0.436332313,55.40844097,88.96902673,50,1,1,safe,
-0.3018682992,0.008996939,0.5235987756,55.40844097,88.96902673,60,1,1,safe,
-0.3018682992,0.008996939,0.6108652382,55.40844097,88.96902673,70,1,1,safe,
-0.3018682992,0.008996939,0.6981317008,55.40844097,88.96902673,80,1,1,safe,
-0.3018682992,0.008996939,0.7853981634,55.40844097,88.96902673,90,1,1,safe,
-0.3018682992,0.008996939,0.872664626,55.40844097,88.96902673,100,1,1,safe,
-0.3018682992,0.008996939,0.9599310886,55.40844097,88.96902673,110,1,1,safe,
-0.3018682992,0.008996939,1.047197551,55.40844097,88.96902673,120,1,1,safe,
-0.3018682992,0.008996939,1.134464014,55.40844097,88.96902673,130,1,1,safe,
-0.3018682992,0.008996939,1.221730476,55.40844097,88.96902673,140,1,1,safe,
-0.3018682992,0.008996939,1.308996939,55.40844097,88.96902673,150,1,1,safe,
-0.3018682992,0.008996939,1.396263402,55.40844097,88.96902673,160,1,1,safe,
-0.3018682992,0.008996939,1.483529864,55.40844097,88.96902673,170,1,1,safe,
-0.3018682992,0.0962634016,0,55.40844097,78.96902673,0,1,1,safe,
-0.3018682992,0.0962634016,0.0872664626,55.40844097,78.96902673,10,1,1,safe,
-0.3018682992,0.0962634016,0.1745329252,55.40844097,78.96902673,20,1,1,safe,
-0.3018682992,0.0962634016,0.2617993878,55.40844097,78.96902673,30,1,1,safe,
-0.3018682992,0.0962634016,0.3490658504,55.40844097,78.96902673,40,1,1,safe,
-0.3018682992,0.0962634016,0.436332313,55.40844097,78.96902673,50,1,1,safe,
-0.3018682992,0.0962634016,0.5235987756,55.40844097,78.96902673,60,1,1,safe,
-0.3018682992,0.0962634016,0.6108652382,55.40844097,78.96902673,70,1,1,safe,
-0.3018682992,0.0962634016,0.6981317008,55.40844097,78.96902673,80,1,1,safe,
-0.3018682992,0.0962634016,0.7853981634,55.40844097,78.96902673,90,1,1,safe,
-0.3018682992,0.0962634016,0.872664626,55.40844097,78.96902673,100,1,1,safe,
-0.3018682992,0.0962634016,0.9599310886,55.40844097,78.96902673,110,1,1,safe,
-0.3018682992,0.0962634016,1.047197551,55.40844097,78.96902673,120,1,1,safe,
-0.3018682992,0.0962634016,1.134464014,55.40844097,78.96902673,130,1,1,safe,
-0.3018682992,0.0962634016,1.221730476,55.40844097,78.96902673,140,1,1,safe,
-0.3018682992,0.0962634016,1.308996939,55.40844097,78.96902673,150,1,1,safe,
-0.3018682992,0.0962634016,1.396263402,55.40844097,78.96902673,160,1,1,safe,
-0.3018682992,0.0962634016,1.483529864,55.40844097,78.96902673,170,1,1,safe,
-0.3018682992,0.1835298642,0,55.40844097,68.96902673,0,1,1,safe,
-0.3018682992,0.1835298642,0.0872664626,55.40844097,68.96902673,10,1,1,safe,
-0.3018682992,0.1835298642,0.1745329252,55.40844097,68.96902673,20,1,1,safe,
-0.3018682992,0.1835298642,0.2617993878,55.40844097,68.96902673,30,1,1,safe,
-0.3018682992,0.1835298642,0.3490658504,55.40844097,68.96902673,40,1,1,safe,
-0.3018682992,0.1835298642,0.436332313,55.40844097,68.96902673,50,1,1,safe,
-0.3018682992,0.1835298642,0.5235987756,55.40844097,68.96902673,60,1,1,safe,
-0.3018682992,0.1835298642,0.6108652382,55.40844097,68.96902673,70,1,1,safe,
-0.3018682992,0.1835298642,0.6981317008,55.40844097,68.96902673,80,1,1,safe,
-0.3018682992,0.1835298642,0.7853981634,55.40844097,68.96902673,90,1,1,safe,
-0.3018682992,0.1835298642,0.872664626,55.40844097,68.96902673,100,1,1,safe,
-0.3018682992,0.1835298642,0.9599310886,55.40844097,68.96902673,110,1,1,safe,
-0.3018682992,0.1835298642,1.047197551,55.40844097,68.96902673,120,1,1,safe,
-0.3018682992,0.1835298642,1.134464014,55.40844097,68.96902673,130,1,1,safe,
-0.3018682992,0.1835298642,1.221730476,55.40844097,68.96902673,140,1,1,safe,
-0.3018682992,0.1835298642,1.308996939,55.40844097,68.96902673,150,1,1,safe,
-0.3018682992,0.1835298642,1.396263402,55.40844097,68.96902673,160,1,1,safe,
-0.3018682992,0.1835298642,1.483529864,55.40844097,68.96902673,170,1,1,safe,
-0.3018682992,0.2707963268,0,55.40844097,58.96902673,0,1,1,safe,
-0.3018682992,0.2707963268,0.0872664626,55.40844097,58.96902673,10,1,1,safe,
-0.3018682992,0.2707963268,0.1745329252,55.40844097,58.96902673,20,1,1,safe,
-0.3018682992,0.2707963268,0.2617993878,55.40844097,58.96902673,30,1,1,safe,
-0.3018682992,0.2707963268,0.3490658504,55.40844097,58.96902673,40,1,1,safe,
-0.3018682992,0.2707963268,0.436332313,55.40844097,58.96902673,50,1,1,safe,
-0.3018682992,0.2707963268,0.5235987756,55.40844097,58.96902673,60,1,1,safe,
-0.3018682992,0.2707963268,0.6108652382,55.40844097,58.96902673,70,1,1,safe,
-0.3018682992,0.2707963268,0.6981317008,55.40844097,58.96902673,80,1,1,safe,
-0.3018682992,0.2707963268,0.7853981634,55.40844097,58.96902673,90,1,1,safe,
-0.3018682992,0.2707963268,0.872664626,55.40844097,58.96902673,100,1,1,safe,
-0.3018682992,0.2707963268,0.9599310886,55.40844097,58.96902673,110,1,1,safe,
-0.3018682992,0.2707963268,1.047197551,55.40844097,58.96902673,120,1,1,safe,
-0.3018682992,0.2707963268,1.134464014,55.40844097,58.96902673,130,1,1,safe,
-0.3018682992,0.2707963268,1.221730476,55.40844097,58.96902673,140,1,1,safe,
-0.3018682992,0.2707963268,1.308996939,55.40844097,58.96902673,150,1,1,safe,
-0.3018682992,0.2707963268,1.396263402,55.40844097,58.96902673,160,1,1,safe,
-0.3018682992,0.2707963268,1.483529864,55.40844097,58.96902673,170,1,1,safe,
-0.3018682992,0.3580627894,0,55.40844097,48.96902673,0,1,1,safe,
-0.3018682992,0.3580627894,0.0872664626,55.40844097,48.96902673,10,1,1,safe,
-0.3018682992,0.3580627894,0.1745329252,55.40844097,48.96902673,20,1,1,safe,
-0.3018682992,0.3580627894,0.2617993878,55.40844097,48.96902673,30,1,1,safe,
-0.3018682992,0.3580627894,0.3490658504,55.40844097,48.96902673,40,1,1,safe,
-0.3018682992,0.3580627894,0.436332313,55.40844097,48.96902673,50,1,1,safe,
-0.3018682992,0.3580627894,0.5235987756,55.40844097,48.96902673,60,1,1,safe,
-0.3018682992,0.3580627894,0.6108652382,55.40844097,48.96902673,70,1,1,safe,
-0.3018682992,0.3580627894,0.6981317008,55.40844097,48.96902673,80,1,1,safe,
-0.3018682992,0.3580627894,0.7853981634,55.40844097,48.96902673,90,1,1,safe,
-0.3018682992,0.3580627894,0.872664626,55.40844097,48.96902673,100,1,1,safe,
-0.3018682992,0.3580627894,0.9599310886,55.40844097,48.96902673,110,1,1,safe,
-0.3018682992,0.3580627894,1.047197551,55.40844097,48.96902673,120,1,1,safe,
-0.3018682992,0.3580627894,1.134464014,55.40844097,48.96902673,130,1,1,safe,
-0.3018682992,0.3580627894,1.221730476,55.40844097,48.96902673,140,1,1,safe,
-0.3018682992,0.3580627894,1.308996939,55.40844097,48.96902673,150,1,1,safe,
-0.3018682992,0.3580627894,1.396263402,55.40844097,48.96902673,160,1,1,safe,
-0.3018682992,0.3580627894,1.483529864,55.40844097,48.96902673,170,1,1,safe,
-0.3018682992,0.445329252,0,55.40844097,38.96902673,0,1,1,safe,
-0.3018682992,0.445329252,0.0872664626,55.40844097,38.96902673,10,1,1,safe,
-0.3018682992,0.445329252,0.1745329252,55.40844097,38.96902673,20,1,1,safe,
-0.3018682992,0.445329252,0.2617993878,55.40844097,38.96902673,30,1,1,safe,
-0.3018682992,0.445329252,0.3490658504,55.40844097,38.96902673,40,1,1,safe,
-0.3018682992,0.445329252,0.436332313,55.40844097,38.96902673,50,1,1,safe,
-0.3018682992,0.445329252,0.5235987756,55.40844097,38.96902673,60,1,1,safe,
-0.3018682992,0.445329252,0.6108652382,55.40844097,38.96902673,70,1,1,safe,
-0.3018682992,0.445329252,0.6981317008,55.40844097,38.96902673,80,1,1,safe,
-0.3018682992,0.445329252,0.7853981634,55.40844097,38.96902673,90,1,1,safe,
-0.3018682992,0.445329252,0.872664626,55.40844097,38.96902673,100,1,1,safe,
-0.3018682992,0.445329252,0.9599310886,55.40844097,38.96902673,110,1,1,safe,
-0.3018682992,0.445329252,1.047197551,55.40844097,38.96902673,120,1,1,safe,
-0.3018682992,0.445329252,1.134464014,55.40844097,38.96902673,130,1,1,safe,
-0.3018682992,0.445329252,1.221730476,55.40844097,38.96902673,140,1,1,safe,
-0.3018682992,0.445329252,1.308996939,55.40844097,38.96902673,150,1,1,safe,
-0.3018682992,0.445329252,1.396263402,55.40844097,38.96902673,160,1,1,safe,
-0.3018682992,0.445329252,1.483529864,55.40844097,38.96902673,170,1,1,safe,
-0.3018682992,0.5325957146,0,55.40844097,28.96902673,0,1,1,safe,
-0.3018682992,0.5325957146,0.0872664626,55.40844097,28.96902673,10,1,1,safe,
-0.3018682992,0.5325957146,0.1745329252,55.40844097,28.96902673,20,1,1,safe,
-0.3018682992,0.5325957146,0.2617993878,55.40844097,28.96902673,30,1,1,safe,
-0.3018682992,0.5325957146,0.3490658504,55.40844097,28.96902673,40,1,1,safe,
-0.3018682992,0.5325957146,0.436332313,55.40844097,28.96902673,50,1,1,safe,
-0.3018682992,0.5325957146,0.5235987756,55.40844097,28.96902673,60,1,1,safe,
-0.3018682992,0.5325957146,0.6108652382,55.40844097,28.96902673,70,1,1,safe,
-0.3018682992,0.5325957146,0.6981317008,55.40844097,28.96902673,80,1,1,safe,
-0.3018682992,0.5325957146,0.7853981634,55.40844097,28.96902673,90,1,1,safe,
-0.3018682992,0.5325957146,0.872664626,55.40844097,28.96902673,100,1,1,safe,
-0.3018682992,0.5325957146,0.9599310886,55.40844097,28.96902673,110,1,1,safe,
-0.3018682992,0.5325957146,1.047197551,55.40844097,28.96902673,120,1,1,safe,
-0.3018682992,0.5325957146,1.134464014,55.40844097,28.96902673,130,1,1,safe,
-0.3018682992,0.5325957146,1.221730476,55.40844097,28.96902673,140,1,1,safe,
-0.3018682992,0.5325957146,1.308996939,55.40844097,28.96902673,150,1,1,safe,
-0.3018682992,0.5325957146,1.396263402,55.40844097,28.96902673,160,1,1,safe,
-0.3018682992,0.5325957146,1.483529864,55.40844097,28.96902673,170,1,1,safe,
-0.3018682992,0.6198621772,0,55.40844097,18.96902673,0,1,1,safe,
-0.3018682992,0.6198621772,0.0872664626,55.40844097,18.96902673,10,1,1,safe,
-0.3018682992,0.6198621772,0.1745329252,55.40844097,18.96902673,20,1,1,safe,
-0.3018682992,0.6198621772,0.2617993878,55.40844097,18.96902673,30,1,1,safe,
-0.3018682992,0.6198621772,0.3490658504,55.40844097,18.96902673,40,1,1,safe,
-0.3018682992,0.6198621772,0.436332313,55.40844097,18.96902673,50,1,1,safe,
-0.3018682992,0.6198621772,0.5235987756,55.40844097,18.96902673,60,1,1,safe,
-0.3018682992,0.6198621772,0.6108652382,55.40844097,18.96902673,70,1,1,safe,
-0.3018682992,0.6198621772,0.6981317008,55.40844097,18.96902673,80,1,1,safe,
-0.3018682992,0.6198621772,0.7853981634,55.40844097,18.96902673,90,1,1,safe,
-0.3018682992,0.6198621772,0.872664626,55.40844097,18.96902673,100,1,1,safe,
-0.3018682992,0.6198621772,0.9599310886,55.40844097,18.96902673,110,1,1,safe,
-0.3018682992,0.6198621772,1.047197551,55.40844097,18.96902673,120,1,1,safe,
-0.3018682992,0.6198621772,1.134464014,55.40844097,18.96902673,130,1,1,safe,
-0.3018682992,0.6198621772,1.221730476,55.40844097,18.96902673,140,1,1,safe,
-0.3018682992,0.6198621772,1.308996939,55.40844097,18.96902673,150,1,1,safe,
-0.3018682992,0.6198621772,1.396263402,55.40844097,18.96902673,160,1,1,safe,
-0.3018682992,0.6198621772,1.483529864,55.40844097,18.96902673,170,1,1,safe,
-0.3018682992,0.7071286398,0,55.40844097,8.969026733,0,1,1,safe,
-0.3018682992,0.7071286398,0.0872664626,55.40844097,8.969026733,10,1,1,safe,
-0.3018682992,0.7071286398,0.1745329252,55.40844097,8.969026733,20,1,1,safe,
-0.3018682992,0.7071286398,0.2617993878,55.40844097,8.969026733,30,1,1,safe,
-0.3018682992,0.7071286398,0.3490658504,55.40844097,8.969026733,40,1,1,safe,
-0.3018682992,0.7071286398,0.436332313,55.40844097,8.969026733,50,1,1,safe,
-0.3018682992,0.7071286398,0.5235987756,55.40844097,8.969026733,60,1,1,safe,
-0.3018682992,0.7071286398,0.6108652382,55.40844097,8.969026733,70,1,1,safe,
-0.3018682992,0.7071286398,0.6981317008,55.40844097,8.969026733,80,1,1,safe,
-0.3018682992,0.7071286398,0.7853981634,55.40844097,8.969026733,90,1,1,safe,
-0.3018682992,0.7071286398,0.872664626,55.40844097,8.969026733,100,1,1,safe,
-0.3018682992,0.7071286398,0.9599310886,55.40844097,8.969026733,110,1,1,safe,
-0.3018682992,0.7071286398,1.047197551,55.40844097,8.969026733,120,1,1,safe,
-0.3018682992,0.7071286398,1.134464014,55.40844097,8.969026733,130,1,1,safe,
-0.3018682992,0.7071286398,1.221730476,55.40844097,8.969026733,140,1,1,safe,
-0.3018682992,0.7071286398,1.308996939,55.40844097,8.969026733,150,1,1,safe,
-0.3018682992,0.7071286398,1.396263402,55.40844097,8.969026733,160,1,1,safe,
-0.3018682992,0.7071286398,1.483529864,55.40844097,8.969026733,170,1,1,safe,
-0.2146018366,-0.7764012244,0,65.40844097,178.9690267,0,1,1,safe,
-0.2146018366,-0.6891347618,0,65.40844097,168.9690267,0,1,1,safe,
-0.2146018366,-0.6891347618,0.0872664626,65.40844097,168.9690267,10,1,1,safe,
-0.2146018366,-0.6891347618,0.1745329252,65.40844097,168.9690267,20,1,1,safe,
-0.2146018366,-0.6891347618,0.2617993878,65.40844097,168.9690267,30,1,1,safe,
-0.2146018366,-0.6891347618,0.3490658504,65.40844097,168.9690267,40,1,1,safe,
-0.2146018366,-0.6891347618,0.436332313,65.40844097,168.9690267,50,1,1,safe,
-0.2146018366,-0.6891347618,0.5235987756,65.40844097,168.9690267,60,1,1,safe,
-0.2146018366,-0.6018682992,0,65.40844097,158.9690267,0,1,1,safe,
-0.2146018366,-0.6018682992,0.0872664626,65.40844097,158.9690267,10,1,1,safe,
-0.2146018366,-0.6018682992,0.1745329252,65.40844097,158.9690267,20,1,1,safe,
-0.2146018366,-0.6018682992,0.2617993878,65.40844097,158.9690267,30,1,1,safe,
-0.2146018366,-0.6018682992,0.3490658504,65.40844097,158.9690267,40,1,1,safe,
-0.2146018366,-0.6018682992,0.436332313,65.40844097,158.9690267,50,1,1,safe,
-0.2146018366,-0.6018682992,0.5235987756,65.40844097,158.9690267,60,1,1,safe,
-0.2146018366,-0.6018682992,0.6108652382,65.40844097,158.9690267,70,1,1,safe,
-0.2146018366,-0.6018682992,0.6981317008,65.40844097,158.9690267,80,1,1,safe,
-0.2146018366,-0.6018682992,0.7853981634,65.40844097,158.9690267,90,1,1,safe,
-0.2146018366,-0.6018682992,0.872664626,65.40844097,158.9690267,100,1,1,safe,
-0.2146018366,-0.6018682992,0.9599310886,65.40844097,158.9690267,110,1,1,safe,
-0.2146018366,-0.6018682992,1.047197551,65.40844097,158.9690267,120,1,1,safe,
-0.2146018366,-0.6018682992,1.134464014,65.40844097,158.9690267,130,1,1,safe,
-0.2146018366,-0.6018682992,1.221730476,65.40844097,158.9690267,140,1,1,safe,
-0.2146018366,-0.6018682992,1.308996939,65.40844097,158.9690267,150,1,1,safe,
-0.2146018366,-0.6018682992,1.396263402,65.40844097,158.9690267,160,1,1,safe,
-0.2146018366,-0.6018682992,1.483529864,65.40844097,158.9690267,170,1,1,safe,
-0.2146018366,-0.5146018366,0,65.40844097,148.9690267,0,1,1,safe,
-0.2146018366,-0.5146018366,0.0872664626,65.40844097,148.9690267,10,1,1,safe,
-0.2146018366,-0.5146018366,0.1745329252,65.40844097,148.9690267,20,1,1,safe,
-0.2146018366,-0.5146018366,0.2617993878,65.40844097,148.9690267,30,1,1,safe,
-0.2146018366,-0.5146018366,0.3490658504,65.40844097,148.9690267,40,1,1,safe,
-0.2146018366,-0.5146018366,0.436332313,65.40844097,148.9690267,50,1,1,safe,
-0.2146018366,-0.5146018366,0.5235987756,65.40844097,148.9690267,60,1,1,safe,
-0.2146018366,-0.5146018366,0.6108652382,65.40844097,148.9690267,70,1,1,safe,
-0.2146018366,-0.5146018366,0.6981317008,65.40844097,148.9690267,80,1,1,safe,
-0.2146018366,-0.5146018366,0.7853981634,65.40844097,148.9690267,90,1,1,safe,
-0.2146018366,-0.5146018366,0.872664626,65.40844097,148.9690267,100,1,1,safe,
-0.2146018366,-0.5146018366,0.9599310886,65.40844097,148.9690267,110,1,1,safe,
-0.2146018366,-0.5146018366,1.047197551,65.40844097,148.9690267,120,1,1,safe,
-0.2146018366,-0.5146018366,1.134464014,65.40844097,148.9690267,130,1,1,safe,
-0.2146018366,-0.5146018366,1.221730476,65.40844097,148.9690267,140,1,1,safe,
-0.2146018366,-0.5146018366,1.308996939,65.40844097,148.9690267,150,1,1,safe,
-0.2146018366,-0.5146018366,1.396263402,65.40844097,148.9690267,160,1,1,safe,
-0.2146018366,-0.5146018366,1.483529864,65.40844097,148.9690267,170,1,1,safe,
-0.2146018366,-0.427335374,0,65.40844097,138.9690267,0,1,1,safe,
-0.2146018366,-0.427335374,0.0872664626,65.40844097,138.9690267,10,1,1,safe,
-0.2146018366,-0.427335374,0.1745329252,65.40844097,138.9690267,20,1,1,safe,
-0.2146018366,-0.427335374,0.2617993878,65.40844097,138.9690267,30,1,1,safe,
-0.2146018366,-0.427335374,0.3490658504,65.40844097,138.9690267,40,1,1,safe,
-0.2146018366,-0.427335374,0.436332313,65.40844097,138.9690267,50,1,1,safe,
-0.2146018366,-0.427335374,0.5235987756,65.40844097,138.9690267,60,1,1,safe,
-0.2146018366,-0.427335374,0.6108652382,65.40844097,138.9690267,70,1,1,safe,
-0.2146018366,-0.427335374,0.6981317008,65.40844097,138.9690267,80,1,1,safe,
-0.2146018366,-0.427335374,0.7853981634,65.40844097,138.9690267,90,1,1,safe,
-0.2146018366,-0.427335374,0.872664626,65.40844097,138.9690267,100,1,1,safe,
-0.2146018366,-0.427335374,0.9599310886,65.40844097,138.9690267,110,1,1,safe,
-0.2146018366,-0.427335374,1.047197551,65.40844097,138.9690267,120,1,1,safe,
-0.2146018366,-0.427335374,1.134464014,65.40844097,138.9690267,130,1,1,safe,
-0.2146018366,-0.427335374,1.221730476,65.40844097,138.9690267,140,1,1,safe,
-0.2146018366,-0.427335374,1.308996939,65.40844097,138.9690267,150,1,1,safe,
-0.2146018366,-0.427335374,1.396263402,65.40844097,138.9690267,160,1,1,safe,
-0.2146018366,-0.427335374,1.483529864,65.40844097,138.9690267,170,1,1,safe,
-0.2146018366,-0.3400689114,0,65.40844097,128.9690267,0,1,1,safe,
-0.2146018366,-0.3400689114,0.0872664626,65.40844097,128.9690267,10,1,1,safe,
-0.2146018366,-0.3400689114,0.1745329252,65.40844097,128.9690267,20,1,1,safe,
-0.2146018366,-0.3400689114,0.2617993878,65.40844097,128.9690267,30,1,1,safe,
-0.2146018366,-0.3400689114,0.3490658504,65.40844097,128.9690267,40,1,1,safe,
-0.2146018366,-0.3400689114,0.436332313,65.40844097,128.9690267,50,1,1,safe,
-0.2146018366,-0.3400689114,0.5235987756,65.40844097,128.9690267,60,1,1,safe,
-0.2146018366,-0.3400689114,0.6108652382,65.40844097,128.9690267,70,1,1,safe,
-0.2146018366,-0.3400689114,0.6981317008,65.40844097,128.9690267,80,1,1,safe,
-0.2146018366,-0.3400689114,0.7853981634,65.40844097,128.9690267,90,1,1,safe,
-0.2146018366,-0.3400689114,0.872664626,65.40844097,128.9690267,100,1,1,safe,
-0.2146018366,-0.3400689114,0.9599310886,65.40844097,128.9690267,110,1,1,safe,
-0.2146018366,-0.3400689114,1.047197551,65.40844097,128.9690267,120,1,1,safe,
-0.2146018366,-0.3400689114,1.134464014,65.40844097,128.9690267,130,1,1,safe,
-0.2146018366,-0.3400689114,1.221730476,65.40844097,128.9690267,140,1,1,safe,
-0.2146018366,-0.3400689114,1.308996939,65.40844097,128.9690267,150,1,1,safe,
-0.2146018366,-0.3400689114,1.396263402,65.40844097,128.9690267,160,1,1,safe,
-0.2146018366,-0.3400689114,1.483529864,65.40844097,128.9690267,170,1,1,safe,
-0.2146018366,-0.2528024488,0,65.40844097,118.9690267,0,1,1,safe,
-0.2146018366,-0.2528024488,0.0872664626,65.40844097,118.9690267,10,1,1,safe,
-0.2146018366,-0.2528024488,0.1745329252,65.40844097,118.9690267,20,1,1,safe,
-0.2146018366,-0.2528024488,0.2617993878,65.40844097,118.9690267,30,1,1,safe,
-0.2146018366,-0.2528024488,0.3490658504,65.40844097,118.9690267,40,1,1,safe,
-0.2146018366,-0.2528024488,0.436332313,65.40844097,118.9690267,50,1,1,safe,
-0.2146018366,-0.2528024488,0.5235987756,65.40844097,118.9690267,60,1,1,safe,
-0.2146018366,-0.2528024488,0.6108652382,65.40844097,118.9690267,70,1,1,safe,
-0.2146018366,-0.2528024488,0.6981317008,65.40844097,118.9690267,80,1,1,safe,
-0.2146018366,-0.2528024488,0.7853981634,65.40844097,118.9690267,90,1,1,safe,
-0.2146018366,-0.2528024488,0.872664626,65.40844097,118.9690267,100,1,1,safe,
-0.2146018366,-0.2528024488,0.9599310886,65.40844097,118.9690267,110,1,1,safe,
-0.2146018366,-0.2528024488,1.047197551,65.40844097,118.9690267,120,1,1,safe,
-0.2146018366,-0.2528024488,1.134464014,65.40844097,118.9690267,130,1,1,safe,
-0.2146018366,-0.2528024488,1.221730476,65.40844097,118.9690267,140,1,1,safe,
-0.2146018366,-0.2528024488,1.308996939,65.40844097,118.9690267,150,1,1,safe,
-0.2146018366,-0.2528024488,1.396263402,65.40844097,118.9690267,160,1,1,safe,
-0.2146018366,-0.2528024488,1.483529864,65.40844097,118.9690267,170,1,1,safe,
-0.2146018366,-0.1655359862,0,65.40844097,108.9690267,0,1,1,safe,
-0.2146018366,-0.1655359862,0.0872664626,65.40844097,108.9690267,10,1,1,safe,
-0.2146018366,-0.1655359862,0.1745329252,65.40844097,108.9690267,20,1,1,safe,
-0.2146018366,-0.1655359862,0.2617993878,65.40844097,108.9690267,30,1,1,safe,
-0.2146018366,-0.1655359862,0.3490658504,65.40844097,108.9690267,40,1,1,safe,
-0.2146018366,-0.1655359862,0.436332313,65.40844097,108.9690267,50,1,1,safe,
-0.2146018366,-0.1655359862,0.5235987756,65.40844097,108.9690267,60,1,1,safe,
-0.2146018366,-0.1655359862,0.6108652382,65.40844097,108.9690267,70,1,1,safe,
-0.2146018366,-0.1655359862,0.6981317008,65.40844097,108.9690267,80,1,1,safe,
-0.2146018366,-0.1655359862,0.7853981634,65.40844097,108.9690267,90,1,1,safe,
-0.2146018366,-0.1655359862,0.872664626,65.40844097,108.9690267,100,1,1,safe,
-0.2146018366,-0.1655359862,0.9599310886,65.40844097,108.9690267,110,1,1,safe,
-0.2146018366,-0.1655359862,1.047197551,65.40844097,108.9690267,120,1,1,safe,
-0.2146018366,-0.1655359862,1.134464014,65.40844097,108.9690267,130,1,1,safe,
-0.2146018366,-0.1655359862,1.221730476,65.40844097,108.9690267,140,1,1,safe,
-0.2146018366,-0.1655359862,1.308996939,65.40844097,108.9690267,150,1,1,safe,
-0.2146018366,-0.1655359862,1.396263402,65.40844097,108.9690267,160,1,1,safe,
-0.2146018366,-0.1655359862,1.483529864,65.40844097,108.9690267,170,1,1,safe,
-0.2146018366,-0.0782695236,0,65.40844097,98.96902673,0,1,1,safe,
-0.2146018366,-0.0782695236,0.0872664626,65.40844097,98.96902673,10,1,1,safe,
-0.2146018366,-0.0782695236,0.1745329252,65.40844097,98.96902673,20,1,1,safe,
-0.2146018366,-0.0782695236,0.2617993878,65.40844097,98.96902673,30,1,1,safe,
-0.2146018366,-0.0782695236,0.3490658504,65.40844097,98.96902673,40,1,1,safe,
-0.2146018366,-0.0782695236,0.436332313,65.40844097,98.96902673,50,1,1,safe,
-0.2146018366,-0.0782695236,0.5235987756,65.40844097,98.96902673,60,1,1,safe,
-0.2146018366,-0.0782695236,0.6108652382,65.40844097,98.96902673,70,1,1,safe,
-0.2146018366,-0.0782695236,0.6981317008,65.40844097,98.96902673,80,1,1,safe,
-0.2146018366,-0.0782695236,0.7853981634,65.40844097,98.96902673,90,1,1,safe,
-0.2146018366,-0.0782695236,0.872664626,65.40844097,98.96902673,100,1,1,safe,
-0.2146018366,-0.0782695236,0.9599310886,65.40844097,98.96902673,110,1,1,safe,
-0.2146018366,-0.0782695236,1.047197551,65.40844097,98.96902673,120,1,1,safe,
-0.2146018366,-0.0782695236,1.134464014,65.40844097,98.96902673,130,1,1,safe,
-0.2146018366,-0.0782695236,1.221730476,65.40844097,98.96902673,140,1,1,safe,
-0.2146018366,-0.0782695236,1.308996939,65.40844097,98.96902673,150,1,1,safe,
-0.2146018366,-0.0782695236,1.396263402,65.40844097,98.96902673,160,1,1,safe,
-0.2146018366,-0.0782695236,1.483529864,65.40844097,98.96902673,170,1,1,safe,
-0.2146018366,0.008996939,0,65.40844097,88.96902673,0,1,1,safe,
-0.2146018366,0.008996939,0.0872664626,65.40844097,88.96902673,10,1,1,safe,
-0.2146018366,0.008996939,0.1745329252,65.40844097,88.96902673,20,1,1,safe,
-0.2146018366,0.008996939,0.2617993878,65.40844097,88.96902673,30,1,1,safe,
-0.2146018366,0.008996939,0.3490658504,65.40844097,88.96902673,40,1,1,safe,
-0.2146018366,0.008996939,0.436332313,65.40844097,88.96902673,50,1,1,safe,
-0.2146018366,0.008996939,0.5235987756,65.40844097,88.96902673,60,1,1,safe,
-0.2146018366,0.008996939,0.6108652382,65.40844097,88.96902673,70,1,1,safe,
-0.2146018366,0.008996939,0.6981317008,65.40844097,88.96902673,80,1,1,safe,
-0.2146018366,0.008996939,0.7853981634,65.40844097,88.96902673,90,1,1,safe,
-0.2146018366,0.008996939,0.872664626,65.40844097,88.96902673,100,1,1,safe,
-0.2146018366,0.008996939,0.9599310886,65.40844097,88.96902673,110,1,1,safe,
-0.2146018366,0.008996939,1.047197551,65.40844097,88.96902673,120,1,1,safe,
-0.2146018366,0.008996939,1.134464014,65.40844097,88.96902673,130,1,1,safe,
-0.2146018366,0.008996939,1.221730476,65.40844097,88.96902673,140,1,1,safe,
-0.2146018366,0.008996939,1.308996939,65.40844097,88.96902673,150,1,1,safe,
-0.2146018366,0.008996939,1.396263402,65.40844097,88.96902673,160,1,1,safe,
-0.2146018366,0.008996939,1.483529864,65.40844097,88.96902673,170,1,1,safe,
-0.2146018366,0.0962634016,0,65.40844097,78.96902673,0,1,1,safe,
-0.2146018366,0.0962634016,0.0872664626,65.40844097,78.96902673,10,1,1,safe,
-0.2146018366,0.0962634016,0.1745329252,65.40844097,78.96902673,20,1,1,safe,
-0.2146018366,0.0962634016,0.2617993878,65.40844097,78.96902673,30,1,1,safe,
-0.2146018366,0.0962634016,0.3490658504,65.40844097,78.96902673,40,1,1,safe,
-0.2146018366,0.0962634016,0.436332313,65.40844097,78.96902673,50,1,1,safe,
-0.2146018366,0.0962634016,0.5235987756,65.40844097,78.96902673,60,1,1,safe,
-0.2146018366,0.0962634016,0.6108652382,65.40844097,78.96902673,70,1,1,safe,
-0.2146018366,0.0962634016,0.6981317008,65.40844097,78.96902673,80,1,1,safe,
-0.2146018366,0.0962634016,0.7853981634,65.40844097,78.96902673,90,1,1,safe,
-0.2146018366,0.0962634016,0.872664626,65.40844097,78.96902673,100,1,1,safe,
-0.2146018366,0.0962634016,0.9599310886,65.40844097,78.96902673,110,1,1,safe,
-0.2146018366,0.0962634016,1.047197551,65.40844097,78.96902673,120,1,1,safe,
-0.2146018366,0.0962634016,1.134464014,65.40844097,78.96902673,130,1,1,safe,
-0.2146018366,0.0962634016,1.221730476,65.40844097,78.96902673,140,1,1,safe,
-0.2146018366,0.0962634016,1.308996939,65.40844097,78.96902673,150,1,1,safe,
-0.2146018366,0.0962634016,1.396263402,65.40844097,78.96902673,160,1,1,safe,
-0.2146018366,0.0962634016,1.483529864,65.40844097,78.96902673,170,1,1,safe,
-0.2146018366,0.1835298642,0,65.40844097,68.96902673,0,1,1,safe,
-0.2146018366,0.1835298642,0.0872664626,65.40844097,68.96902673,10,1,1,safe,
-0.2146018366,0.1835298642,0.1745329252,65.40844097,68.96902673,20,1,1,safe,
-0.2146018366,0.1835298642,0.2617993878,65.40844097,68.96902673,30,1,1,safe,
-0.2146018366,0.1835298642,0.3490658504,65.40844097,68.96902673,40,1,1,safe,
-0.2146018366,0.1835298642,0.436332313,65.40844097,68.96902673,50,1,1,safe,
-0.2146018366,0.1835298642,0.5235987756,65.40844097,68.96902673,60,1,1,safe,
-0.2146018366,0.1835298642,0.6108652382,65.40844097,68.96902673,70,1,1,safe,
-0.2146018366,0.1835298642,0.6981317008,65.40844097,68.96902673,80,1,1,safe,
-0.2146018366,0.1835298642,0.7853981634,65.40844097,68.96902673,90,1,1,safe,
-0.2146018366,0.1835298642,0.872664626,65.40844097,68.96902673,100,1,1,safe,
-0.2146018366,0.1835298642,0.9599310886,65.40844097,68.96902673,110,1,1,safe,
-0.2146018366,0.1835298642,1.047197551,65.40844097,68.96902673,120,1,1,safe,
-0.2146018366,0.1835298642,1.134464014,65.40844097,68.96902673,130,1,1,safe,
-0.2146018366,0.1835298642,1.221730476,65.40844097,68.96902673,140,1,1,safe,
-0.2146018366,0.1835298642,1.308996939,65.40844097,68.96902673,150,1,1,safe,
-0.2146018366,0.1835298642,1.396263402,65.40844097,68.96902673,160,1,1,safe,
-0.2146018366,0.1835298642,1.483529864,65.40844097,68.96902673,170,1,1,safe,
-0.2146018366,0.2707963268,0,65.40844097,58.96902673,0,1,1,safe,
-0.2146018366,0.2707963268,0.0872664626,65.40844097,58.96902673,10,1,1,safe,
-0.2146018366,0.2707963268,0.1745329252,65.40844097,58.96902673,20,1,1,safe,
-0.2146018366,0.2707963268,0.2617993878,65.40844097,58.96902673,30,1,1,safe,
-0.2146018366,0.2707963268,0.3490658504,65.40844097,58.96902673,40,1,1,safe,
-0.2146018366,0.2707963268,0.436332313,65.40844097,58.96902673,50,1,1,safe,
-0.2146018366,0.2707963268,0.5235987756,65.40844097,58.96902673,60,1,1,safe,
-0.2146018366,0.2707963268,0.6108652382,65.40844097,58.96902673,70,1,1,safe,
-0.2146018366,0.2707963268,0.6981317008,65.40844097,58.96902673,80,1,1,safe,
-0.2146018366,0.2707963268,0.7853981634,65.40844097,58.96902673,90,1,1,safe,
-0.2146018366,0.2707963268,0.872664626,65.40844097,58.96902673,100,1,1,safe,
-0.2146018366,0.2707963268,0.9599310886,65.40844097,58.96902673,110,1,1,safe,
-0.2146018366,0.2707963268,1.047197551,65.40844097,58.96902673,120,1,1,safe,
-0.2146018366,0.2707963268,1.134464014,65.40844097,58.96902673,130,1,1,safe,
-0.2146018366,0.2707963268,1.221730476,65.40844097,58.96902673,140,1,1,safe,
-0.2146018366,0.2707963268,1.308996939,65.40844097,58.96902673,150,1,1,safe,
-0.2146018366,0.2707963268,1.396263402,65.40844097,58.96902673,160,1,1,safe,
-0.2146018366,0.2707963268,1.483529864,65.40844097,58.96902673,170,1,1,safe,
-0.2146018366,0.3580627894,0,65.40844097,48.96902673,0,1,1,safe,
-0.2146018366,0.3580627894,0.0872664626,65.40844097,48.96902673,10,1,1,safe,
-0.2146018366,0.3580627894,0.1745329252,65.40844097,48.96902673,20,1,1,safe,
-0.2146018366,0.3580627894,0.2617993878,65.40844097,48.96902673,30,1,1,safe,
-0.2146018366,0.3580627894,0.3490658504,65.40844097,48.96902673,40,1,1,safe,
-0.2146018366,0.3580627894,0.436332313,65.40844097,48.96902673,50,1,1,safe,
-0.2146018366,0.3580627894,0.5235987756,65.40844097,48.96902673,60,1,1,safe,
-0.2146018366,0.3580627894,0.6108652382,65.40844097,48.96902673,70,1,1,safe,
-0.2146018366,0.3580627894,0.6981317008,65.40844097,48.96902673,80,1,1,safe,
-0.2146018366,0.3580627894,0.7853981634,65.40844097,48.96902673,90,1,1,safe,
-0.2146018366,0.3580627894,0.872664626,65.40844097,48.96902673,100,1,1,safe,
-0.2146018366,0.3580627894,0.9599310886,65.40844097,48.96902673,110,1,1,safe,
-0.2146018366,0.3580627894,1.047197551,65.40844097,48.96902673,120,1,1,safe,
-0.2146018366,0.3580627894,1.134464014,65.40844097,48.96902673,130,1,1,safe,
-0.2146018366,0.3580627894,1.221730476,65.40844097,48.96902673,140,1,1,safe,
-0.2146018366,0.3580627894,1.308996939,65.40844097,48.96902673,150,1,1,safe,
-0.2146018366,0.3580627894,1.396263402,65.40844097,48.96902673,160,1,1,safe,
-0.2146018366,0.3580627894,1.483529864,65.40844097,48.96902673,170,1,1,safe,
-0.2146018366,0.445329252,0,65.40844097,38.96902673,0,1,1,safe,
-0.2146018366,0.445329252,0.0872664626,65.40844097,38.96902673,10,1,1,safe,
-0.2146018366,0.445329252,0.1745329252,65.40844097,38.96902673,20,1,1,safe,
-0.2146018366,0.445329252,0.2617993878,65.40844097,38.96902673,30,1,1,safe,
-0.2146018366,0.445329252,0.3490658504,65.40844097,38.96902673,40,1,1,safe,
-0.2146018366,0.445329252,0.436332313,65.40844097,38.96902673,50,1,1,safe,
-0.2146018366,0.445329252,0.5235987756,65.40844097,38.96902673,60,1,1,safe,
-0.2146018366,0.445329252,0.6108652382,65.40844097,38.96902673,70,1,1,safe,
-0.2146018366,0.445329252,0.6981317008,65.40844097,38.96902673,80,1,1,safe,
-0.2146018366,0.445329252,0.7853981634,65.40844097,38.96902673,90,1,1,safe,
-0.2146018366,0.445329252,0.872664626,65.40844097,38.96902673,100,1,1,safe,
-0.2146018366,0.445329252,0.9599310886,65.40844097,38.96902673,110,1,1,safe,
-0.2146018366,0.445329252,1.047197551,65.40844097,38.96902673,120,1,1,safe,
-0.2146018366,0.445329252,1.134464014,65.40844097,38.96902673,130,1,1,safe,
-0.2146018366,0.445329252,1.221730476,65.40844097,38.96902673,140,1,1,safe,
-0.2146018366,0.445329252,1.308996939,65.40844097,38.96902673,150,1,1,safe,
-0.2146018366,0.445329252,1.396263402,65.40844097,38.96902673,160,1,1,safe,
-0.2146018366,0.445329252,1.483529864,65.40844097,38.96902673,170,1,1,safe,
-0.2146018366,0.5325957146,0,65.40844097,28.96902673,0,1,1,safe,
-0.2146018366,0.5325957146,0.0872664626,65.40844097,28.96902673,10,1,1,safe,
-0.2146018366,0.5325957146,0.1745329252,65.40844097,28.96902673,20,1,1,safe,
-0.2146018366,0.5325957146,0.2617993878,65.40844097,28.96902673,30,1,1,safe,
-0.2146018366,0.5325957146,0.3490658504,65.40844097,28.96902673,40,1,1,safe,
-0.2146018366,0.5325957146,0.436332313,65.40844097,28.96902673,50,1,1,safe,
-0.2146018366,0.5325957146,0.5235987756,65.40844097,28.96902673,60,1,1,safe,
-0.2146018366,0.5325957146,0.6108652382,65.40844097,28.96902673,70,1,1,safe,
-0.2146018366,0.5325957146,0.6981317008,65.40844097,28.96902673,80,1,1,safe,
-0.2146018366,0.5325957146,0.7853981634,65.40844097,28.96902673,90,1,1,safe,
-0.2146018366,0.5325957146,0.872664626,65.40844097,28.96902673,100,1,1,safe,
-0.2146018366,0.5325957146,0.9599310886,65.40844097,28.96902673,110,1,1,safe,
-0.2146018366,0.5325957146,1.047197551,65.40844097,28.96902673,120,1,1,safe,
-0.2146018366,0.5325957146,1.134464014,65.40844097,28.96902673,130,1,1,safe,
-0.2146018366,0.5325957146,1.221730476,65.40844097,28.96902673,140,1,1,safe,
-0.2146018366,0.5325957146,1.308996939,65.40844097,28.96902673,150,1,1,safe,
-0.2146018366,0.5325957146,1.396263402,65.40844097,28.96902673,160,1,1,safe,
-0.2146018366,0.5325957146,1.483529864,65.40844097,28.96902673,170,1,1,safe,
-0.2146018366,0.6198621772,0,65.40844097,18.96902673,0,1,1,safe,
-0.2146018366,0.6198621772,0.0872664626,65.40844097,18.96902673,10,1,1,safe,
-0.2146018366,0.6198621772,0.1745329252,65.40844097,18.96902673,20,1,1,safe,
-0.2146018366,0.6198621772,0.2617993878,65.40844097,18.96902673,30,1,1,safe,
-0.2146018366,0.6198621772,0.3490658504,65.40844097,18.96902673,40,1,1,safe,
-0.2146018366,0.6198621772,0.436332313,65.40844097,18.96902673,50,1,1,safe,
-0.2146018366,0.6198621772,0.5235987756,65.40844097,18.96902673,60,1,1,safe,
-0.2146018366,0.6198621772,0.6108652382,65.40844097,18.96902673,70,1,1,safe,
-0.2146018366,0.6198621772,0.6981317008,65.40844097,18.96902673,80,1,1,safe,
-0.2146018366,0.6198621772,0.7853981634,65.40844097,18.96902673,90,1,1,safe,
-0.2146018366,0.6198621772,0.872664626,65.40844097,18.96902673,100,1,1,safe,
-0.2146018366,0.6198621772,0.9599310886,65.40844097,18.96902673,110,1,1,safe,
-0.2146018366,0.6198621772,1.047197551,65.40844097,18.96902673,120,1,1,safe,
-0.2146018366,0.6198621772,1.134464014,65.40844097,18.96902673,130,1,1,safe,
-0.2146018366,0.6198621772,1.221730476,65.40844097,18.96902673,140,1,1,safe,
-0.2146018366,0.6198621772,1.308996939,65.40844097,18.96902673,150,1,1,safe,
-0.2146018366,0.6198621772,1.396263402,65.40844097,18.96902673,160,1,1,safe,
-0.2146018366,0.6198621772,1.483529864,65.40844097,18.96902673,170,1,1,safe,
-0.2146018366,0.7071286398,0,65.40844097,8.969026733,0,1,1,safe,
-0.2146018366,0.7071286398,0.0872664626,65.40844097,8.969026733,10,1,1,safe,
-0.2146018366,0.7071286398,0.1745329252,65.40844097,8.969026733,20,1,1,safe,
-0.2146018366,0.7071286398,0.2617993878,65.40844097,8.969026733,30,1,1,safe,
-0.2146018366,0.7071286398,0.3490658504,65.40844097,8.969026733,40,1,1,safe,
-0.2146018366,0.7071286398,0.436332313,65.40844097,8.969026733,50,1,1,safe,
-0.2146018366,0.7071286398,0.5235987756,65.40844097,8.969026733,60,1,1,safe,
-0.2146018366,0.7071286398,0.6108652382,65.40844097,8.969026733,70,1,1,safe,
-0.2146018366,0.7071286398,0.6981317008,65.40844097,8.969026733,80,1,1,safe,
-0.2146018366,0.7071286398,0.7853981634,65.40844097,8.969026733,90,1,1,safe,
-0.2146018366,0.7071286398,0.872664626,65.40844097,8.969026733,100,1,1,safe,
-0.2146018366,0.7071286398,0.9599310886,65.40844097,8.969026733,110,1,1,safe,
-0.2146018366,0.7071286398,1.047197551,65.40844097,8.969026733,120,1,1,safe,
-0.2146018366,0.7071286398,1.134464014,65.40844097,8.969026733,130,1,1,safe,
-0.2146018366,0.7071286398,1.221730476,65.40844097,8.969026733,140,1,1,safe,
-0.2146018366,0.7071286398,1.308996939,65.40844097,8.969026733,150,1,1,safe,
-0.2146018366,0.7071286398,1.396263402,65.40844097,8.969026733,160,1,1,safe,
-0.2146018366,0.7071286398,1.483529864,65.40844097,8.969026733,170,1,1,safe,
-0.127335374,-0.7764012244,0,75.40844097,178.9690267,0,1,1,safe,
-0.127335374,-0.7764012244,0.0872664626,75.40844097,178.9690267,10,1,1,safe,
-0.127335374,-0.7764012244,0.1745329252,75.40844097,178.9690267,20,1,1,safe,
-0.127335374,-0.7764012244,0.2617993878,75.40844097,178.9690267,30,1,1,safe,
-0.127335374,-0.7764012244,0.3490658504,75.40844097,178.9690267,40,1,1,safe,
-0.127335374,-0.7764012244,0.436332313,75.40844097,178.9690267,50,1,1,safe,
-0.127335374,-0.7764012244,0.5235987756,75.40844097,178.9690267,60,1,1,safe,
-0.127335374,-0.7764012244,0.6108652382,75.40844097,178.9690267,70,1,1,safe,
-0.127335374,-0.6891347618,0,75.40844097,168.9690267,0,1,1,safe,
-0.127335374,-0.6891347618,0.0872664626,75.40844097,168.9690267,10,1,1,safe,
-0.127335374,-0.6891347618,0.1745329252,75.40844097,168.9690267,20,1,1,safe,
-0.127335374,-0.6891347618,0.2617993878,75.40844097,168.9690267,30,1,1,safe,
-0.127335374,-0.6891347618,0.3490658504,75.40844097,168.9690267,40,1,1,safe,
-0.127335374,-0.6891347618,0.436332313,75.40844097,168.9690267,50,1,1,safe,
-0.127335374,-0.6891347618,0.5235987756,75.40844097,168.9690267,60,1,1,safe,
-0.127335374,-0.6891347618,0.6108652382,75.40844097,168.9690267,70,1,1,safe,
-0.127335374,-0.6891347618,0.6981317008,75.40844097,168.9690267,80,1,1,safe,
-0.127335374,-0.6891347618,0.7853981634,75.40844097,168.9690267,90,1,1,safe,
-0.127335374,-0.6891347618,0.872664626,75.40844097,168.9690267,100,1,1,safe,
-0.127335374,-0.6891347618,0.9599310886,75.40844097,168.9690267,110,1,1,safe,
-0.127335374,-0.6891347618,1.047197551,75.40844097,168.9690267,120,1,1,safe,
-0.127335374,-0.6891347618,1.134464014,75.40844097,168.9690267,130,1,1,safe,
-0.127335374,-0.6891347618,1.221730476,75.40844097,168.9690267,140,1,1,safe,
-0.127335374,-0.6891347618,1.308996939,75.40844097,168.9690267,150,1,1,safe,
-0.127335374,-0.6891347618,1.396263402,75.40844097,168.9690267,160,1,1,safe,
-0.127335374,-0.6891347618,1.483529864,75.40844097,168.9690267,170,1,1,safe,
-0.127335374,-0.6018682992,0,75.40844097,158.9690267,0,1,1,safe,
-0.127335374,-0.6018682992,0.0872664626,75.40844097,158.9690267,10,1,1,safe,
-0.127335374,-0.6018682992,0.1745329252,75.40844097,158.9690267,20,1,1,safe,
-0.127335374,-0.6018682992,0.2617993878,75.40844097,158.9690267,30,1,1,safe,
-0.127335374,-0.6018682992,0.3490658504,75.40844097,158.9690267,40,1,1,safe,
-0.127335374,-0.6018682992,0.436332313,75.40844097,158.9690267,50,1,1,safe,
-0.127335374,-0.6018682992,0.5235987756,75.40844097,158.9690267,60,1,1,safe,
-0.127335374,-0.6018682992,0.6108652382,75.40844097,158.9690267,70,1,1,safe,
-0.127335374,-0.6018682992,0.6981317008,75.40844097,158.9690267,80,1,1,safe,
-0.127335374,-0.6018682992,0.7853981634,75.40844097,158.9690267,90,1,1,safe,
-0.127335374,-0.6018682992,0.872664626,75.40844097,158.9690267,100,1,1,safe,
-0.127335374,-0.6018682992,0.9599310886,75.40844097,158.9690267,110,1,1,safe,
-0.127335374,-0.6018682992,1.047197551,75.40844097,158.9690267,120,1,1,safe,
-0.127335374,-0.6018682992,1.134464014,75.40844097,158.9690267,130,1,1,safe,
-0.127335374,-0.6018682992,1.221730476,75.40844097,158.9690267,140,1,1,safe,
-0.127335374,-0.6018682992,1.308996939,75.40844097,158.9690267,150,1,1,safe,
-0.127335374,-0.6018682992,1.396263402,75.40844097,158.9690267,160,1,1,safe,
-0.127335374,-0.6018682992,1.483529864,75.40844097,158.9690267,170,1,1,safe,
-0.127335374,-0.5146018366,0,75.40844097,148.9690267,0,1,1,safe,
-0.127335374,-0.5146018366,0.0872664626,75.40844097,148.9690267,10,1,1,safe,
-0.127335374,-0.5146018366,0.1745329252,75.40844097,148.9690267,20,1,1,safe,
-0.127335374,-0.5146018366,0.2617993878,75.40844097,148.9690267,30,1,1,safe,
-0.127335374,-0.5146018366,0.3490658504,75.40844097,148.9690267,40,1,1,safe,
-0.127335374,-0.5146018366,0.436332313,75.40844097,148.9690267,50,1,1,safe,
-0.127335374,-0.5146018366,0.5235987756,75.40844097,148.9690267,60,1,1,safe,
-0.127335374,-0.5146018366,0.6108652382,75.40844097,148.9690267,70,1,1,safe,
-0.127335374,-0.5146018366,0.6981317008,75.40844097,148.9690267,80,1,1,safe,
-0.127335374,-0.5146018366,0.7853981634,75.40844097,148.9690267,90,1,1,safe,
-0.127335374,-0.5146018366,0.872664626,75.40844097,148.9690267,100,1,1,safe,
-0.127335374,-0.5146018366,0.9599310886,75.40844097,148.9690267,110,1,1,safe,
-0.127335374,-0.5146018366,1.047197551,75.40844097,148.9690267,120,1,1,safe,
-0.127335374,-0.5146018366,1.134464014,75.40844097,148.9690267,130,1,1,safe,
-0.127335374,-0.5146018366,1.221730476,75.40844097,148.9690267,140,1,1,safe,
-0.127335374,-0.5146018366,1.308996939,75.40844097,148.9690267,150,1,1,safe,
-0.127335374,-0.5146018366,1.396263402,75.40844097,148.9690267,160,1,1,safe,
-0.127335374,-0.5146018366,1.483529864,75.40844097,148.9690267,170,1,1,safe,
-0.127335374,-0.427335374,0,75.40844097,138.9690267,0,1,1,safe,
-0.127335374,-0.427335374,0.0872664626,75.40844097,138.9690267,10,1,1,safe,
-0.127335374,-0.427335374,0.1745329252,75.40844097,138.9690267,20,1,1,safe,
-0.127335374,-0.427335374,0.2617993878,75.40844097,138.9690267,30,1,1,safe,
-0.127335374,-0.427335374,0.3490658504,75.40844097,138.9690267,40,1,1,safe,
-0.127335374,-0.427335374,0.436332313,75.40844097,138.9690267,50,1,1,safe,
-0.127335374,-0.427335374,0.5235987756,75.40844097,138.9690267,60,1,1,safe,
-0.127335374,-0.427335374,0.6108652382,75.40844097,138.9690267,70,1,1,safe,
-0.127335374,-0.427335374,0.6981317008,75.40844097,138.9690267,80,1,1,safe,
-0.127335374,-0.427335374,0.7853981634,75.40844097,138.9690267,90,1,1,safe,
-0.127335374,-0.427335374,0.872664626,75.40844097,138.9690267,100,1,1,safe,
-0.127335374,-0.427335374,0.9599310886,75.40844097,138.9690267,110,1,1,safe,
-0.127335374,-0.427335374,1.047197551,75.40844097,138.9690267,120,1,1,safe,
-0.127335374,-0.427335374,1.134464014,75.40844097,138.9690267,130,1,1,safe,
-0.127335374,-0.427335374,1.221730476,75.40844097,138.9690267,140,1,1,safe,
-0.127335374,-0.427335374,1.308996939,75.40844097,138.9690267,150,1,1,safe,
-0.127335374,-0.427335374,1.396263402,75.40844097,138.9690267,160,1,1,safe,
-0.127335374,-0.427335374,1.483529864,75.40844097,138.9690267,170,1,1,safe,
-0.127335374,-0.3400689114,0,75.40844097,128.9690267,0,1,1,safe,
-0.127335374,-0.3400689114,0.0872664626,75.40844097,128.9690267,10,1,1,safe,
-0.127335374,-0.3400689114,0.1745329252,75.40844097,128.9690267,20,1,1,safe,
-0.127335374,-0.3400689114,0.2617993878,75.40844097,128.9690267,30,1,1,safe,
-0.127335374,-0.3400689114,0.3490658504,75.40844097,128.9690267,40,1,1,safe,
-0.127335374,-0.3400689114,0.436332313,75.40844097,128.9690267,50,1,1,safe,
-0.127335374,-0.3400689114,0.5235987756,75.40844097,128.9690267,60,1,1,safe,
-0.127335374,-0.3400689114,0.6108652382,75.40844097,128.9690267,70,1,1,safe,
-0.127335374,-0.3400689114,0.6981317008,75.40844097,128.9690267,80,1,1,safe,
-0.127335374,-0.3400689114,0.7853981634,75.40844097,128.9690267,90,1,1,safe,
-0.127335374,-0.3400689114,0.872664626,75.40844097,128.9690267,100,1,1,safe,
-0.127335374,-0.3400689114,0.9599310886,75.40844097,128.9690267,110,1,1,safe,
-0.127335374,-0.3400689114,1.047197551,75.40844097,128.9690267,120,1,1,safe,
-0.127335374,-0.3400689114,1.134464014,75.40844097,128.9690267,130,1,1,safe,
-0.127335374,-0.3400689114,1.221730476,75.40844097,128.9690267,140,1,1,safe,
-0.127335374,-0.3400689114,1.308996939,75.40844097,128.9690267,150,1,1,safe,
-0.127335374,-0.3400689114,1.396263402,75.40844097,128.9690267,160,1,1,safe,
-0.127335374,-0.3400689114,1.483529864,75.40844097,128.9690267,170,1,1,safe,
-0.127335374,-0.2528024488,0,75.40844097,118.9690267,0,1,1,safe,
-0.127335374,-0.2528024488,0.0872664626,75.40844097,118.9690267,10,1,1,safe,
-0.127335374,-0.2528024488,0.1745329252,75.40844097,118.9690267,20,1,1,safe,
-0.127335374,-0.2528024488,0.2617993878,75.40844097,118.9690267,30,1,1,safe,
-0.127335374,-0.2528024488,0.3490658504,75.40844097,118.9690267,40,1,1,safe,
-0.127335374,-0.2528024488,0.436332313,75.40844097,118.9690267,50,1,1,safe,
-0.127335374,-0.2528024488,0.5235987756,75.40844097,118.9690267,60,1,1,safe,
-0.127335374,-0.2528024488,0.6108652382,75.40844097,118.9690267,70,1,1,safe,
-0.127335374,-0.2528024488,0.6981317008,75.40844097,118.9690267,80,1,1,safe,
-0.127335374,-0.2528024488,0.7853981634,75.40844097,118.9690267,90,1,1,safe,
-0.127335374,-0.2528024488,0.872664626,75.40844097,118.9690267,100,1,1,safe,
-0.127335374,-0.2528024488,0.9599310886,75.40844097,118.9690267,110,1,1,safe,
-0.127335374,-0.2528024488,1.047197551,75.40844097,118.9690267,120,1,1,safe,
-0.127335374,-0.2528024488,1.134464014,75.40844097,118.9690267,130,1,1,safe,
-0.127335374,-0.2528024488,1.221730476,75.40844097,118.9690267,140,1,1,safe,
-0.127335374,-0.2528024488,1.308996939,75.40844097,118.9690267,150,1,1,safe,
-0.127335374,-0.2528024488,1.396263402,75.40844097,118.9690267,160,1,1,safe,
-0.127335374,-0.2528024488,1.483529864,75.40844097,118.9690267,170,1,1,safe,
-0.127335374,-0.1655359862,0,75.40844097,108.9690267,0,1,1,safe,
-0.127335374,-0.1655359862,0.0872664626,75.40844097,108.9690267,10,1,1,safe,
-0.127335374,-0.1655359862,0.1745329252,75.40844097,108.9690267,20,1,1,safe,
-0.127335374,-0.1655359862,0.2617993878,75.40844097,108.9690267,30,1,1,safe,
-0.127335374,-0.1655359862,0.3490658504,75.40844097,108.9690267,40,1,1,safe,
-0.127335374,-0.1655359862,0.436332313,75.40844097,108.9690267,50,1,1,safe,
-0.127335374,-0.1655359862,0.5235987756,75.40844097,108.9690267,60,1,1,safe,
-0.127335374,-0.1655359862,0.6108652382,75.40844097,108.9690267,70,1,1,safe,
-0.127335374,-0.1655359862,0.6981317008,75.40844097,108.9690267,80,1,1,safe,
-0.127335374,-0.1655359862,0.7853981634,75.40844097,108.9690267,90,1,1,safe,
-0.127335374,-0.1655359862,0.872664626,75.40844097,108.9690267,100,1,1,safe,
-0.127335374,-0.1655359862,0.9599310886,75.40844097,108.9690267,110,1,1,safe,
-0.127335374,-0.1655359862,1.047197551,75.40844097,108.9690267,120,1,1,safe,
-0.127335374,-0.1655359862,1.134464014,75.40844097,108.9690267,130,1,1,safe,
-0.127335374,-0.1655359862,1.221730476,75.40844097,108.9690267,140,1,1,safe,
-0.127335374,-0.1655359862,1.308996939,75.40844097,108.9690267,150,1,1,safe,
-0.127335374,-0.1655359862,1.396263402,75.40844097,108.9690267,160,1,1,safe,
-0.127335374,-0.1655359862,1.483529864,75.40844097,108.9690267,170,1,1,safe,
-0.127335374,-0.0782695236,0,75.40844097,98.96902673,0,1,1,safe,
-0.127335374,-0.0782695236,0.0872664626,75.40844097,98.96902673,10,1,1,safe,
-0.127335374,-0.0782695236,0.1745329252,75.40844097,98.96902673,20,1,1,safe,
-0.127335374,-0.0782695236,0.2617993878,75.40844097,98.96902673,30,1,1,safe,
-0.127335374,-0.0782695236,0.3490658504,75.40844097,98.96902673,40,1,1,safe,
-0.127335374,-0.0782695236,0.436332313,75.40844097,98.96902673,50,1,1,safe,
-0.127335374,-0.0782695236,0.5235987756,75.40844097,98.96902673,60,1,1,safe,
-0.127335374,-0.0782695236,0.6108652382,75.40844097,98.96902673,70,1,1,safe,
-0.127335374,-0.0782695236,0.6981317008,75.40844097,98.96902673,80,1,1,safe,
-0.127335374,-0.0782695236,0.7853981634,75.40844097,98.96902673,90,1,1,safe,
-0.127335374,-0.0782695236,0.872664626,75.40844097,98.96902673,100,1,1,safe,
-0.127335374,-0.0782695236,0.9599310886,75.40844097,98.96902673,110,1,1,safe,
-0.127335374,-0.0782695236,1.047197551,75.40844097,98.96902673,120,1,1,safe,
-0.127335374,-0.0782695236,1.134464014,75.40844097,98.96902673,130,1,1,safe,
-0.127335374,-0.0782695236,1.221730476,75.40844097,98.96902673,140,1,1,safe,
-0.127335374,-0.0782695236,1.308996939,75.40844097,98.96902673,150,1,1,safe,
-0.127335374,-0.0782695236,1.396263402,75.40844097,98.96902673,160,1,1,safe,
-0.127335374,-0.0782695236,1.483529864,75.40844097,98.96902673,170,1,1,safe,
-0.127335374,0.008996939,0,75.40844097,88.96902673,0,1,1,safe,
-0.127335374,0.008996939,0.0872664626,75.40844097,88.96902673,10,1,1,safe,
-0.127335374,0.008996939,0.1745329252,75.40844097,88.96902673,20,1,1,safe,
-0.127335374,0.008996939,0.2617993878,75.40844097,88.96902673,30,1,1,safe,
-0.127335374,0.008996939,0.3490658504,75.40844097,88.96902673,40,1,1,safe,
-0.127335374,0.008996939,0.436332313,75.40844097,88.96902673,50,1,1,safe,
-0.127335374,0.008996939,0.5235987756,75.40844097,88.96902673,60,1,1,safe,
-0.127335374,0.008996939,0.6108652382,75.40844097,88.96902673,70,1,1,safe,
-0.127335374,0.008996939,0.6981317008,75.40844097,88.96902673,80,1,1,safe,
-0.127335374,0.008996939,0.7853981634,75.40844097,88.96902673,90,1,1,safe,
-0.127335374,0.008996939,0.872664626,75.40844097,88.96902673,100,1,1,safe,
-0.127335374,0.008996939,0.9599310886,75.40844097,88.96902673,110,1,1,safe,
-0.127335374,0.008996939,1.047197551,75.40844097,88.96902673,120,1,1,safe,
-0.127335374,0.008996939,1.134464014,75.40844097,88.96902673,130,1,1,safe,
-0.127335374,0.008996939,1.221730476,75.40844097,88.96902673,140,1,1,safe,
-0.127335374,0.008996939,1.308996939,75.40844097,88.96902673,150,1,1,safe,
-0.127335374,0.008996939,1.396263402,75.40844097,88.96902673,160,1,1,safe,
-0.127335374,0.008996939,1.483529864,75.40844097,88.96902673,170,1,1,safe,
-0.127335374,0.0962634016,0,75.40844097,78.96902673,0,1,1,safe,
-0.127335374,0.0962634016,0.0872664626,75.40844097,78.96902673,10,1,1,safe,
-0.127335374,0.0962634016,0.1745329252,75.40844097,78.96902673,20,1,1,safe,
-0.127335374,0.0962634016,0.2617993878,75.40844097,78.96902673,30,1,1,safe,
-0.127335374,0.0962634016,0.3490658504,75.40844097,78.96902673,40,1,1,safe,
-0.127335374,0.0962634016,0.436332313,75.40844097,78.96902673,50,1,1,safe,
-0.127335374,0.0962634016,0.5235987756,75.40844097,78.96902673,60,1,1,safe,
-0.127335374,0.0962634016,0.6108652382,75.40844097,78.96902673,70,1,1,safe,
-0.127335374,0.0962634016,0.6981317008,75.40844097,78.96902673,80,1,1,safe,
-0.127335374,0.0962634016,0.7853981634,75.40844097,78.96902673,90,1,1,safe,
-0.127335374,0.0962634016,0.872664626,75.40844097,78.96902673,100,1,1,safe,
-0.127335374,0.0962634016,0.9599310886,75.40844097,78.96902673,110,1,1,safe,
-0.127335374,0.0962634016,1.047197551,75.40844097,78.96902673,120,1,1,safe,
-0.127335374,0.0962634016,1.134464014,75.40844097,78.96902673,130,1,1,safe,
-0.127335374,0.0962634016,1.221730476,75.40844097,78.96902673,140,1,1,safe,
-0.127335374,0.0962634016,1.308996939,75.40844097,78.96902673,150,1,1,safe,
-0.127335374,0.0962634016,1.396263402,75.40844097,78.96902673,160,1,1,safe,
-0.127335374,0.0962634016,1.483529864,75.40844097,78.96902673,170,1,1,safe,
-0.127335374,0.1835298642,0,75.40844097,68.96902673,0,1,1,safe,
-0.127335374,0.1835298642,0.0872664626,75.40844097,68.96902673,10,1,1,safe,
-0.127335374,0.1835298642,0.1745329252,75.40844097,68.96902673,20,1,1,safe,
-0.127335374,0.1835298642,0.2617993878,75.40844097,68.96902673,30,1,1,safe,
-0.127335374,0.1835298642,0.3490658504,75.40844097,68.96902673,40,1,1,safe,
-0.127335374,0.1835298642,0.436332313,75.40844097,68.96902673,50,1,1,safe,
-0.127335374,0.1835298642,0.5235987756,75.40844097,68.96902673,60,1,1,safe,
-0.127335374,0.1835298642,0.6108652382,75.40844097,68.96902673,70,1,1,safe,
-0.127335374,0.1835298642,0.6981317008,75.40844097,68.96902673,80,1,1,safe,
-0.127335374,0.1835298642,0.7853981634,75.40844097,68.96902673,90,1,1,safe,
-0.127335374,0.1835298642,0.872664626,75.40844097,68.96902673,100,1,1,safe,
-0.127335374,0.1835298642,0.9599310886,75.40844097,68.96902673,110,1,1,safe,
-0.127335374,0.1835298642,1.047197551,75.40844097,68.96902673,120,1,1,safe,
-0.127335374,0.1835298642,1.134464014,75.40844097,68.96902673,130,1,1,safe,
-0.127335374,0.1835298642,1.221730476,75.40844097,68.96902673,140,1,1,safe,
-0.127335374,0.1835298642,1.308996939,75.40844097,68.96902673,150,1,1,safe,
-0.127335374,0.1835298642,1.396263402,75.40844097,68.96902673,160,1,1,safe,
-0.127335374,0.1835298642,1.483529864,75.40844097,68.96902673,170,1,1,safe,
-0.127335374,0.2707963268,0,75.40844097,58.96902673,0,1,1,safe,
-0.127335374,0.2707963268,0.0872664626,75.40844097,58.96902673,10,1,1,safe,
-0.127335374,0.2707963268,0.1745329252,75.40844097,58.96902673,20,1,1,safe,
-0.127335374,0.2707963268,0.2617993878,75.40844097,58.96902673,30,1,1,safe,
-0.127335374,0.2707963268,0.3490658504,75.40844097,58.96902673,40,1,1,safe,
-0.127335374,0.2707963268,0.436332313,75.40844097,58.96902673,50,1,1,safe,
-0.127335374,0.2707963268,0.5235987756,75.40844097,58.96902673,60,1,1,safe,
-0.127335374,0.2707963268,0.6108652382,75.40844097,58.96902673,70,1,1,safe,
-0.127335374,0.2707963268,0.6981317008,75.40844097,58.96902673,80,1,1,safe,
-0.127335374,0.2707963268,0.7853981634,75.40844097,58.96902673,90,1,1,safe,
-0.127335374,0.2707963268,0.872664626,75.40844097,58.96902673,100,1,1,safe,
-0.127335374,0.2707963268,0.9599310886,75.40844097,58.96902673,110,1,1,safe,
-0.127335374,0.2707963268,1.047197551,75.40844097,58.96902673,120,1,1,safe,
-0.127335374,0.2707963268,1.134464014,75.40844097,58.96902673,130,1,1,safe,
-0.127335374,0.2707963268,1.221730476,75.40844097,58.96902673,140,1,1,safe,
-0.127335374,0.2707963268,1.308996939,75.40844097,58.96902673,150,1,1,safe,
-0.127335374,0.2707963268,1.396263402,75.40844097,58.96902673,160,1,1,safe,
-0.127335374,0.2707963268,1.483529864,75.40844097,58.96902673,170,1,1,safe,
-0.127335374,0.3580627894,0,75.40844097,48.96902673,0,1,1,safe,
-0.127335374,0.3580627894,0.0872664626,75.40844097,48.96902673,10,1,1,safe,
-0.127335374,0.3580627894,0.1745329252,75.40844097,48.96902673,20,1,1,safe,
-0.127335374,0.3580627894,0.2617993878,75.40844097,48.96902673,30,1,1,safe,
-0.127335374,0.3580627894,0.3490658504,75.40844097,48.96902673,40,1,1,safe,
-0.127335374,0.3580627894,0.436332313,75.40844097,48.96902673,50,1,1,safe,
-0.127335374,0.3580627894,0.5235987756,75.40844097,48.96902673,60,1,1,safe,
-0.127335374,0.3580627894,0.6108652382,75.40844097,48.96902673,70,1,1,safe,
-0.127335374,0.3580627894,0.6981317008,75.40844097,48.96902673,80,1,1,safe,
-0.127335374,0.3580627894,0.7853981634,75.40844097,48.96902673,90,1,1,safe,
-0.127335374,0.3580627894,0.872664626,75.40844097,48.96902673,100,1,1,safe,
-0.127335374,0.3580627894,0.9599310886,75.40844097,48.96902673,110,1,1,safe,
-0.127335374,0.3580627894,1.047197551,75.40844097,48.96902673,120,1,1,safe,
-0.127335374,0.3580627894,1.134464014,75.40844097,48.96902673,130,1,1,safe,
-0.127335374,0.3580627894,1.221730476,75.40844097,48.96902673,140,1,1,safe,
-0.127335374,0.3580627894,1.308996939,75.40844097,48.96902673,150,1,1,safe,
-0.127335374,0.3580627894,1.396263402,75.40844097,48.96902673,160,1,1,safe,
-0.127335374,0.3580627894,1.483529864,75.40844097,48.96902673,170,1,1,safe,
-0.127335374,0.445329252,0,75.40844097,38.96902673,0,1,1,safe,
-0.127335374,0.445329252,0.0872664626,75.40844097,38.96902673,10,1,1,safe,
-0.127335374,0.445329252,0.1745329252,75.40844097,38.96902673,20,1,1,safe,
-0.127335374,0.445329252,0.2617993878,75.40844097,38.96902673,30,1,1,safe,
-0.127335374,0.445329252,0.3490658504,75.40844097,38.96902673,40,1,1,safe,
-0.127335374,0.445329252,0.436332313,75.40844097,38.96902673,50,1,1,safe,
-0.127335374,0.445329252,0.5235987756,75.40844097,38.96902673,60,1,1,safe,
-0.127335374,0.445329252,0.6108652382,75.40844097,38.96902673,70,1,1,safe,
-0.127335374,0.445329252,0.6981317008,75.40844097,38.96902673,80,1,1,safe,
-0.127335374,0.445329252,0.7853981634,75.40844097,38.96902673,90,1,1,safe,
-0.127335374,0.445329252,0.872664626,75.40844097,38.96902673,100,1,1,safe,
-0.127335374,0.445329252,0.9599310886,75.40844097,38.96902673,110,1,1,safe,
-0.127335374,0.445329252,1.047197551,75.40844097,38.96902673,120,1,1,safe,
-0.127335374,0.445329252,1.134464014,75.40844097,38.96902673,130,1,1,safe,
-0.127335374,0.445329252,1.221730476,75.40844097,38.96902673,140,1,1,safe,
-0.127335374,0.445329252,1.308996939,75.40844097,38.96902673,150,1,1,safe,
-0.127335374,0.445329252,1.396263402,75.40844097,38.96902673,160,1,1,safe,
-0.127335374,0.445329252,1.483529864,75.40844097,38.96902673,170,1,1,safe,
-0.127335374,0.5325957146,0,75.40844097,28.96902673,0,1,1,safe,
-0.127335374,0.5325957146,0.0872664626,75.40844097,28.96902673,10,1,1,safe,
-0.127335374,0.5325957146,0.1745329252,75.40844097,28.96902673,20,1,1,safe,
-0.127335374,0.5325957146,0.2617993878,75.40844097,28.96902673,30,1,1,safe,
-0.127335374,0.5325957146,0.3490658504,75.40844097,28.96902673,40,1,1,safe,
-0.127335374,0.5325957146,0.436332313,75.40844097,28.96902673,50,1,1,safe,
-0.127335374,0.5325957146,0.5235987756,75.40844097,28.96902673,60,1,1,safe,
-0.127335374,0.5325957146,0.6108652382,75.40844097,28.96902673,70,1,1,safe,
-0.127335374,0.5325957146,0.6981317008,75.40844097,28.96902673,80,1,1,safe,
-0.127335374,0.5325957146,0.7853981634,75.40844097,28.96902673,90,1,1,safe,
-0.127335374,0.5325957146,0.872664626,75.40844097,28.96902673,100,1,1,safe,
-0.127335374,0.5325957146,0.9599310886,75.40844097,28.96902673,110,1,1,safe,
-0.127335374,0.5325957146,1.047197551,75.40844097,28.96902673,120,1,1,safe,
-0.127335374,0.5325957146,1.134464014,75.40844097,28.96902673,130,1,1,safe,
-0.127335374,0.5325957146,1.221730476,75.40844097,28.96902673,140,1,1,safe,
-0.127335374,0.5325957146,1.308996939,75.40844097,28.96902673,150,1,1,safe,
-0.127335374,0.5325957146,1.396263402,75.40844097,28.96902673,160,1,1,safe,
-0.127335374,0.5325957146,1.483529864,75.40844097,28.96902673,170,1,1,safe,
-0.127335374,0.6198621772,0,75.40844097,18.96902673,0,1,1,safe,
-0.127335374,0.6198621772,0.0872664626,75.40844097,18.96902673,10,1,1,safe,
-0.127335374,0.6198621772,0.1745329252,75.40844097,18.96902673,20,1,1,safe,
-0.127335374,0.6198621772,0.2617993878,75.40844097,18.96902673,30,1,1,safe,
-0.127335374,0.6198621772,0.3490658504,75.40844097,18.96902673,40,1,1,safe,
-0.127335374,0.6198621772,0.436332313,75.40844097,18.96902673,50,1,1,safe,
-0.127335374,0.6198621772,0.5235987756,75.40844097,18.96902673,60,1,1,safe,
-0.127335374,0.6198621772,0.6108652382,75.40844097,18.96902673,70,1,1,safe,
-0.127335374,0.6198621772,0.6981317008,75.40844097,18.96902673,80,1,1,safe,
-0.127335374,0.6198621772,0.7853981634,75.40844097,18.96902673,90,1,1,safe,
-0.127335374,0.6198621772,0.872664626,75.40844097,18.96902673,100,1,1,safe,
-0.127335374,0.6198621772,0.9599310886,75.40844097,18.96902673,110,1,1,safe,
-0.127335374,0.6198621772,1.047197551,75.40844097,18.96902673,120,1,1,safe,
-0.127335374,0.6198621772,1.134464014,75.40844097,18.96902673,130,1,1,safe,
-0.127335374,0.6198621772,1.221730476,75.40844097,18.96902673,140,1,1,safe,
-0.127335374,0.6198621772,1.308996939,75.40844097,18.96902673,150,1,1,safe,
-0.127335374,0.6198621772,1.396263402,75.40844097,18.96902673,160,1,1,safe,
-0.127335374,0.6198621772,1.483529864,75.40844097,18.96902673,170,1,1,safe,
-0.127335374,0.7071286398,0,75.40844097,8.969026733,0,1,1,safe,
-0.127335374,0.7071286398,0.0872664626,75.40844097,8.969026733,10,1,1,safe,
-0.127335374,0.7071286398,0.1745329252,75.40844097,8.969026733,20,1,1,safe,
-0.127335374,0.7071286398,0.2617993878,75.40844097,8.969026733,30,1,1,safe,
-0.127335374,0.7071286398,0.3490658504,75.40844097,8.969026733,40,1,1,safe,
-0.127335374,0.7071286398,0.436332313,75.40844097,8.969026733,50,1,1,safe,
-0.127335374,0.7071286398,0.5235987756,75.40844097,8.969026733,60,1,1,safe,
-0.127335374,0.7071286398,0.6108652382,75.40844097,8.969026733,70,1,1,safe,
-0.127335374,0.7071286398,0.6981317008,75.40844097,8.969026733,80,1,1,safe,
-0.127335374,0.7071286398,0.7853981634,75.40844097,8.969026733,90,1,1,safe,
-0.127335374,0.7071286398,0.872664626,75.40844097,8.969026733,100,1,1,safe,
-0.127335374,0.7071286398,0.9599310886,75.40844097,8.969026733,110,1,1,safe,
-0.127335374,0.7071286398,1.047197551,75.40844097,8.969026733,120,1,1,safe,
-0.127335374,0.7071286398,1.134464014,75.40844097,8.969026733,130,1,1,safe,
-0.127335374,0.7071286398,1.221730476,75.40844097,8.969026733,140,1,1,safe,
-0.127335374,0.7071286398,1.308996939,75.40844097,8.969026733,150,1,1,safe,
-0.127335374,0.7071286398,1.396263402,75.40844097,8.969026733,160,1,1,safe,
-0.127335374,0.7071286398,1.483529864,75.40844097,8.969026733,170,1,1,safe,
-0.0400689114,-0.7764012244,0,85.40844097,178.9690267,0,1,1,safe,
-0.0400689114,-0.7764012244,0.0872664626,85.40844097,178.9690267,10,1,1,safe,
-0.0400689114,-0.7764012244,0.1745329252,85.40844097,178.9690267,20,1,1,safe,
-0.0400689114,-0.7764012244,0.2617993878,85.40844097,178.9690267,30,1,1,safe,
-0.0400689114,-0.7764012244,0.3490658504,85.40844097,178.9690267,40,1,1,safe,
-0.0400689114,-0.7764012244,0.436332313,85.40844097,178.9690267,50,1,1,safe,
-0.0400689114,-0.7764012244,0.5235987756,85.40844097,178.9690267,60,1,1,safe,
-0.0400689114,-0.7764012244,0.6108652382,85.40844097,178.9690267,70,1,1,safe,
-0.0400689114,-0.7764012244,0.6981317008,85.40844097,178.9690267,80,1,1,safe,
-0.0400689114,-0.7764012244,0.7853981634,85.40844097,178.9690267,90,1,1,safe,
-0.0400689114,-0.7764012244,0.872664626,85.40844097,178.9690267,100,1,1,safe,
-0.0400689114,-0.7764012244,0.9599310886,85.40844097,178.9690267,110,1,1,safe,
-0.0400689114,-0.7764012244,1.047197551,85.40844097,178.9690267,120,1,1,safe,
-0.0400689114,-0.7764012244,1.134464014,85.40844097,178.9690267,130,1,1,safe,
-0.0400689114,-0.7764012244,1.221730476,85.40844097,178.9690267,140,1,1,safe,
-0.0400689114,-0.7764012244,1.308996939,85.40844097,178.9690267,150,1,1,safe,
-0.0400689114,-0.7764012244,1.396263402,85.40844097,178.9690267,160,1,1,safe,
-0.0400689114,-0.7764012244,1.483529864,85.40844097,178.9690267,170,1,1,safe,
-0.0400689114,-0.6891347618,0,85.40844097,168.9690267,0,1,1,safe,
-0.0400689114,-0.6891347618,0.0872664626,85.40844097,168.9690267,10,1,1,safe,
-0.0400689114,-0.6891347618,0.1745329252,85.40844097,168.9690267,20,1,1,safe,
-0.0400689114,-0.6891347618,0.2617993878,85.40844097,168.9690267,30,1,1,safe,
-0.0400689114,-0.6891347618,0.3490658504,85.40844097,168.9690267,40,1,1,safe,
-0.0400689114,-0.6891347618,0.436332313,85.40844097,168.9690267,50,1,1,safe,
-0.0400689114,-0.6891347618,0.5235987756,85.40844097,168.9690267,60,1,1,safe,
-0.0400689114,-0.6891347618,0.6108652382,85.40844097,168.9690267,70,1,1,safe,
-0.0400689114,-0.6891347618,0.6981317008,85.40844097,168.9690267,80,1,1,safe,
-0.0400689114,-0.6891347618,0.7853981634,85.40844097,168.9690267,90,1,1,safe,
-0.0400689114,-0.6891347618,0.872664626,85.40844097,168.9690267,100,1,1,safe,
-0.0400689114,-0.6891347618,0.9599310886,85.40844097,168.9690267,110,1,1,safe,
-0.0400689114,-0.6891347618,1.047197551,85.40844097,168.9690267,120,1,1,safe,
-0.0400689114,-0.6891347618,1.134464014,85.40844097,168.9690267,130,1,1,safe,
-0.0400689114,-0.6891347618,1.221730476,85.40844097,168.9690267,140,1,1,safe,
-0.0400689114,-0.6891347618,1.308996939,85.40844097,168.9690267,150,1,1,safe,
-0.0400689114,-0.6891347618,1.396263402,85.40844097,168.9690267,160,1,1,safe,
-0.0400689114,-0.6891347618,1.483529864,85.40844097,168.9690267,170,1,1,safe,
-0.0400689114,-0.6018682992,0,85.40844097,158.9690267,0,1,1,safe,
-0.0400689114,-0.6018682992,0.0872664626,85.40844097,158.9690267,10,1,1,safe,
-0.0400689114,-0.6018682992,0.1745329252,85.40844097,158.9690267,20,1,1,safe,
-0.0400689114,-0.6018682992,0.2617993878,85.40844097,158.9690267,30,1,1,safe,
-0.0400689114,-0.6018682992,0.3490658504,85.40844097,158.9690267,40,1,1,safe,
-0.0400689114,-0.6018682992,0.436332313,85.40844097,158.9690267,50,1,1,safe,
-0.0400689114,-0.6018682992,0.5235987756,85.40844097,158.9690267,60,1,1,safe,
-0.0400689114,-0.6018682992,0.6108652382,85.40844097,158.9690267,70,1,1,safe,
-0.0400689114,-0.6018682992,0.6981317008,85.40844097,158.9690267,80,1,1,safe,
-0.0400689114,-0.6018682992,0.7853981634,85.40844097,158.9690267,90,1,1,safe,
-0.0400689114,-0.6018682992,0.872664626,85.40844097,158.9690267,100,1,1,safe,
-0.0400689114,-0.6018682992,0.9599310886,85.40844097,158.9690267,110,1,1,safe,
-0.0400689114,-0.6018682992,1.047197551,85.40844097,158.9690267,120,1,1,safe,
-0.0400689114,-0.6018682992,1.134464014,85.40844097,158.9690267,130,1,1,safe,
-0.0400689114,-0.6018682992,1.221730476,85.40844097,158.9690267,140,1,1,safe,
-0.0400689114,-0.6018682992,1.308996939,85.40844097,158.9690267,150,1,1,safe,
-0.0400689114,-0.6018682992,1.396263402,85.40844097,158.9690267,160,1,1,safe,
-0.0400689114,-0.6018682992,1.483529864,85.40844097,158.9690267,170,1,1,safe,
-0.0400689114,-0.5146018366,0,85.40844097,148.9690267,0,1,1,safe,
-0.0400689114,-0.5146018366,0.0872664626,85.40844097,148.9690267,10,1,1,safe,
-0.0400689114,-0.5146018366,0.1745329252,85.40844097,148.9690267,20,1,1,safe,
-0.0400689114,-0.5146018366,0.2617993878,85.40844097,148.9690267,30,1,1,safe,
-0.0400689114,-0.5146018366,0.3490658504,85.40844097,148.9690267,40,1,1,safe,
-0.0400689114,-0.5146018366,0.436332313,85.40844097,148.9690267,50,1,1,safe,
-0.0400689114,-0.5146018366,0.5235987756,85.40844097,148.9690267,60,1,1,safe,
-0.0400689114,-0.5146018366,0.6108652382,85.40844097,148.9690267,70,1,1,safe,
-0.0400689114,-0.5146018366,0.6981317008,85.40844097,148.9690267,80,1,1,safe,
-0.0400689114,-0.5146018366,0.7853981634,85.40844097,148.9690267,90,1,1,safe,
-0.0400689114,-0.5146018366,0.872664626,85.40844097,148.9690267,100,1,1,safe,
-0.0400689114,-0.5146018366,0.9599310886,85.40844097,148.9690267,110,1,1,safe,
-0.0400689114,-0.5146018366,1.047197551,85.40844097,148.9690267,120,1,1,safe,
-0.0400689114,-0.5146018366,1.134464014,85.40844097,148.9690267,130,1,1,safe,
-0.0400689114,-0.5146018366,1.221730476,85.40844097,148.9690267,140,1,1,safe,
-0.0400689114,-0.5146018366,1.308996939,85.40844097,148.9690267,150,1,1,safe,
-0.0400689114,-0.5146018366,1.396263402,85.40844097,148.9690267,160,1,1,safe,
-0.0400689114,-0.5146018366,1.483529864,85.40844097,148.9690267,170,1,1,safe,
-0.0400689114,-0.427335374,0,85.40844097,138.9690267,0,1,1,safe,
-0.0400689114,-0.427335374,0.0872664626,85.40844097,138.9690267,10,1,1,safe,
-0.0400689114,-0.427335374,0.1745329252,85.40844097,138.9690267,20,1,1,safe,
-0.0400689114,-0.427335374,0.2617993878,85.40844097,138.9690267,30,1,1,safe,
-0.0400689114,-0.427335374,0.3490658504,85.40844097,138.9690267,40,1,1,safe,
-0.0400689114,-0.427335374,0.436332313,85.40844097,138.9690267,50,1,1,safe,
-0.0400689114,-0.427335374,0.5235987756,85.40844097,138.9690267,60,1,1,safe,
-0.0400689114,-0.427335374,0.6108652382,85.40844097,138.9690267,70,1,1,safe,
-0.0400689114,-0.427335374,0.6981317008,85.40844097,138.9690267,80,1,1,safe,
-0.0400689114,-0.427335374,0.7853981634,85.40844097,138.9690267,90,1,1,safe,
-0.0400689114,-0.427335374,0.872664626,85.40844097,138.9690267,100,1,1,safe,
-0.0400689114,-0.427335374,0.9599310886,85.40844097,138.9690267,110,1,1,safe,
-0.0400689114,-0.427335374,1.047197551,85.40844097,138.9690267,120,1,1,safe,
-0.0400689114,-0.427335374,1.134464014,85.40844097,138.9690267,130,1,1,safe,
-0.0400689114,-0.427335374,1.221730476,85.40844097,138.9690267,140,1,1,safe,
-0.0400689114,-0.427335374,1.308996939,85.40844097,138.9690267,150,1,1,safe,
-0.0400689114,-0.427335374,1.396263402,85.40844097,138.9690267,160,1,1,safe,
-0.0400689114,-0.427335374,1.483529864,85.40844097,138.9690267,170,1,1,safe,
-0.0400689114,-0.3400689114,0,85.40844097,128.9690267,0,1,1,safe,
-0.0400689114,-0.3400689114,0.0872664626,85.40844097,128.9690267,10,1,1,safe,
-0.0400689114,-0.3400689114,0.1745329252,85.40844097,128.9690267,20,1,1,safe,
-0.0400689114,-0.3400689114,0.2617993878,85.40844097,128.9690267,30,1,1,safe,
-0.0400689114,-0.3400689114,0.3490658504,85.40844097,128.9690267,40,1,1,safe,
-0.0400689114,-0.3400689114,0.436332313,85.40844097,128.9690267,50,1,1,safe,
-0.0400689114,-0.3400689114,0.5235987756,85.40844097,128.9690267,60,1,1,safe,
-0.0400689114,-0.3400689114,0.6108652382,85.40844097,128.9690267,70,1,1,safe,
-0.0400689114,-0.3400689114,0.6981317008,85.40844097,128.9690267,80,1,1,safe,
-0.0400689114,-0.3400689114,0.7853981634,85.40844097,128.9690267,90,1,1,safe,
-0.0400689114,-0.3400689114,0.872664626,85.40844097,128.9690267,100,1,1,safe,
-0.0400689114,-0.3400689114,0.9599310886,85.40844097,128.9690267,110,1,1,safe,
-0.0400689114,-0.3400689114,1.047197551,85.40844097,128.9690267,120,1,1,safe,
-0.0400689114,-0.3400689114,1.134464014,85.40844097,128.9690267,130,1,1,safe,
-0.0400689114,-0.3400689114,1.221730476,85.40844097,128.9690267,140,1,1,safe,
-0.0400689114,-0.3400689114,1.308996939,85.40844097,128.9690267,150,1,1,safe,
-0.0400689114,-0.3400689114,1.396263402,85.40844097,128.9690267,160,1,1,safe,
-0.0400689114,-0.3400689114,1.483529864,85.40844097,128.9690267,170,1,1,safe,
-0.0400689114,-0.2528024488,0,85.40844097,118.9690267,0,1,1,safe,
-0.0400689114,-0.2528024488,0.0872664626,85.40844097,118.9690267,10,1,1,safe,
-0.0400689114,-0.2528024488,0.1745329252,85.40844097,118.9690267,20,1,1,safe,
-0.0400689114,-0.2528024488,0.2617993878,85.40844097,118.9690267,30,1,1,safe,
-0.0400689114,-0.2528024488,0.3490658504,85.40844097,118.9690267,40,1,1,safe,
-0.0400689114,-0.2528024488,0.436332313,85.40844097,118.9690267,50,1,1,safe,
-0.0400689114,-0.2528024488,0.5235987756,85.40844097,118.9690267,60,1,1,safe,
-0.0400689114,-0.2528024488,0.6108652382,85.40844097,118.9690267,70,1,1,safe,
-0.0400689114,-0.2528024488,0.6981317008,85.40844097,118.9690267,80,1,1,safe,
-0.0400689114,-0.2528024488,0.7853981634,85.40844097,118.9690267,90,1,1,safe,
-0.0400689114,-0.2528024488,0.872664626,85.40844097,118.9690267,100,1,1,safe,
-0.0400689114,-0.2528024488,0.9599310886,85.40844097,118.9690267,110,1,1,safe,
-0.0400689114,-0.2528024488,1.047197551,85.40844097,118.9690267,120,1,1,safe,
-0.0400689114,-0.2528024488,1.134464014,85.40844097,118.9690267,130,1,1,safe,
-0.0400689114,-0.2528024488,1.221730476,85.40844097,118.9690267,140,1,1,safe,
-0.0400689114,-0.2528024488,1.308996939,85.40844097,118.9690267,150,1,1,safe,
-0.0400689114,-0.2528024488,1.396263402,85.40844097,118.9690267,160,1,1,safe,
-0.0400689114,-0.2528024488,1.483529864,85.40844097,118.9690267,170,1,1,safe,
-0.0400689114,-0.1655359862,0,85.40844097,108.9690267,0,1,1,safe,
-0.0400689114,-0.1655359862,0.0872664626,85.40844097,108.9690267,10,1,1,safe,
-0.0400689114,-0.1655359862,0.1745329252,85.40844097,108.9690267,20,1,1,safe,
-0.0400689114,-0.1655359862,0.2617993878,85.40844097,108.9690267,30,1,1,safe,
-0.0400689114,-0.1655359862,0.3490658504,85.40844097,108.9690267,40,1,1,safe,
-0.0400689114,-0.1655359862,0.436332313,85.40844097,108.9690267,50,1,1,safe,
-0.0400689114,-0.1655359862,0.5235987756,85.40844097,108.9690267,60,1,1,safe,
-0.0400689114,-0.1655359862,0.6108652382,85.40844097,108.9690267,70,1,1,safe,
-0.0400689114,-0.1655359862,0.6981317008,85.40844097,108.9690267,80,1,1,safe,
-0.0400689114,-0.1655359862,0.7853981634,85.40844097,108.9690267,90,1,1,safe,
-0.0400689114,-0.1655359862,0.872664626,85.40844097,108.9690267,100,1,1,safe,
-0.0400689114,-0.1655359862,0.9599310886,85.40844097,108.9690267,110,1,1,safe,
-0.0400689114,-0.1655359862,1.047197551,85.40844097,108.9690267,120,1,1,safe,
-0.0400689114,-0.1655359862,1.134464014,85.40844097,108.9690267,130,1,1,safe,
-0.0400689114,-0.1655359862,1.221730476,85.40844097,108.9690267,140,1,1,safe,
-0.0400689114,-0.1655359862,1.308996939,85.40844097,108.9690267,150,1,1,safe,
-0.0400689114,-0.1655359862,1.396263402,85.40844097,108.9690267,160,1,1,safe,
-0.0400689114,-0.1655359862,1.483529864,85.40844097,108.9690267,170,1,1,safe,
-0.0400689114,-0.0782695236,0,85.40844097,98.96902673,0,1,1,safe,
-0.0400689114,-0.0782695236,0.0872664626,85.40844097,98.96902673,10,1,1,safe,
-0.0400689114,-0.0782695236,0.1745329252,85.40844097,98.96902673,20,1,1,safe,
-0.0400689114,-0.0782695236,0.2617993878,85.40844097,98.96902673,30,1,1,safe,
-0.0400689114,-0.0782695236,0.3490658504,85.40844097,98.96902673,40,1,1,safe,
-0.0400689114,-0.0782695236,0.436332313,85.40844097,98.96902673,50,1,1,safe,
-0.0400689114,-0.0782695236,0.5235987756,85.40844097,98.96902673,60,1,1,safe,
-0.0400689114,-0.0782695236,0.6108652382,85.40844097,98.96902673,70,1,1,safe,
-0.0400689114,-0.0782695236,0.6981317008,85.40844097,98.96902673,80,1,1,safe,
-0.0400689114,-0.0782695236,0.7853981634,85.40844097,98.96902673,90,1,1,safe,
-0.0400689114,-0.0782695236,0.872664626,85.40844097,98.96902673,100,1,1,safe,
-0.0400689114,-0.0782695236,0.9599310886,85.40844097,98.96902673,110,1,1,safe,
-0.0400689114,-0.0782695236,1.047197551,85.40844097,98.96902673,120,1,1,safe,
-0.0400689114,-0.0782695236,1.134464014,85.40844097,98.96902673,130,1,1,safe,
-0.0400689114,-0.0782695236,1.221730476,85.40844097,98.96902673,140,1,1,safe,
-0.0400689114,-0.0782695236,1.308996939,85.40844097,98.96902673,150,1,1,safe,
-0.0400689114,-0.0782695236,1.396263402,85.40844097,98.96902673,160,1,1,safe,
-0.0400689114,-0.0782695236,1.483529864,85.40844097,98.96902673,170,1,1,safe,
-0.0400689114,0.008996939,0,85.40844097,88.96902673,0,1,1,safe,
-0.0400689114,0.008996939,0.0872664626,85.40844097,88.96902673,10,1,1,safe,
-0.0400689114,0.008996939,0.1745329252,85.40844097,88.96902673,20,1,1,safe,
-0.0400689114,0.008996939,0.2617993878,85.40844097,88.96902673,30,1,1,safe,
-0.0400689114,0.008996939,0.3490658504,85.40844097,88.96902673,40,1,1,safe,
-0.0400689114,0.008996939,0.436332313,85.40844097,88.96902673,50,1,1,safe,
-0.0400689114,0.008996939,0.5235987756,85.40844097,88.96902673,60,1,1,safe,
-0.0400689114,0.008996939,0.6108652382,85.40844097,88.96902673,70,1,1,safe,
-0.0400689114,0.008996939,0.6981317008,85.40844097,88.96902673,80,1,1,safe,
-0.0400689114,0.008996939,0.7853981634,85.40844097,88.96902673,90,1,1,safe,
-0.0400689114,0.008996939,0.872664626,85.40844097,88.96902673,100,1,1,safe,
-0.0400689114,0.008996939,0.9599310886,85.40844097,88.96902673,110,1,1,safe,
-0.0400689114,0.008996939,1.047197551,85.40844097,88.96902673,120,1,1,safe,
-0.0400689114,0.008996939,1.134464014,85.40844097,88.96902673,130,1,1,safe,
-0.0400689114,0.008996939,1.221730476,85.40844097,88.96902673,140,1,1,safe,
-0.0400689114,0.008996939,1.308996939,85.40844097,88.96902673,150,1,1,safe,
-0.0400689114,0.008996939,1.396263402,85.40844097,88.96902673,160,1,1,safe,
-0.0400689114,0.008996939,1.483529864,85.40844097,88.96902673,170,1,1,safe,
-0.0400689114,0.0962634016,0,85.40844097,78.96902673,0,1,1,safe,
-0.0400689114,0.0962634016,0.0872664626,85.40844097,78.96902673,10,1,1,safe,
-0.0400689114,0.0962634016,0.1745329252,85.40844097,78.96902673,20,1,1,safe,
-0.0400689114,0.0962634016,0.2617993878,85.40844097,78.96902673,30,1,1,safe,
-0.0400689114,0.0962634016,0.3490658504,85.40844097,78.96902673,40,1,1,safe,
-0.0400689114,0.0962634016,0.436332313,85.40844097,78.96902673,50,1,1,safe,
-0.0400689114,0.0962634016,0.5235987756,85.40844097,78.96902673,60,1,1,safe,
-0.0400689114,0.0962634016,0.6108652382,85.40844097,78.96902673,70,1,1,safe,
-0.0400689114,0.0962634016,0.6981317008,85.40844097,78.96902673,80,1,1,safe,
-0.0400689114,0.0962634016,0.7853981634,85.40844097,78.96902673,90,1,1,safe,
-0.0400689114,0.0962634016,0.872664626,85.40844097,78.96902673,100,1,1,safe,
-0.0400689114,0.0962634016,0.9599310886,85.40844097,78.96902673,110,1,1,safe,
-0.0400689114,0.0962634016,1.047197551,85.40844097,78.96902673,120,1,1,safe,
-0.0400689114,0.0962634016,1.134464014,85.40844097,78.96902673,130,1,1,safe,
-0.0400689114,0.0962634016,1.221730476,85.40844097,78.96902673,140,1,1,safe,
-0.0400689114,0.0962634016,1.308996939,85.40844097,78.96902673,150,1,1,safe,
-0.0400689114,0.0962634016,1.396263402,85.40844097,78.96902673,160,1,1,safe,
-0.0400689114,0.0962634016,1.483529864,85.40844097,78.96902673,170,1,1,safe,
-0.0400689114,0.1835298642,0,85.40844097,68.96902673,0,1,1,safe,
-0.0400689114,0.1835298642,0.0872664626,85.40844097,68.96902673,10,1,1,safe,
-0.0400689114,0.1835298642,0.1745329252,85.40844097,68.96902673,20,1,1,safe,
-0.0400689114,0.1835298642,0.2617993878,85.40844097,68.96902673,30,1,1,safe,
-0.0400689114,0.1835298642,0.3490658504,85.40844097,68.96902673,40,1,1,safe,
-0.0400689114,0.1835298642,0.436332313,85.40844097,68.96902673,50,1,1,safe,
-0.0400689114,0.1835298642,0.5235987756,85.40844097,68.96902673,60,1,1,safe,
-0.0400689114,0.1835298642,0.6108652382,85.40844097,68.96902673,70,1,1,safe,
-0.0400689114,0.1835298642,0.6981317008,85.40844097,68.96902673,80,1,1,safe,
-0.0400689114,0.1835298642,0.7853981634,85.40844097,68.96902673,90,1,1,safe,
-0.0400689114,0.1835298642,0.872664626,85.40844097,68.96902673,100,1,1,safe,
-0.0400689114,0.1835298642,0.9599310886,85.40844097,68.96902673,110,1,1,safe,
-0.0400689114,0.1835298642,1.047197551,85.40844097,68.96902673,120,1,1,safe,
-0.0400689114,0.1835298642,1.134464014,85.40844097,68.96902673,130,1,1,safe,
-0.0400689114,0.1835298642,1.221730476,85.40844097,68.96902673,140,1,1,safe,
-0.0400689114,0.1835298642,1.308996939,85.40844097,68.96902673,150,1,1,safe,
-0.0400689114,0.1835298642,1.396263402,85.40844097,68.96902673,160,1,1,safe,
-0.0400689114,0.1835298642,1.483529864,85.40844097,68.96902673,170,1,1,safe,
-0.0400689114,0.2707963268,0,85.40844097,58.96902673,0,1,1,safe,
-0.0400689114,0.2707963268,0.0872664626,85.40844097,58.96902673,10,1,1,safe,
-0.0400689114,0.2707963268,0.1745329252,85.40844097,58.96902673,20,1,1,safe,
-0.0400689114,0.2707963268,0.2617993878,85.40844097,58.96902673,30,1,1,safe,
-0.0400689114,0.2707963268,0.3490658504,85.40844097,58.96902673,40,1,1,safe,
-0.0400689114,0.2707963268,0.436332313,85.40844097,58.96902673,50,1,1,safe,
-0.0400689114,0.2707963268,0.5235987756,85.40844097,58.96902673,60,1,1,safe,
-0.0400689114,0.2707963268,0.6108652382,85.40844097,58.96902673,70,1,1,safe,
-0.0400689114,0.2707963268,0.6981317008,85.40844097,58.96902673,80,1,1,safe,
-0.0400689114,0.2707963268,0.7853981634,85.40844097,58.96902673,90,1,1,safe,
-0.0400689114,0.2707963268,0.872664626,85.40844097,58.96902673,100,1,1,safe,
-0.0400689114,0.2707963268,0.9599310886,85.40844097,58.96902673,110,1,1,safe,
-0.0400689114,0.2707963268,1.047197551,85.40844097,58.96902673,120,1,1,safe,
-0.0400689114,0.2707963268,1.134464014,85.40844097,58.96902673,130,1,1,safe,
-0.0400689114,0.2707963268,1.221730476,85.40844097,58.96902673,140,1,1,safe,
-0.0400689114,0.2707963268,1.308996939,85.40844097,58.96902673,150,1,1,safe,
-0.0400689114,0.2707963268,1.396263402,85.40844097,58.96902673,160,1,1,safe,
-0.0400689114,0.2707963268,1.483529864,85.40844097,58.96902673,170,1,1,safe,
-0.0400689114,0.3580627894,0,85.40844097,48.96902673,0,1,1,safe,
-0.0400689114,0.3580627894,0.0872664626,85.40844097,48.96902673,10,1,1,safe,
-0.0400689114,0.3580627894,0.1745329252,85.40844097,48.96902673,20,1,1,safe,
-0.0400689114,0.3580627894,0.2617993878,85.40844097,48.96902673,30,1,1,safe,
-0.0400689114,0.3580627894,0.3490658504,85.40844097,48.96902673,40,1,1,safe,
-0.0400689114,0.3580627894,0.436332313,85.40844097,48.96902673,50,1,1,safe,
-0.0400689114,0.3580627894,0.5235987756,85.40844097,48.96902673,60,1,1,safe,
-0.0400689114,0.3580627894,0.6108652382,85.40844097,48.96902673,70,1,1,safe,
-0.0400689114,0.3580627894,0.6981317008,85.40844097,48.96902673,80,1,1,safe,
-0.0400689114,0.3580627894,0.7853981634,85.40844097,48.96902673,90,1,1,safe,
-0.0400689114,0.3580627894,0.872664626,85.40844097,48.96902673,100,1,1,safe,
-0.0400689114,0.3580627894,0.9599310886,85.40844097,48.96902673,110,1,1,safe,
-0.0400689114,0.3580627894,1.047197551,85.40844097,48.96902673,120,1,1,safe,
-0.0400689114,0.3580627894,1.134464014,85.40844097,48.96902673,130,1,1,safe,
-0.0400689114,0.3580627894,1.221730476,85.40844097,48.96902673,140,1,1,safe,
-0.0400689114,0.3580627894,1.308996939,85.40844097,48.96902673,150,1,1,safe,
-0.0400689114,0.3580627894,1.396263402,85.40844097,48.96902673,160,1,1,safe,
-0.0400689114,0.3580627894,1.483529864,85.40844097,48.96902673,170,1,1,safe,
-0.0400689114,0.445329252,0,85.40844097,38.96902673,0,1,1,safe,
-0.0400689114,0.445329252,0.0872664626,85.40844097,38.96902673,10,1,1,safe,
-0.0400689114,0.445329252,0.1745329252,85.40844097,38.96902673,20,1,1,safe,
-0.0400689114,0.445329252,0.2617993878,85.40844097,38.96902673,30,1,1,safe,
-0.0400689114,0.445329252,0.3490658504,85.40844097,38.96902673,40,1,1,safe,
-0.0400689114,0.445329252,0.436332313,85.40844097,38.96902673,50,1,1,safe,
-0.0400689114,0.445329252,0.5235987756,85.40844097,38.96902673,60,1,1,safe,
-0.0400689114,0.445329252,0.6108652382,85.40844097,38.96902673,70,1,1,safe,
-0.0400689114,0.445329252,0.6981317008,85.40844097,38.96902673,80,1,1,safe,
-0.0400689114,0.445329252,0.7853981634,85.40844097,38.96902673,90,1,1,safe,
-0.0400689114,0.445329252,0.872664626,85.40844097,38.96902673,100,1,1,safe,
-0.0400689114,0.445329252,0.9599310886,85.40844097,38.96902673,110,1,1,safe,
-0.0400689114,0.445329252,1.047197551,85.40844097,38.96902673,120,1,1,safe,
-0.0400689114,0.445329252,1.134464014,85.40844097,38.96902673,130,1,1,safe,
-0.0400689114,0.445329252,1.221730476,85.40844097,38.96902673,140,1,1,safe,
-0.0400689114,0.445329252,1.308996939,85.40844097,38.96902673,150,1,1,safe,
-0.0400689114,0.445329252,1.396263402,85.40844097,38.96902673,160,1,1,safe,
-0.0400689114,0.445329252,1.483529864,85.40844097,38.96902673,170,1,1,safe,
-0.0400689114,0.5325957146,0,85.40844097,28.96902673,0,1,1,safe,
-0.0400689114,0.5325957146,0.0872664626,85.40844097,28.96902673,10,1,1,safe,
-0.0400689114,0.5325957146,0.1745329252,85.40844097,28.96902673,20,1,1,safe,
-0.0400689114,0.5325957146,0.2617993878,85.40844097,28.96902673,30,1,1,safe,
-0.0400689114,0.5325957146,0.3490658504,85.40844097,28.96902673,40,1,1,safe,
-0.0400689114,0.5325957146,0.436332313,85.40844097,28.96902673,50,1,1,safe,
-0.0400689114,0.5325957146,0.5235987756,85.40844097,28.96902673,60,1,1,safe,
-0.0400689114,0.5325957146,0.6108652382,85.40844097,28.96902673,70,1,1,safe,
-0.0400689114,0.5325957146,0.6981317008,85.40844097,28.96902673,80,1,1,safe,
-0.0400689114,0.5325957146,0.7853981634,85.40844097,28.96902673,90,1,1,safe,
-0.0400689114,0.5325957146,0.872664626,85.40844097,28.96902673,100,1,1,safe,
-0.0400689114,0.5325957146,0.9599310886,85.40844097,28.96902673,110,1,1,safe,
-0.0400689114,0.5325957146,1.047197551,85.40844097,28.96902673,120,1,1,safe,
-0.0400689114,0.5325957146,1.134464014,85.40844097,28.96902673,130,1,1,safe,
-0.0400689114,0.5325957146,1.221730476,85.40844097,28.96902673,140,1,1,safe,
-0.0400689114,0.5325957146,1.308996939,85.40844097,28.96902673,150,1,1,safe,
-0.0400689114,0.5325957146,1.396263402,85.40844097,28.96902673,160,1,1,safe,
-0.0400689114,0.5325957146,1.483529864,85.40844097,28.96902673,170,1,1,safe,
-0.0400689114,0.6198621772,0,85.40844097,18.96902673,0,1,1,safe,
-0.0400689114,0.6198621772,0.0872664626,85.40844097,18.96902673,10,1,1,safe,
-0.0400689114,0.6198621772,0.1745329252,85.40844097,18.96902673,20,1,1,safe,
-0.0400689114,0.6198621772,0.2617993878,85.40844097,18.96902673,30,1,1,safe,
-0.0400689114,0.6198621772,0.3490658504,85.40844097,18.96902673,40,1,1,safe,
-0.0400689114,0.6198621772,0.436332313,85.40844097,18.96902673,50,1,1,safe,
-0.0400689114,0.6198621772,0.5235987756,85.40844097,18.96902673,60,1,1,safe,
-0.0400689114,0.6198621772,0.6108652382,85.40844097,18.96902673,70,1,1,safe,
-0.0400689114,0.6198621772,0.6981317008,85.40844097,18.96902673,80,1,1,safe,
-0.0400689114,0.6198621772,0.7853981634,85.40844097,18.96902673,90,1,1,safe,
-0.0400689114,0.6198621772,0.872664626,85.40844097,18.96902673,100,1,1,safe,
-0.0400689114,0.6198621772,0.9599310886,85.40844097,18.96902673,110,1,1,safe,
-0.0400689114,0.6198621772,1.047197551,85.40844097,18.96902673,120,1,1,safe,
-0.0400689114,0.6198621772,1.134464014,85.40844097,18.96902673,130,1,1,safe,
-0.0400689114,0.6198621772,1.221730476,85.40844097,18.96902673,140,1,1,safe,
-0.0400689114,0.6198621772,1.308996939,85.40844097,18.96902673,150,1,1,safe,
-0.0400689114,0.6198621772,1.396263402,85.40844097,18.96902673,160,1,1,safe,
-0.0400689114,0.6198621772,1.483529864,85.40844097,18.96902673,170,1,1,safe,
-0.0400689114,0.7071286398,0,85.40844097,8.969026733,0,1,1,safe,
-0.0400689114,0.7071286398,0.0872664626,85.40844097,8.969026733,10,1,1,safe,
-0.0400689114,0.7071286398,0.1745329252,85.40844097,8.969026733,20,1,1,safe,
-0.0400689114,0.7071286398,0.2617993878,85.40844097,8.969026733,30,1,1,safe,
-0.0400689114,0.7071286398,0.3490658504,85.40844097,8.969026733,40,1,1,safe,
-0.0400689114,0.7071286398,0.436332313,85.40844097,8.969026733,50,1,1,safe,
-0.0400689114,0.7071286398,0.5235987756,85.40844097,8.969026733,60,1,1,safe,
-0.0400689114,0.7071286398,0.6108652382,85.40844097,8.969026733,70,1,1,safe,
-0.0400689114,0.7071286398,0.6981317008,85.40844097,8.969026733,80,1,1,safe,
-0.0400689114,0.7071286398,0.7853981634,85.40844097,8.969026733,90,1,1,safe,
-0.0400689114,0.7071286398,0.872664626,85.40844097,8.969026733,100,1,1,safe,
-0.0400689114,0.7071286398,0.9599310886,85.40844097,8.969026733,110,1,1,safe,
-0.0400689114,0.7071286398,1.047197551,85.40844097,8.969026733,120,1,1,safe,
-0.0400689114,0.7071286398,1.134464014,85.40844097,8.969026733,130,1,1,safe,
-0.0400689114,0.7071286398,1.221730476,85.40844097,8.969026733,140,1,1,safe,
-0.0400689114,0.7071286398,1.308996939,85.40844097,8.969026733,150,1,1,safe,
-0.0400689114,0.7071286398,1.396263402,85.40844097,8.969026733,160,1,1,safe,
-0.0400689114,0.7071286398,1.483529864,85.40844097,8.969026733,170,1,1,safe,
0.0471975512,-0.7764012244,0,95.40844097,178.9690267,0,1,1,safe,
0.0471975512,-0.7764012244,0.0872664626,95.40844097,178.9690267,10,1,1,safe,
0.0471975512,-0.7764012244,0.1745329252,95.40844097,178.9690267,20,1,1,safe,
0.0471975512,-0.7764012244,0.2617993878,95.40844097,178.9690267,30,1,1,safe,
0.0471975512,-0.7764012244,0.3490658504,95.40844097,178.9690267,40,1,1,safe,
0.0471975512,-0.7764012244,0.436332313,95.40844097,178.9690267,50,1,1,safe,
0.0471975512,-0.7764012244,0.5235987756,95.40844097,178.9690267,60,1,1,safe,
0.0471975512,-0.7764012244,0.6108652382,95.40844097,178.9690267,70,1,1,safe,
0.0471975512,-0.7764012244,0.6981317008,95.40844097,178.9690267,80,1,1,safe,
0.0471975512,-0.7764012244,0.7853981634,95.40844097,178.9690267,90,1,1,safe,
0.0471975512,-0.7764012244,0.872664626,95.40844097,178.9690267,100,1,1,safe,
0.0471975512,-0.7764012244,0.9599310886,95.40844097,178.9690267,110,1,1,safe,
0.0471975512,-0.7764012244,1.047197551,95.40844097,178.9690267,120,1,1,safe,
0.0471975512,-0.7764012244,1.134464014,95.40844097,178.9690267,130,1,1,safe,
0.0471975512,-0.7764012244,1.221730476,95.40844097,178.9690267,140,1,1,safe,
0.0471975512,-0.7764012244,1.308996939,95.40844097,178.9690267,150,1,1,safe,
0.0471975512,-0.7764012244,1.396263402,95.40844097,178.9690267,160,1,1,safe,
0.0471975512,-0.7764012244,1.483529864,95.40844097,178.9690267,170,1,1,safe,
0.0471975512,-0.6891347618,0,95.40844097,168.9690267,0,1,1,safe,
0.0471975512,-0.6891347618,0.0872664626,95.40844097,168.9690267,10,1,1,safe,
0.0471975512,-0.6891347618,0.1745329252,95.40844097,168.9690267,20,1,1,safe,
0.0471975512,-0.6891347618,0.2617993878,95.40844097,168.9690267,30,1,1,safe,
0.0471975512,-0.6891347618,0.3490658504,95.40844097,168.9690267,40,1,1,safe,
0.0471975512,-0.6891347618,0.436332313,95.40844097,168.9690267,50,1,1,safe,
0.0471975512,-0.6891347618,0.5235987756,95.40844097,168.9690267,60,1,1,safe,
0.0471975512,-0.6891347618,0.6108652382,95.40844097,168.9690267,70,1,1,safe,
0.0471975512,-0.6891347618,0.6981317008,95.40844097,168.9690267,80,1,1,safe,
0.0471975512,-0.6891347618,0.7853981634,95.40844097,168.9690267,90,1,1,safe,
0.0471975512,-0.6891347618,0.872664626,95.40844097,168.9690267,100,1,1,safe,
0.0471975512,-0.6891347618,0.9599310886,95.40844097,168.9690267,110,1,1,safe,
0.0471975512,-0.6891347618,1.047197551,95.40844097,168.9690267,120,1,1,safe,
0.0471975512,-0.6891347618,1.134464014,95.40844097,168.9690267,130,1,1,safe,
0.0471975512,-0.6891347618,1.221730476,95.40844097,168.9690267,140,1,1,safe,
0.0471975512,-0.6891347618,1.308996939,95.40844097,168.9690267,150,1,1,safe,
0.0471975512,-0.6891347618,1.396263402,95.40844097,168.9690267,160,1,1,safe,
0.0471975512,-0.6891347618,1.483529864,95.40844097,168.9690267,170,1,1,safe,
0.0471975512,-0.6018682992,0,95.40844097,158.9690267,0,1,1,safe,
0.0471975512,-0.6018682992,0.0872664626,95.40844097,158.9690267,10,1,1,safe,
0.0471975512,-0.6018682992,0.1745329252,95.40844097,158.9690267,20,1,1,safe,
0.0471975512,-0.6018682992,0.2617993878,95.40844097,158.9690267,30,1,1,safe,
0.0471975512,-0.6018682992,0.3490658504,95.40844097,158.9690267,40,1,1,safe,
0.0471975512,-0.6018682992,0.436332313,95.40844097,158.9690267,50,1,1,safe,
0.0471975512,-0.6018682992,0.5235987756,95.40844097,158.9690267,60,1,1,safe,
0.0471975512,-0.6018682992,0.6108652382,95.40844097,158.9690267,70,1,1,safe,
0.0471975512,-0.6018682992,0.6981317008,95.40844097,158.9690267,80,1,1,safe,
0.0471975512,-0.6018682992,0.7853981634,95.40844097,158.9690267,90,1,1,safe,
0.0471975512,-0.6018682992,0.872664626,95.40844097,158.9690267,100,1,1,safe,
0.0471975512,-0.6018682992,0.9599310886,95.40844097,158.9690267,110,1,1,safe,
0.0471975512,-0.6018682992,1.047197551,95.40844097,158.9690267,120,1,1,safe,
0.0471975512,-0.6018682992,1.134464014,95.40844097,158.9690267,130,1,1,safe,
0.0471975512,-0.6018682992,1.221730476,95.40844097,158.9690267,140,1,1,safe,
0.0471975512,-0.6018682992,1.308996939,95.40844097,158.9690267,150,1,1,safe,
0.0471975512,-0.6018682992,1.396263402,95.40844097,158.9690267,160,1,1,safe,
0.0471975512,-0.6018682992,1.483529864,95.40844097,158.9690267,170,1,1,safe,
0.0471975512,-0.5146018366,0,95.40844097,148.9690267,0,1,1,safe,
0.0471975512,-0.5146018366,0.0872664626,95.40844097,148.9690267,10,1,1,safe,
0.0471975512,-0.5146018366,0.1745329252,95.40844097,148.9690267,20,1,1,safe,
0.0471975512,-0.5146018366,0.2617993878,95.40844097,148.9690267,30,1,1,safe,
0.0471975512,-0.5146018366,0.3490658504,95.40844097,148.9690267,40,1,1,safe,
0.0471975512,-0.5146018366,0.436332313,95.40844097,148.9690267,50,1,1,safe,
0.0471975512,-0.5146018366,0.5235987756,95.40844097,148.9690267,60,1,1,safe,
0.0471975512,-0.5146018366,0.6108652382,95.40844097,148.9690267,70,1,1,safe,
0.0471975512,-0.5146018366,0.6981317008,95.40844097,148.9690267,80,1,1,safe,
0.0471975512,-0.5146018366,0.7853981634,95.40844097,148.9690267,90,1,1,safe,
0.0471975512,-0.5146018366,0.872664626,95.40844097,148.9690267,100,1,1,safe,
0.0471975512,-0.5146018366,0.9599310886,95.40844097,148.9690267,110,1,1,safe,
0.0471975512,-0.5146018366,1.047197551,95.40844097,148.9690267,120,1,1,safe,
0.0471975512,-0.5146018366,1.134464014,95.40844097,148.9690267,130,1,1,safe,
0.0471975512,-0.5146018366,1.221730476,95.40844097,148.9690267,140,1,1,safe,
0.0471975512,-0.5146018366,1.308996939,95.40844097,148.9690267,150,1,1,safe,
0.0471975512,-0.5146018366,1.396263402,95.40844097,148.9690267,160,1,1,safe,
0.0471975512,-0.5146018366,1.483529864,95.40844097,148.9690267,170,1,1,safe,
0.0471975512,-0.427335374,0,95.40844097,138.9690267,0,1,1,safe,
0.0471975512,-0.427335374,0.0872664626,95.40844097,138.9690267,10,1,1,safe,
0.0471975512,-0.427335374,0.1745329252,95.40844097,138.9690267,20,1,1,safe,
0.0471975512,-0.427335374,0.2617993878,95.40844097,138.9690267,30,1,1,safe,
0.0471975512,-0.427335374,0.3490658504,95.40844097,138.9690267,40,1,1,safe,
0.0471975512,-0.427335374,0.436332313,95.40844097,138.9690267,50,1,1,safe,
0.0471975512,-0.427335374,0.5235987756,95.40844097,138.9690267,60,1,1,safe,
0.0471975512,-0.427335374,0.6108652382,95.40844097,138.9690267,70,1,1,safe,
0.0471975512,-0.427335374,0.6981317008,95.40844097,138.9690267,80,1,1,safe,
0.0471975512,-0.427335374,0.7853981634,95.40844097,138.9690267,90,1,1,safe,
0.0471975512,-0.427335374,0.872664626,95.40844097,138.9690267,100,1,1,safe,
0.0471975512,-0.427335374,0.9599310886,95.40844097,138.9690267,110,1,1,safe,
0.0471975512,-0.427335374,1.047197551,95.40844097,138.9690267,120,1,1,safe,
0.0471975512,-0.427335374,1.134464014,95.40844097,138.9690267,130,1,1,safe,
0.0471975512,-0.427335374,1.221730476,95.40844097,138.9690267,140,1,1,safe,
0.0471975512,-0.427335374,1.308996939,95.40844097,138.9690267,150,1,1,safe,
0.0471975512,-0.427335374,1.396263402,95.40844097,138.9690267,160,1,1,safe,
0.0471975512,-0.427335374,1.483529864,95.40844097,138.9690267,170,1,1,safe,
0.0471975512,-0.3400689114,0,95.40844097,128.9690267,0,1,1,safe,
0.0471975512,-0.3400689114,0.0872664626,95.40844097,128.9690267,10,1,1,safe,
0.0471975512,-0.3400689114,0.1745329252,95.40844097,128.9690267,20,1,1,safe,
0.0471975512,-0.3400689114,0.2617993878,95.40844097,128.9690267,30,1,1,safe,
0.0471975512,-0.3400689114,0.3490658504,95.40844097,128.9690267,40,1,1,safe,
0.0471975512,-0.3400689114,0.436332313,95.40844097,128.9690267,50,1,1,safe,
0.0471975512,-0.3400689114,0.5235987756,95.40844097,128.9690267,60,1,1,safe,
0.0471975512,-0.3400689114,0.6108652382,95.40844097,128.9690267,70,1,1,safe,
0.0471975512,-0.3400689114,0.6981317008,95.40844097,128.9690267,80,1,1,safe,
0.0471975512,-0.3400689114,0.7853981634,95.40844097,128.9690267,90,1,1,safe,
0.0471975512,-0.3400689114,0.872664626,95.40844097,128.9690267,100,1,1,safe,
0.0471975512,-0.3400689114,0.9599310886,95.40844097,128.9690267,110,1,1,safe,
0.0471975512,-0.3400689114,1.047197551,95.40844097,128.9690267,120,1,1,safe,
0.0471975512,-0.3400689114,1.134464014,95.40844097,128.9690267,130,1,1,safe,
0.0471975512,-0.3400689114,1.221730476,95.40844097,128.9690267,140,1,1,safe,
0.0471975512,-0.3400689114,1.308996939,95.40844097,128.9690267,150,1,1,safe,
0.0471975512,-0.3400689114,1.396263402,95.40844097,128.9690267,160,1,1,safe,
0.0471975512,-0.3400689114,1.483529864,95.40844097,128.9690267,170,1,1,safe,
0.0471975512,-0.2528024488,0,95.40844097,118.9690267,0,1,1,safe,
0.0471975512,-0.2528024488,0.0872664626,95.40844097,118.9690267,10,1,1,safe,
0.0471975512,-0.2528024488,0.1745329252,95.40844097,118.9690267,20,1,1,safe,
0.0471975512,-0.2528024488,0.2617993878,95.40844097,118.9690267,30,1,1,safe,
0.0471975512,-0.2528024488,0.3490658504,95.40844097,118.9690267,40,1,1,safe,
0.0471975512,-0.2528024488,0.436332313,95.40844097,118.9690267,50,1,1,safe,
0.0471975512,-0.2528024488,0.5235987756,95.40844097,118.9690267,60,1,1,safe,
0.0471975512,-0.2528024488,0.6108652382,95.40844097,118.9690267,70,1,1,safe,
0.0471975512,-0.2528024488,0.6981317008,95.40844097,118.9690267,80,1,1,safe,
0.0471975512,-0.2528024488,0.7853981634,95.40844097,118.9690267,90,1,1,safe,
0.0471975512,-0.2528024488,0.872664626,95.40844097,118.9690267,100,1,1,safe,
0.0471975512,-0.2528024488,0.9599310886,95.40844097,118.9690267,110,1,1,safe,
0.0471975512,-0.2528024488,1.047197551,95.40844097,118.9690267,120,1,1,safe,
0.0471975512,-0.2528024488,1.134464014,95.40844097,118.9690267,130,1,1,safe,
0.0471975512,-0.2528024488,1.221730476,95.40844097,118.9690267,140,1,1,safe,
0.0471975512,-0.2528024488,1.308996939,95.40844097,118.9690267,150,1,1,safe,
0.0471975512,-0.2528024488,1.396263402,95.40844097,118.9690267,160,1,1,safe,
0.0471975512,-0.2528024488,1.483529864,95.40844097,118.9690267,170,1,1,safe,
0.0471975512,-0.1655359862,0,95.40844097,108.9690267,0,1,1,safe,
0.0471975512,-0.1655359862,0.0872664626,95.40844097,108.9690267,10,1,1,safe,
0.0471975512,-0.1655359862,0.1745329252,95.40844097,108.9690267,20,1,1,safe,
0.0471975512,-0.1655359862,0.2617993878,95.40844097,108.9690267,30,1,1,safe,
0.0471975512,-0.1655359862,0.3490658504,95.40844097,108.9690267,40,1,1,safe,
0.0471975512,-0.1655359862,0.436332313,95.40844097,108.9690267,50,1,1,safe,
0.0471975512,-0.1655359862,0.5235987756,95.40844097,108.9690267,60,1,1,safe,
0.0471975512,-0.1655359862,0.6108652382,95.40844097,108.9690267,70,1,1,safe,
0.0471975512,-0.1655359862,0.6981317008,95.40844097,108.9690267,80,1,1,safe,
0.0471975512,-0.1655359862,0.7853981634,95.40844097,108.9690267,90,1,1,safe,
0.0471975512,-0.1655359862,0.872664626,95.40844097,108.9690267,100,1,1,safe,
0.0471975512,-0.1655359862,0.9599310886,95.40844097,108.9690267,110,1,1,safe,
0.0471975512,-0.1655359862,1.047197551,95.40844097,108.9690267,120,1,1,safe,
0.0471975512,-0.1655359862,1.134464014,95.40844097,108.9690267,130,1,1,safe,
0.0471975512,-0.1655359862,1.221730476,95.40844097,108.9690267,140,1,1,safe,
0.0471975512,-0.1655359862,1.308996939,95.40844097,108.9690267,150,1,1,safe,
0.0471975512,-0.1655359862,1.396263402,95.40844097,108.9690267,160,1,1,safe,
0.0471975512,-0.1655359862,1.483529864,95.40844097,108.9690267,170,1,1,safe,
0.0471975512,-0.0782695236,0,95.40844097,98.96902673,0,1,1,safe,
0.0471975512,-0.0782695236,0.0872664626,95.40844097,98.96902673,10,1,1,safe,
0.0471975512,-0.0782695236,0.1745329252,95.40844097,98.96902673,20,1,1,safe,
0.0471975512,-0.0782695236,0.2617993878,95.40844097,98.96902673,30,1,1,safe,
0.0471975512,-0.0782695236,0.3490658504,95.40844097,98.96902673,40,1,1,safe,
0.0471975512,-0.0782695236,0.436332313,95.40844097,98.96902673,50,1,1,safe,
0.0471975512,-0.0782695236,0.5235987756,95.40844097,98.96902673,60,1,1,safe,
0.0471975512,-0.0782695236,0.6108652382,95.40844097,98.96902673,70,1,1,safe,
0.0471975512,-0.0782695236,0.6981317008,95.40844097,98.96902673,80,1,1,safe,
0.0471975512,-0.0782695236,0.7853981634,95.40844097,98.96902673,90,1,1,safe,
0.0471975512,-0.0782695236,0.872664626,95.40844097,98.96902673,100,1,1,safe,
0.0471975512,-0.0782695236,0.9599310886,95.40844097,98.96902673,110,1,1,safe,
0.0471975512,-0.0782695236,1.047197551,95.40844097,98.96902673,120,1,1,safe,
0.0471975512,-0.0782695236,1.134464014,95.40844097,98.96902673,130,1,1,safe,
0.0471975512,-0.0782695236,1.221730476,95.40844097,98.96902673,140,1,1,safe,
0.0471975512,-0.0782695236,1.308996939,95.40844097,98.96902673,150,1,1,safe,
0.0471975512,-0.0782695236,1.396263402,95.40844097,98.96902673,160,1,1,safe,
0.0471975512,-0.0782695236,1.483529864,95.40844097,98.96902673,170,1,1,safe,
0.0471975512,0.008996939,0,95.40844097,88.96902673,0,1,1,safe,
0.0471975512,0.008996939,0.0872664626,95.40844097,88.96902673,10,1,1,safe,
0.0471975512,0.008996939,0.1745329252,95.40844097,88.96902673,20,1,1,safe,
0.0471975512,0.008996939,0.2617993878,95.40844097,88.96902673,30,1,1,safe,
0.0471975512,0.008996939,0.3490658504,95.40844097,88.96902673,40,1,1,safe,
0.0471975512,0.008996939,0.436332313,95.40844097,88.96902673,50,1,1,safe,
0.0471975512,0.008996939,0.5235987756,95.40844097,88.96902673,60,1,1,safe,
0.0471975512,0.008996939,0.6108652382,95.40844097,88.96902673,70,1,1,safe,
0.0471975512,0.008996939,0.6981317008,95.40844097,88.96902673,80,1,1,safe,
0.0471975512,0.008996939,0.7853981634,95.40844097,88.96902673,90,1,1,safe,
0.0471975512,0.008996939,0.872664626,95.40844097,88.96902673,100,1,1,safe,
0.0471975512,0.008996939,0.9599310886,95.40844097,88.96902673,110,1,1,safe,
0.0471975512,0.008996939,1.047197551,95.40844097,88.96902673,120,1,1,safe,
0.0471975512,0.008996939,1.134464014,95.40844097,88.96902673,130,1,1,safe,
0.0471975512,0.008996939,1.221730476,95.40844097,88.96902673,140,1,1,safe,
0.0471975512,0.008996939,1.308996939,95.40844097,88.96902673,150,1,1,safe,
0.0471975512,0.008996939,1.396263402,95.40844097,88.96902673,160,1,1,safe,
0.0471975512,0.008996939,1.483529864,95.40844097,88.96902673,170,1,1,safe,
0.0471975512,0.0962634016,0,95.40844097,78.96902673,0,1,1,safe,
0.0471975512,0.0962634016,0.0872664626,95.40844097,78.96902673,10,1,1,safe,
0.0471975512,0.0962634016,0.1745329252,95.40844097,78.96902673,20,1,1,safe,
0.0471975512,0.0962634016,0.2617993878,95.40844097,78.96902673,30,1,1,safe,
0.0471975512,0.0962634016,0.3490658504,95.40844097,78.96902673,40,1,1,safe,
0.0471975512,0.0962634016,0.436332313,95.40844097,78.96902673,50,1,1,safe,
0.0471975512,0.0962634016,0.5235987756,95.40844097,78.96902673,60,1,1,safe,
0.0471975512,0.0962634016,0.6108652382,95.40844097,78.96902673,70,1,1,safe,
0.0471975512,0.0962634016,0.6981317008,95.40844097,78.96902673,80,1,1,safe,
0.0471975512,0.0962634016,0.7853981634,95.40844097,78.96902673,90,1,1,safe,
0.0471975512,0.0962634016,0.872664626,95.40844097,78.96902673,100,1,1,safe,
0.0471975512,0.0962634016,0.9599310886,95.40844097,78.96902673,110,1,1,safe,
0.0471975512,0.0962634016,1.047197551,95.40844097,78.96902673,120,1,1,safe,
0.0471975512,0.0962634016,1.134464014,95.40844097,78.96902673,130,1,1,safe,
0.0471975512,0.0962634016,1.221730476,95.40844097,78.96902673,140,1,1,safe,
0.0471975512,0.0962634016,1.308996939,95.40844097,78.96902673,150,1,1,safe,
0.0471975512,0.0962634016,1.396263402,95.40844097,78.96902673,160,1,1,safe,
0.0471975512,0.0962634016,1.483529864,95.40844097,78.96902673,170,1,1,safe,
0.0471975512,0.1835298642,0,95.40844097,68.96902673,0,1,1,safe,
0.0471975512,0.1835298642,0.0872664626,95.40844097,68.96902673,10,1,1,safe,
0.0471975512,0.1835298642,0.1745329252,95.40844097,68.96902673,20,1,1,safe,
0.0471975512,0.1835298642,0.2617993878,95.40844097,68.96902673,30,1,1,safe,
0.0471975512,0.1835298642,0.3490658504,95.40844097,68.96902673,40,1,1,safe,
0.0471975512,0.1835298642,0.436332313,95.40844097,68.96902673,50,1,1,safe,
0.0471975512,0.1835298642,0.5235987756,95.40844097,68.96902673,60,1,1,safe,
0.0471975512,0.1835298642,0.6108652382,95.40844097,68.96902673,70,1,1,safe,
0.0471975512,0.1835298642,0.6981317008,95.40844097,68.96902673,80,1,1,safe,
0.0471975512,0.1835298642,0.7853981634,95.40844097,68.96902673,90,1,1,safe,
0.0471975512,0.1835298642,0.872664626,95.40844097,68.96902673,100,1,1,safe,
0.0471975512,0.1835298642,0.9599310886,95.40844097,68.96902673,110,1,1,safe,
0.0471975512,0.1835298642,1.047197551,95.40844097,68.96902673,120,1,1,safe,
0.0471975512,0.1835298642,1.134464014,95.40844097,68.96902673,130,1,1,safe,
0.0471975512,0.1835298642,1.221730476,95.40844097,68.96902673,140,1,1,safe,
0.0471975512,0.1835298642,1.308996939,95.40844097,68.96902673,150,1,1,safe,
0.0471975512,0.1835298642,1.396263402,95.40844097,68.96902673,160,1,1,safe,
0.0471975512,0.1835298642,1.483529864,95.40844097,68.96902673,170,1,1,safe,
0.0471975512,0.2707963268,0,95.40844097,58.96902673,0,1,1,safe,
0.0471975512,0.2707963268,0.0872664626,95.40844097,58.96902673,10,1,1,safe,
0.0471975512,0.2707963268,0.1745329252,95.40844097,58.96902673,20,1,1,safe,
0.0471975512,0.2707963268,0.2617993878,95.40844097,58.96902673,30,1,1,safe,
0.0471975512,0.2707963268,0.3490658504,95.40844097,58.96902673,40,1,1,safe,
0.0471975512,0.2707963268,0.436332313,95.40844097,58.96902673,50,1,1,safe,
0.0471975512,0.2707963268,0.5235987756,95.40844097,58.96902673,60,1,1,safe,
0.0471975512,0.2707963268,0.6108652382,95.40844097,58.96902673,70,1,1,safe,
0.0471975512,0.2707963268,0.6981317008,95.40844097,58.96902673,80,1,1,safe,
0.0471975512,0.2707963268,0.7853981634,95.40844097,58.96902673,90,1,1,safe,
0.0471975512,0.2707963268,0.872664626,95.40844097,58.96902673,100,1,1,safe,
0.0471975512,0.2707963268,0.9599310886,95.40844097,58.96902673,110,1,1,safe,
0.0471975512,0.2707963268,1.047197551,95.40844097,58.96902673,120,1,1,safe,
0.0471975512,0.2707963268,1.134464014,95.40844097,58.96902673,130,1,1,safe,
0.0471975512,0.2707963268,1.221730476,95.40844097,58.96902673,140,1,1,safe,
0.0471975512,0.2707963268,1.308996939,95.40844097,58.96902673,150,1,1,safe,
0.0471975512,0.2707963268,1.396263402,95.40844097,58.96902673,160,1,1,safe,
0.0471975512,0.2707963268,1.483529864,95.40844097,58.96902673,170,1,1,safe,
0.0471975512,0.3580627894,0,95.40844097,48.96902673,0,1,1,safe,
0.0471975512,0.3580627894,0.0872664626,95.40844097,48.96902673,10,1,1,safe,
0.0471975512,0.3580627894,0.1745329252,95.40844097,48.96902673,20,1,1,safe,
0.0471975512,0.3580627894,0.2617993878,95.40844097,48.96902673,30,1,1,safe,
0.0471975512,0.3580627894,0.3490658504,95.40844097,48.96902673,40,1,1,safe,
0.0471975512,0.3580627894,0.436332313,95.40844097,48.96902673,50,1,1,safe,
0.0471975512,0.3580627894,0.5235987756,95.40844097,48.96902673,60,1,1,safe,
0.0471975512,0.3580627894,0.6108652382,95.40844097,48.96902673,70,1,1,safe,
0.0471975512,0.3580627894,0.6981317008,95.40844097,48.96902673,80,1,1,safe,
0.0471975512,0.3580627894,0.7853981634,95.40844097,48.96902673,90,1,1,safe,
0.0471975512,0.3580627894,0.872664626,95.40844097,48.96902673,100,1,1,safe,
0.0471975512,0.3580627894,0.9599310886,95.40844097,48.96902673,110,1,1,safe,
0.0471975512,0.3580627894,1.047197551,95.40844097,48.96902673,120,1,1,safe,
0.0471975512,0.3580627894,1.134464014,95.40844097,48.96902673,130,1,1,safe,
0.0471975512,0.3580627894,1.221730476,95.40844097,48.96902673,140,1,1,safe,
0.0471975512,0.3580627894,1.308996939,95.40844097,48.96902673,150,1,1,safe,
0.0471975512,0.3580627894,1.396263402,95.40844097,48.96902673,160,1,1,safe,
0.0471975512,0.3580627894,1.483529864,95.40844097,48.96902673,170,1,1,safe,
0.0471975512,0.445329252,0,95.40844097,38.96902673,0,1,1,safe,
0.0471975512,0.445329252,0.0872664626,95.40844097,38.96902673,10,1,1,safe,
0.0471975512,0.445329252,0.1745329252,95.40844097,38.96902673,20,1,1,safe,
0.0471975512,0.445329252,0.2617993878,95.40844097,38.96902673,30,1,1,safe,
0.0471975512,0.445329252,0.3490658504,95.40844097,38.96902673,40,1,1,safe,
0.0471975512,0.445329252,0.436332313,95.40844097,38.96902673,50,1,1,safe,
0.0471975512,0.445329252,0.5235987756,95.40844097,38.96902673,60,1,1,safe,
0.0471975512,0.445329252,0.6108652382,95.40844097,38.96902673,70,1,1,safe,
0.0471975512,0.445329252,0.6981317008,95.40844097,38.96902673,80,1,1,safe,
0.0471975512,0.445329252,0.7853981634,95.40844097,38.96902673,90,1,1,safe,
0.0471975512,0.445329252,0.872664626,95.40844097,38.96902673,100,1,1,safe,
0.0471975512,0.445329252,0.9599310886,95.40844097,38.96902673,110,1,1,safe,
0.0471975512,0.445329252,1.047197551,95.40844097,38.96902673,120,1,1,safe,
0.0471975512,0.445329252,1.134464014,95.40844097,38.96902673,130,1,1,safe,
0.0471975512,0.445329252,1.221730476,95.40844097,38.96902673,140,1,1,safe,
0.0471975512,0.445329252,1.308996939,95.40844097,38.96902673,150,1,1,safe,
0.0471975512,0.445329252,1.396263402,95.40844097,38.96902673,160,1,1,safe,
0.0471975512,0.445329252,1.483529864,95.40844097,38.96902673,170,1,1,safe,
0.0471975512,0.5325957146,0,95.40844097,28.96902673,0,1,1,safe,
0.0471975512,0.5325957146,0.0872664626,95.40844097,28.96902673,10,1,1,safe,
0.0471975512,0.5325957146,0.1745329252,95.40844097,28.96902673,20,1,1,safe,
0.0471975512,0.5325957146,0.2617993878,95.40844097,28.96902673,30,1,1,safe,
0.0471975512,0.5325957146,0.3490658504,95.40844097,28.96902673,40,1,1,safe,
0.0471975512,0.5325957146,0.436332313,95.40844097,28.96902673,50,1,1,safe,
0.0471975512,0.5325957146,0.5235987756,95.40844097,28.96902673,60,1,1,safe,
0.0471975512,0.5325957146,0.6108652382,95.40844097,28.96902673,70,1,1,safe,
0.0471975512,0.5325957146,0.6981317008,95.40844097,28.96902673,80,1,1,safe,
0.0471975512,0.5325957146,0.7853981634,95.40844097,28.96902673,90,1,1,safe,
0.0471975512,0.5325957146,0.872664626,95.40844097,28.96902673,100,1,1,safe,
0.0471975512,0.5325957146,0.9599310886,95.40844097,28.96902673,110,1,1,safe,
0.0471975512,0.5325957146,1.047197551,95.40844097,28.96902673,120,1,1,safe,
0.0471975512,0.5325957146,1.134464014,95.40844097,28.96902673,130,1,1,safe,
0.0471975512,0.5325957146,1.221730476,95.40844097,28.96902673,140,1,1,safe,
0.0471975512,0.5325957146,1.308996939,95.40844097,28.96902673,150,1,1,safe,
0.0471975512,0.5325957146,1.396263402,95.40844097,28.96902673,160,1,1,safe,
0.0471975512,0.5325957146,1.483529864,95.40844097,28.96902673,170,1,1,safe,
0.0471975512,0.6198621772,0,95.40844097,18.96902673,0,1,1,safe,
0.0471975512,0.6198621772,0.0872664626,95.40844097,18.96902673,10,1,1,safe,
0.0471975512,0.6198621772,0.1745329252,95.40844097,18.96902673,20,1,1,safe,
0.0471975512,0.6198621772,0.2617993878,95.40844097,18.96902673,30,1,1,safe,
0.0471975512,0.6198621772,0.3490658504,95.40844097,18.96902673,40,1,1,safe,
0.0471975512,0.6198621772,0.436332313,95.40844097,18.96902673,50,1,1,safe,
0.0471975512,0.6198621772,0.5235987756,95.40844097,18.96902673,60,1,1,safe,
0.0471975512,0.6198621772,0.6108652382,95.40844097,18.96902673,70,1,1,safe,
0.0471975512,0.6198621772,0.6981317008,95.40844097,18.96902673,80,1,1,safe,
0.0471975512,0.6198621772,0.7853981634,95.40844097,18.96902673,90,1,1,safe,
0.0471975512,0.6198621772,0.872664626,95.40844097,18.96902673,100,1,1,safe,
0.0471975512,0.6198621772,0.9599310886,95.40844097,18.96902673,110,1,1,safe,
0.0471975512,0.6198621772,1.047197551,95.40844097,18.96902673,120,1,1,safe,
0.0471975512,0.6198621772,1.134464014,95.40844097,18.96902673,130,1,1,safe,
0.0471975512,0.6198621772,1.221730476,95.40844097,18.96902673,140,1,1,safe,
0.0471975512,0.6198621772,1.308996939,95.40844097,18.96902673,150,1,1,safe,
0.0471975512,0.6198621772,1.396263402,95.40844097,18.96902673,160,1,1,safe,
0.0471975512,0.6198621772,1.483529864,95.40844097,18.96902673,170,1,1,safe,
0.0471975512,0.7071286398,0,95.40844097,8.969026733,0,1,1,safe,
0.0471975512,0.7071286398,0.0872664626,95.40844097,8.969026733,10,1,1,safe,
0.0471975512,0.7071286398,0.1745329252,95.40844097,8.969026733,20,1,1,safe,
0.0471975512,0.7071286398,0.2617993878,95.40844097,8.969026733,30,1,1,safe,
0.0471975512,0.7071286398,0.3490658504,95.40844097,8.969026733,40,1,1,safe,
0.0471975512,0.7071286398,0.436332313,95.40844097,8.969026733,50,1,1,safe,
0.0471975512,0.7071286398,0.5235987756,95.40844097,8.969026733,60,1,1,safe,
0.0471975512,0.7071286398,0.6108652382,95.40844097,8.969026733,70,1,1,safe,
0.0471975512,0.7071286398,0.6981317008,95.40844097,8.969026733,80,1,1,safe,
0.0471975512,0.7071286398,0.7853981634,95.40844097,8.969026733,90,1,1,safe,
0.0471975512,0.7071286398,0.872664626,95.40844097,8.969026733,100,1,1,safe,
0.0471975512,0.7071286398,0.9599310886,95.40844097,8.969026733,110,1,1,safe,
0.0471975512,0.7071286398,1.047197551,95.40844097,8.969026733,120,1,1,safe,
0.0471975512,0.7071286398,1.134464014,95.40844097,8.969026733,130,1,1,safe,
0.0471975512,0.7071286398,1.221730476,95.40844097,8.969026733,140,1,1,safe,
0.0471975512,0.7071286398,1.308996939,95.40844097,8.969026733,150,1,1,safe,
0.0471975512,0.7071286398,1.396263402,95.40844097,8.969026733,160,1,1,safe,
0.0471975512,0.7071286398,1.483529864,95.40844097,8.969026733,170,1,1,safe,
0.1344640138,-0.7764012244,0,105.408441,178.9690267,0,1,1,safe,
0.1344640138,-0.7764012244,0.0872664626,105.408441,178.9690267,10,1,1,safe,
0.1344640138,-0.7764012244,0.1745329252,105.408441,178.9690267,20,1,1,safe,
0.1344640138,-0.7764012244,0.2617993878,105.408441,178.9690267,30,1,1,safe,
0.1344640138,-0.7764012244,0.3490658504,105.408441,178.9690267,40,1,1,safe,
0.1344640138,-0.7764012244,0.436332313,105.408441,178.9690267,50,1,1,safe,
0.1344640138,-0.7764012244,0.5235987756,105.408441,178.9690267,60,1,1,safe,
0.1344640138,-0.7764012244,0.6108652382,105.408441,178.9690267,70,1,1,safe,
0.1344640138,-0.7764012244,0.6981317008,105.408441,178.9690267,80,1,1,safe,
0.1344640138,-0.7764012244,0.7853981634,105.408441,178.9690267,90,1,1,safe,
0.1344640138,-0.7764012244,0.872664626,105.408441,178.9690267,100,1,1,safe,
0.1344640138,-0.7764012244,0.9599310886,105.408441,178.9690267,110,1,1,safe,
0.1344640138,-0.7764012244,1.047197551,105.408441,178.9690267,120,1,1,safe,
0.1344640138,-0.7764012244,1.134464014,105.408441,178.9690267,130,1,1,safe,
0.1344640138,-0.7764012244,1.221730476,105.408441,178.9690267,140,1,1,safe,
0.1344640138,-0.7764012244,1.308996939,105.408441,178.9690267,150,1,1,safe,
0.1344640138,-0.7764012244,1.396263402,105.408441,178.9690267,160,1,1,safe,
0.1344640138,-0.7764012244,1.483529864,105.408441,178.9690267,170,1,1,safe,
0.1344640138,-0.6891347618,0,105.408441,168.9690267,0,1,1,safe,
0.1344640138,-0.6891347618,0.0872664626,105.408441,168.9690267,10,1,1,safe,
0.1344640138,-0.6891347618,0.1745329252,105.408441,168.9690267,20,1,1,safe,
0.1344640138,-0.6891347618,0.2617993878,105.408441,168.9690267,30,1,1,safe,
0.1344640138,-0.6891347618,0.3490658504,105.408441,168.9690267,40,1,1,safe,
0.1344640138,-0.6891347618,0.436332313,105.408441,168.9690267,50,1,1,safe,
0.1344640138,-0.6891347618,0.5235987756,105.408441,168.9690267,60,1,1,safe,
0.1344640138,-0.6891347618,0.6108652382,105.408441,168.9690267,70,1,1,safe,
0.1344640138,-0.6891347618,0.6981317008,105.408441,168.9690267,80,1,1,safe,
0.1344640138,-0.6891347618,0.7853981634,105.408441,168.9690267,90,1,1,safe,
0.1344640138,-0.6891347618,0.872664626,105.408441,168.9690267,100,1,1,safe,
0.1344640138,-0.6891347618,0.9599310886,105.408441,168.9690267,110,1,1,safe,
0.1344640138,-0.6891347618,1.047197551,105.408441,168.9690267,120,1,1,safe,
0.1344640138,-0.6891347618,1.134464014,105.408441,168.9690267,130,1,1,safe,
0.1344640138,-0.6891347618,1.221730476,105.408441,168.9690267,140,1,1,safe,
0.1344640138,-0.6891347618,1.308996939,105.408441,168.9690267,150,1,1,safe,
0.1344640138,-0.6891347618,1.396263402,105.408441,168.9690267,160,1,1,safe,
0.1344640138,-0.6891347618,1.483529864,105.408441,168.9690267,170,1,1,safe,
0.1344640138,-0.6018682992,0,105.408441,158.9690267,0,1,1,safe,
0.1344640138,-0.6018682992,0.0872664626,105.408441,158.9690267,10,1,1,safe,
0.1344640138,-0.6018682992,0.1745329252,105.408441,158.9690267,20,1,1,safe,
0.1344640138,-0.6018682992,0.2617993878,105.408441,158.9690267,30,1,1,safe,
0.1344640138,-0.6018682992,0.3490658504,105.408441,158.9690267,40,1,1,safe,
0.1344640138,-0.6018682992,0.436332313,105.408441,158.9690267,50,1,1,safe,
0.1344640138,-0.6018682992,0.5235987756,105.408441,158.9690267,60,1,1,safe,
0.1344640138,-0.6018682992,0.6108652382,105.408441,158.9690267,70,1,1,safe,
0.1344640138,-0.6018682992,0.6981317008,105.408441,158.9690267,80,1,1,safe,
0.1344640138,-0.6018682992,0.7853981634,105.408441,158.9690267,90,1,1,safe,
0.1344640138,-0.6018682992,0.872664626,105.408441,158.9690267,100,1,1,safe,
0.1344640138,-0.6018682992,0.9599310886,105.408441,158.9690267,110,1,1,safe,
0.1344640138,-0.6018682992,1.047197551,105.408441,158.9690267,120,1,1,safe,
0.1344640138,-0.6018682992,1.134464014,105.408441,158.9690267,130,1,1,safe,
0.1344640138,-0.6018682992,1.221730476,105.408441,158.9690267,140,1,1,safe,
0.1344640138,-0.6018682992,1.308996939,105.408441,158.9690267,150,1,1,safe,
0.1344640138,-0.6018682992,1.396263402,105.408441,158.9690267,160,1,1,safe,
0.1344640138,-0.6018682992,1.483529864,105.408441,158.9690267,170,1,1,safe,
0.1344640138,-0.5146018366,0,105.408441,148.9690267,0,1,1,safe,
0.1344640138,-0.5146018366,0.0872664626,105.408441,148.9690267,10,1,1,safe,
0.1344640138,-0.5146018366,0.1745329252,105.408441,148.9690267,20,1,1,safe,
0.1344640138,-0.5146018366,0.2617993878,105.408441,148.9690267,30,1,1,safe,
0.1344640138,-0.5146018366,0.3490658504,105.408441,148.9690267,40,1,1,safe,
0.1344640138,-0.5146018366,0.436332313,105.408441,148.9690267,50,1,1,safe,
0.1344640138,-0.5146018366,0.5235987756,105.408441,148.9690267,60,1,1,safe,
0.1344640138,-0.5146018366,0.6108652382,105.408441,148.9690267,70,1,1,safe,
0.1344640138,-0.5146018366,0.6981317008,105.408441,148.9690267,80,1,1,safe,
0.1344640138,-0.5146018366,0.7853981634,105.408441,148.9690267,90,1,1,safe,
0.1344640138,-0.5146018366,0.872664626,105.408441,148.9690267,100,1,1,safe,
0.1344640138,-0.5146018366,0.9599310886,105.408441,148.9690267,110,1,1,safe,
0.1344640138,-0.5146018366,1.047197551,105.408441,148.9690267,120,1,1,safe,
0.1344640138,-0.5146018366,1.134464014,105.408441,148.9690267,130,1,1,safe,
0.1344640138,-0.5146018366,1.221730476,105.408441,148.9690267,140,1,1,safe,
0.1344640138,-0.5146018366,1.308996939,105.408441,148.9690267,150,1,1,safe,
0.1344640138,-0.5146018366,1.396263402,105.408441,148.9690267,160,1,1,safe,
0.1344640138,-0.5146018366,1.483529864,105.408441,148.9690267,170,1,1,safe,
0.1344640138,-0.427335374,0,105.408441,138.9690267,0,1,1,safe,
0.1344640138,-0.427335374,0.0872664626,105.408441,138.9690267,10,1,1,safe,
0.1344640138,-0.427335374,0.1745329252,105.408441,138.9690267,20,1,1,safe,
0.1344640138,-0.427335374,0.2617993878,105.408441,138.9690267,30,1,1,safe,
0.1344640138,-0.427335374,0.3490658504,105.408441,138.9690267,40,1,1,safe,
0.1344640138,-0.427335374,0.436332313,105.408441,138.9690267,50,1,1,safe,
0.1344640138,-0.427335374,0.5235987756,105.408441,138.9690267,60,1,1,safe,
0.1344640138,-0.427335374,0.6108652382,105.408441,138.9690267,70,1,1,safe,
0.1344640138,-0.427335374,0.6981317008,105.408441,138.9690267,80,1,1,safe,
0.1344640138,-0.427335374,0.7853981634,105.408441,138.9690267,90,1,1,safe,
0.1344640138,-0.427335374,0.872664626,105.408441,138.9690267,100,1,1,safe,
0.1344640138,-0.427335374,0.9599310886,105.408441,138.9690267,110,1,1,safe,
0.1344640138,-0.427335374,1.047197551,105.408441,138.9690267,120,1,1,safe,
0.1344640138,-0.427335374,1.134464014,105.408441,138.9690267,130,1,1,safe,
0.1344640138,-0.427335374,1.221730476,105.408441,138.9690267,140,1,1,safe,
0.1344640138,-0.427335374,1.308996939,105.408441,138.9690267,150,1,1,safe,
0.1344640138,-0.427335374,1.396263402,105.408441,138.9690267,160,1,1,safe,
0.1344640138,-0.427335374,1.483529864,105.408441,138.9690267,170,1,1,safe,
0.1344640138,-0.3400689114,0,105.408441,128.9690267,0,1,1,safe,
0.1344640138,-0.3400689114,0.0872664626,105.408441,128.9690267,10,1,1,safe,
0.1344640138,-0.3400689114,0.1745329252,105.408441,128.9690267,20,1,1,safe,
0.1344640138,-0.3400689114,0.2617993878,105.408441,128.9690267,30,1,1,safe,
0.1344640138,-0.3400689114,0.3490658504,105.408441,128.9690267,40,1,1,safe,
0.1344640138,-0.3400689114,0.436332313,105.408441,128.9690267,50,1,1,safe,
0.1344640138,-0.3400689114,0.5235987756,105.408441,128.9690267,60,1,1,safe,
0.1344640138,-0.3400689114,0.6108652382,105.408441,128.9690267,70,1,1,safe,
0.1344640138,-0.3400689114,0.6981317008,105.408441,128.9690267,80,1,1,safe,
0.1344640138,-0.3400689114,0.7853981634,105.408441,128.9690267,90,1,1,safe,
0.1344640138,-0.3400689114,0.872664626,105.408441,128.9690267,100,1,1,safe,
0.1344640138,-0.3400689114,0.9599310886,105.408441,128.9690267,110,1,1,safe,
0.1344640138,-0.3400689114,1.047197551,105.408441,128.9690267,120,1,1,safe,
0.1344640138,-0.3400689114,1.134464014,105.408441,128.9690267,130,1,1,safe,
0.1344640138,-0.3400689114,1.221730476,105.408441,128.9690267,140,1,1,safe,
0.1344640138,-0.3400689114,1.308996939,105.408441,128.9690267,150,1,1,safe,
0.1344640138,-0.3400689114,1.396263402,105.408441,128.9690267,160,1,1,safe,
0.1344640138,-0.3400689114,1.483529864,105.408441,128.9690267,170,1,1,safe,
0.1344640138,-0.2528024488,0,105.408441,118.9690267,0,1,1,safe,
0.1344640138,-0.2528024488,0.0872664626,105.408441,118.9690267,10,1,1,safe,
0.1344640138,-0.2528024488,0.1745329252,105.408441,118.9690267,20,1,1,safe,
0.1344640138,-0.2528024488,0.2617993878,105.408441,118.9690267,30,1,1,safe,
0.1344640138,-0.2528024488,0.3490658504,105.408441,118.9690267,40,1,1,safe,
0.1344640138,-0.2528024488,0.436332313,105.408441,118.9690267,50,1,1,safe,
0.1344640138,-0.2528024488,0.5235987756,105.408441,118.9690267,60,1,1,safe,
0.1344640138,-0.2528024488,0.6108652382,105.408441,118.9690267,70,1,1,safe,
0.1344640138,-0.2528024488,0.6981317008,105.408441,118.9690267,80,1,1,safe,
0.1344640138,-0.2528024488,0.7853981634,105.408441,118.9690267,90,1,1,safe,
0.1344640138,-0.2528024488,0.872664626,105.408441,118.9690267,100,1,1,safe,
0.1344640138,-0.2528024488,0.9599310886,105.408441,118.9690267,110,1,1,safe,
0.1344640138,-0.2528024488,1.047197551,105.408441,118.9690267,120,1,1,safe,
0.1344640138,-0.2528024488,1.134464014,105.408441,118.9690267,130,1,1,safe,
0.1344640138,-0.2528024488,1.221730476,105.408441,118.9690267,140,1,1,safe,
0.1344640138,-0.2528024488,1.308996939,105.408441,118.9690267,150,1,1,safe,
0.1344640138,-0.2528024488,1.396263402,105.408441,118.9690267,160,1,1,safe,
0.1344640138,-0.2528024488,1.483529864,105.408441,118.9690267,170,1,1,safe,
0.1344640138,-0.1655359862,0,105.408441,108.9690267,0,1,1,safe,
0.1344640138,-0.1655359862,0.0872664626,105.408441,108.9690267,10,1,1,safe,
0.1344640138,-0.1655359862,0.1745329252,105.408441,108.9690267,20,1,1,safe,
0.1344640138,-0.1655359862,0.2617993878,105.408441,108.9690267,30,1,1,safe,
0.1344640138,-0.1655359862,0.3490658504,105.408441,108.9690267,40,1,1,safe,
0.1344640138,-0.1655359862,0.436332313,105.408441,108.9690267,50,1,1,safe,
0.1344640138,-0.1655359862,0.5235987756,105.408441,108.9690267,60,1,1,safe,
0.1344640138,-0.1655359862,0.6108652382,105.408441,108.9690267,70,1,1,safe,
0.1344640138,-0.1655359862,0.6981317008,105.408441,108.9690267,80,1,1,safe,
0.1344640138,-0.1655359862,0.7853981634,105.408441,108.9690267,90,1,1,safe,
0.1344640138,-0.1655359862,0.872664626,105.408441,108.9690267,100,1,1,safe,
0.1344640138,-0.1655359862,0.9599310886,105.408441,108.9690267,110,1,1,safe,
0.1344640138,-0.1655359862,1.047197551,105.408441,108.9690267,120,1,1,safe,
0.1344640138,-0.1655359862,1.134464014,105.408441,108.9690267,130,1,1,safe,
0.1344640138,-0.1655359862,1.221730476,105.408441,108.9690267,140,1,1,safe,
0.1344640138,-0.1655359862,1.308996939,105.408441,108.9690267,150,1,1,safe,
0.1344640138,-0.1655359862,1.396263402,105.408441,108.9690267,160,1,1,safe,
0.1344640138,-0.1655359862,1.483529864,105.408441,108.9690267,170,1,1,safe,
0.1344640138,-0.0782695236,0,105.408441,98.96902673,0,1,1,safe,
0.1344640138,-0.0782695236,0.0872664626,105.408441,98.96902673,10,1,1,safe,
0.1344640138,-0.0782695236,0.1745329252,105.408441,98.96902673,20,1,1,safe,
0.1344640138,-0.0782695236,0.2617993878,105.408441,98.96902673,30,1,1,safe,
0.1344640138,-0.0782695236,0.3490658504,105.408441,98.96902673,40,1,1,safe,
0.1344640138,-0.0782695236,0.436332313,105.408441,98.96902673,50,1,1,safe,
0.1344640138,-0.0782695236,0.5235987756,105.408441,98.96902673,60,1,1,safe,
0.1344640138,-0.0782695236,0.6108652382,105.408441,98.96902673,70,1,1,safe,
0.1344640138,-0.0782695236,0.6981317008,105.408441,98.96902673,80,1,1,safe,
0.1344640138,-0.0782695236,0.7853981634,105.408441,98.96902673,90,1,1,safe,
0.1344640138,-0.0782695236,0.872664626,105.408441,98.96902673,100,1,1,safe,
0.1344640138,-0.0782695236,0.9599310886,105.408441,98.96902673,110,1,1,safe,
0.1344640138,-0.0782695236,1.047197551,105.408441,98.96902673,120,1,1,safe,
0.1344640138,-0.0782695236,1.134464014,105.408441,98.96902673,130,1,1,safe,
0.1344640138,-0.0782695236,1.221730476,105.408441,98.96902673,140,1,1,safe,
0.1344640138,-0.0782695236,1.308996939,105.408441,98.96902673,150,1,1,safe,
0.1344640138,-0.0782695236,1.396263402,105.408441,98.96902673,160,1,1,safe,
0.1344640138,-0.0782695236,1.483529864,105.408441,98.96902673,170,1,1,safe,
0.1344640138,0.008996939,0,105.408441,88.96902673,0,1,1,safe,
0.1344640138,0.008996939,0.0872664626,105.408441,88.96902673,10,1,1,safe,
0.1344640138,0.008996939,0.1745329252,105.408441,88.96902673,20,1,1,safe,
0.1344640138,0.008996939,0.2617993878,105.408441,88.96902673,30,1,1,safe,
0.1344640138,0.008996939,0.3490658504,105.408441,88.96902673,40,1,1,safe,
0.1344640138,0.008996939,0.436332313,105.408441,88.96902673,50,1,1,safe,
0.1344640138,0.008996939,0.5235987756,105.408441,88.96902673,60,1,1,safe,
0.1344640138,0.008996939,0.6108652382,105.408441,88.96902673,70,1,1,safe,
0.1344640138,0.008996939,0.6981317008,105.408441,88.96902673,80,1,1,safe,
0.1344640138,0.008996939,0.7853981634,105.408441,88.96902673,90,1,1,safe,
0.1344640138,0.008996939,0.872664626,105.408441,88.96902673,100,1,1,safe,
0.1344640138,0.008996939,0.9599310886,105.408441,88.96902673,110,1,1,safe,
0.1344640138,0.008996939,1.047197551,105.408441,88.96902673,120,1,1,safe,
0.1344640138,0.008996939,1.134464014,105.408441,88.96902673,130,1,1,safe,
0.1344640138,0.008996939,1.221730476,105.408441,88.96902673,140,1,1,safe,
0.1344640138,0.008996939,1.308996939,105.408441,88.96902673,150,1,1,safe,
0.1344640138,0.008996939,1.396263402,105.408441,88.96902673,160,1,1,safe,
0.1344640138,0.008996939,1.483529864,105.408441,88.96902673,170,1,1,safe,
0.1344640138,0.0962634016,0,105.408441,78.96902673,0,1,1,safe,
0.1344640138,0.0962634016,0.0872664626,105.408441,78.96902673,10,1,1,safe,
0.1344640138,0.0962634016,0.1745329252,105.408441,78.96902673,20,1,1,safe,
0.1344640138,0.0962634016,0.2617993878,105.408441,78.96902673,30,1,1,safe,
0.1344640138,0.0962634016,0.3490658504,105.408441,78.96902673,40,1,1,safe,
0.1344640138,0.0962634016,0.436332313,105.408441,78.96902673,50,1,1,safe,
0.1344640138,0.0962634016,0.5235987756,105.408441,78.96902673,60,1,1,safe,
0.1344640138,0.0962634016,0.6108652382,105.408441,78.96902673,70,1,1,safe,
0.1344640138,0.0962634016,0.6981317008,105.408441,78.96902673,80,1,1,safe,
0.1344640138,0.0962634016,0.7853981634,105.408441,78.96902673,90,1,1,safe,
0.1344640138,0.0962634016,0.872664626,105.408441,78.96902673,100,1,1,safe,
0.1344640138,0.0962634016,0.9599310886,105.408441,78.96902673,110,1,1,safe,
0.1344640138,0.0962634016,1.047197551,105.408441,78.96902673,120,1,1,safe,
0.1344640138,0.0962634016,1.134464014,105.408441,78.96902673,130,1,1,safe,
0.1344640138,0.0962634016,1.221730476,105.408441,78.96902673,140,1,1,safe,
0.1344640138,0.0962634016,1.308996939,105.408441,78.96902673,150,1,1,safe,
0.1344640138,0.0962634016,1.396263402,105.408441,78.96902673,160,1,1,safe,
0.1344640138,0.0962634016,1.483529864,105.408441,78.96902673,170,1,1,safe,
0.1344640138,0.1835298642,0,105.408441,68.96902673,0,1,1,safe,
0.1344640138,0.1835298642,0.0872664626,105.408441,68.96902673,10,1,1,safe,
0.1344640138,0.1835298642,0.1745329252,105.408441,68.96902673,20,1,1,safe,
0.1344640138,0.1835298642,0.2617993878,105.408441,68.96902673,30,1,1,safe,
0.1344640138,0.1835298642,0.3490658504,105.408441,68.96902673,40,1,1,safe,
0.1344640138,0.1835298642,0.436332313,105.408441,68.96902673,50,1,1,safe,
0.1344640138,0.1835298642,0.5235987756,105.408441,68.96902673,60,1,1,safe,
0.1344640138,0.1835298642,0.6108652382,105.408441,68.96902673,70,1,1,safe,
0.1344640138,0.1835298642,0.6981317008,105.408441,68.96902673,80,1,1,safe,
0.1344640138,0.1835298642,0.7853981634,105.408441,68.96902673,90,1,1,safe,
0.1344640138,0.1835298642,0.872664626,105.408441,68.96902673,100,1,1,safe,
0.1344640138,0.1835298642,0.9599310886,105.408441,68.96902673,110,1,1,safe,
0.1344640138,0.1835298642,1.047197551,105.408441,68.96902673,120,1,1,safe,
0.1344640138,0.1835298642,1.134464014,105.408441,68.96902673,130,1,1,safe,
0.1344640138,0.1835298642,1.221730476,105.408441,68.96902673,140,1,1,safe,
0.1344640138,0.1835298642,1.308996939,105.408441,68.96902673,150,1,1,safe,
0.1344640138,0.1835298642,1.396263402,105.408441,68.96902673,160,1,1,safe,
0.1344640138,0.1835298642,1.483529864,105.408441,68.96902673,170,1,1,safe,
0.1344640138,0.2707963268,0,105.408441,58.96902673,0,1,1,safe,
0.1344640138,0.2707963268,0.0872664626,105.408441,58.96902673,10,1,1,safe,
0.1344640138,0.2707963268,0.1745329252,105.408441,58.96902673,20,1,1,safe,
0.1344640138,0.2707963268,0.2617993878,105.408441,58.96902673,30,1,1,safe,
0.1344640138,0.2707963268,0.3490658504,105.408441,58.96902673,40,1,1,safe,
0.1344640138,0.2707963268,0.436332313,105.408441,58.96902673,50,1,1,safe,
0.1344640138,0.2707963268,0.5235987756,105.408441,58.96902673,60,1,1,safe,
0.1344640138,0.2707963268,0.6108652382,105.408441,58.96902673,70,1,1,safe,
0.1344640138,0.2707963268,0.6981317008,105.408441,58.96902673,80,1,1,safe,
0.1344640138,0.2707963268,0.7853981634,105.408441,58.96902673,90,1,1,safe,
0.1344640138,0.2707963268,0.872664626,105.408441,58.96902673,100,1,1,safe,
0.1344640138,0.2707963268,0.9599310886,105.408441,58.96902673,110,1,1,safe,
0.1344640138,0.2707963268,1.047197551,105.408441,58.96902673,120,1,1,safe,
0.1344640138,0.2707963268,1.134464014,105.408441,58.96902673,130,1,1,safe,
0.1344640138,0.2707963268,1.221730476,105.408441,58.96902673,140,1,1,safe,
0.1344640138,0.2707963268,1.308996939,105.408441,58.96902673,150,1,1,safe,
0.1344640138,0.2707963268,1.396263402,105.408441,58.96902673,160,1,1,safe,
0.1344640138,0.2707963268,1.483529864,105.408441,58.96902673,170,1,1,safe,
0.1344640138,0.3580627894,0,105.408441,48.96902673,0,1,1,safe,
0.1344640138,0.3580627894,0.0872664626,105.408441,48.96902673,10,1,1,safe,
0.1344640138,0.3580627894,0.1745329252,105.408441,48.96902673,20,1,1,safe,
0.1344640138,0.3580627894,0.2617993878,105.408441,48.96902673,30,1,1,safe,
0.1344640138,0.3580627894,0.3490658504,105.408441,48.96902673,40,1,1,safe,
0.1344640138,0.3580627894,0.436332313,105.408441,48.96902673,50,1,1,safe,
0.1344640138,0.3580627894,0.5235987756,105.408441,48.96902673,60,1,1,safe,
0.1344640138,0.3580627894,0.6108652382,105.408441,48.96902673,70,1,1,safe,
0.1344640138,0.3580627894,0.6981317008,105.408441,48.96902673,80,1,1,safe,
0.1344640138,0.3580627894,0.7853981634,105.408441,48.96902673,90,1,1,safe,
0.1344640138,0.3580627894,0.872664626,105.408441,48.96902673,100,1,1,safe,
0.1344640138,0.3580627894,0.9599310886,105.408441,48.96902673,110,1,1,safe,
0.1344640138,0.3580627894,1.047197551,105.408441,48.96902673,120,1,1,safe,
0.1344640138,0.3580627894,1.134464014,105.408441,48.96902673,130,1,1,safe,
0.1344640138,0.3580627894,1.221730476,105.408441,48.96902673,140,1,1,safe,
0.1344640138,0.3580627894,1.308996939,105.408441,48.96902673,150,1,1,safe,
0.1344640138,0.3580627894,1.396263402,105.408441,48.96902673,160,1,1,safe,
0.1344640138,0.3580627894,1.483529864,105.408441,48.96902673,170,1,1,safe,
0.1344640138,0.445329252,0,105.408441,38.96902673,0,1,1,safe,
0.1344640138,0.445329252,0.0872664626,105.408441,38.96902673,10,1,1,safe,
0.1344640138,0.445329252,0.1745329252,105.408441,38.96902673,20,1,1,safe,
0.1344640138,0.445329252,0.2617993878,105.408441,38.96902673,30,1,1,safe,
0.1344640138,0.445329252,0.3490658504,105.408441,38.96902673,40,1,1,safe,
0.1344640138,0.445329252,0.436332313,105.408441,38.96902673,50,1,1,safe,
0.1344640138,0.445329252,0.5235987756,105.408441,38.96902673,60,1,1,safe,
0.1344640138,0.445329252,0.6108652382,105.408441,38.96902673,70,1,1,safe,
0.1344640138,0.445329252,0.6981317008,105.408441,38.96902673,80,1,1,safe,
0.1344640138,0.445329252,0.7853981634,105.408441,38.96902673,90,1,1,safe,
0.1344640138,0.445329252,0.872664626,105.408441,38.96902673,100,1,1,safe,
0.1344640138,0.445329252,0.9599310886,105.408441,38.96902673,110,1,1,safe,
0.1344640138,0.445329252,1.047197551,105.408441,38.96902673,120,1,1,safe,
0.1344640138,0.445329252,1.134464014,105.408441,38.96902673,130,1,1,safe,
0.1344640138,0.445329252,1.221730476,105.408441,38.96902673,140,1,1,safe,
0.1344640138,0.445329252,1.308996939,105.408441,38.96902673,150,1,1,safe,
0.1344640138,0.445329252,1.396263402,105.408441,38.96902673,160,1,1,safe,
0.1344640138,0.445329252,1.483529864,105.408441,38.96902673,170,1,1,safe,
0.1344640138,0.5325957146,0,105.408441,28.96902673,0,1,1,safe,
0.1344640138,0.5325957146,0.0872664626,105.408441,28.96902673,10,1,1,safe,
0.1344640138,0.5325957146,0.1745329252,105.408441,28.96902673,20,1,1,safe,
0.1344640138,0.5325957146,0.2617993878,105.408441,28.96902673,30,1,1,safe,
0.1344640138,0.5325957146,0.3490658504,105.408441,28.96902673,40,1,1,safe,
0.1344640138,0.5325957146,0.436332313,105.408441,28.96902673,50,1,1,safe,
0.1344640138,0.5325957146,0.5235987756,105.408441,28.96902673,60,1,1,safe,
0.1344640138,0.5325957146,0.6108652382,105.408441,28.96902673,70,1,1,safe,
0.1344640138,0.5325957146,0.6981317008,105.408441,28.96902673,80,1,1,safe,
0.1344640138,0.5325957146,0.7853981634,105.408441,28.96902673,90,1,1,safe,
0.1344640138,0.5325957146,0.872664626,105.408441,28.96902673,100,1,1,safe,
0.1344640138,0.5325957146,0.9599310886,105.408441,28.96902673,110,1,1,safe,
0.1344640138,0.5325957146,1.047197551,105.408441,28.96902673,120,1,1,safe,
0.1344640138,0.5325957146,1.134464014,105.408441,28.96902673,130,1,1,safe,
0.1344640138,0.5325957146,1.221730476,105.408441,28.96902673,140,1,1,safe,
0.1344640138,0.5325957146,1.308996939,105.408441,28.96902673,150,1,1,safe,
0.1344640138,0.5325957146,1.396263402,105.408441,28.96902673,160,1,1,safe,
0.1344640138,0.5325957146,1.483529864,105.408441,28.96902673,170,1,1,safe,
0.1344640138,0.6198621772,0,105.408441,18.96902673,0,1,1,safe,
0.1344640138,0.6198621772,0.0872664626,105.408441,18.96902673,10,1,1,safe,
0.1344640138,0.6198621772,0.1745329252,105.408441,18.96902673,20,1,1,safe,
0.1344640138,0.6198621772,0.2617993878,105.408441,18.96902673,30,1,1,safe,
0.1344640138,0.6198621772,0.3490658504,105.408441,18.96902673,40,1,1,safe,
0.1344640138,0.6198621772,0.436332313,105.408441,18.96902673,50,1,1,safe,
0.1344640138,0.6198621772,0.5235987756,105.408441,18.96902673,60,1,1,safe,
0.1344640138,0.6198621772,0.6108652382,105.408441,18.96902673,70,1,1,safe,
0.1344640138,0.6198621772,0.6981317008,105.408441,18.96902673,80,1,1,safe,
0.1344640138,0.6198621772,0.7853981634,105.408441,18.96902673,90,1,1,safe,
0.1344640138,0.6198621772,0.872664626,105.408441,18.96902673,100,1,1,safe,
0.1344640138,0.6198621772,0.9599310886,105.408441,18.96902673,110,1,1,safe,
0.1344640138,0.6198621772,1.047197551,105.408441,18.96902673,120,1,1,safe,
0.1344640138,0.6198621772,1.134464014,105.408441,18.96902673,130,1,1,safe,
0.1344640138,0.6198621772,1.221730476,105.408441,18.96902673,140,1,1,safe,
0.1344640138,0.6198621772,1.308996939,105.408441,18.96902673,150,1,1,safe,
0.1344640138,0.6198621772,1.396263402,105.408441,18.96902673,160,1,1,safe,
0.1344640138,0.6198621772,1.483529864,105.408441,18.96902673,170,1,1,safe,
0.1344640138,0.7071286398,0,105.408441,8.969026733,0,1,1,safe,
0.1344640138,0.7071286398,0.0872664626,105.408441,8.969026733,10,1,1,safe,
0.1344640138,0.7071286398,0.1745329252,105.408441,8.969026733,20,1,1,safe,
0.1344640138,0.7071286398,0.2617993878,105.408441,8.969026733,30,1,1,safe,
0.1344640138,0.7071286398,0.3490658504,105.408441,8.969026733,40,1,1,safe,
0.1344640138,0.7071286398,0.436332313,105.408441,8.969026733,50,1,1,safe,
0.1344640138,0.7071286398,0.5235987756,105.408441,8.969026733,60,1,1,safe,
0.1344640138,0.7071286398,0.6108652382,105.408441,8.969026733,70,1,1,safe,
0.1344640138,0.7071286398,0.6981317008,105.408441,8.969026733,80,1,1,safe,
0.1344640138,0.7071286398,0.7853981634,105.408441,8.969026733,90,1,1,safe,
0.1344640138,0.7071286398,0.872664626,105.408441,8.969026733,100,1,1,safe,
0.1344640138,0.7071286398,0.9599310886,105.408441,8.969026733,110,1,1,safe,
0.1344640138,0.7071286398,1.047197551,105.408441,8.969026733,120,1,1,safe,
0.1344640138,0.7071286398,1.134464014,105.408441,8.969026733,130,1,1,safe,
0.1344640138,0.7071286398,1.221730476,105.408441,8.969026733,140,1,1,safe,
0.1344640138,0.7071286398,1.308996939,105.408441,8.969026733,150,1,1,safe,
0.1344640138,0.7071286398,1.396263402,105.408441,8.969026733,160,1,1,safe,
0.1344640138,0.7071286398,1.483529864,105.408441,8.969026733,170,1,1,safe,
0.2217304764,-0.7764012244,0,115.408441,178.9690267,0,1,1,safe,
0.2217304764,-0.7764012244,0.0872664626,115.408441,178.9690267,10,1,1,safe,
0.2217304764,-0.7764012244,0.1745329252,115.408441,178.9690267,20,1,1,safe,
0.2217304764,-0.7764012244,0.2617993878,115.408441,178.9690267,30,1,1,safe,
0.2217304764,-0.7764012244,0.3490658504,115.408441,178.9690267,40,1,1,safe,
0.2217304764,-0.7764012244,0.436332313,115.408441,178.9690267,50,1,1,safe,
0.2217304764,-0.7764012244,0.5235987756,115.408441,178.9690267,60,1,1,safe,
0.2217304764,-0.7764012244,0.6108652382,115.408441,178.9690267,70,1,1,safe,
0.2217304764,-0.7764012244,0.6981317008,115.408441,178.9690267,80,1,1,safe,
0.2217304764,-0.7764012244,0.7853981634,115.408441,178.9690267,90,1,1,safe,
0.2217304764,-0.7764012244,0.872664626,115.408441,178.9690267,100,1,1,safe,
0.2217304764,-0.7764012244,0.9599310886,115.408441,178.9690267,110,1,1,safe,
0.2217304764,-0.7764012244,1.047197551,115.408441,178.9690267,120,1,1,safe,
0.2217304764,-0.7764012244,1.134464014,115.408441,178.9690267,130,1,1,safe,
0.2217304764,-0.7764012244,1.221730476,115.408441,178.9690267,140,1,1,safe,
0.2217304764,-0.7764012244,1.308996939,115.408441,178.9690267,150,1,1,safe,
0.2217304764,-0.7764012244,1.396263402,115.408441,178.9690267,160,1,1,safe,
0.2217304764,-0.7764012244,1.483529864,115.408441,178.9690267,170,1,1,safe,
0.2217304764,-0.6891347618,0,115.408441,168.9690267,0,1,1,safe,
0.2217304764,-0.6891347618,0.0872664626,115.408441,168.9690267,10,1,1,safe,
0.2217304764,-0.6891347618,0.1745329252,115.408441,168.9690267,20,1,1,safe,
0.2217304764,-0.6891347618,0.2617993878,115.408441,168.9690267,30,1,1,safe,
0.2217304764,-0.6891347618,0.3490658504,115.408441,168.9690267,40,1,1,safe,
0.2217304764,-0.6891347618,0.436332313,115.408441,168.9690267,50,1,1,safe,
0.2217304764,-0.6891347618,0.5235987756,115.408441,168.9690267,60,1,1,safe,
0.2217304764,-0.6891347618,0.6108652382,115.408441,168.9690267,70,1,1,safe,
0.2217304764,-0.6891347618,0.6981317008,115.408441,168.9690267,80,1,1,safe,
0.2217304764,-0.6891347618,0.7853981634,115.408441,168.9690267,90,1,1,safe,
0.2217304764,-0.6891347618,0.872664626,115.408441,168.9690267,100,1,1,safe,
0.2217304764,-0.6891347618,0.9599310886,115.408441,168.9690267,110,1,1,safe,
0.2217304764,-0.6891347618,1.047197551,115.408441,168.9690267,120,1,1,safe,
0.2217304764,-0.6891347618,1.134464014,115.408441,168.9690267,130,1,1,safe,
0.2217304764,-0.6891347618,1.221730476,115.408441,168.9690267,140,1,1,safe,
0.2217304764,-0.6891347618,1.308996939,115.408441,168.9690267,150,1,1,safe,
0.2217304764,-0.6891347618,1.396263402,115.408441,168.9690267,160,1,1,safe,
0.2217304764,-0.6891347618,1.483529864,115.408441,168.9690267,170,1,1,safe,
0.2217304764,-0.6018682992,0,115.408441,158.9690267,0,1,1,safe,
0.2217304764,-0.6018682992,0.0872664626,115.408441,158.9690267,10,1,1,safe,
0.2217304764,-0.6018682992,0.1745329252,115.408441,158.9690267,20,1,1,safe,
0.2217304764,-0.6018682992,0.2617993878,115.408441,158.9690267,30,1,1,safe,
0.2217304764,-0.6018682992,0.3490658504,115.408441,158.9690267,40,1,1,safe,
0.2217304764,-0.6018682992,0.436332313,115.408441,158.9690267,50,1,1,safe,
0.2217304764,-0.6018682992,0.5235987756,115.408441,158.9690267,60,1,1,safe,
0.2217304764,-0.6018682992,0.6108652382,115.408441,158.9690267,70,1,1,safe,
0.2217304764,-0.6018682992,0.6981317008,115.408441,158.9690267,80,1,1,safe,
0.2217304764,-0.6018682992,0.7853981634,115.408441,158.9690267,90,1,1,safe,
0.2217304764,-0.6018682992,0.872664626,115.408441,158.9690267,100,1,1,safe,
0.2217304764,-0.6018682992,0.9599310886,115.408441,158.9690267,110,1,1,safe,
0.2217304764,-0.6018682992,1.047197551,115.408441,158.9690267,120,1,1,safe,
0.2217304764,-0.6018682992,1.134464014,115.408441,158.9690267,130,1,1,safe,
0.2217304764,-0.6018682992,1.221730476,115.408441,158.9690267,140,1,1,safe,
0.2217304764,-0.6018682992,1.308996939,115.408441,158.9690267,150,1,1,safe,
0.2217304764,-0.6018682992,1.396263402,115.408441,158.9690267,160,1,1,safe,
0.2217304764,-0.6018682992,1.483529864,115.408441,158.9690267,170,1,1,safe,
0.2217304764,-0.5146018366,0,115.408441,148.9690267,0,1,1,safe,
0.2217304764,-0.5146018366,0.0872664626,115.408441,148.9690267,10,1,1,safe,
0.2217304764,-0.5146018366,0.1745329252,115.408441,148.9690267,20,1,1,safe,
0.2217304764,-0.5146018366,0.2617993878,115.408441,148.9690267,30,1,1,safe,
0.2217304764,-0.5146018366,0.3490658504,115.408441,148.9690267,40,1,1,safe,
0.2217304764,-0.5146018366,0.436332313,115.408441,148.9690267,50,1,1,safe,
0.2217304764,-0.5146018366,0.5235987756,115.408441,148.9690267,60,1,1,safe,
0.2217304764,-0.5146018366,0.6108652382,115.408441,148.9690267,70,1,1,safe,
0.2217304764,-0.5146018366,0.6981317008,115.408441,148.9690267,80,1,1,safe,
0.2217304764,-0.5146018366,0.7853981634,115.408441,148.9690267,90,1,1,safe,
0.2217304764,-0.5146018366,0.872664626,115.408441,148.9690267,100,1,1,safe,
0.2217304764,-0.5146018366,0.9599310886,115.408441,148.9690267,110,1,1,safe,
0.2217304764,-0.5146018366,1.047197551,115.408441,148.9690267,120,1,1,safe,
0.2217304764,-0.5146018366,1.134464014,115.408441,148.9690267,130,1,1,safe,
0.2217304764,-0.5146018366,1.221730476,115.408441,148.9690267,140,1,1,safe,
0.2217304764,-0.5146018366,1.308996939,115.408441,148.9690267,150,1,1,safe,
0.2217304764,-0.5146018366,1.396263402,115.408441,148.9690267,160,1,1,safe,
0.2217304764,-0.5146018366,1.483529864,115.408441,148.9690267,170,1,1,safe,
0.2217304764,-0.427335374,0,115.408441,138.9690267,0,1,1,safe,
0.2217304764,-0.427335374,0.0872664626,115.408441,138.9690267,10,1,1,safe,
0.2217304764,-0.427335374,0.1745329252,115.408441,138.9690267,20,1,1,safe,
0.2217304764,-0.427335374,0.2617993878,115.408441,138.9690267,30,1,1,safe,
0.2217304764,-0.427335374,0.3490658504,115.408441,138.9690267,40,1,1,safe,
0.2217304764,-0.427335374,0.436332313,115.408441,138.9690267,50,1,1,safe,
0.2217304764,-0.427335374,0.5235987756,115.408441,138.9690267,60,1,1,safe,
0.2217304764,-0.427335374,0.6108652382,115.408441,138.9690267,70,1,1,safe,
0.2217304764,-0.427335374,0.6981317008,115.408441,138.9690267,80,1,1,safe,
0.2217304764,-0.427335374,0.7853981634,115.408441,138.9690267,90,1,1,safe,
0.2217304764,-0.427335374,0.872664626,115.408441,138.9690267,100,1,1,safe,
0.2217304764,-0.427335374,0.9599310886,115.408441,138.9690267,110,1,1,safe,
0.2217304764,-0.427335374,1.047197551,115.408441,138.9690267,120,1,1,safe,
0.2217304764,-0.427335374,1.134464014,115.408441,138.9690267,130,1,1,safe,
0.2217304764,-0.427335374,1.221730476,115.408441,138.9690267,140,1,1,safe,
0.2217304764,-0.427335374,1.308996939,115.408441,138.9690267,150,1,1,safe,
0.2217304764,-0.427335374,1.396263402,115.408441,138.9690267,160,1,1,safe,
0.2217304764,-0.427335374,1.483529864,115.408441,138.9690267,170,1,1,safe,
0.2217304764,-0.3400689114,0,115.408441,128.9690267,0,1,1,safe,
0.2217304764,-0.3400689114,0.0872664626,115.408441,128.9690267,10,1,1,safe,
0.2217304764,-0.3400689114,0.1745329252,115.408441,128.9690267,20,1,1,safe,
0.2217304764,-0.3400689114,0.2617993878,115.408441,128.9690267,30,1,1,safe,
0.2217304764,-0.3400689114,0.3490658504,115.408441,128.9690267,40,1,1,safe,
0.2217304764,-0.3400689114,0.436332313,115.408441,128.9690267,50,1,1,safe,
0.2217304764,-0.3400689114,0.5235987756,115.408441,128.9690267,60,1,1,safe,
0.2217304764,-0.3400689114,0.6108652382,115.408441,128.9690267,70,1,1,safe,
0.2217304764,-0.3400689114,0.6981317008,115.408441,128.9690267,80,1,1,safe,
0.2217304764,-0.3400689114,0.7853981634,115.408441,128.9690267,90,1,1,safe,
0.2217304764,-0.3400689114,0.872664626,115.408441,128.9690267,100,1,1,safe,
0.2217304764,-0.3400689114,0.9599310886,115.408441,128.9690267,110,1,1,safe,
0.2217304764,-0.3400689114,1.047197551,115.408441,128.9690267,120,1,1,safe,
0.2217304764,-0.3400689114,1.134464014,115.408441,128.9690267,130,1,1,safe,
0.2217304764,-0.3400689114,1.221730476,115.408441,128.9690267,140,1,1,safe,
0.2217304764,-0.3400689114,1.308996939,115.408441,128.9690267,150,1,1,safe,
0.2217304764,-0.3400689114,1.396263402,115.408441,128.9690267,160,1,1,safe,
0.2217304764,-0.3400689114,1.483529864,115.408441,128.9690267,170,1,1,safe,
0.2217304764,-0.2528024488,0,115.408441,118.9690267,0,1,1,safe,
0.2217304764,-0.2528024488,0.0872664626,115.408441,118.9690267,10,1,1,safe,
0.2217304764,-0.2528024488,0.1745329252,115.408441,118.9690267,20,1,1,safe,
0.2217304764,-0.2528024488,0.2617993878,115.408441,118.9690267,30,1,1,safe,
0.2217304764,-0.2528024488,0.3490658504,115.408441,118.9690267,40,1,1,safe,
0.2217304764,-0.2528024488,0.436332313,115.408441,118.9690267,50,1,1,safe,
0.2217304764,-0.2528024488,0.5235987756,115.408441,118.9690267,60,1,1,safe,
0.2217304764,-0.2528024488,0.6108652382,115.408441,118.9690267,70,1,1,safe,
0.2217304764,-0.2528024488,0.6981317008,115.408441,118.9690267,80,1,1,safe,
0.2217304764,-0.2528024488,0.7853981634,115.408441,118.9690267,90,1,1,safe,
0.2217304764,-0.2528024488,0.872664626,115.408441,118.9690267,100,1,1,safe,
0.2217304764,-0.2528024488,0.9599310886,115.408441,118.9690267,110,1,1,safe,
0.2217304764,-0.2528024488,1.047197551,115.408441,118.9690267,120,1,1,safe,
0.2217304764,-0.2528024488,1.134464014,115.408441,118.9690267,130,1,1,safe,
0.2217304764,-0.2528024488,1.221730476,115.408441,118.9690267,140,1,1,safe,
0.2217304764,-0.2528024488,1.308996939,115.408441,118.9690267,150,1,1,safe,
0.2217304764,-0.2528024488,1.396263402,115.408441,118.9690267,160,1,1,safe,
0.2217304764,-0.2528024488,1.483529864,115.408441,118.9690267,170,1,1,safe,
0.2217304764,-0.1655359862,0,115.408441,108.9690267,0,1,1,safe,
0.2217304764,-0.1655359862,0.0872664626,115.408441,108.9690267,10,1,1,safe,
0.2217304764,-0.1655359862,0.1745329252,115.408441,108.9690267,20,1,1,safe,
0.2217304764,-0.1655359862,0.2617993878,115.408441,108.9690267,30,1,1,safe,
0.2217304764,-0.1655359862,0.3490658504,115.408441,108.9690267,40,1,1,safe,
0.2217304764,-0.1655359862,0.436332313,115.408441,108.9690267,50,1,1,safe,
0.2217304764,-0.1655359862,0.5235987756,115.408441,108.9690267,60,1,1,safe,
0.2217304764,-0.1655359862,0.6108652382,115.408441,108.9690267,70,1,1,safe,
0.2217304764,-0.1655359862,0.6981317008,115.408441,108.9690267,80,1,1,safe,
0.2217304764,-0.1655359862,0.7853981634,115.408441,108.9690267,90,1,1,safe,
0.2217304764,-0.1655359862,0.872664626,115.408441,108.9690267,100,1,1,safe,
0.2217304764,-0.1655359862,0.9599310886,115.408441,108.9690267,110,1,1,safe,
0.2217304764,-0.1655359862,1.047197551,115.408441,108.9690267,120,1,1,safe,
0.2217304764,-0.1655359862,1.134464014,115.408441,108.9690267,130,1,1,safe,
0.2217304764,-0.1655359862,1.221730476,115.408441,108.9690267,140,1,1,safe,
0.2217304764,-0.1655359862,1.308996939,115.408441,108.9690267,150,1,1,safe,
0.2217304764,-0.1655359862,1.396263402,115.408441,108.9690267,160,1,1,safe,
0.2217304764,-0.1655359862,1.483529864,115.408441,108.9690267,170,1,1,safe,
0.2217304764,-0.0782695236,0,115.408441,98.96902673,0,1,1,safe,
0.2217304764,-0.0782695236,0.0872664626,115.408441,98.96902673,10,1,1,safe,
0.2217304764,-0.0782695236,0.1745329252,115.408441,98.96902673,20,1,1,safe,
0.2217304764,-0.0782695236,0.2617993878,115.408441,98.96902673,30,1,1,safe,
0.2217304764,-0.0782695236,0.3490658504,115.408441,98.96902673,40,1,1,safe,
0.2217304764,-0.0782695236,0.436332313,115.408441,98.96902673,50,1,1,safe,
0.2217304764,-0.0782695236,0.5235987756,115.408441,98.96902673,60,1,1,safe,
0.2217304764,-0.0782695236,0.6108652382,115.408441,98.96902673,70,1,1,safe,
0.2217304764,-0.0782695236,0.6981317008,115.408441,98.96902673,80,1,1,safe,
0.2217304764,-0.0782695236,0.7853981634,115.408441,98.96902673,90,1,1,safe,
0.2217304764,-0.0782695236,0.872664626,115.408441,98.96902673,100,1,1,safe,
0.2217304764,-0.0782695236,0.9599310886,115.408441,98.96902673,110,1,1,safe,
0.2217304764,-0.0782695236,1.047197551,115.408441,98.96902673,120,1,1,safe,
0.2217304764,-0.0782695236,1.134464014,115.408441,98.96902673,130,1,1,safe,
0.2217304764,-0.0782695236,1.221730476,115.408441,98.96902673,140,1,1,safe,
0.2217304764,-0.0782695236,1.308996939,115.408441,98.96902673,150,1,1,safe,
0.2217304764,-0.0782695236,1.396263402,115.408441,98.96902673,160,1,1,safe,
0.2217304764,-0.0782695236,1.483529864,115.408441,98.96902673,170,1,1,safe,
0.2217304764,0.008996939,0,115.408441,88.96902673,0,1,1,safe,
0.2217304764,0.008996939,0.0872664626,115.408441,88.96902673,10,1,1,safe,
0.2217304764,0.008996939,0.1745329252,115.408441,88.96902673,20,1,1,safe,
0.2217304764,0.008996939,0.2617993878,115.408441,88.96902673,30,1,1,safe,
0.2217304764,0.008996939,0.3490658504,115.408441,88.96902673,40,1,1,safe,
0.2217304764,0.008996939,0.436332313,115.408441,88.96902673,50,1,1,safe,
0.2217304764,0.008996939,0.5235987756,115.408441,88.96902673,60,1,1,safe,
0.2217304764,0.008996939,0.6108652382,115.408441,88.96902673,70,1,1,safe,
0.2217304764,0.008996939,0.6981317008,115.408441,88.96902673,80,1,1,safe,
0.2217304764,0.008996939,0.7853981634,115.408441,88.96902673,90,1,1,safe,
0.2217304764,0.008996939,0.872664626,115.408441,88.96902673,100,1,1,safe,
0.2217304764,0.008996939,0.9599310886,115.408441,88.96902673,110,1,1,safe,
0.2217304764,0.008996939,1.047197551,115.408441,88.96902673,120,1,1,safe,
0.2217304764,0.008996939,1.134464014,115.408441,88.96902673,130,1,1,safe,
0.2217304764,0.008996939,1.221730476,115.408441,88.96902673,140,1,1,safe,
0.2217304764,0.008996939,1.308996939,115.408441,88.96902673,150,1,1,safe,
0.2217304764,0.008996939,1.396263402,115.408441,88.96902673,160,1,1,safe,
0.2217304764,0.008996939,1.483529864,115.408441,88.96902673,170,1,1,safe,
0.2217304764,0.0962634016,0,115.408441,78.96902673,0,1,1,safe,
0.2217304764,0.0962634016,0.0872664626,115.408441,78.96902673,10,1,1,safe,
0.2217304764,0.0962634016,0.1745329252,115.408441,78.96902673,20,1,1,safe,
0.2217304764,0.0962634016,0.2617993878,115.408441,78.96902673,30,1,1,safe,
0.2217304764,0.0962634016,0.3490658504,115.408441,78.96902673,40,1,1,safe,
0.2217304764,0.0962634016,0.436332313,115.408441,78.96902673,50,1,1,safe,
0.2217304764,0.0962634016,0.5235987756,115.408441,78.96902673,60,1,1,safe,
0.2217304764,0.0962634016,0.6108652382,115.408441,78.96902673,70,1,1,safe,
0.2217304764,0.0962634016,0.6981317008,115.408441,78.96902673,80,1,1,safe,
0.2217304764,0.0962634016,0.7853981634,115.408441,78.96902673,90,1,1,safe,
0.2217304764,0.0962634016,0.872664626,115.408441,78.96902673,100,1,1,safe,
0.2217304764,0.0962634016,0.9599310886,115.408441,78.96902673,110,1,1,safe,
0.2217304764,0.0962634016,1.047197551,115.408441,78.96902673,120,1,1,safe,
0.2217304764,0.0962634016,1.134464014,115.408441,78.96902673,130,1,1,safe,
0.2217304764,0.0962634016,1.221730476,115.408441,78.96902673,140,1,1,safe,
0.2217304764,0.0962634016,1.308996939,115.408441,78.96902673,150,1,1,safe,
0.2217304764,0.0962634016,1.396263402,115.408441,78.96902673,160,1,1,safe,
0.2217304764,0.0962634016,1.483529864,115.408441,78.96902673,170,1,1,safe,
0.2217304764,0.1835298642,0,115.408441,68.96902673,0,1,1,safe,
0.2217304764,0.1835298642,0.0872664626,115.408441,68.96902673,10,1,1,safe,
0.2217304764,0.1835298642,0.1745329252,115.408441,68.96902673,20,1,1,safe,
0.2217304764,0.1835298642,0.2617993878,115.408441,68.96902673,30,1,1,safe,
0.2217304764,0.1835298642,0.3490658504,115.408441,68.96902673,40,1,1,safe,
0.2217304764,0.1835298642,0.436332313,115.408441,68.96902673,50,1,1,safe,
0.2217304764,0.1835298642,0.5235987756,115.408441,68.96902673,60,1,1,safe,
0.2217304764,0.1835298642,0.6108652382,115.408441,68.96902673,70,1,1,safe,
0.2217304764,0.1835298642,0.6981317008,115.408441,68.96902673,80,1,1,safe,
0.2217304764,0.1835298642,0.7853981634,115.408441,68.96902673,90,1,1,safe,
0.2217304764,0.1835298642,0.872664626,115.408441,68.96902673,100,1,1,safe,
0.2217304764,0.1835298642,0.9599310886,115.408441,68.96902673,110,1,1,safe,
0.2217304764,0.1835298642,1.047197551,115.408441,68.96902673,120,1,1,safe,
0.2217304764,0.1835298642,1.134464014,115.408441,68.96902673,130,1,1,safe,
0.2217304764,0.1835298642,1.221730476,115.408441,68.96902673,140,1,1,safe,
0.2217304764,0.1835298642,1.308996939,115.408441,68.96902673,150,1,1,safe,
0.2217304764,0.1835298642,1.396263402,115.408441,68.96902673,160,1,1,safe,
0.2217304764,0.1835298642,1.483529864,115.408441,68.96902673,170,1,1,safe,
0.2217304764,0.2707963268,0,115.408441,58.96902673,0,1,1,safe,
0.2217304764,0.2707963268,0.0872664626,115.408441,58.96902673,10,1,1,safe,
0.2217304764,0.2707963268,0.1745329252,115.408441,58.96902673,20,1,1,safe,
0.2217304764,0.2707963268,0.2617993878,115.408441,58.96902673,30,1,1,safe,
0.2217304764,0.2707963268,0.3490658504,115.408441,58.96902673,40,1,1,safe,
0.2217304764,0.2707963268,0.436332313,115.408441,58.96902673,50,1,1,safe,
0.2217304764,0.2707963268,0.5235987756,115.408441,58.96902673,60,1,1,safe,
0.2217304764,0.2707963268,0.6108652382,115.408441,58.96902673,70,1,1,safe,
0.2217304764,0.2707963268,0.6981317008,115.408441,58.96902673,80,1,1,safe,
0.2217304764,0.2707963268,0.7853981634,115.408441,58.96902673,90,1,1,safe,
0.2217304764,0.2707963268,0.872664626,115.408441,58.96902673,100,1,1,safe,
0.2217304764,0.2707963268,0.9599310886,115.408441,58.96902673,110,1,1,safe,
0.2217304764,0.2707963268,1.047197551,115.408441,58.96902673,120,1,1,safe,
0.2217304764,0.2707963268,1.134464014,115.408441,58.96902673,130,1,1,safe,
0.2217304764,0.2707963268,1.221730476,115.408441,58.96902673,140,1,1,safe,
0.2217304764,0.2707963268,1.308996939,115.408441,58.96902673,150,1,1,safe,
0.2217304764,0.2707963268,1.396263402,115.408441,58.96902673,160,1,1,safe,
0.2217304764,0.2707963268,1.483529864,115.408441,58.96902673,170,1,1,safe,
0.2217304764,0.3580627894,0,115.408441,48.96902673,0,1,1,safe,
0.2217304764,0.3580627894,0.0872664626,115.408441,48.96902673,10,1,1,safe,
0.2217304764,0.3580627894,0.1745329252,115.408441,48.96902673,20,1,1,safe,
0.2217304764,0.3580627894,0.2617993878,115.408441,48.96902673,30,1,1,safe,
0.2217304764,0.3580627894,0.3490658504,115.408441,48.96902673,40,1,1,safe,
0.2217304764,0.3580627894,0.436332313,115.408441,48.96902673,50,1,1,safe,
0.2217304764,0.3580627894,0.5235987756,115.408441,48.96902673,60,1,1,safe,
0.2217304764,0.3580627894,0.6108652382,115.408441,48.96902673,70,1,1,safe,
0.2217304764,0.3580627894,0.6981317008,115.408441,48.96902673,80,1,1,safe,
0.2217304764,0.3580627894,0.7853981634,115.408441,48.96902673,90,1,1,safe,
0.2217304764,0.3580627894,0.872664626,115.408441,48.96902673,100,1,1,safe,
0.2217304764,0.3580627894,0.9599310886,115.408441,48.96902673,110,1,1,safe,
0.2217304764,0.3580627894,1.047197551,115.408441,48.96902673,120,1,1,safe,
0.2217304764,0.3580627894,1.134464014,115.408441,48.96902673,130,1,1,safe,
0.2217304764,0.3580627894,1.221730476,115.408441,48.96902673,140,1,1,safe,
0.2217304764,0.3580627894,1.308996939,115.408441,48.96902673,150,1,1,safe,
0.2217304764,0.3580627894,1.396263402,115.408441,48.96902673,160,1,1,safe,
0.2217304764,0.3580627894,1.483529864,115.408441,48.96902673,170,1,1,safe,
0.2217304764,0.445329252,0,115.408441,38.96902673,0,1,1,safe,
0.2217304764,0.445329252,0.0872664626,115.408441,38.96902673,10,1,1,safe,
0.2217304764,0.445329252,0.1745329252,115.408441,38.96902673,20,1,1,safe,
0.2217304764,0.445329252,0.2617993878,115.408441,38.96902673,30,1,1,safe,
0.2217304764,0.445329252,0.3490658504,115.408441,38.96902673,40,1,1,safe,
0.2217304764,0.445329252,0.436332313,115.408441,38.96902673,50,1,1,safe,
0.2217304764,0.445329252,0.5235987756,115.408441,38.96902673,60,1,1,safe,
0.2217304764,0.445329252,0.6108652382,115.408441,38.96902673,70,1,1,safe,
0.2217304764,0.445329252,0.6981317008,115.408441,38.96902673,80,1,1,safe,
0.2217304764,0.445329252,0.7853981634,115.408441,38.96902673,90,1,1,safe,
0.2217304764,0.445329252,0.872664626,115.408441,38.96902673,100,1,1,safe,
0.2217304764,0.445329252,0.9599310886,115.408441,38.96902673,110,1,1,safe,
0.2217304764,0.445329252,1.047197551,115.408441,38.96902673,120,1,1,safe,
0.2217304764,0.445329252,1.134464014,115.408441,38.96902673,130,1,1,safe,
0.2217304764,0.445329252,1.221730476,115.408441,38.96902673,140,1,1,safe,
0.2217304764,0.445329252,1.308996939,115.408441,38.96902673,150,1,1,safe,
0.2217304764,0.445329252,1.396263402,115.408441,38.96902673,160,1,1,safe,
0.2217304764,0.445329252,1.483529864,115.408441,38.96902673,170,1,1,safe,
0.2217304764,0.5325957146,0,115.408441,28.96902673,0,1,1,safe,
0.2217304764,0.5325957146,0.0872664626,115.408441,28.96902673,10,1,1,safe,
0.2217304764,0.5325957146,0.1745329252,115.408441,28.96902673,20,1,1,safe,
0.2217304764,0.5325957146,0.2617993878,115.408441,28.96902673,30,1,1,safe,
0.2217304764,0.5325957146,0.3490658504,115.408441,28.96902673,40,1,1,safe,
0.2217304764,0.5325957146,0.436332313,115.408441,28.96902673,50,1,1,safe,
0.2217304764,0.5325957146,0.5235987756,115.408441,28.96902673,60,1,1,safe,
0.2217304764,0.5325957146,0.6108652382,115.408441,28.96902673,70,1,1,safe,
0.2217304764,0.5325957146,0.6981317008,115.408441,28.96902673,80,1,1,safe,
0.2217304764,0.5325957146,0.7853981634,115.408441,28.96902673,90,1,1,safe,
0.2217304764,0.5325957146,0.872664626,115.408441,28.96902673,100,1,1,safe,
0.2217304764,0.5325957146,0.9599310886,115.408441,28.96902673,110,1,1,safe,
0.2217304764,0.5325957146,1.047197551,115.408441,28.96902673,120,1,1,safe,
0.2217304764,0.5325957146,1.134464014,115.408441,28.96902673,130,1,1,safe,
0.2217304764,0.5325957146,1.221730476,115.408441,28.96902673,140,1,1,safe,
0.2217304764,0.5325957146,1.308996939,115.408441,28.96902673,150,1,1,safe,
0.2217304764,0.5325957146,1.396263402,115.408441,28.96902673,160,1,1,safe,
0.2217304764,0.5325957146,1.483529864,115.408441,28.96902673,170,1,1,safe,
0.2217304764,0.6198621772,0,115.408441,18.96902673,0,1,1,safe,
0.2217304764,0.6198621772,0.0872664626,115.408441,18.96902673,10,1,1,safe,
0.2217304764,0.6198621772,0.1745329252,115.408441,18.96902673,20,1,1,safe,
0.2217304764,0.6198621772,0.2617993878,115.408441,18.96902673,30,1,1,safe,
0.2217304764,0.6198621772,0.3490658504,115.408441,18.96902673,40,1,1,safe,
0.2217304764,0.6198621772,0.436332313,115.408441,18.96902673,50,1,1,safe,
0.2217304764,0.6198621772,0.5235987756,115.408441,18.96902673,60,1,1,safe,
0.2217304764,0.6198621772,0.6108652382,115.408441,18.96902673,70,1,1,safe,
0.2217304764,0.6198621772,0.6981317008,115.408441,18.96902673,80,1,1,safe,
0.2217304764,0.6198621772,0.7853981634,115.408441,18.96902673,90,1,1,safe,
0.2217304764,0.6198621772,0.872664626,115.408441,18.96902673,100,1,1,safe,
0.2217304764,0.6198621772,0.9599310886,115.408441,18.96902673,110,1,1,safe,
0.2217304764,0.6198621772,1.047197551,115.408441,18.96902673,120,1,1,safe,
0.2217304764,0.6198621772,1.134464014,115.408441,18.96902673,130,1,1,safe,
0.2217304764,0.6198621772,1.221730476,115.408441,18.96902673,140,1,1,safe,
0.2217304764,0.6198621772,1.308996939,115.408441,18.96902673,150,1,1,safe,
0.2217304764,0.6198621772,1.396263402,115.408441,18.96902673,160,1,1,safe,
0.2217304764,0.6198621772,1.483529864,115.408441,18.96902673,170,1,1,safe,
0.2217304764,0.7071286398,0,115.408441,8.969026733,0,1,1,safe,
0.2217304764,0.7071286398,0.0872664626,115.408441,8.969026733,10,1,1,safe,
0.2217304764,0.7071286398,0.1745329252,115.408441,8.969026733,20,1,1,safe,
0.2217304764,0.7071286398,0.2617993878,115.408441,8.969026733,30,1,1,safe,
0.2217304764,0.7071286398,0.3490658504,115.408441,8.969026733,40,1,1,safe,
0.2217304764,0.7071286398,0.436332313,115.408441,8.969026733,50,1,1,safe,
0.2217304764,0.7071286398,0.5235987756,115.408441,8.969026733,60,1,1,safe,
0.2217304764,0.7071286398,0.6108652382,115.408441,8.969026733,70,1,1,safe,
0.2217304764,0.7071286398,0.6981317008,115.408441,8.969026733,80,1,1,safe,
0.2217304764,0.7071286398,0.7853981634,115.408441,8.969026733,90,1,1,safe,
0.2217304764,0.7071286398,0.872664626,115.408441,8.969026733,100,1,1,safe,
0.2217304764,0.7071286398,0.9599310886,115.408441,8.969026733,110,1,1,safe,
0.2217304764,0.7071286398,1.047197551,115.408441,8.969026733,120,1,1,safe,
0.2217304764,0.7071286398,1.134464014,115.408441,8.969026733,130,1,1,safe,
0.2217304764,0.7071286398,1.221730476,115.408441,8.969026733,140,1,1,safe,
0.2217304764,0.7071286398,1.308996939,115.408441,8.969026733,150,1,1,safe,
0.2217304764,0.7071286398,1.396263402,115.408441,8.969026733,160,1,1,safe,
0.2217304764,0.7071286398,1.483529864,115.408441,8.969026733,170,1,1,safe,
0.308996939,-0.7764012244,0,125.408441,178.9690267,0,1,1,safe,
0.308996939,-0.7764012244,0.0872664626,125.408441,178.9690267,10,1,1,safe,
0.308996939,-0.7764012244,0.1745329252,125.408441,178.9690267,20,1,1,safe,
0.308996939,-0.7764012244,0.2617993878,125.408441,178.9690267,30,1,1,safe,
0.308996939,-0.7764012244,0.3490658504,125.408441,178.9690267,40,1,1,safe,
0.308996939,-0.7764012244,0.436332313,125.408441,178.9690267,50,1,1,safe,
0.308996939,-0.7764012244,0.5235987756,125.408441,178.9690267,60,1,1,safe,
0.308996939,-0.7764012244,0.6108652382,125.408441,178.9690267,70,1,1,safe,
0.308996939,-0.7764012244,0.6981317008,125.408441,178.9690267,80,1,1,safe,
0.308996939,-0.7764012244,0.7853981634,125.408441,178.9690267,90,1,1,safe,
0.308996939,-0.7764012244,0.872664626,125.408441,178.9690267,100,1,1,safe,
0.308996939,-0.7764012244,0.9599310886,125.408441,178.9690267,110,1,1,safe,
0.308996939,-0.7764012244,1.047197551,125.408441,178.9690267,120,1,1,safe,
0.308996939,-0.7764012244,1.134464014,125.408441,178.9690267,130,1,1,safe,
0.308996939,-0.7764012244,1.221730476,125.408441,178.9690267,140,1,1,safe,
0.308996939,-0.7764012244,1.308996939,125.408441,178.9690267,150,1,1,safe,
0.308996939,-0.7764012244,1.396263402,125.408441,178.9690267,160,1,1,safe,
0.308996939,-0.7764012244,1.483529864,125.408441,178.9690267,170,1,1,safe,
0.308996939,-0.6891347618,0,125.408441,168.9690267,0,1,1,safe,
0.308996939,-0.6891347618,0.0872664626,125.408441,168.9690267,10,1,1,safe,
0.308996939,-0.6891347618,0.1745329252,125.408441,168.9690267,20,1,1,safe,
0.308996939,-0.6891347618,0.2617993878,125.408441,168.9690267,30,1,1,safe,
0.308996939,-0.6891347618,0.3490658504,125.408441,168.9690267,40,1,1,safe,
0.308996939,-0.6891347618,0.436332313,125.408441,168.9690267,50,1,1,safe,
0.308996939,-0.6891347618,0.5235987756,125.408441,168.9690267,60,1,1,safe,
0.308996939,-0.6891347618,0.6108652382,125.408441,168.9690267,70,1,1,safe,
0.308996939,-0.6891347618,0.6981317008,125.408441,168.9690267,80,1,1,safe,
0.308996939,-0.6891347618,0.7853981634,125.408441,168.9690267,90,1,1,safe,
0.308996939,-0.6891347618,0.872664626,125.408441,168.9690267,100,1,1,safe,
0.308996939,-0.6891347618,0.9599310886,125.408441,168.9690267,110,1,1,safe,
0.308996939,-0.6891347618,1.047197551,125.408441,168.9690267,120,1,1,safe,
0.308996939,-0.6891347618,1.134464014,125.408441,168.9690267,130,1,1,safe,
0.308996939,-0.6891347618,1.221730476,125.408441,168.9690267,140,1,1,safe,
0.308996939,-0.6891347618,1.308996939,125.408441,168.9690267,150,1,1,safe,
0.308996939,-0.6891347618,1.396263402,125.408441,168.9690267,160,1,1,safe,
0.308996939,-0.6891347618,1.483529864,125.408441,168.9690267,170,1,1,safe,
0.308996939,-0.6018682992,0,125.408441,158.9690267,0,1,1,safe,
0.308996939,-0.6018682992,0.0872664626,125.408441,158.9690267,10,1,1,safe,
0.308996939,-0.6018682992,0.1745329252,125.408441,158.9690267,20,1,1,safe,
0.308996939,-0.6018682992,0.2617993878,125.408441,158.9690267,30,1,1,safe,
0.308996939,-0.6018682992,0.3490658504,125.408441,158.9690267,40,1,1,safe,
0.308996939,-0.6018682992,0.436332313,125.408441,158.9690267,50,1,1,safe,
0.308996939,-0.6018682992,0.5235987756,125.408441,158.9690267,60,1,1,safe,
0.308996939,-0.6018682992,0.6108652382,125.408441,158.9690267,70,1,1,safe,
0.308996939,-0.6018682992,0.6981317008,125.408441,158.9690267,80,1,1,safe,
0.308996939,-0.6018682992,0.7853981634,125.408441,158.9690267,90,1,1,safe,
0.308996939,-0.6018682992,0.872664626,125.408441,158.9690267,100,1,1,safe,
0.308996939,-0.6018682992,0.9599310886,125.408441,158.9690267,110,1,1,safe,
0.308996939,-0.6018682992,1.047197551,125.408441,158.9690267,120,1,1,safe,
0.308996939,-0.6018682992,1.134464014,125.408441,158.9690267,130,1,1,safe,
0.308996939,-0.6018682992,1.221730476,125.408441,158.9690267,140,1,1,safe,
0.308996939,-0.6018682992,1.308996939,125.408441,158.9690267,150,1,1,safe,
0.308996939,-0.6018682992,1.396263402,125.408441,158.9690267,160,1,1,safe,
0.308996939,-0.6018682992,1.483529864,125.408441,158.9690267,170,1,1,safe,
0.308996939,-0.5146018366,0,125.408441,148.9690267,0,1,1,safe,
0.308996939,-0.5146018366,0.0872664626,125.408441,148.9690267,10,1,1,safe,
0.308996939,-0.5146018366,0.1745329252,125.408441,148.9690267,20,1,1,safe,
0.308996939,-0.5146018366,0.2617993878,125.408441,148.9690267,30,1,1,safe,
0.308996939,-0.5146018366,0.3490658504,125.408441,148.9690267,40,1,1,safe,
0.308996939,-0.5146018366,0.436332313,125.408441,148.9690267,50,1,1,safe,
0.308996939,-0.5146018366,0.5235987756,125.408441,148.9690267,60,1,1,safe,
0.308996939,-0.5146018366,0.6108652382,125.408441,148.9690267,70,1,1,safe,
0.308996939,-0.5146018366,0.6981317008,125.408441,148.9690267,80,1,1,safe,
0.308996939,-0.5146018366,0.7853981634,125.408441,148.9690267,90,1,1,safe,
0.308996939,-0.5146018366,0.872664626,125.408441,148.9690267,100,1,1,safe,
0.308996939,-0.5146018366,0.9599310886,125.408441,148.9690267,110,1,1,safe,
0.308996939,-0.5146018366,1.047197551,125.408441,148.9690267,120,1,1,safe,
0.308996939,-0.5146018366,1.134464014,125.408441,148.9690267,130,1,1,safe,
0.308996939,-0.5146018366,1.221730476,125.408441,148.9690267,140,1,1,safe,
0.308996939,-0.5146018366,1.308996939,125.408441,148.9690267,150,1,1,safe,
0.308996939,-0.5146018366,1.396263402,125.408441,148.9690267,160,1,1,safe,
0.308996939,-0.5146018366,1.483529864,125.408441,148.9690267,170,1,1,safe,
0.308996939,-0.427335374,0,125.408441,138.9690267,0,1,1,safe,
0.308996939,-0.427335374,0.0872664626,125.408441,138.9690267,10,1,1,safe,
0.308996939,-0.427335374,0.1745329252,125.408441,138.9690267,20,1,1,safe,
0.308996939,-0.427335374,0.2617993878,125.408441,138.9690267,30,1,1,safe,
0.308996939,-0.427335374,0.3490658504,125.408441,138.9690267,40,1,1,safe,
0.308996939,-0.427335374,0.436332313,125.408441,138.9690267,50,1,1,safe,
0.308996939,-0.427335374,0.5235987756,125.408441,138.9690267,60,1,1,safe,
0.308996939,-0.427335374,0.6108652382,125.408441,138.9690267,70,1,1,safe,
0.308996939,-0.427335374,0.6981317008,125.408441,138.9690267,80,1,1,safe,
0.308996939,-0.427335374,0.7853981634,125.408441,138.9690267,90,1,1,safe,
0.308996939,-0.427335374,0.872664626,125.408441,138.9690267,100,1,1,safe,
0.308996939,-0.427335374,0.9599310886,125.408441,138.9690267,110,1,1,safe,
0.308996939,-0.427335374,1.047197551,125.408441,138.9690267,120,1,1,safe,
0.308996939,-0.427335374,1.134464014,125.408441,138.9690267,130,1,1,safe,
0.308996939,-0.427335374,1.221730476,125.408441,138.9690267,140,1,1,safe,
0.308996939,-0.427335374,1.308996939,125.408441,138.9690267,150,1,1,safe,
0.308996939,-0.427335374,1.396263402,125.408441,138.9690267,160,1,1,safe,
0.308996939,-0.427335374,1.483529864,125.408441,138.9690267,170,1,1,safe,
0.308996939,-0.3400689114,0,125.408441,128.9690267,0,1,1,safe,
0.308996939,-0.3400689114,0.0872664626,125.408441,128.9690267,10,1,1,safe,
0.308996939,-0.3400689114,0.1745329252,125.408441,128.9690267,20,1,1,safe,
0.308996939,-0.3400689114,0.2617993878,125.408441,128.9690267,30,1,1,safe,
0.308996939,-0.3400689114,0.3490658504,125.408441,128.9690267,40,1,1,safe,
0.308996939,-0.3400689114,0.436332313,125.408441,128.9690267,50,1,1,safe,
0.308996939,-0.3400689114,0.5235987756,125.408441,128.9690267,60,1,1,safe,
0.308996939,-0.3400689114,0.6108652382,125.408441,128.9690267,70,1,1,safe,
0.308996939,-0.3400689114,0.6981317008,125.408441,128.9690267,80,1,1,safe,
0.308996939,-0.3400689114,0.7853981634,125.408441,128.9690267,90,1,1,safe,
0.308996939,-0.3400689114,0.872664626,125.408441,128.9690267,100,1,1,safe,
0.308996939,-0.3400689114,0.9599310886,125.408441,128.9690267,110,1,1,safe,
0.308996939,-0.3400689114,1.047197551,125.408441,128.9690267,120,1,1,safe,
0.308996939,-0.3400689114,1.134464014,125.408441,128.9690267,130,1,1,safe,
0.308996939,-0.3400689114,1.221730476,125.408441,128.9690267,140,1,1,safe,
0.308996939,-0.3400689114,1.308996939,125.408441,128.9690267,150,1,1,safe,
0.308996939,-0.3400689114,1.396263402,125.408441,128.9690267,160,1,1,safe,
0.308996939,-0.3400689114,1.483529864,125.408441,128.9690267,170,1,1,safe,
0.308996939,-0.2528024488,0,125.408441,118.9690267,0,1,1,safe,
0.308996939,-0.2528024488,0.0872664626,125.408441,118.9690267,10,1,1,safe,
0.308996939,-0.2528024488,0.1745329252,125.408441,118.9690267,20,1,1,safe,
0.308996939,-0.2528024488,0.2617993878,125.408441,118.9690267,30,1,1,safe,
0.308996939,-0.2528024488,0.3490658504,125.408441,118.9690267,40,1,1,safe,
0.308996939,-0.2528024488,0.436332313,125.408441,118.9690267,50,1,1,safe,
0.308996939,-0.2528024488,0.5235987756,125.408441,118.9690267,60,1,1,safe,
0.308996939,-0.2528024488,0.6108652382,125.408441,118.9690267,70,1,1,safe,
0.308996939,-0.2528024488,0.6981317008,125.408441,118.9690267,80,1,1,safe,
0.308996939,-0.2528024488,0.7853981634,125.408441,118.9690267,90,1,1,safe,
0.308996939,-0.2528024488,0.872664626,125.408441,118.9690267,100,1,1,safe,
0.308996939,-0.2528024488,0.9599310886,125.408441,118.9690267,110,1,1,safe,
0.308996939,-0.2528024488,1.047197551,125.408441,118.9690267,120,1,1,safe,
0.308996939,-0.2528024488,1.134464014,125.408441,118.9690267,130,1,1,safe,
0.308996939,-0.2528024488,1.221730476,125.408441,118.9690267,140,1,1,safe,
0.308996939,-0.2528024488,1.308996939,125.408441,118.9690267,150,1,1,safe,
0.308996939,-0.2528024488,1.396263402,125.408441,118.9690267,160,1,1,safe,
0.308996939,-0.2528024488,1.483529864,125.408441,118.9690267,170,1,1,safe,
0.308996939,-0.1655359862,0,125.408441,108.9690267,0,1,1,safe,
0.308996939,-0.1655359862,0.0872664626,125.408441,108.9690267,10,1,1,safe,
0.308996939,-0.1655359862,0.1745329252,125.408441,108.9690267,20,1,1,safe,
0.308996939,-0.1655359862,0.2617993878,125.408441,108.9690267,30,1,1,safe,
0.308996939,-0.1655359862,0.3490658504,125.408441,108.9690267,40,1,1,safe,
0.308996939,-0.1655359862,0.436332313,125.408441,108.9690267,50,1,1,safe,
0.308996939,-0.1655359862,0.5235987756,125.408441,108.9690267,60,1,1,safe,
0.308996939,-0.1655359862,0.6108652382,125.408441,108.9690267,70,1,1,safe,
0.308996939,-0.1655359862,0.6981317008,125.408441,108.9690267,80,1,1,safe,
0.308996939,-0.1655359862,0.7853981634,125.408441,108.9690267,90,1,1,safe,
0.308996939,-0.1655359862,0.872664626,125.408441,108.9690267,100,1,1,safe,
0.308996939,-0.1655359862,0.9599310886,125.408441,108.9690267,110,1,1,safe,
0.308996939,-0.1655359862,1.047197551,125.408441,108.9690267,120,1,1,safe,
0.308996939,-0.1655359862,1.134464014,125.408441,108.9690267,130,1,1,safe,
0.308996939,-0.1655359862,1.221730476,125.408441,108.9690267,140,1,1,safe,
0.308996939,-0.1655359862,1.308996939,125.408441,108.9690267,150,1,1,safe,
0.308996939,-0.1655359862,1.396263402,125.408441,108.9690267,160,1,1,safe,
0.308996939,-0.1655359862,1.483529864,125.408441,108.9690267,170,1,1,safe,
0.308996939,-0.0782695236,0,125.408441,98.96902673,0,1,1,safe,
0.308996939,-0.0782695236,0.0872664626,125.408441,98.96902673,10,1,1,safe,
0.308996939,-0.0782695236,0.1745329252,125.408441,98.96902673,20,1,1,safe,
0.308996939,-0.0782695236,0.2617993878,125.408441,98.96902673,30,1,1,safe,
0.308996939,-0.0782695236,0.3490658504,125.408441,98.96902673,40,1,1,safe,
0.308996939,-0.0782695236,0.436332313,125.408441,98.96902673,50,1,1,safe,
0.308996939,-0.0782695236,0.5235987756,125.408441,98.96902673,60,1,1,safe,
0.308996939,-0.0782695236,0.6108652382,125.408441,98.96902673,70,1,1,safe,
0.308996939,-0.0782695236,0.6981317008,125.408441,98.96902673,80,1,1,safe,
0.308996939,-0.0782695236,0.7853981634,125.408441,98.96902673,90,1,1,safe,
0.308996939,-0.0782695236,0.872664626,125.408441,98.96902673,100,1,1,safe,
0.308996939,-0.0782695236,0.9599310886,125.408441,98.96902673,110,1,1,safe,
0.308996939,-0.0782695236,1.047197551,125.408441,98.96902673,120,1,1,safe,
0.308996939,-0.0782695236,1.134464014,125.408441,98.96902673,130,1,1,safe,
0.308996939,-0.0782695236,1.221730476,125.408441,98.96902673,140,1,1,safe,
0.308996939,-0.0782695236,1.308996939,125.408441,98.96902673,150,1,1,safe,
0.308996939,-0.0782695236,1.396263402,125.408441,98.96902673,160,1,1,safe,
0.308996939,-0.0782695236,1.483529864,125.408441,98.96902673,170,1,1,safe,
0.308996939,0.008996939,0,125.408441,88.96902673,0,1,1,safe,
0.308996939,0.008996939,0.0872664626,125.408441,88.96902673,10,1,1,safe,
0.308996939,0.008996939,0.1745329252,125.408441,88.96902673,20,1,1,safe,
0.308996939,0.008996939,0.2617993878,125.408441,88.96902673,30,1,1,safe,
0.308996939,0.008996939,0.3490658504,125.408441,88.96902673,40,1,1,safe,
0.308996939,0.008996939,0.436332313,125.408441,88.96902673,50,1,1,safe,
0.308996939,0.008996939,0.5235987756,125.408441,88.96902673,60,1,1,safe,
0.308996939,0.008996939,0.6108652382,125.408441,88.96902673,70,1,1,safe,
0.308996939,0.008996939,0.6981317008,125.408441,88.96902673,80,1,1,safe,
0.308996939,0.008996939,0.7853981634,125.408441,88.96902673,90,1,1,safe,
0.308996939,0.008996939,0.872664626,125.408441,88.96902673,100,1,1,safe,
0.308996939,0.008996939,0.9599310886,125.408441,88.96902673,110,1,1,safe,
0.308996939,0.008996939,1.047197551,125.408441,88.96902673,120,1,1,safe,
0.308996939,0.008996939,1.134464014,125.408441,88.96902673,130,1,1,safe,
0.308996939,0.008996939,1.221730476,125.408441,88.96902673,140,1,1,safe,
0.308996939,0.008996939,1.308996939,125.408441,88.96902673,150,1,1,safe,
0.308996939,0.008996939,1.396263402,125.408441,88.96902673,160,1,1,safe,
0.308996939,0.008996939,1.483529864,125.408441,88.96902673,170,1,1,safe,
0.308996939,0.0962634016,0,125.408441,78.96902673,0,1,1,safe,
0.308996939,0.0962634016,0.0872664626,125.408441,78.96902673,10,1,1,safe,
0.308996939,0.0962634016,0.1745329252,125.408441,78.96902673,20,1,1,safe,
0.308996939,0.0962634016,0.2617993878,125.408441,78.96902673,30,1,1,safe,
0.308996939,0.0962634016,0.3490658504,125.408441,78.96902673,40,1,1,safe,
0.308996939,0.0962634016,0.436332313,125.408441,78.96902673,50,1,1,safe,
0.308996939,0.0962634016,0.5235987756,125.408441,78.96902673,60,1,1,safe,
0.308996939,0.0962634016,0.6108652382,125.408441,78.96902673,70,1,1,safe,
0.308996939,0.0962634016,0.6981317008,125.408441,78.96902673,80,1,1,safe,
0.308996939,0.0962634016,0.7853981634,125.408441,78.96902673,90,1,1,safe,
0.308996939,0.0962634016,0.872664626,125.408441,78.96902673,100,1,1,safe,
0.308996939,0.0962634016,0.9599310886,125.408441,78.96902673,110,1,1,safe,
0.308996939,0.0962634016,1.047197551,125.408441,78.96902673,120,1,1,safe,
0.308996939,0.0962634016,1.134464014,125.408441,78.96902673,130,1,1,safe,
0.308996939,0.0962634016,1.221730476,125.408441,78.96902673,140,1,1,safe,
0.308996939,0.0962634016,1.308996939,125.408441,78.96902673,150,1,1,safe,
0.308996939,0.0962634016,1.396263402,125.408441,78.96902673,160,1,1,safe,
0.308996939,0.0962634016,1.483529864,125.408441,78.96902673,170,1,1,safe,
0.308996939,0.1835298642,0,125.408441,68.96902673,0,1,1,safe,
0.308996939,0.1835298642,0.0872664626,125.408441,68.96902673,10,1,1,safe,
0.308996939,0.1835298642,0.1745329252,125.408441,68.96902673,20,1,1,safe,
0.308996939,0.1835298642,0.2617993878,125.408441,68.96902673,30,1,1,safe,
0.308996939,0.1835298642,0.3490658504,125.408441,68.96902673,40,1,1,safe,
0.308996939,0.1835298642,0.436332313,125.408441,68.96902673,50,1,1,safe,
0.308996939,0.1835298642,0.5235987756,125.408441,68.96902673,60,1,1,safe,
0.308996939,0.1835298642,0.6108652382,125.408441,68.96902673,70,1,1,safe,
0.308996939,0.1835298642,0.6981317008,125.408441,68.96902673,80,1,1,safe,
0.308996939,0.1835298642,0.7853981634,125.408441,68.96902673,90,1,1,safe,
0.308996939,0.1835298642,0.872664626,125.408441,68.96902673,100,1,1,safe,
0.308996939,0.1835298642,0.9599310886,125.408441,68.96902673,110,1,1,safe,
0.308996939,0.1835298642,1.047197551,125.408441,68.96902673,120,1,1,safe,
0.308996939,0.1835298642,1.134464014,125.408441,68.96902673,130,1,1,safe,
0.308996939,0.1835298642,1.221730476,125.408441,68.96902673,140,1,1,safe,
0.308996939,0.1835298642,1.308996939,125.408441,68.96902673,150,1,1,safe,
0.308996939,0.1835298642,1.396263402,125.408441,68.96902673,160,1,1,safe,
0.308996939,0.1835298642,1.483529864,125.408441,68.96902673,170,1,1,safe,
0.308996939,0.2707963268,0,125.408441,58.96902673,0,1,1,safe,
0.308996939,0.2707963268,0.0872664626,125.408441,58.96902673,10,1,1,safe,
0.308996939,0.2707963268,0.1745329252,125.408441,58.96902673,20,1,1,safe,
0.308996939,0.2707963268,0.2617993878,125.408441,58.96902673,30,1,1,safe,
0.308996939,0.2707963268,0.3490658504,125.408441,58.96902673,40,1,1,safe,
0.308996939,0.2707963268,0.436332313,125.408441,58.96902673,50,1,1,safe,
0.308996939,0.2707963268,0.5235987756,125.408441,58.96902673,60,1,1,safe,
0.308996939,0.2707963268,0.6108652382,125.408441,58.96902673,70,1,1,safe,
0.308996939,0.2707963268,0.6981317008,125.408441,58.96902673,80,1,1,safe,
0.308996939,0.2707963268,0.7853981634,125.408441,58.96902673,90,1,1,safe,
0.308996939,0.2707963268,0.872664626,125.408441,58.96902673,100,1,1,safe,
0.308996939,0.2707963268,0.9599310886,125.408441,58.96902673,110,1,1,safe,
0.308996939,0.2707963268,1.047197551,125.408441,58.96902673,120,1,1,safe,
0.308996939,0.2707963268,1.134464014,125.408441,58.96902673,130,1,1,safe,
0.308996939,0.2707963268,1.221730476,125.408441,58.96902673,140,1,1,safe,
0.308996939,0.2707963268,1.308996939,125.408441,58.96902673,150,1,1,safe,
0.308996939,0.2707963268,1.396263402,125.408441,58.96902673,160,1,1,safe,
0.308996939,0.2707963268,1.483529864,125.408441,58.96902673,170,1,1,safe,
0.308996939,0.3580627894,0,125.408441,48.96902673,0,1,1,safe,
0.308996939,0.3580627894,0.0872664626,125.408441,48.96902673,10,1,1,safe,
0.308996939,0.3580627894,0.1745329252,125.408441,48.96902673,20,1,1,safe,
0.308996939,0.3580627894,0.2617993878,125.408441,48.96902673,30,1,1,safe,
0.308996939,0.3580627894,0.3490658504,125.408441,48.96902673,40,1,1,safe,
0.308996939,0.3580627894,0.436332313,125.408441,48.96902673,50,1,1,safe,
0.308996939,0.3580627894,0.5235987756,125.408441,48.96902673,60,1,1,safe,
0.308996939,0.3580627894,0.6108652382,125.408441,48.96902673,70,1,1,safe,
0.308996939,0.3580627894,0.6981317008,125.408441,48.96902673,80,1,1,safe,
0.308996939,0.3580627894,0.7853981634,125.408441,48.96902673,90,1,1,safe,
0.308996939,0.3580627894,0.872664626,125.408441,48.96902673,100,1,1,safe,
0.308996939,0.3580627894,0.9599310886,125.408441,48.96902673,110,1,1,safe,
0.308996939,0.3580627894,1.047197551,125.408441,48.96902673,120,1,1,safe,
0.308996939,0.3580627894,1.134464014,125.408441,48.96902673,130,1,1,safe,
0.308996939,0.3580627894,1.221730476,125.408441,48.96902673,140,1,1,safe,
0.308996939,0.3580627894,1.308996939,125.408441,48.96902673,150,1,1,safe,
0.308996939,0.3580627894,1.396263402,125.408441,48.96902673,160,1,1,safe,
0.308996939,0.3580627894,1.483529864,125.408441,48.96902673,170,1,1,safe,
0.308996939,0.445329252,0,125.408441,38.96902673,0,1,1,safe,
0.308996939,0.445329252,0.0872664626,125.408441,38.96902673,10,1,1,safe,
0.308996939,0.445329252,0.1745329252,125.408441,38.96902673,20,1,1,safe,
0.308996939,0.445329252,0.2617993878,125.408441,38.96902673,30,1,1,safe,
0.308996939,0.445329252,0.3490658504,125.408441,38.96902673,40,1,1,safe,
0.308996939,0.445329252,0.436332313,125.408441,38.96902673,50,1,1,safe,
0.308996939,0.445329252,0.5235987756,125.408441,38.96902673,60,1,1,safe,
0.308996939,0.445329252,0.6108652382,125.408441,38.96902673,70,1,1,safe,
0.308996939,0.445329252,0.6981317008,125.408441,38.96902673,80,1,1,safe,
0.308996939,0.445329252,0.7853981634,125.408441,38.96902673,90,1,1,safe,
0.308996939,0.445329252,0.872664626,125.408441,38.96902673,100,1,1,safe,
0.308996939,0.445329252,0.9599310886,125.408441,38.96902673,110,1,1,safe,
0.308996939,0.445329252,1.047197551,125.408441,38.96902673,120,1,1,safe,
0.308996939,0.445329252,1.134464014,125.408441,38.96902673,130,1,1,safe,
0.308996939,0.445329252,1.221730476,125.408441,38.96902673,140,1,1,safe,
0.308996939,0.445329252,1.308996939,125.408441,38.96902673,150,1,1,safe,
0.308996939,0.445329252,1.396263402,125.408441,38.96902673,160,1,1,safe,
0.308996939,0.445329252,1.483529864,125.408441,38.96902673,170,1,1,safe,
0.308996939,0.5325957146,0,125.408441,28.96902673,0,1,1,safe,
0.308996939,0.5325957146,0.0872664626,125.408441,28.96902673,10,1,1,safe,
0.308996939,0.5325957146,0.1745329252,125.408441,28.96902673,20,1,1,safe,
0.308996939,0.5325957146,0.2617993878,125.408441,28.96902673,30,1,1,safe,
0.308996939,0.5325957146,0.3490658504,125.408441,28.96902673,40,1,1,safe,
0.308996939,0.5325957146,0.436332313,125.408441,28.96902673,50,1,1,safe,
0.308996939,0.5325957146,0.5235987756,125.408441,28.96902673,60,1,1,safe,
0.308996939,0.5325957146,0.6108652382,125.408441,28.96902673,70,1,1,safe,
0.308996939,0.5325957146,0.6981317008,125.408441,28.96902673,80,1,1,safe,
0.308996939,0.5325957146,0.7853981634,125.408441,28.96902673,90,1,1,safe,
0.308996939,0.5325957146,0.872664626,125.408441,28.96902673,100,1,1,safe,
0.308996939,0.5325957146,0.9599310886,125.408441,28.96902673,110,1,1,safe,
0.308996939,0.5325957146,1.047197551,125.408441,28.96902673,120,1,1,safe,
0.308996939,0.5325957146,1.134464014,125.408441,28.96902673,130,1,1,safe,
0.308996939,0.5325957146,1.221730476,125.408441,28.96902673,140,1,1,safe,
0.308996939,0.5325957146,1.308996939,125.408441,28.96902673,150,1,1,safe,
0.308996939,0.5325957146,1.396263402,125.408441,28.96902673,160,1,1,safe,
0.308996939,0.5325957146,1.483529864,125.408441,28.96902673,170,1,1,safe,
0.308996939,0.6198621772,0,125.408441,18.96902673,0,1,1,safe,
0.308996939,0.6198621772,0.0872664626,125.408441,18.96902673,10,1,1,safe,
0.308996939,0.6198621772,0.1745329252,125.408441,18.96902673,20,1,1,safe,
0.308996939,0.6198621772,0.2617993878,125.408441,18.96902673,30,1,1,safe,
0.308996939,0.6198621772,0.3490658504,125.408441,18.96902673,40,1,1,safe,
0.308996939,0.6198621772,0.436332313,125.408441,18.96902673,50,1,1,safe,
0.308996939,0.6198621772,0.5235987756,125.408441,18.96902673,60,1,1,safe,
0.308996939,0.6198621772,0.6108652382,125.408441,18.96902673,70,1,1,safe,
0.308996939,0.6198621772,0.6981317008,125.408441,18.96902673,80,1,1,safe,
0.308996939,0.6198621772,0.7853981634,125.408441,18.96902673,90,1,1,safe,
0.308996939,0.6198621772,0.872664626,125.408441,18.96902673,100,1,1,safe,
0.308996939,0.6198621772,0.9599310886,125.408441,18.96902673,110,1,1,safe,
0.308996939,0.6198621772,1.047197551,125.408441,18.96902673,120,1,1,safe,
0.308996939,0.6198621772,1.134464014,125.408441,18.96902673,130,1,1,safe,
0.308996939,0.6198621772,1.221730476,125.408441,18.96902673,140,1,1,safe,
0.308996939,0.6198621772,1.308996939,125.408441,18.96902673,150,1,1,safe,
0.308996939,0.6198621772,1.396263402,125.408441,18.96902673,160,1,1,safe,
0.308996939,0.6198621772,1.483529864,125.408441,18.96902673,170,1,1,safe,
0.308996939,0.7071286398,0,125.408441,8.969026733,0,1,1,safe,
0.308996939,0.7071286398,0.0872664626,125.408441,8.969026733,10,1,1,safe,
0.308996939,0.7071286398,0.1745329252,125.408441,8.969026733,20,1,1,safe,
0.308996939,0.7071286398,0.2617993878,125.408441,8.969026733,30,1,1,safe,
0.308996939,0.7071286398,0.3490658504,125.408441,8.969026733,40,1,1,safe,
0.308996939,0.7071286398,0.436332313,125.408441,8.969026733,50,1,1,safe,
0.308996939,0.7071286398,0.5235987756,125.408441,8.969026733,60,1,1,safe,
0.308996939,0.7071286398,0.6108652382,125.408441,8.969026733,70,1,1,safe,
0.308996939,0.7071286398,0.6981317008,125.408441,8.969026733,80,1,1,safe,
0.308996939,0.7071286398,0.7853981634,125.408441,8.969026733,90,1,1,safe,
0.308996939,0.7071286398,0.872664626,125.408441,8.969026733,100,1,1,safe,
0.308996939,0.7071286398,0.9599310886,125.408441,8.969026733,110,1,1,safe,
0.308996939,0.7071286398,1.047197551,125.408441,8.969026733,120,1,1,safe,
0.308996939,0.7071286398,1.134464014,125.408441,8.969026733,130,1,1,safe,
0.308996939,0.7071286398,1.221730476,125.408441,8.969026733,140,1,1,safe,
0.308996939,0.7071286398,1.308996939,125.408441,8.969026733,150,1,1,safe,
0.308996939,0.7071286398,1.396263402,125.408441,8.969026733,160,1,1,safe,
0.308996939,0.7071286398,1.483529864,125.408441,8.969026733,170,1,1,safe,
0.3962634016,-0.7764012244,0,135.408441,178.9690267,0,1,1,safe,
0.3962634016,-0.7764012244,0.0872664626,135.408441,178.9690267,10,1,1,safe,
0.3962634016,-0.7764012244,0.1745329252,135.408441,178.9690267,20,1,1,safe,
0.3962634016,-0.7764012244,0.2617993878,135.408441,178.9690267,30,1,1,safe,
0.3962634016,-0.7764012244,0.3490658504,135.408441,178.9690267,40,1,1,safe,
0.3962634016,-0.7764012244,0.436332313,135.408441,178.9690267,50,1,1,safe,
0.3962634016,-0.7764012244,0.5235987756,135.408441,178.9690267,60,1,1,safe,
0.3962634016,-0.7764012244,0.6108652382,135.408441,178.9690267,70,1,1,safe,
0.3962634016,-0.7764012244,0.6981317008,135.408441,178.9690267,80,1,1,safe,
0.3962634016,-0.7764012244,0.7853981634,135.408441,178.9690267,90,1,1,safe,
0.3962634016,-0.7764012244,0.872664626,135.408441,178.9690267,100,1,1,safe,
0.3962634016,-0.7764012244,0.9599310886,135.408441,178.9690267,110,1,1,safe,
0.3962634016,-0.7764012244,1.047197551,135.408441,178.9690267,120,1,1,safe,
0.3962634016,-0.7764012244,1.134464014,135.408441,178.9690267,130,1,1,safe,
0.3962634016,-0.7764012244,1.221730476,135.408441,178.9690267,140,1,1,safe,
0.3962634016,-0.7764012244,1.308996939,135.408441,178.9690267,150,1,1,safe,
0.3962634016,-0.7764012244,1.396263402,135.408441,178.9690267,160,1,1,safe,
0.3962634016,-0.7764012244,1.483529864,135.408441,178.9690267,170,1,1,safe,
0.3962634016,-0.6891347618,0,135.408441,168.9690267,0,1,1,safe,
0.3962634016,-0.6891347618,0.0872664626,135.408441,168.9690267,10,1,1,safe,
0.3962634016,-0.6891347618,0.1745329252,135.408441,168.9690267,20,1,1,safe,
0.3962634016,-0.6891347618,0.2617993878,135.408441,168.9690267,30,1,1,safe,
0.3962634016,-0.6891347618,0.3490658504,135.408441,168.9690267,40,1,1,safe,
0.3962634016,-0.6891347618,0.436332313,135.408441,168.9690267,50,1,1,safe,
0.3962634016,-0.6891347618,0.5235987756,135.408441,168.9690267,60,1,1,safe,
0.3962634016,-0.6891347618,0.6108652382,135.408441,168.9690267,70,1,1,safe,
0.3962634016,-0.6891347618,0.6981317008,135.408441,168.9690267,80,1,1,safe,
0.3962634016,-0.6891347618,0.7853981634,135.408441,168.9690267,90,1,1,safe,
0.3962634016,-0.6891347618,0.872664626,135.408441,168.9690267,100,1,1,safe,
0.3962634016,-0.6891347618,0.9599310886,135.408441,168.9690267,110,1,1,safe,
0.3962634016,-0.6891347618,1.047197551,135.408441,168.9690267,120,1,1,safe,
0.3962634016,-0.6891347618,1.134464014,135.408441,168.9690267,130,1,1,safe,
0.3962634016,-0.6891347618,1.221730476,135.408441,168.9690267,140,1,1,safe,
0.3962634016,-0.6891347618,1.308996939,135.408441,168.9690267,150,1,1,safe,
0.3962634016,-0.6891347618,1.396263402,135.408441,168.9690267,160,1,1,safe,
0.3962634016,-0.6891347618,1.483529864,135.408441,168.9690267,170,1,1,safe,
0.3962634016,-0.6018682992,0,135.408441,158.9690267,0,1,1,safe,
0.3962634016,-0.6018682992,0.0872664626,135.408441,158.9690267,10,1,1,safe,
0.3962634016,-0.6018682992,0.1745329252,135.408441,158.9690267,20,1,1,safe,
0.3962634016,-0.6018682992,0.2617993878,135.408441,158.9690267,30,1,1,safe,
0.3962634016,-0.6018682992,0.3490658504,135.408441,158.9690267,40,1,1,safe,
0.3962634016,-0.6018682992,0.436332313,135.408441,158.9690267,50,1,1,safe,
0.3962634016,-0.6018682992,0.5235987756,135.408441,158.9690267,60,1,1,safe,
0.3962634016,-0.6018682992,0.6108652382,135.408441,158.9690267,70,1,1,safe,
0.3962634016,-0.6018682992,0.6981317008,135.408441,158.9690267,80,1,1,safe,
0.3962634016,-0.6018682992,0.7853981634,135.408441,158.9690267,90,1,1,safe,
0.3962634016,-0.6018682992,0.872664626,135.408441,158.9690267,100,1,1,safe,
0.3962634016,-0.6018682992,0.9599310886,135.408441,158.9690267,110,1,1,safe,
0.3962634016,-0.6018682992,1.047197551,135.408441,158.9690267,120,1,1,safe,
0.3962634016,-0.6018682992,1.134464014,135.408441,158.9690267,130,1,1,safe,
0.3962634016,-0.6018682992,1.221730476,135.408441,158.9690267,140,1,1,safe,
0.3962634016,-0.6018682992,1.308996939,135.408441,158.9690267,150,1,1,safe,
0.3962634016,-0.6018682992,1.396263402,135.408441,158.9690267,160,1,1,safe,
0.3962634016,-0.6018682992,1.483529864,135.408441,158.9690267,170,1,1,safe,
0.3962634016,-0.5146018366,0,135.408441,148.9690267,0,1,1,safe,
0.3962634016,-0.5146018366,0.0872664626,135.408441,148.9690267,10,1,1,safe,
0.3962634016,-0.5146018366,0.1745329252,135.408441,148.9690267,20,1,1,safe,
0.3962634016,-0.5146018366,0.2617993878,135.408441,148.9690267,30,1,1,safe,
0.3962634016,-0.5146018366,0.3490658504,135.408441,148.9690267,40,1,1,safe,
0.3962634016,-0.5146018366,0.436332313,135.408441,148.9690267,50,1,1,safe,
0.3962634016,-0.5146018366,0.5235987756,135.408441,148.9690267,60,1,1,safe,
0.3962634016,-0.5146018366,0.6108652382,135.408441,148.9690267,70,1,1,safe,
0.3962634016,-0.5146018366,0.6981317008,135.408441,148.9690267,80,1,1,safe,
0.3962634016,-0.5146018366,0.7853981634,135.408441,148.9690267,90,1,1,safe,
0.3962634016,-0.5146018366,0.872664626,135.408441,148.9690267,100,1,1,safe,
0.3962634016,-0.5146018366,0.9599310886,135.408441,148.9690267,110,1,1,safe,
0.3962634016,-0.5146018366,1.047197551,135.408441,148.9690267,120,1,1,safe,
0.3962634016,-0.5146018366,1.134464014,135.408441,148.9690267,130,1,1,safe,
0.3962634016,-0.5146018366,1.221730476,135.408441,148.9690267,140,1,1,safe,
0.3962634016,-0.5146018366,1.308996939,135.408441,148.9690267,150,1,1,safe,
0.3962634016,-0.5146018366,1.396263402,135.408441,148.9690267,160,1,1,safe,
0.3962634016,-0.5146018366,1.483529864,135.408441,148.9690267,170,1,1,safe,
0.3962634016,-0.427335374,0,135.408441,138.9690267,0,1,1,safe,
0.3962634016,-0.427335374,0.0872664626,135.408441,138.9690267,10,1,1,safe,
0.3962634016,-0.427335374,0.1745329252,135.408441,138.9690267,20,1,1,safe,
0.3962634016,-0.427335374,0.2617993878,135.408441,138.9690267,30,1,1,safe,
0.3962634016,-0.427335374,0.3490658504,135.408441,138.9690267,40,1,1,safe,
0.3962634016,-0.427335374,0.436332313,135.408441,138.9690267,50,1,1,safe,
0.3962634016,-0.427335374,0.5235987756,135.408441,138.9690267,60,1,1,safe,
0.3962634016,-0.427335374,0.6108652382,135.408441,138.9690267,70,1,1,safe,
0.3962634016,-0.427335374,0.6981317008,135.408441,138.9690267,80,1,1,safe,
0.3962634016,-0.427335374,0.7853981634,135.408441,138.9690267,90,1,1,safe,
0.3962634016,-0.427335374,0.872664626,135.408441,138.9690267,100,1,1,safe,
0.3962634016,-0.427335374,0.9599310886,135.408441,138.9690267,110,1,1,safe,
0.3962634016,-0.427335374,1.047197551,135.408441,138.9690267,120,1,1,safe,
0.3962634016,-0.427335374,1.134464014,135.408441,138.9690267,130,1,1,safe,
0.3962634016,-0.427335374,1.221730476,135.408441,138.9690267,140,1,1,safe,
0.3962634016,-0.427335374,1.308996939,135.408441,138.9690267,150,1,1,safe,
0.3962634016,-0.427335374,1.396263402,135.408441,138.9690267,160,1,1,safe,
0.3962634016,-0.427335374,1.483529864,135.408441,138.9690267,170,1,1,safe,
0.3962634016,-0.3400689114,0,135.408441,128.9690267,0,1,1,safe,
0.3962634016,-0.3400689114,0.0872664626,135.408441,128.9690267,10,1,1,safe,
0.3962634016,-0.3400689114,0.1745329252,135.408441,128.9690267,20,1,1,safe,
0.3962634016,-0.3400689114,0.2617993878,135.408441,128.9690267,30,1,1,safe,
0.3962634016,-0.3400689114,0.3490658504,135.408441,128.9690267,40,1,1,safe,
0.3962634016,-0.3400689114,0.436332313,135.408441,128.9690267,50,1,1,safe,
0.3962634016,-0.3400689114,0.5235987756,135.408441,128.9690267,60,1,1,safe,
0.3962634016,-0.3400689114,0.6108652382,135.408441,128.9690267,70,1,1,safe,
0.3962634016,-0.3400689114,0.6981317008,135.408441,128.9690267,80,1,1,safe,
0.3962634016,-0.3400689114,0.7853981634,135.408441,128.9690267,90,1,1,safe,
0.3962634016,-0.3400689114,0.872664626,135.408441,128.9690267,100,1,1,safe,
0.3962634016,-0.3400689114,0.9599310886,135.408441,128.9690267,110,1,1,safe,
0.3962634016,-0.3400689114,1.047197551,135.408441,128.9690267,120,1,1,safe,
0.3962634016,-0.3400689114,1.134464014,135.408441,128.9690267,130,1,1,safe,
0.3962634016,-0.3400689114,1.221730476,135.408441,128.9690267,140,1,1,safe,
0.3962634016,-0.3400689114,1.308996939,135.408441,128.9690267,150,1,1,safe,
0.3962634016,-0.3400689114,1.396263402,135.408441,128.9690267,160,1,1,safe,
0.3962634016,-0.3400689114,1.483529864,135.408441,128.9690267,170,1,1,safe,
0.3962634016,-0.2528024488,0,135.408441,118.9690267,0,1,1,safe,
0.3962634016,-0.2528024488,0.0872664626,135.408441,118.9690267,10,1,1,safe,
0.3962634016,-0.2528024488,0.1745329252,135.408441,118.9690267,20,1,1,safe,
0.3962634016,-0.2528024488,0.2617993878,135.408441,118.9690267,30,1,1,safe,
0.3962634016,-0.2528024488,0.3490658504,135.408441,118.9690267,40,1,1,safe,
0.3962634016,-0.2528024488,0.436332313,135.408441,118.9690267,50,1,1,safe,
0.3962634016,-0.2528024488,0.5235987756,135.408441,118.9690267,60,1,1,safe,
0.3962634016,-0.2528024488,0.6108652382,135.408441,118.9690267,70,1,1,safe,
0.3962634016,-0.2528024488,0.6981317008,135.408441,118.9690267,80,1,1,safe,
0.3962634016,-0.2528024488,0.7853981634,135.408441,118.9690267,90,1,1,safe,
0.3962634016,-0.2528024488,0.872664626,135.408441,118.9690267,100,1,1,safe,
0.3962634016,-0.2528024488,0.9599310886,135.408441,118.9690267,110,1,1,safe,
0.3962634016,-0.2528024488,1.047197551,135.408441,118.9690267,120,1,1,safe,
0.3962634016,-0.2528024488,1.134464014,135.408441,118.9690267,130,1,1,safe,
0.3962634016,-0.2528024488,1.221730476,135.408441,118.9690267,140,1,1,safe,
0.3962634016,-0.2528024488,1.308996939,135.408441,118.9690267,150,1,1,safe,
0.3962634016,-0.2528024488,1.396263402,135.408441,118.9690267,160,1,1,safe,
0.3962634016,-0.2528024488,1.483529864,135.408441,118.9690267,170,1,1,safe,
0.3962634016,-0.1655359862,0,135.408441,108.9690267,0,1,1,safe,
0.3962634016,-0.1655359862,0.0872664626,135.408441,108.9690267,10,1,1,safe,
0.3962634016,-0.1655359862,0.1745329252,135.408441,108.9690267,20,1,1,safe,
0.3962634016,-0.1655359862,0.2617993878,135.408441,108.9690267,30,1,1,safe,
0.3962634016,-0.1655359862,0.3490658504,135.408441,108.9690267,40,1,1,safe,
0.3962634016,-0.1655359862,0.436332313,135.408441,108.9690267,50,1,1,safe,
0.3962634016,-0.1655359862,0.5235987756,135.408441,108.9690267,60,1,1,safe,
0.3962634016,-0.1655359862,0.6108652382,135.408441,108.9690267,70,1,1,safe,
0.3962634016,-0.1655359862,0.6981317008,135.408441,108.9690267,80,1,1,safe,
0.3962634016,-0.1655359862,0.7853981634,135.408441,108.9690267,90,1,1,safe,
0.3962634016,-0.1655359862,0.872664626,135.408441,108.9690267,100,1,1,safe,
0.3962634016,-0.1655359862,0.9599310886,135.408441,108.9690267,110,1,1,safe,
0.3962634016,-0.1655359862,1.047197551,135.408441,108.9690267,120,1,1,safe,
0.3962634016,-0.1655359862,1.134464014,135.408441,108.9690267,130,1,1,safe,
0.3962634016,-0.1655359862,1.221730476,135.408441,108.9690267,140,1,1,safe,
0.3962634016,-0.1655359862,1.308996939,135.408441,108.9690267,150,1,1,safe,
0.3962634016,-0.1655359862,1.396263402,135.408441,108.9690267,160,1,1,safe,
0.3962634016,-0.1655359862,1.483529864,135.408441,108.9690267,170,1,1,safe,
0.3962634016,-0.0782695236,0,135.408441,98.96902673,0,1,1,safe,
0.3962634016,-0.0782695236,0.0872664626,135.408441,98.96902673,10,1,1,safe,
0.3962634016,-0.0782695236,0.1745329252,135.408441,98.96902673,20,1,1,safe,
0.3962634016,-0.0782695236,0.2617993878,135.408441,98.96902673,30,1,1,safe,
0.3962634016,-0.0782695236,0.3490658504,135.408441,98.96902673,40,1,1,safe,
0.3962634016,-0.0782695236,0.436332313,135.408441,98.96902673,50,1,1,safe,
0.3962634016,-0.0782695236,0.5235987756,135.408441,98.96902673,60,1,1,safe,
0.3962634016,-0.0782695236,0.6108652382,135.408441,98.96902673,70,1,1,safe,
0.3962634016,-0.0782695236,0.6981317008,135.408441,98.96902673,80,1,1,safe,
0.3962634016,-0.0782695236,0.7853981634,135.408441,98.96902673,90,1,1,safe,
0.3962634016,-0.0782695236,0.872664626,135.408441,98.96902673,100,1,1,safe,
0.3962634016,-0.0782695236,0.9599310886,135.408441,98.96902673,110,1,1,safe,
0.3962634016,-0.0782695236,1.047197551,135.408441,98.96902673,120,1,1,safe,
0.3962634016,-0.0782695236,1.134464014,135.408441,98.96902673,130,1,1,safe,
0.3962634016,-0.0782695236,1.221730476,135.408441,98.96902673,140,1,1,safe,
0.3962634016,-0.0782695236,1.308996939,135.408441,98.96902673,150,1,1,safe,
0.3962634016,-0.0782695236,1.396263402,135.408441,98.96902673,160,1,1,safe,
0.3962634016,-0.0782695236,1.483529864,135.408441,98.96902673,170,1,1,safe,
0.3962634016,0.008996939,0,135.408441,88.96902673,0,1,1,safe,
0.3962634016,0.008996939,0.0872664626,135.408441,88.96902673,10,1,1,safe,
0.3962634016,0.008996939,0.1745329252,135.408441,88.96902673,20,1,1,safe,
0.3962634016,0.008996939,0.2617993878,135.408441,88.96902673,30,1,1,safe,
0.3962634016,0.008996939,0.3490658504,135.408441,88.96902673,40,1,1,safe,
0.3962634016,0.008996939,0.436332313,135.408441,88.96902673,50,1,1,safe,
0.3962634016,0.008996939,0.5235987756,135.408441,88.96902673,60,1,1,safe,
0.3962634016,0.008996939,0.6108652382,135.408441,88.96902673,70,1,1,safe,
0.3962634016,0.008996939,0.6981317008,135.408441,88.96902673,80,1,1,safe,
0.3962634016,0.008996939,0.7853981634,135.408441,88.96902673,90,1,1,safe,
0.3962634016,0.008996939,0.872664626,135.408441,88.96902673,100,1,1,safe,
0.3962634016,0.008996939,0.9599310886,135.408441,88.96902673,110,1,1,safe,
0.3962634016,0.008996939,1.047197551,135.408441,88.96902673,120,1,1,safe,
0.3962634016,0.008996939,1.134464014,135.408441,88.96902673,130,1,1,safe,
0.3962634016,0.008996939,1.221730476,135.408441,88.96902673,140,1,1,safe,
0.3962634016,0.008996939,1.308996939,135.408441,88.96902673,150,1,1,safe,
0.3962634016,0.008996939,1.396263402,135.408441,88.96902673,160,1,1,safe,
0.3962634016,0.008996939,1.483529864,135.408441,88.96902673,170,1,1,safe,
0.3962634016,0.0962634016,0,135.408441,78.96902673,0,1,1,safe,
0.3962634016,0.0962634016,0.0872664626,135.408441,78.96902673,10,1,1,safe,
0.3962634016,0.0962634016,0.1745329252,135.408441,78.96902673,20,1,1,safe,
0.3962634016,0.0962634016,0.2617993878,135.408441,78.96902673,30,1,1,safe,
0.3962634016,0.0962634016,0.3490658504,135.408441,78.96902673,40,1,1,safe,
0.3962634016,0.0962634016,0.436332313,135.408441,78.96902673,50,1,1,safe,
0.3962634016,0.0962634016,0.5235987756,135.408441,78.96902673,60,1,1,safe,
0.3962634016,0.0962634016,0.6108652382,135.408441,78.96902673,70,1,1,safe,
0.3962634016,0.0962634016,0.6981317008,135.408441,78.96902673,80,1,1,safe,
0.3962634016,0.0962634016,0.7853981634,135.408441,78.96902673,90,1,1,safe,
0.3962634016,0.0962634016,0.872664626,135.408441,78.96902673,100,1,1,safe,
0.3962634016,0.0962634016,0.9599310886,135.408441,78.96902673,110,1,1,safe,
0.3962634016,0.0962634016,1.047197551,135.408441,78.96902673,120,1,1,safe,
0.3962634016,0.0962634016,1.134464014,135.408441,78.96902673,130,1,1,safe,
0.3962634016,0.0962634016,1.221730476,135.408441,78.96902673,140,1,1,safe,
0.3962634016,0.0962634016,1.308996939,135.408441,78.96902673,150,1,1,safe,
0.3962634016,0.0962634016,1.396263402,135.408441,78.96902673,160,1,1,safe,
0.3962634016,0.0962634016,1.483529864,135.408441,78.96902673,170,1,1,safe,
0.3962634016,0.1835298642,0,135.408441,68.96902673,0,1,1,safe,
0.3962634016,0.1835298642,0.0872664626,135.408441,68.96902673,10,1,1,safe,
0.3962634016,0.1835298642,0.1745329252,135.408441,68.96902673,20,1,1,safe,
0.3962634016,0.1835298642,0.2617993878,135.408441,68.96902673,30,1,1,safe,
0.3962634016,0.1835298642,0.3490658504,135.408441,68.96902673,40,1,1,safe,
0.3962634016,0.1835298642,0.436332313,135.408441,68.96902673,50,1,1,safe,
0.3962634016,0.1835298642,0.5235987756,135.408441,68.96902673,60,1,1,safe,
0.3962634016,0.1835298642,0.6108652382,135.408441,68.96902673,70,1,1,safe,
0.3962634016,0.1835298642,0.6981317008,135.408441,68.96902673,80,1,1,safe,
0.3962634016,0.1835298642,0.7853981634,135.408441,68.96902673,90,1,1,safe,
0.3962634016,0.1835298642,0.872664626,135.408441,68.96902673,100,1,1,safe,
0.3962634016,0.1835298642,0.9599310886,135.408441,68.96902673,110,1,1,safe,
0.3962634016,0.1835298642,1.047197551,135.408441,68.96902673,120,1,1,safe,
0.3962634016,0.1835298642,1.134464014,135.408441,68.96902673,130,1,1,safe,
0.3962634016,0.1835298642,1.221730476,135.408441,68.96902673,140,1,1,safe,
0.3962634016,0.1835298642,1.308996939,135.408441,68.96902673,150,1,1,safe,
0.3962634016,0.1835298642,1.396263402,135.408441,68.96902673,160,1,1,safe,
0.3962634016,0.1835298642,1.483529864,135.408441,68.96902673,170,1,1,safe,
0.3962634016,0.2707963268,0,135.408441,58.96902673,0,1,1,safe,
0.3962634016,0.2707963268,0.0872664626,135.408441,58.96902673,10,1,1,safe,
0.3962634016,0.2707963268,0.1745329252,135.408441,58.96902673,20,1,1,safe,
0.3962634016,0.2707963268,0.2617993878,135.408441,58.96902673,30,1,1,safe,
0.3962634016,0.2707963268,0.3490658504,135.408441,58.96902673,40,1,1,safe,
0.3962634016,0.2707963268,0.436332313,135.408441,58.96902673,50,1,1,safe,
0.3962634016,0.2707963268,0.5235987756,135.408441,58.96902673,60,1,1,safe,
0.3962634016,0.2707963268,0.6108652382,135.408441,58.96902673,70,1,1,safe,
0.3962634016,0.2707963268,0.6981317008,135.408441,58.96902673,80,1,1,safe,
0.3962634016,0.2707963268,0.7853981634,135.408441,58.96902673,90,1,1,safe,
0.3962634016,0.2707963268,0.872664626,135.408441,58.96902673,100,1,1,safe,
0.3962634016,0.2707963268,0.9599310886,135.408441,58.96902673,110,1,1,safe,
0.3962634016,0.2707963268,1.047197551,135.408441,58.96902673,120,1,1,safe,
0.3962634016,0.2707963268,1.134464014,135.408441,58.96902673,130,1,1,safe,
0.3962634016,0.2707963268,1.221730476,135.408441,58.96902673,140,1,1,safe,
0.3962634016,0.2707963268,1.308996939,135.408441,58.96902673,150,1,1,safe,
0.3962634016,0.2707963268,1.396263402,135.408441,58.96902673,160,1,1,safe,
0.3962634016,0.2707963268,1.483529864,135.408441,58.96902673,170,1,1,safe,
0.3962634016,0.3580627894,0,135.408441,48.96902673,0,1,1,safe,
0.3962634016,0.3580627894,0.0872664626,135.408441,48.96902673,10,1,1,safe,
0.3962634016,0.3580627894,0.1745329252,135.408441,48.96902673,20,1,1,safe,
0.3962634016,0.3580627894,0.2617993878,135.408441,48.96902673,30,1,1,safe,
0.3962634016,0.3580627894,0.3490658504,135.408441,48.96902673,40,1,1,safe,
0.3962634016,0.3580627894,0.436332313,135.408441,48.96902673,50,1,1,safe,
0.3962634016,0.3580627894,0.5235987756,135.408441,48.96902673,60,1,1,safe,
0.3962634016,0.3580627894,0.6108652382,135.408441,48.96902673,70,1,1,safe,
0.3962634016,0.3580627894,0.6981317008,135.408441,48.96902673,80,1,1,safe,
0.3962634016,0.3580627894,0.7853981634,135.408441,48.96902673,90,1,1,safe,
0.3962634016,0.3580627894,0.872664626,135.408441,48.96902673,100,1,1,safe,
0.3962634016,0.3580627894,0.9599310886,135.408441,48.96902673,110,1,1,safe,
0.3962634016,0.3580627894,1.047197551,135.408441,48.96902673,120,1,1,safe,
0.3962634016,0.3580627894,1.134464014,135.408441,48.96902673,130,1,1,safe,
0.3962634016,0.3580627894,1.221730476,135.408441,48.96902673,140,1,1,safe,
0.3962634016,0.3580627894,1.308996939,135.408441,48.96902673,150,1,1,safe,
0.3962634016,0.3580627894,1.396263402,135.408441,48.96902673,160,1,1,safe,
0.3962634016,0.3580627894,1.483529864,135.408441,48.96902673,170,1,1,safe,
0.3962634016,0.445329252,0,135.408441,38.96902673,0,1,1,safe,
0.3962634016,0.445329252,0.0872664626,135.408441,38.96902673,10,1,1,safe,
0.3962634016,0.445329252,0.1745329252,135.408441,38.96902673,20,1,1,safe,
0.3962634016,0.445329252,0.2617993878,135.408441,38.96902673,30,1,1,safe,
0.3962634016,0.445329252,0.3490658504,135.408441,38.96902673,40,1,1,safe,
0.3962634016,0.445329252,0.436332313,135.408441,38.96902673,50,1,1,safe,
0.3962634016,0.445329252,0.5235987756,135.408441,38.96902673,60,1,1,safe,
0.3962634016,0.445329252,0.6108652382,135.408441,38.96902673,70,1,1,safe,
0.3962634016,0.445329252,0.6981317008,135.408441,38.96902673,80,1,1,safe,
0.3962634016,0.445329252,0.7853981634,135.408441,38.96902673,90,1,1,safe,
0.3962634016,0.445329252,0.872664626,135.408441,38.96902673,100,1,1,safe,
0.3962634016,0.445329252,0.9599310886,135.408441,38.96902673,110,1,1,safe,
0.3962634016,0.445329252,1.047197551,135.408441,38.96902673,120,1,1,safe,
0.3962634016,0.445329252,1.134464014,135.408441,38.96902673,130,1,1,safe,
0.3962634016,0.445329252,1.221730476,135.408441,38.96902673,140,1,1,safe,
0.3962634016,0.445329252,1.308996939,135.408441,38.96902673,150,1,1,safe,
0.3962634016,0.445329252,1.396263402,135.408441,38.96902673,160,1,1,safe,
0.3962634016,0.445329252,1.483529864,135.408441,38.96902673,170,1,1,safe,
0.3962634016,0.5325957146,0,135.408441,28.96902673,0,1,1,safe,
0.3962634016,0.5325957146,0.0872664626,135.408441,28.96902673,10,1,1,safe,
0.3962634016,0.5325957146,0.1745329252,135.408441,28.96902673,20,1,1,safe,
0.3962634016,0.5325957146,0.2617993878,135.408441,28.96902673,30,1,1,safe,
0.3962634016,0.5325957146,0.3490658504,135.408441,28.96902673,40,1,1,safe,
0.3962634016,0.5325957146,0.436332313,135.408441,28.96902673,50,1,1,safe,
0.3962634016,0.5325957146,0.5235987756,135.408441,28.96902673,60,1,1,safe,
0.3962634016,0.5325957146,0.6108652382,135.408441,28.96902673,70,1,1,safe,
0.3962634016,0.5325957146,0.6981317008,135.408441,28.96902673,80,1,1,safe,
0.3962634016,0.5325957146,0.7853981634,135.408441,28.96902673,90,1,1,safe,
0.3962634016,0.5325957146,0.872664626,135.408441,28.96902673,100,1,1,safe,
0.3962634016,0.5325957146,0.9599310886,135.408441,28.96902673,110,1,1,safe,
0.3962634016,0.5325957146,1.047197551,135.408441,28.96902673,120,1,1,safe,
0.3962634016,0.5325957146,1.134464014,135.408441,28.96902673,130,1,1,safe,
0.3962634016,0.5325957146,1.221730476,135.408441,28.96902673,140,1,1,safe,
0.3962634016,0.5325957146,1.308996939,135.408441,28.96902673,150,1,1,safe,
0.3962634016,0.5325957146,1.396263402,135.408441,28.96902673,160,1,1,safe,
0.3962634016,0.5325957146,1.483529864,135.408441,28.96902673,170,1,1,safe,
0.3962634016,0.6198621772,0,135.408441,18.96902673,0,1,1,safe,
0.3962634016,0.6198621772,0.0872664626,135.408441,18.96902673,10,1,1,safe,
0.3962634016,0.6198621772,0.1745329252,135.408441,18.96902673,20,1,1,safe,
0.3962634016,0.6198621772,0.2617993878,135.408441,18.96902673,30,1,1,safe,
0.3962634016,0.6198621772,0.3490658504,135.408441,18.96902673,40,1,1,safe,
0.3962634016,0.6198621772,0.436332313,135.408441,18.96902673,50,1,1,safe,
0.3962634016,0.6198621772,0.5235987756,135.408441,18.96902673,60,1,1,safe,
0.3962634016,0.6198621772,0.6108652382,135.408441,18.96902673,70,1,1,safe,
0.3962634016,0.6198621772,0.6981317008,135.408441,18.96902673,80,1,1,safe,
0.3962634016,0.6198621772,0.7853981634,135.408441,18.96902673,90,1,1,safe,
0.3962634016,0.6198621772,0.872664626,135.408441,18.96902673,100,1,1,safe,
0.3962634016,0.6198621772,0.9599310886,135.408441,18.96902673,110,1,1,safe,
0.3962634016,0.6198621772,1.047197551,135.408441,18.96902673,120,1,1,safe,
0.3962634016,0.6198621772,1.134464014,135.408441,18.96902673,130,1,1,safe,
0.3962634016,0.6198621772,1.221730476,135.408441,18.96902673,140,1,1,safe,
0.3962634016,0.6198621772,1.308996939,135.408441,18.96902673,150,1,1,safe,
0.3962634016,0.6198621772,1.396263402,135.408441,18.96902673,160,1,1,safe,
0.3962634016,0.6198621772,1.483529864,135.408441,18.96902673,170,1,1,safe,
0.3962634016,0.7071286398,0,135.408441,8.969026733,0,1,1,safe,
0.3962634016,0.7071286398,0.0872664626,135.408441,8.969026733,10,1,1,safe,
0.3962634016,0.7071286398,0.1745329252,135.408441,8.969026733,20,1,1,safe,
0.3962634016,0.7071286398,0.2617993878,135.408441,8.969026733,30,1,1,safe,
0.3962634016,0.7071286398,0.3490658504,135.408441,8.969026733,40,1,1,safe,
0.3962634016,0.7071286398,0.436332313,135.408441,8.969026733,50,1,1,safe,
0.3962634016,0.7071286398,0.5235987756,135.408441,8.969026733,60,1,1,safe,
0.3962634016,0.7071286398,0.6108652382,135.408441,8.969026733,70,1,1,safe,
0.3962634016,0.7071286398,0.6981317008,135.408441,8.969026733,80,1,1,safe,
0.3962634016,0.7071286398,0.7853981634,135.408441,8.969026733,90,1,1,safe,
0.3962634016,0.7071286398,0.872664626,135.408441,8.969026733,100,1,1,safe,
0.3962634016,0.7071286398,0.9599310886,135.408441,8.969026733,110,1,1,safe,
0.3962634016,0.7071286398,1.047197551,135.408441,8.969026733,120,1,1,safe,
0.3962634016,0.7071286398,1.134464014,135.408441,8.969026733,130,1,1,safe,
0.3962634016,0.7071286398,1.221730476,135.408441,8.969026733,140,1,1,safe,
0.3962634016,0.7071286398,1.308996939,135.408441,8.969026733,150,1,1,safe,
0.3962634016,0.7071286398,1.396263402,135.408441,8.969026733,160,1,1,safe,
0.3962634016,0.7071286398,1.483529864,135.408441,8.969026733,170,1,1,safe,
0.4835298642,-0.7764012244,0,145.408441,178.9690267,0,1,1,safe,
0.4835298642,-0.7764012244,0.0872664626,145.408441,178.9690267,10,1,1,safe,
0.4835298642,-0.7764012244,0.1745329252,145.408441,178.9690267,20,1,1,safe,
0.4835298642,-0.7764012244,0.2617993878,145.408441,178.9690267,30,1,1,safe,
0.4835298642,-0.7764012244,0.3490658504,145.408441,178.9690267,40,1,1,safe,
0.4835298642,-0.7764012244,0.436332313,145.408441,178.9690267,50,1,1,safe,
0.4835298642,-0.7764012244,0.5235987756,145.408441,178.9690267,60,1,1,safe,
0.4835298642,-0.7764012244,0.6108652382,145.408441,178.9690267,70,1,1,safe,
0.4835298642,-0.7764012244,0.6981317008,145.408441,178.9690267,80,1,1,safe,
0.4835298642,-0.7764012244,0.7853981634,145.408441,178.9690267,90,1,1,safe,
0.4835298642,-0.7764012244,0.872664626,145.408441,178.9690267,100,1,1,safe,
0.4835298642,-0.7764012244,0.9599310886,145.408441,178.9690267,110,1,1,safe,
0.4835298642,-0.7764012244,1.047197551,145.408441,178.9690267,120,1,1,safe,
0.4835298642,-0.7764012244,1.134464014,145.408441,178.9690267,130,1,1,safe,
0.4835298642,-0.7764012244,1.221730476,145.408441,178.9690267,140,1,1,safe,
0.4835298642,-0.7764012244,1.308996939,145.408441,178.9690267,150,1,1,safe,
0.4835298642,-0.7764012244,1.396263402,145.408441,178.9690267,160,1,1,safe,
0.4835298642,-0.7764012244,1.483529864,145.408441,178.9690267,170,1,1,safe,
0.4835298642,-0.6891347618,0,145.408441,168.9690267,0,1,1,safe,
0.4835298642,-0.6891347618,0.0872664626,145.408441,168.9690267,10,1,1,safe,
0.4835298642,-0.6891347618,0.1745329252,145.408441,168.9690267,20,1,1,safe,
0.4835298642,-0.6891347618,0.2617993878,145.408441,168.9690267,30,1,1,safe,
0.4835298642,-0.6891347618,0.3490658504,145.408441,168.9690267,40,1,1,safe,
0.4835298642,-0.6891347618,0.436332313,145.408441,168.9690267,50,1,1,safe,
0.4835298642,-0.6891347618,0.5235987756,145.408441,168.9690267,60,1,1,safe,
0.4835298642,-0.6891347618,0.6108652382,145.408441,168.9690267,70,1,1,safe,
0.4835298642,-0.6891347618,0.6981317008,145.408441,168.9690267,80,1,1,safe,
0.4835298642,-0.6891347618,0.7853981634,145.408441,168.9690267,90,1,1,safe,
0.4835298642,-0.6891347618,0.872664626,145.408441,168.9690267,100,1,1,safe,
0.4835298642,-0.6891347618,0.9599310886,145.408441,168.9690267,110,1,1,safe,
0.4835298642,-0.6891347618,1.047197551,145.408441,168.9690267,120,1,1,safe,
0.4835298642,-0.6891347618,1.134464014,145.408441,168.9690267,130,1,1,safe,
0.4835298642,-0.6891347618,1.221730476,145.408441,168.9690267,140,1,1,safe,
0.4835298642,-0.6891347618,1.308996939,145.408441,168.9690267,150,1,1,safe,
0.4835298642,-0.6891347618,1.396263402,145.408441,168.9690267,160,1,1,safe,
0.4835298642,-0.6891347618,1.483529864,145.408441,168.9690267,170,1,1,safe,
0.4835298642,-0.6018682992,0,145.408441,158.9690267,0,1,1,safe,
0.4835298642,-0.6018682992,0.0872664626,145.408441,158.9690267,10,1,1,safe,
0.4835298642,-0.6018682992,0.1745329252,145.408441,158.9690267,20,1,1,safe,
0.4835298642,-0.6018682992,0.2617993878,145.408441,158.9690267,30,1,1,safe,
0.4835298642,-0.6018682992,0.3490658504,145.408441,158.9690267,40,1,1,safe,
0.4835298642,-0.6018682992,0.436332313,145.408441,158.9690267,50,1,1,safe,
0.4835298642,-0.6018682992,0.5235987756,145.408441,158.9690267,60,1,1,safe,
0.4835298642,-0.6018682992,0.6108652382,145.408441,158.9690267,70,1,1,safe,
0.4835298642,-0.6018682992,0.6981317008,145.408441,158.9690267,80,1,1,safe,
0.4835298642,-0.6018682992,0.7853981634,145.408441,158.9690267,90,1,1,safe,
0.4835298642,-0.6018682992,0.872664626,145.408441,158.9690267,100,1,1,safe,
0.4835298642,-0.6018682992,0.9599310886,145.408441,158.9690267,110,1,1,safe,
0.4835298642,-0.6018682992,1.047197551,145.408441,158.9690267,120,1,1,safe,
0.4835298642,-0.6018682992,1.134464014,145.408441,158.9690267,130,1,1,safe,
0.4835298642,-0.6018682992,1.221730476,145.408441,158.9690267,140,1,1,safe,
0.4835298642,-0.6018682992,1.308996939,145.408441,158.9690267,150,1,1,safe,
0.4835298642,-0.6018682992,1.396263402,145.408441,158.9690267,160,1,1,safe,
0.4835298642,-0.6018682992,1.483529864,145.408441,158.9690267,170,1,1,safe,
0.4835298642,-0.5146018366,0,145.408441,148.9690267,0,1,1,safe,
0.4835298642,-0.5146018366,0.0872664626,145.408441,148.9690267,10,1,1,safe,
0.4835298642,-0.5146018366,0.1745329252,145.408441,148.9690267,20,1,1,safe,
0.4835298642,-0.5146018366,0.2617993878,145.408441,148.9690267,30,1,1,safe,
0.4835298642,-0.5146018366,0.3490658504,145.408441,148.9690267,40,1,1,safe,
0.4835298642,-0.5146018366,0.436332313,145.408441,148.9690267,50,1,1,safe,
0.4835298642,-0.5146018366,0.5235987756,145.408441,148.9690267,60,1,1,safe,
0.4835298642,-0.5146018366,0.6108652382,145.408441,148.9690267,70,1,1,safe,
0.4835298642,-0.5146018366,0.6981317008,145.408441,148.9690267,80,1,1,safe,
0.4835298642,-0.5146018366,0.7853981634,145.408441,148.9690267,90,1,1,safe,
0.4835298642,-0.5146018366,0.872664626,145.408441,148.9690267,100,1,1,safe,
0.4835298642,-0.5146018366,0.9599310886,145.408441,148.9690267,110,1,1,safe,
0.4835298642,-0.5146018366,1.047197551,145.408441,148.9690267,120,1,1,safe,
0.4835298642,-0.5146018366,1.134464014,145.408441,148.9690267,130,1,1,safe,
0.4835298642,-0.5146018366,1.221730476,145.408441,148.9690267,140,1,1,safe,
0.4835298642,-0.5146018366,1.308996939,145.408441,148.9690267,150,1,1,safe,
0.4835298642,-0.5146018366,1.396263402,145.408441,148.9690267,160,1,1,safe,
0.4835298642,-0.5146018366,1.483529864,145.408441,148.9690267,170,1,1,safe,
0.4835298642,-0.427335374,0,145.408441,138.9690267,0,1,1,safe,
0.4835298642,-0.427335374,0.0872664626,145.408441,138.9690267,10,1,1,safe,
0.4835298642,-0.427335374,0.1745329252,145.408441,138.9690267,20,1,1,safe,
0.4835298642,-0.427335374,0.2617993878,145.408441,138.9690267,30,1,1,safe,
0.4835298642,-0.427335374,0.3490658504,145.408441,138.9690267,40,1,1,safe,
0.4835298642,-0.427335374,0.436332313,145.408441,138.9690267,50,1,1,safe,
0.4835298642,-0.427335374,0.5235987756,145.408441,138.9690267,60,1,1,safe,
0.4835298642,-0.427335374,0.6108652382,145.408441,138.9690267,70,1,1,safe,
0.4835298642,-0.427335374,0.6981317008,145.408441,138.9690267,80,1,1,safe,
0.4835298642,-0.427335374,0.7853981634,145.408441,138.9690267,90,1,1,safe,
0.4835298642,-0.427335374,0.872664626,145.408441,138.9690267,100,1,1,safe,
0.4835298642,-0.427335374,0.9599310886,145.408441,138.9690267,110,1,1,safe,
0.4835298642,-0.427335374,1.047197551,145.408441,138.9690267,120,1,1,safe,
0.4835298642,-0.427335374,1.134464014,145.408441,138.9690267,130,1,1,safe,
0.4835298642,-0.427335374,1.221730476,145.408441,138.9690267,140,1,1,safe,
0.4835298642,-0.427335374,1.308996939,145.408441,138.9690267,150,1,1,safe,
0.4835298642,-0.427335374,1.396263402,145.408441,138.9690267,160,1,1,safe,
0.4835298642,-0.427335374,1.483529864,145.408441,138.9690267,170,1,1,safe,
0.4835298642,-0.3400689114,0,145.408441,128.9690267,0,1,1,safe,
0.4835298642,-0.3400689114,0.0872664626,145.408441,128.9690267,10,1,1,safe,
0.4835298642,-0.3400689114,0.1745329252,145.408441,128.9690267,20,1,1,safe,
0.4835298642,-0.3400689114,0.2617993878,145.408441,128.9690267,30,1,1,safe,
0.4835298642,-0.3400689114,0.3490658504,145.408441,128.9690267,40,1,1,safe,
0.4835298642,-0.3400689114,0.436332313,145.408441,128.9690267,50,1,1,safe,
0.4835298642,-0.3400689114,0.5235987756,145.408441,128.9690267,60,1,1,safe,
0.4835298642,-0.3400689114,0.6108652382,145.408441,128.9690267,70,1,1,safe,
0.4835298642,-0.3400689114,0.6981317008,145.408441,128.9690267,80,1,1,safe,
0.4835298642,-0.3400689114,0.7853981634,145.408441,128.9690267,90,1,1,safe,
0.4835298642,-0.3400689114,0.872664626,145.408441,128.9690267,100,1,1,safe,
0.4835298642,-0.3400689114,0.9599310886,145.408441,128.9690267,110,1,1,safe,
0.4835298642,-0.3400689114,1.047197551,145.408441,128.9690267,120,1,1,safe,
0.4835298642,-0.3400689114,1.134464014,145.408441,128.9690267,130,1,1,safe,
0.4835298642,-0.3400689114,1.221730476,145.408441,128.9690267,140,1,1,safe,
0.4835298642,-0.3400689114,1.308996939,145.408441,128.9690267,150,1,1,safe,
0.4835298642,-0.3400689114,1.396263402,145.408441,128.9690267,160,1,1,safe,
0.4835298642,-0.3400689114,1.483529864,145.408441,128.9690267,170,1,1,safe,
0.4835298642,-0.2528024488,0,145.408441,118.9690267,0,1,1,safe,
0.4835298642,-0.2528024488,0.0872664626,145.408441,118.9690267,10,1,1,safe,
0.4835298642,-0.2528024488,0.1745329252,145.408441,118.9690267,20,1,1,safe,
0.4835298642,-0.2528024488,0.2617993878,145.408441,118.9690267,30,1,1,safe,
0.4835298642,-0.2528024488,0.3490658504,145.408441,118.9690267,40,1,1,safe,
0.4835298642,-0.2528024488,0.436332313,145.408441,118.9690267,50,1,1,safe,
0.4835298642,-0.2528024488,0.5235987756,145.408441,118.9690267,60,1,1,safe,
0.4835298642,-0.2528024488,0.6108652382,145.408441,118.9690267,70,1,1,safe,
0.4835298642,-0.2528024488,0.6981317008,145.408441,118.9690267,80,1,1,safe,
0.4835298642,-0.2528024488,0.7853981634,145.408441,118.9690267,90,1,1,safe,
0.4835298642,-0.2528024488,0.872664626,145.408441,118.9690267,100,1,1,safe,
0.4835298642,-0.2528024488,0.9599310886,145.408441,118.9690267,110,1,1,safe,
0.4835298642,-0.2528024488,1.047197551,145.408441,118.9690267,120,1,1,safe,
0.4835298642,-0.2528024488,1.134464014,145.408441,118.9690267,130,1,1,safe,
0.4835298642,-0.2528024488,1.221730476,145.408441,118.9690267,140,1,1,safe,
0.4835298642,-0.2528024488,1.308996939,145.408441,118.9690267,150,1,1,safe,
0.4835298642,-0.2528024488,1.396263402,145.408441,118.9690267,160,1,1,safe,
0.4835298642,-0.2528024488,1.483529864,145.408441,118.9690267,170,1,1,safe,
0.4835298642,-0.1655359862,0,145.408441,108.9690267,0,1,1,safe,
0.4835298642,-0.1655359862,0.0872664626,145.408441,108.9690267,10,1,1,safe,
0.4835298642,-0.1655359862,0.1745329252,145.408441,108.9690267,20,1,1,safe,
0.4835298642,-0.1655359862,0.2617993878,145.408441,108.9690267,30,1,1,safe,
0.4835298642,-0.1655359862,0.3490658504,145.408441,108.9690267,40,1,1,safe,
0.4835298642,-0.1655359862,0.436332313,145.408441,108.9690267,50,1,1,safe,
0.4835298642,-0.1655359862,0.5235987756,145.408441,108.9690267,60,1,1,safe,
0.4835298642,-0.1655359862,0.6108652382,145.408441,108.9690267,70,1,1,safe,
0.4835298642,-0.1655359862,0.6981317008,145.408441,108.9690267,80,1,1,safe,
0.4835298642,-0.1655359862,0.7853981634,145.408441,108.9690267,90,1,1,safe,
0.4835298642,-0.1655359862,0.872664626,145.408441,108.9690267,100,1,1,safe,
0.4835298642,-0.1655359862,0.9599310886,145.408441,108.9690267,110,1,1,safe,
0.4835298642,-0.1655359862,1.047197551,145.408441,108.9690267,120,1,1,safe,
0.4835298642,-0.1655359862,1.134464014,145.408441,108.9690267,130,1,1,safe,
0.4835298642,-0.1655359862,1.221730476,145.408441,108.9690267,140,1,1,safe,
0.4835298642,-0.1655359862,1.308996939,145.408441,108.9690267,150,1,1,safe,
0.4835298642,-0.1655359862,1.396263402,145.408441,108.9690267,160,1,1,safe,
0.4835298642,-0.1655359862,1.483529864,145.408441,108.9690267,170,1,1,safe,
0.4835298642,-0.0782695236,0,145.408441,98.96902673,0,1,1,safe,
0.4835298642,-0.0782695236,0.0872664626,145.408441,98.96902673,10,1,1,safe,
0.4835298642,-0.0782695236,0.1745329252,145.408441,98.96902673,20,1,1,safe,
0.4835298642,-0.0782695236,0.2617993878,145.408441,98.96902673,30,1,1,safe,
0.4835298642,-0.0782695236,0.3490658504,145.408441,98.96902673,40,1,1,safe,
0.4835298642,-0.0782695236,0.436332313,145.408441,98.96902673,50,1,1,safe,
0.4835298642,-0.0782695236,0.5235987756,145.408441,98.96902673,60,1,1,safe,
0.4835298642,-0.0782695236,0.6108652382,145.408441,98.96902673,70,1,1,safe,
0.4835298642,-0.0782695236,0.6981317008,145.408441,98.96902673,80,1,1,safe,
0.4835298642,-0.0782695236,0.7853981634,145.408441,98.96902673,90,1,1,safe,
0.4835298642,-0.0782695236,0.872664626,145.408441,98.96902673,100,1,1,safe,
0.4835298642,-0.0782695236,0.9599310886,145.408441,98.96902673,110,1,1,safe,
0.4835298642,-0.0782695236,1.047197551,145.408441,98.96902673,120,1,1,safe,
0.4835298642,-0.0782695236,1.134464014,145.408441,98.96902673,130,1,1,safe,
0.4835298642,-0.0782695236,1.221730476,145.408441,98.96902673,140,1,1,safe,
0.4835298642,-0.0782695236,1.308996939,145.408441,98.96902673,150,1,1,safe,
0.4835298642,-0.0782695236,1.396263402,145.408441,98.96902673,160,1,1,safe,
0.4835298642,-0.0782695236,1.483529864,145.408441,98.96902673,170,1,1,safe,
0.4835298642,0.008996939,0,145.408441,88.96902673,0,1,1,safe,
0.4835298642,0.008996939,0.0872664626,145.408441,88.96902673,10,1,1,safe,
0.4835298642,0.008996939,0.1745329252,145.408441,88.96902673,20,1,1,safe,
0.4835298642,0.008996939,0.2617993878,145.408441,88.96902673,30,1,1,safe,
0.4835298642,0.008996939,0.3490658504,145.408441,88.96902673,40,1,1,safe,
0.4835298642,0.008996939,0.436332313,145.408441,88.96902673,50,1,1,safe,
0.4835298642,0.008996939,0.5235987756,145.408441,88.96902673,60,1,1,safe,
0.4835298642,0.008996939,0.6108652382,145.408441,88.96902673,70,1,1,safe,
0.4835298642,0.008996939,0.6981317008,145.408441,88.96902673,80,1,1,safe,
0.4835298642,0.008996939,0.7853981634,145.408441,88.96902673,90,1,1,safe,
0.4835298642,0.008996939,0.872664626,145.408441,88.96902673,100,1,1,safe,
0.4835298642,0.008996939,0.9599310886,145.408441,88.96902673,110,1,1,safe,
0.4835298642,0.008996939,1.047197551,145.408441,88.96902673,120,1,1,safe,
0.4835298642,0.008996939,1.134464014,145.408441,88.96902673,130,1,1,safe,
0.4835298642,0.008996939,1.221730476,145.408441,88.96902673,140,1,1,safe,
0.4835298642,0.008996939,1.308996939,145.408441,88.96902673,150,1,1,safe,
0.4835298642,0.008996939,1.396263402,145.408441,88.96902673,160,1,1,safe,
0.4835298642,0.008996939,1.483529864,145.408441,88.96902673,170,1,1,safe,
0.4835298642,0.0962634016,0,145.408441,78.96902673,0,1,1,safe,
0.4835298642,0.0962634016,0.0872664626,145.408441,78.96902673,10,1,1,safe,
0.4835298642,0.0962634016,0.1745329252,145.408441,78.96902673,20,1,1,safe,
0.4835298642,0.0962634016,0.2617993878,145.408441,78.96902673,30,1,1,safe,
0.4835298642,0.0962634016,0.3490658504,145.408441,78.96902673,40,1,1,safe,
0.4835298642,0.0962634016,0.436332313,145.408441,78.96902673,50,1,1,safe,
0.4835298642,0.0962634016,0.5235987756,145.408441,78.96902673,60,1,1,safe,
0.4835298642,0.0962634016,0.6108652382,145.408441,78.96902673,70,1,1,safe,
0.4835298642,0.0962634016,0.6981317008,145.408441,78.96902673,80,1,1,safe,
0.4835298642,0.0962634016,0.7853981634,145.408441,78.96902673,90,1,1,safe,
0.4835298642,0.0962634016,0.872664626,145.408441,78.96902673,100,1,1,safe,
0.4835298642,0.0962634016,0.9599310886,145.408441,78.96902673,110,1,1,safe,
0.4835298642,0.0962634016,1.047197551,145.408441,78.96902673,120,1,1,safe,
0.4835298642,0.0962634016,1.134464014,145.408441,78.96902673,130,1,1,safe,
0.4835298642,0.0962634016,1.221730476,145.408441,78.96902673,140,1,1,safe,
0.4835298642,0.0962634016,1.308996939,145.408441,78.96902673,150,1,1,safe,
0.4835298642,0.0962634016,1.396263402,145.408441,78.96902673,160,1,1,safe,
0.4835298642,0.0962634016,1.483529864,145.408441,78.96902673,170,1,1,safe,
0.4835298642,0.1835298642,0,145.408441,68.96902673,0,1,1,safe,
0.4835298642,0.1835298642,0.0872664626,145.408441,68.96902673,10,1,1,safe,
0.4835298642,0.1835298642,0.1745329252,145.408441,68.96902673,20,1,1,safe,
0.4835298642,0.1835298642,0.2617993878,145.408441,68.96902673,30,1,1,safe,
0.4835298642,0.1835298642,0.3490658504,145.408441,68.96902673,40,1,1,safe,
0.4835298642,0.1835298642,0.436332313,145.408441,68.96902673,50,1,1,safe,
0.4835298642,0.1835298642,0.5235987756,145.408441,68.96902673,60,1,1,safe,
0.4835298642,0.1835298642,0.6108652382,145.408441,68.96902673,70,1,1,safe,
0.4835298642,0.1835298642,0.6981317008,145.408441,68.96902673,80,1,1,safe,
0.4835298642,0.1835298642,0.7853981634,145.408441,68.96902673,90,1,1,safe,
0.4835298642,0.1835298642,0.872664626,145.408441,68.96902673,100,1,1,safe,
0.4835298642,0.1835298642,0.9599310886,145.408441,68.96902673,110,1,1,safe,
0.4835298642,0.1835298642,1.047197551,145.408441,68.96902673,120,1,1,safe,
0.4835298642,0.1835298642,1.134464014,145.408441,68.96902673,130,1,1,safe,
0.4835298642,0.1835298642,1.221730476,145.408441,68.96902673,140,1,1,safe,
0.4835298642,0.1835298642,1.308996939,145.408441,68.96902673,150,1,1,safe,
0.4835298642,0.1835298642,1.396263402,145.408441,68.96902673,160,1,1,safe,
0.4835298642,0.1835298642,1.483529864,145.408441,68.96902673,170,1,1,safe,
0.4835298642,0.2707963268,0,145.408441,58.96902673,0,1,1,safe,
0.4835298642,0.2707963268,0.0872664626,145.408441,58.96902673,10,1,1,safe,
0.4835298642,0.2707963268,0.1745329252,145.408441,58.96902673,20,1,1,safe,
0.4835298642,0.2707963268,0.2617993878,145.408441,58.96902673,30,1,1,safe,
0.4835298642,0.2707963268,0.3490658504,145.408441,58.96902673,40,1,1,safe,
0.4835298642,0.2707963268,0.436332313,145.408441,58.96902673,50,1,1,safe,
0.4835298642,0.2707963268,0.5235987756,145.408441,58.96902673,60,1,1,safe,
0.4835298642,0.2707963268,0.6108652382,145.408441,58.96902673,70,1,1,safe,
0.4835298642,0.2707963268,0.6981317008,145.408441,58.96902673,80,1,1,safe,
0.4835298642,0.2707963268,0.7853981634,145.408441,58.96902673,90,1,1,safe,
0.4835298642,0.2707963268,0.872664626,145.408441,58.96902673,100,1,1,safe,
0.4835298642,0.2707963268,0.9599310886,145.408441,58.96902673,110,1,1,safe,
0.4835298642,0.2707963268,1.047197551,145.408441,58.96902673,120,1,1,safe,
0.4835298642,0.2707963268,1.134464014,145.408441,58.96902673,130,1,1,safe,
0.4835298642,0.2707963268,1.221730476,145.408441,58.96902673,140,1,1,safe,
0.4835298642,0.2707963268,1.308996939,145.408441,58.96902673,150,1,1,safe,
0.4835298642,0.2707963268,1.396263402,145.408441,58.96902673,160,1,1,safe,
0.4835298642,0.2707963268,1.483529864,145.408441,58.96902673,170,1,1,safe,
0.4835298642,0.3580627894,0,145.408441,48.96902673,0,1,1,safe,
0.4835298642,0.3580627894,0.0872664626,145.408441,48.96902673,10,1,1,safe,
0.4835298642,0.3580627894,0.1745329252,145.408441,48.96902673,20,1,1,safe,
0.4835298642,0.3580627894,0.2617993878,145.408441,48.96902673,30,1,1,safe,
0.4835298642,0.3580627894,0.3490658504,145.408441,48.96902673,40,1,1,safe,
0.4835298642,0.3580627894,0.436332313,145.408441,48.96902673,50,1,1,safe,
0.4835298642,0.3580627894,0.5235987756,145.408441,48.96902673,60,1,1,safe,
0.4835298642,0.3580627894,0.6108652382,145.408441,48.96902673,70,1,1,safe,
0.4835298642,0.3580627894,0.6981317008,145.408441,48.96902673,80,1,1,safe,
0.4835298642,0.3580627894,0.7853981634,145.408441,48.96902673,90,1,1,safe,
0.4835298642,0.3580627894,0.872664626,145.408441,48.96902673,100,1,1,safe,
0.4835298642,0.3580627894,0.9599310886,145.408441,48.96902673,110,1,1,safe,
0.4835298642,0.3580627894,1.047197551,145.408441,48.96902673,120,1,1,safe,
0.4835298642,0.3580627894,1.134464014,145.408441,48.96902673,130,1,1,safe,
0.4835298642,0.3580627894,1.221730476,145.408441,48.96902673,140,1,1,safe,
0.4835298642,0.3580627894,1.308996939,145.408441,48.96902673,150,1,1,safe,
0.4835298642,0.3580627894,1.396263402,145.408441,48.96902673,160,1,1,safe,
0.4835298642,0.3580627894,1.483529864,145.408441,48.96902673,170,1,1,safe,
0.4835298642,0.445329252,0,145.408441,38.96902673,0,1,1,safe,
0.4835298642,0.445329252,0.0872664626,145.408441,38.96902673,10,1,1,safe,
0.4835298642,0.445329252,0.1745329252,145.408441,38.96902673,20,1,1,safe,
0.4835298642,0.445329252,0.2617993878,145.408441,38.96902673,30,1,1,safe,
0.4835298642,0.445329252,0.3490658504,145.408441,38.96902673,40,1,1,safe,
0.4835298642,0.445329252,0.436332313,145.408441,38.96902673,50,1,1,safe,
0.4835298642,0.445329252,0.5235987756,145.408441,38.96902673,60,1,1,safe,
0.4835298642,0.445329252,0.6108652382,145.408441,38.96902673,70,1,1,safe,
0.4835298642,0.445329252,0.6981317008,145.408441,38.96902673,80,1,1,safe,
0.4835298642,0.445329252,0.7853981634,145.408441,38.96902673,90,1,1,safe,
0.4835298642,0.445329252,0.872664626,145.408441,38.96902673,100,1,1,safe,
0.4835298642,0.445329252,0.9599310886,145.408441,38.96902673,110,1,1,safe,
0.4835298642,0.445329252,1.047197551,145.408441,38.96902673,120,1,1,safe,
0.4835298642,0.445329252,1.134464014,145.408441,38.96902673,130,1,1,safe,
0.4835298642,0.445329252,1.221730476,145.408441,38.96902673,140,1,1,safe,
0.4835298642,0.445329252,1.308996939,145.408441,38.96902673,150,1,1,safe,
0.4835298642,0.445329252,1.396263402,145.408441,38.96902673,160,1,1,safe,
0.4835298642,0.445329252,1.483529864,145.408441,38.96902673,170,1,1,safe,
0.4835298642,0.5325957146,0,145.408441,28.96902673,0,1,1,safe,
0.4835298642,0.5325957146,0.0872664626,145.408441,28.96902673,10,1,1,safe,
0.4835298642,0.5325957146,0.1745329252,145.408441,28.96902673,20,1,1,safe,
0.4835298642,0.5325957146,0.2617993878,145.408441,28.96902673,30,1,1,safe,
0.4835298642,0.5325957146,0.3490658504,145.408441,28.96902673,40,1,1,safe,
0.4835298642,0.5325957146,0.436332313,145.408441,28.96902673,50,1,1,safe,
0.4835298642,0.5325957146,0.5235987756,145.408441,28.96902673,60,1,1,safe,
0.4835298642,0.5325957146,0.6108652382,145.408441,28.96902673,70,1,1,safe,
0.4835298642,0.5325957146,0.6981317008,145.408441,28.96902673,80,1,1,safe,
0.4835298642,0.5325957146,0.7853981634,145.408441,28.96902673,90,1,1,safe,
0.4835298642,0.5325957146,0.872664626,145.408441,28.96902673,100,1,1,safe,
0.4835298642,0.5325957146,0.9599310886,145.408441,28.96902673,110,1,1,safe,
0.4835298642,0.5325957146,1.047197551,145.408441,28.96902673,120,1,1,safe,
0.4835298642,0.5325957146,1.134464014,145.408441,28.96902673,130,1,1,safe,
0.4835298642,0.5325957146,1.221730476,145.408441,28.96902673,140,1,1,safe,
0.4835298642,0.5325957146,1.308996939,145.408441,28.96902673,150,1,1,safe,
0.4835298642,0.5325957146,1.396263402,145.408441,28.96902673,160,1,1,safe,
0.4835298642,0.5325957146,1.483529864,145.408441,28.96902673,170,1,1,safe,
0.4835298642,0.6198621772,0,145.408441,18.96902673,0,1,1,safe,
0.4835298642,0.6198621772,0.0872664626,145.408441,18.96902673,10,1,1,safe,
0.4835298642,0.6198621772,0.1745329252,145.408441,18.96902673,20,1,1,safe,
0.4835298642,0.6198621772,0.2617993878,145.408441,18.96902673,30,1,1,safe,
0.4835298642,0.6198621772,0.3490658504,145.408441,18.96902673,40,1,1,safe,
0.4835298642,0.6198621772,0.436332313,145.408441,18.96902673,50,1,1,safe,
0.4835298642,0.6198621772,0.5235987756,145.408441,18.96902673,60,1,1,safe,
0.4835298642,0.6198621772,0.6108652382,145.408441,18.96902673,70,1,1,safe,
0.4835298642,0.6198621772,0.6981317008,145.408441,18.96902673,80,1,1,safe,
0.4835298642,0.6198621772,0.7853981634,145.408441,18.96902673,90,1,1,safe,
0.4835298642,0.6198621772,0.872664626,145.408441,18.96902673,100,1,1,safe,
0.4835298642,0.6198621772,0.9599310886,145.408441,18.96902673,110,1,1,safe,
0.4835298642,0.6198621772,1.047197551,145.408441,18.96902673,120,1,1,safe,
0.4835298642,0.6198621772,1.134464014,145.408441,18.96902673,130,1,1,safe,
0.4835298642,0.6198621772,1.221730476,145.408441,18.96902673,140,1,1,safe,
0.4835298642,0.6198621772,1.308996939,145.408441,18.96902673,150,1,1,safe,
0.4835298642,0.6198621772,1.396263402,145.408441,18.96902673,160,1,1,safe,
0.4835298642,0.6198621772,1.483529864,145.408441,18.96902673,170,1,1,safe,
0.4835298642,0.7071286398,0,145.408441,8.969026733,0,1,1,safe,
0.4835298642,0.7071286398,0.0872664626,145.408441,8.969026733,10,1,1,safe,
0.4835298642,0.7071286398,0.1745329252,145.408441,8.969026733,20,1,1,safe,
0.4835298642,0.7071286398,0.2617993878,145.408441,8.969026733,30,1,1,safe,
0.4835298642,0.7071286398,0.3490658504,145.408441,8.969026733,40,1,1,safe,
0.4835298642,0.7071286398,0.436332313,145.408441,8.969026733,50,1,1,safe,
0.4835298642,0.7071286398,0.5235987756,145.408441,8.969026733,60,1,1,safe,
0.4835298642,0.7071286398,0.6108652382,145.408441,8.969026733,70,1,1,safe,
0.4835298642,0.7071286398,0.6981317008,145.408441,8.969026733,80,1,1,safe,
0.4835298642,0.7071286398,0.7853981634,145.408441,8.969026733,90,1,1,safe,
0.4835298642,0.7071286398,0.872664626,145.408441,8.969026733,100,1,1,safe,
0.4835298642,0.7071286398,0.9599310886,145.408441,8.969026733,110,1,1,safe,
0.4835298642,0.7071286398,1.047197551,145.408441,8.969026733,120,1,1,safe,
0.4835298642,0.7071286398,1.134464014,145.408441,8.969026733,130,1,1,safe,
0.4835298642,0.7071286398,1.221730476,145.408441,8.969026733,140,1,1,safe,
0.4835298642,0.7071286398,1.308996939,145.408441,8.969026733,150,1,1,safe,
0.4835298642,0.7071286398,1.396263402,145.408441,8.969026733,160,1,1,safe,
0.4835298642,0.7071286398,1.483529864,145.408441,8.969026733,170,1,1,safe,
0.5707963268,-0.7764012244,0,155.408441,178.9690267,0,1,1,safe,
0.5707963268,-0.7764012244,0.0872664626,155.408441,178.9690267,10,1,1,safe,
0.5707963268,-0.7764012244,0.1745329252,155.408441,178.9690267,20,1,1,safe,
0.5707963268,-0.7764012244,0.2617993878,155.408441,178.9690267,30,1,1,safe,
0.5707963268,-0.7764012244,0.3490658504,155.408441,178.9690267,40,1,1,safe,
0.5707963268,-0.7764012244,0.436332313,155.408441,178.9690267,50,1,1,safe,
0.5707963268,-0.7764012244,0.5235987756,155.408441,178.9690267,60,1,1,safe,
0.5707963268,-0.7764012244,0.6108652382,155.408441,178.9690267,70,1,1,safe,
0.5707963268,-0.7764012244,0.6981317008,155.408441,178.9690267,80,1,1,safe,
0.5707963268,-0.7764012244,0.7853981634,155.408441,178.9690267,90,1,1,safe,
0.5707963268,-0.7764012244,0.872664626,155.408441,178.9690267,100,1,1,safe,
0.5707963268,-0.7764012244,0.9599310886,155.408441,178.9690267,110,1,1,safe,
0.5707963268,-0.7764012244,1.047197551,155.408441,178.9690267,120,1,1,safe,
0.5707963268,-0.7764012244,1.134464014,155.408441,178.9690267,130,1,1,safe,
0.5707963268,-0.7764012244,1.221730476,155.408441,178.9690267,140,1,1,safe,
0.5707963268,-0.7764012244,1.308996939,155.408441,178.9690267,150,1,1,safe,
0.5707963268,-0.7764012244,1.396263402,155.408441,178.9690267,160,1,1,safe,
0.5707963268,-0.7764012244,1.483529864,155.408441,178.9690267,170,1,1,safe,
0.5707963268,-0.6891347618,0,155.408441,168.9690267,0,1,1,safe,
0.5707963268,-0.6891347618,0.0872664626,155.408441,168.9690267,10,1,1,safe,
0.5707963268,-0.6891347618,0.1745329252,155.408441,168.9690267,20,1,1,safe,
0.5707963268,-0.6891347618,0.2617993878,155.408441,168.9690267,30,1,1,safe,
0.5707963268,-0.6891347618,0.3490658504,155.408441,168.9690267,40,1,1,safe,
0.5707963268,-0.6891347618,0.436332313,155.408441,168.9690267,50,1,1,safe,
0.5707963268,-0.6891347618,0.5235987756,155.408441,168.9690267,60,1,1,safe,
0.5707963268,-0.6891347618,0.6108652382,155.408441,168.9690267,70,1,1,safe,
0.5707963268,-0.6891347618,0.6981317008,155.408441,168.9690267,80,1,1,safe,
0.5707963268,-0.6891347618,0.7853981634,155.408441,168.9690267,90,1,1,safe,
0.5707963268,-0.6891347618,0.872664626,155.408441,168.9690267,100,1,1,safe,
0.5707963268,-0.6891347618,0.9599310886,155.408441,168.9690267,110,1,1,safe,
0.5707963268,-0.6891347618,1.047197551,155.408441,168.9690267,120,1,1,safe,
0.5707963268,-0.6891347618,1.134464014,155.408441,168.9690267,130,1,1,safe,
0.5707963268,-0.6891347618,1.221730476,155.408441,168.9690267,140,1,1,safe,
0.5707963268,-0.6891347618,1.308996939,155.408441,168.9690267,150,1,1,safe,
0.5707963268,-0.6891347618,1.396263402,155.408441,168.9690267,160,1,1,safe,
0.5707963268,-0.6891347618,1.483529864,155.408441,168.9690267,170,1,1,safe,
0.5707963268,-0.6018682992,0,155.408441,158.9690267,0,1,1,safe,
0.5707963268,-0.6018682992,0.0872664626,155.408441,158.9690267,10,1,1,safe,
0.5707963268,-0.6018682992,0.1745329252,155.408441,158.9690267,20,1,1,safe,
0.5707963268,-0.6018682992,0.2617993878,155.408441,158.9690267,30,1,1,safe,
0.5707963268,-0.6018682992,0.3490658504,155.408441,158.9690267,40,1,1,safe,
0.5707963268,-0.6018682992,0.436332313,155.408441,158.9690267,50,1,1,safe,
0.5707963268,-0.6018682992,0.5235987756,155.408441,158.9690267,60,1,1,safe,
0.5707963268,-0.6018682992,0.6108652382,155.408441,158.9690267,70,1,1,safe,
0.5707963268,-0.6018682992,0.6981317008,155.408441,158.9690267,80,1,1,safe,
0.5707963268,-0.6018682992,0.7853981634,155.408441,158.9690267,90,1,1,safe,
0.5707963268,-0.6018682992,0.872664626,155.408441,158.9690267,100,1,1,safe,
0.5707963268,-0.6018682992,0.9599310886,155.408441,158.9690267,110,1,1,safe,
0.5707963268,-0.6018682992,1.047197551,155.408441,158.9690267,120,1,1,safe,
0.5707963268,-0.6018682992,1.134464014,155.408441,158.9690267,130,1,1,safe,
0.5707963268,-0.6018682992,1.221730476,155.408441,158.9690267,140,1,1,safe,
0.5707963268,-0.6018682992,1.308996939,155.408441,158.9690267,150,1,1,safe,
0.5707963268,-0.6018682992,1.396263402,155.408441,158.9690267,160,1,1,safe,
0.5707963268,-0.6018682992,1.483529864,155.408441,158.9690267,170,1,1,safe,
0.5707963268,-0.5146018366,0,155.408441,148.9690267,0,1,1,safe,
0.5707963268,-0.5146018366,0.0872664626,155.408441,148.9690267,10,1,1,safe,
0.5707963268,-0.5146018366,0.1745329252,155.408441,148.9690267,20,1,1,safe,
0.5707963268,-0.5146018366,0.2617993878,155.408441,148.9690267,30,1,1,safe,
0.5707963268,-0.5146018366,0.3490658504,155.408441,148.9690267,40,1,1,safe,
0.5707963268,-0.5146018366,0.436332313,155.408441,148.9690267,50,1,1,safe,
0.5707963268,-0.5146018366,0.5235987756,155.408441,148.9690267,60,1,1,safe,
0.5707963268,-0.5146018366,0.6108652382,155.408441,148.9690267,70,1,1,safe,
0.5707963268,-0.5146018366,0.6981317008,155.408441,148.9690267,80,1,1,safe,
0.5707963268,-0.5146018366,0.7853981634,155.408441,148.9690267,90,1,1,safe,
0.5707963268,-0.5146018366,0.872664626,155.408441,148.9690267,100,1,1,safe,
0.5707963268,-0.5146018366,0.9599310886,155.408441,148.9690267,110,1,1,safe,
0.5707963268,-0.5146018366,1.047197551,155.408441,148.9690267,120,1,1,safe,
0.5707963268,-0.5146018366,1.134464014,155.408441,148.9690267,130,1,1,safe,
0.5707963268,-0.5146018366,1.221730476,155.408441,148.9690267,140,1,1,safe,
0.5707963268,-0.5146018366,1.308996939,155.408441,148.9690267,150,1,1,safe,
0.5707963268,-0.5146018366,1.396263402,155.408441,148.9690267,160,1,1,safe,
0.5707963268,-0.5146018366,1.483529864,155.408441,148.9690267,170,1,1,safe,
0.5707963268,-0.427335374,0,155.408441,138.9690267,0,1,1,safe,
0.5707963268,-0.427335374,0.0872664626,155.408441,138.9690267,10,1,1,safe,
0.5707963268,-0.427335374,0.1745329252,155.408441,138.9690267,20,1,1,safe,
0.5707963268,-0.427335374,0.2617993878,155.408441,138.9690267,30,1,1,safe,
0.5707963268,-0.427335374,0.3490658504,155.408441,138.9690267,40,1,1,safe,
0.5707963268,-0.427335374,0.436332313,155.408441,138.9690267,50,1,1,safe,
0.5707963268,-0.427335374,0.5235987756,155.408441,138.9690267,60,1,1,safe,
0.5707963268,-0.427335374,0.6108652382,155.408441,138.9690267,70,1,1,safe,
0.5707963268,-0.427335374,0.6981317008,155.408441,138.9690267,80,1,1,safe,
0.5707963268,-0.427335374,0.7853981634,155.408441,138.9690267,90,1,1,safe,
0.5707963268,-0.427335374,0.872664626,155.408441,138.9690267,100,1,1,safe,
0.5707963268,-0.427335374,0.9599310886,155.408441,138.9690267,110,1,1,safe,
0.5707963268,-0.427335374,1.047197551,155.408441,138.9690267,120,1,1,safe,
0.5707963268,-0.427335374,1.134464014,155.408441,138.9690267,130,1,1,safe,
0.5707963268,-0.427335374,1.221730476,155.408441,138.9690267,140,1,1,safe,
0.5707963268,-0.427335374,1.308996939,155.408441,138.9690267,150,1,1,safe,
0.5707963268,-0.427335374,1.396263402,155.408441,138.9690267,160,1,1,safe,
0.5707963268,-0.427335374,1.483529864,155.408441,138.9690267,170,1,1,safe,
0.5707963268,-0.3400689114,0,155.408441,128.9690267,0,1,1,safe,
0.5707963268,-0.3400689114,0.0872664626,155.408441,128.9690267,10,1,1,safe,
0.5707963268,-0.3400689114,0.1745329252,155.408441,128.9690267,20,1,1,safe,
0.5707963268,-0.3400689114,0.2617993878,155.408441,128.9690267,30,1,1,safe,
0.5707963268,-0.3400689114,0.3490658504,155.408441,128.9690267,40,1,1,safe,
0.5707963268,-0.3400689114,0.436332313,155.408441,128.9690267,50,1,1,safe,
0.5707963268,-0.3400689114,0.5235987756,155.408441,128.9690267,60,1,1,safe,
0.5707963268,-0.3400689114,0.6108652382,155.408441,128.9690267,70,1,1,safe,
0.5707963268,-0.3400689114,0.6981317008,155.408441,128.9690267,80,1,1,safe,
0.5707963268,-0.3400689114,0.7853981634,155.408441,128.9690267,90,1,1,safe,
0.5707963268,-0.3400689114,0.872664626,155.408441,128.9690267,100,1,1,safe,
0.5707963268,-0.3400689114,0.9599310886,155.408441,128.9690267,110,1,1,safe,
0.5707963268,-0.3400689114,1.047197551,155.408441,128.9690267,120,1,1,safe,
0.5707963268,-0.3400689114,1.134464014,155.408441,128.9690267,130,1,1,safe,
0.5707963268,-0.3400689114,1.221730476,155.408441,128.9690267,140,1,1,safe,
0.5707963268,-0.3400689114,1.308996939,155.408441,128.9690267,150,1,1,safe,
0.5707963268,-0.3400689114,1.396263402,155.408441,128.9690267,160,1,1,safe,
0.5707963268,-0.3400689114,1.483529864,155.408441,128.9690267,170,1,1,safe,
0.5707963268,-0.2528024488,0,155.408441,118.9690267,0,1,1,safe,
0.5707963268,-0.2528024488,0.0872664626,155.408441,118.9690267,10,1,1,safe,
0.5707963268,-0.2528024488,0.1745329252,155.408441,118.9690267,20,1,1,safe,
0.5707963268,-0.2528024488,0.2617993878,155.408441,118.9690267,30,1,1,safe,
0.5707963268,-0.2528024488,0.3490658504,155.408441,118.9690267,40,1,1,safe,
0.5707963268,-0.2528024488,0.436332313,155.408441,118.9690267,50,1,1,safe,
0.5707963268,-0.2528024488,0.5235987756,155.408441,118.9690267,60,1,1,safe,
0.5707963268,-0.2528024488,0.6108652382,155.408441,118.9690267,70,1,1,safe,
0.5707963268,-0.2528024488,0.6981317008,155.408441,118.9690267,80,1,1,safe,
0.5707963268,-0.2528024488,0.7853981634,155.408441,118.9690267,90,1,1,safe,
0.5707963268,-0.2528024488,0.872664626,155.408441,118.9690267,100,1,1,safe,
0.5707963268,-0.2528024488,0.9599310886,155.408441,118.9690267,110,1,1,safe,
0.5707963268,-0.2528024488,1.047197551,155.408441,118.9690267,120,1,1,safe,
0.5707963268,-0.2528024488,1.134464014,155.408441,118.9690267,130,1,1,safe,
0.5707963268,-0.2528024488,1.221730476,155.408441,118.9690267,140,1,1,safe,
0.5707963268,-0.2528024488,1.308996939,155.408441,118.9690267,150,1,1,safe,
0.5707963268,-0.2528024488,1.396263402,155.408441,118.9690267,160,1,1,safe,
0.5707963268,-0.2528024488,1.483529864,155.408441,118.9690267,170,1,1,safe,
0.5707963268,-0.1655359862,0,155.408441,108.9690267,0,1,1,safe,
0.5707963268,-0.1655359862,0.0872664626,155.408441,108.9690267,10,1,1,safe,
0.5707963268,-0.1655359862,0.1745329252,155.408441,108.9690267,20,1,1,safe,
0.5707963268,-0.1655359862,0.2617993878,155.408441,108.9690267,30,1,1,safe,
0.5707963268,-0.1655359862,0.3490658504,155.408441,108.9690267,40,1,1,safe,
0.5707963268,-0.1655359862,0.436332313,155.408441,108.9690267,50,1,1,safe,
0.5707963268,-0.1655359862,0.5235987756,155.408441,108.9690267,60,1,1,safe,
0.5707963268,-0.1655359862,0.6108652382,155.408441,108.9690267,70,1,1,safe,
0.5707963268,-0.1655359862,0.6981317008,155.408441,108.9690267,80,1,1,safe,
0.5707963268,-0.1655359862,0.7853981634,155.408441,108.9690267,90,1,1,safe,
0.5707963268,-0.1655359862,0.872664626,155.408441,108.9690267,100,1,1,safe,
0.5707963268,-0.1655359862,0.9599310886,155.408441,108.9690267,110,1,1,safe,
0.5707963268,-0.1655359862,1.047197551,155.408441,108.9690267,120,1,1,safe,
0.5707963268,-0.1655359862,1.134464014,155.408441,108.9690267,130,1,1,safe,
0.5707963268,-0.1655359862,1.221730476,155.408441,108.9690267,140,1,1,safe,
0.5707963268,-0.1655359862,1.308996939,155.408441,108.9690267,150,1,1,safe,
0.5707963268,-0.1655359862,1.396263402,155.408441,108.9690267,160,1,1,safe,
0.5707963268,-0.1655359862,1.483529864,155.408441,108.9690267,170,1,1,safe,
0.5707963268,-0.0782695236,0,155.408441,98.96902673,0,1,1,safe,
0.5707963268,-0.0782695236,0.0872664626,155.408441,98.96902673,10,1,1,safe,
0.5707963268,-0.0782695236,0.1745329252,155.408441,98.96902673,20,1,1,safe,
0.5707963268,-0.0782695236,0.2617993878,155.408441,98.96902673,30,1,1,safe,
0.5707963268,-0.0782695236,0.3490658504,155.408441,98.96902673,40,1,1,safe,
0.5707963268,-0.0782695236,0.436332313,155.408441,98.96902673,50,1,1,safe,
0.5707963268,-0.0782695236,0.5235987756,155.408441,98.96902673,60,1,1,safe,
0.5707963268,-0.0782695236,0.6108652382,155.408441,98.96902673,70,1,1,safe,
0.5707963268,-0.0782695236,0.6981317008,155.408441,98.96902673,80,1,1,safe,
0.5707963268,-0.0782695236,0.7853981634,155.408441,98.96902673,90,1,1,safe,
0.5707963268,-0.0782695236,0.872664626,155.408441,98.96902673,100,1,1,safe,
0.5707963268,-0.0782695236,0.9599310886,155.408441,98.96902673,110,1,1,safe,
0.5707963268,-0.0782695236,1.047197551,155.408441,98.96902673,120,1,1,safe,
0.5707963268,-0.0782695236,1.134464014,155.408441,98.96902673,130,1,1,safe,
0.5707963268,-0.0782695236,1.221730476,155.408441,98.96902673,140,1,1,safe,
0.5707963268,-0.0782695236,1.308996939,155.408441,98.96902673,150,1,1,safe,
0.5707963268,-0.0782695236,1.396263402,155.408441,98.96902673,160,1,1,safe,
0.5707963268,-0.0782695236,1.483529864,155.408441,98.96902673,170,1,1,safe,
0.5707963268,0.008996939,0,155.408441,88.96902673,0,1,1,safe,
0.5707963268,0.008996939,0.0872664626,155.408441,88.96902673,10,1,1,safe,
0.5707963268,0.008996939,0.1745329252,155.408441,88.96902673,20,1,1,safe,
0.5707963268,0.008996939,0.2617993878,155.408441,88.96902673,30,1,1,safe,
0.5707963268,0.008996939,0.3490658504,155.408441,88.96902673,40,1,1,safe,
0.5707963268,0.008996939,0.436332313,155.408441,88.96902673,50,1,1,safe,
0.5707963268,0.008996939,0.5235987756,155.408441,88.96902673,60,1,1,safe,
0.5707963268,0.008996939,0.6108652382,155.408441,88.96902673,70,1,1,safe,
0.5707963268,0.008996939,0.6981317008,155.408441,88.96902673,80,1,1,safe,
0.5707963268,0.008996939,0.7853981634,155.408441,88.96902673,90,1,1,safe,
0.5707963268,0.008996939,0.872664626,155.408441,88.96902673,100,1,1,safe,
0.5707963268,0.008996939,0.9599310886,155.408441,88.96902673,110,1,1,safe,
0.5707963268,0.008996939,1.047197551,155.408441,88.96902673,120,1,1,safe,
0.5707963268,0.008996939,1.134464014,155.408441,88.96902673,130,1,1,safe,
0.5707963268,0.008996939,1.221730476,155.408441,88.96902673,140,1,1,safe,
0.5707963268,0.008996939,1.308996939,155.408441,88.96902673,150,1,1,safe,
0.5707963268,0.008996939,1.396263402,155.408441,88.96902673,160,1,1,safe,
0.5707963268,0.008996939,1.483529864,155.408441,88.96902673,170,1,1,safe,
0.5707963268,0.0962634016,0,155.408441,78.96902673,0,1,1,safe,
0.5707963268,0.0962634016,0.0872664626,155.408441,78.96902673,10,1,1,safe,
0.5707963268,0.0962634016,0.1745329252,155.408441,78.96902673,20,1,1,safe,
0.5707963268,0.0962634016,0.2617993878,155.408441,78.96902673,30,1,1,safe,
0.5707963268,0.0962634016,0.3490658504,155.408441,78.96902673,40,1,1,safe,
0.5707963268,0.0962634016,0.436332313,155.408441,78.96902673,50,1,1,safe,
0.5707963268,0.0962634016,0.5235987756,155.408441,78.96902673,60,1,1,safe,
0.5707963268,0.0962634016,0.6108652382,155.408441,78.96902673,70,1,1,safe,
0.5707963268,0.0962634016,0.6981317008,155.408441,78.96902673,80,1,1,safe,
0.5707963268,0.0962634016,0.7853981634,155.408441,78.96902673,90,1,1,safe,
0.5707963268,0.0962634016,0.872664626,155.408441,78.96902673,100,1,1,safe,
0.5707963268,0.0962634016,0.9599310886,155.408441,78.96902673,110,1,1,safe,
0.5707963268,0.0962634016,1.047197551,155.408441,78.96902673,120,1,1,safe,
0.5707963268,0.0962634016,1.134464014,155.408441,78.96902673,130,1,1,safe,
0.5707963268,0.0962634016,1.221730476,155.408441,78.96902673,140,1,1,safe,
0.5707963268,0.0962634016,1.308996939,155.408441,78.96902673,150,1,1,safe,
0.5707963268,0.0962634016,1.396263402,155.408441,78.96902673,160,1,1,safe,
0.5707963268,0.0962634016,1.483529864,155.408441,78.96902673,170,1,1,safe,
0.5707963268,0.1835298642,0,155.408441,68.96902673,0,1,1,safe,
0.5707963268,0.1835298642,0.0872664626,155.408441,68.96902673,10,1,1,safe,
0.5707963268,0.1835298642,0.1745329252,155.408441,68.96902673,20,1,1,safe,
0.5707963268,0.1835298642,0.2617993878,155.408441,68.96902673,30,1,1,safe,
0.5707963268,0.1835298642,0.3490658504,155.408441,68.96902673,40,1,1,safe,
0.5707963268,0.1835298642,0.436332313,155.408441,68.96902673,50,1,1,safe,
0.5707963268,0.1835298642,0.5235987756,155.408441,68.96902673,60,1,1,safe,
0.5707963268,0.1835298642,0.6108652382,155.408441,68.96902673,70,1,1,safe,
0.5707963268,0.1835298642,0.6981317008,155.408441,68.96902673,80,1,1,safe,
0.5707963268,0.1835298642,0.7853981634,155.408441,68.96902673,90,1,1,safe,
0.5707963268,0.1835298642,0.872664626,155.408441,68.96902673,100,1,1,safe,
0.5707963268,0.1835298642,0.9599310886,155.408441,68.96902673,110,1,1,safe,
0.5707963268,0.1835298642,1.047197551,155.408441,68.96902673,120,1,1,safe,
0.5707963268,0.1835298642,1.134464014,155.408441,68.96902673,130,1,1,safe,
0.5707963268,0.1835298642,1.221730476,155.408441,68.96902673,140,1,1,safe,
0.5707963268,0.1835298642,1.308996939,155.408441,68.96902673,150,1,1,safe,
0.5707963268,0.1835298642,1.396263402,155.408441,68.96902673,160,1,1,safe,
0.5707963268,0.1835298642,1.483529864,155.408441,68.96902673,170,1,1,safe,
0.5707963268,0.2707963268,0,155.408441,58.96902673,0,1,1,safe,
0.5707963268,0.2707963268,0.0872664626,155.408441,58.96902673,10,1,1,safe,
0.5707963268,0.2707963268,0.1745329252,155.408441,58.96902673,20,1,1,safe,
0.5707963268,0.2707963268,0.2617993878,155.408441,58.96902673,30,1,1,safe,
0.5707963268,0.2707963268,0.3490658504,155.408441,58.96902673,40,1,1,safe,
0.5707963268,0.2707963268,0.436332313,155.408441,58.96902673,50,1,1,safe,
0.5707963268,0.2707963268,0.5235987756,155.408441,58.96902673,60,1,1,safe,
0.5707963268,0.2707963268,0.6108652382,155.408441,58.96902673,70,1,1,safe,
0.5707963268,0.2707963268,0.6981317008,155.408441,58.96902673,80,1,1,safe,
0.5707963268,0.2707963268,0.7853981634,155.408441,58.96902673,90,1,1,safe,
0.5707963268,0.2707963268,0.872664626,155.408441,58.96902673,100,1,1,safe,
0.5707963268,0.2707963268,0.9599310886,155.408441,58.96902673,110,1,1,safe,
0.5707963268,0.2707963268,1.047197551,155.408441,58.96902673,120,1,1,safe,
0.5707963268,0.2707963268,1.134464014,155.408441,58.96902673,130,1,1,safe,
0.5707963268,0.2707963268,1.221730476,155.408441,58.96902673,140,1,1,safe,
0.5707963268,0.2707963268,1.308996939,155.408441,58.96902673,150,1,1,safe,
0.5707963268,0.2707963268,1.396263402,155.408441,58.96902673,160,1,1,safe,
0.5707963268,0.2707963268,1.483529864,155.408441,58.96902673,170,1,1,safe,
0.5707963268,0.3580627894,0,155.408441,48.96902673,0,1,1,safe,
0.5707963268,0.3580627894,0.0872664626,155.408441,48.96902673,10,1,1,safe,
0.5707963268,0.3580627894,0.1745329252,155.408441,48.96902673,20,1,1,safe,
0.5707963268,0.3580627894,0.2617993878,155.408441,48.96902673,30,1,1,safe,
0.5707963268,0.3580627894,0.3490658504,155.408441,48.96902673,40,1,1,safe,
0.5707963268,0.3580627894,0.436332313,155.408441,48.96902673,50,1,1,safe,
0.5707963268,0.3580627894,0.5235987756,155.408441,48.96902673,60,1,1,safe,
0.5707963268,0.3580627894,0.6108652382,155.408441,48.96902673,70,1,1,safe,
0.5707963268,0.3580627894,0.6981317008,155.408441,48.96902673,80,1,1,safe,
0.5707963268,0.3580627894,0.7853981634,155.408441,48.96902673,90,1,1,safe,
0.5707963268,0.3580627894,0.872664626,155.408441,48.96902673,100,1,1,safe,
0.5707963268,0.3580627894,0.9599310886,155.408441,48.96902673,110,1,1,safe,
0.5707963268,0.3580627894,1.047197551,155.408441,48.96902673,120,1,1,safe,
0.5707963268,0.3580627894,1.134464014,155.408441,48.96902673,130,1,1,safe,
0.5707963268,0.3580627894,1.221730476,155.408441,48.96902673,140,1,1,safe,
0.5707963268,0.3580627894,1.308996939,155.408441,48.96902673,150,1,1,safe,
0.5707963268,0.3580627894,1.396263402,155.408441,48.96902673,160,1,1,safe,
0.5707963268,0.3580627894,1.483529864,155.408441,48.96902673,170,1,1,safe,
0.5707963268,0.445329252,0,155.408441,38.96902673,0,1,1,safe,
0.5707963268,0.445329252,0.0872664626,155.408441,38.96902673,10,1,1,safe,
0.5707963268,0.445329252,0.1745329252,155.408441,38.96902673,20,1,1,safe,
0.5707963268,0.445329252,0.2617993878,155.408441,38.96902673,30,1,1,safe,
0.5707963268,0.445329252,0.3490658504,155.408441,38.96902673,40,1,1,safe,
0.5707963268,0.445329252,0.436332313,155.408441,38.96902673,50,1,1,safe,
0.5707963268,0.445329252,0.5235987756,155.408441,38.96902673,60,1,1,safe,
0.5707963268,0.445329252,0.6108652382,155.408441,38.96902673,70,1,1,safe,
0.5707963268,0.445329252,0.6981317008,155.408441,38.96902673,80,1,1,safe,
0.5707963268,0.445329252,0.7853981634,155.408441,38.96902673,90,1,1,safe,
0.5707963268,0.445329252,0.872664626,155.408441,38.96902673,100,1,1,safe,
0.5707963268,0.445329252,0.9599310886,155.408441,38.96902673,110,1,1,safe,
0.5707963268,0.445329252,1.047197551,155.408441,38.96902673,120,1,1,safe,
0.5707963268,0.445329252,1.134464014,155.408441,38.96902673,130,1,1,safe,
0.5707963268,0.445329252,1.221730476,155.408441,38.96902673,140,1,1,safe,
0.5707963268,0.445329252,1.308996939,155.408441,38.96902673,150,1,1,safe,
0.5707963268,0.445329252,1.396263402,155.408441,38.96902673,160,1,1,safe,
0.5707963268,0.445329252,1.483529864,155.408441,38.96902673,170,1,1,safe,
0.5707963268,0.5325957146,0,155.408441,28.96902673,0,1,1,safe,
0.5707963268,0.5325957146,0.0872664626,155.408441,28.96902673,10,1,1,safe,
0.5707963268,0.5325957146,0.1745329252,155.408441,28.96902673,20,1,1,safe,
0.5707963268,0.5325957146,0.2617993878,155.408441,28.96902673,30,1,1,safe,
0.5707963268,0.5325957146,0.3490658504,155.408441,28.96902673,40,1,1,safe,
0.5707963268,0.5325957146,0.436332313,155.408441,28.96902673,50,1,1,safe,
0.5707963268,0.5325957146,0.5235987756,155.408441,28.96902673,60,1,1,safe,
0.5707963268,0.5325957146,0.6108652382,155.408441,28.96902673,70,1,1,safe,
0.5707963268,0.5325957146,0.6981317008,155.408441,28.96902673,80,1,1,safe,
0.5707963268,0.5325957146,0.7853981634,155.408441,28.96902673,90,1,1,safe,
0.5707963268,0.5325957146,0.872664626,155.408441,28.96902673,100,1,1,safe,
0.5707963268,0.5325957146,0.9599310886,155.408441,28.96902673,110,1,1,safe,
0.5707963268,0.5325957146,1.047197551,155.408441,28.96902673,120,1,1,safe,
0.5707963268,0.5325957146,1.134464014,155.408441,28.96902673,130,1,1,safe,
0.5707963268,0.5325957146,1.221730476,155.408441,28.96902673,140,1,1,safe,
0.5707963268,0.5325957146,1.308996939,155.408441,28.96902673,150,1,1,safe,
0.5707963268,0.5325957146,1.396263402,155.408441,28.96902673,160,1,1,safe,
0.5707963268,0.5325957146,1.483529864,155.408441,28.96902673,170,1,1,safe,
0.5707963268,0.6198621772,0,155.408441,18.96902673,0,1,1,safe,
0.5707963268,0.6198621772,0.0872664626,155.408441,18.96902673,10,1,1,safe,
0.5707963268,0.6198621772,0.1745329252,155.408441,18.96902673,20,1,1,safe,
0.5707963268,0.6198621772,0.2617993878,155.408441,18.96902673,30,1,1,safe,
0.5707963268,0.6198621772,0.3490658504,155.408441,18.96902673,40,1,1,safe,
0.5707963268,0.6198621772,0.436332313,155.408441,18.96902673,50,1,1,safe,
0.5707963268,0.6198621772,0.5235987756,155.408441,18.96902673,60,1,1,safe,
0.5707963268,0.6198621772,0.6108652382,155.408441,18.96902673,70,1,1,safe,
0.5707963268,0.6198621772,0.6981317008,155.408441,18.96902673,80,1,1,safe,
0.5707963268,0.6198621772,0.7853981634,155.408441,18.96902673,90,1,1,safe,
0.5707963268,0.6198621772,0.872664626,155.408441,18.96902673,100,1,1,safe,
0.5707963268,0.6198621772,0.9599310886,155.408441,18.96902673,110,1,1,safe,
0.5707963268,0.6198621772,1.047197551,155.408441,18.96902673,120,1,1,safe,
0.5707963268,0.6198621772,1.134464014,155.408441,18.96902673,130,1,1,safe,
0.5707963268,0.6198621772,1.221730476,155.408441,18.96902673,140,1,1,safe,
0.5707963268,0.6198621772,1.308996939,155.408441,18.96902673,150,1,1,safe,
0.5707963268,0.6198621772,1.396263402,155.408441,18.96902673,160,1,1,safe,
0.5707963268,0.6198621772,1.483529864,155.408441,18.96902673,170,1,1,safe,
0.5707963268,0.7071286398,0,155.408441,8.969026733,0,1,1,safe,
0.5707963268,0.7071286398,0.0872664626,155.408441,8.969026733,10,1,1,safe,
0.5707963268,0.7071286398,0.1745329252,155.408441,8.969026733,20,1,1,safe,
0.5707963268,0.7071286398,0.2617993878,155.408441,8.969026733,30,1,1,safe,
0.5707963268,0.7071286398,0.3490658504,155.408441,8.969026733,40,1,1,safe,
0.5707963268,0.7071286398,0.436332313,155.408441,8.969026733,50,1,1,safe,
0.5707963268,0.7071286398,0.5235987756,155.408441,8.969026733,60,1,1,safe,
0.5707963268,0.7071286398,0.6108652382,155.408441,8.969026733,70,1,1,safe,
0.5707963268,0.7071286398,0.6981317008,155.408441,8.969026733,80,1,1,safe,
0.5707963268,0.7071286398,0.7853981634,155.408441,8.969026733,90,1,1,safe,
0.5707963268,0.7071286398,0.872664626,155.408441,8.969026733,100,1,1,safe,
0.5707963268,0.7071286398,0.9599310886,155.408441,8.969026733,110,1,1,safe,
0.5707963268,0.7071286398,1.047197551,155.408441,8.969026733,120,1,1,safe,
0.5707963268,0.7071286398,1.134464014,155.408441,8.969026733,130,1,1,safe,
0.5707963268,0.7071286398,1.221730476,155.408441,8.969026733,140,1,1,safe,
0.5707963268,0.7071286398,1.308996939,155.408441,8.969026733,150,1,1,safe,
0.5707963268,0.7071286398,1.396263402,155.408441,8.969026733,160,1,1,safe,
0.5707963268,0.7071286398,1.483529864,155.408441,8.969026733,170,1,1,safe,
0.6580627894,-0.7764012244,0,165.408441,178.9690267,0,1,1,safe,
0.6580627894,-0.7764012244,0.0872664626,165.408441,178.9690267,10,1,1,safe,
0.6580627894,-0.7764012244,0.1745329252,165.408441,178.9690267,20,1,1,safe,
0.6580627894,-0.7764012244,0.2617993878,165.408441,178.9690267,30,1,1,safe,
0.6580627894,-0.7764012244,0.3490658504,165.408441,178.9690267,40,1,1,safe,
0.6580627894,-0.7764012244,0.436332313,165.408441,178.9690267,50,1,1,safe,
0.6580627894,-0.7764012244,0.5235987756,165.408441,178.9690267,60,1,1,safe,
0.6580627894,-0.7764012244,0.6108652382,165.408441,178.9690267,70,1,1,safe,
0.6580627894,-0.7764012244,0.6981317008,165.408441,178.9690267,80,1,1,safe,
0.6580627894,-0.7764012244,0.7853981634,165.408441,178.9690267,90,1,1,safe,
0.6580627894,-0.7764012244,0.872664626,165.408441,178.9690267,100,1,1,safe,
0.6580627894,-0.7764012244,0.9599310886,165.408441,178.9690267,110,1,1,safe,
0.6580627894,-0.7764012244,1.047197551,165.408441,178.9690267,120,1,1,safe,
0.6580627894,-0.7764012244,1.134464014,165.408441,178.9690267,130,1,1,safe,
0.6580627894,-0.7764012244,1.221730476,165.408441,178.9690267,140,1,1,safe,
0.6580627894,-0.7764012244,1.308996939,165.408441,178.9690267,150,1,1,safe,
0.6580627894,-0.7764012244,1.396263402,165.408441,178.9690267,160,1,1,safe,
0.6580627894,-0.7764012244,1.483529864,165.408441,178.9690267,170,1,1,safe,
0.6580627894,-0.6891347618,0,165.408441,168.9690267,0,1,1,safe,
0.6580627894,-0.6891347618,0.0872664626,165.408441,168.9690267,10,1,1,safe,
0.6580627894,-0.6891347618,0.1745329252,165.408441,168.9690267,20,1,1,safe,
0.6580627894,-0.6891347618,0.2617993878,165.408441,168.9690267,30,1,1,safe,
0.6580627894,-0.6891347618,0.3490658504,165.408441,168.9690267,40,1,1,safe,
0.6580627894,-0.6891347618,0.436332313,165.408441,168.9690267,50,1,1,safe,
0.6580627894,-0.6891347618,0.5235987756,165.408441,168.9690267,60,1,1,safe,
0.6580627894,-0.6891347618,0.6108652382,165.408441,168.9690267,70,1,1,safe,
0.6580627894,-0.6891347618,0.6981317008,165.408441,168.9690267,80,1,1,safe,
0.6580627894,-0.6891347618,0.7853981634,165.408441,168.9690267,90,1,1,safe,
0.6580627894,-0.6891347618,0.872664626,165.408441,168.9690267,100,1,1,safe,
0.6580627894,-0.6891347618,0.9599310886,165.408441,168.9690267,110,1,1,safe,
0.6580627894,-0.6891347618,1.047197551,165.408441,168.9690267,120,1,1,safe,
0.6580627894,-0.6891347618,1.134464014,165.408441,168.9690267,130,1,1,safe,
0.6580627894,-0.6891347618,1.221730476,165.408441,168.9690267,140,1,1,safe,
0.6580627894,-0.6891347618,1.308996939,165.408441,168.9690267,150,1,1,safe,
0.6580627894,-0.6891347618,1.396263402,165.408441,168.9690267,160,1,1,safe,
0.6580627894,-0.6891347618,1.483529864,165.408441,168.9690267,170,1,1,safe,
0.6580627894,-0.6018682992,0,165.408441,158.9690267,0,1,1,safe,
0.6580627894,-0.6018682992,0.0872664626,165.408441,158.9690267,10,1,1,safe,
0.6580627894,-0.6018682992,0.1745329252,165.408441,158.9690267,20,1,1,safe,
0.6580627894,-0.6018682992,0.2617993878,165.408441,158.9690267,30,1,1,safe,
0.6580627894,-0.6018682992,0.3490658504,165.408441,158.9690267,40,1,1,safe,
0.6580627894,-0.6018682992,0.436332313,165.408441,158.9690267,50,1,1,safe,
0.6580627894,-0.6018682992,0.5235987756,165.408441,158.9690267,60,1,1,safe,
0.6580627894,-0.6018682992,0.6108652382,165.408441,158.9690267,70,1,1,safe,
0.6580627894,-0.6018682992,0.6981317008,165.408441,158.9690267,80,1,1,safe,
0.6580627894,-0.6018682992,0.7853981634,165.408441,158.9690267,90,1,1,safe,
0.6580627894,-0.6018682992,0.872664626,165.408441,158.9690267,100,1,1,safe,
0.6580627894,-0.6018682992,0.9599310886,165.408441,158.9690267,110,1,1,safe,
0.6580627894,-0.6018682992,1.047197551,165.408441,158.9690267,120,1,1,safe,
0.6580627894,-0.6018682992,1.134464014,165.408441,158.9690267,130,1,1,safe,
0.6580627894,-0.6018682992,1.221730476,165.408441,158.9690267,140,1,1,safe,
0.6580627894,-0.6018682992,1.308996939,165.408441,158.9690267,150,1,1,safe,
0.6580627894,-0.6018682992,1.396263402,165.408441,158.9690267,160,1,1,safe,
0.6580627894,-0.6018682992,1.483529864,165.408441,158.9690267,170,1,1,safe,
0.6580627894,-0.5146018366,0,165.408441,148.9690267,0,1,1,safe,
0.6580627894,-0.5146018366,0.0872664626,165.408441,148.9690267,10,1,1,safe,
0.6580627894,-0.5146018366,0.1745329252,165.408441,148.9690267,20,1,1,safe,
0.6580627894,-0.5146018366,0.2617993878,165.408441,148.9690267,30,1,1,safe,
0.6580627894,-0.5146018366,0.3490658504,165.408441,148.9690267,40,1,1,safe,
0.6580627894,-0.5146018366,0.436332313,165.408441,148.9690267,50,1,1,safe,
0.6580627894,-0.5146018366,0.5235987756,165.408441,148.9690267,60,1,1,safe,
0.6580627894,-0.5146018366,0.6108652382,165.408441,148.9690267,70,1,1,safe,
0.6580627894,-0.5146018366,0.6981317008,165.408441,148.9690267,80,1,1,safe,
0.6580627894,-0.5146018366,0.7853981634,165.408441,148.9690267,90,1,1,safe,
0.6580627894,-0.5146018366,0.872664626,165.408441,148.9690267,100,1,1,safe,
0.6580627894,-0.5146018366,0.9599310886,165.408441,148.9690267,110,1,1,safe,
0.6580627894,-0.5146018366,1.047197551,165.408441,148.9690267,120,1,1,safe,
0.6580627894,-0.5146018366,1.134464014,165.408441,148.9690267,130,1,1,safe,
0.6580627894,-0.5146018366,1.221730476,165.408441,148.9690267,140,1,1,safe,
0.6580627894,-0.5146018366,1.308996939,165.408441,148.9690267,150,1,1,safe,
0.6580627894,-0.5146018366,1.396263402,165.408441,148.9690267,160,1,1,safe,
0.6580627894,-0.5146018366,1.483529864,165.408441,148.9690267,170,1,1,safe,
0.6580627894,-0.427335374,0,165.408441,138.9690267,0,1,1,safe,
0.6580627894,-0.427335374,0.0872664626,165.408441,138.9690267,10,1,1,safe,
0.6580627894,-0.427335374,0.1745329252,165.408441,138.9690267,20,1,1,safe,
0.6580627894,-0.427335374,0.2617993878,165.408441,138.9690267,30,1,1,safe,
0.6580627894,-0.427335374,0.3490658504,165.408441,138.9690267,40,1,1,safe,
0.6580627894,-0.427335374,0.436332313,165.408441,138.9690267,50,1,1,safe,
0.6580627894,-0.427335374,0.5235987756,165.408441,138.9690267,60,1,1,safe,
0.6580627894,-0.427335374,0.6108652382,165.408441,138.9690267,70,1,1,safe,
0.6580627894,-0.427335374,0.6981317008,165.408441,138.9690267,80,1,1,safe,
0.6580627894,-0.427335374,0.7853981634,165.408441,138.9690267,90,1,1,safe,
0.6580627894,-0.427335374,0.872664626,165.408441,138.9690267,100,1,1,safe,
0.6580627894,-0.427335374,0.9599310886,165.408441,138.9690267,110,1,1,safe,
0.6580627894,-0.427335374,1.047197551,165.408441,138.9690267,120,1,1,safe,
0.6580627894,-0.427335374,1.134464014,165.408441,138.9690267,130,1,1,safe,
0.6580627894,-0.427335374,1.221730476,165.408441,138.9690267,140,1,1,safe,
0.6580627894,-0.427335374,1.308996939,165.408441,138.9690267,150,1,1,safe,
0.6580627894,-0.427335374,1.396263402,165.408441,138.9690267,160,1,1,safe,
0.6580627894,-0.427335374,1.483529864,165.408441,138.9690267,170,1,1,safe,
0.6580627894,-0.3400689114,0,165.408441,128.9690267,0,1,1,safe,
0.6580627894,-0.3400689114,0.0872664626,165.408441,128.9690267,10,1,1,safe,
0.6580627894,-0.3400689114,0.1745329252,165.408441,128.9690267,20,1,1,safe,
0.6580627894,-0.3400689114,0.2617993878,165.408441,128.9690267,30,1,1,safe,
0.6580627894,-0.3400689114,0.3490658504,165.408441,128.9690267,40,1,1,safe,
0.6580627894,-0.3400689114,0.436332313,165.408441,128.9690267,50,1,1,safe,
0.6580627894,-0.3400689114,0.5235987756,165.408441,128.9690267,60,1,1,safe,
0.6580627894,-0.3400689114,0.6108652382,165.408441,128.9690267,70,1,1,safe,
0.6580627894,-0.3400689114,0.6981317008,165.408441,128.9690267,80,1,1,safe,
0.6580627894,-0.3400689114,0.7853981634,165.408441,128.9690267,90,1,1,safe,
0.6580627894,-0.3400689114,0.872664626,165.408441,128.9690267,100,1,1,safe,
0.6580627894,-0.3400689114,0.9599310886,165.408441,128.9690267,110,1,1,safe,
0.6580627894,-0.3400689114,1.047197551,165.408441,128.9690267,120,1,1,safe,
0.6580627894,-0.3400689114,1.134464014,165.408441,128.9690267,130,1,1,safe,
0.6580627894,-0.3400689114,1.221730476,165.408441,128.9690267,140,1,1,safe,
0.6580627894,-0.3400689114,1.308996939,165.408441,128.9690267,150,1,1,safe,
0.6580627894,-0.3400689114,1.396263402,165.408441,128.9690267,160,1,1,safe,
0.6580627894,-0.3400689114,1.483529864,165.408441,128.9690267,170,1,1,safe,
0.6580627894,-0.2528024488,0,165.408441,118.9690267,0,1,1,safe,
0.6580627894,-0.2528024488,0.0872664626,165.408441,118.9690267,10,1,1,safe,
0.6580627894,-0.2528024488,0.1745329252,165.408441,118.9690267,20,1,1,safe,
0.6580627894,-0.2528024488,0.2617993878,165.408441,118.9690267,30,1,1,safe,
0.6580627894,-0.2528024488,0.3490658504,165.408441,118.9690267,40,1,1,safe,
0.6580627894,-0.2528024488,0.436332313,165.408441,118.9690267,50,1,1,safe,
0.6580627894,-0.2528024488,0.5235987756,165.408441,118.9690267,60,1,1,safe,
0.6580627894,-0.2528024488,0.6108652382,165.408441,118.9690267,70,1,1,safe,
0.6580627894,-0.2528024488,0.6981317008,165.408441,118.9690267,80,1,1,safe,
0.6580627894,-0.2528024488,0.7853981634,165.408441,118.9690267,90,1,1,safe,
0.6580627894,-0.2528024488,0.872664626,165.408441,118.9690267,100,1,1,safe,
0.6580627894,-0.2528024488,0.9599310886,165.408441,118.9690267,110,1,1,safe,
0.6580627894,-0.2528024488,1.047197551,165.408441,118.9690267,120,1,1,safe,
0.6580627894,-0.2528024488,1.134464014,165.408441,118.9690267,130,1,1,safe,
0.6580627894,-0.2528024488,1.221730476,165.408441,118.9690267,140,1,1,safe,
0.6580627894,-0.2528024488,1.308996939,165.408441,118.9690267,150,1,1,safe,
0.6580627894,-0.2528024488,1.396263402,165.408441,118.9690267,160,1,1,safe,
0.6580627894,-0.2528024488,1.483529864,165.408441,118.9690267,170,1,1,safe,
0.6580627894,-0.1655359862,0,165.408441,108.9690267,0,1,1,safe,
0.6580627894,-0.1655359862,0.0872664626,165.408441,108.9690267,10,1,1,safe,
0.6580627894,-0.1655359862,0.1745329252,165.408441,108.9690267,20,1,1,safe,
0.6580627894,-0.1655359862,0.2617993878,165.408441,108.9690267,30,1,1,safe,
0.6580627894,-0.1655359862,0.3490658504,165.408441,108.9690267,40,1,1,safe,
0.6580627894,-0.1655359862,0.436332313,165.408441,108.9690267,50,1,1,safe,
0.6580627894,-0.1655359862,0.5235987756,165.408441,108.9690267,60,1,1,safe,
0.6580627894,-0.1655359862,0.6108652382,165.408441,108.9690267,70,1,1,safe,
0.6580627894,-0.1655359862,0.6981317008,165.408441,108.9690267,80,1,1,safe,
0.6580627894,-0.1655359862,0.7853981634,165.408441,108.9690267,90,1,1,safe,
0.6580627894,-0.1655359862,0.872664626,165.408441,108.9690267,100,1,1,safe,
0.6580627894,-0.1655359862,0.9599310886,165.408441,108.9690267,110,1,1,safe,
0.6580627894,-0.1655359862,1.047197551,165.408441,108.9690267,120,1,1,safe,
0.6580627894,-0.1655359862,1.134464014,165.408441,108.9690267,130,1,1,safe,
0.6580627894,-0.1655359862,1.221730476,165.408441,108.9690267,140,1,1,safe,
0.6580627894,-0.1655359862,1.308996939,165.408441,108.9690267,150,1,1,safe,
0.6580627894,-0.1655359862,1.396263402,165.408441,108.9690267,160,1,1,safe,
0.6580627894,-0.1655359862,1.483529864,165.408441,108.9690267,170,1,1,safe,
0.6580627894,-0.0782695236,0,165.408441,98.96902673,0,1,1,safe,
0.6580627894,-0.0782695236,0.0872664626,165.408441,98.96902673,10,1,1,safe,
0.6580627894,-0.0782695236,0.1745329252,165.408441,98.96902673,20,1,1,safe,
0.6580627894,-0.0782695236,0.2617993878,165.408441,98.96902673,30,1,1,safe,
0.6580627894,-0.0782695236,0.3490658504,165.408441,98.96902673,40,1,1,safe,
0.6580627894,-0.0782695236,0.436332313,165.408441,98.96902673,50,1,1,safe,
0.6580627894,-0.0782695236,0.5235987756,165.408441,98.96902673,60,1,1,safe,
0.6580627894,-0.0782695236,0.6108652382,165.408441,98.96902673,70,1,1,safe,
0.6580627894,-0.0782695236,0.6981317008,165.408441,98.96902673,80,1,1,safe,
0.6580627894,-0.0782695236,0.7853981634,165.408441,98.96902673,90,1,1,safe,
0.6580627894,-0.0782695236,0.872664626,165.408441,98.96902673,100,1,1,safe,
0.6580627894,-0.0782695236,0.9599310886,165.408441,98.96902673,110,1,1,safe,
0.6580627894,-0.0782695236,1.047197551,165.408441,98.96902673,120,1,1,safe,
0.6580627894,-0.0782695236,1.134464014,165.408441,98.96902673,130,1,1,safe,
0.6580627894,-0.0782695236,1.221730476,165.408441,98.96902673,140,1,1,safe,
0.6580627894,-0.0782695236,1.308996939,165.408441,98.96902673,150,1,1,safe,
0.6580627894,-0.0782695236,1.396263402,165.408441,98.96902673,160,1,1,safe,
0.6580627894,-0.0782695236,1.483529864,165.408441,98.96902673,170,1,1,safe,
0.6580627894,0.008996939,0,165.408441,88.96902673,0,1,1,safe,
0.6580627894,0.008996939,0.0872664626,165.408441,88.96902673,10,1,1,safe,
0.6580627894,0.008996939,0.1745329252,165.408441,88.96902673,20,1,1,safe,
0.6580627894,0.008996939,0.2617993878,165.408441,88.96902673,30,1,1,safe,
0.6580627894,0.008996939,0.3490658504,165.408441,88.96902673,40,1,1,safe,
0.6580627894,0.008996939,0.436332313,165.408441,88.96902673,50,1,1,safe,
0.6580627894,0.008996939,0.5235987756,165.408441,88.96902673,60,1,1,safe,
0.6580627894,0.008996939,0.6108652382,165.408441,88.96902673,70,1,1,safe,
0.6580627894,0.008996939,0.6981317008,165.408441,88.96902673,80,1,1,safe,
0.6580627894,0.008996939,0.7853981634,165.408441,88.96902673,90,1,1,safe,
0.6580627894,0.008996939,0.872664626,165.408441,88.96902673,100,1,1,safe,
0.6580627894,0.008996939,0.9599310886,165.408441,88.96902673,110,1,1,safe,
0.6580627894,0.008996939,1.047197551,165.408441,88.96902673,120,1,1,safe,
0.6580627894,0.008996939,1.134464014,165.408441,88.96902673,130,1,1,safe,
0.6580627894,0.008996939,1.221730476,165.408441,88.96902673,140,1,1,safe,
0.6580627894,0.008996939,1.308996939,165.408441,88.96902673,150,1,1,safe,
0.6580627894,0.008996939,1.396263402,165.408441,88.96902673,160,1,1,safe,
0.6580627894,0.008996939,1.483529864,165.408441,88.96902673,170,1,1,safe,
0.6580627894,0.0962634016,0,165.408441,78.96902673,0,1,1,safe,
0.6580627894,0.0962634016,0.0872664626,165.408441,78.96902673,10,1,1,safe,
0.6580627894,0.0962634016,0.1745329252,165.408441,78.96902673,20,1,1,safe,
0.6580627894,0.0962634016,0.2617993878,165.408441,78.96902673,30,1,1,safe,
0.6580627894,0.0962634016,0.3490658504,165.408441,78.96902673,40,1,1,safe,
0.6580627894,0.0962634016,0.436332313,165.408441,78.96902673,50,1,1,safe,
0.6580627894,0.0962634016,0.5235987756,165.408441,78.96902673,60,1,1,safe,
0.6580627894,0.0962634016,0.6108652382,165.408441,78.96902673,70,1,1,safe,
0.6580627894,0.0962634016,0.6981317008,165.408441,78.96902673,80,1,1,safe,
0.6580627894,0.0962634016,0.7853981634,165.408441,78.96902673,90,1,1,safe,
0.6580627894,0.0962634016,0.872664626,165.408441,78.96902673,100,1,1,safe,
0.6580627894,0.0962634016,0.9599310886,165.408441,78.96902673,110,1,1,safe,
0.6580627894,0.0962634016,1.047197551,165.408441,78.96902673,120,1,1,safe,
0.6580627894,0.0962634016,1.134464014,165.408441,78.96902673,130,1,1,safe,
0.6580627894,0.0962634016,1.221730476,165.408441,78.96902673,140,1,1,safe,
0.6580627894,0.0962634016,1.308996939,165.408441,78.96902673,150,1,1,safe,
0.6580627894,0.0962634016,1.396263402,165.408441,78.96902673,160,1,1,safe,
0.6580627894,0.0962634016,1.483529864,165.408441,78.96902673,170,1,1,safe,
0.6580627894,0.1835298642,0,165.408441,68.96902673,0,1,1,safe,
0.6580627894,0.1835298642,0.0872664626,165.408441,68.96902673,10,1,1,safe,
0.6580627894,0.1835298642,0.1745329252,165.408441,68.96902673,20,1,1,safe,
0.6580627894,0.1835298642,0.2617993878,165.408441,68.96902673,30,1,1,safe,
0.6580627894,0.1835298642,0.3490658504,165.408441,68.96902673,40,1,1,safe,
0.6580627894,0.1835298642,0.436332313,165.408441,68.96902673,50,1,1,safe,
0.6580627894,0.1835298642,0.5235987756,165.408441,68.96902673,60,1,1,safe,
0.6580627894,0.1835298642,0.6108652382,165.408441,68.96902673,70,1,1,safe,
0.6580627894,0.1835298642,0.6981317008,165.408441,68.96902673,80,1,1,safe,
0.6580627894,0.1835298642,0.7853981634,165.408441,68.96902673,90,1,1,safe,
0.6580627894,0.1835298642,0.872664626,165.408441,68.96902673,100,1,1,safe,
0.6580627894,0.1835298642,0.9599310886,165.408441,68.96902673,110,1,1,safe,
0.6580627894,0.1835298642,1.047197551,165.408441,68.96902673,120,1,1,safe,
0.6580627894,0.1835298642,1.134464014,165.408441,68.96902673,130,1,1,safe,
0.6580627894,0.1835298642,1.221730476,165.408441,68.96902673,140,1,1,safe,
0.6580627894,0.1835298642,1.308996939,165.408441,68.96902673,150,1,1,safe,
0.6580627894,0.1835298642,1.396263402,165.408441,68.96902673,160,1,1,safe,
0.6580627894,0.1835298642,1.483529864,165.408441,68.96902673,170,1,1,safe,
0.6580627894,0.2707963268,0,165.408441,58.96902673,0,1,1,safe,
0.6580627894,0.2707963268,0.0872664626,165.408441,58.96902673,10,1,1,safe,
0.6580627894,0.2707963268,0.1745329252,165.408441,58.96902673,20,1,1,safe,
0.6580627894,0.2707963268,0.2617993878,165.408441,58.96902673,30,1,1,safe,
0.6580627894,0.2707963268,0.3490658504,165.408441,58.96902673,40,1,1,safe,
0.6580627894,0.2707963268,0.436332313,165.408441,58.96902673,50,1,1,safe,
0.6580627894,0.2707963268,0.5235987756,165.408441,58.96902673,60,1,1,safe,
0.6580627894,0.2707963268,0.6108652382,165.408441,58.96902673,70,1,1,safe,
0.6580627894,0.2707963268,0.6981317008,165.408441,58.96902673,80,1,1,safe,
0.6580627894,0.2707963268,0.7853981634,165.408441,58.96902673,90,1,1,safe,
0.6580627894,0.2707963268,0.872664626,165.408441,58.96902673,100,1,1,safe,
0.6580627894,0.2707963268,0.9599310886,165.408441,58.96902673,110,1,1,safe,
0.6580627894,0.2707963268,1.047197551,165.408441,58.96902673,120,1,1,safe,
0.6580627894,0.2707963268,1.134464014,165.408441,58.96902673,130,1,1,safe,
0.6580627894,0.2707963268,1.221730476,165.408441,58.96902673,140,1,1,safe,
0.6580627894,0.2707963268,1.308996939,165.408441,58.96902673,150,1,1,safe,
0.6580627894,0.2707963268,1.396263402,165.408441,58.96902673,160,1,1,safe,
0.6580627894,0.2707963268,1.483529864,165.408441,58.96902673,170,1,1,safe,
0.6580627894,0.3580627894,0,165.408441,48.96902673,0,1,1,safe,
0.6580627894,0.3580627894,0.0872664626,165.408441,48.96902673,10,1,1,safe,
0.6580627894,0.3580627894,0.1745329252,165.408441,48.96902673,20,1,1,safe,
0.6580627894,0.3580627894,0.2617993878,165.408441,48.96902673,30,1,1,safe,
0.6580627894,0.3580627894,0.3490658504,165.408441,48.96902673,40,1,1,safe,
0.6580627894,0.3580627894,0.436332313,165.408441,48.96902673,50,1,1,safe,
0.6580627894,0.3580627894,0.5235987756,165.408441,48.96902673,60,1,1,safe,
0.6580627894,0.3580627894,0.6108652382,165.408441,48.96902673,70,1,1,safe,
0.6580627894,0.3580627894,0.6981317008,165.408441,48.96902673,80,1,1,safe,
0.6580627894,0.3580627894,0.7853981634,165.408441,48.96902673,90,1,1,safe,
0.6580627894,0.3580627894,0.872664626,165.408441,48.96902673,100,1,1,safe,
0.6580627894,0.3580627894,0.9599310886,165.408441,48.96902673,110,1,1,safe,
0.6580627894,0.3580627894,1.047197551,165.408441,48.96902673,120,1,1,safe,
0.6580627894,0.3580627894,1.134464014,165.408441,48.96902673,130,1,1,safe,
0.6580627894,0.3580627894,1.221730476,165.408441,48.96902673,140,1,1,safe,
0.6580627894,0.3580627894,1.308996939,165.408441,48.96902673,150,1,1,safe,
0.6580627894,0.3580627894,1.396263402,165.408441,48.96902673,160,1,1,safe,
0.6580627894,0.3580627894,1.483529864,165.408441,48.96902673,170,1,1,safe,
0.6580627894,0.445329252,0,165.408441,38.96902673,0,1,1,safe,
0.6580627894,0.445329252,0.0872664626,165.408441,38.96902673,10,1,1,safe,
0.6580627894,0.445329252,0.1745329252,165.408441,38.96902673,20,1,1,safe,
0.6580627894,0.445329252,0.2617993878,165.408441,38.96902673,30,1,1,safe,
0.6580627894,0.445329252,0.3490658504,165.408441,38.96902673,40,1,1,safe,
0.6580627894,0.445329252,0.436332313,165.408441,38.96902673,50,1,1,safe,
0.6580627894,0.445329252,0.5235987756,165.408441,38.96902673,60,1,1,safe,
0.6580627894,0.445329252,0.6108652382,165.408441,38.96902673,70,1,1,safe,
0.6580627894,0.445329252,0.6981317008,165.408441,38.96902673,80,1,1,safe,
0.6580627894,0.445329252,0.7853981634,165.408441,38.96902673,90,1,1,safe,
0.6580627894,0.445329252,0.872664626,165.408441,38.96902673,100,1,1,safe,
0.6580627894,0.445329252,0.9599310886,165.408441,38.96902673,110,1,1,safe,
0.6580627894,0.445329252,1.047197551,165.408441,38.96902673,120,1,1,safe,
0.6580627894,0.445329252,1.134464014,165.408441,38.96902673,130,1,1,safe,
0.6580627894,0.445329252,1.221730476,165.408441,38.96902673,140,1,1,safe,
0.6580627894,0.445329252,1.308996939,165.408441,38.96902673,150,1,1,safe,
0.6580627894,0.445329252,1.396263402,165.408441,38.96902673,160,1,1,safe,
0.6580627894,0.445329252,1.483529864,165.408441,38.96902673,170,1,1,safe,
0.6580627894,0.5325957146,0,165.408441,28.96902673,0,1,1,safe,
0.6580627894,0.5325957146,0.0872664626,165.408441,28.96902673,10,1,1,safe,
0.6580627894,0.5325957146,0.1745329252,165.408441,28.96902673,20,1,1,safe,
0.6580627894,0.5325957146,0.2617993878,165.408441,28.96902673,30,1,1,safe,
0.6580627894,0.5325957146,0.3490658504,165.408441,28.96902673,40,1,1,safe,
0.6580627894,0.5325957146,0.436332313,165.408441,28.96902673,50,1,1,safe,
0.6580627894,0.5325957146,0.5235987756,165.408441,28.96902673,60,1,1,safe,
0.6580627894,0.5325957146,0.6108652382,165.408441,28.96902673,70,1,1,safe,
0.6580627894,0.5325957146,0.6981317008,165.408441,28.96902673,80,1,1,safe,
0.6580627894,0.5325957146,0.7853981634,165.408441,28.96902673,90,1,1,safe,
0.6580627894,0.5325957146,0.872664626,165.408441,28.96902673,100,1,1,safe,
0.6580627894,0.5325957146,0.9599310886,165.408441,28.96902673,110,1,1,safe,
0.6580627894,0.5325957146,1.047197551,165.408441,28.96902673,120,1,1,safe,
0.6580627894,0.5325957146,1.134464014,165.408441,28.96902673,130,1,1,safe,
0.6580627894,0.5325957146,1.221730476,165.408441,28.96902673,140,1,1,safe,
0.6580627894,0.5325957146,1.308996939,165.408441,28.96902673,150,1,1,safe,
0.6580627894,0.5325957146,1.396263402,165.408441,28.96902673,160,1,1,safe,
0.6580627894,0.5325957146,1.483529864,165.408441,28.96902673,170,1,1,safe,
0.6580627894,0.6198621772,0,165.408441,18.96902673,0,1,1,safe,
0.6580627894,0.6198621772,0.0872664626,165.408441,18.96902673,10,1,1,safe,
0.6580627894,0.6198621772,0.1745329252,165.408441,18.96902673,20,1,1,safe,
0.6580627894,0.6198621772,0.2617993878,165.408441,18.96902673,30,1,1,safe,
0.6580627894,0.6198621772,0.3490658504,165.408441,18.96902673,40,1,1,safe,
0.6580627894,0.6198621772,0.436332313,165.408441,18.96902673,50,1,1,safe,
0.6580627894,0.6198621772,0.5235987756,165.408441,18.96902673,60,1,1,safe,
0.6580627894,0.6198621772,0.6108652382,165.408441,18.96902673,70,1,1,safe,
0.6580627894,0.6198621772,0.6981317008,165.408441,18.96902673,80,1,1,safe,
0.6580627894,0.6198621772,0.7853981634,165.408441,18.96902673,90,1,1,safe,
0.6580627894,0.6198621772,0.872664626,165.408441,18.96902673,100,1,1,safe,
0.6580627894,0.6198621772,0.9599310886,165.408441,18.96902673,110,1,1,safe,
0.6580627894,0.6198621772,1.047197551,165.408441,18.96902673,120,1,1,safe,
0.6580627894,0.6198621772,1.134464014,165.408441,18.96902673,130,1,1,safe,
0.6580627894,0.6198621772,1.221730476,165.408441,18.96902673,140,1,1,safe,
0.6580627894,0.6198621772,1.308996939,165.408441,18.96902673,150,1,1,safe,
0.6580627894,0.6198621772,1.396263402,165.408441,18.96902673,160,1,1,safe,
0.6580627894,0.6198621772,1.483529864,165.408441,18.96902673,170,1,1,safe,
0.6580627894,0.7071286398,0,165.408441,8.969026733,0,1,1,safe,
0.6580627894,0.7071286398,0.0872664626,165.408441,8.969026733,10,1,1,safe,
0.6580627894,0.7071286398,0.1745329252,165.408441,8.969026733,20,1,1,safe,
0.6580627894,0.7071286398,0.2617993878,165.408441,8.969026733,30,1,1,safe,
0.6580627894,0.7071286398,0.3490658504,165.408441,8.969026733,40,1,1,safe,
0.6580627894,0.7071286398,0.436332313,165.408441,8.969026733,50,1,1,safe,
0.6580627894,0.7071286398,0.5235987756,165.408441,8.969026733,60,1,1,safe,
0.6580627894,0.7071286398,0.6108652382,165.408441,8.969026733,70,1,1,safe,
0.6580627894,0.7071286398,0.6981317008,165.408441,8.969026733,80,1,1,safe,
0.6580627894,0.7071286398,0.7853981634,165.408441,8.969026733,90,1,1,safe,
0.6580627894,0.7071286398,0.872664626,165.408441,8.969026733,100,1,1,safe,
0.6580627894,0.7071286398,0.9599310886,165.408441,8.969026733,110,1,1,safe,
0.6580627894,0.7071286398,1.047197551,165.408441,8.969026733,120,1,1,safe,
0.6580627894,0.7071286398,1.134464014,165.408441,8.969026733,130,1,1,safe,
0.6580627894,0.7071286398,1.221730476,165.408441,8.969026733,140,1,1,safe,
0.6580627894,0.7071286398,1.308996939,165.408441,8.969026733,150,1,1,safe,
0.6580627894,0.7071286398,1.396263402,165.408441,8.969026733,160,1,1,safe,
0.6580627894,0.7071286398,1.483529864,165.408441,8.969026733,170,1,1,safe,
0.745329252,0.5325957146,0,175.408441,28.96902673,0,1,1,safe,
0.745329252,0.5325957146,0.0872664626,175.408441,28.96902673,10,1,1,safe,
0.745329252,0.5325957146,0.1745329252,175.408441,28.96902673,20,1,1,safe,
0.745329252,0.5325957146,0.2617993878,175.408441,28.96902673,30,1,1,safe,
0.745329252,0.5325957146,0.3490658504,175.408441,28.96902673,40,1,1,safe,
0.745329252,0.5325957146,0.436332313,175.408441,28.96902673,50,1,1,safe,
0.745329252,0.5325957146,0.5235987756,175.408441,28.96902673,60,1,1,safe,
0.745329252,0.5325957146,0.6108652382,175.408441,28.96902673,70,1,1,safe,
0.745329252,0.5325957146,0.6981317008,175.408441,28.96902673,80,1,1,safe,
0.745329252,0.5325957146,0.7853981634,175.408441,28.96902673,90,1,1,safe,
0.745329252,0.5325957146,0.872664626,175.408441,28.96902673,100,1,1,safe,
0.745329252,0.5325957146,0.9599310886,175.408441,28.96902673,110,1,1,safe,
0.745329252,0.5325957146,1.047197551,175.408441,28.96902673,120,1,1,safe,
0.745329252,0.5325957146,1.134464014,175.408441,28.96902673,130,1,1,safe,
0.745329252,0.5325957146,1.221730476,175.408441,28.96902673,140,1,1,safe,
0.745329252,0.5325957146,1.308996939,175.408441,28.96902673,150,1,1,safe,
0.745329252,0.5325957146,1.396263402,175.408441,28.96902673,160,1,1,safe,
0.745329252,0.5325957146,1.483529864,175.408441,28.96902673,170,1,1,safe,
0.745329252,0.6198621772,0,175.408441,18.96902673,0,1,1,safe,
0.745329252,0.6198621772,0.0872664626,175.408441,18.96902673,10,1,1,safe,
0.745329252,0.6198621772,0.1745329252,175.408441,18.96902673,20,1,1,safe,
0.745329252,0.6198621772,0.2617993878,175.408441,18.96902673,30,1,1,safe,
0.745329252,0.6198621772,0.3490658504,175.408441,18.96902673,40,1,1,safe,
0.745329252,0.6198621772,0.436332313,175.408441,18.96902673,50,1,1,safe,
0.745329252,0.6198621772,0.5235987756,175.408441,18.96902673,60,1,1,safe,
0.745329252,0.6198621772,0.6108652382,175.408441,18.96902673,70,1,1,safe,
0.745329252,0.6198621772,0.6981317008,175.408441,18.96902673,80,1,1,safe,
0.745329252,0.6198621772,0.7853981634,175.408441,18.96902673,90,1,1,safe,
0.745329252,0.6198621772,0.872664626,175.408441,18.96902673,100,1,1,safe,
0.745329252,0.6198621772,0.9599310886,175.408441,18.96902673,110,1,1,safe,
0.745329252,0.6198621772,1.047197551,175.408441,18.96902673,120,1,1,safe,
0.745329252,0.6198621772,1.134464014,175.408441,18.96902673,130,1,1,safe,
0.745329252,0.6198621772,1.221730476,175.408441,18.96902673,140,1,1,safe,
0.745329252,0.6198621772,1.308996939,175.408441,18.96902673,150,1,1,safe,
0.745329252,0.6198621772,1.396263402,175.408441,18.96902673,160,1,1,safe,
0.745329252,0.6198621772,1.483529864,175.408441,18.96902673,170,1,1,safe,
0.745329252,0.7071286398,0,175.408441,8.969026733,0,1,1,safe,
0.745329252,0.7071286398,0.0872664626,175.408441,8.969026733,10,1,1,safe,
0.745329252,0.7071286398,0.1745329252,175.408441,8.969026733,20,1,1,safe,
0.745329252,0.7071286398,0.2617993878,175.408441,8.969026733,30,1,1,safe,
0.745329252,0.7071286398,0.3490658504,175.408441,8.969026733,40,1,1,safe,
0.745329252,0.7071286398,0.436332313,175.408441,8.969026733,50,1,1,safe,
0.745329252,0.7071286398,0.5235987756,175.408441,8.969026733,60,1,1,safe,
0.745329252,0.7071286398,0.6108652382,175.408441,8.969026733,70,1,1,safe,
0.745329252,0.7071286398,0.6981317008,175.408441,8.969026733,80,1,1,safe,
0.745329252,0.7071286398,0.7853981634,175.408441,8.969026733,90,1,1,safe,
0.745329252,0.7071286398,0.872664626,175.408441,8.969026733,100,1,1,safe,
0.745329252,0.7071286398,0.9599310886,175.408441,8.969026733,110,1,1,safe,
0.745329252,0.7071286398,1.047197551,175.408441,8.969026733,120,1,1,safe,
0.745329252,0.7071286398,1.134464014,175.408441,8.969026733,130,1,1,safe,
0.745329252,0.7071286398,1.221730476,175.408441,8.969026733,140,1,1,safe,
0.745329252,0.7071286398,1.308996939,175.408441,8.969026733,150,1,1,safe,
0.745329252,0.7071286398,1.396263402,175.408441,8.969026733,160,1,1,safe,
0.745329252,0.7071286398,1.483529864,175.408441,8.969026733,170,1,1,safe,
