<?xml version="1.0" encoding="utf-8"?>
<COLLADA xmlns="http://www.collada.org/2005/11/COLLADASchema" version="1.4.1">
  <asset>
    <contributor>
      <authoring_tool>Fusion URDF/XACRO Exporter</authoring_tool>
    </contributor>
    <created>2026-09-04T05:56:34Z</created>
    <modified>2026-09-04T05:56:34Z</modified>
    <unit name="meter" meter="1.0"/>
    <up_axis>Z_UP</up_axis>
  </asset>
  <library_effects>
    <effect id="Opaque_246_246_243_-effect">
      <profile_COMMON>
        <technique sid="common">
          <lambert>
            <emission><color>0 0 0 1</color></emission>
            <ambient><color>0.0000 0.0000 0.0000 1</color></ambient>
            <diffuse><color>0.9647 0.9647 0.9529 1</color></diffuse>
            <reflective><color>0 0 0 1</color></reflective>
            <transparent opaque="A_ONE"><color>1 1 1 1</color></transparent>
            <transparency><float>1</float></transparency>
          </lambert>
        </technique>
      </profile_COMMON>
    </effect>
  </library_effects>
  <library_materials>
    <material id="Opaque_246_246_243_" name="Opaque(246,246,243)">
      <instance_effect url="#Opaque_246_246_243_-effect"/>
    </material>
  </library_materials>
  <library_geometries>
    <geometry id="gripper_right_gear-mesh" name="gripper_right_gear">
      <mesh>
        <source id="gripper_right_gear-mesh-positions">
          <float_array id="gripper_right_gear-mesh-positions-array" count="7794">-0.012150 0.038349 0.004000 -0.012178 0.038107 0.004000 -0.012262 0.037878 0.004000 -0.012396 0.037674 0.004000 -0.012573 0.037507 0.004000 -0.012784 0.037385 0.004000 -0.013018 0.037315 0.004000 -0.013261 0.037301 0.004000 -0.013501 0.037343 0.004000 -0.013725 0.037440 0.004000 -0.013921 0.037585 0.004000 -0.014077 0.037772 0.004000 -0.014187 0.037990 0.004000 -0.014243 0.038227 0.004000 -0.014243 0.038471 0.004000 -0.014187 0.038708 0.004000 -0.014077 0.038926 0.004000 -0.013921 0.039113 0.004000 -0.013725 0.039258 0.004000 -0.013501 0.039355 0.004000 -0.013261 0.039397 0.004000 -0.013018 0.039383 0.004000 -0.012784 0.039313 0.004000 -0.012573 0.039191 0.004000 -0.012396 0.039024 0.004000 -0.012262 0.038820 0.004000 -0.012178 0.038591 0.004000 -0.012150 0.038349 0.007000 -0.012178 0.038591 0.007000 -0.012262 0.038820 0.007000 -0.012396 0.039024 0.007000 -0.012573 0.039191 0.007000 -0.012784 0.039313 0.007000 -0.013018 0.039383 0.007000 -0.013261 0.039397 0.007000 -0.013501 0.039355 0.007000 -0.013725 0.039258 0.007000 -0.013921 0.039113 0.007000 -0.014077 0.038926 0.007000 -0.014187 0.038708 0.007000 -0.014243 0.038471 0.007000 -0.014243 0.038227 0.007000 -0.014187 0.037990 0.007000 -0.014077 0.037772 0.007000 -0.013921 0.037585 0.007000 -0.013725 0.037440 0.007000 -0.013501 0.037343 0.007000 -0.013261 0.037301 0.007000 -0.013018 0.037315 0.007000 -0.012784 0.037385 0.007000 -0.012573 0.037507 0.007000 -0.012396 0.037674 0.007000 -0.012262 0.037878 0.007000 -0.012178 0.038107 0.007000 -0.002529 0.035849 0.007000 -0.002529 0.035849 0.004000 0.016800 0.035849 0.004000 0.016800 0.035849 0.007000 0.017850 0.038349 0.007000 0.017822 0.038591 0.007000 0.017738 0.038820 0.007000 0.017604 0.039024 0.007000 0.017427 0.039191 0.007000 0.017216 0.039313 0.007000 0.016982 0.039383 0.007000 0.016739 0.039397 0.007000 0.016499 0.039355 0.007000 0.016275 0.039258 0.007000 0.016079 0.039113 0.007000 0.015923 0.038926 0.007000 0.015813 0.038708 0.007000 0.015757 0.038471 0.007000 0.015757 0.038227 0.007000 0.015813 0.037990 0.007000 0.015923 0.037772 0.007000 0.016079 0.037585 0.007000 0.016275 0.037440 0.007000 0.016499 0.037343 0.007000 0.016739 0.037301 0.007000 0.016982 0.037315 0.007000 0.017216 0.037385 0.007000 0.017427 0.037507 0.007000 0.017604 0.037674 0.007000 0.017738 0.037878 0.007000 0.017822 0.038107 0.007000 0.017850 0.038349 0.004000 0.017822 0.038107 0.004000 0.017738 0.037878 0.004000 0.017604 0.037674 0.004000 0.017427 0.037507 0.004000 0.017216 0.037385 0.004000 0.016982 0.037315 0.004000 0.016739 0.037301 0.004000 0.016499 0.037343 0.004000 0.016275 0.037440 0.004000 0.016079 0.037585 0.004000 0.015923 0.037772 0.004000 0.015813 0.037990 0.004000 0.015757 0.038227 0.004000 0.015757 0.038471 0.004000 0.015813 0.038708 0.004000 0.015923 0.038926 0.004000 0.016079 0.039113 0.004000 0.016275 0.039258 0.004000 0.016499 0.039355 0.004000 0.016739 0.039397 0.004000 0.016982 0.039383 0.004000 0.017216 0.039313 0.004000 0.017427 0.039191 0.004000 0.017604 0.039024 0.004000 0.017738 0.038820 0.004000 0.017822 0.038591 0.004000 -0.002529 0.040849 0.004000 -0.002529 0.040849 0.007000 0.016800 0.040849 0.007000 0.016800 0.040849 0.004000 0.017173 0.040821 0.007000 0.017537 0.040738 0.007000 0.017885 0.040601 0.007000 0.018208 0.040415 0.007000 0.018500 0.040182 0.007000 0.018755 0.039908 0.007000 0.018965 0.039599 0.007000 0.019127 0.039262 0.007000 0.019237 0.038905 0.007000 0.019293 0.038536 0.007000 0.019293 0.038162 0.007000 0.019237 0.037793 0.007000 0.019127 0.037436 0.007000 0.018965 0.037099 0.007000 0.018755 0.036790 0.007000 0.018500 0.036516 0.007000 0.018208 0.036283 0.007000 0.017885 0.036097 0.007000 0.017537 0.035960 0.007000 0.017173 0.035877 0.007000 0.017173 0.035877 0.004000 0.017537 0.035960 0.004000 0.017885 0.036097 0.004000 0.018208 0.036283 0.004000 0.018500 0.036516 0.004000 0.018755 0.036790 0.004000 0.018965 0.037099 0.004000 0.019127 0.037436 0.004000 0.019237 0.037793 0.004000 0.019293 0.038162 0.004000 0.019293 0.038536 0.004000 0.019237 0.038905 0.004000 0.019127 0.039262 0.004000 0.018965 0.039599 0.004000 0.018755 0.039908 0.004000 0.018500 0.040182 0.004000 0.018208 0.040415 0.004000 0.017885 0.040601 0.004000 0.017537 0.040738 0.004000 0.017173 0.040821 0.004000 -0.002563 0.040991 0.004000 -0.002563 0.040991 0.007000 -0.002563 0.035707 0.004000 -0.002613 0.035512 0.004000 -0.002667 0.035319 0.004000 -0.002718 0.035146 0.004000 -0.002722 0.035119 0.004000 -0.002719 0.035096 0.004000 -0.002711 0.035072 0.004000 -0.002697 0.035047 0.004000 -0.002677 0.035021 0.004000 -0.002651 0.034995 0.004000 -0.002620 0.034969 0.004000 -0.002583 0.034942 0.004000 -0.002540 0.034916 0.004000 -0.002492 0.034890 0.004000 -0.002419 0.034856 0.004000 -0.002285 0.034787 0.004000 -0.002195 0.034734 0.004000 -0.002091 0.034666 0.004000 -0.001973 0.034582 0.004000 -0.001844 0.034481 0.004000 -0.001704 0.034363 0.004000 -0.001554 0.034225 0.004000 -0.001397 0.034067 0.004000 -0.001232 0.033888 0.004000 -0.001082 0.033710 0.004000 -0.001167 0.033492 0.004000 -0.001257 0.033275 0.004000 -0.001350 0.033061 0.004000 -0.001583 0.033041 0.004000 -0.001826 0.033031 0.004000 -0.002049 0.033030 0.004000 -0.002252 0.033039 0.004000 -0.002435 0.033054 0.004000 -0.002598 0.033074 0.004000 -0.002741 0.033098 0.004000 -0.002861 0.033124 0.004000 -0.002964 0.033150 0.004000 -0.003107 0.033196 0.004000 -0.003182 0.033223 0.004000 -0.003235 0.033239 0.004000 -0.003284 0.033251 0.004000 -0.003329 0.033258 0.004000 -0.003369 0.033261 0.004000 -0.003406 0.033261 0.004000 -0.003438 0.033257 0.004000 -0.003466 0.033249 0.004000 -0.003489 0.033238 0.004000 -0.003507 0.033224 0.004000 -0.003523 0.033203 0.004000 -0.003609 0.033044 0.004000 -0.003708 0.032869 0.004000 -0.003810 0.032696 0.004000 -0.003905 0.032542 0.004000 -0.003915 0.032517 0.004000 -0.003918 0.032495 0.004000 -0.003916 0.032469 0.004000 -0.003909 0.032441 0.004000 -0.003897 0.032411 0.004000 -0.003879 0.032379 0.004000 -0.003855 0.032346 0.004000 -0.003827 0.032310 0.004000 -0.003792 0.032274 0.004000 -0.003752 0.032236 0.004000 -0.003690 0.032185 0.004000 -0.003579 0.032084 0.004000 -0.003505 0.032008 0.004000 -0.003423 0.031916 0.004000 -0.003331 0.031805 0.004000 -0.003232 0.031674 0.004000 -0.003127 0.031523 0.004000 -0.003018 0.031351 0.004000 -0.002907 0.031158 0.004000 -0.002795 0.030942 0.004000 -0.002695 0.030731 0.004000 -0.002834 0.030543 0.004000 -0.002977 0.030357 0.004000 -0.003123 0.030174 0.004000 -0.003352 0.030215 0.004000 -0.003590 0.030268 0.004000 -0.003805 0.030326 0.004000 -0.004000 0.030386 0.004000 -0.004172 0.030448 0.004000 -0.004324 0.030510 0.004000 -0.004456 0.030570 0.004000 -0.004566 0.030626 0.004000 -0.004658 0.030677 0.004000 -0.004785 0.030759 0.004000 -0.004850 0.030805 0.004000 -0.004897 0.030834 0.004000 -0.004941 0.030858 0.004000 -0.004983 0.030877 0.004000 -0.005021 0.030891 0.004000 -0.005057 0.030900 0.004000 -0.005089 0.030904 0.004000 -0.005118 0.030904 0.004000 -0.005143 0.030899 0.004000 -0.005164 0.030890 0.004000 -0.005185 0.030873 0.004000 -0.005309 0.030742 0.004000 -0.005450 0.030599 0.004000 -0.005593 0.030458 0.004000 -0.005724 0.030334 0.004000 -0.005741 0.030313 0.004000 -0.005750 0.030292 0.004000 -0.005755 0.030267 0.004000 -0.005755 0.030238 0.004000 -0.005750 0.030206 0.004000 -0.005741 0.030170 0.004000 -0.005728 0.030132 0.004000 -0.005709 0.030090 0.004000 -0.005685 0.030046 0.004000 -0.005656 0.029999 0.004000 -0.005610 0.029934 0.004000 -0.005528 0.029807 0.004000 -0.005477 0.029715 0.004000 -0.005421 0.029605 0.004000 -0.005361 0.029473 0.004000 -0.005299 0.029321 0.004000 -0.005237 0.029149 0.004000 -0.005177 0.028954 0.004000 -0.005119 0.028739 0.004000 -0.005066 0.028502 0.004000 -0.005025 0.028272 0.004000 -0.005208 0.028126 0.004000 -0.005394 0.027983 0.004000 -0.005582 0.027844 0.004000 -0.005793 0.027944 0.004000 -0.006009 0.028056 0.004000 -0.006202 0.028167 0.004000 -0.006374 0.028276 0.004000 -0.006525 0.028381 0.004000 -0.006656 0.028480 0.004000 -0.006767 0.028572 0.004000 -0.006859 0.028654 0.004000 -0.006935 0.028728 0.004000 -0.007036 0.028840 0.004000 -0.007087 0.028901 0.004000 -0.007125 0.028941 0.004000 -0.007161 0.028976 0.004000 -0.007197 0.029004 0.004000 -0.007230 0.029028 0.004000 -0.007262 0.029046 0.004000 -0.007292 0.029058 0.004000 -0.007320 0.029065 0.004000 -0.007345 0.029067 0.004000 -0.007368 0.029064 0.004000 -0.007393 0.029054 0.004000 -0.007547 0.028959 0.004000 -0.007720 0.028857 0.004000 -0.007895 0.028758 0.004000 -0.008053 0.028672 0.004000 -0.008075 0.028656 0.004000 -0.008089 0.028638 0.004000 -0.008100 0.028615 0.004000 -0.008108 0.028587 0.004000 -0.008112 0.028555 0.004000 -0.008112 0.028519 0.004000 -0.008109 0.028478 0.004000 -0.008102 0.028433 0.004000 -0.008090 0.028384 0.004000 -0.008074 0.028331 0.004000 -0.008047 0.028256 0.004000 -0.008001 0.028113 0.004000 -0.007975 0.028011 0.004000 -0.007949 0.027890 0.004000 -0.007925 0.027747 0.004000 -0.007905 0.027584 0.004000 -0.007890 0.027401 0.004000 -0.007881 0.027198 0.004000 -0.007882 0.026975 0.004000 -0.007892 0.026732 0.004000 -0.007911 0.026499 0.004000 -0.008126 0.026406 0.004000 -0.008343 0.026316 0.004000 -0.008561 0.026231 0.004000 -0.008739 0.026381 0.004000 -0.008918 0.026546 0.004000 -0.009076 0.026703 0.004000 -0.009214 0.026853 0.004000 -0.009332 0.026993 0.004000 -0.009433 0.027122 0.004000 -0.009517 0.027240 0.004000 -0.009584 0.027344 0.004000 -0.009638 0.027434 0.004000 -0.009707 0.027568 0.004000 -0.009741 0.027641 0.004000 -0.009767 0.027689 0.004000 -0.009793 0.027732 0.004000 -0.009820 0.027769 0.004000 -0.009846 0.027800 0.004000 -0.009872 0.027826 0.004000 -0.009898 0.027846 0.004000 -0.009923 0.027860 0.004000 -0.009947 0.027868 0.004000 -0.009970 0.027871 0.004000 -0.009997 0.027867 0.004000 -0.010170 0.027816 0.004000 -0.010363 0.027762 0.004000 -0.010558 0.027712 0.004000 -0.010733 0.027670 0.004000 -0.010758 0.027660 0.004000 -0.010777 0.027646 0.004000 -0.010793 0.027627 0.004000 -0.010808 0.027602 0.004000 -0.010820 0.027572 0.004000 -0.010830 0.027537 0.004000 -0.010837 0.027496 0.004000 -0.010842 0.027451 0.004000 -0.010843 0.027401 0.004000 -0.010842 0.027346 0.004000 -0.010834 0.027266 0.004000 -0.010827 0.027116 0.004000 -0.010828 0.027010 0.004000 -0.010835 0.026887 0.004000 -0.010849 0.026743 0.004000 -0.010871 0.026580 0.004000 -0.010904 0.026400 0.004000 -0.010949 0.026201 0.004000 -0.011007 0.025986 0.004000 -0.011080 0.025754 0.004000 -0.011159 0.025534 0.004000 -0.011390 0.025500 0.004000 -0.011622 0.025469 0.004000 -0.011855 0.025443 0.004000 -0.011988 0.025634 0.004000 -0.012119 0.025840 0.004000 -0.012231 0.026033 0.004000 -0.012325 0.026213 0.004000 -0.012403 0.026378 0.004000 -0.012467 0.026530 0.004000 -0.012518 0.026665 0.004000 -0.012556 0.026783 0.004000 -0.012585 0.026884 0.004000 -0.012616 0.027032 0.004000 -0.012630 0.027110 0.004000 -0.012643 0.027164 0.004000 -0.012657 0.027212 0.004000 -0.012673 0.027255 0.004000 -0.012691 0.027292 0.004000 -0.012709 0.027323 0.004000 -0.012729 0.027349 0.004000 -0.012750 0.027369 0.004000 -0.012771 0.027384 0.004000 -0.012792 0.027392 0.004000 -0.012819 0.027395 0.004000 -0.012999 0.027391 0.004000 -0.013200 0.027389 0.004000 -0.013401 0.027391 0.004000 -0.013581 0.027395 0.004000 -0.013608 0.027392 0.004000 -0.013629 0.027384 0.004000 -0.013650 0.027369 0.004000 -0.013671 0.027349 0.004000 -0.013691 0.027323 0.004000 -0.013709 0.027292 0.004000 -0.013727 0.027255 0.004000 -0.013743 0.027212 0.004000 -0.013757 0.027164 0.004000 -0.013770 0.027110 0.004000 -0.013784 0.027032 0.004000 -0.013815 0.026884 0.004000 -0.013844 0.026783 0.004000 -0.013882 0.026665 0.004000 -0.013933 0.026530 0.004000 -0.013997 0.026378 0.004000 -0.014075 0.026213 0.004000 -0.014169 0.026033 0.004000 -0.014281 0.025840 0.004000 -0.014412 0.025634 0.004000 -0.014545 0.025443 0.004000 -0.014778 0.025469 0.004000 -0.015010 0.025500 0.004000 -0.015241 0.025534 0.004000 -0.015320 0.025754 0.004000 -0.015393 0.025986 0.004000 -0.015451 0.026201 0.004000 -0.015496 0.026400 0.004000 -0.015529 0.026580 0.004000 -0.015551 0.026743 0.004000 -0.015565 0.026887 0.004000 -0.015572 0.027010 0.004000 -0.015573 0.027116 0.004000 -0.015566 0.027266 0.004000 -0.015558 0.027346 0.004000 -0.015557 0.027401 0.004000 -0.015558 0.027451 0.004000 -0.015563 0.027496 0.004000 -0.015570 0.027537 0.004000 -0.015580 0.027572 0.004000 -0.015592 0.027602 0.004000 -0.015607 0.027627 0.004000 -0.015623 0.027646 0.004000 -0.015642 0.027660 0.004000 -0.015667 0.027670 0.004000 -0.015842 0.027712 0.004000 -0.016037 0.027762 0.004000 -0.016230 0.027816 0.004000 -0.016403 0.027867 0.004000 -0.016430 0.027871 0.004000 -0.016453 0.027868 0.004000 -0.016477 0.027860 0.004000 -0.016502 0.027846 0.004000 -0.016528 0.027826 0.004000 -0.016554 0.027800 0.004000 -0.016580 0.027769 0.004000 -0.016607 0.027732 0.004000 -0.016633 0.027689 0.004000 -0.016659 0.027641 0.004000 -0.016693 0.027568 0.004000 -0.016762 0.027434 0.004000 -0.016816 0.027344 0.004000 -0.016883 0.027240 0.004000 -0.016967 0.027122 0.004000 -0.017068 0.026993 0.004000 -0.017186 0.026853 0.004000 -0.017324 0.026703 0.004000 -0.017482 0.026546 0.004000 -0.017661 0.026381 0.004000 -0.017839 0.026231 0.004000 -0.018057 0.026316 0.004000 -0.018274 0.026406 0.004000 -0.018489 0.026499 0.004000 -0.018508 0.026732 0.004000 -0.018518 0.026975 0.004000 -0.018519 0.027198 0.004000 -0.018510 0.027401 0.004000 -0.018495 0.027584 0.004000 -0.018475 0.027747 0.004000 -0.018451 0.027890 0.004000 -0.018425 0.028011 0.004000 -0.018399 0.028113 0.004000 -0.018353 0.028256 0.004000 -0.018326 0.028331 0.004000 -0.018310 0.028384 0.004000 -0.018298 0.028433 0.004000 -0.018291 0.028478 0.004000 -0.018288 0.028519 0.004000 -0.018288 0.028555 0.004000 -0.018292 0.028587 0.004000 -0.018300 0.028615 0.004000 -0.018311 0.028638 0.004000 -0.018325 0.028656 0.004000 -0.018347 0.028672 0.004000 -0.018505 0.028758 0.004000 -0.018680 0.028857 0.004000 -0.018853 0.028959 0.004000 -0.019007 0.029054 0.004000 -0.019032 0.029064 0.004000 -0.019055 0.029067 0.004000 -0.019080 0.029065 0.004000 -0.019108 0.029058 0.004000 -0.019138 0.029046 0.004000 -0.019170 0.029028 0.004000 -0.019203 0.029004 0.004000 -0.019239 0.028976 0.004000 -0.019275 0.028941 0.004000 -0.019313 0.028901 0.004000 -0.019364 0.028840 0.004000 -0.019465 0.028728 0.004000 -0.019541 0.028654 0.004000 -0.019633 0.028572 0.004000 -0.019744 0.028480 0.004000 -0.019875 0.028381 0.004000 -0.020026 0.028276 0.004000 -0.020198 0.028167 0.004000 -0.020391 0.028056 0.004000 -0.020607 0.027944 0.004000 -0.020818 0.027844 0.004000 -0.021006 0.027983 0.004000 -0.021192 0.028126 0.004000 -0.021375 0.028272 0.004000 -0.021334 0.028502 0.004000 -0.021281 0.028739 0.004000 -0.021223 0.028954 0.004000 -0.021163 0.029149 0.004000 -0.021101 0.029321 0.004000 -0.021039 0.029473 0.004000 -0.020979 0.029605 0.004000 -0.020923 0.029715 0.004000 -0.020872 0.029807 0.004000 -0.020790 0.029934 0.004000 -0.020744 0.029999 0.004000 -0.020715 0.030046 0.004000 -0.020691 0.030090 0.004000 -0.020672 0.030132 0.004000 -0.020659 0.030170 0.004000 -0.020650 0.030206 0.004000 -0.020645 0.030238 0.004000 -0.020645 0.030267 0.004000 -0.020650 0.030292 0.004000 -0.020659 0.030313 0.004000 -0.020676 0.030334 0.004000 -0.020807 0.030458 0.004000 -0.020950 0.030599 0.004000 -0.021091 0.030742 0.004000 -0.021215 0.030873 0.004000 -0.021236 0.030890 0.004000 -0.021257 0.030899 0.004000 -0.021282 0.030904 0.004000 -0.021311 0.030904 0.004000 -0.021343 0.030900 0.004000 -0.021379 0.030891 0.004000 -0.021417 0.030877 0.004000 -0.021459 0.030858 0.004000 -0.021503 0.030834 0.004000 -0.021550 0.030805 0.004000 -0.021615 0.030759 0.004000 -0.021742 0.030677 0.004000 -0.021834 0.030626 0.004000 -0.021944 0.030570 0.004000 -0.022076 0.030510 0.004000 -0.022228 0.030448 0.004000 -0.022400 0.030386 0.004000 -0.022595 0.030326 0.004000 -0.022810 0.030268 0.004000 -0.023048 0.030215 0.004000 -0.023277 0.030174 0.004000 -0.023423 0.030357 0.004000 -0.023566 0.030543 0.004000 -0.023705 0.030731 0.004000 -0.023605 0.030942 0.004000 -0.023493 0.031158 0.004000 -0.023382 0.031351 0.004000 -0.023273 0.031523 0.004000 -0.023168 0.031674 0.004000 -0.023069 0.031805 0.004000 -0.022977 0.031916 0.004000 -0.022895 0.032008 0.004000 -0.022821 0.032084 0.004000 -0.022710 0.032185 0.004000 -0.022648 0.032236 0.004000 -0.022608 0.032274 0.004000 -0.022573 0.032310 0.004000 -0.022545 0.032346 0.004000 -0.022521 0.032379 0.004000 -0.022503 0.032411 0.004000 -0.022491 0.032441 0.004000 -0.022484 0.032469 0.004000 -0.022482 0.032495 0.004000 -0.022485 0.032517 0.004000 -0.022495 0.032542 0.004000 -0.022590 0.032696 0.004000 -0.022692 0.032869 0.004000 -0.022791 0.033044 0.004000 -0.022877 0.033203 0.004000 -0.022893 0.033224 0.004000 -0.022911 0.033238 0.004000 -0.022934 0.033249 0.004000 -0.022962 0.033257 0.004000 -0.022994 0.033261 0.004000 -0.023031 0.033261 0.004000 -0.023071 0.033258 0.004000 -0.023116 0.033251 0.004000 -0.023165 0.033239 0.004000 -0.023218 0.033223 0.004000 -0.023293 0.033196 0.004000 -0.023436 0.033150 0.004000 -0.023539 0.033124 0.004000 -0.023659 0.033098 0.004000 -0.023802 0.033074 0.004000 -0.023965 0.033054 0.004000 -0.024148 0.033039 0.004000 -0.024351 0.033030 0.004000 -0.024574 0.033031 0.004000 -0.024817 0.033041 0.004000 -0.025050 0.033061 0.004000 -0.025143 0.033275 0.004000 -0.025233 0.033492 0.004000 -0.025318 0.033710 0.004000 -0.025168 0.033888 0.004000 -0.025003 0.034067 0.004000 -0.024846 0.034225 0.004000 -0.024696 0.034363 0.004000 -0.024556 0.034481 0.004000 -0.024427 0.034582 0.004000 -0.024309 0.034666 0.004000 -0.024205 0.034734 0.004000 -0.024115 0.034787 0.004000 -0.023981 0.034856 0.004000 -0.023908 0.034890 0.004000 -0.023860 0.034916 0.004000 -0.023817 0.034942 0.004000 -0.023780 0.034969 0.004000 -0.023749 0.034995 0.004000 -0.023723 0.035021 0.004000 -0.023703 0.035047 0.004000 -0.023689 0.035072 0.004000 -0.023681 0.035096 0.004000 -0.023678 0.035119 0.004000 -0.023682 0.035146 0.004000 -0.023733 0.035319 0.004000 -0.023787 0.035512 0.004000 -0.023837 0.035707 0.004000 -0.023879 0.035882 0.004000 -0.023889 0.035907 0.004000 -0.023903 0.035926 0.004000 -0.023922 0.035942 0.004000 -0.023947 0.035957 0.004000 -0.023977 0.035969 0.004000 -0.024012 0.035979 0.004000 -0.024053 0.035987 0.004000 -0.024098 0.035991 0.004000 -0.024148 0.035992 0.004000 -0.024203 0.035991 0.004000 -0.024283 0.035983 0.004000 -0.024433 0.035976 0.004000 -0.024539 0.035978 0.004000 -0.024662 0.035984 0.004000 -0.024806 0.035998 0.004000 -0.024969 0.036020 0.004000 -0.025149 0.036053 0.004000 -0.025348 0.036098 0.004000 -0.025563 0.036156 0.004000 -0.025795 0.036229 0.004000 -0.026015 0.036308 0.004000 -0.026049 0.036539 0.004000 -0.026080 0.036772 0.004000 -0.026106 0.037004 0.004000 -0.025915 0.037137 0.004000 -0.025709 0.037268 0.004000 -0.025516 0.037380 0.004000 -0.025336 0.037474 0.004000 -0.025171 0.037552 0.004000 -0.025019 0.037616 0.004000 -0.024884 0.037667 0.004000 -0.024766 0.037705 0.004000 -0.024665 0.037734 0.004000 -0.024518 0.037766 0.004000 -0.024439 0.037779 0.004000 -0.024385 0.037792 0.004000 -0.024337 0.037806 0.004000 -0.024294 0.037822 0.004000 -0.024257 0.037840 0.004000 -0.024226 0.037858 0.004000 -0.024200 0.037878 0.004000 -0.024180 0.037899 0.004000 -0.024165 0.037920 0.004000 -0.024157 0.037941 0.004000 -0.024154 0.037968 0.004000 -0.024158 0.038148 0.004000 -0.024160 0.038349 0.004000 -0.024158 0.038550 0.004000 -0.024154 0.038730 0.004000 -0.024157 0.038757 0.004000 -0.024165 0.038778 0.004000 -0.024180 0.038799 0.004000 -0.024200 0.038820 0.004000 -0.024226 0.038840 0.004000 -0.024257 0.038858 0.004000 -0.024294 0.038876 0.004000 -0.024337 0.038892 0.004000 -0.024385 0.038906 0.004000 -0.024439 0.038919 0.004000 -0.024518 0.038933 0.004000 -0.024665 0.038964 0.004000 -0.024766 0.038993 0.004000 -0.024884 0.039031 0.004000 -0.025019 0.039082 0.004000 -0.025171 0.039146 0.004000 -0.025336 0.039224 0.004000 -0.025516 0.039319 0.004000 -0.025709 0.039430 0.004000 -0.025915 0.039561 0.004000 -0.026106 0.039694 0.004000 -0.026080 0.039927 0.004000 -0.026049 0.040159 0.004000 -0.026015 0.040390 0.004000 -0.025795 0.040469 0.004000 -0.025563 0.040542 0.004000 -0.025348 0.040600 0.004000 -0.025149 0.040645 0.004000 -0.024969 0.040678 0.004000 -0.024806 0.040700 0.004000 -0.024662 0.040714 0.004000 -0.024539 0.040721 0.004000 -0.024433 0.040722 0.004000 -0.024283 0.040715 0.004000 -0.024203 0.040707 0.004000 -0.024148 0.040706 0.004000 -0.024098 0.040707 0.004000 -0.024053 0.040712 0.004000 -0.024012 0.040719 0.004000 -0.023977 0.040729 0.004000 -0.023947 0.040741 0.004000 -0.023922 0.040756 0.004000 -0.023903 0.040772 0.004000 -0.023889 0.040791 0.004000 -0.023879 0.040816 0.004000 -0.023837 0.040991 0.004000 -0.023787 0.041186 0.004000 -0.023733 0.041379 0.004000 -0.023682 0.041552 0.004000 -0.023678 0.041579 0.004000 -0.023681 0.041602 0.004000 -0.023689 0.041626 0.004000 -0.023703 0.041651 0.004000 -0.023723 0.041677 0.004000 -0.023749 0.041703 0.004000 -0.023780 0.041729 0.004000 -0.023817 0.041756 0.004000 -0.023860 0.041782 0.004000 -0.023908 0.041808 0.004000 -0.023981 0.041842 0.004000 -0.024115 0.041911 0.004000 -0.024205 0.041965 0.004000 -0.024309 0.042032 0.004000 -0.024427 0.042116 0.004000 -0.024556 0.042217 0.004000 -0.024696 0.042335 0.004000 -0.024846 0.042473 0.004000 -0.025003 0.042631 0.004000 -0.025168 0.042810 0.004000 -0.025318 0.042988 0.004000 -0.025233 0.043206 0.004000 -0.025143 0.043423 0.004000 -0.025050 0.043638 0.004000 -0.024817 0.043657 0.004000 -0.024574 0.043667 0.004000 -0.024351 0.043668 0.004000 -0.024148 0.043659 0.004000 -0.023965 0.043644 0.004000 -0.023802 0.043624 0.004000 -0.023659 0.043600 0.004000 -0.023539 0.043574 0.004000 -0.023436 0.043548 0.004000 -0.023293 0.043502 0.004000 -0.023218 0.043475 0.004000 -0.023165 0.043459 0.004000 -0.023116 0.043447 0.004000 -0.023071 0.043440 0.004000 -0.023031 0.043437 0.004000 -0.022994 0.043437 0.004000 -0.022962 0.043441 0.004000 -0.022934 0.043449 0.004000 -0.022911 0.043460 0.004000 -0.022893 0.043474 0.004000 -0.022877 0.043496 0.004000 -0.022791 0.043654 0.004000 -0.022692 0.043829 0.004000 -0.022590 0.044002 0.004000 -0.022495 0.044156 0.004000 -0.022485 0.044181 0.004000 -0.022482 0.044204 0.004000 -0.022484 0.044229 0.004000 -0.022491 0.044257 0.004000 -0.022503 0.044287 0.004000 -0.022521 0.044319 0.004000 -0.022545 0.044352 0.004000 -0.022573 0.044388 0.004000 -0.022608 0.044424 0.004000 -0.022648 0.044462 0.004000 -0.022710 0.044513 0.004000 -0.022821 0.044614 0.004000 -0.022895 0.044690 0.004000 -0.022977 0.044782 0.004000 -0.023069 0.044893 0.004000 -0.023168 0.045024 0.004000 -0.023273 0.045175 0.004000 -0.023382 0.045347 0.004000 -0.023493 0.045540 0.004000 -0.023605 0.045756 0.004000 -0.023705 0.045967 0.004000 -0.023566 0.046155 0.004000 -0.023423 0.046341 0.004000 -0.023277 0.046524 0.004000 -0.023048 0.046483 0.004000 -0.022810 0.046430 0.004000 -0.022595 0.046373 0.004000 -0.022400 0.046312 0.004000 -0.022228 0.046250 0.004000 -0.022076 0.046188 0.004000 -0.021944 0.046128 0.004000 -0.021834 0.046072 0.004000 -0.021742 0.046021 0.004000 -0.021615 0.045939 0.004000 -0.021550 0.045893 0.004000 -0.021503 0.045864 0.004000 -0.021459 0.045840 0.004000 -0.021417 0.045821 0.004000 -0.021379 0.045808 0.004000 -0.021343 0.045799 0.004000 -0.021311 0.045794 0.004000 -0.021282 0.045794 0.004000 -0.021257 0.045799 0.004000 -0.021236 0.045808 0.004000 -0.021215 0.045825 0.004000 -0.021091 0.045956 0.004000 -0.020950 0.046099 0.004000 -0.020807 0.046240 0.004000 -0.020676 0.046364 0.004000 -0.020659 0.046385 0.004000 -0.020650 0.046406 0.004000 -0.020645 0.046431 0.004000 -0.020645 0.046460 0.004000 -0.020650 0.046492 0.004000 -0.020659 0.046528 0.004000 -0.020672 0.046566 0.004000 -0.020691 0.046608 0.004000 -0.020715 0.046652 0.004000 -0.020744 0.046699 0.004000 -0.020790 0.046764 0.004000 -0.020872 0.046891 0.004000 -0.020923 0.046983 0.004000 -0.020979 0.047093 0.004000 -0.021039 0.047225 0.004000 -0.021101 0.047377 0.004000 -0.021163 0.047549 0.004000 -0.021223 0.047744 0.004000 -0.021281 0.047959 0.004000 -0.021334 0.048197 0.004000 -0.021375 0.048426 0.004000 -0.021192 0.048572 0.004000 -0.021006 0.048715 0.004000 -0.020818 0.048854 0.004000 -0.020607 0.048754 0.004000 -0.020391 0.048642 0.004000 -0.020198 0.048531 0.004000 -0.020026 0.048422 0.004000 -0.019875 0.048317 0.004000 -0.019744 0.048218 0.004000 -0.019633 0.048126 0.004000 -0.019541 0.048044 0.004000 -0.019465 0.047970 0.004000 -0.019364 0.047859 0.004000 -0.019313 0.047797 0.004000 -0.019275 0.047757 0.004000 -0.019239 0.047723 0.004000 -0.019203 0.047694 0.004000 -0.019170 0.047670 0.004000 -0.019138 0.047652 0.004000 -0.019108 0.047640 0.004000 -0.019080 0.047633 0.004000 -0.019055 0.047631 0.004000 -0.019032 0.047634 0.004000 -0.019007 0.047645 0.004000 -0.018853 0.047739 0.004000 -0.018680 0.047841 0.004000 -0.018505 0.047940 0.004000 -0.018347 0.048026 0.004000 -0.018325 0.048042 0.004000 -0.018311 0.048060 0.004000 -0.018300 0.048083 0.004000 -0.018292 0.048111 0.004000 -0.018288 0.048143 0.004000 -0.018288 0.048180 0.004000 -0.018291 0.048220 0.004000 -0.018298 0.048265 0.004000 -0.018310 0.048314 0.004000 -0.018326 0.048367 0.004000 -0.018353 0.048442 0.004000 -0.018399 0.048585 0.004000 -0.018425 0.048688 0.004000 -0.018451 0.048809 0.004000 -0.018475 0.048951 0.004000 -0.018495 0.049114 0.004000 -0.018510 0.049297 0.004000 -0.018519 0.049500 0.004000 -0.018518 0.049723 0.004000 -0.018508 0.049966 0.004000 -0.018489 0.050199 0.004000 -0.018274 0.050292 0.004000 -0.018057 0.050382 0.004000 -0.017839 0.050468 0.004000 -0.017661 0.050317 0.004000 -0.017482 0.050152 0.004000 -0.017324 0.049995 0.004000 -0.017186 0.049845 0.004000 -0.017068 0.049706 0.004000 -0.016967 0.049576 0.004000 -0.016883 0.049458 0.004000 -0.016816 0.049354 0.004000 -0.016762 0.049264 0.004000 -0.016693 0.049130 0.004000 -0.016659 0.049057 0.004000 -0.016633 0.049009 0.004000 -0.016607 0.048966 0.004000 -0.016580 0.048929 0.004000 -0.016554 0.048898 0.004000 -0.016528 0.048872 0.004000 -0.016502 0.048852 0.004000 -0.016477 0.048838 0.004000 -0.016453 0.048830 0.004000 -0.016430 0.048827 0.004000 -0.016403 0.048831 0.004000 -0.016230 0.048882 0.004000 -0.016037 0.048936 0.004000 -0.015842 0.048986 0.004000 -0.015667 0.049028 0.004000 -0.015642 0.049038 0.004000 -0.015623 0.049052 0.004000 -0.015607 0.049071 0.004000 -0.015592 0.049096 0.004000 -0.015580 0.049126 0.004000 -0.015570 0.049161 0.004000 -0.015563 0.049202 0.004000 -0.015558 0.049247 0.004000 -0.015557 0.049297 0.004000 -0.015558 0.049352 0.004000 -0.015566 0.049432 0.004000 -0.015573 0.049582 0.004000 -0.015572 0.049688 0.004000 -0.015565 0.049811 0.004000 -0.015551 0.049955 0.004000 -0.015529 0.050118 0.004000 -0.015496 0.050298 0.004000 -0.015451 0.050497 0.004000 -0.015393 0.050712 0.004000 -0.015320 0.050944 0.004000 -0.015241 0.051164 0.004000 -0.015010 0.051198 0.004000 -0.014778 0.051229 0.004000 -0.014545 0.051255 0.004000 -0.014412 0.051064 0.004000 -0.014281 0.050858 0.004000 -0.014169 0.050665 0.004000 -0.014075 0.050485 0.004000 -0.013997 0.050320 0.004000 -0.013933 0.050168 0.004000 -0.013882 0.050033 0.004000 -0.013844 0.049915 0.004000 -0.013815 0.049814 0.004000 -0.013784 0.049667 0.004000 -0.013770 0.049588 0.004000 -0.013757 0.049534 0.004000 -0.013743 0.049486 0.004000 -0.013727 0.049443 0.004000 -0.013709 0.049406 0.004000 -0.013691 0.049375 0.004000 -0.013671 0.049349 0.004000 -0.013650 0.049329 0.004000 -0.013629 0.049314 0.004000 -0.013608 0.049306 0.004000 -0.013581 0.049303 0.004000 -0.013401 0.049308 0.004000 -0.013200 0.049309 0.004000 -0.012999 0.049308 0.004000 -0.012819 0.049303 0.004000 -0.012792 0.049306 0.004000 -0.012771 0.049314 0.004000 -0.012750 0.049329 0.004000 -0.012729 0.049349 0.004000 -0.012709 0.049375 0.004000 -0.012691 0.049406 0.004000 -0.012673 0.049443 0.004000 -0.012657 0.049486 0.004000 -0.012643 0.049534 0.004000 -0.012630 0.049588 0.004000 -0.012616 0.049667 0.004000 -0.012585 0.049814 0.004000 -0.012556 0.049915 0.004000 -0.012518 0.050033 0.004000 -0.012467 0.050168 0.004000 -0.012403 0.050320 0.004000 -0.012325 0.050485 0.004000 -0.012231 0.050665 0.004000 -0.012119 0.050858 0.004000 -0.011988 0.051064 0.004000 -0.011855 0.051255 0.004000 -0.011622 0.051229 0.004000 -0.011390 0.051198 0.004000 -0.011159 0.051164 0.004000 -0.011080 0.050944 0.004000 -0.011007 0.050712 0.004000 -0.010949 0.050497 0.004000 -0.010904 0.050298 0.004000 -0.010871 0.050118 0.004000 -0.010849 0.049955 0.004000 -0.010835 0.049811 0.004000 -0.010828 0.049688 0.004000 -0.010827 0.049582 0.004000 -0.010834 0.049432 0.004000 -0.010842 0.049352 0.004000 -0.010843 0.049297 0.004000 -0.010842 0.049247 0.004000 -0.010837 0.049202 0.004000 -0.010830 0.049161 0.004000 -0.010820 0.049126 0.004000 -0.010808 0.049096 0.004000 -0.010793 0.049071 0.004000 -0.010777 0.049052 0.004000 -0.010758 0.049038 0.004000 -0.010733 0.049028 0.004000 -0.010558 0.048986 0.004000 -0.010363 0.048936 0.004000 -0.010170 0.048882 0.004000 -0.009997 0.048831 0.004000 -0.009970 0.048827 0.004000 -0.009947 0.048830 0.004000 -0.009923 0.048838 0.004000 -0.009898 0.048852 0.004000 -0.009872 0.048872 0.004000 -0.009846 0.048898 0.004000 -0.009820 0.048929 0.004000 -0.009793 0.048966 0.004000 -0.009767 0.049009 0.004000 -0.009741 0.049057 0.004000 -0.009707 0.049130 0.004000 -0.009638 0.049264 0.004000 -0.009584 0.049354 0.004000 -0.009517 0.049458 0.004000 -0.009433 0.049576 0.004000 -0.009332 0.049706 0.004000 -0.009214 0.049845 0.004000 -0.009076 0.049995 0.004000 -0.008918 0.050152 0.004000 -0.008739 0.050317 0.004000 -0.008561 0.050468 0.004000 -0.008343 0.050382 0.004000 -0.008126 0.050292 0.004000 -0.007911 0.050199 0.004000 -0.007892 0.049966 0.004000 -0.007882 0.049723 0.004000 -0.007881 0.049500 0.004000 -0.007890 0.049297 0.004000 -0.007905 0.049114 0.004000 -0.007925 0.048951 0.004000 -0.007949 0.048809 0.004000 -0.007975 0.048688 0.004000 -0.008001 0.048585 0.004000 -0.008047 0.048442 0.004000 -0.008074 0.048367 0.004000 -0.008090 0.048314 0.004000 -0.008102 0.048265 0.004000 -0.008109 0.048220 0.004000 -0.008112 0.048180 0.004000 -0.008112 0.048143 0.004000 -0.008108 0.048111 0.004000 -0.008100 0.048083 0.004000 -0.008089 0.048060 0.004000 -0.008075 0.048042 0.004000 -0.008053 0.048026 0.004000 -0.007895 0.047940 0.004000 -0.007720 0.047841 0.004000 -0.007547 0.047739 0.004000 -0.007393 0.047645 0.004000 -0.007368 0.047634 0.004000 -0.007345 0.047631 0.004000 -0.007320 0.047633 0.004000 -0.007292 0.047640 0.004000 -0.007262 0.047652 0.004000 -0.007230 0.047670 0.004000 -0.007197 0.047694 0.004000 -0.007161 0.047723 0.004000 -0.007125 0.047757 0.004000 -0.007087 0.047797 0.004000 -0.007036 0.047859 0.004000 -0.006935 0.047970 0.004000 -0.006859 0.048044 0.004000 -0.006767 0.048126 0.004000 -0.006656 0.048218 0.004000 -0.006525 0.048317 0.004000 -0.006374 0.048422 0.004000 -0.006202 0.048531 0.004000 -0.006009 0.048642 0.004000 -0.005793 0.048754 0.004000 -0.005582 0.048854 0.004000 -0.005394 0.048715 0.004000 -0.005208 0.048572 0.004000 -0.005025 0.048426 0.004000 -0.005066 0.048197 0.004000 -0.005119 0.047959 0.004000 -0.005177 0.047744 0.004000 -0.005237 0.047549 0.004000 -0.005299 0.047377 0.004000 -0.005361 0.047225 0.004000 -0.005421 0.047093 0.004000 -0.005477 0.046983 0.004000 -0.005528 0.046891 0.004000 -0.005610 0.046764 0.004000 -0.005656 0.046699 0.004000 -0.005685 0.046652 0.004000 -0.005709 0.046608 0.004000 -0.005728 0.046566 0.004000 -0.005741 0.046528 0.004000 -0.005750 0.046492 0.004000 -0.005755 0.046460 0.004000 -0.005755 0.046431 0.004000 -0.005750 0.046406 0.004000 -0.005741 0.046385 0.004000 -0.005724 0.046364 0.004000 -0.005593 0.046240 0.004000 -0.005450 0.046099 0.004000 -0.005309 0.045956 0.004000 -0.005185 0.045825 0.004000 -0.005164 0.045808 0.004000 -0.005143 0.045799 0.004000 -0.005118 0.045794 0.004000 -0.005089 0.045794 0.004000 -0.005057 0.045799 0.004000 -0.005021 0.045808 0.004000 -0.004983 0.045821 0.004000 -0.004941 0.045840 0.004000 -0.004897 0.045864 0.004000 -0.004850 0.045893 0.004000 -0.004785 0.045939 0.004000 -0.004658 0.046021 0.004000 -0.004566 0.046072 0.004000 -0.004456 0.046128 0.004000 -0.004324 0.046188 0.004000 -0.004172 0.046250 0.004000 -0.004000 0.046312 0.004000 -0.003805 0.046373 0.004000 -0.003590 0.046430 0.004000 -0.003352 0.046483 0.004000 -0.003123 0.046524 0.004000 -0.002977 0.046341 0.004000 -0.002834 0.046155 0.004000 -0.002695 0.045967 0.004000 -0.002795 0.045756 0.004000 -0.002907 0.045540 0.004000 -0.003018 0.045347 0.004000 -0.003127 0.045175 0.004000 -0.003232 0.045024 0.004000 -0.003331 0.044893 0.004000 -0.003423 0.044782 0.004000 -0.003505 0.044690 0.004000 -0.003579 0.044614 0.004000 -0.003690 0.044513 0.004000 -0.003752 0.044462 0.004000 -0.003792 0.044424 0.004000 -0.003827 0.044388 0.004000 -0.003855 0.044352 0.004000 -0.003879 0.044319 0.004000 -0.003897 0.044287 0.004000 -0.003909 0.044257 0.004000 -0.003916 0.044229 0.004000 -0.003918 0.044204 0.004000 -0.003915 0.044181 0.004000 -0.003905 0.044156 0.004000 -0.003810 0.044002 0.004000 -0.003708 0.043829 0.004000 -0.003609 0.043654 0.004000 -0.003523 0.043496 0.004000 -0.003507 0.043474 0.004000 -0.003489 0.043460 0.004000 -0.003466 0.043449 0.004000 -0.003438 0.043441 0.004000 -0.003406 0.043437 0.004000 -0.003369 0.043437 0.004000 -0.003329 0.043440 0.004000 -0.003284 0.043447 0.004000 -0.003235 0.043459 0.004000 -0.003182 0.043475 0.004000 -0.003107 0.043502 0.004000 -0.002964 0.043548 0.004000 -0.002861 0.043574 0.004000 -0.002741 0.043600 0.004000 -0.002598 0.043624 0.004000 -0.002435 0.043644 0.004000 -0.002252 0.043659 0.004000 -0.002049 0.043668 0.004000 -0.001826 0.043667 0.004000 -0.001583 0.043657 0.004000 -0.001350 0.043638 0.004000 -0.001257 0.043423 0.004000 -0.001167 0.043206 0.004000 -0.001082 0.042988 0.004000 -0.001232 0.042810 0.004000 -0.001397 0.042631 0.004000 -0.001554 0.042473 0.004000 -0.001704 0.042335 0.004000 -0.001844 0.042217 0.004000 -0.001973 0.042116 0.004000 -0.002091 0.042032 0.004000 -0.002195 0.041965 0.004000 -0.002285 0.041911 0.004000 -0.002419 0.041842 0.004000 -0.002492 0.041808 0.004000 -0.002540 0.041782 0.004000 -0.002583 0.041756 0.004000 -0.002620 0.041729 0.004000 -0.002651 0.041703 0.004000 -0.002677 0.041677 0.004000 -0.002697 0.041651 0.004000 -0.002711 0.041626 0.004000 -0.002719 0.041602 0.004000 -0.002722 0.041579 0.004000 -0.002718 0.041552 0.004000 -0.002667 0.041379 0.004000 -0.002613 0.041186 0.004000 -0.008739 0.050317 0.007000 -0.008561 0.050468 0.007000 -0.008918 0.050152 0.007000 -0.009076 0.049995 0.007000 -0.009214 0.049845 0.007000 -0.009332 0.049706 0.007000 -0.009433 0.049576 0.007000 -0.009517 0.049458 0.007000 -0.009584 0.049354 0.007000 -0.009638 0.049264 0.007000 -0.009707 0.049130 0.007000 -0.009741 0.049057 0.007000 -0.009767 0.049009 0.007000 -0.009793 0.048966 0.007000 -0.009820 0.048929 0.007000 -0.009846 0.048898 0.007000 -0.009872 0.048872 0.007000 -0.009898 0.048852 0.007000 -0.009923 0.048838 0.007000 -0.009947 0.048830 0.007000 -0.009970 0.048827 0.007000 -0.009997 0.048831 0.007000 -0.010170 0.048882 0.007000 -0.010363 0.048936 0.007000 -0.010558 0.048986 0.007000 -0.010733 0.049028 0.007000 -0.010758 0.049038 0.007000 -0.010777 0.049052 0.007000 -0.010793 0.049071 0.007000 -0.010808 0.049096 0.007000 -0.010820 0.049126 0.007000 -0.010830 0.049161 0.007000 -0.010837 0.049202 0.007000 -0.010842 0.049247 0.007000 -0.010843 0.049297 0.007000 -0.010842 0.049352 0.007000 -0.010834 0.049432 0.007000 -0.010827 0.049582 0.007000 -0.010828 0.049688 0.007000 -0.010835 0.049811 0.007000 -0.010849 0.049955 0.007000 -0.010871 0.050118 0.007000 -0.010904 0.050298 0.007000 -0.010949 0.050497 0.007000 -0.011007 0.050712 0.007000 -0.011080 0.050944 0.007000 -0.011159 0.051164 0.007000 -0.011855 0.051255 0.007000 -0.011622 0.051229 0.007000 -0.011390 0.051198 0.007000 -0.011988 0.051064 0.007000 -0.012119 0.050858 0.007000 -0.012231 0.050665 0.007000 -0.012325 0.050485 0.007000 -0.012403 0.050320 0.007000 -0.012467 0.050168 0.007000 -0.012518 0.050033 0.007000 -0.012556 0.049915 0.007000 -0.012585 0.049814 0.007000 -0.012616 0.049667 0.007000 -0.012630 0.049588 0.007000 -0.012643 0.049534 0.007000 -0.012657 0.049486 0.007000 -0.012673 0.049443 0.007000 -0.012691 0.049406 0.007000 -0.012709 0.049375 0.007000 -0.012729 0.049349 0.007000 -0.012750 0.049329 0.007000 -0.012771 0.049314 0.007000 -0.012792 0.049306 0.007000 -0.012819 0.049303 0.007000 -0.012999 0.049308 0.007000 -0.013200 0.049309 0.007000 -0.013401 0.049308 0.007000 -0.013581 0.049303 0.007000 -0.013608 0.049306 0.007000 -0.013629 0.049314 0.007000 -0.013650 0.049329 0.007000 -0.013671 0.049349 0.007000 -0.013691 0.049375 0.007000 -0.013709 0.049406 0.007000 -0.013727 0.049443 0.007000 -0.013743 0.049486 0.007000 -0.013757 0.049534 0.007000 -0.013770 0.049588 0.007000 -0.013784 0.049667 0.007000 -0.013815 0.049814 0.007000 -0.013844 0.049915 0.007000 -0.013882 0.050033 0.007000 -0.013933 0.050168 0.007000 -0.013997 0.050320 0.007000 -0.014075 0.050485 0.007000 -0.014169 0.050665 0.007000 -0.014281 0.050858 0.007000 -0.014412 0.051064 0.007000 -0.014545 0.051255 0.007000 -0.015241 0.051164 0.007000 -0.015010 0.051198 0.007000 -0.014778 0.051229 0.007000 -0.015320 0.050944 0.007000 -0.015393 0.050712 0.007000 -0.015451 0.050497 0.007000 -0.015496 0.050298 0.007000 -0.015529 0.050118 0.007000 -0.015551 0.049955 0.007000 -0.015565 0.049811 0.007000 -0.015572 0.049688 0.007000 -0.015573 0.049582 0.007000 -0.015566 0.049432 0.007000 -0.015558 0.049352 0.007000 -0.015557 0.049297 0.007000 -0.015558 0.049247 0.007000 -0.015563 0.049202 0.007000 -0.015570 0.049161 0.007000 -0.015580 0.049126 0.007000 -0.015592 0.049096 0.007000 -0.015607 0.049071 0.007000 -0.015623 0.049052 0.007000 -0.015642 0.049038 0.007000 -0.015667 0.049028 0.007000 -0.015842 0.048986 0.007000 -0.016037 0.048936 0.007000 -0.016230 0.048882 0.007000 -0.016403 0.048831 0.007000 -0.016430 0.048827 0.007000 -0.016453 0.048830 0.007000 -0.016477 0.048838 0.007000 -0.016502 0.048852 0.007000 -0.016528 0.048872 0.007000 -0.016554 0.048898 0.007000 -0.016580 0.048929 0.007000 -0.016607 0.048966 0.007000 -0.016633 0.049009 0.007000 -0.016659 0.049057 0.007000 -0.016693 0.049130 0.007000 -0.016762 0.049264 0.007000 -0.016816 0.049354 0.007000 -0.016883 0.049458 0.007000 -0.016967 0.049576 0.007000 -0.017068 0.049706 0.007000 -0.017186 0.049845 0.007000 -0.017324 0.049995 0.007000 -0.017482 0.050152 0.007000 -0.017661 0.050317 0.007000 -0.017839 0.050468 0.007000 -0.018489 0.050199 0.007000 -0.018274 0.050292 0.007000 -0.018057 0.050382 0.007000 -0.018508 0.049966 0.007000 -0.018518 0.049723 0.007000 -0.018519 0.049500 0.007000 -0.018510 0.049297 0.007000 -0.018495 0.049114 0.007000 -0.018475 0.048951 0.007000 -0.018451 0.048809 0.007000 -0.018425 0.048688 0.007000 -0.018399 0.048585 0.007000 -0.018353 0.048442 0.007000 -0.018326 0.048367 0.007000 -0.018310 0.048314 0.007000 -0.018298 0.048265 0.007000 -0.018291 0.048220 0.007000 -0.018288 0.048180 0.007000 -0.018288 0.048143 0.007000 -0.018292 0.048111 0.007000 -0.018300 0.048083 0.007000 -0.018311 0.048060 0.007000 -0.018325 0.048042 0.007000 -0.018347 0.048026 0.007000 -0.018505 0.047940 0.007000 -0.018680 0.047841 0.007000 -0.018853 0.047739 0.007000 -0.019007 0.047645 0.007000 -0.019032 0.047634 0.007000 -0.019055 0.047631 0.007000 -0.019080 0.047633 0.007000 -0.019108 0.047640 0.007000 -0.019138 0.047652 0.007000 -0.019170 0.047670 0.007000 -0.019203 0.047694 0.007000 -0.019239 0.047723 0.007000 -0.019275 0.047757 0.007000 -0.019313 0.047797 0.007000 -0.019364 0.047859 0.007000 -0.019465 0.047970 0.007000 -0.019541 0.048044 0.007000 -0.019633 0.048126 0.007000 -0.019744 0.048218 0.007000 -0.019875 0.048317 0.007000 -0.020026 0.048422 0.007000 -0.020198 0.048531 0.007000 -0.020391 0.048642 0.007000 -0.020607 0.048754 0.007000 -0.020818 0.048854 0.007000 -0.021375 0.048426 0.007000 -0.021192 0.048572 0.007000 -0.021006 0.048715 0.007000 -0.021334 0.048197 0.007000 -0.021281 0.047959 0.007000 -0.021223 0.047744 0.007000 -0.021163 0.047549 0.007000 -0.021101 0.047377 0.007000 -0.021039 0.047225 0.007000 -0.020979 0.047093 0.007000 -0.020923 0.046983 0.007000 -0.020872 0.046891 0.007000 -0.020790 0.046764 0.007000 -0.020744 0.046699 0.007000 -0.020715 0.046652 0.007000 -0.020691 0.046608 0.007000 -0.020672 0.046566 0.007000 -0.020659 0.046528 0.007000 -0.020650 0.046492 0.007000 -0.020645 0.046460 0.007000 -0.020645 0.046431 0.007000 -0.020650 0.046406 0.007000 -0.020659 0.046385 0.007000 -0.020676 0.046364 0.007000 -0.020807 0.046240 0.007000 -0.020950 0.046099 0.007000 -0.021091 0.045956 0.007000 -0.021215 0.045825 0.007000 -0.021236 0.045808 0.007000 -0.021257 0.045799 0.007000 -0.021282 0.045794 0.007000 -0.021311 0.045794 0.007000 -0.021343 0.045799 0.007000 -0.021379 0.045808 0.007000 -0.021417 0.045821 0.007000 -0.021459 0.045840 0.007000 -0.021503 0.045864 0.007000 -0.021550 0.045893 0.007000 -0.021615 0.045939 0.007000 -0.021742 0.046021 0.007000 -0.021834 0.046072 0.007000 -0.021944 0.046128 0.007000 -0.022076 0.046188 0.007000 -0.022228 0.046250 0.007000 -0.022400 0.046312 0.007000 -0.022595 0.046373 0.007000 -0.022810 0.046430 0.007000 -0.023048 0.046483 0.007000 -0.023277 0.046524 0.007000 -0.023705 0.045967 0.007000 -0.023566 0.046155 0.007000 -0.023423 0.046341 0.007000 -0.023605 0.045756 0.007000 -0.023493 0.045540 0.007000 -0.023382 0.045347 0.007000 -0.023273 0.045175 0.007000 -0.023168 0.045024 0.007000 -0.023069 0.044893 0.007000 -0.022977 0.044782 0.007000 -0.022895 0.044690 0.007000 -0.022821 0.044614 0.007000 -0.022710 0.044513 0.007000 -0.022648 0.044462 0.007000 -0.022608 0.044424 0.007000 -0.022573 0.044388 0.007000 -0.022545 0.044352 0.007000 -0.022521 0.044319 0.007000 -0.022503 0.044287 0.007000 -0.022491 0.044257 0.007000 -0.022484 0.044229 0.007000 -0.022482 0.044204 0.007000 -0.022485 0.044181 0.007000 -0.022495 0.044156 0.007000 -0.022590 0.044002 0.007000 -0.022692 0.043829 0.007000 -0.022791 0.043654 0.007000 -0.022877 0.043496 0.007000 -0.022893 0.043474 0.007000 -0.022911 0.043460 0.007000 -0.022934 0.043449 0.007000 -0.022962 0.043441 0.007000 -0.022994 0.043437 0.007000 -0.023031 0.043437 0.007000 -0.023071 0.043440 0.007000 -0.023116 0.043447 0.007000 -0.023165 0.043459 0.007000 -0.023218 0.043475 0.007000 -0.023293 0.043502 0.007000 -0.023436 0.043548 0.007000 -0.023539 0.043574 0.007000 -0.023659 0.043600 0.007000 -0.023802 0.043624 0.007000 -0.023965 0.043644 0.007000 -0.024148 0.043659 0.007000 -0.024351 0.043668 0.007000 -0.024574 0.043667 0.007000 -0.024817 0.043657 0.007000 -0.025050 0.043638 0.007000 -0.025318 0.042988 0.007000 -0.025233 0.043206 0.007000 -0.025143 0.043423 0.007000 -0.025168 0.042810 0.007000 -0.025003 0.042631 0.007000 -0.024846 0.042473 0.007000 -0.024696 0.042335 0.007000 -0.024556 0.042217 0.007000 -0.024427 0.042116 0.007000 -0.024309 0.042032 0.007000 -0.024205 0.041965 0.007000 -0.024115 0.041911 0.007000 -0.023981 0.041842 0.007000 -0.023908 0.041808 0.007000 -0.023860 0.041782 0.007000 -0.023817 0.041756 0.007000 -0.023780 0.041729 0.007000 -0.023749 0.041703 0.007000 -0.023723 0.041677 0.007000 -0.023703 0.041651 0.007000 -0.023689 0.041626 0.007000 -0.023681 0.041602 0.007000 -0.023678 0.041579 0.007000 -0.023682 0.041552 0.007000 -0.023733 0.041379 0.007000 -0.023787 0.041186 0.007000 -0.023837 0.040991 0.007000 -0.023879 0.040816 0.007000 -0.023889 0.040791 0.007000 -0.023903 0.040772 0.007000 -0.023922 0.040756 0.007000 -0.023947 0.040741 0.007000 -0.023977 0.040729 0.007000 -0.024012 0.040719 0.007000 -0.024053 0.040712 0.007000 -0.024098 0.040707 0.007000 -0.024148 0.040706 0.007000 -0.024203 0.040707 0.007000 -0.024283 0.040715 0.007000 -0.024433 0.040722 0.007000 -0.024539 0.040721 0.007000 -0.024662 0.040714 0.007000 -0.024806 0.040700 0.007000 -0.024969 0.040678 0.007000 -0.025149 0.040645 0.007000 -0.025348 0.040600 0.007000 -0.025563 0.040542 0.007000 -0.025795 0.040469 0.007000 -0.026015 0.040390 0.007000 -0.026106 0.039694 0.007000 -0.026080 0.039927 0.007000 -0.026049 0.040159 0.007000 -0.025915 0.039561 0.007000 -0.025709 0.039430 0.007000 -0.025516 0.039319 0.007000 -0.025336 0.039224 0.007000 -0.025171 0.039146 0.007000 -0.025019 0.039082 0.007000 -0.024884 0.039031 0.007000 -0.024766 0.038993 0.007000 -0.024665 0.038964 0.007000 -0.024518 0.038933 0.007000 -0.024439 0.038919 0.007000 -0.024385 0.038906 0.007000 -0.024337 0.038892 0.007000 -0.024294 0.038876 0.007000 -0.024257 0.038858 0.007000 -0.024226 0.038840 0.007000 -0.024200 0.038820 0.007000 -0.024180 0.038799 0.007000 -0.024165 0.038778 0.007000 -0.024157 0.038757 0.007000 -0.024154 0.038730 0.007000 -0.024158 0.038550 0.007000 -0.024160 0.038349 0.007000 -0.024158 0.038148 0.007000 -0.024154 0.037968 0.007000 -0.024157 0.037941 0.007000 -0.024165 0.037920 0.007000 -0.024180 0.037899 0.007000 -0.024200 0.037878 0.007000 -0.024226 0.037858 0.007000 -0.024257 0.037840 0.007000 -0.024294 0.037822 0.007000 -0.024337 0.037806 0.007000 -0.024385 0.037792 0.007000 -0.024439 0.037779 0.007000 -0.024518 0.037766 0.007000 -0.024665 0.037734 0.007000 -0.024766 0.037705 0.007000 -0.024884 0.037667 0.007000 -0.025019 0.037616 0.007000 -0.025171 0.037552 0.007000 -0.025336 0.037474 0.007000 -0.025516 0.037380 0.007000 -0.025709 0.037268 0.007000 -0.025915 0.037137 0.007000 -0.026106 0.037004 0.007000 -0.026015 0.036308 0.007000 -0.026049 0.036539 0.007000 -0.026080 0.036772 0.007000 -0.025795 0.036229 0.007000 -0.025563 0.036156 0.007000 -0.025348 0.036098 0.007000 -0.025149 0.036053 0.007000 -0.024969 0.036020 0.007000 -0.024806 0.035998 0.007000 -0.024662 0.035984 0.007000 -0.024539 0.035978 0.007000 -0.024433 0.035976 0.007000 -0.024283 0.035983 0.007000 -0.024203 0.035991 0.007000 -0.024148 0.035992 0.007000 -0.024098 0.035991 0.007000 -0.024053 0.035987 0.007000 -0.024012 0.035979 0.007000 -0.023977 0.035969 0.007000 -0.023947 0.035957 0.007000 -0.023922 0.035942 0.007000 -0.023903 0.035926 0.007000 -0.023889 0.035907 0.007000 -0.023879 0.035882 0.007000 -0.023837 0.035707 0.007000 -0.023787 0.035512 0.007000 -0.023733 0.035319 0.007000 -0.023682 0.035146 0.007000 -0.023678 0.035119 0.007000 -0.023681 0.035096 0.007000 -0.023689 0.035072 0.007000 -0.023703 0.035047 0.007000 -0.023723 0.035021 0.007000 -0.023749 0.034995 0.007000 -0.023780 0.034969 0.007000 -0.023817 0.034942 0.007000 -0.023860 0.034916 0.007000 -0.023908 0.034890 0.007000 -0.023981 0.034856 0.007000 -0.024115 0.034787 0.007000 -0.024205 0.034734 0.007000 -0.024309 0.034666 0.007000 -0.024427 0.034582 0.007000 -0.024556 0.034481 0.007000 -0.024696 0.034363 0.007000 -0.024846 0.034225 0.007000 -0.025003 0.034067 0.007000 -0.025168 0.033888 0.007000 -0.025318 0.033710 0.007000 -0.025050 0.033061 0.007000 -0.025143 0.033275 0.007000 -0.025233 0.033492 0.007000 -0.024817 0.033041 0.007000 -0.024574 0.033031 0.007000 -0.024351 0.033030 0.007000 -0.024148 0.033039 0.007000 -0.023965 0.033054 0.007000 -0.023802 0.033074 0.007000 -0.023659 0.033098 0.007000 -0.023539 0.033124 0.007000 -0.023436 0.033150 0.007000 -0.023293 0.033196 0.007000 -0.023218 0.033223 0.007000 -0.023165 0.033239 0.007000 -0.023116 0.033251 0.007000 -0.023071 0.033258 0.007000 -0.023031 0.033261 0.007000 -0.022994 0.033261 0.007000 -0.022962 0.033257 0.007000 -0.022934 0.033249 0.007000 -0.022911 0.033238 0.007000 -0.022893 0.033224 0.007000 -0.022877 0.033203 0.007000 -0.022791 0.033044 0.007000 -0.022692 0.032869 0.007000 -0.022590 0.032696 0.007000 -0.022495 0.032542 0.007000 -0.022485 0.032517 0.007000 -0.022482 0.032495 0.007000 -0.022484 0.032469 0.007000 -0.022491 0.032441 0.007000 -0.022503 0.032411 0.007000 -0.022521 0.032379 0.007000 -0.022545 0.032346 0.007000 -0.022573 0.032310 0.007000 -0.022608 0.032274 0.007000 -0.022648 0.032236 0.007000 -0.022710 0.032185 0.007000 -0.022821 0.032084 0.007000 -0.022895 0.032008 0.007000 -0.022977 0.031916 0.007000 -0.023069 0.031805 0.007000 -0.023168 0.031674 0.007000 -0.023273 0.031523 0.007000 -0.023382 0.031351 0.007000 -0.023493 0.031158 0.007000 -0.023605 0.030942 0.007000 -0.023705 0.030731 0.007000 -0.023277 0.030174 0.007000 -0.023423 0.030357 0.007000 -0.023566 0.030543 0.007000 -0.023048 0.030215 0.007000 -0.022810 0.030268 0.007000 -0.022595 0.030326 0.007000 -0.022400 0.030386 0.007000 -0.022228 0.030448 0.007000 -0.022076 0.030510 0.007000 -0.021944 0.030570 0.007000 -0.021834 0.030626 0.007000 -0.021742 0.030677 0.007000 -0.021615 0.030759 0.007000 -0.021550 0.030805 0.007000 -0.021503 0.030834 0.007000 -0.021459 0.030858 0.007000 -0.021417 0.030877 0.007000 -0.021379 0.030891 0.007000 -0.021343 0.030900 0.007000 -0.021311 0.030904 0.007000 -0.021282 0.030904 0.007000 -0.021257 0.030899 0.007000 -0.021236 0.030890 0.007000 -0.021215 0.030873 0.007000 -0.021091 0.030742 0.007000 -0.020950 0.030599 0.007000 -0.020807 0.030458 0.007000 -0.020676 0.030334 0.007000 -0.020659 0.030313 0.007000 -0.020650 0.030292 0.007000 -0.020645 0.030267 0.007000 -0.020645 0.030238 0.007000 -0.020650 0.030206 0.007000 -0.020659 0.030170 0.007000 -0.020672 0.030132 0.007000 -0.020691 0.030090 0.007000 -0.020715 0.030046 0.007000 -0.020744 0.029999 0.007000 -0.020790 0.029934 0.007000 -0.020872 0.029807 0.007000 -0.020923 0.029715 0.007000 -0.020979 0.029605 0.007000 -0.021039 0.029473 0.007000 -0.021101 0.029321 0.007000 -0.021163 0.029149 0.007000 -0.021223 0.028954 0.007000 -0.021281 0.028739 0.007000 -0.021334 0.028502 0.007000 -0.021375 0.028272 0.007000 -0.020818 0.027844 0.007000 -0.021006 0.027983 0.007000 -0.021192 0.028126 0.007000 -0.020607 0.027944 0.007000 -0.020391 0.028056 0.007000 -0.020198 0.028167 0.007000 -0.020026 0.028276 0.007000 -0.019875 0.028381 0.007000 -0.019744 0.028480 0.007000 -0.019633 0.028572 0.007000 -0.019541 0.028654 0.007000 -0.019465 0.028728 0.007000 -0.019364 0.028840 0.007000 -0.019313 0.028901 0.007000 -0.019275 0.028941 0.007000 -0.019239 0.028976 0.007000 -0.019203 0.029004 0.007000 -0.019170 0.029028 0.007000 -0.019138 0.029046 0.007000 -0.019108 0.029058 0.007000 -0.019080 0.029065 0.007000 -0.019055 0.029067 0.007000 -0.019032 0.029064 0.007000 -0.019007 0.029054 0.007000 -0.018853 0.028959 0.007000 -0.018680 0.028857 0.007000 -0.018505 0.028758 0.007000 -0.018347 0.028672 0.007000 -0.018325 0.028656 0.007000 -0.018311 0.028638 0.007000 -0.018300 0.028615 0.007000 -0.018292 0.028587 0.007000 -0.018288 0.028555 0.007000 -0.018288 0.028519 0.007000 -0.018291 0.028478 0.007000 -0.018298 0.028433 0.007000 -0.018310 0.028384 0.007000 -0.018326 0.028331 0.007000 -0.018353 0.028256 0.007000 -0.018399 0.028113 0.007000 -0.018425 0.028011 0.007000 -0.018451 0.027890 0.007000 -0.018475 0.027747 0.007000 -0.018495 0.027584 0.007000 -0.018510 0.027401 0.007000 -0.018519 0.027198 0.007000 -0.018518 0.026975 0.007000 -0.018508 0.026732 0.007000 -0.018489 0.026499 0.007000 -0.017839 0.026231 0.007000 -0.018057 0.026316 0.007000 -0.018274 0.026406 0.007000 -0.017661 0.026381 0.007000 -0.017482 0.026546 0.007000 -0.017324 0.026703 0.007000 -0.017186 0.026853 0.007000 -0.017068 0.026993 0.007000 -0.016967 0.027122 0.007000 -0.016883 0.027240 0.007000 -0.016816 0.027344 0.007000 -0.016762 0.027434 0.007000 -0.016693 0.027568 0.007000 -0.016659 0.027641 0.007000 -0.016633 0.027689 0.007000 -0.016607 0.027732 0.007000 -0.016580 0.027769 0.007000 -0.016554 0.027800 0.007000 -0.016528 0.027826 0.007000 -0.016502 0.027846 0.007000 -0.016477 0.027860 0.007000 -0.016453 0.027868 0.007000 -0.016430 0.027871 0.007000 -0.016403 0.027867 0.007000 -0.016230 0.027816 0.007000 -0.016037 0.027762 0.007000 -0.015842 0.027712 0.007000 -0.015667 0.027670 0.007000 -0.015642 0.027660 0.007000 -0.015623 0.027646 0.007000 -0.015607 0.027627 0.007000 -0.015592 0.027602 0.007000 -0.015580 0.027572 0.007000 -0.015570 0.027537 0.007000 -0.015563 0.027496 0.007000 -0.015558 0.027451 0.007000 -0.015557 0.027401 0.007000 -0.015558 0.027346 0.007000 -0.015566 0.027266 0.007000 -0.015573 0.027116 0.007000 -0.015572 0.027010 0.007000 -0.015565 0.026887 0.007000 -0.015551 0.026743 0.007000 -0.015529 0.026580 0.007000 -0.015496 0.026400 0.007000 -0.015451 0.026201 0.007000 -0.015393 0.025986 0.007000 -0.015320 0.025754 0.007000 -0.015241 0.025534 0.007000 -0.014545 0.025443 0.007000 -0.014778 0.025469 0.007000 -0.015010 0.025500 0.007000 -0.014412 0.025634 0.007000 -0.014281 0.025840 0.007000 -0.014169 0.026033 0.007000 -0.014075 0.026213 0.007000 -0.013997 0.026378 0.007000 -0.013933 0.026530 0.007000 -0.013882 0.026665 0.007000 -0.013844 0.026783 0.007000 -0.013815 0.026884 0.007000 -0.013784 0.027032 0.007000 -0.013770 0.027110 0.007000 -0.013757 0.027164 0.007000 -0.013743 0.027212 0.007000 -0.013727 0.027255 0.007000 -0.013709 0.027292 0.007000 -0.013691 0.027323 0.007000 -0.013671 0.027349 0.007000 -0.013650 0.027369 0.007000 -0.013629 0.027384 0.007000 -0.013608 0.027392 0.007000 -0.013581 0.027395 0.007000 -0.013401 0.027391 0.007000 -0.013200 0.027389 0.007000 -0.012999 0.027391 0.007000 -0.012819 0.027395 0.007000 -0.012792 0.027392 0.007000 -0.012771 0.027384 0.007000 -0.012750 0.027369 0.007000 -0.012729 0.027349 0.007000 -0.012709 0.027323 0.007000 -0.012691 0.027292 0.007000 -0.012673 0.027255 0.007000 -0.012657 0.027212 0.007000 -0.012643 0.027164 0.007000 -0.012630 0.027110 0.007000 -0.012616 0.027032 0.007000 -0.012585 0.026884 0.007000 -0.012556 0.026783 0.007000 -0.012518 0.026665 0.007000 -0.012467 0.026530 0.007000 -0.012403 0.026378 0.007000 -0.012325 0.026213 0.007000 -0.012231 0.026033 0.007000 -0.012119 0.025840 0.007000 -0.011988 0.025634 0.007000 -0.011855 0.025443 0.007000 -0.011159 0.025534 0.007000 -0.011390 0.025500 0.007000 -0.011622 0.025469 0.007000 -0.011080 0.025754 0.007000 -0.011007 0.025986 0.007000 -0.010949 0.026201 0.007000 -0.010904 0.026400 0.007000 -0.010871 0.026580 0.007000 -0.010849 0.026743 0.007000 -0.010835 0.026887 0.007000 -0.010828 0.027010 0.007000 -0.010827 0.027116 0.007000 -0.010834 0.027266 0.007000 -0.010842 0.027346 0.007000 -0.010843 0.027401 0.007000 -0.010842 0.027451 0.007000 -0.010837 0.027496 0.007000 -0.010830 0.027537 0.007000 -0.010820 0.027572 0.007000 -0.010808 0.027602 0.007000 -0.010793 0.027627 0.007000 -0.010777 0.027646 0.007000 -0.010758 0.027660 0.007000 -0.010733 0.027670 0.007000 -0.010558 0.027712 0.007000 -0.010363 0.027762 0.007000 -0.010170 0.027816 0.007000 -0.009997 0.027867 0.007000 -0.009970 0.027871 0.007000 -0.009947 0.027868 0.007000 -0.009923 0.027860 0.007000 -0.009898 0.027846 0.007000 -0.009872 0.027826 0.007000 -0.009846 0.027800 0.007000 -0.009820 0.027769 0.007000 -0.009793 0.027732 0.007000 -0.009767 0.027689 0.007000 -0.009741 0.027641 0.007000 -0.009707 0.027568 0.007000 -0.009638 0.027434 0.007000 -0.009584 0.027344 0.007000 -0.009517 0.027240 0.007000 -0.009433 0.027122 0.007000 -0.009332 0.026993 0.007000 -0.009214 0.026853 0.007000 -0.009076 0.026703 0.007000 -0.008918 0.026546 0.007000 -0.008739 0.026381 0.007000 -0.008561 0.026231 0.007000 -0.007911 0.026499 0.007000 -0.008126 0.026406 0.007000 -0.008343 0.026316 0.007000 -0.007892 0.026732 0.007000 -0.007882 0.026975 0.007000 -0.007881 0.027198 0.007000 -0.007890 0.027401 0.007000 -0.007905 0.027584 0.007000 -0.007925 0.027747 0.007000 -0.007949 0.027890 0.007000 -0.007975 0.028011 0.007000 -0.008001 0.028113 0.007000 -0.008047 0.028256 0.007000 -0.008074 0.028331 0.007000 -0.008090 0.028384 0.007000 -0.008102 0.028433 0.007000 -0.008109 0.028478 0.007000 -0.008112 0.028519 0.007000 -0.008112 0.028555 0.007000 -0.008108 0.028587 0.007000 -0.008100 0.028615 0.007000 -0.008089 0.028638 0.007000 -0.008075 0.028656 0.007000 -0.008053 0.028672 0.007000 -0.007895 0.028758 0.007000 -0.007720 0.028857 0.007000 -0.007547 0.028959 0.007000 -0.007393 0.029054 0.007000 -0.007368 0.029064 0.007000 -0.007345 0.029067 0.007000 -0.007320 0.029065 0.007000 -0.007292 0.029058 0.007000 -0.007262 0.029046 0.007000 -0.007230 0.029028 0.007000 -0.007197 0.029004 0.007000 -0.007161 0.028976 0.007000 -0.007125 0.028941 0.007000 -0.007087 0.028901 0.007000 -0.007036 0.028840 0.007000 -0.006935 0.028728 0.007000 -0.006859 0.028654 0.007000 -0.006767 0.028572 0.007000 -0.006656 0.028480 0.007000 -0.006525 0.028381 0.007000 -0.006374 0.028276 0.007000 -0.006202 0.028167 0.007000 -0.006009 0.028056 0.007000 -0.005793 0.027944 0.007000 -0.005582 0.027844 0.007000 -0.005025 0.028272 0.007000 -0.005208 0.028126 0.007000 -0.005394 0.027983 0.007000 -0.005066 0.028502 0.007000 -0.005119 0.028739 0.007000 -0.005177 0.028954 0.007000 -0.005237 0.029149 0.007000 -0.005299 0.029321 0.007000 -0.005361 0.029473 0.007000 -0.005421 0.029605 0.007000 -0.005477 0.029715 0.007000 -0.005528 0.029807 0.007000 -0.005610 0.029934 0.007000 -0.005656 0.029999 0.007000 -0.005685 0.030046 0.007000 -0.005709 0.030090 0.007000 -0.005728 0.030132 0.007000 -0.005741 0.030170 0.007000 -0.005750 0.030206 0.007000 -0.005755 0.030238 0.007000 -0.005755 0.030267 0.007000 -0.005750 0.030292 0.007000 -0.005741 0.030313 0.007000 -0.005724 0.030334 0.007000 -0.005593 0.030458 0.007000 -0.005450 0.030599 0.007000 -0.005309 0.030742 0.007000 -0.005185 0.030873 0.007000 -0.005164 0.030890 0.007000 -0.005143 0.030899 0.007000 -0.005118 0.030904 0.007000 -0.005089 0.030904 0.007000 -0.005057 0.030900 0.007000 -0.005021 0.030891 0.007000 -0.004983 0.030877 0.007000 -0.004941 0.030858 0.007000 -0.004897 0.030834 0.007000 -0.004850 0.030805 0.007000 -0.004785 0.030759 0.007000 -0.004658 0.030677 0.007000 -0.004566 0.030626 0.007000 -0.004456 0.030570 0.007000 -0.004324 0.030510 0.007000 -0.004172 0.030448 0.007000 -0.004000 0.030386 0.007000 -0.003805 0.030326 0.007000 -0.003590 0.030268 0.007000 -0.003352 0.030215 0.007000 -0.003123 0.030174 0.007000 -0.002695 0.030731 0.007000 -0.002834 0.030543 0.007000 -0.002977 0.030357 0.007000 -0.002795 0.030942 0.007000 -0.002907 0.031158 0.007000 -0.003018 0.031351 0.007000 -0.003127 0.031523 0.007000 -0.003232 0.031674 0.007000 -0.003331 0.031805 0.007000 -0.003423 0.031916 0.007000 -0.003505 0.032008 0.007000 -0.003579 0.032084 0.007000 -0.003690 0.032185 0.007000 -0.003752 0.032236 0.007000 -0.003792 0.032274 0.007000 -0.003827 0.032310 0.007000 -0.003855 0.032346 0.007000 -0.003879 0.032379 0.007000 -0.003897 0.032411 0.007000 -0.003909 0.032441 0.007000 -0.003916 0.032469 0.007000 -0.003918 0.032495 0.007000 -0.003915 0.032517 0.007000 -0.003905 0.032542 0.007000 -0.003810 0.032696 0.007000 -0.003708 0.032869 0.007000 -0.003609 0.033044 0.007000 -0.003523 0.033203 0.007000 -0.003507 0.033224 0.007000 -0.003489 0.033238 0.007000 -0.003466 0.033249 0.007000 -0.003438 0.033257 0.007000 -0.003406 0.033261 0.007000 -0.003369 0.033261 0.007000 -0.003329 0.033258 0.007000 -0.003284 0.033251 0.007000 -0.003235 0.033239 0.007000 -0.003182 0.033223 0.007000 -0.003107 0.033196 0.007000 -0.002964 0.033150 0.007000 -0.002861 0.033124 0.007000 -0.002741 0.033098 0.007000 -0.002598 0.033074 0.007000 -0.002435 0.033054 0.007000 -0.002252 0.033039 0.007000 -0.002049 0.033030 0.007000 -0.001826 0.033031 0.007000 -0.001583 0.033041 0.007000 -0.001350 0.033061 0.007000 -0.001082 0.033710 0.007000 -0.001167 0.033492 0.007000 -0.001257 0.033275 0.007000 -0.001232 0.033888 0.007000 -0.001397 0.034067 0.007000 -0.001554 0.034225 0.007000 -0.001704 0.034363 0.007000 -0.001844 0.034481 0.007000 -0.001973 0.034582 0.007000 -0.002091 0.034666 0.007000 -0.002195 0.034734 0.007000 -0.002285 0.034787 0.007000 -0.002419 0.034856 0.007000 -0.002492 0.034890 0.007000 -0.002540 0.034916 0.007000 -0.002583 0.034942 0.007000 -0.002620 0.034969 0.007000 -0.002651 0.034995 0.007000 -0.002677 0.035021 0.007000 -0.002697 0.035047 0.007000 -0.002711 0.035072 0.007000 -0.002719 0.035096 0.007000 -0.002722 0.035119 0.007000 -0.002718 0.035146 0.007000 -0.002667 0.035319 0.007000 -0.002613 0.035512 0.007000 -0.002563 0.035707 0.007000 -0.002613 0.041186 0.007000 -0.002667 0.041379 0.007000 -0.002718 0.041552 0.007000 -0.002722 0.041579 0.007000 -0.002719 0.041602 0.007000 -0.002711 0.041626 0.007000 -0.002697 0.041651 0.007000 -0.002677 0.041677 0.007000 -0.002651 0.041703 0.007000 -0.002620 0.041729 0.007000 -0.002583 0.041756 0.007000 -0.002540 0.041782 0.007000 -0.002492 0.041808 0.007000 -0.002419 0.041842 0.007000 -0.002285 0.041911 0.007000 -0.002195 0.041965 0.007000 -0.002091 0.042032 0.007000 -0.001973 0.042116 0.007000 -0.001844 0.042217 0.007000 -0.001704 0.042335 0.007000 -0.001554 0.042473 0.007000 -0.001397 0.042631 0.007000 -0.001232 0.042810 0.007000 -0.001082 0.042988 0.007000 -0.001350 0.043638 0.007000 -0.001257 0.043423 0.007000 -0.001167 0.043206 0.007000 -0.001583 0.043657 0.007000 -0.001826 0.043667 0.007000 -0.002049 0.043668 0.007000 -0.002252 0.043659 0.007000 -0.002435 0.043644 0.007000 -0.002598 0.043624 0.007000 -0.002741 0.043600 0.007000 -0.002861 0.043574 0.007000 -0.002964 0.043548 0.007000 -0.003107 0.043502 0.007000 -0.003182 0.043475 0.007000 -0.003235 0.043459 0.007000 -0.003284 0.043447 0.007000 -0.003329 0.043440 0.007000 -0.003369 0.043437 0.007000 -0.003406 0.043437 0.007000 -0.003438 0.043441 0.007000 -0.003466 0.043449 0.007000 -0.003489 0.043460 0.007000 -0.003507 0.043474 0.007000 -0.003523 0.043496 0.007000 -0.003609 0.043654 0.007000 -0.003708 0.043829 0.007000 -0.003810 0.044002 0.007000 -0.003905 0.044156 0.007000 -0.003915 0.044181 0.007000 -0.003918 0.044204 0.007000 -0.003916 0.044229 0.007000 -0.003909 0.044257 0.007000 -0.003897 0.044287 0.007000 -0.003879 0.044319 0.007000 -0.003855 0.044352 0.007000 -0.003827 0.044388 0.007000 -0.003792 0.044424 0.007000 -0.003752 0.044462 0.007000 -0.003690 0.044513 0.007000 -0.003579 0.044614 0.007000 -0.003505 0.044690 0.007000 -0.003423 0.044782 0.007000 -0.003331 0.044893 0.007000 -0.003232 0.045024 0.007000 -0.003127 0.045175 0.007000 -0.003018 0.045347 0.007000 -0.002907 0.045540 0.007000 -0.002795 0.045756 0.007000 -0.002695 0.045967 0.007000 -0.003123 0.046524 0.007000 -0.002977 0.046341 0.007000 -0.002834 0.046155 0.007000 -0.003352 0.046483 0.007000 -0.003590 0.046430 0.007000 -0.003805 0.046373 0.007000 -0.004000 0.046312 0.007000 -0.004172 0.046250 0.007000 -0.004324 0.046188 0.007000 -0.004456 0.046128 0.007000 -0.004566 0.046072 0.007000 -0.004658 0.046021 0.007000 -0.004785 0.045939 0.007000 -0.004850 0.045893 0.007000 -0.004897 0.045864 0.007000 -0.004941 0.045840 0.007000 -0.004983 0.045821 0.007000 -0.005021 0.045808 0.007000 -0.005057 0.045799 0.007000 -0.005089 0.045794 0.007000 -0.005118 0.045794 0.007000 -0.005143 0.045799 0.007000 -0.005164 0.045808 0.007000 -0.005185 0.045825 0.007000 -0.005309 0.045956 0.007000 -0.005450 0.046099 0.007000 -0.005593 0.046240 0.007000 -0.005724 0.046364 0.007000 -0.005741 0.046385 0.007000 -0.005750 0.046406 0.007000 -0.005755 0.046431 0.007000 -0.005755 0.046460 0.007000 -0.005750 0.046492 0.007000 -0.005741 0.046528 0.007000 -0.005728 0.046566 0.007000 -0.005709 0.046608 0.007000 -0.005685 0.046652 0.007000 -0.005656 0.046699 0.007000 -0.005610 0.046764 0.007000 -0.005528 0.046891 0.007000 -0.005477 0.046983 0.007000 -0.005421 0.047093 0.007000 -0.005361 0.047225 0.007000 -0.005299 0.047377 0.007000 -0.005237 0.047549 0.007000 -0.005177 0.047744 0.007000 -0.005119 0.047959 0.007000 -0.005066 0.048197 0.007000 -0.005025 0.048426 0.007000 -0.005582 0.048854 0.007000 -0.005394 0.048715 0.007000 -0.005208 0.048572 0.007000 -0.005793 0.048754 0.007000 -0.006009 0.048642 0.007000 -0.006202 0.048531 0.007000 -0.006374 0.048422 0.007000 -0.006525 0.048317 0.007000 -0.006656 0.048218 0.007000 -0.006767 0.048126 0.007000 -0.006859 0.048044 0.007000 -0.006935 0.047970 0.007000 -0.007036 0.047859 0.007000 -0.007087 0.047797 0.007000 -0.007125 0.047757 0.007000 -0.007161 0.047723 0.007000 -0.007197 0.047694 0.007000 -0.007230 0.047670 0.007000 -0.007262 0.047652 0.007000 -0.007292 0.047640 0.007000 -0.007320 0.047633 0.007000 -0.007345 0.047631 0.007000 -0.007368 0.047634 0.007000 -0.007393 0.047645 0.007000 -0.007547 0.047739 0.007000 -0.007720 0.047841 0.007000 -0.007895 0.047940 0.007000 -0.008053 0.048026 0.007000 -0.008075 0.048042 0.007000 -0.008089 0.048060 0.007000 -0.008100 0.048083 0.007000 -0.008108 0.048111 0.007000 -0.008112 0.048143 0.007000 -0.008112 0.048180 0.007000 -0.008109 0.048220 0.007000 -0.008102 0.048265 0.007000 -0.008090 0.048314 0.007000 -0.008074 0.048367 0.007000 -0.008047 0.048442 0.007000 -0.008001 0.048585 0.007000 -0.007975 0.048688 0.007000 -0.007949 0.048809 0.007000 -0.007925 0.048951 0.007000 -0.007905 0.049114 0.007000 -0.007890 0.049297 0.007000 -0.007881 0.049500 0.007000 -0.007882 0.049723 0.007000 -0.007892 0.049966 0.007000 -0.007911 0.050199 0.007000 -0.008343 0.050382 0.007000 -0.008126 0.050292 0.007000 -0.014250 0.038349 0.000000 -0.014222 0.038107 0.000000 -0.014138 0.037878 0.000000 -0.014004 0.037674 0.000000 -0.013827 0.037507 0.000000 -0.013616 0.037385 0.000000 -0.013382 0.037315 0.000000 -0.013139 0.037301 0.000000 -0.012899 0.037343 0.000000 -0.012675 0.037440 0.000000 -0.012479 0.037585 0.000000 -0.012323 0.037772 0.000000 -0.012213 0.037990 0.000000 -0.012157 0.038227 0.000000 -0.012157 0.038471 0.000000 -0.012213 0.038708 0.000000 -0.012323 0.038926 0.000000 -0.012479 0.039113 0.000000 -0.012675 0.039258 0.000000 -0.012899 0.039355 0.000000 -0.013139 0.039397 0.000000 -0.013382 0.039383 0.000000 -0.013616 0.039313 0.000000 -0.013827 0.039191 0.000000 -0.014004 0.039024 0.000000 -0.014138 0.038820 0.000000 -0.014222 0.038591 0.000000 -0.014250 0.038349 -0.003000 -0.014222 0.038591 -0.003000 -0.014138 0.038820 -0.003000 -0.014004 0.039024 -0.003000 -0.013827 0.039191 -0.003000 -0.013616 0.039313 -0.003000 -0.013382 0.039383 -0.003000 -0.013139 0.039397 -0.003000 -0.012899 0.039355 -0.003000 -0.012675 0.039258 -0.003000 -0.012479 0.039113 -0.003000 -0.012323 0.038926 -0.003000 -0.012213 0.038708 -0.003000 -0.012157 0.038471 -0.003000 -0.012157 0.038227 -0.003000 -0.012213 0.037990 -0.003000 -0.012323 0.037772 -0.003000 -0.012479 0.037585 -0.003000 -0.012675 0.037440 -0.003000 -0.012899 0.037343 -0.003000 -0.013139 0.037301 -0.003000 -0.013382 0.037315 -0.003000 -0.013616 0.037385 -0.003000 -0.013827 0.037507 -0.003000 -0.014004 0.037674 -0.003000 -0.014138 0.037878 -0.003000 -0.014222 0.038107 -0.003000 0.015750 0.038349 0.000000 0.015778 0.038107 0.000000 0.015862 0.037878 0.000000 0.015996 0.037674 0.000000 0.016173 0.037507 0.000000 0.016384 0.037385 0.000000 0.016618 0.037315 0.000000 0.016861 0.037301 0.000000 0.017101 0.037343 0.000000 0.017325 0.037440 0.000000 0.017521 0.037585 0.000000 0.017677 0.037772 0.000000 0.017787 0.037990 0.000000 0.017843 0.038227 0.000000 0.017843 0.038471 0.000000 0.017787 0.038708 0.000000 0.017677 0.038926 0.000000 0.017521 0.039113 0.000000 0.017325 0.039258 0.000000 0.017101 0.039355 0.000000 0.016861 0.039397 0.000000 0.016618 0.039383 0.000000 0.016384 0.039313 0.000000 0.016173 0.039191 0.000000 0.015996 0.039024 0.000000 0.015862 0.038820 0.000000 0.015778 0.038591 0.000000 0.015750 0.038349 -0.003000 0.015778 0.038591 -0.003000 0.015862 0.038820 -0.003000 0.015996 0.039024 -0.003000 0.016173 0.039191 -0.003000 0.016384 0.039313 -0.003000 0.016618 0.039383 -0.003000 0.016861 0.039397 -0.003000 0.017101 0.039355 -0.003000 0.017325 0.039258 -0.003000 0.017521 0.039113 -0.003000 0.017677 0.038926 -0.003000 0.017787 0.038708 -0.003000 0.017843 0.038471 -0.003000 0.017843 0.038227 -0.003000 0.017787 0.037990 -0.003000 0.017677 0.037772 -0.003000 0.017521 0.037585 -0.003000 0.017325 0.037440 -0.003000 0.017101 0.037343 -0.003000 0.016861 0.037301 -0.003000 0.016618 0.037315 -0.003000 0.016384 0.037385 -0.003000 0.016173 0.037507 -0.003000 0.015996 0.037674 -0.003000 0.015862 0.037878 -0.003000 0.015778 0.038107 -0.003000 0.016800 0.040849 0.000000 0.017173 0.040821 0.000000 0.017537 0.040738 0.000000 0.017885 0.040601 0.000000 0.018208 0.040415 0.000000 0.018500 0.040182 0.000000 0.018755 0.039908 0.000000 0.018965 0.039599 0.000000 0.019127 0.039262 0.000000 0.019237 0.038905 0.000000 0.019293 0.038536 0.000000 0.019293 0.038162 0.000000 0.019237 0.037793 0.000000 0.019127 0.037436 0.000000 0.018965 0.037099 0.000000 0.018755 0.036790 0.000000 0.018500 0.036516 0.000000 0.018208 0.036283 0.000000 0.017885 0.036097 0.000000 0.017537 0.035960 0.000000 0.017173 0.035877 0.000000 0.016800 0.035849 0.000000 0.016800 0.035849 -0.003000 0.017173 0.035877 -0.003000 0.017537 0.035960 -0.003000 0.017885 0.036097 -0.003000 0.018208 0.036283 -0.003000 0.018500 0.036516 -0.003000 0.018755 0.036790 -0.003000 0.018965 0.037099 -0.003000 0.019127 0.037436 -0.003000 0.019237 0.037793 -0.003000 0.019293 0.038162 -0.003000 0.019293 0.038536 -0.003000 0.019237 0.038905 -0.003000 0.019127 0.039262 -0.003000 0.018965 0.039599 -0.003000 0.018755 0.039908 -0.003000 0.018500 0.040182 -0.003000 0.018208 0.040415 -0.003000 0.017885 0.040601 -0.003000 0.017537 0.040738 -0.003000 0.017173 0.040821 -0.003000 0.016800 0.040849 -0.003000 0.016189 0.040773 0.000000 0.016392 0.040798 0.000000 0.016596 0.040823 0.000000 0.016596 0.040823 -0.003000 0.016392 0.040798 -0.003000 0.016189 0.040773 -0.003000 -0.012589 0.040773 0.000000 -0.010790 0.040566 0.000000 -0.008991 0.040383 0.000000 -0.007193 0.040225 0.000000 -0.005394 0.040092 0.000000 -0.003596 0.039987 0.000000 -0.001797 0.039911 0.000000 0.000001 0.039865 0.000000 0.001800 0.039849 0.000000 0.003599 0.039865 0.000000 0.005397 0.039911 0.000000 0.007196 0.039987 0.000000 0.008994 0.040092 0.000000 0.010793 0.040225 0.000000 0.012591 0.040383 0.000000 0.014390 0.040566 0.000000 0.014390 0.040566 -0.003000 0.012591 0.040383 -0.003000 0.010793 0.040225 -0.003000 0.008994 0.040092 -0.003000 0.007196 0.039987 -0.003000 0.005397 0.039911 -0.003000 0.003599 0.039865 -0.003000 0.001800 0.039849 -0.003000 0.000001 0.039865 -0.003000 -0.001797 0.039911 -0.003000 -0.003596 0.039987 -0.003000 -0.005394 0.040092 -0.003000 -0.007193 0.040225 -0.003000 -0.008991 0.040383 -0.003000 -0.010790 0.040566 -0.003000 -0.012589 0.040773 -0.003000 -0.013200 0.040849 0.000000 -0.012996 0.040823 0.000000 -0.012792 0.040798 0.000000 -0.012792 0.040798 -0.003000 -0.012996 0.040823 -0.003000 -0.013200 0.040849 -0.003000 -0.013200 0.035849 0.000000 -0.013573 0.035877 0.000000 -0.013937 0.035960 0.000000 -0.014285 0.036097 0.000000 -0.014608 0.036283 0.000000 -0.014900 0.036516 0.000000 -0.015155 0.036790 0.000000 -0.015365 0.037099 0.000000 -0.015527 0.037436 0.000000 -0.015637 0.037793 0.000000 -0.015693 0.038162 0.000000 -0.015693 0.038536 0.000000 -0.015637 0.038905 0.000000 -0.015527 0.039262 0.000000 -0.015365 0.039599 0.000000 -0.015155 0.039908 0.000000 -0.014900 0.040182 0.000000 -0.014608 0.040415 0.000000 -0.014285 0.040601 0.000000 -0.013937 0.040738 0.000000 -0.013573 0.040821 0.000000 -0.013573 0.040821 -0.003000 -0.013937 0.040738 -0.003000 -0.014285 0.040601 -0.003000 -0.014608 0.040415 -0.003000 -0.014900 0.040182 -0.003000 -0.015155 0.039908 -0.003000 -0.015365 0.039599 -0.003000 -0.015527 0.039262 -0.003000 -0.015637 0.038905 -0.003000 -0.015693 0.038536 -0.003000 -0.015693 0.038162 -0.003000 -0.015637 0.037793 -0.003000 -0.015527 0.037436 -0.003000 -0.015365 0.037099 -0.003000 -0.015155 0.036790 -0.003000 -0.014900 0.036516 -0.003000 -0.014608 0.036283 -0.003000 -0.014285 0.036097 -0.003000 -0.013937 0.035960 -0.003000 -0.013573 0.035877 -0.003000 -0.013200 0.035849 -0.003000 -0.012589 0.035925 0.000000 -0.012792 0.035900 0.000000 -0.012996 0.035875 0.000000 -0.012996 0.035875 -0.003000 -0.012792 0.035900 -0.003000 -0.012589 0.035925 -0.003000 0.016189 0.035925 0.000000 0.014390 0.036132 0.000000 0.012591 0.036315 0.000000 0.010793 0.036474 0.000000 0.008994 0.036606 0.000000 0.007196 0.036711 0.000000 0.005397 0.036787 0.000000 0.003599 0.036833 0.000000 0.001800 0.036849 0.000000 0.000001 0.036833 0.000000 -0.001797 0.036787 0.000000 -0.003596 0.036711 0.000000 -0.005394 0.036606 0.000000 -0.007193 0.036474 0.000000 -0.008991 0.036315 0.000000 -0.010790 0.036132 0.000000 -0.010790 0.036132 -0.003000 -0.008991 0.036315 -0.003000 -0.007193 0.036474 -0.003000 -0.005394 0.036606 -0.003000 -0.003596 0.036711 -0.003000 -0.001797 0.036787 -0.003000 0.000001 0.036833 -0.003000 0.001800 0.036849 -0.003000 0.003599 0.036833 -0.003000 0.005397 0.036787 -0.003000 0.007196 0.036711 -0.003000 0.008994 0.036606 -0.003000 0.010793 0.036474 -0.003000 0.012591 0.036315 -0.003000 0.014390 0.036132 -0.003000 0.016189 0.035925 -0.003000 0.016596 0.035875 0.000000 0.016392 0.035900 0.000000 0.016392 0.035900 -0.003000 0.016596 0.035875 -0.003000</float_array>
          <technique_common>
            <accessor source="#gripper_right_gear-mesh-positions-array" count="2598" stride="3">
              <param name="X" type="float"/>
              <param name="Y" type="float"/>
              <param name="Z" type="float"/>
            </accessor>
          </technique_common>
        </source>
        <source id="gripper_right_gear-mesh-normals">
          <float_array id="gripper_right_gear-mesh-normals-array" count="21852">-0.973045 0.230616 -0.000000 -0.973045 0.230616 -0.000000 -1.000000 0.000000 -0.000000 -1.000000 0.000000 -0.000000 -0.973045 -0.230616 -0.000000 -0.973045 -0.230616 -0.000000 -0.893633 -0.448799 -0.000000 -0.893633 -0.448799 -0.000000 -0.766044 -0.642788 -0.000000 -0.766044 -0.642788 -0.000000 -0.597159 -0.802123 -0.000000 -0.597159 -0.802123 -0.000000 -0.396080 -0.918216 -0.000000 -0.396080 -0.918216 -0.000000 -0.173648 -0.984808 -0.000000 -0.173648 -0.984808 -0.000000 0.058145 -0.998308 0.000000 0.058145 -0.998308 0.000000 0.286803 -0.957990 0.000000 0.286803 -0.957990 0.000000 0.500000 -0.866025 0.000000 0.500000 -0.866025 0.000000 0.686242 -0.727374 0.000000 0.686242 -0.727374 0.000000 0.835488 -0.549509 0.000000 0.835488 -0.549509 0.000000 0.939693 -0.342020 0.000000 0.939693 -0.342020 0.000000 0.993238 -0.116093 0.000000 0.993238 -0.116093 0.000000 0.993238 0.116093 0.000000 0.993238 0.116093 0.000000 0.939693 0.342020 0.000000 0.939693 0.342020 0.000000 0.835488 0.549509 0.000000 0.835488 0.549509 0.000000 0.686242 0.727374 0.000000 0.686242 0.727374 0.000000 0.500000 0.866025 0.000000 0.500000 0.866025 0.000000 0.286803 0.957990 0.000000 0.286803 0.957990 0.000000 0.058145 0.998308 0.000000 0.058145 0.998308 0.000000 -0.173648 0.984808 -0.000000 -0.173648 0.984808 -0.000000 -0.396080 0.918216 -0.000000 -0.396080 0.918216 -0.000000 -0.597159 0.802123 -0.000000 -0.597159 0.802123 -0.000000 -0.766044 0.642788 -0.000000 -0.766044 0.642788 -0.000000 -0.893633 0.448799 -0.000000 -0.893633 0.448799 -0.000000 -0.000000 -1.000000 -0.000000 -0.000000 -1.000000 -0.000000 -0.000000 -1.000000 -0.000000 -0.000000 -1.000000 -0.000000 -0.973045 -0.230616 -0.000000 -0.973045 -0.230616 -0.000000 -1.000000 -0.000000 -0.000000 -1.000000 -0.000000 -0.000000 -0.973045 0.230616 -0.000000 -0.973045 0.230616 -0.000000 -0.893633 0.448799 -0.000000 -0.893633 0.448799 -0.000000 -0.766044 0.642788 -0.000000 -0.766044 0.642788 -0.000000 -0.597159 0.802123 -0.000000 -0.597159 0.802123 -0.000000 -0.396080 0.918216 -0.000000 -0.396080 0.918216 -0.000000 -0.173648 0.984808 -0.000000 -0.173648 0.984808 -0.000000 0.058145 0.998308 0.000000 0.058145 0.998308 0.000000 0.286803 0.957990 0.000000 0.286803 0.957990 0.000000 0.500000 0.866025 0.000000 0.500000 0.866025 0.000000 0.686242 0.727374 0.000000 0.686242 0.727374 0.000000 0.835488 0.549509 0.000000 0.835488 0.549509 0.000000 0.939693 0.342020 0.000000 0.939693 0.342020 0.000000 0.993238 0.116093 0.000000 0.993238 0.116093 0.000000 0.993238 -0.116093 0.000000 0.993238 -0.116093 0.000000 0.939693 -0.342020 0.000000 0.939693 -0.342020 0.000000 0.835488 -0.549509 0.000000 0.835488 -0.549509 0.000000 0.686242 -0.727374 0.000000 0.686242 -0.727374 0.000000 0.500000 -0.866025 0.000000 0.500000 -0.866025 0.000000 0.286803 -0.957990 0.000000 0.286803 -0.957990 0.000000 0.058145 -0.998308 0.000000 0.058145 -0.998308 0.000000 -0.173648 -0.984808 -0.000000 -0.173648 -0.984808 -0.000000 -0.396080 -0.918216 -0.000000 -0.396080 -0.918216 -0.000000 -0.597159 -0.802123 -0.000000 -0.597159 -0.802123 -0.000000 -0.766044 -0.642788 -0.000000 -0.766044 -0.642788 -0.000000 -0.893633 -0.448799 -0.000000 -0.893633 -0.448799 -0.000000 0.000000 1.000000 0.000000 0.000000 1.000000 0.000000 0.000000 1.000000 0.000000 0.000000 1.000000 0.000000 0.149042 0.988831 0.000000 0.149042 0.988831 0.000000 0.294755 0.955573 0.000000 0.294755 0.955573 0.000000 0.433884 0.900969 0.000000 0.433884 0.900969 0.000000 0.563320 0.826239 0.000000 0.563320 0.826239 0.000000 0.680173 0.733052 0.000000 0.680173 0.733052 0.000000 0.781831 0.623490 0.000000 0.781831 0.623490 0.000000 0.866025 0.500000 0.000000 0.866025 0.500000 0.000000 0.930874 0.365341 0.000000 0.930874 0.365341 0.000000 0.974928 0.222521 0.000000 0.974928 0.222521 0.000000 0.997204 0.074730 0.000000 0.997204 0.074730 0.000000 0.997204 -0.074730 0.000000 0.997204 -0.074730 0.000000 0.974928 -0.222521 0.000000 0.974928 -0.222521 0.000000 0.930874 -0.365341 0.000000 0.930874 -0.365341 0.000000 0.866025 -0.500000 0.000000 0.866025 -0.500000 0.000000 0.781831 -0.623490 0.000000 0.781831 -0.623490 0.000000 0.680173 -0.733052 0.000000 0.680173 -0.733052 0.000000 0.563320 -0.826239 0.000000 0.563320 -0.826239 0.000000 0.433884 -0.900969 0.000000 0.433884 -0.900969 0.000000 0.294755 -0.955573 0.000000 0.294755 -0.955573 0.000000 0.149042 -0.988831 0.000000 0.149042 -0.988831 0.000000 0.972484 0.232971 0.000000 0.972484 0.232971 0.000000 0.972484 0.232971 0.000000 0.972484 0.232971 0.000000 0.000000 -0.000000 -1.000000 0.000000 -0.000000 -1.000000 0.000000 -0.000000 -1.000000 0.000000 -0.000000 -1.000000 0.000000 -0.000000 -1.000000 0.000000 -0.000000 -1.000000 0.000000 -0.000000 -1.000000 0.000000 -0.000000 -1.000000 0.000000 -0.000000 -1.000000 0.000000 -0.000000 -1.000000 0.000000 -0.000000 -1.000000 0.000000 -0.000000 -1.000000 0.000000 -0.000000 -1.000000 0.000000 -0.000000 -1.000000 0.000000 -0.000000 -1.000000 0.000000 -0.000000 -1.000000 0.000000 -0.000000 -1.000000 0.000000 -0.000000 -1.000000 0.000000 -0.000000 -1.000000 0.000000 -0.000000 -1.000000 0.000000 -0.000000 -1.000000 0.000000 -0.000000 -1.000000 0.000000 -0.000000 -1.000000 0.000000 -0.000000 -1.000000 0.000000 -0.000000 -1.000000 0.000000 -0.000000 -1.000000 0.000000 -0.000000 -1.000000 0.000000 -0.000000 -1.000000 0.000000 -0.000000 -1.000000 0.000000 -0.000000 -1.000000 0.000000 -0.000000 -1.000000 0.000000 -0.000000 -1.000000 0.000000 -0.000000 -1.000000 0.000000 -0.000000 -1.000000 0.000000 -0.000000 -1.000000 0.000000 -0.000000 -1.000000 0.000000 -0.000000 -1.000000 0.000000 -0.000000 -1.000000 0.000000 -0.000000 -1.000000 0.000000 -0.000000 -1.000000 0.000000 -0.000000 -1.000000 0.000000 -0.000000 -1.000000 0.000000 -0.000000 -1.000000 0.000000 -0.000000 -1.000000 0.000000 -0.000000 -1.000000 0.000000 -0.000000 -1.000000 0.000000 -0.000000 -1.000000 0.000000 -0.000000 -1.000000 0.000000 -0.000000 -1.000000 0.000000 -0.000000 -1.000000 0.000000 -0.000000 -1.000000 0.000000 -0.000000 -1.000000 0.000000 -0.000000 -1.000000 0.000000 -0.000000 -1.000000 0.000000 -0.000000 -1.000000 0.000000 -0.000000 -1.000000 0.000000 -0.000000 -1.000000 0.000000 -0.000000 -1.000000 0.000000 -0.000000 -1.000000 0.000000 -0.000000 -1.000000 0.000000 -0.000000 -1.000000 0.000000 -0.000000 -1.000000 0.000000 -0.000000 -1.000000 0.000000 -0.000000 -1.000000 0.000000 -0.000000 -1.000000 0.000000 -0.000000 -1.000000 0.000000 -0.000000 -1.000000 0.000000 -0.000000 -1.000000 0.000000 -0.000000 -1.000000 0.000000 -0.000000 -1.000000 0.000000 -0.000000 -1.000000 0.000000 -0.000000 -1.000000 0.000000 -0.000000 -1.000000 0.000000 -0.000000 -1.000000 0.000000 -0.000000 -1.000000 0.000000 -0.000000 -1.000000 0.000000 -0.000000 -1.000000 0.000000 -0.000000 -1.000000 0.000000 -0.000000 -1.000000 0.000000 -0.000000 -1.000000 0.000000 -0.000000 -1.000000 0.000000 -0.000000 -1.000000 0.000000 -0.000000 -1.000000 0.000000 -0.000000 -1.000000 0.000000 -0.000000 -1.000000 0.000000 -0.000000 -1.000000 0.000000 -0.000000 -1.000000 0.000000 -0.000000 -1.000000 0.000000 -0.000000 -1.000000 0.000000 -0.000000 -1.000000 0.000000 -0.000000 -1.000000 0.000000 -0.000000 -1.000000 0.000000 -0.000000 -1.000000 0.000000 -0.000000 -1.000000 0.000000 -0.000000 -1.000000 0.000000 -0.000000 -1.000000 0.000000 -0.000000 -1.000000 0.000000 -0.000000 -1.000000 0.000000 -0.000000 -1.000000 0.000000 -0.000000 -1.000000 0.000000 -0.000000 -1.000000 0.000000 -0.000000 -1.000000 0.000000 -0.000000 -1.000000 0.000000 -0.000000 -1.000000 0.000000 -0.000000 -1.000000 0.000000 -0.000000 -1.000000 0.000000 -0.000000 -1.000000 0.000000 -0.000000 -1.000000 0.000000 -0.000000 -1.000000 0.000000 -0.000000 -1.000000 0.000000 -0.000000 -1.000000 0.000000 -0.000000 -1.000000 0.000000 -0.000000 -1.000000 0.000000 -0.000000 -1.000000 0.000000 -0.000000 -1.000000 0.000000 -0.000000 -1.000000 0.000000 -0.000000 -1.000000 0.000000 -0.000000 -1.000000 0.000000 -0.000000 -1.000000 0.000000 -0.000000 -1.000000 0.000000 -0.000000 -1.000000 0.000000 -0.000000 -1.000000 0.000000 -0.000000 -1.000000 0.000000 -0.000000 -1.000000 0.000000 -0.000000 -1.000000 0.000000 -0.000000 -1.000000 0.000000 -0.000000 -1.000000 0.000000 -0.000000 -1.000000 0.000000 -0.000000 -1.000000 0.000000 -0.000000 -1.000000 0.000000 -0.000000 -1.000000 0.000000 -0.000000 -1.000000 0.000000 -0.000000 -1.000000 0.000000 -0.000000 -1.000000 0.000000 -0.000000 -1.000000 0.000000 -0.000000 -1.000000 0.000000 -0.000000 -1.000000 0.000000 -0.000000 -1.000000 0.000000 -0.000000 -1.000000 0.000000 -0.000000 -1.000000 0.000000 -0.000000 -1.000000 0.000000 -0.000000 -1.000000 0.000000 -0.000000 -1.000000 0.000000 -0.000000 -1.000000 0.000000 -0.000000 -1.000000 0.000000 -0.000000 -1.000000 0.000000 -0.000000 -1.000000 0.000000 -0.000000 -1.000000 0.000000 -0.000000 -1.000000 0.000000 -0.000000 -1.000000 0.000000 -0.000000 -1.000000 0.000000 -0.000000 -1.000000 0.000000 -0.000000 -1.000000 0.000000 -0.000000 -1.000000 0.000000 -0.000000 -1.000000 0.000000 -0.000000 -1.000000 0.000000 -0.000000 -1.000000 0.000000 -0.000000 -1.000000 0.000000 -0.000000 -1.000000 0.000000 -0.000000 -1.000000 0.000000 -0.000000 -1.000000 0.000000 -0.000000 -1.000000 0.000000 -0.000000 -1.000000 0.000000 -0.000000 -1.000000 0.000000 -0.000000 -1.000000 0.000000 -0.000000 -1.000000 0.000000 -0.000000 -1.000000 0.000000 -0.000000 -1.000000 0.000000 -0.000000 -1.000000 0.000000 -0.000000 -1.000000 0.000000 -0.000000 -1.000000 0.000000 -0.000000 -1.000000 0.000000 -0.000000 -1.000000 0.000000 -0.000000 -1.000000 0.000000 -0.000000 -1.000000 0.000000 -0.000000 -1.000000 0.000000 -0.000000 -1.000000 0.000000 -0.000000 -1.000000 0.000000 -0.000000 -1.000000 0.000000 -0.000000 -1.000000 0.000000 -0.000000 -1.000000 0.000000 -0.000000 -1.000000 0.000000 -0.000000 -1.000000 0.000000 -0.000000 -1.000000 0.000000 -0.000000 -1.000000 0.000000 -0.000000 -1.000000 0.000000 -0.000000 -1.000000 0.000000 -0.000000 -1.000000 0.000000 -0.000000 -1.000000 0.000000 -0.000000 -1.000000 0.000000 -0.000000 -1.000000 0.000000 -0.000000 -1.000000 0.000000 -0.000000 -1.000000 0.000000 -0.000000 -1.000000 0.000000 -0.000000 -1.000000 0.000000 -0.000000 -1.000000 0.000000 -0.000000 -1.000000 0.000000 -0.000000 -1.000000 0.000000 -0.000000 -1.000000 0.000000 -0.000000 -1.000000 0.000000 -0.000000 -1.000000 0.000000 -0.000000 -1.000000 0.000000 -0.000000 -1.000000 0.000000 -0.000000 -1.000000 0.000000 -0.000000 -1.000000 0.000000 -0.000000 -1.000000 0.000000 -0.000000 -1.000000 0.000000 -0.000000 -1.000000 0.000000 -0.000000 -1.000000 0.000000 -0.000000 -1.000000 0.000000 -0.000000 -1.000000 0.000000 -0.000000 -1.000000 0.000000 -0.000000 -1.000000 0.000000 -0.000000 -1.000000 0.000000 -0.000000 -1.000000 0.000000 -0.000000 -1.000000 0.000000 -0.000000 -1.000000 0.000000 -0.000000 -1.000000 0.000000 -0.000000 -1.000000 0.000000 -0.000000 -1.000000 0.000000 -0.000000 -1.000000 0.000000 -0.000000 -1.000000 0.000000 -0.000000 -1.000000 0.000000 -0.000000 -1.000000 0.000000 -0.000000 -1.000000 0.000000 -0.000000 -1.000000 0.000000 -0.000000 -1.000000 0.000000 -0.000000 -1.000000 0.000000 -0.000000 -1.000000 0.000000 -0.000000 -1.000000 0.000000 -0.000000 -1.000000 0.000000 -0.000000 -1.000000 0.000000 -0.000000 -1.000000 0.000000 -0.000000 -1.000000 0.000000 -0.000000 -1.000000 0.000000 -0.000000 -1.000000 0.000000 -0.000000 -1.000000 0.000000 -0.000000 -1.000000 0.000000 -0.000000 -1.000000 0.000000 -0.000000 -1.000000 0.000000 -0.000000 -1.000000 0.000000 -0.000000 -1.000000 0.000000 -0.000000 -1.000000 0.000000 -0.000000 -1.000000 0.000000 -0.000000 -1.000000 0.000000 -0.000000 -1.000000 0.000000 -0.000000 -1.000000 0.000000 -0.000000 -1.000000 0.000000 -0.000000 -1.000000 0.000000 -0.000000 -1.000000 0.000000 -0.000000 -1.000000 0.000000 -0.000000 -1.000000 0.000000 -0.000000 -1.000000 0.000000 -0.000000 -1.000000 0.000000 -0.000000 -1.000000 0.000000 -0.000000 -1.000000 0.000000 -0.000000 -1.000000 0.000000 -0.000000 -1.000000 0.000000 -0.000000 -1.000000 0.000000 -0.000000 -1.000000 0.000000 -0.000000 -1.000000 0.000000 -0.000000 -1.000000 0.000000 -0.000000 -1.000000 0.000000 -0.000000 -1.000000 0.000000 -0.000000 -1.000000 0.000000 -0.000000 -1.000000 0.000000 -0.000000 -1.000000 0.000000 -0.000000 -1.000000 0.000000 -0.000000 -1.000000 0.000000 -0.000000 -1.000000 0.000000 -0.000000 -1.000000 0.000000 -0.000000 -1.000000 0.000000 -0.000000 -1.000000 0.000000 -0.000000 -1.000000 0.000000 -0.000000 -1.000000 0.000000 -0.000000 -1.000000 0.000000 -0.000000 -1.000000 0.000000 -0.000000 -1.000000 0.000000 -0.000000 -1.000000 0.000000 -0.000000 -1.000000 0.000000 -0.000000 -1.000000 0.000000 -0.000000 -1.000000 0.000000 -0.000000 -1.000000 0.000000 -0.000000 -1.000000 0.000000 -0.000000 -1.000000 0.000000 -0.000000 -1.000000 0.000000 -0.000000 -1.000000 0.000000 -0.000000 -1.000000 0.000000 -0.000000 -1.000000 0.000000 -0.000000 -1.000000 0.000000 -0.000000 -1.000000 0.000000 -0.000000 -1.000000 0.000000 -0.000000 -1.000000 0.000000 -0.000000 -1.000000 0.000000 -0.000000 -1.000000 0.000000 -0.000000 -1.000000 0.000000 -0.000000 -1.000000 0.000000 -0.000000 -1.000000 0.000000 -0.000000 -1.000000 0.000000 -0.000000 -1.000000 0.000000 -0.000000 -1.000000 0.000000 -0.000000 -1.000000 0.000000 -0.000000 -1.000000 0.000000 -0.000000 -1.000000 0.000000 -0.000000 -1.000000 0.000000 -0.000000 -1.000000 0.000000 -0.000000 -1.000000 0.000000 -0.000000 -1.000000 0.000000 -0.000000 -1.000000 0.000000 -0.000000 -1.000000 0.000000 -0.000000 -1.000000 0.000000 -0.000000 -1.000000 0.000000 -0.000000 -1.000000 0.000000 -0.000000 -1.000000 0.000000 -0.000000 -1.000000 0.000000 -0.000000 -1.000000 0.000000 -0.000000 -1.000000 0.000000 -0.000000 -1.000000 0.000000 -0.000000 -1.000000 0.000000 -0.000000 -1.000000 0.000000 -0.000000 -1.000000 0.000000 -0.000000 -1.000000 0.000000 -0.000000 -1.000000 0.000000 -0.000000 -1.000000 0.000000 -0.000000 -1.000000 0.000000 -0.000000 -1.000000 0.000000 -0.000000 -1.000000 0.000000 -0.000000 -1.000000 0.000000 -0.000000 -1.000000 0.000000 -0.000000 -1.000000 0.000000 -0.000000 -1.000000 0.000000 -0.000000 -1.000000 0.000000 -0.000000 -1.000000 0.000000 -0.000000 -1.000000 0.000000 -0.000000 -1.000000 0.000000 -0.000000 -1.000000 0.000000 -0.000000 -1.000000 0.000000 -0.000000 -1.000000 0.000000 -0.000000 -1.000000 0.000000 -0.000000 -1.000000 0.000000 -0.000000 -1.000000 0.000000 -0.000000 -1.000000 0.000000 -0.000000 -1.000000 0.000000 -0.000000 -1.000000 0.000000 -0.000000 -1.000000 0.000000 -0.000000 -1.000000 0.000000 -0.000000 -1.000000 0.000000 -0.000000 -1.000000 0.000000 -0.000000 -1.000000 0.000000 -0.000000 -1.000000 0.000000 -0.000000 -1.000000 0.000000 -0.000000 -1.000000 0.000000 -0.000000 -1.000000 0.000000 -0.000000 -1.000000 0.000000 -0.000000 -1.000000 0.000000 -0.000000 -1.000000 0.000000 -0.000000 -1.000000 0.000000 -0.000000 -1.000000 0.000000 -0.000000 -1.000000 0.000000 -0.000000 -1.000000 0.000000 -0.000000 -1.000000 0.000000 -0.000000 -1.000000 0.000000 -0.000000 -1.000000 0.000000 -0.000000 -1.000000 0.000000 -0.000000 -1.000000 0.000000 -0.000000 -1.000000 0.000000 -0.000000 -1.000000 0.000000 -0.000000 -1.000000 0.000000 -0.000000 -1.000000 0.000000 -0.000000 -1.000000 0.000000 -0.000000 -1.000000 0.000000 -0.000000 -1.000000 0.000000 -0.000000 -1.000000 0.000000 -0.000000 -1.000000 0.000000 -0.000000 -1.000000 0.000000 -0.000000 -1.000000 0.000000 -0.000000 -1.000000 0.000000 -0.000000 -1.000000 0.000000 -0.000000 -1.000000 0.000000 -0.000000 -1.000000 0.000000 -0.000000 -1.000000 0.000000 -0.000000 -1.000000 0.000000 -0.000000 -1.000000 0.000000 -0.000000 -1.000000 0.000000 -0.000000 -1.000000 0.000000 -0.000000 -1.000000 0.000000 -0.000000 -1.000000 0.000000 -0.000000 -1.000000 0.000000 -0.000000 -1.000000 0.000000 -0.000000 -1.000000 0.000000 -0.000000 -1.000000 0.000000 -0.000000 -1.000000 0.000000 -0.000000 -1.000000 0.000000 -0.000000 -1.000000 0.000000 -0.000000 -1.000000 0.000000 -0.000000 -1.000000 0.000000 -0.000000 -1.000000 0.000000 -0.000000 -1.000000 0.000000 -0.000000 -1.000000 0.000000 -0.000000 -1.000000 0.000000 -0.000000 -1.000000 0.000000 -0.000000 -1.000000 0.000000 -0.000000 -1.000000 0.000000 -0.000000 -1.000000 0.000000 -0.000000 -1.000000 0.000000 -0.000000 -1.000000 0.000000 -0.000000 -1.000000 0.000000 -0.000000 -1.000000 0.000000 -0.000000 -1.000000 0.000000 -0.000000 -1.000000 0.000000 -0.000000 -1.000000 0.000000 -0.000000 -1.000000 0.000000 -0.000000 -1.000000 0.000000 -0.000000 -1.000000 0.000000 -0.000000 -1.000000 0.000000 -0.000000 -1.000000 0.000000 -0.000000 -1.000000 0.000000 -0.000000 -1.000000 0.000000 -0.000000 -1.000000 0.000000 -0.000000 -1.000000 0.000000 -0.000000 -1.000000 0.000000 -0.000000 -1.000000 0.000000 -0.000000 -1.000000 0.000000 -0.000000 -1.000000 0.000000 -0.000000 -1.000000 0.000000 -0.000000 -1.000000 0.000000 -0.000000 -1.000000 0.000000 -0.000000 -1.000000 0.000000 -0.000000 -1.000000 0.000000 -0.000000 -1.000000 0.000000 -0.000000 -1.000000 0.000000 -0.000000 -1.000000 0.000000 -0.000000 -1.000000 0.000000 -0.000000 -1.000000 0.000000 -0.000000 -1.000000 0.000000 -0.000000 -1.000000 0.000000 -0.000000 -1.000000 0.000000 -0.000000 -1.000000 0.000000 -0.000000 -1.000000 0.000000 -0.000000 -1.000000 0.000000 -0.000000 -1.000000 0.000000 -0.000000 -1.000000 0.000000 -0.000000 -1.000000 0.000000 -0.000000 -1.000000 0.000000 -0.000000 -1.000000 0.000000 -0.000000 -1.000000 0.000000 -0.000000 -1.000000 0.000000 -0.000000 -1.000000 0.000000 -0.000000 -1.000000 0.000000 -0.000000 -1.000000 0.000000 -0.000000 -1.000000 0.000000 -0.000000 -1.000000 0.000000 -0.000000 -1.000000 0.000000 -0.000000 -1.000000 0.000000 -0.000000 -1.000000 0.000000 -0.000000 -1.000000 0.000000 -0.000000 -1.000000 0.000000 -0.000000 -1.000000 0.000000 -0.000000 -1.000000 0.000000 -0.000000 -1.000000 0.000000 -0.000000 -1.000000 0.000000 -0.000000 -1.000000 0.000000 -0.000000 -1.000000 0.000000 -0.000000 -1.000000 0.000000 -0.000000 -1.000000 0.000000 -0.000000 -1.000000 0.000000 -0.000000 -1.000000 0.000000 -0.000000 -1.000000 0.000000 -0.000000 -1.000000 0.000000 -0.000000 -1.000000 0.000000 -0.000000 -1.000000 0.000000 -0.000000 -1.000000 0.000000 -0.000000 -1.000000 0.000000 -0.000000 -1.000000 0.000000 -0.000000 -1.000000 0.000000 -0.000000 -1.000000 0.000000 -0.000000 -1.000000 0.000000 -0.000000 -1.000000 0.000000 -0.000000 -1.000000 0.000000 -0.000000 -1.000000 0.000000 -0.000000 -1.000000 0.000000 -0.000000 -1.000000 0.000000 -0.000000 -1.000000 0.000000 -0.000000 -1.000000 0.000000 -0.000000 -1.000000 0.000000 -0.000000 -1.000000 0.000000 -0.000000 -1.000000 0.000000 -0.000000 -1.000000 0.000000 -0.000000 -1.000000 0.000000 -0.000000 -1.000000 0.000000 -0.000000 -1.000000 0.000000 -0.000000 -1.000000 0.000000 -0.000000 -1.000000 0.000000 -0.000000 -1.000000 0.000000 -0.000000 -1.000000 0.000000 -0.000000 -1.000000 0.000000 -0.000000 -1.000000 0.000000 -0.000000 -1.000000 0.000000 -0.000000 -1.000000 0.000000 -0.000000 -1.000000 0.000000 -0.000000 -1.000000 0.000000 -0.000000 -1.000000 0.000000 -0.000000 -1.000000 0.000000 -0.000000 -1.000000 0.000000 -0.000000 -1.000000 0.000000 -0.000000 -1.000000 0.000000 -0.000000 -1.000000 0.000000 -0.000000 -1.000000 0.000000 -0.000000 -1.000000 0.000000 -0.000000 -1.000000 0.000000 -0.000000 -1.000000 0.000000 -0.000000 -1.000000 0.000000 -0.000000 -1.000000 0.000000 -0.000000 -1.000000 0.000000 -0.000000 -1.000000 0.000000 -0.000000 -1.000000 0.000000 -0.000000 -1.000000 0.000000 -0.000000 -1.000000 0.000000 -0.000000 -1.000000 0.000000 -0.000000 -1.000000 0.000000 -0.000000 -1.000000 0.000000 -0.000000 -1.000000 0.000000 -0.000000 -1.000000 0.000000 -0.000000 -1.000000 0.000000 -0.000000 -1.000000 0.000000 -0.000000 -1.000000 0.000000 -0.000000 -1.000000 0.000000 -0.000000 -1.000000 0.000000 -0.000000 -1.000000 0.000000 -0.000000 -1.000000 0.000000 -0.000000 -1.000000 0.000000 -0.000000 -1.000000 0.000000 -0.000000 -1.000000 0.000000 -0.000000 -1.000000 0.000000 -0.000000 -1.000000 0.000000 -0.000000 -1.000000 0.000000 -0.000000 -1.000000 0.000000 -0.000000 -1.000000 0.000000 -0.000000 -1.000000 0.000000 -0.000000 -1.000000 0.000000 -0.000000 -1.000000 0.000000 -0.000000 -1.000000 0.000000 -0.000000 -1.000000 0.000000 -0.000000 -1.000000 0.000000 -0.000000 -1.000000 0.000000 -0.000000 -1.000000 0.000000 -0.000000 -1.000000 0.000000 -0.000000 -1.000000 0.000000 -0.000000 -1.000000 0.000000 -0.000000 -1.000000 0.000000 -0.000000 -1.000000 0.000000 -0.000000 -1.000000 0.000000 -0.000000 -1.000000 0.000000 -0.000000 -1.000000 0.000000 -0.000000 -1.000000 0.000000 -0.000000 -1.000000 0.000000 -0.000000 -1.000000 0.000000 -0.000000 -1.000000 0.000000 -0.000000 -1.000000 0.000000 -0.000000 -1.000000 0.000000 -0.000000 -1.000000 0.000000 -0.000000 -1.000000 0.000000 -0.000000 -1.000000 0.000000 -0.000000 -1.000000 0.000000 -0.000000 -1.000000 0.000000 -0.000000 -1.000000 0.000000 -0.000000 -1.000000 0.000000 -0.000000 -1.000000 0.000000 -0.000000 -1.000000 0.000000 -0.000000 -1.000000 0.000000 -0.000000 -1.000000 0.000000 -0.000000 -1.000000 0.000000 -0.000000 -1.000000 0.000000 -0.000000 -1.000000 0.000000 -0.000000 -1.000000 0.000000 -0.000000 -1.000000 0.000000 -0.000000 -1.000000 0.000000 -0.000000 -1.000000 0.000000 -0.000000 -1.000000 0.000000 -0.000000 -1.000000 0.000000 -0.000000 -1.000000 0.000000 -0.000000 -1.000000 0.000000 -0.000000 -1.000000 0.000000 -0.000000 -1.000000 0.000000 -0.000000 -1.000000 0.000000 -0.000000 -1.000000 0.000000 -0.000000 -1.000000 0.000000 -0.000000 -1.000000 0.000000 -0.000000 -1.000000 0.000000 -0.000000 -1.000000 0.000000 -0.000000 -1.000000 0.000000 -0.000000 -1.000000 0.000000 -0.000000 -1.000000 0.000000 -0.000000 -1.000000 0.000000 -0.000000 -1.000000 0.000000 -0.000000 -1.000000 0.000000 -0.000000 -1.000000 0.000000 -0.000000 -1.000000 0.000000 -0.000000 -1.000000 0.000000 -0.000000 -1.000000 0.000000 -0.000000 -1.000000 0.000000 -0.000000 -1.000000 0.000000 -0.000000 -1.000000 0.000000 -0.000000 -1.000000 0.000000 -0.000000 -1.000000 0.000000 -0.000000 -1.000000 0.000000 -0.000000 -1.000000 0.000000 -0.000000 -1.000000 0.000000 -0.000000 -1.000000 0.000000 -0.000000 -1.000000 0.000000 -0.000000 -1.000000 0.000000 -0.000000 -1.000000 0.000000 -0.000000 -1.000000 0.000000 -0.000000 -1.000000 0.000000 -0.000000 -1.000000 0.000000 -0.000000 -1.000000 0.000000 -0.000000 -1.000000 0.000000 -0.000000 -1.000000 0.000000 -0.000000 -1.000000 0.000000 -0.000000 -1.000000 0.000000 -0.000000 -1.000000 0.000000 -0.000000 -1.000000 0.000000 -0.000000 -1.000000 0.000000 -0.000000 -1.000000 0.000000 -0.000000 -1.000000 0.000000 -0.000000 -1.000000 0.000000 -0.000000 -1.000000 0.000000 -0.000000 -1.000000 0.000000 -0.000000 -1.000000 0.000000 -0.000000 -1.000000 0.000000 -0.000000 -1.000000 0.000000 -0.000000 -1.000000 0.000000 -0.000000 -1.000000 0.000000 -0.000000 -1.000000 0.000000 -0.000000 -1.000000 0.000000 -0.000000 -1.000000 0.000000 -0.000000 -1.000000 0.000000 -0.000000 -1.000000 0.000000 -0.000000 -1.000000 0.000000 -0.000000 -1.000000 0.000000 -0.000000 -1.000000 0.000000 -0.000000 -1.000000 0.000000 -0.000000 -1.000000 0.000000 -0.000000 -1.000000 0.000000 -0.000000 -1.000000 0.000000 -0.000000 -1.000000 0.000000 -0.000000 -1.000000 0.000000 -0.000000 -1.000000 0.000000 -0.000000 -1.000000 0.000000 -0.000000 -1.000000 0.000000 -0.000000 -1.000000 0.000000 -0.000000 -1.000000 0.000000 -0.000000 -1.000000 0.000000 -0.000000 -1.000000 0.000000 -0.000000 -1.000000 0.000000 -0.000000 -1.000000 0.000000 -0.000000 -1.000000 0.000000 -0.000000 -1.000000 0.000000 -0.000000 -1.000000 0.000000 -0.000000 -1.000000 0.000000 -0.000000 -1.000000 0.000000 -0.000000 -1.000000 0.000000 -0.000000 -1.000000 0.000000 -0.000000 -1.000000 0.000000 -0.000000 -1.000000 0.000000 -0.000000 -1.000000 0.000000 -0.000000 -1.000000 0.000000 -0.000000 -1.000000 0.000000 -0.000000 -1.000000 0.000000 -0.000000 -1.000000 0.000000 -0.000000 -1.000000 0.000000 -0.000000 -1.000000 0.000000 -0.000000 -1.000000 0.000000 -0.000000 -1.000000 0.000000 -0.000000 -1.000000 0.000000 -0.000000 -1.000000 0.000000 -0.000000 -1.000000 0.000000 -0.000000 -1.000000 0.000000 -0.000000 -1.000000 0.000000 -0.000000 -1.000000 0.000000 -0.000000 -1.000000 0.000000 -0.000000 -1.000000 0.000000 -0.000000 -1.000000 0.000000 -0.000000 -1.000000 0.000000 -0.000000 -1.000000 0.000000 -0.000000 -1.000000 0.000000 -0.000000 -1.000000 0.000000 -0.000000 -1.000000 0.000000 -0.000000 -1.000000 0.000000 -0.000000 -1.000000 0.000000 -0.000000 -1.000000 0.000000 -0.000000 -1.000000 0.000000 -0.000000 -1.000000 0.000000 -0.000000 -1.000000 0.000000 -0.000000 -1.000000 0.000000 -0.000000 -1.000000 0.000000 -0.000000 -1.000000 0.000000 -0.000000 -1.000000 0.000000 -0.000000 -1.000000 0.000000 -0.000000 -1.000000 0.000000 -0.000000 -1.000000 0.000000 -0.000000 -1.000000 0.000000 -0.000000 -1.000000 0.000000 -0.000000 -1.000000 0.000000 -0.000000 -1.000000 0.000000 -0.000000 -1.000000 0.000000 -0.000000 -1.000000 0.000000 -0.000000 -1.000000 0.000000 -0.000000 -1.000000 0.000000 -0.000000 -1.000000 0.000000 -0.000000 -1.000000 0.000000 -0.000000 -1.000000 0.000000 -0.000000 -1.000000 0.000000 -0.000000 -1.000000 0.000000 -0.000000 -1.000000 0.000000 -0.000000 -1.000000 0.000000 -0.000000 -1.000000 0.000000 -0.000000 -1.000000 0.000000 -0.000000 -1.000000 0.000000 -0.000000 -1.000000 0.000000 -0.000000 -1.000000 0.000000 -0.000000 -1.000000 0.000000 -0.000000 -1.000000 0.000000 -0.000000 -1.000000 0.000000 -0.000000 -1.000000 0.000000 -0.000000 -1.000000 0.000000 -0.000000 -1.000000 0.000000 -0.000000 -1.000000 0.000000 -0.000000 -1.000000 0.000000 -0.000000 -1.000000 0.000000 -0.000000 -1.000000 0.000000 -0.000000 -1.000000 0.000000 -0.000000 -1.000000 0.000000 -0.000000 -1.000000 0.000000 -0.000000 -1.000000 0.000000 -0.000000 -1.000000 0.000000 -0.000000 -1.000000 0.000000 -0.000000 -1.000000 0.000000 -0.000000 -1.000000 0.000000 -0.000000 -1.000000 0.000000 -0.000000 -1.000000 0.000000 -0.000000 -1.000000 0.000000 -0.000000 -1.000000 0.000000 -0.000000 -1.000000 0.000000 -0.000000 -1.000000 0.000000 -0.000000 -1.000000 0.000000 -0.000000 -1.000000 0.000000 -0.000000 -1.000000 0.000000 -0.000000 -1.000000 0.000000 -0.000000 -1.000000 0.000000 -0.000000 -1.000000 0.000000 -0.000000 -1.000000 0.000000 -0.000000 -1.000000 0.000000 -0.000000 -1.000000 0.000000 -0.000000 -1.000000 0.000000 -0.000000 -1.000000 0.000000 -0.000000 -1.000000 0.000000 -0.000000 -1.000000 0.000000 -0.000000 -1.000000 0.000000 -0.000000 -1.000000 0.000000 -0.000000 -1.000000 0.000000 -0.000000 -1.000000 0.000000 -0.000000 -1.000000 0.000000 -0.000000 -1.000000 0.000000 -0.000000 -1.000000 0.000000 -0.000000 -1.000000 0.000000 -0.000000 -1.000000 0.000000 -0.000000 -1.000000 0.000000 -0.000000 -1.000000 0.000000 -0.000000 -1.000000 0.000000 -0.000000 -1.000000 0.000000 -0.000000 -1.000000 0.000000 -0.000000 -1.000000 0.000000 -0.000000 -1.000000 0.000000 -0.000000 -1.000000 0.000000 -0.000000 -1.000000 0.000000 -0.000000 -1.000000 0.000000 -0.000000 -1.000000 0.000000 -0.000000 -1.000000 0.000000 -0.000000 -1.000000 0.000000 -0.000000 -1.000000 0.000000 -0.000000 -1.000000 0.000000 -0.000000 -1.000000 0.000000 -0.000000 -1.000000 0.000000 -0.000000 -1.000000 0.000000 -0.000000 -1.000000 0.000000 -0.000000 -1.000000 0.000000 -0.000000 -1.000000 0.000000 -0.000000 -1.000000 0.000000 -0.000000 -1.000000 0.000000 -0.000000 -1.000000 0.000000 -0.000000 -1.000000 0.000000 -0.000000 -1.000000 0.000000 -0.000000 -1.000000 0.000000 -0.000000 -1.000000 0.000000 -0.000000 -1.000000 0.000000 -0.000000 -1.000000 0.000000 -0.000000 -1.000000 0.000000 -0.000000 -1.000000 0.000000 -0.000000 -1.000000 0.000000 -0.000000 -1.000000 0.000000 -0.000000 -1.000000 0.000000 -0.000000 -1.000000 0.000000 -0.000000 -1.000000 0.000000 -0.000000 -1.000000 0.000000 -0.000000 -1.000000 0.000000 -0.000000 -1.000000 0.000000 -0.000000 -1.000000 0.000000 -0.000000 -1.000000 0.000000 -0.000000 -1.000000 0.000000 -0.000000 -1.000000 0.000000 -0.000000 -1.000000 0.000000 -0.000000 -1.000000 0.000000 -0.000000 -1.000000 0.000000 -0.000000 -1.000000 0.000000 -0.000000 -1.000000 0.000000 -0.000000 -1.000000 0.000000 -0.000000 -1.000000 0.000000 -0.000000 -1.000000 0.000000 -0.000000 -1.000000 0.000000 -0.000000 -1.000000 0.000000 -0.000000 -1.000000 0.000000 -0.000000 -1.000000 0.000000 -0.000000 -1.000000 0.000000 -0.000000 -1.000000 0.000000 -0.000000 -1.000000 0.000000 -0.000000 -1.000000 0.000000 -0.000000 -1.000000 0.000000 -0.000000 -1.000000 0.000000 -0.000000 -1.000000 0.000000 -0.000000 -1.000000 0.000000 -0.000000 -1.000000 0.000000 -0.000000 -1.000000 0.000000 -0.000000 -1.000000 0.000000 -0.000000 -1.000000 0.000000 -0.000000 -1.000000 0.000000 -0.000000 -1.000000 0.000000 -0.000000 -1.000000 0.000000 -0.000000 -1.000000 0.000000 -0.000000 -1.000000 0.000000 -0.000000 -1.000000 0.000000 -0.000000 -1.000000 0.000000 -0.000000 -1.000000 0.000000 -0.000000 -1.000000 0.000000 -0.000000 -1.000000 0.000000 -0.000000 -1.000000 0.000000 -0.000000 -1.000000 0.000000 -0.000000 -1.000000 0.000000 -0.000000 -1.000000 0.000000 -0.000000 -1.000000 0.000000 -0.000000 -1.000000 0.000000 -0.000000 -1.000000 0.000000 -0.000000 -1.000000 0.000000 -0.000000 -1.000000 0.000000 -0.000000 -1.000000 0.000000 -0.000000 -1.000000 0.000000 -0.000000 -1.000000 0.000000 -0.000000 -1.000000 0.000000 -0.000000 -1.000000 0.000000 -0.000000 -1.000000 0.000000 -0.000000 -1.000000 0.000000 -0.000000 -1.000000 0.000000 -0.000000 -1.000000 0.000000 -0.000000 -1.000000 0.000000 -0.000000 -1.000000 0.000000 -0.000000 -1.000000 0.000000 -0.000000 -1.000000 0.000000 -0.000000 -1.000000 0.000000 -0.000000 -1.000000 0.000000 -0.000000 -1.000000 0.000000 -0.000000 -1.000000 0.000000 -0.000000 -1.000000 0.000000 -0.000000 -1.000000 0.000000 -0.000000 -1.000000 0.000000 -0.000000 -1.000000 0.000000 -0.000000 -1.000000 0.000000 -0.000000 -1.000000 0.000000 -0.000000 -1.000000 0.000000 -0.000000 -1.000000 0.000000 -0.000000 -1.000000 0.000000 -0.000000 -1.000000 0.000000 -0.000000 -1.000000 0.000000 -0.000000 -1.000000 0.000000 -0.000000 -1.000000 0.000000 -0.000000 -1.000000 0.000000 -0.000000 -1.000000 0.000000 -0.000000 -1.000000 0.000000 -0.000000 -1.000000 0.000000 -0.000000 -1.000000 0.000000 -0.000000 -1.000000 0.000000 -0.000000 -1.000000 0.000000 -0.000000 -1.000000 0.000000 -0.000000 -1.000000 0.000000 -0.000000 -1.000000 0.000000 -0.000000 -1.000000 0.000000 -0.000000 -1.000000 0.000000 -0.000000 -1.000000 0.000000 -0.000000 -1.000000 0.000000 -0.000000 -1.000000 0.000000 -0.000000 -1.000000 0.000000 -0.000000 -1.000000 0.000000 -0.000000 -1.000000 0.000000 -0.000000 -1.000000 0.000000 -0.000000 -1.000000 0.000000 -0.000000 -1.000000 0.000000 -0.000000 -1.000000 0.000000 -0.000000 -1.000000 0.000000 -0.000000 -1.000000 0.000000 -0.000000 -1.000000 0.000000 -0.000000 -1.000000 0.000000 -0.000000 -1.000000 0.000000 -0.000000 -1.000000 0.000000 -0.000000 -1.000000 0.000000 -0.000000 -1.000000 0.000000 -0.000000 -1.000000 0.000000 -0.000000 -1.000000 0.000000 -0.000000 -1.000000 0.000000 -0.000000 -1.000000 0.000000 -0.000000 -1.000000 0.000000 -0.000000 -1.000000 0.000000 -0.000000 -1.000000 0.000000 -0.000000 -1.000000 0.000000 -0.000000 -1.000000 0.000000 -0.000000 -1.000000 0.000000 -0.000000 -1.000000 0.000000 -0.000000 -1.000000 0.000000 -0.000000 -1.000000 0.000000 -0.000000 -1.000000 0.000000 -0.000000 -1.000000 0.000000 -0.000000 -1.000000 0.000000 -0.000000 -1.000000 0.000000 -0.000000 -1.000000 0.000000 -0.000000 -1.000000 0.000000 -0.000000 -1.000000 0.000000 -0.000000 -1.000000 0.000000 -0.000000 -1.000000 0.000000 -0.000000 -1.000000 0.000000 -0.000000 -1.000000 0.000000 -0.000000 -1.000000 0.000000 -0.000000 -1.000000 0.000000 -0.000000 -1.000000 0.000000 -0.000000 -1.000000 0.000000 -0.000000 -1.000000 0.000000 -0.000000 -1.000000 0.000000 -0.000000 -1.000000 0.000000 -0.000000 -1.000000 0.000000 -0.000000 -1.000000 0.000000 -0.000000 -1.000000 0.000000 -0.000000 -1.000000 0.000000 -0.000000 -1.000000 0.000000 -0.000000 -1.000000 0.000000 -0.000000 -1.000000 0.000000 -0.000000 -1.000000 0.000000 -0.000000 -1.000000 0.000000 -0.000000 -1.000000 0.000000 -0.000000 -1.000000 0.000000 -0.000000 -1.000000 0.000000 -0.000000 -1.000000 0.000000 -0.000000 -1.000000 0.000000 -0.000000 -1.000000 0.000000 -0.000000 -1.000000 0.000000 -0.000000 -1.000000 0.000000 -0.000000 -1.000000 0.000000 -0.000000 -1.000000 0.000000 -0.000000 -1.000000 0.000000 -0.000000 -1.000000 0.000000 -0.000000 -1.000000 0.000000 -0.000000 -1.000000 0.000000 -0.000000 -1.000000 0.000000 -0.000000 -1.000000 0.000000 -0.000000 -1.000000 0.000000 -0.000000 -1.000000 0.000000 -0.000000 -1.000000 0.000000 -0.000000 -1.000000 0.000000 -0.000000 -1.000000 0.000000 -0.000000 -1.000000 0.000000 -0.000000 -1.000000 0.000000 -0.000000 -1.000000 0.000000 -0.000000 -1.000000 0.000000 -0.000000 -1.000000 0.000000 -0.000000 -1.000000 0.000000 -0.000000 -1.000000 0.000000 -0.000000 -1.000000 0.000000 -0.000000 -1.000000 0.000000 -0.000000 -1.000000 0.000000 -0.000000 -1.000000 0.000000 -0.000000 -1.000000 0.000000 -0.000000 -1.000000 0.000000 -0.000000 -1.000000 0.000000 -0.000000 -1.000000 0.000000 -0.000000 -1.000000 0.000000 -0.000000 -1.000000 0.000000 -0.000000 -1.000000 0.000000 -0.000000 -1.000000 0.000000 -0.000000 -1.000000 0.000000 -0.000000 -1.000000 0.000000 -0.000000 -1.000000 0.000000 -0.000000 -1.000000 0.000000 -0.000000 -1.000000 0.000000 -0.000000 -1.000000 0.000000 -0.000000 -1.000000 0.000000 -0.000000 -1.000000 0.000000 -0.000000 -1.000000 0.000000 -0.000000 -1.000000 0.000000 -0.000000 -1.000000 0.000000 -0.000000 -1.000000 0.000000 -0.000000 -1.000000 0.000000 -0.000000 -1.000000 0.000000 -0.000000 -1.000000 0.000000 -0.000000 -1.000000 0.000000 -0.000000 -1.000000 0.000000 -0.000000 -1.000000 0.000000 -0.000000 -1.000000 0.000000 -0.000000 -1.000000 0.000000 -0.000000 -1.000000 0.000000 -0.000000 -1.000000 0.000000 -0.000000 -1.000000 0.000000 -0.000000 -1.000000 0.000000 -0.000000 -1.000000 0.000000 -0.000000 -1.000000 0.000000 -0.000000 -1.000000 0.000000 -0.000000 -1.000000 0.000000 -0.000000 -1.000000 0.000000 -0.000000 -1.000000 0.000000 -0.000000 -1.000000 0.000000 -0.000000 -1.000000 0.000000 -0.000000 -1.000000 0.000000 -0.000000 -1.000000 0.000000 -0.000000 -1.000000 0.000000 -0.000000 -1.000000 0.000000 -0.000000 -1.000000 0.000000 -0.000000 -1.000000 0.000000 -0.000000 -1.000000 0.000000 -0.000000 -1.000000 0.000000 -0.000000 -1.000000 0.000000 -0.000000 -1.000000 0.000000 -0.000000 -1.000000 0.000000 -0.000000 -1.000000 0.000000 -0.000000 -1.000000 0.000000 -0.000000 -1.000000 0.000000 -0.000000 -1.000000 0.000000 -0.000000 -1.000000 0.000000 -0.000000 -1.000000 0.000000 -0.000000 -1.000000 0.000000 -0.000000 -1.000000 0.000000 -0.000000 -1.000000 0.000000 -0.000000 -1.000000 0.000000 -0.000000 -1.000000 0.000000 -0.000000 -1.000000 0.000000 -0.000000 -1.000000 0.000000 -0.000000 -1.000000 0.000000 -0.000000 -1.000000 0.000000 -0.000000 -1.000000 0.000000 -0.000000 -1.000000 0.000000 -0.000000 -1.000000 0.000000 -0.000000 -1.000000 0.000000 -0.000000 -1.000000 0.000000 -0.000000 -1.000000 0.000000 -0.000000 -1.000000 0.000000 -0.000000 -1.000000 0.000000 -0.000000 -1.000000 0.000000 -0.000000 -1.000000 0.000000 -0.000000 -1.000000 0.000000 -0.000000 -1.000000 0.000000 -0.000000 -1.000000 0.000000 -0.000000 -1.000000 0.000000 -0.000000 -1.000000 0.000000 -0.000000 -1.000000 0.000000 -0.000000 -1.000000 0.000000 -0.000000 -1.000000 0.000000 -0.000000 -1.000000 0.000000 -0.000000 -1.000000 0.000000 -0.000000 -1.000000 0.000000 -0.000000 -1.000000 0.000000 -0.000000 -1.000000 0.000000 -0.000000 -1.000000 0.000000 -0.000000 -1.000000 0.000000 -0.000000 -1.000000 0.000000 -0.000000 -1.000000 0.000000 -0.000000 -1.000000 0.000000 -0.000000 -1.000000 0.000000 -0.000000 -1.000000 0.000000 -0.000000 -1.000000 0.000000 -0.000000 -1.000000 0.000000 -0.000000 -1.000000 0.000000 -0.000000 -1.000000 0.000000 -0.000000 -1.000000 0.000000 -0.000000 -1.000000 0.000000 -0.000000 -1.000000 0.000000 -0.000000 -1.000000 0.000000 -0.000000 -1.000000 0.000000 -0.000000 -1.000000 0.000000 -0.000000 -1.000000 0.000000 -0.000000 -1.000000 0.000000 -0.000000 -1.000000 0.000000 -0.000000 -1.000000 0.000000 -0.000000 -1.000000 0.000000 -0.000000 -1.000000 0.000000 -0.000000 -1.000000 0.000000 -0.000000 -1.000000 0.000000 -0.000000 -1.000000 0.000000 -0.000000 -1.000000 0.000000 -0.000000 -1.000000 0.000000 -0.000000 -1.000000 0.000000 -0.000000 -1.000000 0.000000 -0.000000 -1.000000 0.000000 -0.000000 -1.000000 0.000000 -0.000000 -1.000000 0.000000 -0.000000 -1.000000 0.000000 -0.000000 -1.000000 0.000000 -0.000000 -1.000000 0.000000 -0.000000 -1.000000 0.000000 -0.000000 -1.000000 0.000000 -0.000000 -1.000000 0.000000 -0.000000 -1.000000 0.000000 -0.000000 -1.000000 0.000000 -0.000000 -1.000000 0.000000 -0.000000 -1.000000 0.000000 -0.000000 -1.000000 0.000000 -0.000000 -1.000000 0.000000 -0.000000 -1.000000 0.000000 -0.000000 -1.000000 0.000000 -0.000000 -1.000000 0.000000 -0.000000 -1.000000 0.000000 -0.000000 -1.000000 0.000000 -0.000000 -1.000000 0.000000 -0.000000 -1.000000 0.000000 -0.000000 -1.000000 0.000000 -0.000000 -1.000000 0.000000 -0.000000 -1.000000 0.000000 -0.000000 -1.000000 0.000000 -0.000000 -1.000000 0.000000 -0.000000 -1.000000 0.000000 -0.000000 -1.000000 0.000000 -0.000000 -1.000000 0.000000 -0.000000 -1.000000 0.000000 -0.000000 -1.000000 0.000000 -0.000000 -1.000000 0.000000 -0.000000 -1.000000 0.000000 -0.000000 -1.000000 0.000000 -0.000000 -1.000000 0.000000 -0.000000 -1.000000 0.000000 -0.000000 -1.000000 0.000000 -0.000000 -1.000000 0.000000 -0.000000 -1.000000 0.000000 -0.000000 -1.000000 0.000000 -0.000000 -1.000000 0.000000 -0.000000 -1.000000 0.000000 -0.000000 -1.000000 0.000000 -0.000000 -1.000000 0.000000 -0.000000 -1.000000 0.000000 -0.000000 -1.000000 0.000000 -0.000000 -1.000000 0.000000 -0.000000 -1.000000 0.000000 -0.000000 -1.000000 0.000000 -0.000000 -1.000000 0.000000 -0.000000 -1.000000 0.000000 -0.000000 -1.000000 0.000000 -0.000000 -1.000000 -0.646007 0.763332 -0.000000 -0.646007 0.763332 -0.000000 -0.646007 0.763332 -0.000000 -0.646007 0.763332 -0.000000 -0.676050 0.736856 -0.000000 -0.676050 0.736856 -0.000000 -0.676050 0.736856 -0.000000 -0.676050 0.736856 -0.000000 -0.706305 0.707908 -0.000000 -0.706305 0.707908 -0.000000 -0.706305 0.707908 -0.000000 -0.706305 0.707908 -0.000000 -0.735296 0.677746 -0.000000 -0.735296 0.677746 -0.000000 -0.735296 0.677746 -0.000000 -0.735296 0.677746 -0.000000 -0.762959 0.646447 -0.000000 -0.762959 0.646447 -0.000000 -0.762959 0.646447 -0.000000 -0.762959 0.646447 -0.000000 -0.789335 0.613962 -0.000000 -0.789335 0.613962 -0.000000 -0.789335 0.613962 -0.000000 -0.789335 0.613962 -0.000000 -0.814382 0.580329 -0.000000 -0.814382 0.580329 -0.000000 -0.814382 0.580329 -0.000000 -0.814382 0.580329 -0.000000 -0.837868 0.545872 -0.000000 -0.837868 0.545872 -0.000000 -0.837868 0.545872 -0.000000 -0.837868 0.545872 -0.000000 -0.859933 0.510407 -0.000000 -0.859933 0.510407 -0.000000 -0.859933 0.510407 -0.000000 -0.859933 0.510407 -0.000000 -0.889020 0.457869 -0.000000 -0.889020 0.457869 -0.000000 -0.889020 0.457869 -0.000000 -0.889020 0.457869 -0.000000 -0.907774 0.419459 -0.000000 -0.907774 0.419459 -0.000000 -0.907774 0.419459 -0.000000 -0.907774 0.419459 -0.000000 -0.881689 0.471831 -0.000000 -0.881689 0.471831 -0.000000 -0.881689 0.471831 -0.000000 -0.881689 0.471831 -0.000000 -0.851094 0.525013 -0.000000 -0.851094 0.525013 -0.000000 -0.851094 0.525013 -0.000000 -0.851094 0.525013 -0.000000 -0.812357 0.583161 -0.000000 -0.812357 0.583161 -0.000000 -0.812357 0.583161 -0.000000 -0.812357 0.583161 -0.000000 -0.762679 0.646777 -0.000000 -0.762679 0.646777 -0.000000 -0.762679 0.646777 -0.000000 -0.762679 0.646777 -0.000000 -0.697433 0.716650 -0.000000 -0.697433 0.716650 -0.000000 -0.697433 0.716650 -0.000000 -0.697433 0.716650 -0.000000 -0.610461 0.792047 -0.000000 -0.610461 0.792047 -0.000000 -0.610461 0.792047 -0.000000 -0.610461 0.792047 -0.000000 -0.493130 0.869956 -0.000000 -0.493130 0.869956 -0.000000 -0.493130 0.869956 -0.000000 -0.493130 0.869956 -0.000000 -0.334666 0.942337 -0.000000 -0.334666 0.942337 -0.000000 -0.334666 0.942337 -0.000000 -0.334666 0.942337 -0.000000 -0.128243 0.991743 -0.000000 -0.128243 0.991743 -0.000000 -0.128243 0.991743 -0.000000 -0.128243 0.991743 -0.000000 0.151413 0.988471 0.000000 0.151413 0.988471 0.000000 0.151413 0.988471 0.000000 0.151413 0.988471 0.000000 0.284481 0.958682 0.000000 0.284481 0.958682 0.000000 0.284481 0.958682 0.000000 0.284481 0.958682 0.000000 0.267477 0.963564 0.000000 0.267477 0.963564 0.000000 0.267477 0.963564 0.000000 0.267477 0.963564 0.000000 0.250138 0.968210 0.000000 0.250138 0.968210 0.000000 0.250138 0.968210 0.000000 0.250138 0.968210 0.000000 0.232978 0.972482 0.000000 0.232978 0.972482 0.000000 0.232978 0.972482 0.000000 0.232978 0.972482 0.000000 0.363099 0.931750 0.000000 0.363099 0.931750 0.000000 0.363099 0.931750 0.000000 0.363099 0.931750 0.000000 0.606931 0.794755 0.000000 0.606931 0.794755 0.000000 0.606931 0.794755 0.000000 0.606931 0.794755 0.000000 0.760997 0.648755 0.000000 0.760997 0.648755 0.000000 0.760997 0.648755 0.000000 0.760997 0.648755 0.000000 0.862042 0.506837 0.000000 0.862042 0.506837 0.000000 0.862042 0.506837 0.000000 0.862042 0.506837 0.000000 0.924697 0.380705 0.000000 0.924697 0.380705 0.000000 0.924697 0.380705 0.000000 0.924697 0.380705 0.000000 0.962319 0.271925 0.000000 0.962319 0.271925 0.000000 0.962319 0.271925 0.000000 0.962319 0.271925 0.000000 0.983889 0.178780 0.000000 0.983889 0.178780 0.000000 0.983889 0.178780 0.000000 0.983889 0.178780 0.000000 0.995102 0.098851 0.000000 0.995102 0.098851 0.000000 0.995102 0.098851 0.000000 0.995102 0.098851 0.000000 0.999576 0.029130 0.000000 0.999576 0.029130 0.000000 0.999576 0.029130 0.000000 0.999576 0.029130 0.000000 0.999481 -0.032225 0.000000 0.999481 -0.032225 0.000000 0.999481 -0.032225 0.000000 0.999481 -0.032225 0.000000 0.995885 -0.090623 0.000000 0.995885 -0.090623 0.000000 0.995885 -0.090623 0.000000 0.995885 -0.090623 0.000000 0.998848 -0.047984 0.000000 0.998848 -0.047984 0.000000 0.998848 -0.047984 0.000000 0.998848 -0.047984 0.000000 0.999927 0.012056 0.000000 0.999927 0.012056 0.000000 0.999927 0.012056 0.000000 0.999927 0.012056 0.000000 0.998551 0.053806 0.000000 0.998551 0.053806 0.000000 0.998551 0.053806 0.000000 0.998551 0.053806 0.000000 0.995440 0.095389 0.000000 0.995440 0.095389 0.000000 0.995440 0.095389 0.000000 0.995440 0.095389 0.000000 0.990566 0.137039 0.000000 0.990566 0.137039 0.000000 0.990566 0.137039 0.000000 0.990566 0.137039 0.000000 0.983966 0.178358 0.000000 0.983966 0.178358 0.000000 0.983966 0.178358 0.000000 0.983966 0.178358 0.000000 0.975658 0.219299 0.000000 0.975658 0.219299 0.000000 0.975658 0.219299 0.000000 0.975658 0.219299 0.000000 0.965632 0.259914 0.000000 0.965632 0.259914 0.000000 0.965632 0.259914 0.000000 0.965632 0.259914 0.000000 0.953904 0.300112 0.000000 0.953904 0.300112 0.000000 0.953904 0.300112 0.000000 0.953904 0.300112 0.000000 0.941116 0.338084 0.000000 0.941116 0.338084 0.000000 0.941116 0.338084 0.000000 0.941116 0.338084 0.000000 0.103635 0.994615 0.000000 0.103635 0.994615 0.000000 0.121572 0.992583 0.000000 0.121572 0.992583 0.000000 0.139470 0.990226 0.000000 0.139470 0.990226 0.000000 0.157321 0.987547 0.000000 0.157321 0.987547 0.000000 -0.821545 0.570144 -0.000000 -0.821545 0.570144 -0.000000 -0.821545 0.570144 -0.000000 -0.821545 0.570144 -0.000000 -0.843726 0.536775 -0.000000 -0.843726 0.536775 -0.000000 -0.843726 0.536775 -0.000000 -0.843726 0.536775 -0.000000 -0.865458 0.500982 -0.000000 -0.865458 0.500982 -0.000000 -0.865458 0.500982 -0.000000 -0.865458 0.500982 -0.000000 -0.885654 0.464345 -0.000000 -0.885654 0.464345 -0.000000 -0.885654 0.464345 -0.000000 -0.885654 0.464345 -0.000000 -0.904275 0.426950 -0.000000 -0.904275 0.426950 -0.000000 -0.904275 0.426950 -0.000000 -0.904275 0.426950 -0.000000 -0.921345 0.388747 -0.000000 -0.921345 0.388747 -0.000000 -0.921345 0.388747 -0.000000 -0.921345 0.388747 -0.000000 -0.936833 0.349778 -0.000000 -0.936833 0.349778 -0.000000 -0.936833 0.349778 -0.000000 -0.936833 0.349778 -0.000000 -0.950600 0.310417 -0.000000 -0.950600 0.310417 -0.000000 -0.950600 0.310417 -0.000000 -0.950600 0.310417 -0.000000 -0.962735 0.270445 -0.000000 -0.962735 0.270445 -0.000000 -0.962735 0.270445 -0.000000 -0.962735 0.270445 -0.000000 -0.977232 0.212172 -0.000000 -0.977232 0.212172 -0.000000 -0.977232 0.212172 -0.000000 -0.977232 0.212172 -0.000000 -0.985406 0.170219 -0.000000 -0.985406 0.170219 -0.000000 -0.985406 0.170219 -0.000000 -0.985406 0.170219 -0.000000 -0.973765 0.227557 -0.000000 -0.973765 0.227557 -0.000000 -0.973765 0.227557 -0.000000 -0.973765 0.227557 -0.000000 -0.957976 0.286847 -0.000000 -0.957976 0.286847 -0.000000 -0.957976 0.286847 -0.000000 -0.957976 0.286847 -0.000000 -0.935611 0.353034 -0.000000 -0.935611 0.353034 -0.000000 -0.935611 0.353034 -0.000000 -0.935611 0.353034 -0.000000 -0.904092 0.427337 -0.000000 -0.904092 0.427337 -0.000000 -0.904092 0.427337 -0.000000 -0.904092 0.427337 -0.000000 -0.859149 0.511725 -0.000000 -0.859149 0.511725 -0.000000 -0.859149 0.511725 -0.000000 -0.859149 0.511725 -0.000000 -0.794655 0.607062 -0.000000 -0.794655 0.607062 -0.000000 -0.794655 0.607062 -0.000000 -0.794655 0.607062 -0.000000 -0.701489 0.712680 -0.000000 -0.701489 0.712680 -0.000000 -0.701489 0.712680 -0.000000 -0.701489 0.712680 -0.000000 -0.567157 0.823610 -0.000000 -0.567157 0.823610 -0.000000 -0.567157 0.823610 -0.000000 -0.567157 0.823610 -0.000000 -0.380552 0.924759 -0.000000 -0.380552 0.924759 -0.000000 -0.380552 0.924759 -0.000000 -0.380552 0.924759 -0.000000 -0.109572 0.993979 -0.000000 -0.109572 0.993979 -0.000000 -0.109572 0.993979 -0.000000 -0.109572 0.993979 -0.000000 0.026658 0.999645 0.000000 0.026658 0.999645 0.000000 0.026658 0.999645 0.000000 0.026658 0.999645 0.000000 0.008977 0.999960 0.000000 0.008977 0.999960 0.000000 0.008977 0.999960 0.000000 0.008977 0.999960 0.000000 -0.008974 0.999960 -0.000000 -0.008974 0.999960 -0.000000 -0.008974 0.999960 -0.000000 -0.008974 0.999960 -0.000000 -0.026662 0.999644 -0.000000 -0.026662 0.999644 -0.000000 -0.026662 0.999644 -0.000000 -0.026662 0.999644 -0.000000 0.109582 0.993978 0.000000 0.109582 0.993978 0.000000 0.109582 0.993978 0.000000 0.109582 0.993978 0.000000 0.380555 0.924758 0.000000 0.380555 0.924758 0.000000 0.380555 0.924758 0.000000 0.380555 0.924758 0.000000 0.567158 0.823609 0.000000 0.567158 0.823609 0.000000 0.567158 0.823609 0.000000 0.567158 0.823609 0.000000 0.701488 0.712681 0.000000 0.701488 0.712681 0.000000 0.701488 0.712681 0.000000 0.701488 0.712681 0.000000 0.794656 0.607059 0.000000 0.794656 0.607059 0.000000 0.794656 0.607059 0.000000 0.794656 0.607059 0.000000 0.859151 0.511722 0.000000 0.859151 0.511722 0.000000 0.859151 0.511722 0.000000 0.859151 0.511722 0.000000 0.904090 0.427343 0.000000 0.904090 0.427343 0.000000 0.904090 0.427343 0.000000 0.904090 0.427343 0.000000 0.935609 0.353037 0.000000 0.935609 0.353037 0.000000 0.935609 0.353037 0.000000 0.935609 0.353037 0.000000 0.957977 0.286845 0.000000 0.957977 0.286845 0.000000 0.957977 0.286845 0.000000 0.957977 0.286845 0.000000 0.973765 0.227556 0.000000 0.973765 0.227556 0.000000 0.973765 0.227556 0.000000 0.973765 0.227556 0.000000 0.985407 0.170217 0.000000 0.985407 0.170217 0.000000 0.985407 0.170217 0.000000 0.985407 0.170217 0.000000 0.977232 0.212172 0.000000 0.977232 0.212172 0.000000 0.977232 0.212172 0.000000 0.977232 0.212172 0.000000 0.962735 0.270448 0.000000 0.962735 0.270448 0.000000 0.962735 0.270448 0.000000 0.962735 0.270448 0.000000 0.950601 0.310416 0.000000 0.950601 0.310416 0.000000 0.950601 0.310416 0.000000 0.950601 0.310416 0.000000 0.936833 0.349778 0.000000 0.936833 0.349778 0.000000 0.936833 0.349778 0.000000 0.936833 0.349778 0.000000 0.921345 0.388747 0.000000 0.921345 0.388747 0.000000 0.921345 0.388747 0.000000 0.921345 0.388747 0.000000 0.904275 0.426951 0.000000 0.904275 0.426951 0.000000 0.904275 0.426951 0.000000 0.904275 0.426951 0.000000 0.885655 0.464344 0.000000 0.885655 0.464344 0.000000 0.885655 0.464344 0.000000 0.885655 0.464344 0.000000 0.865458 0.500981 0.000000 0.865458 0.500981 0.000000 0.865458 0.500981 0.000000 0.865458 0.500981 0.000000 0.843726 0.536774 0.000000 0.843726 0.536774 0.000000 0.843726 0.536774 0.000000 0.843726 0.536774 0.000000 0.821544 0.570145 0.000000 0.821544 0.570145 0.000000 0.821544 0.570145 0.000000 0.821544 0.570145 0.000000 -0.157321 0.987548 -0.000000 -0.157321 0.987548 -0.000000 -0.139469 0.990226 -0.000000 -0.139469 0.990226 -0.000000 -0.121572 0.992583 -0.000000 -0.121572 0.992583 -0.000000 -0.103635 0.994615 -0.000000 -0.103635 0.994615 -0.000000 -0.941106 0.338112 -0.000000 -0.941106 0.338112 -0.000000 -0.941106 0.338112 -0.000000 -0.941106 0.338112 -0.000000 -0.953904 0.300112 -0.000000 -0.953904 0.300112 -0.000000 -0.953904 0.300112 -0.000000 -0.953904 0.300112 -0.000000 -0.965632 0.259914 -0.000000 -0.965632 0.259914 -0.000000 -0.965632 0.259914 -0.000000 -0.965632 0.259914 -0.000000 -0.975658 0.219298 -0.000000 -0.975658 0.219298 -0.000000 -0.975658 0.219298 -0.000000 -0.975658 0.219298 -0.000000 -0.983966 0.178358 -0.000000 -0.983966 0.178358 -0.000000 -0.983966 0.178358 -0.000000 -0.983966 0.178358 -0.000000 -0.990565 0.137041 -0.000000 -0.990565 0.137041 -0.000000 -0.990565 0.137041 -0.000000 -0.990565 0.137041 -0.000000 -0.995440 0.095389 -0.000000 -0.995440 0.095389 -0.000000 -0.995440 0.095389 -0.000000 -0.995440 0.095389 -0.000000 -0.998551 0.053806 -0.000000 -0.998551 0.053806 -0.000000 -0.998551 0.053806 -0.000000 -0.998551 0.053806 -0.000000 -0.999927 0.012057 -0.000000 -0.999927 0.012057 -0.000000 -0.999927 0.012057 -0.000000 -0.999927 0.012057 -0.000000 -0.998848 -0.047985 -0.000000 -0.998848 -0.047985 -0.000000 -0.998848 -0.047985 -0.000000 -0.998848 -0.047985 -0.000000 -0.995885 -0.090624 -0.000000 -0.995885 -0.090624 -0.000000 -0.995885 -0.090624 -0.000000 -0.995885 -0.090624 -0.000000 -0.999481 -0.032224 -0.000000 -0.999481 -0.032224 -0.000000 -0.999481 -0.032224 -0.000000 -0.999481 -0.032224 -0.000000 -0.999576 0.029132 -0.000000 -0.999576 0.029132 -0.000000 -0.999576 0.029132 -0.000000 -0.999576 0.029132 -0.000000 -0.995102 0.098852 -0.000000 -0.995102 0.098852 -0.000000 -0.995102 0.098852 -0.000000 -0.995102 0.098852 -0.000000 -0.983889 0.178783 -0.000000 -0.983889 0.178783 -0.000000 -0.983889 0.178783 -0.000000 -0.983889 0.178783 -0.000000 -0.962320 0.271919 -0.000000 -0.962320 0.271919 -0.000000 -0.962320 0.271919 -0.000000 -0.962320 0.271919 -0.000000 -0.924697 0.380703 -0.000000 -0.924697 0.380703 -0.000000 -0.924697 0.380703 -0.000000 -0.924697 0.380703 -0.000000 -0.862046 0.506830 -0.000000 -0.862046 0.506830 -0.000000 -0.862046 0.506830 -0.000000 -0.862046 0.506830 -0.000000 -0.760986 0.648769 -0.000000 -0.760986 0.648769 -0.000000 -0.760986 0.648769 -0.000000 -0.760986 0.648769 -0.000000 -0.606949 0.794741 -0.000000 -0.606949 0.794741 -0.000000 -0.606949 0.794741 -0.000000 -0.606949 0.794741 -0.000000 -0.363110 0.931746 -0.000000 -0.363110 0.931746 -0.000000 -0.363110 0.931746 -0.000000 -0.363110 0.931746 -0.000000 -0.232971 0.972484 -0.000000 -0.232971 0.972484 -0.000000 -0.232971 0.972484 -0.000000 -0.232971 0.972484 -0.000000 -0.250139 0.968210 -0.000000 -0.250139 0.968210 -0.000000 -0.250139 0.968210 -0.000000 -0.250139 0.968210 -0.000000 -0.267481 0.963563 -0.000000 -0.267481 0.963563 -0.000000 -0.267481 0.963563 -0.000000 -0.267481 0.963563 -0.000000 -0.284479 0.958682 -0.000000 -0.284479 0.958682 -0.000000 -0.284479 0.958682 -0.000000 -0.284479 0.958682 -0.000000 -0.151392 0.988474 -0.000000 -0.151392 0.988474 -0.000000 -0.151392 0.988474 -0.000000 -0.151392 0.988474 -0.000000 0.128242 0.991743 0.000000 0.128242 0.991743 0.000000 0.128242 0.991743 0.000000 0.128242 0.991743 0.000000 0.334656 0.942341 0.000000 0.334656 0.942341 0.000000 0.334656 0.942341 0.000000 0.334656 0.942341 0.000000 0.493120 0.869961 0.000000 0.493120 0.869961 0.000000 0.493120 0.869961 0.000000 0.493120 0.869961 0.000000 0.610463 0.792045 0.000000 0.610463 0.792045 0.000000 0.610463 0.792045 0.000000 0.610463 0.792045 0.000000 0.697434 0.716649 0.000000 0.697434 0.716649 0.000000 0.697434 0.716649 0.000000 0.697434 0.716649 0.000000 0.762685 0.646770 0.000000 0.762685 0.646770 0.000000 0.762685 0.646770 0.000000 0.762685 0.646770 0.000000 0.812361 0.583155 0.000000 0.812361 0.583155 0.000000 0.812361 0.583155 0.000000 0.812361 0.583155 0.000000 0.851088 0.525023 0.000000 0.851088 0.525023 0.000000 0.851088 0.525023 0.000000 0.851088 0.525023 0.000000 0.881689 0.471830 0.000000 0.881689 0.471830 0.000000 0.881689 0.471830 0.000000 0.881689 0.471830 0.000000 0.907773 0.419462 0.000000 0.907773 0.419462 0.000000 0.907773 0.419462 0.000000 0.907773 0.419462 0.000000 0.889020 0.457868 0.000000 0.889020 0.457868 0.000000 0.889020 0.457868 0.000000 0.889020 0.457868 0.000000 0.859934 0.510405 0.000000 0.859934 0.510405 0.000000 0.859934 0.510405 0.000000 0.859934 0.510405 0.000000 0.837869 0.545871 0.000000 0.837869 0.545871 0.000000 0.837869 0.545871 0.000000 0.837869 0.545871 0.000000 0.814381 0.580330 0.000000 0.814381 0.580330 0.000000 0.814381 0.580330 0.000000 0.814381 0.580330 0.000000 0.789335 0.613963 0.000000 0.789335 0.613963 0.000000 0.789335 0.613963 0.000000 0.789335 0.613963 0.000000 0.762960 0.646445 0.000000 0.762960 0.646445 0.000000 0.762960 0.646445 0.000000 0.762960 0.646445 0.000000 0.735295 0.677747 0.000000 0.735295 0.677747 0.000000 0.735295 0.677747 0.000000 0.735295 0.677747 0.000000 0.706304 0.707908 0.000000 0.706304 0.707908 0.000000 0.706304 0.707908 0.000000 0.706304 0.707908 0.000000 0.676049 0.736857 0.000000 0.676049 0.736857 0.000000 0.676049 0.736857 0.000000 0.676049 0.736857 0.000000 0.645988 0.763348 0.000000 0.645988 0.763348 0.000000 0.645988 0.763348 0.000000 0.645988 0.763348 0.000000 -0.407557 0.913180 -0.000000 -0.407557 0.913180 -0.000000 -0.391006 0.920388 -0.000000 -0.391006 0.920388 -0.000000 -0.374329 0.927296 -0.000000 -0.374329 0.927296 -0.000000 -0.357529 0.933902 -0.000000 -0.357529 0.933902 -0.000000 -0.996549 0.083003 -0.000000 -0.996549 0.083003 -0.000000 -0.996549 0.083003 -0.000000 -0.996549 0.083003 -0.000000 -0.999075 0.042995 -0.000000 -0.999075 0.042995 -0.000000 -0.999075 0.042995 -0.000000 -0.999075 0.042995 -0.000000 -0.999999 0.001136 -0.000000 -0.999999 0.001136 -0.000000 -0.999999 0.001136 -0.000000 -0.999999 0.001136 -0.000000 -0.999172 -0.040696 -0.000000 -0.999172 -0.040696 -0.000000 -0.999172 -0.040696 -0.000000 -0.999172 -0.040696 -0.000000 -0.996601 -0.082386 -0.000000 -0.996601 -0.082386 -0.000000 -0.996601 -0.082386 -0.000000 -0.996601 -0.082386 -0.000000 -0.992282 -0.124005 -0.000000 -0.992282 -0.124005 -0.000000 -0.992282 -0.124005 -0.000000 -0.992282 -0.124005 -0.000000 -0.986209 -0.165504 -0.000000 -0.986209 -0.165504 -0.000000 -0.986209 -0.165504 -0.000000 -0.986209 -0.165504 -0.000000 -0.978453 -0.206470 -0.000000 -0.978453 -0.206470 -0.000000 -0.978453 -0.206470 -0.000000 -0.978453 -0.206470 -0.000000 -0.968976 -0.247154 -0.000000 -0.968976 -0.247154 -0.000000 -0.968976 -0.247154 -0.000000 -0.968976 -0.247154 -0.000000 -0.952395 -0.304868 -0.000000 -0.952395 -0.304868 -0.000000 -0.952395 -0.304868 -0.000000 -0.952395 -0.304868 -0.000000 -0.938495 -0.345292 -0.000000 -0.938495 -0.345292 -0.000000 -0.938495 -0.345292 -0.000000 -0.938495 -0.345292 -0.000000 -0.957083 -0.289814 -0.000000 -0.957083 -0.289814 -0.000000 -0.957083 -0.289814 -0.000000 -0.957083 -0.289814 -0.000000 -0.973055 -0.230575 -0.000000 -0.973055 -0.230575 -0.000000 -0.973055 -0.230575 -0.000000 -0.973055 -0.230575 -0.000000 -0.986782 -0.162056 -0.000000 -0.986782 -0.162056 -0.000000 -0.986782 -0.162056 -0.000000 -0.986782 -0.162056 -0.000000 -0.996636 -0.081961 -0.000000 -0.996636 -0.081961 -0.000000 -0.996636 -0.081961 -0.000000 -0.996636 -0.081961 -0.000000 -0.999908 0.013571 -0.000000 -0.999908 0.013571 -0.000000 -0.999908 0.013571 -0.000000 -0.999908 0.013571 -0.000000 -0.991722 0.128404 -0.000000 -0.991722 0.128404 -0.000000 -0.991722 0.128404 -0.000000 -0.991722 0.128404 -0.000000 -0.963844 0.266465 -0.000000 -0.963844 0.266465 -0.000000 -0.963844 0.266465 -0.000000 -0.963844 0.266465 -0.000000 -0.902980 0.429683 -0.000000 -0.902980 0.429683 -0.000000 -0.902980 0.429683 -0.000000 -0.902980 0.429683 -0.000000 -0.791953 0.610582 -0.000000 -0.791953 0.610582 -0.000000 -0.791953 0.610582 -0.000000 -0.791953 0.610582 -0.000000 -0.591889 0.806020 -0.000000 -0.591889 0.806020 -0.000000 -0.591889 0.806020 -0.000000 -0.591889 0.806020 -0.000000 -0.476732 0.879049 -0.000000 -0.476732 0.879049 -0.000000 -0.476732 0.879049 -0.000000 -0.476732 0.879049 -0.000000 -0.492209 0.870477 -0.000000 -0.492209 0.870477 -0.000000 -0.492209 0.870477 -0.000000 -0.492209 0.870477 -0.000000 -0.507751 0.861504 -0.000000 -0.507751 0.861504 -0.000000 -0.507751 0.861504 -0.000000 -0.507751 0.861504 -0.000000 -0.522913 0.852386 -0.000000 -0.522913 0.852386 -0.000000 -0.522913 0.852386 -0.000000 -0.522913 0.852386 -0.000000 -0.402079 0.915605 -0.000000 -0.402079 0.915605 -0.000000 -0.402079 0.915605 -0.000000 -0.402079 0.915605 -0.000000 -0.132810 0.991141 -0.000000 -0.132810 0.991141 -0.000000 -0.132810 0.991141 -0.000000 -0.132810 0.991141 -0.000000 0.079358 0.996846 0.000000 0.079358 0.996846 0.000000 0.079358 0.996846 0.000000 0.079358 0.996846 0.000000 0.251177 0.967941 0.000000 0.251177 0.967941 0.000000 0.251177 0.967941 0.000000 0.251177 0.967941 0.000000 0.384663 0.923057 0.000000 0.384663 0.923057 0.000000 0.384663 0.923057 0.000000 0.384663 0.923057 0.000000 0.488197 0.872734 0.000000 0.488197 0.872734 0.000000 0.488197 0.872734 0.000000 0.488197 0.872734 0.000000 0.569291 0.822136 0.000000 0.569291 0.822136 0.000000 0.569291 0.822136 0.000000 0.569291 0.822136 0.000000 0.633742 0.773544 0.000000 0.633742 0.773544 0.000000 0.633742 0.773544 0.000000 0.633742 0.773544 0.000000 0.686207 0.727406 0.000000 0.686207 0.727406 0.000000 0.686207 0.727406 0.000000 0.686207 0.727406 0.000000 0.729525 0.683954 0.000000 0.729525 0.683954 0.000000 0.729525 0.683954 0.000000 0.729525 0.683954 0.000000 0.768279 0.640115 0.000000 0.768279 0.640115 0.000000 0.768279 0.640115 0.000000 0.768279 0.640115 0.000000 0.740222 0.672363 0.000000 0.740222 0.672363 0.000000 0.740222 0.672363 0.000000 0.740222 0.672363 0.000000 0.698531 0.715580 0.000000 0.698531 0.715580 0.000000 0.698531 0.715580 0.000000 0.698531 0.715580 0.000000 0.668036 0.744129 0.000000 0.668036 0.744129 0.000000 0.668036 0.744129 0.000000 0.668036 0.744129 0.000000 0.636431 0.771333 0.000000 0.636431 0.771333 0.000000 0.636431 0.771333 0.000000 0.636431 0.771333 0.000000 0.603534 0.797337 0.000000 0.603534 0.797337 0.000000 0.603534 0.797337 0.000000 0.603534 0.797337 0.000000 0.569650 0.821887 0.000000 0.569650 0.821887 0.000000 0.569650 0.821887 0.000000 0.569650 0.821887 0.000000 0.534826 0.844962 0.000000 0.534826 0.844962 0.000000 0.534826 0.844962 0.000000 0.534826 0.844962 0.000000 0.499017 0.866592 0.000000 0.499017 0.866592 0.000000 0.499017 0.866592 0.000000 0.499017 0.866592 0.000000 0.462300 0.886723 0.000000 0.462300 0.886723 0.000000 0.462300 0.886723 0.000000 0.462300 0.886723 0.000000 0.426407 0.904531 0.000000 0.426407 0.904531 0.000000 0.426407 0.904531 0.000000 0.426407 0.904531 0.000000 -0.630018 0.776581 -0.000000 -0.630018 0.776581 -0.000000 -0.615897 0.787826 -0.000000 -0.615897 0.787826 -0.000000 -0.601576 0.798816 -0.000000 -0.601576 0.798816 -0.000000 -0.587059 0.809544 -0.000000 -0.587059 0.809544 -0.000000 -0.984073 -0.177767 -0.000000 -0.984073 -0.177767 -0.000000 -0.984073 -0.177767 -0.000000 -0.984073 -0.177767 -0.000000 -0.976161 -0.217047 -0.000000 -0.976161 -0.217047 -0.000000 -0.976161 -0.217047 -0.000000 -0.976161 -0.217047 -0.000000 -0.966219 -0.257723 -0.000000 -0.966219 -0.257723 -0.000000 -0.966219 -0.257723 -0.000000 -0.966219 -0.257723 -0.000000 -0.954594 -0.297910 -0.000000 -0.954594 -0.297910 -0.000000 -0.954594 -0.297910 -0.000000 -0.954594 -0.297910 -0.000000 -0.941318 -0.337520 -0.000000 -0.941318 -0.337520 -0.000000 -0.941318 -0.337520 -0.000000 -0.941318 -0.337520 -0.000000 -0.926375 -0.376604 -0.000000 -0.926375 -0.376604 -0.000000 -0.926375 -0.376604 -0.000000 -0.926375 -0.376604 -0.000000 -0.909771 -0.415110 -0.000000 -0.909771 -0.415110 -0.000000 -0.909771 -0.415110 -0.000000 -0.909771 -0.415110 -0.000000 -0.891674 -0.452679 -0.000000 -0.891674 -0.452679 -0.000000 -0.891674 -0.452679 -0.000000 -0.891674 -0.452679 -0.000000 -0.871990 -0.489523 -0.000000 -0.871990 -0.489523 -0.000000 -0.871990 -0.489523 -0.000000 -0.871990 -0.489523 -0.000000 -0.841036 -0.540979 -0.000000 -0.841036 -0.540979 -0.000000 -0.841036 -0.540979 -0.000000 -0.841036 -0.540979 -0.000000 -0.817149 -0.576427 -0.000000 -0.817149 -0.576427 -0.000000 -0.817149 -0.576427 -0.000000 -0.817149 -0.576427 -0.000000 -0.849464 -0.527647 -0.000000 -0.849464 -0.527647 -0.000000 -0.849464 -0.527647 -0.000000 -0.849464 -0.527647 -0.000000 -0.880224 -0.474558 -0.000000 -0.880224 -0.474558 -0.000000 -0.880224 -0.474558 -0.000000 -0.880224 -0.474558 -0.000000 -0.911211 -0.411940 -0.000000 -0.911211 -0.411940 -0.000000 -0.911211 -0.411940 -0.000000 -0.911211 -0.411940 -0.000000 -0.941466 -0.337109 -0.000000 -0.941466 -0.337109 -0.000000 -0.941466 -0.337109 -0.000000 -0.941466 -0.337109 -0.000000 -0.969351 -0.245682 -0.000000 -0.969351 -0.245682 -0.000000 -0.969351 -0.245682 -0.000000 -0.969351 -0.245682 -0.000000 -0.991163 -0.132651 -0.000000 -0.991163 -0.132651 -0.000000 -0.991163 -0.132651 -0.000000 -0.991163 -0.132651 -0.000000 -0.999969 0.007903 -0.000000 -0.999969 0.007903 -0.000000 -0.999969 0.007903 -0.000000 -0.999969 0.007903 -0.000000 -0.983419 0.181349 -0.000000 -0.983419 0.181349 -0.000000 -0.983419 0.181349 -0.000000 -0.983419 0.181349 -0.000000 -0.922995 0.384811 -0.000000 -0.922995 0.384811 -0.000000 -0.922995 0.384811 -0.000000 -0.922995 0.384811 -0.000000 -0.780341 0.625355 -0.000000 -0.780341 0.625355 -0.000000 -0.780341 0.625355 -0.000000 -0.780341 0.625355 -0.000000 -0.688002 0.725709 -0.000000 -0.688002 0.725709 -0.000000 -0.688002 0.725709 -0.000000 -0.688002 0.725709 -0.000000 -0.700733 0.713424 -0.000000 -0.700733 0.713424 -0.000000 -0.700733 0.713424 -0.000000 -0.700733 0.713424 -0.000000 -0.713423 0.700733 -0.000000 -0.713423 0.700733 -0.000000 -0.713423 0.700733 -0.000000 -0.713423 0.700733 -0.000000 -0.725709 0.688002 -0.000000 -0.725709 0.688002 -0.000000 -0.725709 0.688002 -0.000000 -0.725709 0.688002 -0.000000 -0.625363 0.780334 -0.000000 -0.625363 0.780334 -0.000000 -0.625363 0.780334 -0.000000 -0.625363 0.780334 -0.000000 -0.384804 0.922998 -0.000000 -0.384804 0.922998 -0.000000 -0.384804 0.922998 -0.000000 -0.384804 0.922998 -0.000000 -0.181334 0.983422 -0.000000 -0.181334 0.983422 -0.000000 -0.181334 0.983422 -0.000000 -0.181334 0.983422 -0.000000 -0.007925 0.999969 -0.000000 -0.007925 0.999969 -0.000000 -0.007925 0.999969 -0.000000 -0.007925 0.999969 -0.000000 0.132648 0.991163 0.000000 0.132648 0.991163 0.000000 0.132648 0.991163 0.000000 0.132648 0.991163 0.000000 0.245687 0.969349 0.000000 0.245687 0.969349 0.000000 0.245687 0.969349 0.000000 0.245687 0.969349 0.000000 0.337116 0.941463 0.000000 0.337116 0.941463 0.000000 0.337116 0.941463 0.000000 0.337116 0.941463 0.000000 0.411932 0.911215 0.000000 0.411932 0.911215 0.000000 0.411932 0.911215 0.000000 0.411932 0.911215 0.000000 0.474563 0.880221 0.000000 0.474563 0.880221 0.000000 0.474563 0.880221 0.000000 0.474563 0.880221 0.000000 0.527650 0.849462 0.000000 0.527650 0.849462 0.000000 0.527650 0.849462 0.000000 0.527650 0.849462 0.000000 0.576426 0.817149 0.000000 0.576426 0.817149 0.000000 0.576426 0.817149 0.000000 0.576426 0.817149 0.000000 0.540978 0.841037 0.000000 0.540978 0.841037 0.000000 0.540978 0.841037 0.000000 0.540978 0.841037 0.000000 0.489522 0.871991 0.000000 0.489522 0.871991 0.000000 0.489522 0.871991 0.000000 0.489522 0.871991 0.000000 0.452677 0.891675 0.000000 0.452677 0.891675 0.000000 0.452677 0.891675 0.000000 0.452677 0.891675 0.000000 0.415115 0.909769 0.000000 0.415115 0.909769 0.000000 0.415115 0.909769 0.000000 0.415115 0.909769 0.000000 0.376601 0.926376 0.000000 0.376601 0.926376 0.000000 0.376601 0.926376 0.000000 0.376601 0.926376 0.000000 0.337518 0.941319 0.000000 0.337518 0.941319 0.000000 0.337518 0.941319 0.000000 0.337518 0.941319 0.000000 0.297914 0.954593 0.000000 0.297914 0.954593 0.000000 0.297914 0.954593 0.000000 0.297914 0.954593 0.000000 0.257722 0.966219 0.000000 0.257722 0.966219 0.000000 0.257722 0.966219 0.000000 0.257722 0.966219 0.000000 0.217050 0.976161 0.000000 0.217050 0.976161 0.000000 0.217050 0.976161 0.000000 0.217050 0.976161 0.000000 0.177766 0.984073 0.000000 0.177766 0.984073 0.000000 0.177766 0.984073 0.000000 0.177766 0.984073 0.000000 -0.809545 0.587058 -0.000000 -0.809545 0.587058 -0.000000 -0.798816 0.601576 -0.000000 -0.798816 0.601576 -0.000000 -0.787826 0.615897 -0.000000 -0.787826 0.615897 -0.000000 -0.776581 0.630018 -0.000000 -0.776581 0.630018 -0.000000 -0.904526 -0.426418 -0.000000 -0.904526 -0.426418 -0.000000 -0.904526 -0.426418 -0.000000 -0.904526 -0.426418 -0.000000 -0.886723 -0.462301 -0.000000 -0.886723 -0.462301 -0.000000 -0.886723 -0.462301 -0.000000 -0.886723 -0.462301 -0.000000 -0.866592 -0.499017 -0.000000 -0.866592 -0.499017 -0.000000 -0.866592 -0.499017 -0.000000 -0.866592 -0.499017 -0.000000 -0.844962 -0.534827 -0.000000 -0.844962 -0.534827 -0.000000 -0.844962 -0.534827 -0.000000 -0.844962 -0.534827 -0.000000 -0.821887 -0.569651 -0.000000 -0.821887 -0.569651 -0.000000 -0.821887 -0.569651 -0.000000 -0.821887 -0.569651 -0.000000 -0.797338 -0.603533 -0.000000 -0.797338 -0.603533 -0.000000 -0.797338 -0.603533 -0.000000 -0.797338 -0.603533 -0.000000 -0.771333 -0.636431 -0.000000 -0.771333 -0.636431 -0.000000 -0.771333 -0.636431 -0.000000 -0.771333 -0.636431 -0.000000 -0.744128 -0.668037 -0.000000 -0.744128 -0.668037 -0.000000 -0.744128 -0.668037 -0.000000 -0.744128 -0.668037 -0.000000 -0.715581 -0.698530 -0.000000 -0.715581 -0.698530 -0.000000 -0.715581 -0.698530 -0.000000 -0.715581 -0.698530 -0.000000 -0.672362 -0.740223 -0.000000 -0.672362 -0.740223 -0.000000 -0.672362 -0.740223 -0.000000 -0.672362 -0.740223 -0.000000 -0.640118 -0.768276 -0.000000 -0.640118 -0.768276 -0.000000 -0.640118 -0.768276 -0.000000 -0.640118 -0.768276 -0.000000 -0.683951 -0.729528 -0.000000 -0.683951 -0.729528 -0.000000 -0.683951 -0.729528 -0.000000 -0.683951 -0.729528 -0.000000 -0.727411 -0.686202 -0.000000 -0.727411 -0.686202 -0.000000 -0.727411 -0.686202 -0.000000 -0.727411 -0.686202 -0.000000 -0.773539 -0.633748 -0.000000 -0.773539 -0.633748 -0.000000 -0.773539 -0.633748 -0.000000 -0.773539 -0.633748 -0.000000 -0.822130 -0.569300 -0.000000 -0.822130 -0.569300 -0.000000 -0.822130 -0.569300 -0.000000 -0.822130 -0.569300 -0.000000 -0.872739 -0.488187 -0.000000 -0.872739 -0.488187 -0.000000 -0.872739 -0.488187 -0.000000 -0.872739 -0.488187 -0.000000 -0.923056 -0.384665 -0.000000 -0.923056 -0.384665 -0.000000 -0.923056 -0.384665 -0.000000 -0.923056 -0.384665 -0.000000 -0.967947 -0.251155 -0.000000 -0.967947 -0.251155 -0.000000 -0.967947 -0.251155 -0.000000 -0.967947 -0.251155 -0.000000 -0.996846 -0.079357 -0.000000 -0.996846 -0.079357 -0.000000 -0.996846 -0.079357 -0.000000 -0.996846 -0.079357 -0.000000 -0.991142 0.132810 -0.000000 -0.991142 0.132810 -0.000000 -0.991142 0.132810 -0.000000 -0.991142 0.132810 -0.000000 -0.915609 0.402069 -0.000000 -0.915609 0.402069 -0.000000 -0.915609 0.402069 -0.000000 -0.915609 0.402069 -0.000000 -0.852387 0.522911 -0.000000 -0.852387 0.522911 -0.000000 -0.852387 0.522911 -0.000000 -0.852387 0.522911 -0.000000 -0.861501 0.507755 -0.000000 -0.861501 0.507755 -0.000000 -0.861501 0.507755 -0.000000 -0.861501 0.507755 -0.000000 -0.870478 0.492207 -0.000000 -0.870478 0.492207 -0.000000 -0.870478 0.492207 -0.000000 -0.870478 0.492207 -0.000000 -0.879050 0.476730 -0.000000 -0.879050 0.476730 -0.000000 -0.879050 0.476730 -0.000000 -0.879050 0.476730 -0.000000 -0.806018 0.591891 -0.000000 -0.806018 0.591891 -0.000000 -0.806018 0.591891 -0.000000 -0.806018 0.591891 -0.000000 -0.610571 0.791962 -0.000000 -0.610571 0.791962 -0.000000 -0.610571 0.791962 -0.000000 -0.610571 0.791962 -0.000000 -0.429705 0.902969 -0.000000 -0.429705 0.902969 -0.000000 -0.429705 0.902969 -0.000000 -0.429705 0.902969 -0.000000 -0.266446 0.963850 -0.000000 -0.266446 0.963850 -0.000000 -0.266446 0.963850 -0.000000 -0.266446 0.963850 -0.000000 -0.128402 0.991722 -0.000000 -0.128402 0.991722 -0.000000 -0.128402 0.991722 -0.000000 -0.128402 0.991722 -0.000000 -0.013587 0.999908 -0.000000 -0.013587 0.999908 -0.000000 -0.013587 0.999908 -0.000000 -0.013587 0.999908 -0.000000 0.081958 0.996636 0.000000 0.081958 0.996636 0.000000 0.081958 0.996636 0.000000 0.081958 0.996636 0.000000 0.162068 0.986780 0.000000 0.162068 0.986780 0.000000 0.162068 0.986780 0.000000 0.162068 0.986780 0.000000 0.230570 0.973056 0.000000 0.230570 0.973056 0.000000 0.230570 0.973056 0.000000 0.230570 0.973056 0.000000 0.289811 0.957084 0.000000 0.289811 0.957084 0.000000 0.289811 0.957084 0.000000 0.289811 0.957084 0.000000 0.345290 0.938496 0.000000 0.345290 0.938496 0.000000 0.345290 0.938496 0.000000 0.345290 0.938496 0.000000 0.304871 0.952394 0.000000 0.304871 0.952394 0.000000 0.304871 0.952394 0.000000 0.304871 0.952394 0.000000 0.247154 0.968976 0.000000 0.247154 0.968976 0.000000 0.247154 0.968976 0.000000 0.247154 0.968976 0.000000 0.206472 0.978453 0.000000 0.206472 0.978453 0.000000 0.206472 0.978453 0.000000 0.206472 0.978453 0.000000 0.165500 0.986210 0.000000 0.165500 0.986210 0.000000 0.165500 0.986210 0.000000 0.165500 0.986210 0.000000 0.124006 0.992282 0.000000 0.124006 0.992282 0.000000 0.124006 0.992282 0.000000 0.124006 0.992282 0.000000 0.082388 0.996600 0.000000 0.082388 0.996600 0.000000 0.082388 0.996600 0.000000 0.082388 0.996600 0.000000 0.040693 0.999172 0.000000 0.040693 0.999172 0.000000 0.040693 0.999172 0.000000 0.040693 0.999172 0.000000 -0.001134 0.999999 -0.000000 -0.001134 0.999999 -0.000000 -0.001134 0.999999 -0.000000 -0.001134 0.999999 -0.000000 -0.042997 0.999075 -0.000000 -0.042997 0.999075 -0.000000 -0.042997 0.999075 -0.000000 -0.042997 0.999075 -0.000000 -0.082986 0.996551 -0.000000 -0.082986 0.996551 -0.000000 -0.082986 0.996551 -0.000000 -0.082986 0.996551 -0.000000 -0.933902 0.357529 -0.000000 -0.933902 0.357529 -0.000000 -0.927296 0.374329 -0.000000 -0.927296 0.374329 -0.000000 -0.920388 0.391006 -0.000000 -0.920388 0.391006 -0.000000 -0.913180 0.407557 -0.000000 -0.913180 0.407557 -0.000000 -0.763332 -0.646007 -0.000000 -0.763332 -0.646007 -0.000000 -0.763332 -0.646007 -0.000000 -0.763332 -0.646007 -0.000000 -0.736856 -0.676050 -0.000000 -0.736856 -0.676050 -0.000000 -0.736856 -0.676050 -0.000000 -0.736856 -0.676050 -0.000000 -0.707908 -0.706305 -0.000000 -0.707908 -0.706305 -0.000000 -0.707908 -0.706305 -0.000000 -0.707908 -0.706305 -0.000000 -0.677746 -0.735296 -0.000000 -0.677746 -0.735296 -0.000000 -0.677746 -0.735296 -0.000000 -0.677746 -0.735296 -0.000000 -0.646447 -0.762959 -0.000000 -0.646447 -0.762959 -0.000000 -0.646447 -0.762959 -0.000000 -0.646447 -0.762959 -0.000000 -0.613962 -0.789335 -0.000000 -0.613962 -0.789335 -0.000000 -0.613962 -0.789335 -0.000000 -0.613962 -0.789335 -0.000000 -0.580329 -0.814382 -0.000000 -0.580329 -0.814382 -0.000000 -0.580329 -0.814382 -0.000000 -0.580329 -0.814382 -0.000000 -0.545872 -0.837868 -0.000000 -0.545872 -0.837868 -0.000000 -0.545872 -0.837868 -0.000000 -0.545872 -0.837868 -0.000000 -0.510407 -0.859933 -0.000000 -0.510407 -0.859933 -0.000000 -0.510407 -0.859933 -0.000000 -0.510407 -0.859933 -0.000000 -0.457869 -0.889020 -0.000000 -0.457869 -0.889020 -0.000000 -0.457869 -0.889020 -0.000000 -0.457869 -0.889020 -0.000000 -0.419459 -0.907774 -0.000000 -0.419459 -0.907774 -0.000000 -0.419459 -0.907774 -0.000000 -0.419459 -0.907774 -0.000000 -0.471831 -0.881689 -0.000000 -0.471831 -0.881689 -0.000000 -0.471831 -0.881689 -0.000000 -0.471831 -0.881689 -0.000000 -0.525013 -0.851094 -0.000000 -0.525013 -0.851094 -0.000000 -0.525013 -0.851094 -0.000000 -0.525013 -0.851094 -0.000000 -0.583161 -0.812357 -0.000000 -0.583161 -0.812357 -0.000000 -0.583161 -0.812357 -0.000000 -0.583161 -0.812357 -0.000000 -0.646777 -0.762679 -0.000000 -0.646777 -0.762679 -0.000000 -0.646777 -0.762679 -0.000000 -0.646777 -0.762679 -0.000000 -0.716650 -0.697433 -0.000000 -0.716650 -0.697433 -0.000000 -0.716650 -0.697433 -0.000000 -0.716650 -0.697433 -0.000000 -0.792047 -0.610461 -0.000000 -0.792047 -0.610461 -0.000000 -0.792047 -0.610461 -0.000000 -0.792047 -0.610461 -0.000000 -0.869956 -0.493130 -0.000000 -0.869956 -0.493130 -0.000000 -0.869956 -0.493130 -0.000000 -0.869956 -0.493130 -0.000000 -0.942337 -0.334666 -0.000000 -0.942337 -0.334666 -0.000000 -0.942337 -0.334666 -0.000000 -0.942337 -0.334666 -0.000000 -0.991743 -0.128243 -0.000000 -0.991743 -0.128243 -0.000000 -0.991743 -0.128243 -0.000000 -0.991743 -0.128243 -0.000000 -0.988471 0.151413 -0.000000 -0.988471 0.151413 -0.000000 -0.988471 0.151413 -0.000000 -0.988471 0.151413 -0.000000 -0.958682 0.284481 -0.000000 -0.958682 0.284481 -0.000000 -0.958682 0.284481 -0.000000 -0.958682 0.284481 -0.000000 -0.963564 0.267477 -0.000000 -0.963564 0.267477 -0.000000 -0.963564 0.267477 -0.000000 -0.963564 0.267477 -0.000000 -0.968210 0.250138 -0.000000 -0.968210 0.250138 -0.000000 -0.968210 0.250138 -0.000000 -0.968210 0.250138 -0.000000 -0.972482 0.232978 -0.000000 -0.972482 0.232978 -0.000000 -0.972482 0.232978 -0.000000 -0.972482 0.232978 -0.000000 -0.931750 0.363099 -0.000000 -0.931750 0.363099 -0.000000 -0.931750 0.363099 -0.000000 -0.931750 0.363099 -0.000000 -0.794755 0.606931 -0.000000 -0.794755 0.606931 -0.000000 -0.794755 0.606931 -0.000000 -0.794755 0.606931 -0.000000 -0.648755 0.760997 -0.000000 -0.648755 0.760997 -0.000000 -0.648755 0.760997 -0.000000 -0.648755 0.760997 -0.000000 -0.506837 0.862042 -0.000000 -0.506837 0.862042 -0.000000 -0.506837 0.862042 -0.000000 -0.506837 0.862042 -0.000000 -0.380705 0.924697 -0.000000 -0.380705 0.924697 -0.000000 -0.380705 0.924697 -0.000000 -0.380705 0.924697 -0.000000 -0.271925 0.962319 -0.000000 -0.271925 0.962319 -0.000000 -0.271925 0.962319 -0.000000 -0.271925 0.962319 -0.000000 -0.178780 0.983889 -0.000000 -0.178780 0.983889 -0.000000 -0.178780 0.983889 -0.000000 -0.178780 0.983889 -0.000000 -0.098851 0.995102 -0.000000 -0.098851 0.995102 -0.000000 -0.098851 0.995102 -0.000000 -0.098851 0.995102 -0.000000 -0.029130 0.999576 -0.000000 -0.029130 0.999576 -0.000000 -0.029130 0.999576 -0.000000 -0.029130 0.999576 -0.000000 0.032225 0.999481 0.000000 0.032225 0.999481 0.000000 0.032225 0.999481 0.000000 0.032225 0.999481 0.000000 0.090623 0.995885 0.000000 0.090623 0.995885 0.000000 0.090623 0.995885 0.000000 0.090623 0.995885 0.000000 0.047984 0.998848 0.000000 0.047984 0.998848 0.000000 0.047984 0.998848 0.000000 0.047984 0.998848 0.000000 -0.012056 0.999927 -0.000000 -0.012056 0.999927 -0.000000 -0.012056 0.999927 -0.000000 -0.012056 0.999927 -0.000000 -0.053806 0.998551 -0.000000 -0.053806 0.998551 -0.000000 -0.053806 0.998551 -0.000000 -0.053806 0.998551 -0.000000 -0.095389 0.995440 -0.000000 -0.095389 0.995440 -0.000000 -0.095389 0.995440 -0.000000 -0.095389 0.995440 -0.000000 -0.137039 0.990566 -0.000000 -0.137039 0.990566 -0.000000 -0.137039 0.990566 -0.000000 -0.137039 0.990566 -0.000000 -0.178358 0.983966 -0.000000 -0.178358 0.983966 -0.000000 -0.178358 0.983966 -0.000000 -0.178358 0.983966 -0.000000 -0.219299 0.975658 -0.000000 -0.219299 0.975658 -0.000000 -0.219299 0.975658 -0.000000 -0.219299 0.975658 -0.000000 -0.259914 0.965632 -0.000000 -0.259914 0.965632 -0.000000 -0.259914 0.965632 -0.000000 -0.259914 0.965632 -0.000000 -0.300112 0.953904 -0.000000 -0.300112 0.953904 -0.000000 -0.300112 0.953904 -0.000000 -0.300112 0.953904 -0.000000 -0.338084 0.941116 -0.000000 -0.338084 0.941116 -0.000000 -0.338084 0.941116 -0.000000 -0.338084 0.941116 -0.000000 -0.994615 0.103635 -0.000000 -0.994615 0.103635 -0.000000 -0.992583 0.121572 -0.000000 -0.992583 0.121572 -0.000000 -0.990226 0.139470 -0.000000 -0.990226 0.139470 -0.000000 -0.987547 0.157321 -0.000000 -0.987547 0.157321 -0.000000 -0.570144 -0.821545 -0.000000 -0.570144 -0.821545 -0.000000 -0.570144 -0.821545 -0.000000 -0.570144 -0.821545 -0.000000 -0.536775 -0.843726 -0.000000 -0.536775 -0.843726 -0.000000 -0.536775 -0.843726 -0.000000 -0.536775 -0.843726 -0.000000 -0.500982 -0.865458 -0.000000 -0.500982 -0.865458 -0.000000 -0.500982 -0.865458 -0.000000 -0.500982 -0.865458 -0.000000 -0.464345 -0.885654 -0.000000 -0.464345 -0.885654 -0.000000 -0.464345 -0.885654 -0.000000 -0.464345 -0.885654 -0.000000 -0.426950 -0.904275 -0.000000 -0.426950 -0.904275 -0.000000 -0.426950 -0.904275 -0.000000 -0.426950 -0.904275 -0.000000 -0.388747 -0.921345 -0.000000 -0.388747 -0.921345 -0.000000 -0.388747 -0.921345 -0.000000 -0.388747 -0.921345 -0.000000 -0.349778 -0.936833 -0.000000 -0.349778 -0.936833 -0.000000 -0.349778 -0.936833 -0.000000 -0.349778 -0.936833 -0.000000 -0.310417 -0.950600 -0.000000 -0.310417 -0.950600 -0.000000 -0.310417 -0.950600 -0.000000 -0.310417 -0.950600 -0.000000 -0.270445 -0.962735 -0.000000 -0.270445 -0.962735 -0.000000 -0.270445 -0.962735 -0.000000 -0.270445 -0.962735 -0.000000 -0.212172 -0.977232 -0.000000 -0.212172 -0.977232 -0.000000 -0.212172 -0.977232 -0.000000 -0.212172 -0.977232 -0.000000 -0.170219 -0.985406 -0.000000 -0.170219 -0.985406 -0.000000 -0.170219 -0.985406 -0.000000 -0.170219 -0.985406 -0.000000 -0.227557 -0.973765 -0.000000 -0.227557 -0.973765 -0.000000 -0.227557 -0.973765 -0.000000 -0.227557 -0.973765 -0.000000 -0.286847 -0.957976 -0.000000 -0.286847 -0.957976 -0.000000 -0.286847 -0.957976 -0.000000 -0.286847 -0.957976 -0.000000 -0.353034 -0.935611 -0.000000 -0.353034 -0.935611 -0.000000 -0.353034 -0.935611 -0.000000 -0.353034 -0.935611 -0.000000 -0.427337 -0.904092 -0.000000 -0.427337 -0.904092 -0.000000 -0.427337 -0.904092 -0.000000 -0.427337 -0.904092 -0.000000 -0.511725 -0.859149 -0.000000 -0.511725 -0.859149 -0.000000 -0.511725 -0.859149 -0.000000 -0.511725 -0.859149 -0.000000 -0.607062 -0.794655 -0.000000 -0.607062 -0.794655 -0.000000 -0.607062 -0.794655 -0.000000 -0.607062 -0.794655 -0.000000 -0.712680 -0.701489 -0.000000 -0.712680 -0.701489 -0.000000 -0.712680 -0.701489 -0.000000 -0.712680 -0.701489 -0.000000 -0.823610 -0.567157 -0.000000 -0.823610 -0.567157 -0.000000 -0.823610 -0.567157 -0.000000 -0.823610 -0.567157 -0.000000 -0.924759 -0.380552 -0.000000 -0.924759 -0.380552 -0.000000 -0.924759 -0.380552 -0.000000 -0.924759 -0.380552 -0.000000 -0.993979 -0.109572 -0.000000 -0.993979 -0.109572 -0.000000 -0.993979 -0.109572 -0.000000 -0.993979 -0.109572 -0.000000 -0.999645 0.026658 -0.000000 -0.999645 0.026658 -0.000000 -0.999645 0.026658 -0.000000 -0.999645 0.026658 -0.000000 -0.999960 0.008977 -0.000000 -0.999960 0.008977 -0.000000 -0.999960 0.008977 -0.000000 -0.999960 0.008977 -0.000000 -0.999960 -0.008974 -0.000000 -0.999960 -0.008974 -0.000000 -0.999960 -0.008974 -0.000000 -0.999960 -0.008974 -0.000000 -0.999644 -0.026662 -0.000000 -0.999644 -0.026662 -0.000000 -0.999644 -0.026662 -0.000000 -0.999644 -0.026662 -0.000000 -0.993978 0.109582 -0.000000 -0.993978 0.109582 -0.000000 -0.993978 0.109582 -0.000000 -0.993978 0.109582 -0.000000 -0.924758 0.380555 -0.000000 -0.924758 0.380555 -0.000000 -0.924758 0.380555 -0.000000 -0.924758 0.380555 -0.000000 -0.823609 0.567158 -0.000000 -0.823609 0.567158 -0.000000 -0.823609 0.567158 -0.000000 -0.823609 0.567158 -0.000000 -0.712681 0.701488 -0.000000 -0.712681 0.701488 -0.000000 -0.712681 0.701488 -0.000000 -0.712681 0.701488 -0.000000 -0.607059 0.794656 -0.000000 -0.607059 0.794656 -0.000000 -0.607059 0.794656 -0.000000 -0.607059 0.794656 -0.000000 -0.511722 0.859151 -0.000000 -0.511722 0.859151 -0.000000 -0.511722 0.859151 -0.000000 -0.511722 0.859151 -0.000000 -0.427343 0.904090 -0.000000 -0.427343 0.904090 -0.000000 -0.427343 0.904090 -0.000000 -0.427343 0.904090 -0.000000 -0.353037 0.935609 -0.000000 -0.353037 0.935609 -0.000000 -0.353037 0.935609 -0.000000 -0.353037 0.935609 -0.000000 -0.286845 0.957977 -0.000000 -0.286845 0.957977 -0.000000 -0.286845 0.957977 -0.000000 -0.286845 0.957977 -0.000000 -0.227556 0.973765 -0.000000 -0.227556 0.973765 -0.000000 -0.227556 0.973765 -0.000000 -0.227556 0.973765 -0.000000 -0.170217 0.985407 -0.000000 -0.170217 0.985407 -0.000000 -0.170217 0.985407 -0.000000 -0.170217 0.985407 -0.000000 -0.212172 0.977232 -0.000000 -0.212172 0.977232 -0.000000 -0.212172 0.977232 -0.000000 -0.212172 0.977232 -0.000000 -0.270448 0.962735 -0.000000 -0.270448 0.962735 -0.000000 -0.270448 0.962735 -0.000000 -0.270448 0.962735 -0.000000 -0.310416 0.950601 -0.000000 -0.310416 0.950601 -0.000000 -0.310416 0.950601 -0.000000 -0.310416 0.950601 -0.000000 -0.349778 0.936833 -0.000000 -0.349778 0.936833 -0.000000 -0.349778 0.936833 -0.000000 -0.349778 0.936833 -0.000000 -0.388747 0.921345 -0.000000 -0.388747 0.921345 -0.000000 -0.388747 0.921345 -0.000000 -0.388747 0.921345 -0.000000 -0.426951 0.904275 -0.000000 -0.426951 0.904275 -0.000000 -0.426951 0.904275 -0.000000 -0.426951 0.904275 -0.000000 -0.464344 0.885655 -0.000000 -0.464344 0.885655 -0.000000 -0.464344 0.885655 -0.000000 -0.464344 0.885655 -0.000000 -0.500981 0.865458 -0.000000 -0.500981 0.865458 -0.000000 -0.500981 0.865458 -0.000000 -0.500981 0.865458 -0.000000 -0.536774 0.843726 -0.000000 -0.536774 0.843726 -0.000000 -0.536774 0.843726 -0.000000 -0.536774 0.843726 -0.000000 -0.570145 0.821544 -0.000000 -0.570145 0.821544 -0.000000 -0.570145 0.821544 -0.000000 -0.570145 0.821544 -0.000000 -0.987548 -0.157321 -0.000000 -0.987548 -0.157321 -0.000000 -0.990226 -0.139469 -0.000000 -0.990226 -0.139469 -0.000000 -0.992583 -0.121572 -0.000000 -0.992583 -0.121572 -0.000000 -0.994615 -0.103635 -0.000000 -0.994615 -0.103635 -0.000000 -0.338112 -0.941106 -0.000000 -0.338112 -0.941106 -0.000000 -0.338112 -0.941106 -0.000000 -0.338112 -0.941106 -0.000000 -0.300112 -0.953904 -0.000000 -0.300112 -0.953904 -0.000000 -0.300112 -0.953904 -0.000000 -0.300112 -0.953904 -0.000000 -0.259914 -0.965632 -0.000000 -0.259914 -0.965632 -0.000000 -0.259914 -0.965632 -0.000000 -0.259914 -0.965632 -0.000000 -0.219298 -0.975658 -0.000000 -0.219298 -0.975658 -0.000000 -0.219298 -0.975658 -0.000000 -0.219298 -0.975658 -0.000000 -0.178358 -0.983966 -0.000000 -0.178358 -0.983966 -0.000000 -0.178358 -0.983966 -0.000000 -0.178358 -0.983966 -0.000000 -0.137041 -0.990565 -0.000000 -0.137041 -0.990565 -0.000000 -0.137041 -0.990565 -0.000000 -0.137041 -0.990565 -0.000000 -0.095389 -0.995440 -0.000000 -0.095389 -0.995440 -0.000000 -0.095389 -0.995440 -0.000000 -0.095389 -0.995440 -0.000000 -0.053806 -0.998551 -0.000000 -0.053806 -0.998551 -0.000000 -0.053806 -0.998551 -0.000000 -0.053806 -0.998551 -0.000000 -0.012057 -0.999927 -0.000000 -0.012057 -0.999927 -0.000000 -0.012057 -0.999927 -0.000000 -0.012057 -0.999927 -0.000000 0.047985 -0.998848 0.000000 0.047985 -0.998848 0.000000 0.047985 -0.998848 0.000000 0.047985 -0.998848 0.000000 0.090624 -0.995885 0.000000 0.090624 -0.995885 0.000000 0.090624 -0.995885 0.000000 0.090624 -0.995885 0.000000 0.032224 -0.999481 0.000000 0.032224 -0.999481 0.000000 0.032224 -0.999481 0.000000 0.032224 -0.999481 0.000000 -0.029132 -0.999576 -0.000000 -0.029132 -0.999576 -0.000000 -0.029132 -0.999576 -0.000000 -0.029132 -0.999576 -0.000000 -0.098852 -0.995102 -0.000000 -0.098852 -0.995102 -0.000000 -0.098852 -0.995102 -0.000000 -0.098852 -0.995102 -0.000000 -0.178783 -0.983889 -0.000000 -0.178783 -0.983889 -0.000000 -0.178783 -0.983889 -0.000000 -0.178783 -0.983889 -0.000000 -0.271919 -0.962320 -0.000000 -0.271919 -0.962320 -0.000000 -0.271919 -0.962320 -0.000000 -0.271919 -0.962320 -0.000000 -0.380703 -0.924697 -0.000000 -0.380703 -0.924697 -0.000000 -0.380703 -0.924697 -0.000000 -0.380703 -0.924697 -0.000000 -0.506830 -0.862046 -0.000000 -0.506830 -0.862046 -0.000000 -0.506830 -0.862046 -0.000000 -0.506830 -0.862046 -0.000000 -0.648769 -0.760986 -0.000000 -0.648769 -0.760986 -0.000000 -0.648769 -0.760986 -0.000000 -0.648769 -0.760986 -0.000000 -0.794741 -0.606949 -0.000000 -0.794741 -0.606949 -0.000000 -0.794741 -0.606949 -0.000000 -0.794741 -0.606949 -0.000000 -0.931746 -0.363110 -0.000000 -0.931746 -0.363110 -0.000000 -0.931746 -0.363110 -0.000000 -0.931746 -0.363110 -0.000000 -0.972484 -0.232971 -0.000000 -0.972484 -0.232971 -0.000000 -0.972484 -0.232971 -0.000000 -0.972484 -0.232971 -0.000000 -0.968210 -0.250139 -0.000000 -0.968210 -0.250139 -0.000000 -0.968210 -0.250139 -0.000000 -0.968210 -0.250139 -0.000000 -0.963563 -0.267481 -0.000000 -0.963563 -0.267481 -0.000000 -0.963563 -0.267481 -0.000000 -0.963563 -0.267481 -0.000000 -0.958682 -0.284479 -0.000000 -0.958682 -0.284479 -0.000000 -0.958682 -0.284479 -0.000000 -0.958682 -0.284479 -0.000000 -0.988474 -0.151392 -0.000000 -0.988474 -0.151392 -0.000000 -0.988474 -0.151392 -0.000000 -0.988474 -0.151392 -0.000000 -0.991743 0.128242 -0.000000 -0.991743 0.128242 -0.000000 -0.991743 0.128242 -0.000000 -0.991743 0.128242 -0.000000 -0.942341 0.334656 -0.000000 -0.942341 0.334656 -0.000000 -0.942341 0.334656 -0.000000 -0.942341 0.334656 -0.000000 -0.869961 0.493120 -0.000000 -0.869961 0.493120 -0.000000 -0.869961 0.493120 -0.000000 -0.869961 0.493120 -0.000000 -0.792045 0.610463 -0.000000 -0.792045 0.610463 -0.000000 -0.792045 0.610463 -0.000000 -0.792045 0.610463 -0.000000 -0.716649 0.697434 -0.000000 -0.716649 0.697434 -0.000000 -0.716649 0.697434 -0.000000 -0.716649 0.697434 -0.000000 -0.646770 0.762685 -0.000000 -0.646770 0.762685 -0.000000 -0.646770 0.762685 -0.000000 -0.646770 0.762685 -0.000000 -0.583155 0.812361 -0.000000 -0.583155 0.812361 -0.000000 -0.583155 0.812361 -0.000000 -0.583155 0.812361 -0.000000 -0.525023 0.851088 -0.000000 -0.525023 0.851088 -0.000000 -0.525023 0.851088 -0.000000 -0.525023 0.851088 -0.000000 -0.471830 0.881689 -0.000000 -0.471830 0.881689 -0.000000 -0.471830 0.881689 -0.000000 -0.471830 0.881689 -0.000000 -0.419462 0.907773 -0.000000 -0.419462 0.907773 -0.000000 -0.419462 0.907773 -0.000000 -0.419462 0.907773 -0.000000 -0.457868 0.889020 -0.000000 -0.457868 0.889020 -0.000000 -0.457868 0.889020 -0.000000 -0.457868 0.889020 -0.000000 -0.510405 0.859934 -0.000000 -0.510405 0.859934 -0.000000 -0.510405 0.859934 -0.000000 -0.510405 0.859934 -0.000000 -0.545871 0.837869 -0.000000 -0.545871 0.837869 -0.000000 -0.545871 0.837869 -0.000000 -0.545871 0.837869 -0.000000 -0.580330 0.814381 -0.000000 -0.580330 0.814381 -0.000000 -0.580330 0.814381 -0.000000 -0.580330 0.814381 -0.000000 -0.613963 0.789335 -0.000000 -0.613963 0.789335 -0.000000 -0.613963 0.789335 -0.000000 -0.613963 0.789335 -0.000000 -0.646445 0.762960 -0.000000 -0.646445 0.762960 -0.000000 -0.646445 0.762960 -0.000000 -0.646445 0.762960 -0.000000 -0.677747 0.735295 -0.000000 -0.677747 0.735295 -0.000000 -0.677747 0.735295 -0.000000 -0.677747 0.735295 -0.000000 -0.707908 0.706304 -0.000000 -0.707908 0.706304 -0.000000 -0.707908 0.706304 -0.000000 -0.707908 0.706304 -0.000000 -0.736857 0.676049 -0.000000 -0.736857 0.676049 -0.000000 -0.736857 0.676049 -0.000000 -0.736857 0.676049 -0.000000 -0.763348 0.645988 -0.000000 -0.763348 0.645988 -0.000000 -0.763348 0.645988 -0.000000 -0.763348 0.645988 -0.000000 -0.913180 -0.407557 -0.000000 -0.913180 -0.407557 -0.000000 -0.920388 -0.391006 -0.000000 -0.920388 -0.391006 -0.000000 -0.927296 -0.374329 -0.000000 -0.927296 -0.374329 -0.000000 -0.933902 -0.357529 -0.000000 -0.933902 -0.357529 -0.000000 -0.083003 -0.996549 -0.000000 -0.083003 -0.996549 -0.000000 -0.083003 -0.996549 -0.000000 -0.083003 -0.996549 -0.000000 -0.042995 -0.999075 -0.000000 -0.042995 -0.999075 -0.000000 -0.042995 -0.999075 -0.000000 -0.042995 -0.999075 -0.000000 -0.001136 -0.999999 -0.000000 -0.001136 -0.999999 -0.000000 -0.001136 -0.999999 -0.000000 -0.001136 -0.999999 -0.000000 0.040696 -0.999172 0.000000 0.040696 -0.999172 0.000000 0.040696 -0.999172 0.000000 0.040696 -0.999172 0.000000 0.082386 -0.996601 0.000000 0.082386 -0.996601 0.000000 0.082386 -0.996601 0.000000 0.082386 -0.996601 0.000000 0.124005 -0.992282 0.000000 0.124005 -0.992282 0.000000 0.124005 -0.992282 0.000000 0.124005 -0.992282 0.000000 0.165504 -0.986209 0.000000 0.165504 -0.986209 0.000000 0.165504 -0.986209 0.000000 0.165504 -0.986209 0.000000 0.206470 -0.978453 0.000000 0.206470 -0.978453 0.000000 0.206470 -0.978453 0.000000 0.206470 -0.978453 0.000000 0.247154 -0.968976 0.000000 0.247154 -0.968976 0.000000 0.247154 -0.968976 0.000000 0.247154 -0.968976 0.000000 0.304868 -0.952395 0.000000 0.304868 -0.952395 0.000000 0.304868 -0.952395 0.000000 0.304868 -0.952395 0.000000 0.345292 -0.938495 0.000000 0.345292 -0.938495 0.000000 0.345292 -0.938495 0.000000 0.345292 -0.938495 0.000000 0.289814 -0.957083 0.000000 0.289814 -0.957083 0.000000 0.289814 -0.957083 0.000000 0.289814 -0.957083 0.000000 0.230575 -0.973055 0.000000 0.230575 -0.973055 0.000000 0.230575 -0.973055 0.000000 0.230575 -0.973055 0.000000 0.162056 -0.986782 0.000000 0.162056 -0.986782 0.000000 0.162056 -0.986782 0.000000 0.162056 -0.986782 0.000000 0.081961 -0.996636 0.000000 0.081961 -0.996636 0.000000 0.081961 -0.996636 0.000000 0.081961 -0.996636 0.000000 -0.013571 -0.999908 -0.000000 -0.013571 -0.999908 -0.000000 -0.013571 -0.999908 -0.000000 -0.013571 -0.999908 -0.000000 -0.128404 -0.991722 -0.000000 -0.128404 -0.991722 -0.000000 -0.128404 -0.991722 -0.000000 -0.128404 -0.991722 -0.000000 -0.266465 -0.963844 -0.000000 -0.266465 -0.963844 -0.000000 -0.266465 -0.963844 -0.000000 -0.266465 -0.963844 -0.000000 -0.429683 -0.902980 -0.000000 -0.429683 -0.902980 -0.000000 -0.429683 -0.902980 -0.000000 -0.429683 -0.902980 -0.000000 -0.610582 -0.791953 -0.000000 -0.610582 -0.791953 -0.000000 -0.610582 -0.791953 -0.000000 -0.610582 -0.791953 -0.000000 -0.806020 -0.591889 -0.000000 -0.806020 -0.591889 -0.000000 -0.806020 -0.591889 -0.000000 -0.806020 -0.591889 -0.000000 -0.879049 -0.476732 -0.000000 -0.879049 -0.476732 -0.000000 -0.879049 -0.476732 -0.000000 -0.879049 -0.476732 -0.000000 -0.870477 -0.492209 -0.000000 -0.870477 -0.492209 -0.000000 -0.870477 -0.492209 -0.000000 -0.870477 -0.492209 -0.000000 -0.861504 -0.507751 -0.000000 -0.861504 -0.507751 -0.000000 -0.861504 -0.507751 -0.000000 -0.861504 -0.507751 -0.000000 -0.852386 -0.522913 -0.000000 -0.852386 -0.522913 -0.000000 -0.852386 -0.522913 -0.000000 -0.852386 -0.522913 -0.000000 -0.915605 -0.402079 -0.000000 -0.915605 -0.402079 -0.000000 -0.915605 -0.402079 -0.000000 -0.915605 -0.402079 -0.000000 -0.991141 -0.132810 -0.000000 -0.991141 -0.132810 -0.000000 -0.991141 -0.132810 -0.000000 -0.991141 -0.132810 -0.000000 -0.996846 0.079358 -0.000000 -0.996846 0.079358 -0.000000 -0.996846 0.079358 -0.000000 -0.996846 0.079358 -0.000000 -0.967941 0.251177 -0.000000 -0.967941 0.251177 -0.000000 -0.967941 0.251177 -0.000000 -0.967941 0.251177 -0.000000 -0.923057 0.384663 -0.000000 -0.923057 0.384663 -0.000000 -0.923057 0.384663 -0.000000 -0.923057 0.384663 -0.000000 -0.872734 0.488197 -0.000000 -0.872734 0.488197 -0.000000 -0.872734 0.488197 -0.000000 -0.872734 0.488197 -0.000000 -0.822136 0.569291 -0.000000 -0.822136 0.569291 -0.000000 -0.822136 0.569291 -0.000000 -0.822136 0.569291 -0.000000 -0.773544 0.633742 -0.000000 -0.773544 0.633742 -0.000000 -0.773544 0.633742 -0.000000 -0.773544 0.633742 -0.000000 -0.727406 0.686207 -0.000000 -0.727406 0.686207 -0.000000 -0.727406 0.686207 -0.000000 -0.727406 0.686207 -0.000000 -0.683954 0.729525 -0.000000 -0.683954 0.729525 -0.000000 -0.683954 0.729525 -0.000000 -0.683954 0.729525 -0.000000 -0.640115 0.768279 -0.000000 -0.640115 0.768279 -0.000000 -0.640115 0.768279 -0.000000 -0.640115 0.768279 -0.000000 -0.672363 0.740222 -0.000000 -0.672363 0.740222 -0.000000 -0.672363 0.740222 -0.000000 -0.672363 0.740222 -0.000000 -0.715580 0.698531 -0.000000 -0.715580 0.698531 -0.000000 -0.715580 0.698531 -0.000000 -0.715580 0.698531 -0.000000 -0.744129 0.668036 -0.000000 -0.744129 0.668036 -0.000000 -0.744129 0.668036 -0.000000 -0.744129 0.668036 -0.000000 -0.771333 0.636431 -0.000000 -0.771333 0.636431 -0.000000 -0.771333 0.636431 -0.000000 -0.771333 0.636431 -0.000000 -0.797337 0.603534 -0.000000 -0.797337 0.603534 -0.000000 -0.797337 0.603534 -0.000000 -0.797337 0.603534 -0.000000 -0.821887 0.569650 -0.000000 -0.821887 0.569650 -0.000000 -0.821887 0.569650 -0.000000 -0.821887 0.569650 -0.000000 -0.844962 0.534826 -0.000000 -0.844962 0.534826 -0.000000 -0.844962 0.534826 -0.000000 -0.844962 0.534826 -0.000000 -0.866592 0.499017 -0.000000 -0.866592 0.499017 -0.000000 -0.866592 0.499017 -0.000000 -0.866592 0.499017 -0.000000 -0.886723 0.462300 -0.000000 -0.886723 0.462300 -0.000000 -0.886723 0.462300 -0.000000 -0.886723 0.462300 -0.000000 -0.904531 0.426407 -0.000000 -0.904531 0.426407 -0.000000 -0.904531 0.426407 -0.000000 -0.904531 0.426407 -0.000000 -0.776581 -0.630018 -0.000000 -0.776581 -0.630018 -0.000000 -0.787826 -0.615897 -0.000000 -0.787826 -0.615897 -0.000000 -0.798816 -0.601576 -0.000000 -0.798816 -0.601576 -0.000000 -0.809544 -0.587059 -0.000000 -0.809544 -0.587059 -0.000000 0.177767 -0.984073 0.000000 0.177767 -0.984073 0.000000 0.177767 -0.984073 0.000000 0.177767 -0.984073 0.000000 0.217047 -0.976161 0.000000 0.217047 -0.976161 0.000000 0.217047 -0.976161 0.000000 0.217047 -0.976161 0.000000 0.257723 -0.966219 0.000000 0.257723 -0.966219 0.000000 0.257723 -0.966219 0.000000 0.257723 -0.966219 0.000000 0.297910 -0.954594 0.000000 0.297910 -0.954594 0.000000 0.297910 -0.954594 0.000000 0.297910 -0.954594 0.000000 0.337520 -0.941318 0.000000 0.337520 -0.941318 0.000000 0.337520 -0.941318 0.000000 0.337520 -0.941318 0.000000 0.376604 -0.926375 0.000000 0.376604 -0.926375 0.000000 0.376604 -0.926375 0.000000 0.376604 -0.926375 0.000000 0.415110 -0.909771 0.000000 0.415110 -0.909771 0.000000 0.415110 -0.909771 0.000000 0.415110 -0.909771 0.000000 0.452679 -0.891674 0.000000 0.452679 -0.891674 0.000000 0.452679 -0.891674 0.000000 0.452679 -0.891674 0.000000 0.489523 -0.871990 0.000000 0.489523 -0.871990 0.000000 0.489523 -0.871990 0.000000 0.489523 -0.871990 0.000000 0.540979 -0.841036 0.000000 0.540979 -0.841036 0.000000 0.540979 -0.841036 0.000000 0.540979 -0.841036 0.000000 0.576427 -0.817149 0.000000 0.576427 -0.817149 0.000000 0.576427 -0.817149 0.000000 0.576427 -0.817149 0.000000 0.527647 -0.849464 0.000000 0.527647 -0.849464 0.000000 0.527647 -0.849464 0.000000 0.527647 -0.849464 0.000000 0.474558 -0.880224 0.000000 0.474558 -0.880224 0.000000 0.474558 -0.880224 0.000000 0.474558 -0.880224 0.000000 0.411940 -0.911211 0.000000 0.411940 -0.911211 0.000000 0.411940 -0.911211 0.000000 0.411940 -0.911211 0.000000 0.337109 -0.941466 0.000000 0.337109 -0.941466 0.000000 0.337109 -0.941466 0.000000 0.337109 -0.941466 0.000000 0.245682 -0.969351 0.000000 0.245682 -0.969351 0.000000 0.245682 -0.969351 0.000000 0.245682 -0.969351 0.000000 0.132651 -0.991163 0.000000 0.132651 -0.991163 0.000000 0.132651 -0.991163 0.000000 0.132651 -0.991163 0.000000 -0.007903 -0.999969 -0.000000 -0.007903 -0.999969 -0.000000 -0.007903 -0.999969 -0.000000 -0.007903 -0.999969 -0.000000 -0.181349 -0.983419 -0.000000 -0.181349 -0.983419 -0.000000 -0.181349 -0.983419 -0.000000 -0.181349 -0.983419 -0.000000 -0.384811 -0.922995 -0.000000 -0.384811 -0.922995 -0.000000 -0.384811 -0.922995 -0.000000 -0.384811 -0.922995 -0.000000 -0.625355 -0.780341 -0.000000 -0.625355 -0.780341 -0.000000 -0.625355 -0.780341 -0.000000 -0.625355 -0.780341 -0.000000 -0.725709 -0.688002 -0.000000 -0.725709 -0.688002 -0.000000 -0.725709 -0.688002 -0.000000 -0.725709 -0.688002 -0.000000 -0.713424 -0.700733 -0.000000 -0.713424 -0.700733 -0.000000 -0.713424 -0.700733 -0.000000 -0.713424 -0.700733 -0.000000 -0.700733 -0.713423 -0.000000 -0.700733 -0.713423 -0.000000 -0.700733 -0.713423 -0.000000 -0.700733 -0.713423 -0.000000 -0.688002 -0.725709 -0.000000 -0.688002 -0.725709 -0.000000 -0.688002 -0.725709 -0.000000 -0.688002 -0.725709 -0.000000 -0.780334 -0.625363 -0.000000 -0.780334 -0.625363 -0.000000 -0.780334 -0.625363 -0.000000 -0.780334 -0.625363 -0.000000 -0.922998 -0.384804 -0.000000 -0.922998 -0.384804 -0.000000 -0.922998 -0.384804 -0.000000 -0.922998 -0.384804 -0.000000 -0.983422 -0.181334 -0.000000 -0.983422 -0.181334 -0.000000 -0.983422 -0.181334 -0.000000 -0.983422 -0.181334 -0.000000 -0.999969 -0.007925 -0.000000 -0.999969 -0.007925 -0.000000 -0.999969 -0.007925 -0.000000 -0.999969 -0.007925 -0.000000 -0.991163 0.132648 -0.000000 -0.991163 0.132648 -0.000000 -0.991163 0.132648 -0.000000 -0.991163 0.132648 -0.000000 -0.969349 0.245687 -0.000000 -0.969349 0.245687 -0.000000 -0.969349 0.245687 -0.000000 -0.969349 0.245687 -0.000000 -0.941463 0.337116 -0.000000 -0.941463 0.337116 -0.000000 -0.941463 0.337116 -0.000000 -0.941463 0.337116 -0.000000 -0.911215 0.411932 -0.000000 -0.911215 0.411932 -0.000000 -0.911215 0.411932 -0.000000 -0.911215 0.411932 -0.000000 -0.880221 0.474563 -0.000000 -0.880221 0.474563 -0.000000 -0.880221 0.474563 -0.000000 -0.880221 0.474563 -0.000000 -0.849462 0.527650 -0.000000 -0.849462 0.527650 -0.000000 -0.849462 0.527650 -0.000000 -0.849462 0.527650 -0.000000 -0.817149 0.576426 -0.000000 -0.817149 0.576426 -0.000000 -0.817149 0.576426 -0.000000 -0.817149 0.576426 -0.000000 -0.841037 0.540978 -0.000000 -0.841037 0.540978 -0.000000 -0.841037 0.540978 -0.000000 -0.841037 0.540978 -0.000000 -0.871991 0.489522 -0.000000 -0.871991 0.489522 -0.000000 -0.871991 0.489522 -0.000000 -0.871991 0.489522 -0.000000 -0.891675 0.452677 -0.000000 -0.891675 0.452677 -0.000000 -0.891675 0.452677 -0.000000 -0.891675 0.452677 -0.000000 -0.909769 0.415115 -0.000000 -0.909769 0.415115 -0.000000 -0.909769 0.415115 -0.000000 -0.909769 0.415115 -0.000000 -0.926376 0.376601 -0.000000 -0.926376 0.376601 -0.000000 -0.926376 0.376601 -0.000000 -0.926376 0.376601 -0.000000 -0.941319 0.337518 -0.000000 -0.941319 0.337518 -0.000000 -0.941319 0.337518 -0.000000 -0.941319 0.337518 -0.000000 -0.954593 0.297914 -0.000000 -0.954593 0.297914 -0.000000 -0.954593 0.297914 -0.000000 -0.954593 0.297914 -0.000000 -0.966219 0.257722 -0.000000 -0.966219 0.257722 -0.000000 -0.966219 0.257722 -0.000000 -0.966219 0.257722 -0.000000 -0.976161 0.217050 -0.000000 -0.976161 0.217050 -0.000000 -0.976161 0.217050 -0.000000 -0.976161 0.217050 -0.000000 -0.984073 0.177766 -0.000000 -0.984073 0.177766 -0.000000 -0.984073 0.177766 -0.000000 -0.984073 0.177766 -0.000000 -0.587058 -0.809545 -0.000000 -0.587058 -0.809545 -0.000000 -0.601576 -0.798816 -0.000000 -0.601576 -0.798816 -0.000000 -0.615897 -0.787826 -0.000000 -0.615897 -0.787826 -0.000000 -0.630018 -0.776581 -0.000000 -0.630018 -0.776581 -0.000000 0.426418 -0.904526 0.000000 0.426418 -0.904526 0.000000 0.426418 -0.904526 0.000000 0.426418 -0.904526 0.000000 0.462301 -0.886723 0.000000 0.462301 -0.886723 0.000000 0.462301 -0.886723 0.000000 0.462301 -0.886723 0.000000 0.499017 -0.866592 0.000000 0.499017 -0.866592 0.000000 0.499017 -0.866592 0.000000 0.499017 -0.866592 0.000000 0.534827 -0.844962 0.000000 0.534827 -0.844962 0.000000 0.534827 -0.844962 0.000000 0.534827 -0.844962 0.000000 0.569651 -0.821887 0.000000 0.569651 -0.821887 0.000000 0.569651 -0.821887 0.000000 0.569651 -0.821887 0.000000 0.603533 -0.797338 0.000000 0.603533 -0.797338 0.000000 0.603533 -0.797338 0.000000 0.603533 -0.797338 0.000000 0.636431 -0.771333 0.000000 0.636431 -0.771333 0.000000 0.636431 -0.771333 0.000000 0.636431 -0.771333 0.000000 0.668037 -0.744128 0.000000 0.668037 -0.744128 0.000000 0.668037 -0.744128 0.000000 0.668037 -0.744128 0.000000 0.698530 -0.715581 0.000000 0.698530 -0.715581 0.000000 0.698530 -0.715581 0.000000 0.698530 -0.715581 0.000000 0.740223 -0.672362 0.000000 0.740223 -0.672362 0.000000 0.740223 -0.672362 0.000000 0.740223 -0.672362 0.000000 0.768276 -0.640118 0.000000 0.768276 -0.640118 0.000000 0.768276 -0.640118 0.000000 0.768276 -0.640118 0.000000 0.729528 -0.683951 0.000000 0.729528 -0.683951 0.000000 0.729528 -0.683951 0.000000 0.729528 -0.683951 0.000000 0.686202 -0.727411 0.000000 0.686202 -0.727411 0.000000 0.686202 -0.727411 0.000000 0.686202 -0.727411 0.000000 0.633748 -0.773539 0.000000 0.633748 -0.773539 0.000000 0.633748 -0.773539 0.000000 0.633748 -0.773539 0.000000 0.569300 -0.822130 0.000000 0.569300 -0.822130 0.000000 0.569300 -0.822130 0.000000 0.569300 -0.822130 0.000000 0.488187 -0.872739 0.000000 0.488187 -0.872739 0.000000 0.488187 -0.872739 0.000000 0.488187 -0.872739 0.000000 0.384665 -0.923056 0.000000 0.384665 -0.923056 0.000000 0.384665 -0.923056 0.000000 0.384665 -0.923056 0.000000 0.251155 -0.967947 0.000000 0.251155 -0.967947 0.000000 0.251155 -0.967947 0.000000 0.251155 -0.967947 0.000000 0.079357 -0.996846 0.000000 0.079357 -0.996846 0.000000 0.079357 -0.996846 0.000000 0.079357 -0.996846 0.000000 -0.132810 -0.991142 -0.000000 -0.132810 -0.991142 -0.000000 -0.132810 -0.991142 -0.000000 -0.132810 -0.991142 -0.000000 -0.402069 -0.915609 -0.000000 -0.402069 -0.915609 -0.000000 -0.402069 -0.915609 -0.000000 -0.402069 -0.915609 -0.000000 -0.522911 -0.852387 -0.000000 -0.522911 -0.852387 -0.000000 -0.522911 -0.852387 -0.000000 -0.522911 -0.852387 -0.000000 -0.507755 -0.861501 -0.000000 -0.507755 -0.861501 -0.000000 -0.507755 -0.861501 -0.000000 -0.507755 -0.861501 -0.000000 -0.492207 -0.870478 -0.000000 -0.492207 -0.870478 -0.000000 -0.492207 -0.870478 -0.000000 -0.492207 -0.870478 -0.000000 -0.476730 -0.879050 -0.000000 -0.476730 -0.879050 -0.000000 -0.476730 -0.879050 -0.000000 -0.476730 -0.879050 -0.000000 -0.591891 -0.806018 -0.000000 -0.591891 -0.806018 -0.000000 -0.591891 -0.806018 -0.000000 -0.591891 -0.806018 -0.000000 -0.791962 -0.610571 -0.000000 -0.791962 -0.610571 -0.000000 -0.791962 -0.610571 -0.000000 -0.791962 -0.610571 -0.000000 -0.902969 -0.429705 -0.000000 -0.902969 -0.429705 -0.000000 -0.902969 -0.429705 -0.000000 -0.902969 -0.429705 -0.000000 -0.963850 -0.266446 -0.000000 -0.963850 -0.266446 -0.000000 -0.963850 -0.266446 -0.000000 -0.963850 -0.266446 -0.000000 -0.991722 -0.128402 -0.000000 -0.991722 -0.128402 -0.000000 -0.991722 -0.128402 -0.000000 -0.991722 -0.128402 -0.000000 -0.999908 -0.013587 -0.000000 -0.999908 -0.013587 -0.000000 -0.999908 -0.013587 -0.000000 -0.999908 -0.013587 -0.000000 -0.996636 0.081958 -0.000000 -0.996636 0.081958 -0.000000 -0.996636 0.081958 -0.000000 -0.996636 0.081958 -0.000000 -0.986780 0.162068 -0.000000 -0.986780 0.162068 -0.000000 -0.986780 0.162068 -0.000000 -0.986780 0.162068 -0.000000 -0.973056 0.230570 -0.000000 -0.973056 0.230570 -0.000000 -0.973056 0.230570 -0.000000 -0.973056 0.230570 -0.000000 -0.957084 0.289811 -0.000000 -0.957084 0.289811 -0.000000 -0.957084 0.289811 -0.000000 -0.957084 0.289811 -0.000000 -0.938496 0.345290 -0.000000 -0.938496 0.345290 -0.000000 -0.938496 0.345290 -0.000000 -0.938496 0.345290 -0.000000 -0.952394 0.304871 -0.000000 -0.952394 0.304871 -0.000000 -0.952394 0.304871 -0.000000 -0.952394 0.304871 -0.000000 -0.968976 0.247154 -0.000000 -0.968976 0.247154 -0.000000 -0.968976 0.247154 -0.000000 -0.968976 0.247154 -0.000000 -0.978453 0.206472 -0.000000 -0.978453 0.206472 -0.000000 -0.978453 0.206472 -0.000000 -0.978453 0.206472 -0.000000 -0.986210 0.165500 -0.000000 -0.986210 0.165500 -0.000000 -0.986210 0.165500 -0.000000 -0.986210 0.165500 -0.000000 -0.992282 0.124006 -0.000000 -0.992282 0.124006 -0.000000 -0.992282 0.124006 -0.000000 -0.992282 0.124006 -0.000000 -0.996600 0.082388 -0.000000 -0.996600 0.082388 -0.000000 -0.996600 0.082388 -0.000000 -0.996600 0.082388 -0.000000 -0.999172 0.040693 -0.000000 -0.999172 0.040693 -0.000000 -0.999172 0.040693 -0.000000 -0.999172 0.040693 -0.000000 -0.999999 -0.001134 -0.000000 -0.999999 -0.001134 -0.000000 -0.999999 -0.001134 -0.000000 -0.999999 -0.001134 -0.000000 -0.999075 -0.042997 -0.000000 -0.999075 -0.042997 -0.000000 -0.999075 -0.042997 -0.000000 -0.999075 -0.042997 -0.000000 -0.996551 -0.082986 -0.000000 -0.996551 -0.082986 -0.000000 -0.996551 -0.082986 -0.000000 -0.996551 -0.082986 -0.000000 -0.357529 -0.933902 -0.000000 -0.357529 -0.933902 -0.000000 -0.374329 -0.927296 -0.000000 -0.374329 -0.927296 -0.000000 -0.391006 -0.920388 -0.000000 -0.391006 -0.920388 -0.000000 -0.407557 -0.913180 -0.000000 -0.407557 -0.913180 -0.000000 0.646007 -0.763332 0.000000 0.646007 -0.763332 0.000000 0.646007 -0.763332 0.000000 0.646007 -0.763332 0.000000 0.676050 -0.736856 0.000000 0.676050 -0.736856 0.000000 0.676050 -0.736856 0.000000 0.676050 -0.736856 0.000000 0.706305 -0.707908 0.000000 0.706305 -0.707908 0.000000 0.706305 -0.707908 0.000000 0.706305 -0.707908 0.000000 0.735296 -0.677746 0.000000 0.735296 -0.677746 0.000000 0.735296 -0.677746 0.000000 0.735296 -0.677746 0.000000 0.762959 -0.646447 0.000000 0.762959 -0.646447 0.000000 0.762959 -0.646447 0.000000 0.762959 -0.646447 0.000000 0.789335 -0.613962 0.000000 0.789335 -0.613962 0.000000 0.789335 -0.613962 0.000000 0.789335 -0.613962 0.000000 0.814382 -0.580329 0.000000 0.814382 -0.580329 0.000000 0.814382 -0.580329 0.000000 0.814382 -0.580329 0.000000 0.837868 -0.545872 0.000000 0.837868 -0.545872 0.000000 0.837868 -0.545872 0.000000 0.837868 -0.545872 0.000000 0.859933 -0.510407 0.000000 0.859933 -0.510407 0.000000 0.859933 -0.510407 0.000000 0.859933 -0.510407 0.000000 0.889020 -0.457869 0.000000 0.889020 -0.457869 0.000000 0.889020 -0.457869 0.000000 0.889020 -0.457869 0.000000 0.907774 -0.419459 0.000000 0.907774 -0.419459 0.000000 0.907774 -0.419459 0.000000 0.907774 -0.419459 0.000000 0.881689 -0.471831 0.000000 0.881689 -0.471831 0.000000 0.881689 -0.471831 0.000000 0.881689 -0.471831 0.000000 0.851094 -0.525013 0.000000 0.851094 -0.525013 0.000000 0.851094 -0.525013 0.000000 0.851094 -0.525013 0.000000 0.812357 -0.583161 0.000000 0.812357 -0.583161 0.000000 0.812357 -0.583161 0.000000 0.812357 -0.583161 0.000000 0.762679 -0.646777 0.000000 0.762679 -0.646777 0.000000 0.762679 -0.646777 0.000000 0.762679 -0.646777 0.000000 0.697433 -0.716650 0.000000 0.697433 -0.716650 0.000000 0.697433 -0.716650 0.000000 0.697433 -0.716650 0.000000 0.610461 -0.792047 0.000000 0.610461 -0.792047 0.000000 0.610461 -0.792047 0.000000 0.610461 -0.792047 0.000000 0.493130 -0.869956 0.000000 0.493130 -0.869956 0.000000 0.493130 -0.869956 0.000000 0.493130 -0.869956 0.000000 0.334666 -0.942337 0.000000 0.334666 -0.942337 0.000000 0.334666 -0.942337 0.000000 0.334666 -0.942337 0.000000 0.128243 -0.991743 0.000000 0.128243 -0.991743 0.000000 0.128243 -0.991743 0.000000 0.128243 -0.991743 0.000000 -0.151413 -0.988471 -0.000000 -0.151413 -0.988471 -0.000000 -0.151413 -0.988471 -0.000000 -0.151413 -0.988471 -0.000000 -0.284481 -0.958682 -0.000000 -0.284481 -0.958682 -0.000000 -0.284481 -0.958682 -0.000000 -0.284481 -0.958682 -0.000000 -0.267477 -0.963564 -0.000000 -0.267477 -0.963564 -0.000000 -0.267477 -0.963564 -0.000000 -0.267477 -0.963564 -0.000000 -0.250138 -0.968210 -0.000000 -0.250138 -0.968210 -0.000000 -0.250138 -0.968210 -0.000000 -0.250138 -0.968210 -0.000000 -0.232978 -0.972482 -0.000000 -0.232978 -0.972482 -0.000000 -0.232978 -0.972482 -0.000000 -0.232978 -0.972482 -0.000000 -0.363099 -0.931750 -0.000000 -0.363099 -0.931750 -0.000000 -0.363099 -0.931750 -0.000000 -0.363099 -0.931750 -0.000000 -0.606931 -0.794755 -0.000000 -0.606931 -0.794755 -0.000000 -0.606931 -0.794755 -0.000000 -0.606931 -0.794755 -0.000000 -0.760997 -0.648755 -0.000000 -0.760997 -0.648755 -0.000000 -0.760997 -0.648755 -0.000000 -0.760997 -0.648755 -0.000000 -0.862042 -0.506837 -0.000000 -0.862042 -0.506837 -0.000000 -0.862042 -0.506837 -0.000000 -0.862042 -0.506837 -0.000000 -0.924697 -0.380705 -0.000000 -0.924697 -0.380705 -0.000000 -0.924697 -0.380705 -0.000000 -0.924697 -0.380705 -0.000000 -0.962319 -0.271925 -0.000000 -0.962319 -0.271925 -0.000000 -0.962319 -0.271925 -0.000000 -0.962319 -0.271925 -0.000000 -0.983889 -0.178780 -0.000000 -0.983889 -0.178780 -0.000000 -0.983889 -0.178780 -0.000000 -0.983889 -0.178780 -0.000000 -0.995102 -0.098851 -0.000000 -0.995102 -0.098851 -0.000000 -0.995102 -0.098851 -0.000000 -0.995102 -0.098851 -0.000000 -0.999576 -0.029130 -0.000000 -0.999576 -0.029130 -0.000000 -0.999576 -0.029130 -0.000000 -0.999576 -0.029130 -0.000000 -0.999481 0.032225 -0.000000 -0.999481 0.032225 -0.000000 -0.999481 0.032225 -0.000000 -0.999481 0.032225 -0.000000 -0.995885 0.090623 -0.000000 -0.995885 0.090623 -0.000000 -0.995885 0.090623 -0.000000 -0.995885 0.090623 -0.000000 -0.998848 0.047984 -0.000000 -0.998848 0.047984 -0.000000 -0.998848 0.047984 -0.000000 -0.998848 0.047984 -0.000000 -0.999927 -0.012056 -0.000000 -0.999927 -0.012056 -0.000000 -0.999927 -0.012056 -0.000000 -0.999927 -0.012056 -0.000000 -0.998551 -0.053806 -0.000000 -0.998551 -0.053806 -0.000000 -0.998551 -0.053806 -0.000000 -0.998551 -0.053806 -0.000000 -0.995440 -0.095389 -0.000000 -0.995440 -0.095389 -0.000000 -0.995440 -0.095389 -0.000000 -0.995440 -0.095389 -0.000000 -0.990566 -0.137039 -0.000000 -0.990566 -0.137039 -0.000000 -0.990566 -0.137039 -0.000000 -0.990566 -0.137039 -0.000000 -0.983966 -0.178358 -0.000000 -0.983966 -0.178358 -0.000000 -0.983966 -0.178358 -0.000000 -0.983966 -0.178358 -0.000000 -0.975658 -0.219299 -0.000000 -0.975658 -0.219299 -0.000000 -0.975658 -0.219299 -0.000000 -0.975658 -0.219299 -0.000000 -0.965632 -0.259914 -0.000000 -0.965632 -0.259914 -0.000000 -0.965632 -0.259914 -0.000000 -0.965632 -0.259914 -0.000000 -0.953904 -0.300112 -0.000000 -0.953904 -0.300112 -0.000000 -0.953904 -0.300112 -0.000000 -0.953904 -0.300112 -0.000000 -0.941116 -0.338084 -0.000000 -0.941116 -0.338084 -0.000000 -0.941116 -0.338084 -0.000000 -0.941116 -0.338084 -0.000000 -0.103635 -0.994615 -0.000000 -0.103635 -0.994615 -0.000000 -0.121572 -0.992583 -0.000000 -0.121572 -0.992583 -0.000000 -0.139470 -0.990226 -0.000000 -0.139470 -0.990226 -0.000000 -0.157321 -0.987547 -0.000000 -0.157321 -0.987547 -0.000000 0.821545 -0.570144 0.000000 0.821545 -0.570144 0.000000 0.821545 -0.570144 0.000000 0.821545 -0.570144 0.000000 0.843726 -0.536775 0.000000 0.843726 -0.536775 0.000000 0.843726 -0.536775 0.000000 0.843726 -0.536775 0.000000 0.865458 -0.500982 0.000000 0.865458 -0.500982 0.000000 0.865458 -0.500982 0.000000 0.865458 -0.500982 0.000000 0.885654 -0.464345 0.000000 0.885654 -0.464345 0.000000 0.885654 -0.464345 0.000000 0.885654 -0.464345 0.000000 0.904275 -0.426950 0.000000 0.904275 -0.426950 0.000000 0.904275 -0.426950 0.000000 0.904275 -0.426950 0.000000 0.921345 -0.388747 0.000000 0.921345 -0.388747 0.000000 0.921345 -0.388747 0.000000 0.921345 -0.388747 0.000000 0.936833 -0.349778 0.000000 0.936833 -0.349778 0.000000 0.936833 -0.349778 0.000000 0.936833 -0.349778 0.000000 0.950600 -0.310417 0.000000 0.950600 -0.310417 0.000000 0.950600 -0.310417 0.000000 0.950600 -0.310417 0.000000 0.962735 -0.270445 0.000000 0.962735 -0.270445 0.000000 0.962735 -0.270445 0.000000 0.962735 -0.270445 0.000000 0.977232 -0.212172 0.000000 0.977232 -0.212172 0.000000 0.977232 -0.212172 0.000000 0.977232 -0.212172 0.000000 0.985406 -0.170219 0.000000 0.985406 -0.170219 0.000000 0.985406 -0.170219 0.000000 0.985406 -0.170219 0.000000 0.973765 -0.227557 0.000000 0.973765 -0.227557 0.000000 0.973765 -0.227557 0.000000 0.973765 -0.227557 0.000000 0.957976 -0.286847 0.000000 0.957976 -0.286847 0.000000 0.957976 -0.286847 0.000000 0.957976 -0.286847 0.000000 0.935611 -0.353034 0.000000 0.935611 -0.353034 0.000000 0.935611 -0.353034 0.000000 0.935611 -0.353034 0.000000 0.904092 -0.427337 0.000000 0.904092 -0.427337 0.000000 0.904092 -0.427337 0.000000 0.904092 -0.427337 0.000000 0.859149 -0.511725 0.000000 0.859149 -0.511725 0.000000 0.859149 -0.511725 0.000000 0.859149 -0.511725 0.000000 0.794655 -0.607062 0.000000 0.794655 -0.607062 0.000000 0.794655 -0.607062 0.000000 0.794655 -0.607062 0.000000 0.701489 -0.712680 0.000000 0.701489 -0.712680 0.000000 0.701489 -0.712680 0.000000 0.701489 -0.712680 0.000000 0.567157 -0.823610 0.000000 0.567157 -0.823610 0.000000 0.567157 -0.823610 0.000000 0.567157 -0.823610 0.000000 0.380552 -0.924759 0.000000 0.380552 -0.924759 0.000000 0.380552 -0.924759 0.000000 0.380552 -0.924759 0.000000 0.109572 -0.993979 0.000000 0.109572 -0.993979 0.000000 0.109572 -0.993979 0.000000 0.109572 -0.993979 0.000000 -0.026658 -0.999645 -0.000000 -0.026658 -0.999645 -0.000000 -0.026658 -0.999645 -0.000000 -0.026658 -0.999645 -0.000000 -0.008977 -0.999960 -0.000000 -0.008977 -0.999960 -0.000000 -0.008977 -0.999960 -0.000000 -0.008977 -0.999960 -0.000000 0.008974 -0.999960 0.000000 0.008974 -0.999960 0.000000 0.008974 -0.999960 0.000000 0.008974 -0.999960 0.000000 0.026662 -0.999644 0.000000 0.026662 -0.999644 0.000000 0.026662 -0.999644 0.000000 0.026662 -0.999644 0.000000 -0.109582 -0.993978 -0.000000 -0.109582 -0.993978 -0.000000 -0.109582 -0.993978 -0.000000 -0.109582 -0.993978 -0.000000 -0.380555 -0.924758 -0.000000 -0.380555 -0.924758 -0.000000 -0.380555 -0.924758 -0.000000 -0.380555 -0.924758 -0.000000 -0.567158 -0.823609 -0.000000 -0.567158 -0.823609 -0.000000 -0.567158 -0.823609 -0.000000 -0.567158 -0.823609 -0.000000 -0.701488 -0.712681 -0.000000 -0.701488 -0.712681 -0.000000 -0.701488 -0.712681 -0.000000 -0.701488 -0.712681 -0.000000 -0.794656 -0.607059 -0.000000 -0.794656 -0.607059 -0.000000 -0.794656 -0.607059 -0.000000 -0.794656 -0.607059 -0.000000 -0.859151 -0.511722 -0.000000 -0.859151 -0.511722 -0.000000 -0.859151 -0.511722 -0.000000 -0.859151 -0.511722 -0.000000 -0.904090 -0.427343 -0.000000 -0.904090 -0.427343 -0.000000 -0.904090 -0.427343 -0.000000 -0.904090 -0.427343 -0.000000 -0.935609 -0.353037 -0.000000 -0.935609 -0.353037 -0.000000 -0.935609 -0.353037 -0.000000 -0.935609 -0.353037 -0.000000 -0.957977 -0.286845 -0.000000 -0.957977 -0.286845 -0.000000 -0.957977 -0.286845 -0.000000 -0.957977 -0.286845 -0.000000 -0.973765 -0.227556 -0.000000 -0.973765 -0.227556 -0.000000 -0.973765 -0.227556 -0.000000 -0.973765 -0.227556 -0.000000 -0.985407 -0.170217 -0.000000 -0.985407 -0.170217 -0.000000 -0.985407 -0.170217 -0.000000 -0.985407 -0.170217 -0.000000 -0.977232 -0.212172 -0.000000 -0.977232 -0.212172 -0.000000 -0.977232 -0.212172 -0.000000 -0.977232 -0.212172 -0.000000 -0.962735 -0.270448 -0.000000 -0.962735 -0.270448 -0.000000 -0.962735 -0.270448 -0.000000 -0.962735 -0.270448 -0.000000 -0.950601 -0.310416 -0.000000 -0.950601 -0.310416 -0.000000 -0.950601 -0.310416 -0.000000 -0.950601 -0.310416 -0.000000 -0.936833 -0.349778 -0.000000 -0.936833 -0.349778 -0.000000 -0.936833 -0.349778 -0.000000 -0.936833 -0.349778 -0.000000 -0.921345 -0.388747 -0.000000 -0.921345 -0.388747 -0.000000 -0.921345 -0.388747 -0.000000 -0.921345 -0.388747 -0.000000 -0.904275 -0.426951 -0.000000 -0.904275 -0.426951 -0.000000 -0.904275 -0.426951 -0.000000 -0.904275 -0.426951 -0.000000 -0.885655 -0.464344 -0.000000 -0.885655 -0.464344 -0.000000 -0.885655 -0.464344 -0.000000 -0.885655 -0.464344 -0.000000 -0.865458 -0.500981 -0.000000 -0.865458 -0.500981 -0.000000 -0.865458 -0.500981 -0.000000 -0.865458 -0.500981 -0.000000 -0.843726 -0.536774 -0.000000 -0.843726 -0.536774 -0.000000 -0.843726 -0.536774 -0.000000 -0.843726 -0.536774 -0.000000 -0.821544 -0.570145 -0.000000 -0.821544 -0.570145 -0.000000 -0.821544 -0.570145 -0.000000 -0.821544 -0.570145 -0.000000 0.157321 -0.987548 0.000000 0.157321 -0.987548 0.000000 0.139469 -0.990226 0.000000 0.139469 -0.990226 0.000000 0.121572 -0.992583 0.000000 0.121572 -0.992583 0.000000 0.103635 -0.994615 0.000000 0.103635 -0.994615 0.000000 0.941106 -0.338112 0.000000 0.941106 -0.338112 0.000000 0.941106 -0.338112 0.000000 0.941106 -0.338112 0.000000 0.953904 -0.300112 0.000000 0.953904 -0.300112 0.000000 0.953904 -0.300112 0.000000 0.953904 -0.300112 0.000000 0.965632 -0.259914 0.000000 0.965632 -0.259914 0.000000 0.965632 -0.259914 0.000000 0.965632 -0.259914 0.000000 0.975658 -0.219298 0.000000 0.975658 -0.219298 0.000000 0.975658 -0.219298 0.000000 0.975658 -0.219298 0.000000 0.983966 -0.178358 0.000000 0.983966 -0.178358 0.000000 0.983966 -0.178358 0.000000 0.983966 -0.178358 0.000000 0.990565 -0.137041 0.000000 0.990565 -0.137041 0.000000 0.990565 -0.137041 0.000000 0.990565 -0.137041 0.000000 0.995440 -0.095389 0.000000 0.995440 -0.095389 0.000000 0.995440 -0.095389 0.000000 0.995440 -0.095389 0.000000 0.998551 -0.053806 0.000000 0.998551 -0.053806 0.000000 0.998551 -0.053806 0.000000 0.998551 -0.053806 0.000000 0.999927 -0.012057 0.000000 0.999927 -0.012057 0.000000 0.999927 -0.012057 0.000000 0.999927 -0.012057 0.000000 0.998848 0.047985 0.000000 0.998848 0.047985 0.000000 0.998848 0.047985 0.000000 0.998848 0.047985 0.000000 0.995885 0.090624 0.000000 0.995885 0.090624 0.000000 0.995885 0.090624 0.000000 0.995885 0.090624 0.000000 0.999481 0.032224 0.000000 0.999481 0.032224 0.000000 0.999481 0.032224 0.000000 0.999481 0.032224 0.000000 0.999576 -0.029132 0.000000 0.999576 -0.029132 0.000000 0.999576 -0.029132 0.000000 0.999576 -0.029132 0.000000 0.995102 -0.098852 0.000000 0.995102 -0.098852 0.000000 0.995102 -0.098852 0.000000 0.995102 -0.098852 0.000000 0.983889 -0.178783 0.000000 0.983889 -0.178783 0.000000 0.983889 -0.178783 0.000000 0.983889 -0.178783 0.000000 0.962320 -0.271919 0.000000 0.962320 -0.271919 0.000000 0.962320 -0.271919 0.000000 0.962320 -0.271919 0.000000 0.924697 -0.380703 0.000000 0.924697 -0.380703 0.000000 0.924697 -0.380703 0.000000 0.924697 -0.380703 0.000000 0.862046 -0.506830 0.000000 0.862046 -0.506830 0.000000 0.862046 -0.506830 0.000000 0.862046 -0.506830 0.000000 0.760986 -0.648769 0.000000 0.760986 -0.648769 0.000000 0.760986 -0.648769 0.000000 0.760986 -0.648769 0.000000 0.606949 -0.794741 0.000000 0.606949 -0.794741 0.000000 0.606949 -0.794741 0.000000 0.606949 -0.794741 0.000000 0.363110 -0.931746 0.000000 0.363110 -0.931746 0.000000 0.363110 -0.931746 0.000000 0.363110 -0.931746 0.000000 0.232971 -0.972484 0.000000 0.232971 -0.972484 0.000000 0.232971 -0.972484 0.000000 0.232971 -0.972484 0.000000 0.250139 -0.968210 0.000000 0.250139 -0.968210 0.000000 0.250139 -0.968210 0.000000 0.250139 -0.968210 0.000000 0.267481 -0.963563 0.000000 0.267481 -0.963563 0.000000 0.267481 -0.963563 0.000000 0.267481 -0.963563 0.000000 0.284479 -0.958682 0.000000 0.284479 -0.958682 0.000000 0.284479 -0.958682 0.000000 0.284479 -0.958682 0.000000 0.151392 -0.988474 0.000000 0.151392 -0.988474 0.000000 0.151392 -0.988474 0.000000 0.151392 -0.988474 0.000000 -0.128242 -0.991743 -0.000000 -0.128242 -0.991743 -0.000000 -0.128242 -0.991743 -0.000000 -0.128242 -0.991743 -0.000000 -0.334656 -0.942341 -0.000000 -0.334656 -0.942341 -0.000000 -0.334656 -0.942341 -0.000000 -0.334656 -0.942341 -0.000000 -0.493120 -0.869961 -0.000000 -0.493120 -0.869961 -0.000000 -0.493120 -0.869961 -0.000000 -0.493120 -0.869961 -0.000000 -0.610463 -0.792045 -0.000000 -0.610463 -0.792045 -0.000000 -0.610463 -0.792045 -0.000000 -0.610463 -0.792045 -0.000000 -0.697434 -0.716649 -0.000000 -0.697434 -0.716649 -0.000000 -0.697434 -0.716649 -0.000000 -0.697434 -0.716649 -0.000000 -0.762685 -0.646770 -0.000000 -0.762685 -0.646770 -0.000000 -0.762685 -0.646770 -0.000000 -0.762685 -0.646770 -0.000000 -0.812361 -0.583155 -0.000000 -0.812361 -0.583155 -0.000000 -0.812361 -0.583155 -0.000000 -0.812361 -0.583155 -0.000000 -0.851088 -0.525023 -0.000000 -0.851088 -0.525023 -0.000000 -0.851088 -0.525023 -0.000000 -0.851088 -0.525023 -0.000000 -0.881689 -0.471830 -0.000000 -0.881689 -0.471830 -0.000000 -0.881689 -0.471830 -0.000000 -0.881689 -0.471830 -0.000000 -0.907773 -0.419462 -0.000000 -0.907773 -0.419462 -0.000000 -0.907773 -0.419462 -0.000000 -0.907773 -0.419462 -0.000000 -0.889020 -0.457868 -0.000000 -0.889020 -0.457868 -0.000000 -0.889020 -0.457868 -0.000000 -0.889020 -0.457868 -0.000000 -0.859934 -0.510405 -0.000000 -0.859934 -0.510405 -0.000000 -0.859934 -0.510405 -0.000000 -0.859934 -0.510405 -0.000000 -0.837869 -0.545871 -0.000000 -0.837869 -0.545871 -0.000000 -0.837869 -0.545871 -0.000000 -0.837869 -0.545871 -0.000000 -0.814381 -0.580330 -0.000000 -0.814381 -0.580330 -0.000000 -0.814381 -0.580330 -0.000000 -0.814381 -0.580330 -0.000000 -0.789335 -0.613963 -0.000000 -0.789335 -0.613963 -0.000000 -0.789335 -0.613963 -0.000000 -0.789335 -0.613963 -0.000000 -0.762960 -0.646445 -0.000000 -0.762960 -0.646445 -0.000000 -0.762960 -0.646445 -0.000000 -0.762960 -0.646445 -0.000000 -0.735295 -0.677747 -0.000000 -0.735295 -0.677747 -0.000000 -0.735295 -0.677747 -0.000000 -0.735295 -0.677747 -0.000000 -0.706304 -0.707908 -0.000000 -0.706304 -0.707908 -0.000000 -0.706304 -0.707908 -0.000000 -0.706304 -0.707908 -0.000000 -0.676049 -0.736857 -0.000000 -0.676049 -0.736857 -0.000000 -0.676049 -0.736857 -0.000000 -0.676049 -0.736857 -0.000000 -0.645988 -0.763348 -0.000000 -0.645988 -0.763348 -0.000000 -0.645988 -0.763348 -0.000000 -0.645988 -0.763348 -0.000000 0.407557 -0.913180 0.000000 0.407557 -0.913180 0.000000 0.391006 -0.920388 0.000000 0.391006 -0.920388 0.000000 0.374329 -0.927296 0.000000 0.374329 -0.927296 0.000000 0.357529 -0.933902 0.000000 0.357529 -0.933902 0.000000 0.996549 -0.083003 0.000000 0.996549 -0.083003 0.000000 0.996549 -0.083003 0.000000 0.996549 -0.083003 0.000000 0.999075 -0.042995 0.000000 0.999075 -0.042995 0.000000 0.999075 -0.042995 0.000000 0.999075 -0.042995 0.000000 0.999999 -0.001136 0.000000 0.999999 -0.001136 0.000000 0.999999 -0.001136 0.000000 0.999999 -0.001136 0.000000 0.999172 0.040696 0.000000 0.999172 0.040696 0.000000 0.999172 0.040696 0.000000 0.999172 0.040696 0.000000 0.996601 0.082386 0.000000 0.996601 0.082386 0.000000 0.996601 0.082386 0.000000 0.996601 0.082386 0.000000 0.992282 0.124005 0.000000 0.992282 0.124005 0.000000 0.992282 0.124005 0.000000 0.992282 0.124005 0.000000 0.986209 0.165504 0.000000 0.986209 0.165504 0.000000 0.986209 0.165504 0.000000 0.986209 0.165504 0.000000 0.978453 0.206470 0.000000 0.978453 0.206470 0.000000 0.978453 0.206470 0.000000 0.978453 0.206470 0.000000 0.968976 0.247154 0.000000 0.968976 0.247154 0.000000 0.968976 0.247154 0.000000 0.968976 0.247154 0.000000 0.952395 0.304868 0.000000 0.952395 0.304868 0.000000 0.952395 0.304868 0.000000 0.952395 0.304868 0.000000 0.938495 0.345292 0.000000 0.938495 0.345292 0.000000 0.938495 0.345292 0.000000 0.938495 0.345292 0.000000 0.957083 0.289814 0.000000 0.957083 0.289814 0.000000 0.957083 0.289814 0.000000 0.957083 0.289814 0.000000 0.973055 0.230575 0.000000 0.973055 0.230575 0.000000 0.973055 0.230575 0.000000 0.973055 0.230575 0.000000 0.986782 0.162056 0.000000 0.986782 0.162056 0.000000 0.986782 0.162056 0.000000 0.986782 0.162056 0.000000 0.996636 0.081961 0.000000 0.996636 0.081961 0.000000 0.996636 0.081961 0.000000 0.996636 0.081961 0.000000 0.999908 -0.013571 0.000000 0.999908 -0.013571 0.000000 0.999908 -0.013571 0.000000 0.999908 -0.013571 0.000000 0.991722 -0.128404 0.000000 0.991722 -0.128404 0.000000 0.991722 -0.128404 0.000000 0.991722 -0.128404 0.000000 0.963844 -0.266465 0.000000 0.963844 -0.266465 0.000000 0.963844 -0.266465 0.000000 0.963844 -0.266465 0.000000 0.902980 -0.429683 0.000000 0.902980 -0.429683 0.000000 0.902980 -0.429683 0.000000 0.902980 -0.429683 0.000000 0.791953 -0.610582 0.000000 0.791953 -0.610582 0.000000 0.791953 -0.610582 0.000000 0.791953 -0.610582 0.000000 0.591889 -0.806020 0.000000 0.591889 -0.806020 0.000000 0.591889 -0.806020 0.000000 0.591889 -0.806020 0.000000 0.476732 -0.879049 0.000000 0.476732 -0.879049 0.000000 0.476732 -0.879049 0.000000 0.476732 -0.879049 0.000000 0.492209 -0.870477 0.000000 0.492209 -0.870477 0.000000 0.492209 -0.870477 0.000000 0.492209 -0.870477 0.000000 0.507751 -0.861504 0.000000 0.507751 -0.861504 0.000000 0.507751 -0.861504 0.000000 0.507751 -0.861504 0.000000 0.522913 -0.852386 0.000000 0.522913 -0.852386 0.000000 0.522913 -0.852386 0.000000 0.522913 -0.852386 0.000000 0.402079 -0.915605 0.000000 0.402079 -0.915605 0.000000 0.402079 -0.915605 0.000000 0.402079 -0.915605 0.000000 0.132810 -0.991141 0.000000 0.132810 -0.991141 0.000000 0.132810 -0.991141 0.000000 0.132810 -0.991141 0.000000 -0.079358 -0.996846 -0.000000 -0.079358 -0.996846 -0.000000 -0.079358 -0.996846 -0.000000 -0.079358 -0.996846 -0.000000 -0.251177 -0.967941 -0.000000 -0.251177 -0.967941 -0.000000 -0.251177 -0.967941 -0.000000 -0.251177 -0.967941 -0.000000 -0.384663 -0.923057 -0.000000 -0.384663 -0.923057 -0.000000 -0.384663 -0.923057 -0.000000 -0.384663 -0.923057 -0.000000 -0.488197 -0.872734 -0.000000 -0.488197 -0.872734 -0.000000 -0.488197 -0.872734 -0.000000 -0.488197 -0.872734 -0.000000 -0.569291 -0.822136 -0.000000 -0.569291 -0.822136 -0.000000 -0.569291 -0.822136 -0.000000 -0.569291 -0.822136 -0.000000 -0.633742 -0.773544 -0.000000 -0.633742 -0.773544 -0.000000 -0.633742 -0.773544 -0.000000 -0.633742 -0.773544 -0.000000 -0.686207 -0.727406 -0.000000 -0.686207 -0.727406 -0.000000 -0.686207 -0.727406 -0.000000 -0.686207 -0.727406 -0.000000 -0.729525 -0.683954 -0.000000 -0.729525 -0.683954 -0.000000 -0.729525 -0.683954 -0.000000 -0.729525 -0.683954 -0.000000 -0.768279 -0.640115 -0.000000 -0.768279 -0.640115 -0.000000 -0.768279 -0.640115 -0.000000 -0.768279 -0.640115 -0.000000 -0.740222 -0.672363 -0.000000 -0.740222 -0.672363 -0.000000 -0.740222 -0.672363 -0.000000 -0.740222 -0.672363 -0.000000 -0.698531 -0.715580 -0.000000 -0.698531 -0.715580 -0.000000 -0.698531 -0.715580 -0.000000 -0.698531 -0.715580 -0.000000 -0.668036 -0.744129 -0.000000 -0.668036 -0.744129 -0.000000 -0.668036 -0.744129 -0.000000 -0.668036 -0.744129 -0.000000 -0.636431 -0.771333 -0.000000 -0.636431 -0.771333 -0.000000 -0.636431 -0.771333 -0.000000 -0.636431 -0.771333 -0.000000 -0.603534 -0.797337 -0.000000 -0.603534 -0.797337 -0.000000 -0.603534 -0.797337 -0.000000 -0.603534 -0.797337 -0.000000 -0.569650 -0.821887 -0.000000 -0.569650 -0.821887 -0.000000 -0.569650 -0.821887 -0.000000 -0.569650 -0.821887 -0.000000 -0.534826 -0.844962 -0.000000 -0.534826 -0.844962 -0.000000 -0.534826 -0.844962 -0.000000 -0.534826 -0.844962 -0.000000 -0.499017 -0.866592 -0.000000 -0.499017 -0.866592 -0.000000 -0.499017 -0.866592 -0.000000 -0.499017 -0.866592 -0.000000 -0.462300 -0.886723 -0.000000 -0.462300 -0.886723 -0.000000 -0.462300 -0.886723 -0.000000 -0.462300 -0.886723 -0.000000 -0.426407 -0.904531 -0.000000 -0.426407 -0.904531 -0.000000 -0.426407 -0.904531 -0.000000 -0.426407 -0.904531 -0.000000 0.630018 -0.776581 0.000000 0.630018 -0.776581 0.000000 0.615897 -0.787826 0.000000 0.615897 -0.787826 0.000000 0.601576 -0.798816 0.000000 0.601576 -0.798816 0.000000 0.587059 -0.809544 0.000000 0.587059 -0.809544 0.000000 0.984073 0.177767 0.000000 0.984073 0.177767 0.000000 0.984073 0.177767 0.000000 0.984073 0.177767 0.000000 0.976161 0.217047 0.000000 0.976161 0.217047 0.000000 0.976161 0.217047 0.000000 0.976161 0.217047 0.000000 0.966219 0.257723 0.000000 0.966219 0.257723 0.000000 0.966219 0.257723 0.000000 0.966219 0.257723 0.000000 0.954594 0.297910 0.000000 0.954594 0.297910 0.000000 0.954594 0.297910 0.000000 0.954594 0.297910 0.000000 0.941318 0.337520 0.000000 0.941318 0.337520 0.000000 0.941318 0.337520 0.000000 0.941318 0.337520 0.000000 0.926375 0.376604 0.000000 0.926375 0.376604 0.000000 0.926375 0.376604 0.000000 0.926375 0.376604 0.000000 0.909771 0.415110 0.000000 0.909771 0.415110 0.000000 0.909771 0.415110 0.000000 0.909771 0.415110 0.000000 0.891674 0.452679 0.000000 0.891674 0.452679 0.000000 0.891674 0.452679 0.000000 0.891674 0.452679 0.000000 0.871990 0.489523 0.000000 0.871990 0.489523 0.000000 0.871990 0.489523 0.000000 0.871990 0.489523 0.000000 0.841036 0.540979 0.000000 0.841036 0.540979 0.000000 0.841036 0.540979 0.000000 0.841036 0.540979 0.000000 0.817149 0.576427 0.000000 0.817149 0.576427 0.000000 0.817149 0.576427 0.000000 0.817149 0.576427 0.000000 0.849464 0.527647 0.000000 0.849464 0.527647 0.000000 0.849464 0.527647 0.000000 0.849464 0.527647 0.000000 0.880224 0.474558 0.000000 0.880224 0.474558 0.000000 0.880224 0.474558 0.000000 0.880224 0.474558 0.000000 0.911211 0.411940 0.000000 0.911211 0.411940 0.000000 0.911211 0.411940 0.000000 0.911211 0.411940 0.000000 0.941466 0.337109 0.000000 0.941466 0.337109 0.000000 0.941466 0.337109 0.000000 0.941466 0.337109 0.000000 0.969351 0.245682 0.000000 0.969351 0.245682 0.000000 0.969351 0.245682 0.000000 0.969351 0.245682 0.000000 0.991163 0.132651 0.000000 0.991163 0.132651 0.000000 0.991163 0.132651 0.000000 0.991163 0.132651 0.000000 0.999969 -0.007903 0.000000 0.999969 -0.007903 0.000000 0.999969 -0.007903 0.000000 0.999969 -0.007903 0.000000 0.983419 -0.181349 0.000000 0.983419 -0.181349 0.000000 0.983419 -0.181349 0.000000 0.983419 -0.181349 0.000000 0.922995 -0.384811 0.000000 0.922995 -0.384811 0.000000 0.922995 -0.384811 0.000000 0.922995 -0.384811 0.000000 0.780341 -0.625355 0.000000 0.780341 -0.625355 0.000000 0.780341 -0.625355 0.000000 0.780341 -0.625355 0.000000 0.688002 -0.725709 0.000000 0.688002 -0.725709 0.000000 0.688002 -0.725709 0.000000 0.688002 -0.725709 0.000000 0.700733 -0.713424 0.000000 0.700733 -0.713424 0.000000 0.700733 -0.713424 0.000000 0.700733 -0.713424 0.000000 0.713423 -0.700733 0.000000 0.713423 -0.700733 0.000000 0.713423 -0.700733 0.000000 0.713423 -0.700733 0.000000 0.725709 -0.688002 0.000000 0.725709 -0.688002 0.000000 0.725709 -0.688002 0.000000 0.725709 -0.688002 0.000000 0.625363 -0.780334 0.000000 0.625363 -0.780334 0.000000 0.625363 -0.780334 0.000000 0.625363 -0.780334 0.000000 0.384804 -0.922998 0.000000 0.384804 -0.922998 0.000000 0.384804 -0.922998 0.000000 0.384804 -0.922998 0.000000 0.181334 -0.983422 0.000000 0.181334 -0.983422 0.000000 0.181334 -0.983422 0.000000 0.181334 -0.983422 0.000000 0.007925 -0.999969 0.000000 0.007925 -0.999969 0.000000 0.007925 -0.999969 0.000000 0.007925 -0.999969 0.000000 -0.132648 -0.991163 -0.000000 -0.132648 -0.991163 -0.000000 -0.132648 -0.991163 -0.000000 -0.132648 -0.991163 -0.000000 -0.245687 -0.969349 -0.000000 -0.245687 -0.969349 -0.000000 -0.245687 -0.969349 -0.000000 -0.245687 -0.969349 -0.000000 -0.337116 -0.941463 -0.000000 -0.337116 -0.941463 -0.000000 -0.337116 -0.941463 -0.000000 -0.337116 -0.941463 -0.000000 -0.411932 -0.911215 -0.000000 -0.411932 -0.911215 -0.000000 -0.411932 -0.911215 -0.000000 -0.411932 -0.911215 -0.000000 -0.474563 -0.880221 -0.000000 -0.474563 -0.880221 -0.000000 -0.474563 -0.880221 -0.000000 -0.474563 -0.880221 -0.000000 -0.527650 -0.849462 -0.000000 -0.527650 -0.849462 -0.000000 -0.527650 -0.849462 -0.000000 -0.527650 -0.849462 -0.000000 -0.576426 -0.817149 -0.000000 -0.576426 -0.817149 -0.000000 -0.576426 -0.817149 -0.000000 -0.576426 -0.817149 -0.000000 -0.540978 -0.841037 -0.000000 -0.540978 -0.841037 -0.000000 -0.540978 -0.841037 -0.000000 -0.540978 -0.841037 -0.000000 -0.489522 -0.871991 -0.000000 -0.489522 -0.871991 -0.000000 -0.489522 -0.871991 -0.000000 -0.489522 -0.871991 -0.000000 -0.452677 -0.891675 -0.000000 -0.452677 -0.891675 -0.000000 -0.452677 -0.891675 -0.000000 -0.452677 -0.891675 -0.000000 -0.415115 -0.909769 -0.000000 -0.415115 -0.909769 -0.000000 -0.415115 -0.909769 -0.000000 -0.415115 -0.909769 -0.000000 -0.376601 -0.926376 -0.000000 -0.376601 -0.926376 -0.000000 -0.376601 -0.926376 -0.000000 -0.376601 -0.926376 -0.000000 -0.337518 -0.941319 -0.000000 -0.337518 -0.941319 -0.000000 -0.337518 -0.941319 -0.000000 -0.337518 -0.941319 -0.000000 -0.297914 -0.954593 -0.000000 -0.297914 -0.954593 -0.000000 -0.297914 -0.954593 -0.000000 -0.297914 -0.954593 -0.000000 -0.257722 -0.966219 -0.000000 -0.257722 -0.966219 -0.000000 -0.257722 -0.966219 -0.000000 -0.257722 -0.966219 -0.000000 -0.217050 -0.976161 -0.000000 -0.217050 -0.976161 -0.000000 -0.217050 -0.976161 -0.000000 -0.217050 -0.976161 -0.000000 -0.177766 -0.984073 -0.000000 -0.177766 -0.984073 -0.000000 -0.177766 -0.984073 -0.000000 -0.177766 -0.984073 -0.000000 0.809545 -0.587058 0.000000 0.809545 -0.587058 0.000000 0.798816 -0.601576 0.000000 0.798816 -0.601576 0.000000 0.787826 -0.615897 0.000000 0.787826 -0.615897 0.000000 0.776581 -0.630018 0.000000 0.776581 -0.630018 0.000000 0.904526 0.426418 0.000000 0.904526 0.426418 0.000000 0.904526 0.426418 0.000000 0.904526 0.426418 0.000000 0.886723 0.462301 0.000000 0.886723 0.462301 0.000000 0.886723 0.462301 0.000000 0.886723 0.462301 0.000000 0.866592 0.499017 0.000000 0.866592 0.499017 0.000000 0.866592 0.499017 0.000000 0.866592 0.499017 0.000000 0.844962 0.534827 0.000000 0.844962 0.534827 0.000000 0.844962 0.534827 0.000000 0.844962 0.534827 0.000000 0.821887 0.569651 0.000000 0.821887 0.569651 0.000000 0.821887 0.569651 0.000000 0.821887 0.569651 0.000000 0.797338 0.603533 0.000000 0.797338 0.603533 0.000000 0.797338 0.603533 0.000000 0.797338 0.603533 0.000000 0.771333 0.636431 0.000000 0.771333 0.636431 0.000000 0.771333 0.636431 0.000000 0.771333 0.636431 0.000000 0.744128 0.668037 0.000000 0.744128 0.668037 0.000000 0.744128 0.668037 0.000000 0.744128 0.668037 0.000000 0.715581 0.698530 0.000000 0.715581 0.698530 0.000000 0.715581 0.698530 0.000000 0.715581 0.698530 0.000000 0.672362 0.740223 0.000000 0.672362 0.740223 0.000000 0.672362 0.740223 0.000000 0.672362 0.740223 0.000000 0.640118 0.768276 0.000000 0.640118 0.768276 0.000000 0.640118 0.768276 0.000000 0.640118 0.768276 0.000000 0.683951 0.729528 0.000000 0.683951 0.729528 0.000000 0.683951 0.729528 0.000000 0.683951 0.729528 0.000000 0.727411 0.686202 0.000000 0.727411 0.686202 0.000000 0.727411 0.686202 0.000000 0.727411 0.686202 0.000000 0.773539 0.633748 0.000000 0.773539 0.633748 0.000000 0.773539 0.633748 0.000000 0.773539 0.633748 0.000000 0.822130 0.569300 0.000000 0.822130 0.569300 0.000000 0.822130 0.569300 0.000000 0.822130 0.569300 0.000000 0.872739 0.488187 0.000000 0.872739 0.488187 0.000000 0.872739 0.488187 0.000000 0.872739 0.488187 0.000000 0.923056 0.384665 0.000000 0.923056 0.384665 0.000000 0.923056 0.384665 0.000000 0.923056 0.384665 0.000000 0.967947 0.251155 0.000000 0.967947 0.251155 0.000000 0.967947 0.251155 0.000000 0.967947 0.251155 0.000000 0.996846 0.079357 0.000000 0.996846 0.079357 0.000000 0.996846 0.079357 0.000000 0.996846 0.079357 0.000000 0.991142 -0.132810 0.000000 0.991142 -0.132810 0.000000 0.991142 -0.132810 0.000000 0.991142 -0.132810 0.000000 0.915609 -0.402069 0.000000 0.915609 -0.402069 0.000000 0.915609 -0.402069 0.000000 0.915609 -0.402069 0.000000 0.852387 -0.522911 0.000000 0.852387 -0.522911 0.000000 0.852387 -0.522911 0.000000 0.852387 -0.522911 0.000000 0.861501 -0.507755 0.000000 0.861501 -0.507755 0.000000 0.861501 -0.507755 0.000000 0.861501 -0.507755 0.000000 0.870478 -0.492207 0.000000 0.870478 -0.492207 0.000000 0.870478 -0.492207 0.000000 0.870478 -0.492207 0.000000 0.879050 -0.476730 0.000000 0.879050 -0.476730 0.000000 0.879050 -0.476730 0.000000 0.879050 -0.476730 0.000000 0.806018 -0.591891 0.000000 0.806018 -0.591891 0.000000 0.806018 -0.591891 0.000000 0.806018 -0.591891 0.000000 0.610571 -0.791962 0.000000 0.610571 -0.791962 0.000000 0.610571 -0.791962 0.000000 0.610571 -0.791962 0.000000 0.429705 -0.902969 0.000000 0.429705 -0.902969 0.000000 0.429705 -0.902969 0.000000 0.429705 -0.902969 0.000000 0.266446 -0.963850 0.000000 0.266446 -0.963850 0.000000 0.266446 -0.963850 0.000000 0.266446 -0.963850 0.000000 0.128402 -0.991722 0.000000 0.128402 -0.991722 0.000000 0.128402 -0.991722 0.000000 0.128402 -0.991722 0.000000 0.013587 -0.999908 0.000000 0.013587 -0.999908 0.000000 0.013587 -0.999908 0.000000 0.013587 -0.999908 0.000000 -0.081958 -0.996636 -0.000000 -0.081958 -0.996636 -0.000000 -0.081958 -0.996636 -0.000000 -0.081958 -0.996636 -0.000000 -0.162068 -0.986780 -0.000000 -0.162068 -0.986780 -0.000000 -0.162068 -0.986780 -0.000000 -0.162068 -0.986780 -0.000000 -0.230570 -0.973056 -0.000000 -0.230570 -0.973056 -0.000000 -0.230570 -0.973056 -0.000000 -0.230570 -0.973056 -0.000000 -0.289811 -0.957084 -0.000000 -0.289811 -0.957084 -0.000000 -0.289811 -0.957084 -0.000000 -0.289811 -0.957084 -0.000000 -0.345290 -0.938496 -0.000000 -0.345290 -0.938496 -0.000000 -0.345290 -0.938496 -0.000000 -0.345290 -0.938496 -0.000000 -0.304871 -0.952394 -0.000000 -0.304871 -0.952394 -0.000000 -0.304871 -0.952394 -0.000000 -0.304871 -0.952394 -0.000000 -0.247154 -0.968976 -0.000000 -0.247154 -0.968976 -0.000000 -0.247154 -0.968976 -0.000000 -0.247154 -0.968976 -0.000000 -0.206472 -0.978453 -0.000000 -0.206472 -0.978453 -0.000000 -0.206472 -0.978453 -0.000000 -0.206472 -0.978453 -0.000000 -0.165500 -0.986210 -0.000000 -0.165500 -0.986210 -0.000000 -0.165500 -0.986210 -0.000000 -0.165500 -0.986210 -0.000000 -0.124006 -0.992282 -0.000000 -0.124006 -0.992282 -0.000000 -0.124006 -0.992282 -0.000000 -0.124006 -0.992282 -0.000000 -0.082388 -0.996600 -0.000000 -0.082388 -0.996600 -0.000000 -0.082388 -0.996600 -0.000000 -0.082388 -0.996600 -0.000000 -0.040693 -0.999172 -0.000000 -0.040693 -0.999172 -0.000000 -0.040693 -0.999172 -0.000000 -0.040693 -0.999172 -0.000000 0.001134 -0.999999 0.000000 0.001134 -0.999999 0.000000 0.001134 -0.999999 0.000000 0.001134 -0.999999 0.000000 0.042997 -0.999075 0.000000 0.042997 -0.999075 0.000000 0.042997 -0.999075 0.000000 0.042997 -0.999075 0.000000 0.082986 -0.996551 0.000000 0.082986 -0.996551 0.000000 0.082986 -0.996551 0.000000 0.082986 -0.996551 0.000000 0.933902 -0.357529 0.000000 0.933902 -0.357529 0.000000 0.927296 -0.374329 0.000000 0.927296 -0.374329 0.000000 0.920388 -0.391006 0.000000 0.920388 -0.391006 0.000000 0.913180 -0.407557 0.000000 0.913180 -0.407557 0.000000 0.763332 0.646007 0.000000 0.763332 0.646007 0.000000 0.763332 0.646007 0.000000 0.763332 0.646007 0.000000 0.736856 0.676050 0.000000 0.736856 0.676050 0.000000 0.736856 0.676050 0.000000 0.736856 0.676050 0.000000 0.707908 0.706305 0.000000 0.707908 0.706305 0.000000 0.707908 0.706305 0.000000 0.707908 0.706305 0.000000 0.677746 0.735296 0.000000 0.677746 0.735296 0.000000 0.677746 0.735296 0.000000 0.677746 0.735296 0.000000 0.646447 0.762959 0.000000 0.646447 0.762959 0.000000 0.646447 0.762959 0.000000 0.646447 0.762959 0.000000 0.613962 0.789335 0.000000 0.613962 0.789335 0.000000 0.613962 0.789335 0.000000 0.613962 0.789335 0.000000 0.580329 0.814382 0.000000 0.580329 0.814382 0.000000 0.580329 0.814382 0.000000 0.580329 0.814382 0.000000 0.545872 0.837868 0.000000 0.545872 0.837868 0.000000 0.545872 0.837868 0.000000 0.545872 0.837868 0.000000 0.510407 0.859933 0.000000 0.510407 0.859933 0.000000 0.510407 0.859933 0.000000 0.510407 0.859933 0.000000 0.457869 0.889020 0.000000 0.457869 0.889020 0.000000 0.457869 0.889020 0.000000 0.457869 0.889020 0.000000 0.419459 0.907774 0.000000 0.419459 0.907774 0.000000 0.419459 0.907774 0.000000 0.419459 0.907774 0.000000 0.471831 0.881689 0.000000 0.471831 0.881689 0.000000 0.471831 0.881689 0.000000 0.471831 0.881689 0.000000 0.525013 0.851094 0.000000 0.525013 0.851094 0.000000 0.525013 0.851094 0.000000 0.525013 0.851094 0.000000 0.583161 0.812357 0.000000 0.583161 0.812357 0.000000 0.583161 0.812357 0.000000 0.583161 0.812357 0.000000 0.646777 0.762679 0.000000 0.646777 0.762679 0.000000 0.646777 0.762679 0.000000 0.646777 0.762679 0.000000 0.716650 0.697433 0.000000 0.716650 0.697433 0.000000 0.716650 0.697433 0.000000 0.716650 0.697433 0.000000 0.792047 0.610461 0.000000 0.792047 0.610461 0.000000 0.792047 0.610461 0.000000 0.792047 0.610461 0.000000 0.869956 0.493130 0.000000 0.869956 0.493130 0.000000 0.869956 0.493130 0.000000 0.869956 0.493130 0.000000 0.942337 0.334666 0.000000 0.942337 0.334666 0.000000 0.942337 0.334666 0.000000 0.942337 0.334666 0.000000 0.991743 0.128243 0.000000 0.991743 0.128243 0.000000 0.991743 0.128243 0.000000 0.991743 0.128243 0.000000 0.988471 -0.151413 0.000000 0.988471 -0.151413 0.000000 0.988471 -0.151413 0.000000 0.988471 -0.151413 0.000000 0.958682 -0.284481 0.000000 0.958682 -0.284481 0.000000 0.958682 -0.284481 0.000000 0.958682 -0.284481 0.000000 0.963564 -0.267477 0.000000 0.963564 -0.267477 0.000000 0.963564 -0.267477 0.000000 0.963564 -0.267477 0.000000 0.968210 -0.250138 0.000000 0.968210 -0.250138 0.000000 0.968210 -0.250138 0.000000 0.968210 -0.250138 0.000000 0.972482 -0.232978 0.000000 0.972482 -0.232978 0.000000 0.972482 -0.232978 0.000000 0.972482 -0.232978 0.000000 0.968210 0.250139 0.000000 0.968210 0.250139 0.000000 0.968210 0.250139 0.000000 0.968210 0.250139 0.000000 0.963563 0.267481 0.000000 0.963563 0.267481 0.000000 0.963563 0.267481 0.000000 0.963563 0.267481 0.000000 0.958682 0.284479 0.000000 0.958682 0.284479 0.000000 0.958682 0.284479 0.000000 0.958682 0.284479 0.000000 0.988474 0.151392 0.000000 0.988474 0.151392 0.000000 0.988474 0.151392 0.000000 0.988474 0.151392 0.000000 0.991743 -0.128242 0.000000 0.991743 -0.128242 0.000000 0.991743 -0.128242 0.000000 0.991743 -0.128242 0.000000 0.942341 -0.334656 0.000000 0.942341 -0.334656 0.000000 0.942341 -0.334656 0.000000 0.942341 -0.334656 0.000000 0.869961 -0.493120 0.000000 0.869961 -0.493120 0.000000 0.869961 -0.493120 0.000000 0.869961 -0.493120 0.000000 0.792045 -0.610463 0.000000 0.792045 -0.610463 0.000000 0.792045 -0.610463 0.000000 0.792045 -0.610463 0.000000 0.716649 -0.697434 0.000000 0.716649 -0.697434 0.000000 0.716649 -0.697434 0.000000 0.716649 -0.697434 0.000000 0.646770 -0.762685 0.000000 0.646770 -0.762685 0.000000 0.646770 -0.762685 0.000000 0.646770 -0.762685 0.000000 0.583155 -0.812361 0.000000 0.583155 -0.812361 0.000000 0.583155 -0.812361 0.000000 0.583155 -0.812361 0.000000 0.525023 -0.851088 0.000000 0.525023 -0.851088 0.000000 0.525023 -0.851088 0.000000 0.525023 -0.851088 0.000000 0.471830 -0.881689 0.000000 0.471830 -0.881689 0.000000 0.471830 -0.881689 0.000000 0.471830 -0.881689 0.000000 0.419462 -0.907773 0.000000 0.419462 -0.907773 0.000000 0.419462 -0.907773 0.000000 0.419462 -0.907773 0.000000 0.457868 -0.889020 0.000000 0.457868 -0.889020 0.000000 0.457868 -0.889020 0.000000 0.457868 -0.889020 0.000000 0.510405 -0.859934 0.000000 0.510405 -0.859934 0.000000 0.510405 -0.859934 0.000000 0.510405 -0.859934 0.000000 0.545871 -0.837869 0.000000 0.545871 -0.837869 0.000000 0.545871 -0.837869 0.000000 0.545871 -0.837869 0.000000 0.580330 -0.814381 0.000000 0.580330 -0.814381 0.000000 0.580330 -0.814381 0.000000 0.580330 -0.814381 0.000000 0.613963 -0.789335 0.000000 0.613963 -0.789335 0.000000 0.613963 -0.789335 0.000000 0.613963 -0.789335 0.000000 0.646445 -0.762960 0.000000 0.646445 -0.762960 0.000000 0.646445 -0.762960 0.000000 0.646445 -0.762960 0.000000 0.677747 -0.735295 0.000000 0.677747 -0.735295 0.000000 0.677747 -0.735295 0.000000 0.677747 -0.735295 0.000000 0.707908 -0.706304 0.000000 0.707908 -0.706304 0.000000 0.707908 -0.706304 0.000000 0.707908 -0.706304 0.000000 0.736857 -0.676049 0.000000 0.736857 -0.676049 0.000000 0.736857 -0.676049 0.000000 0.736857 -0.676049 0.000000 0.763348 -0.645988 0.000000 0.763348 -0.645988 0.000000 0.763348 -0.645988 0.000000 0.763348 -0.645988 0.000000 0.913180 0.407557 0.000000 0.913180 0.407557 0.000000 0.920388 0.391006 0.000000 0.920388 0.391006 0.000000 0.927296 0.374329 0.000000 0.927296 0.374329 0.000000 0.933902 0.357529 0.000000 0.933902 0.357529 0.000000 0.083003 0.996549 0.000000 0.083003 0.996549 0.000000 0.083003 0.996549 0.000000 0.083003 0.996549 0.000000 0.042995 0.999075 0.000000 0.042995 0.999075 0.000000 0.042995 0.999075 0.000000 0.042995 0.999075 0.000000 0.001136 0.999999 0.000000 0.001136 0.999999 0.000000 0.001136 0.999999 0.000000 0.001136 0.999999 0.000000 -0.040696 0.999172 -0.000000 -0.040696 0.999172 -0.000000 -0.040696 0.999172 -0.000000 -0.040696 0.999172 -0.000000 -0.082386 0.996601 -0.000000 -0.082386 0.996601 -0.000000 -0.082386 0.996601 -0.000000 -0.082386 0.996601 -0.000000 -0.124005 0.992282 -0.000000 -0.124005 0.992282 -0.000000 -0.124005 0.992282 -0.000000 -0.124005 0.992282 -0.000000 -0.165504 0.986209 -0.000000 -0.165504 0.986209 -0.000000 -0.165504 0.986209 -0.000000 -0.165504 0.986209 -0.000000 -0.206470 0.978453 -0.000000 -0.206470 0.978453 -0.000000 -0.206470 0.978453 -0.000000 -0.206470 0.978453 -0.000000 -0.247154 0.968976 -0.000000 -0.247154 0.968976 -0.000000 -0.247154 0.968976 -0.000000 -0.247154 0.968976 -0.000000 -0.304868 0.952395 -0.000000 -0.304868 0.952395 -0.000000 -0.304868 0.952395 -0.000000 -0.304868 0.952395 -0.000000 -0.345292 0.938495 -0.000000 -0.345292 0.938495 -0.000000 -0.345292 0.938495 -0.000000 -0.345292 0.938495 -0.000000 -0.289814 0.957083 -0.000000 -0.289814 0.957083 -0.000000 -0.289814 0.957083 -0.000000 -0.289814 0.957083 -0.000000 -0.230575 0.973055 -0.000000 -0.230575 0.973055 -0.000000 -0.230575 0.973055 -0.000000 -0.230575 0.973055 -0.000000 -0.162056 0.986782 -0.000000 -0.162056 0.986782 -0.000000 -0.162056 0.986782 -0.000000 -0.162056 0.986782 -0.000000 -0.081961 0.996636 -0.000000 -0.081961 0.996636 -0.000000 -0.081961 0.996636 -0.000000 -0.081961 0.996636 -0.000000 0.013571 0.999908 0.000000 0.013571 0.999908 0.000000 0.013571 0.999908 0.000000 0.013571 0.999908 0.000000 0.128404 0.991722 0.000000 0.128404 0.991722 0.000000 0.128404 0.991722 0.000000 0.128404 0.991722 0.000000 0.266465 0.963844 0.000000 0.266465 0.963844 0.000000 0.266465 0.963844 0.000000 0.266465 0.963844 0.000000 0.429683 0.902980 0.000000 0.429683 0.902980 0.000000 0.429683 0.902980 0.000000 0.429683 0.902980 0.000000 0.610582 0.791953 0.000000 0.610582 0.791953 0.000000 0.610582 0.791953 0.000000 0.610582 0.791953 0.000000 0.806020 0.591889 0.000000 0.806020 0.591889 0.000000 0.806020 0.591889 0.000000 0.806020 0.591889 0.000000 0.879049 0.476732 0.000000 0.879049 0.476732 0.000000 0.879049 0.476732 0.000000 0.879049 0.476732 0.000000 0.870477 0.492209 0.000000 0.870477 0.492209 0.000000 0.870477 0.492209 0.000000 0.870477 0.492209 0.000000 0.861504 0.507751 0.000000 0.861504 0.507751 0.000000 0.861504 0.507751 0.000000 0.861504 0.507751 0.000000 0.852386 0.522913 0.000000 0.852386 0.522913 0.000000 0.852386 0.522913 0.000000 0.852386 0.522913 0.000000 0.915605 0.402079 0.000000 0.915605 0.402079 0.000000 0.915605 0.402079 0.000000 0.915605 0.402079 0.000000 0.991141 0.132810 0.000000 0.991141 0.132810 0.000000 0.991141 0.132810 0.000000 0.991141 0.132810 0.000000 0.996846 -0.079358 0.000000 0.996846 -0.079358 0.000000 0.996846 -0.079358 0.000000 0.996846 -0.079358 0.000000 0.967941 -0.251177 0.000000 0.967941 -0.251177 0.000000 0.967941 -0.251177 0.000000 0.967941 -0.251177 0.000000 0.923057 -0.384663 0.000000 0.923057 -0.384663 0.000000 0.923057 -0.384663 0.000000 0.923057 -0.384663 0.000000 0.872734 -0.488197 0.000000 0.872734 -0.488197 0.000000 0.872734 -0.488197 0.000000 0.872734 -0.488197 0.000000 0.822136 -0.569291 0.000000 0.822136 -0.569291 0.000000 0.822136 -0.569291 0.000000 0.822136 -0.569291 0.000000 0.773544 -0.633742 0.000000 0.773544 -0.633742 0.000000 0.773544 -0.633742 0.000000 0.773544 -0.633742 0.000000 0.727406 -0.686207 0.000000 0.727406 -0.686207 0.000000 0.727406 -0.686207 0.000000 0.727406 -0.686207 0.000000 0.683954 -0.729525 0.000000 0.683954 -0.729525 0.000000 0.683954 -0.729525 0.000000 0.683954 -0.729525 0.000000 0.640115 -0.768279 0.000000 0.640115 -0.768279 0.000000 0.640115 -0.768279 0.000000 0.640115 -0.768279 0.000000 0.672363 -0.740222 0.000000 0.672363 -0.740222 0.000000 0.672363 -0.740222 0.000000 0.672363 -0.740222 0.000000 0.715580 -0.698531 0.000000 0.715580 -0.698531 0.000000 0.715580 -0.698531 0.000000 0.715580 -0.698531 0.000000 0.744129 -0.668036 0.000000 0.744129 -0.668036 0.000000 0.744129 -0.668036 0.000000 0.744129 -0.668036 0.000000 0.771333 -0.636431 0.000000 0.771333 -0.636431 0.000000 0.771333 -0.636431 0.000000 0.771333 -0.636431 0.000000 0.797337 -0.603534 0.000000 0.797337 -0.603534 0.000000 0.797337 -0.603534 0.000000 0.797337 -0.603534 0.000000 0.821887 -0.569650 0.000000 0.821887 -0.569650 0.000000 0.821887 -0.569650 0.000000 0.821887 -0.569650 0.000000 0.844962 -0.534826 0.000000 0.844962 -0.534826 0.000000 0.844962 -0.534826 0.000000 0.844962 -0.534826 0.000000 0.866592 -0.499017 0.000000 0.866592 -0.499017 0.000000 0.866592 -0.499017 0.000000 0.866592 -0.499017 0.000000 0.886723 -0.462300 0.000000 0.886723 -0.462300 0.000000 0.886723 -0.462300 0.000000 0.886723 -0.462300 0.000000 0.904531 -0.426407 0.000000 0.904531 -0.426407 0.000000 0.904531 -0.426407 0.000000 0.904531 -0.426407 0.000000 0.776581 0.630018 0.000000 0.776581 0.630018 0.000000 0.787826 0.615897 0.000000 0.787826 0.615897 0.000000 0.798816 0.601576 0.000000 0.798816 0.601576 0.000000 0.809544 0.587059 0.000000 0.809544 0.587059 0.000000 -0.177767 0.984073 -0.000000 -0.177767 0.984073 -0.000000 -0.177767 0.984073 -0.000000 -0.177767 0.984073 -0.000000 -0.217047 0.976161 -0.000000 -0.217047 0.976161 -0.000000 -0.217047 0.976161 -0.000000 -0.217047 0.976161 -0.000000 -0.257723 0.966219 -0.000000 -0.257723 0.966219 -0.000000 -0.257723 0.966219 -0.000000 -0.257723 0.966219 -0.000000 -0.297910 0.954594 -0.000000 -0.297910 0.954594 -0.000000 -0.297910 0.954594 -0.000000 -0.297910 0.954594 -0.000000 -0.337520 0.941318 -0.000000 -0.337520 0.941318 -0.000000 -0.337520 0.941318 -0.000000 -0.337520 0.941318 -0.000000 -0.376604 0.926375 -0.000000 -0.376604 0.926375 -0.000000 -0.376604 0.926375 -0.000000 -0.376604 0.926375 -0.000000 -0.415110 0.909771 -0.000000 -0.415110 0.909771 -0.000000 -0.415110 0.909771 -0.000000 -0.415110 0.909771 -0.000000 -0.452679 0.891674 -0.000000 -0.452679 0.891674 -0.000000 -0.452679 0.891674 -0.000000 -0.452679 0.891674 -0.000000 -0.489523 0.871990 -0.000000 -0.489523 0.871990 -0.000000 -0.489523 0.871990 -0.000000 -0.489523 0.871990 -0.000000 -0.540979 0.841036 -0.000000 -0.540979 0.841036 -0.000000 -0.540979 0.841036 -0.000000 -0.540979 0.841036 -0.000000 -0.576427 0.817149 -0.000000 -0.576427 0.817149 -0.000000 -0.576427 0.817149 -0.000000 -0.576427 0.817149 -0.000000 -0.527647 0.849464 -0.000000 -0.527647 0.849464 -0.000000 -0.527647 0.849464 -0.000000 -0.527647 0.849464 -0.000000 -0.474558 0.880224 -0.000000 -0.474558 0.880224 -0.000000 -0.474558 0.880224 -0.000000 -0.474558 0.880224 -0.000000 -0.411940 0.911211 -0.000000 -0.411940 0.911211 -0.000000 -0.411940 0.911211 -0.000000 -0.411940 0.911211 -0.000000 -0.337109 0.941466 -0.000000 -0.337109 0.941466 -0.000000 -0.337109 0.941466 -0.000000 -0.337109 0.941466 -0.000000 -0.245682 0.969351 -0.000000 -0.245682 0.969351 -0.000000 -0.245682 0.969351 -0.000000 -0.245682 0.969351 -0.000000 -0.132651 0.991163 -0.000000 -0.132651 0.991163 -0.000000 -0.132651 0.991163 -0.000000 -0.132651 0.991163 -0.000000 0.007903 0.999969 0.000000 0.007903 0.999969 0.000000 0.007903 0.999969 0.000000 0.007903 0.999969 0.000000 0.181349 0.983419 0.000000 0.181349 0.983419 0.000000 0.181349 0.983419 0.000000 0.181349 0.983419 0.000000 0.384811 0.922995 0.000000 0.384811 0.922995 0.000000 0.384811 0.922995 0.000000 0.384811 0.922995 0.000000 0.625355 0.780341 0.000000 0.625355 0.780341 0.000000 0.625355 0.780341 0.000000 0.625355 0.780341 0.000000 0.725709 0.688002 0.000000 0.725709 0.688002 0.000000 0.725709 0.688002 0.000000 0.725709 0.688002 0.000000 0.713424 0.700733 0.000000 0.713424 0.700733 0.000000 0.713424 0.700733 0.000000 0.713424 0.700733 0.000000 0.700733 0.713423 0.000000 0.700733 0.713423 0.000000 0.700733 0.713423 0.000000 0.700733 0.713423 0.000000 0.688002 0.725709 0.000000 0.688002 0.725709 0.000000 0.688002 0.725709 0.000000 0.688002 0.725709 0.000000 0.780334 0.625363 0.000000 0.780334 0.625363 0.000000 0.780334 0.625363 0.000000 0.780334 0.625363 0.000000 0.922998 0.384804 0.000000 0.922998 0.384804 0.000000 0.922998 0.384804 0.000000 0.922998 0.384804 0.000000 0.983422 0.181334 0.000000 0.983422 0.181334 0.000000 0.983422 0.181334 0.000000 0.983422 0.181334 0.000000 0.999969 0.007925 0.000000 0.999969 0.007925 0.000000 0.999969 0.007925 0.000000 0.999969 0.007925 0.000000 0.991163 -0.132648 0.000000 0.991163 -0.132648 0.000000 0.991163 -0.132648 0.000000 0.991163 -0.132648 0.000000 0.969349 -0.245687 0.000000 0.969349 -0.245687 0.000000 0.969349 -0.245687 0.000000 0.969349 -0.245687 0.000000 0.941463 -0.337116 0.000000 0.941463 -0.337116 0.000000 0.941463 -0.337116 0.000000 0.941463 -0.337116 0.000000 0.911215 -0.411932 0.000000 0.911215 -0.411932 0.000000 0.911215 -0.411932 0.000000 0.911215 -0.411932 0.000000 0.880221 -0.474563 0.000000 0.880221 -0.474563 0.000000 0.880221 -0.474563 0.000000 0.880221 -0.474563 0.000000 0.849462 -0.527650 0.000000 0.849462 -0.527650 0.000000 0.849462 -0.527650 0.000000 0.849462 -0.527650 0.000000 0.817149 -0.576426 0.000000 0.817149 -0.576426 0.000000 0.817149 -0.576426 0.000000 0.817149 -0.576426 0.000000 0.841037 -0.540978 0.000000 0.841037 -0.540978 0.000000 0.841037 -0.540978 0.000000 0.841037 -0.540978 0.000000 0.871991 -0.489522 0.000000 0.871991 -0.489522 0.000000 0.871991 -0.489522 0.000000 0.871991 -0.489522 0.000000 0.891675 -0.452677 0.000000 0.891675 -0.452677 0.000000 0.891675 -0.452677 0.000000 0.891675 -0.452677 0.000000 0.909769 -0.415115 0.000000 0.909769 -0.415115 0.000000 0.909769 -0.415115 0.000000 0.909769 -0.415115 0.000000 0.926376 -0.376601 0.000000 0.926376 -0.376601 0.000000 0.926376 -0.376601 0.000000 0.926376 -0.376601 0.000000 0.941319 -0.337518 0.000000 0.941319 -0.337518 0.000000 0.941319 -0.337518 0.000000 0.941319 -0.337518 0.000000 0.954593 -0.297914 0.000000 0.954593 -0.297914 0.000000 0.954593 -0.297914 0.000000 0.954593 -0.297914 0.000000 0.966219 -0.257722 0.000000 0.966219 -0.257722 0.000000 0.966219 -0.257722 0.000000 0.966219 -0.257722 0.000000 0.976161 -0.217050 0.000000 0.976161 -0.217050 0.000000 0.976161 -0.217050 0.000000 0.976161 -0.217050 0.000000 0.984073 -0.177766 0.000000 0.984073 -0.177766 0.000000 0.984073 -0.177766 0.000000 0.984073 -0.177766 0.000000 0.587058 0.809545 0.000000 0.587058 0.809545 0.000000 0.601576 0.798816 0.000000 0.601576 0.798816 0.000000 0.615897 0.787826 0.000000 0.615897 0.787826 0.000000 0.630018 0.776581 0.000000 0.630018 0.776581 0.000000 -0.426418 0.904526 -0.000000 -0.426418 0.904526 -0.000000 -0.426418 0.904526 -0.000000 -0.426418 0.904526 -0.000000 -0.462301 0.886723 -0.000000 -0.462301 0.886723 -0.000000 -0.462301 0.886723 -0.000000 -0.462301 0.886723 -0.000000 -0.499017 0.866592 -0.000000 -0.499017 0.866592 -0.000000 -0.499017 0.866592 -0.000000 -0.499017 0.866592 -0.000000 -0.534827 0.844962 -0.000000 -0.534827 0.844962 -0.000000 -0.534827 0.844962 -0.000000 -0.534827 0.844962 -0.000000 -0.569651 0.821887 -0.000000 -0.569651 0.821887 -0.000000 -0.569651 0.821887 -0.000000 -0.569651 0.821887 -0.000000 -0.603533 0.797338 -0.000000 -0.603533 0.797338 -0.000000 -0.603533 0.797338 -0.000000 -0.603533 0.797338 -0.000000 -0.636431 0.771333 -0.000000 -0.636431 0.771333 -0.000000 -0.636431 0.771333 -0.000000 -0.636431 0.771333 -0.000000 -0.668037 0.744128 -0.000000 -0.668037 0.744128 -0.000000 -0.668037 0.744128 -0.000000 -0.668037 0.744128 -0.000000 -0.698530 0.715581 -0.000000 -0.698530 0.715581 -0.000000 -0.698530 0.715581 -0.000000 -0.698530 0.715581 -0.000000 -0.740223 0.672362 -0.000000 -0.740223 0.672362 -0.000000 -0.740223 0.672362 -0.000000 -0.740223 0.672362 -0.000000 -0.768276 0.640118 -0.000000 -0.768276 0.640118 -0.000000 -0.768276 0.640118 -0.000000 -0.768276 0.640118 -0.000000 -0.729528 0.683951 -0.000000 -0.729528 0.683951 -0.000000 -0.729528 0.683951 -0.000000 -0.729528 0.683951 -0.000000 -0.686202 0.727411 -0.000000 -0.686202 0.727411 -0.000000 -0.686202 0.727411 -0.000000 -0.686202 0.727411 -0.000000 -0.633748 0.773539 -0.000000 -0.633748 0.773539 -0.000000 -0.633748 0.773539 -0.000000 -0.633748 0.773539 -0.000000 -0.569300 0.822130 -0.000000 -0.569300 0.822130 -0.000000 -0.569300 0.822130 -0.000000 -0.569300 0.822130 -0.000000 -0.488187 0.872739 -0.000000 -0.488187 0.872739 -0.000000 -0.488187 0.872739 -0.000000 -0.488187 0.872739 -0.000000 -0.384665 0.923056 -0.000000 -0.384665 0.923056 -0.000000 -0.384665 0.923056 -0.000000 -0.384665 0.923056 -0.000000 -0.251155 0.967947 -0.000000 -0.251155 0.967947 -0.000000 -0.251155 0.967947 -0.000000 -0.251155 0.967947 -0.000000 -0.079357 0.996846 -0.000000 -0.079357 0.996846 -0.000000 -0.079357 0.996846 -0.000000 -0.079357 0.996846 -0.000000 0.132810 0.991142 0.000000 0.132810 0.991142 0.000000 0.132810 0.991142 0.000000 0.132810 0.991142 0.000000 0.402069 0.915609 0.000000 0.402069 0.915609 0.000000 0.402069 0.915609 0.000000 0.402069 0.915609 0.000000 0.522911 0.852387 0.000000 0.522911 0.852387 0.000000 0.522911 0.852387 0.000000 0.522911 0.852387 0.000000 0.507755 0.861501 0.000000 0.507755 0.861501 0.000000 0.507755 0.861501 0.000000 0.507755 0.861501 0.000000 0.492207 0.870478 0.000000 0.492207 0.870478 0.000000 0.492207 0.870478 0.000000 0.492207 0.870478 0.000000 0.476730 0.879050 0.000000 0.476730 0.879050 0.000000 0.476730 0.879050 0.000000 0.476730 0.879050 0.000000 0.591891 0.806018 0.000000 0.591891 0.806018 0.000000 0.591891 0.806018 0.000000 0.591891 0.806018 0.000000 0.791962 0.610571 0.000000 0.791962 0.610571 0.000000 0.791962 0.610571 0.000000 0.791962 0.610571 0.000000 0.902969 0.429705 0.000000 0.902969 0.429705 0.000000 0.902969 0.429705 0.000000 0.902969 0.429705 0.000000 0.963850 0.266446 0.000000 0.963850 0.266446 0.000000 0.963850 0.266446 0.000000 0.963850 0.266446 0.000000 0.991722 0.128402 0.000000 0.991722 0.128402 0.000000 0.991722 0.128402 0.000000 0.991722 0.128402 0.000000 0.999908 0.013587 0.000000 0.999908 0.013587 0.000000 0.999908 0.013587 0.000000 0.999908 0.013587 0.000000 0.996636 -0.081958 0.000000 0.996636 -0.081958 0.000000 0.996636 -0.081958 0.000000 0.996636 -0.081958 0.000000 0.986780 -0.162068 0.000000 0.986780 -0.162068 0.000000 0.986780 -0.162068 0.000000 0.986780 -0.162068 0.000000 0.973056 -0.230570 0.000000 0.973056 -0.230570 0.000000 0.973056 -0.230570 0.000000 0.973056 -0.230570 0.000000 0.957084 -0.289811 0.000000 0.957084 -0.289811 0.000000 0.957084 -0.289811 0.000000 0.957084 -0.289811 0.000000 0.938496 -0.345290 0.000000 0.938496 -0.345290 0.000000 0.938496 -0.345290 0.000000 0.938496 -0.345290 0.000000 0.952394 -0.304871 0.000000 0.952394 -0.304871 0.000000 0.952394 -0.304871 0.000000 0.952394 -0.304871 0.000000 0.968976 -0.247154 0.000000 0.968976 -0.247154 0.000000 0.968976 -0.247154 0.000000 0.968976 -0.247154 0.000000 0.978453 -0.206472 0.000000 0.978453 -0.206472 0.000000 0.978453 -0.206472 0.000000 0.978453 -0.206472 0.000000 0.986210 -0.165500 0.000000 0.986210 -0.165500 0.000000 0.986210 -0.165500 0.000000 0.986210 -0.165500 0.000000 0.992282 -0.124006 0.000000 0.992282 -0.124006 0.000000 0.992282 -0.124006 0.000000 0.992282 -0.124006 0.000000 0.996600 -0.082388 0.000000 0.996600 -0.082388 0.000000 0.996600 -0.082388 0.000000 0.996600 -0.082388 0.000000 0.999172 -0.040693 0.000000 0.999172 -0.040693 0.000000 0.999172 -0.040693 0.000000 0.999172 -0.040693 0.000000 0.999999 0.001134 0.000000 0.999999 0.001134 0.000000 0.999999 0.001134 0.000000 0.999999 0.001134 0.000000 0.999075 0.042997 0.000000 0.999075 0.042997 0.000000 0.999075 0.042997 0.000000 0.999075 0.042997 0.000000 0.996551 0.082986 0.000000 0.996551 0.082986 0.000000 0.996551 0.082986 0.000000 0.996551 0.082986 0.000000 0.357529 0.933902 0.000000 0.357529 0.933902 0.000000 0.374329 0.927296 0.000000 0.374329 0.927296 0.000000 0.391006 0.920388 0.000000 0.391006 0.920388 0.000000 0.407557 0.913180 0.000000 0.407557 0.913180 0.000000 -0.000000 0.000000 1.000000 -0.000000 0.000000 1.000000 -0.000000 0.000000 1.000000 -0.000000 0.000000 1.000000 -0.000000 0.000000 1.000000 -0.000000 0.000000 1.000000 -0.000000 0.000000 1.000000 -0.000000 0.000000 1.000000 -0.000000 0.000000 1.000000 -0.000000 0.000000 1.000000 -0.000000 0.000000 1.000000 -0.000000 0.000000 1.000000 -0.000000 0.000000 1.000000 -0.000000 0.000000 1.000000 -0.000000 0.000000 1.000000 -0.000000 0.000000 1.000000 -0.000000 0.000000 1.000000 -0.000000 0.000000 1.000000 -0.000000 0.000000 1.000000 -0.000000 0.000000 1.000000 -0.000000 0.000000 1.000000 -0.000000 0.000000 1.000000 -0.000000 0.000000 1.000000 -0.000000 0.000000 1.000000 -0.000000 0.000000 1.000000 -0.000000 0.000000 1.000000 -0.000000 0.000000 1.000000 -0.000000 0.000000 1.000000 -0.000000 0.000000 1.000000 -0.000000 0.000000 1.000000 -0.000000 0.000000 1.000000 -0.000000 0.000000 1.000000 -0.000000 0.000000 1.000000 -0.000000 0.000000 1.000000 -0.000000 0.000000 1.000000 -0.000000 0.000000 1.000000 -0.000000 0.000000 1.000000 -0.000000 0.000000 1.000000 -0.000000 0.000000 1.000000 -0.000000 0.000000 1.000000 -0.000000 0.000000 1.000000 -0.000000 0.000000 1.000000 -0.000000 0.000000 1.000000 -0.000000 0.000000 1.000000 -0.000000 0.000000 1.000000 -0.000000 0.000000 1.000000 -0.000000 0.000000 1.000000 -0.000000 0.000000 1.000000 -0.000000 0.000000 1.000000 -0.000000 0.000000 1.000000 -0.000000 0.000000 1.000000 -0.000000 0.000000 1.000000 -0.000000 0.000000 1.000000 -0.000000 0.000000 1.000000 -0.000000 0.000000 1.000000 -0.000000 0.000000 1.000000 -0.000000 0.000000 1.000000 -0.000000 0.000000 1.000000 -0.000000 0.000000 1.000000 -0.000000 0.000000 1.000000 -0.000000 0.000000 1.000000 -0.000000 0.000000 1.000000 -0.000000 0.000000 1.000000 -0.000000 0.000000 1.000000 -0.000000 0.000000 1.000000 -0.000000 0.000000 1.000000 -0.000000 0.000000 1.000000 -0.000000 0.000000 1.000000 -0.000000 0.000000 1.000000 -0.000000 0.000000 1.000000 -0.000000 0.000000 1.000000 -0.000000 0.000000 1.000000 -0.000000 0.000000 1.000000 -0.000000 0.000000 1.000000 -0.000000 0.000000 1.000000 -0.000000 0.000000 1.000000 -0.000000 0.000000 1.000000 -0.000000 0.000000 1.000000 -0.000000 0.000000 1.000000 -0.000000 0.000000 1.000000 -0.000000 0.000000 1.000000 -0.000000 0.000000 1.000000 -0.000000 0.000000 1.000000 -0.000000 0.000000 1.000000 -0.000000 0.000000 1.000000 -0.000000 0.000000 1.000000 -0.000000 0.000000 1.000000 -0.000000 0.000000 1.000000 -0.000000 0.000000 1.000000 -0.000000 0.000000 1.000000 -0.000000 0.000000 1.000000 -0.000000 0.000000 1.000000 -0.000000 0.000000 1.000000 -0.000000 0.000000 1.000000 -0.000000 0.000000 1.000000 -0.000000 0.000000 1.000000 -0.000000 0.000000 1.000000 -0.000000 0.000000 1.000000 -0.000000 0.000000 1.000000 -0.000000 0.000000 1.000000 -0.000000 0.000000 1.000000 -0.000000 0.000000 1.000000 -0.000000 0.000000 1.000000 -0.000000 0.000000 1.000000 -0.000000 0.000000 1.000000 -0.000000 0.000000 1.000000 -0.000000 0.000000 1.000000 -0.000000 0.000000 1.000000 -0.000000 0.000000 1.000000 -0.000000 0.000000 1.000000 -0.000000 0.000000 1.000000 -0.000000 0.000000 1.000000 -0.000000 0.000000 1.000000 -0.000000 0.000000 1.000000 -0.000000 0.000000 1.000000 -0.000000 0.000000 1.000000 -0.000000 0.000000 1.000000 -0.000000 0.000000 1.000000 -0.000000 0.000000 1.000000 -0.000000 0.000000 1.000000 -0.000000 0.000000 1.000000 -0.000000 0.000000 1.000000 -0.000000 0.000000 1.000000 -0.000000 0.000000 1.000000 -0.000000 0.000000 1.000000 -0.000000 0.000000 1.000000 -0.000000 0.000000 1.000000 -0.000000 0.000000 1.000000 -0.000000 0.000000 1.000000 -0.000000 0.000000 1.000000 -0.000000 0.000000 1.000000 -0.000000 0.000000 1.000000 -0.000000 0.000000 1.000000 -0.000000 0.000000 1.000000 -0.000000 0.000000 1.000000 -0.000000 0.000000 1.000000 -0.000000 0.000000 1.000000 -0.000000 0.000000 1.000000 -0.000000 0.000000 1.000000 -0.000000 0.000000 1.000000 -0.000000 0.000000 1.000000 -0.000000 0.000000 1.000000 -0.000000 0.000000 1.000000 -0.000000 0.000000 1.000000 -0.000000 0.000000 1.000000 -0.000000 0.000000 1.000000 -0.000000 0.000000 1.000000 -0.000000 0.000000 1.000000 -0.000000 0.000000 1.000000 -0.000000 0.000000 1.000000 -0.000000 0.000000 1.000000 -0.000000 0.000000 1.000000 -0.000000 0.000000 1.000000 -0.000000 0.000000 1.000000 -0.000000 0.000000 1.000000 -0.000000 0.000000 1.000000 -0.000000 0.000000 1.000000 -0.000000 0.000000 1.000000 -0.000000 0.000000 1.000000 -0.000000 0.000000 1.000000 -0.000000 0.000000 1.000000 -0.000000 0.000000 1.000000 -0.000000 0.000000 1.000000 -0.000000 0.000000 1.000000 -0.000000 0.000000 1.000000 -0.000000 0.000000 1.000000 -0.000000 0.000000 1.000000 -0.000000 0.000000 1.000000 -0.000000 0.000000 1.000000 -0.000000 0.000000 1.000000 -0.000000 0.000000 1.000000 -0.000000 0.000000 1.000000 -0.000000 0.000000 1.000000 -0.000000 0.000000 1.000000 -0.000000 0.000000 1.000000 -0.000000 0.000000 1.000000 -0.000000 0.000000 1.000000 -0.000000 0.000000 1.000000 -0.000000 0.000000 1.000000 -0.000000 0.000000 1.000000 -0.000000 0.000000 1.000000 -0.000000 0.000000 1.000000 -0.000000 0.000000 1.000000 -0.000000 0.000000 1.000000 -0.000000 0.000000 1.000000 -0.000000 0.000000 1.000000 -0.000000 0.000000 1.000000 -0.000000 0.000000 1.000000 -0.000000 0.000000 1.000000 -0.000000 0.000000 1.000000 -0.000000 0.000000 1.000000 -0.000000 0.000000 1.000000 -0.000000 0.000000 1.000000 -0.000000 0.000000 1.000000 -0.000000 0.000000 1.000000 -0.000000 0.000000 1.000000 -0.000000 0.000000 1.000000 -0.000000 0.000000 1.000000 -0.000000 0.000000 1.000000 -0.000000 0.000000 1.000000 -0.000000 0.000000 1.000000 -0.000000 0.000000 1.000000 -0.000000 0.000000 1.000000 -0.000000 0.000000 1.000000 -0.000000 0.000000 1.000000 -0.000000 0.000000 1.000000 -0.000000 0.000000 1.000000 -0.000000 0.000000 1.000000 -0.000000 0.000000 1.000000 -0.000000 0.000000 1.000000 -0.000000 0.000000 1.000000 -0.000000 0.000000 1.000000 -0.000000 0.000000 1.000000 -0.000000 0.000000 1.000000 -0.000000 0.000000 1.000000 -0.000000 0.000000 1.000000 -0.000000 0.000000 1.000000 -0.000000 0.000000 1.000000 -0.000000 0.000000 1.000000 -0.000000 0.000000 1.000000 -0.000000 0.000000 1.000000 -0.000000 0.000000 1.000000 -0.000000 0.000000 1.000000 -0.000000 0.000000 1.000000 -0.000000 0.000000 1.000000 -0.000000 0.000000 1.000000 -0.000000 0.000000 1.000000 -0.000000 0.000000 1.000000 -0.000000 0.000000 1.000000 -0.000000 0.000000 1.000000 -0.000000 0.000000 1.000000 -0.000000 0.000000 1.000000 -0.000000 0.000000 1.000000 -0.000000 0.000000 1.000000 -0.000000 0.000000 1.000000 -0.000000 0.000000 1.000000 -0.000000 0.000000 1.000000 -0.000000 0.000000 1.000000 -0.000000 0.000000 1.000000 -0.000000 0.000000 1.000000 -0.000000 0.000000 1.000000 -0.000000 0.000000 1.000000 -0.000000 0.000000 1.000000 -0.000000 0.000000 1.000000 -0.000000 0.000000 1.000000 -0.000000 0.000000 1.000000 -0.000000 0.000000 1.000000 -0.000000 0.000000 1.000000 -0.000000 0.000000 1.000000 -0.000000 0.000000 1.000000 -0.000000 0.000000 1.000000 -0.000000 0.000000 1.000000 -0.000000 0.000000 1.000000 -0.000000 0.000000 1.000000 -0.000000 0.000000 1.000000 -0.000000 0.000000 1.000000 -0.000000 0.000000 1.000000 -0.000000 0.000000 1.000000 -0.000000 0.000000 1.000000 -0.000000 0.000000 1.000000 -0.000000 0.000000 1.000000 -0.000000 0.000000 1.000000 -0.000000 0.000000 1.000000 -0.000000 0.000000 1.000000 -0.000000 0.000000 1.000000 -0.000000 0.000000 1.000000 -0.000000 0.000000 1.000000 -0.000000 0.000000 1.000000 -0.000000 0.000000 1.000000 -0.000000 0.000000 1.000000 -0.000000 0.000000 1.000000 -0.000000 0.000000 1.000000 -0.000000 0.000000 1.000000 -0.000000 0.000000 1.000000 -0.000000 0.000000 1.000000 -0.000000 0.000000 1.000000 -0.000000 0.000000 1.000000 -0.000000 0.000000 1.000000 -0.000000 0.000000 1.000000 -0.000000 0.000000 1.000000 -0.000000 0.000000 1.000000 -0.000000 0.000000 1.000000 -0.000000 0.000000 1.000000 -0.000000 0.000000 1.000000 -0.000000 0.000000 1.000000 -0.000000 0.000000 1.000000 -0.000000 0.000000 1.000000 -0.000000 0.000000 1.000000 -0.000000 0.000000 1.000000 -0.000000 0.000000 1.000000 -0.000000 0.000000 1.000000 -0.000000 0.000000 1.000000 -0.000000 0.000000 1.000000 -0.000000 0.000000 1.000000 -0.000000 0.000000 1.000000 -0.000000 0.000000 1.000000 -0.000000 0.000000 1.000000 -0.000000 0.000000 1.000000 -0.000000 0.000000 1.000000 -0.000000 0.000000 1.000000 -0.000000 0.000000 1.000000 -0.000000 0.000000 1.000000 -0.000000 0.000000 1.000000 -0.000000 0.000000 1.000000 -0.000000 0.000000 1.000000 -0.000000 0.000000 1.000000 -0.000000 0.000000 1.000000 -0.000000 0.000000 1.000000 -0.000000 0.000000 1.000000 -0.000000 0.000000 1.000000 -0.000000 0.000000 1.000000 -0.000000 0.000000 1.000000 -0.000000 0.000000 1.000000 -0.000000 0.000000 1.000000 -0.000000 0.000000 1.000000 -0.000000 0.000000 1.000000 -0.000000 0.000000 1.000000 -0.000000 0.000000 1.000000 -0.000000 0.000000 1.000000 -0.000000 0.000000 1.000000 -0.000000 0.000000 1.000000 -0.000000 0.000000 1.000000 -0.000000 0.000000 1.000000 -0.000000 0.000000 1.000000 -0.000000 0.000000 1.000000 -0.000000 0.000000 1.000000 -0.000000 0.000000 1.000000 -0.000000 0.000000 1.000000 -0.000000 0.000000 1.000000 -0.000000 0.000000 1.000000 -0.000000 0.000000 1.000000 -0.000000 0.000000 1.000000 -0.000000 0.000000 1.000000 -0.000000 0.000000 1.000000 -0.000000 0.000000 1.000000 -0.000000 0.000000 1.000000 -0.000000 0.000000 1.000000 -0.000000 0.000000 1.000000 -0.000000 0.000000 1.000000 -0.000000 0.000000 1.000000 -0.000000 0.000000 1.000000 -0.000000 0.000000 1.000000 -0.000000 0.000000 1.000000 -0.000000 0.000000 1.000000 -0.000000 0.000000 1.000000 -0.000000 0.000000 1.000000 -0.000000 0.000000 1.000000 -0.000000 0.000000 1.000000 -0.000000 0.000000 1.000000 -0.000000 0.000000 1.000000 -0.000000 0.000000 1.000000 -0.000000 0.000000 1.000000 -0.000000 0.000000 1.000000 -0.000000 0.000000 1.000000 -0.000000 0.000000 1.000000 -0.000000 0.000000 1.000000 -0.000000 0.000000 1.000000 -0.000000 0.000000 1.000000 -0.000000 0.000000 1.000000 -0.000000 0.000000 1.000000 -0.000000 0.000000 1.000000 -0.000000 0.000000 1.000000 -0.000000 0.000000 1.000000 -0.000000 0.000000 1.000000 -0.000000 0.000000 1.000000 -0.000000 0.000000 1.000000 -0.000000 0.000000 1.000000 -0.000000 0.000000 1.000000 -0.000000 0.000000 1.000000 -0.000000 0.000000 1.000000 -0.000000 0.000000 1.000000 -0.000000 0.000000 1.000000 -0.000000 0.000000 1.000000 -0.000000 0.000000 1.000000 -0.000000 0.000000 1.000000 -0.000000 0.000000 1.000000 -0.000000 0.000000 1.000000 -0.000000 0.000000 1.000000 -0.000000 0.000000 1.000000 -0.000000 0.000000 1.000000 -0.000000 0.000000 1.000000 -0.000000 0.000000 1.000000 -0.000000 0.000000 1.000000 -0.000000 0.000000 1.000000 -0.000000 0.000000 1.000000 -0.000000 0.000000 1.000000 -0.000000 0.000000 1.000000 -0.000000 0.000000 1.000000 -0.000000 0.000000 1.000000 -0.000000 0.000000 1.000000 -0.000000 0.000000 1.000000 -0.000000 0.000000 1.000000 -0.000000 0.000000 1.000000 -0.000000 0.000000 1.000000 -0.000000 0.000000 1.000000 -0.000000 0.000000 1.000000 -0.000000 0.000000 1.000000 -0.000000 0.000000 1.000000 -0.000000 0.000000 1.000000 -0.000000 0.000000 1.000000 -0.000000 0.000000 1.000000 -0.000000 0.000000 1.000000 -0.000000 0.000000 1.000000 -0.000000 0.000000 1.000000 -0.000000 0.000000 1.000000 -0.000000 0.000000 1.000000 -0.000000 0.000000 1.000000 -0.000000 0.000000 1.000000 -0.000000 0.000000 1.000000 -0.000000 0.000000 1.000000 -0.000000 0.000000 1.000000 -0.000000 0.000000 1.000000 -0.000000 0.000000 1.000000 -0.000000 0.000000 1.000000 -0.000000 0.000000 1.000000 -0.000000 0.000000 1.000000 -0.000000 0.000000 1.000000 -0.000000 0.000000 1.000000 -0.000000 0.000000 1.000000 -0.000000 0.000000 1.000000 -0.000000 0.000000 1.000000 -0.000000 0.000000 1.000000 -0.000000 0.000000 1.000000 -0.000000 0.000000 1.000000 -0.000000 0.000000 1.000000 -0.000000 0.000000 1.000000 -0.000000 0.000000 1.000000 -0.000000 0.000000 1.000000 -0.000000 0.000000 1.000000 -0.000000 0.000000 1.000000 -0.000000 0.000000 1.000000 -0.000000 0.000000 1.000000 -0.000000 0.000000 1.000000 -0.000000 0.000000 1.000000 -0.000000 0.000000 1.000000 -0.000000 0.000000 1.000000 -0.000000 0.000000 1.000000 -0.000000 0.000000 1.000000 -0.000000 0.000000 1.000000 -0.000000 0.000000 1.000000 -0.000000 0.000000 1.000000 -0.000000 0.000000 1.000000 -0.000000 0.000000 1.000000 -0.000000 0.000000 1.000000 -0.000000 0.000000 1.000000 -0.000000 0.000000 1.000000 -0.000000 0.000000 1.000000 -0.000000 0.000000 1.000000 -0.000000 0.000000 1.000000 -0.000000 0.000000 1.000000 -0.000000 0.000000 1.000000 -0.000000 0.000000 1.000000 -0.000000 0.000000 1.000000 -0.000000 0.000000 1.000000 -0.000000 0.000000 1.000000 -0.000000 0.000000 1.000000 -0.000000 0.000000 1.000000 -0.000000 0.000000 1.000000 -0.000000 0.000000 1.000000 -0.000000 0.000000 1.000000 -0.000000 0.000000 1.000000 -0.000000 0.000000 1.000000 -0.000000 0.000000 1.000000 -0.000000 0.000000 1.000000 -0.000000 0.000000 1.000000 -0.000000 0.000000 1.000000 -0.000000 0.000000 1.000000 -0.000000 0.000000 1.000000 -0.000000 0.000000 1.000000 -0.000000 0.000000 1.000000 -0.000000 0.000000 1.000000 -0.000000 0.000000 1.000000 -0.000000 0.000000 1.000000 -0.000000 0.000000 1.000000 -0.000000 0.000000 1.000000 -0.000000 0.000000 1.000000 -0.000000 0.000000 1.000000 -0.000000 0.000000 1.000000 -0.000000 0.000000 1.000000 -0.000000 0.000000 1.000000 -0.000000 0.000000 1.000000 -0.000000 0.000000 1.000000 -0.000000 0.000000 1.000000 -0.000000 0.000000 1.000000 -0.000000 0.000000 1.000000 -0.000000 0.000000 1.000000 -0.000000 0.000000 1.000000 -0.000000 0.000000 1.000000 -0.000000 0.000000 1.000000 -0.000000 0.000000 1.000000 -0.000000 0.000000 1.000000 -0.000000 0.000000 1.000000 -0.000000 0.000000 1.000000 -0.000000 0.000000 1.000000 -0.000000 0.000000 1.000000 -0.000000 0.000000 1.000000 -0.000000 0.000000 1.000000 -0.000000 0.000000 1.000000 -0.000000 0.000000 1.000000 -0.000000 0.000000 1.000000 -0.000000 0.000000 1.000000 -0.000000 0.000000 1.000000 -0.000000 0.000000 1.000000 -0.000000 0.000000 1.000000 -0.000000 0.000000 1.000000 -0.000000 0.000000 1.000000 -0.000000 0.000000 1.000000 -0.000000 0.000000 1.000000 -0.000000 0.000000 1.000000 -0.000000 0.000000 1.000000 -0.000000 0.000000 1.000000 -0.000000 0.000000 1.000000 -0.000000 0.000000 1.000000 -0.000000 0.000000 1.000000 -0.000000 0.000000 1.000000 -0.000000 0.000000 1.000000 -0.000000 0.000000 1.000000 -0.000000 0.000000 1.000000 -0.000000 0.000000 1.000000 -0.000000 0.000000 1.000000 -0.000000 0.000000 1.000000 -0.000000 0.000000 1.000000 -0.000000 0.000000 1.000000 -0.000000 0.000000 1.000000 -0.000000 0.000000 1.000000 -0.000000 0.000000 1.000000 -0.000000 0.000000 1.000000 -0.000000 0.000000 1.000000 -0.000000 0.000000 1.000000 -0.000000 0.000000 1.000000 -0.000000 0.000000 1.000000 -0.000000 0.000000 1.000000 -0.000000 0.000000 1.000000 -0.000000 0.000000 1.000000 -0.000000 0.000000 1.000000 -0.000000 0.000000 1.000000 -0.000000 0.000000 1.000000 -0.000000 0.000000 1.000000 -0.000000 0.000000 1.000000 -0.000000 0.000000 1.000000 -0.000000 0.000000 1.000000 -0.000000 0.000000 1.000000 -0.000000 0.000000 1.000000 -0.000000 0.000000 1.000000 -0.000000 0.000000 1.000000 -0.000000 0.000000 1.000000 -0.000000 0.000000 1.000000 -0.000000 0.000000 1.000000 -0.000000 0.000000 1.000000 -0.000000 0.000000 1.000000 -0.000000 0.000000 1.000000 -0.000000 0.000000 1.000000 -0.000000 0.000000 1.000000 -0.000000 0.000000 1.000000 -0.000000 0.000000 1.000000 -0.000000 0.000000 1.000000 -0.000000 0.000000 1.000000 -0.000000 0.000000 1.000000 -0.000000 0.000000 1.000000 -0.000000 0.000000 1.000000 -0.000000 0.000000 1.000000 -0.000000 0.000000 1.000000 -0.000000 0.000000 1.000000 -0.000000 0.000000 1.000000 -0.000000 0.000000 1.000000 -0.000000 0.000000 1.000000 -0.000000 0.000000 1.000000 -0.000000 0.000000 1.000000 -0.000000 0.000000 1.000000 -0.000000 0.000000 1.000000 -0.000000 0.000000 1.000000 -0.000000 0.000000 1.000000 -0.000000 0.000000 1.000000 -0.000000 0.000000 1.000000 -0.000000 0.000000 1.000000 -0.000000 0.000000 1.000000 -0.000000 0.000000 1.000000 -0.000000 0.000000 1.000000 -0.000000 0.000000 1.000000 -0.000000 0.000000 1.000000 -0.000000 0.000000 1.000000 -0.000000 0.000000 1.000000 -0.000000 0.000000 1.000000 -0.000000 0.000000 1.000000 -0.000000 0.000000 1.000000 -0.000000 0.000000 1.000000 -0.000000 0.000000 1.000000 -0.000000 0.000000 1.000000 -0.000000 0.000000 1.000000 -0.000000 0.000000 1.000000 -0.000000 0.000000 1.000000 -0.000000 0.000000 1.000000 -0.000000 0.000000 1.000000 -0.000000 0.000000 1.000000 -0.000000 0.000000 1.000000 -0.000000 0.000000 1.000000 -0.000000 0.000000 1.000000 -0.000000 0.000000 1.000000 -0.000000 0.000000 1.000000 -0.000000 0.000000 1.000000 -0.000000 0.000000 1.000000 -0.000000 0.000000 1.000000 -0.000000 0.000000 1.000000 -0.000000 0.000000 1.000000 -0.000000 0.000000 1.000000 -0.000000 0.000000 1.000000 -0.000000 0.000000 1.000000 -0.000000 0.000000 1.000000 -0.000000 0.000000 1.000000 -0.000000 0.000000 1.000000 -0.000000 0.000000 1.000000 -0.000000 0.000000 1.000000 -0.000000 0.000000 1.000000 -0.000000 0.000000 1.000000 -0.000000 0.000000 1.000000 -0.000000 0.000000 1.000000 -0.000000 0.000000 1.000000 -0.000000 0.000000 1.000000 -0.000000 0.000000 1.000000 -0.000000 0.000000 1.000000 -0.000000 0.000000 1.000000 -0.000000 0.000000 1.000000 -0.000000 0.000000 1.000000 -0.000000 0.000000 1.000000 -0.000000 0.000000 1.000000 -0.000000 0.000000 1.000000 -0.000000 0.000000 1.000000 -0.000000 0.000000 1.000000 -0.000000 0.000000 1.000000 -0.000000 0.000000 1.000000 -0.000000 0.000000 1.000000 -0.000000 0.000000 1.000000 -0.000000 0.000000 1.000000 -0.000000 0.000000 1.000000 -0.000000 0.000000 1.000000 -0.000000 0.000000 1.000000 -0.000000 0.000000 1.000000 -0.000000 0.000000 1.000000 -0.000000 0.000000 1.000000 -0.000000 0.000000 1.000000 -0.000000 0.000000 1.000000 -0.000000 0.000000 1.000000 -0.000000 0.000000 1.000000 -0.000000 0.000000 1.000000 -0.000000 0.000000 1.000000 -0.000000 0.000000 1.000000 -0.000000 0.000000 1.000000 -0.000000 0.000000 1.000000 -0.000000 0.000000 1.000000 -0.000000 0.000000 1.000000 -0.000000 0.000000 1.000000 -0.000000 0.000000 1.000000 -0.000000 0.000000 1.000000 -0.000000 0.000000 1.000000 -0.000000 0.000000 1.000000 -0.000000 0.000000 1.000000 -0.000000 0.000000 1.000000 -0.000000 0.000000 1.000000 -0.000000 0.000000 1.000000 -0.000000 0.000000 1.000000 -0.000000 0.000000 1.000000 -0.000000 0.000000 1.000000 -0.000000 0.000000 1.000000 -0.000000 0.000000 1.000000 -0.000000 0.000000 1.000000 -0.000000 0.000000 1.000000 -0.000000 0.000000 1.000000 -0.000000 0.000000 1.000000 -0.000000 0.000000 1.000000 -0.000000 0.000000 1.000000 -0.000000 0.000000 1.000000 -0.000000 0.000000 1.000000 -0.000000 0.000000 1.000000 -0.000000 0.000000 1.000000 -0.000000 0.000000 1.000000 -0.000000 0.000000 1.000000 -0.000000 0.000000 1.000000 -0.000000 0.000000 1.000000 -0.000000 0.000000 1.000000 -0.000000 0.000000 1.000000 -0.000000 0.000000 1.000000 -0.000000 0.000000 1.000000 -0.000000 0.000000 1.000000 -0.000000 0.000000 1.000000 -0.000000 0.000000 1.000000 -0.000000 0.000000 1.000000 -0.000000 0.000000 1.000000 -0.000000 0.000000 1.000000 -0.000000 0.000000 1.000000 -0.000000 0.000000 1.000000 -0.000000 0.000000 1.000000 -0.000000 0.000000 1.000000 -0.000000 0.000000 1.000000 -0.000000 0.000000 1.000000 -0.000000 0.000000 1.000000 -0.000000 0.000000 1.000000 -0.000000 0.000000 1.000000 -0.000000 0.000000 1.000000 -0.000000 0.000000 1.000000 -0.000000 0.000000 1.000000 -0.000000 0.000000 1.000000 -0.000000 0.000000 1.000000 -0.000000 0.000000 1.000000 -0.000000 0.000000 1.000000 -0.000000 0.000000 1.000000 -0.000000 0.000000 1.000000 -0.000000 0.000000 1.000000 -0.000000 0.000000 1.000000 -0.000000 0.000000 1.000000 -0.000000 0.000000 1.000000 -0.000000 0.000000 1.000000 -0.000000 0.000000 1.000000 -0.000000 0.000000 1.000000 -0.000000 0.000000 1.000000 -0.000000 0.000000 1.000000 -0.000000 0.000000 1.000000 -0.000000 0.000000 1.000000 -0.000000 0.000000 1.000000 -0.000000 0.000000 1.000000 -0.000000 0.000000 1.000000 -0.000000 0.000000 1.000000 -0.000000 0.000000 1.000000 -0.000000 0.000000 1.000000 -0.000000 0.000000 1.000000 -0.000000 0.000000 1.000000 -0.000000 0.000000 1.000000 -0.000000 0.000000 1.000000 -0.000000 0.000000 1.000000 -0.000000 0.000000 1.000000 -0.000000 0.000000 1.000000 -0.000000 0.000000 1.000000 -0.000000 0.000000 1.000000 -0.000000 0.000000 1.000000 -0.000000 0.000000 1.000000 -0.000000 0.000000 1.000000 -0.000000 0.000000 1.000000 -0.000000 0.000000 1.000000 -0.000000 0.000000 1.000000 -0.000000 0.000000 1.000000 -0.000000 0.000000 1.000000 -0.000000 0.000000 1.000000 -0.000000 0.000000 1.000000 -0.000000 0.000000 1.000000 -0.000000 0.000000 1.000000 -0.000000 0.000000 1.000000 -0.000000 0.000000 1.000000 -0.000000 0.000000 1.000000 -0.000000 0.000000 1.000000 -0.000000 0.000000 1.000000 -0.000000 0.000000 1.000000 -0.000000 0.000000 1.000000 -0.000000 0.000000 1.000000 -0.000000 0.000000 1.000000 -0.000000 0.000000 1.000000 -0.000000 0.000000 1.000000 -0.000000 0.000000 1.000000 -0.000000 0.000000 1.000000 -0.000000 0.000000 1.000000 -0.000000 0.000000 1.000000 -0.000000 0.000000 1.000000 -0.000000 0.000000 1.000000 -0.000000 0.000000 1.000000 -0.000000 0.000000 1.000000 -0.000000 0.000000 1.000000 -0.000000 0.000000 1.000000 -0.000000 0.000000 1.000000 -0.000000 0.000000 1.000000 -0.000000 0.000000 1.000000 -0.000000 0.000000 1.000000 -0.000000 0.000000 1.000000 -0.000000 0.000000 1.000000 -0.000000 0.000000 1.000000 -0.000000 0.000000 1.000000 -0.000000 0.000000 1.000000 -0.000000 0.000000 1.000000 -0.000000 0.000000 1.000000 -0.000000 0.000000 1.000000 -0.000000 0.000000 1.000000 -0.000000 0.000000 1.000000 -0.000000 0.000000 1.000000 -0.000000 0.000000 1.000000 -0.000000 0.000000 1.000000 -0.000000 0.000000 1.000000 -0.000000 0.000000 1.000000 -0.000000 0.000000 1.000000 -0.000000 0.000000 1.000000 -0.000000 0.000000 1.000000 -0.000000 0.000000 1.000000 -0.000000 0.000000 1.000000 -0.000000 0.000000 1.000000 -0.000000 0.000000 1.000000 -0.000000 0.000000 1.000000 -0.000000 0.000000 1.000000 -0.000000 0.000000 1.000000 -0.000000 0.000000 1.000000 -0.000000 0.000000 1.000000 -0.000000 0.000000 1.000000 -0.000000 0.000000 1.000000 -0.000000 0.000000 1.000000 -0.000000 0.000000 1.000000 -0.000000 0.000000 1.000000 -0.000000 0.000000 1.000000 -0.000000 0.000000 1.000000 -0.000000 0.000000 1.000000 -0.000000 0.000000 1.000000 -0.000000 0.000000 1.000000 -0.000000 0.000000 1.000000 -0.000000 0.000000 1.000000 -0.000000 0.000000 1.000000 -0.000000 0.000000 1.000000 -0.000000 0.000000 1.000000 -0.000000 0.000000 1.000000 -0.000000 0.000000 1.000000 -0.000000 0.000000 1.000000 -0.000000 0.000000 1.000000 -0.000000 0.000000 1.000000 -0.000000 0.000000 1.000000 -0.000000 0.000000 1.000000 -0.000000 0.000000 1.000000 -0.000000 0.000000 1.000000 -0.000000 0.000000 1.000000 -0.000000 0.000000 1.000000 -0.000000 0.000000 1.000000 -0.000000 0.000000 1.000000 -0.000000 0.000000 1.000000 -0.000000 0.000000 1.000000 -0.000000 0.000000 1.000000 -0.000000 0.000000 1.000000 -0.000000 0.000000 1.000000 -0.000000 0.000000 1.000000 -0.000000 0.000000 1.000000 -0.000000 0.000000 1.000000 -0.000000 0.000000 1.000000 -0.000000 0.000000 1.000000 -0.000000 0.000000 1.000000 -0.000000 0.000000 1.000000 -0.000000 0.000000 1.000000 -0.000000 0.000000 1.000000 -0.000000 0.000000 1.000000 -0.000000 0.000000 1.000000 -0.000000 0.000000 1.000000 -0.000000 0.000000 1.000000 -0.000000 0.000000 1.000000 -0.000000 0.000000 1.000000 -0.000000 0.000000 1.000000 -0.000000 0.000000 1.000000 -0.000000 0.000000 1.000000 -0.000000 0.000000 1.000000 -0.000000 0.000000 1.000000 -0.000000 0.000000 1.000000 -0.000000 0.000000 1.000000 -0.000000 0.000000 1.000000 -0.000000 0.000000 1.000000 -0.000000 0.000000 1.000000 -0.000000 0.000000 1.000000 -0.000000 0.000000 1.000000 -0.000000 0.000000 1.000000 -0.000000 0.000000 1.000000 -0.000000 0.000000 1.000000 -0.000000 0.000000 1.000000 -0.000000 0.000000 1.000000 -0.000000 0.000000 1.000000 -0.000000 0.000000 1.000000 -0.000000 0.000000 1.000000 -0.000000 0.000000 1.000000 -0.000000 0.000000 1.000000 -0.000000 0.000000 1.000000 -0.000000 0.000000 1.000000 -0.000000 0.000000 1.000000 -0.000000 0.000000 1.000000 -0.000000 0.000000 1.000000 -0.000000 0.000000 1.000000 -0.000000 0.000000 1.000000 -0.000000 0.000000 1.000000 -0.000000 0.000000 1.000000 -0.000000 0.000000 1.000000 -0.000000 0.000000 1.000000 -0.000000 0.000000 1.000000 -0.000000 0.000000 1.000000 -0.000000 0.000000 1.000000 -0.000000 0.000000 1.000000 -0.000000 0.000000 1.000000 -0.000000 0.000000 1.000000 -0.000000 0.000000 1.000000 -0.000000 0.000000 1.000000 -0.000000 0.000000 1.000000 -0.000000 0.000000 1.000000 -0.000000 0.000000 1.000000 -0.000000 0.000000 1.000000 -0.000000 0.000000 1.000000 -0.000000 0.000000 1.000000 -0.000000 0.000000 1.000000 -0.000000 0.000000 1.000000 -0.000000 0.000000 1.000000 -0.000000 0.000000 1.000000 -0.000000 0.000000 1.000000 -0.000000 0.000000 1.000000 -0.000000 0.000000 1.000000 -0.000000 0.000000 1.000000 -0.000000 0.000000 1.000000 -0.000000 0.000000 1.000000 -0.000000 0.000000 1.000000 -0.000000 0.000000 1.000000 -0.000000 0.000000 1.000000 -0.000000 0.000000 1.000000 -0.000000 0.000000 1.000000 -0.000000 0.000000 1.000000 -0.000000 0.000000 1.000000 -0.000000 0.000000 1.000000 -0.000000 0.000000 1.000000 -0.000000 0.000000 1.000000 -0.000000 0.000000 1.000000 -0.000000 0.000000 1.000000 -0.000000 0.000000 1.000000 -0.000000 0.000000 1.000000 -0.000000 0.000000 1.000000 -0.000000 0.000000 1.000000 -0.000000 0.000000 1.000000 -0.000000 0.000000 1.000000 -0.000000 0.000000 1.000000 -0.000000 0.000000 1.000000 -0.000000 0.000000 1.000000 -0.000000 0.000000 1.000000 -0.000000 0.000000 1.000000 -0.000000 0.000000 1.000000 -0.000000 0.000000 1.000000 -0.000000 0.000000 1.000000 -0.000000 0.000000 1.000000 -0.000000 0.000000 1.000000 -0.000000 0.000000 1.000000 -0.000000 0.000000 1.000000 -0.000000 0.000000 1.000000 -0.000000 0.000000 1.000000 -0.000000 0.000000 1.000000 -0.000000 0.000000 1.000000 -0.000000 0.000000 1.000000 -0.000000 0.000000 1.000000 -0.000000 0.000000 1.000000 -0.000000 0.000000 1.000000 -0.000000 0.000000 1.000000 -0.000000 0.000000 1.000000 -0.000000 0.000000 1.000000 -0.000000 0.000000 1.000000 -0.000000 0.000000 1.000000 -0.000000 0.000000 1.000000 -0.000000 0.000000 1.000000 -0.000000 0.000000 1.000000 -0.000000 0.000000 1.000000 -0.000000 0.000000 1.000000 -0.000000 0.000000 1.000000 -0.000000 0.000000 1.000000 -0.000000 0.000000 1.000000 -0.000000 0.000000 1.000000 -0.000000 0.000000 1.000000 -0.000000 0.000000 1.000000 -0.000000 0.000000 1.000000 -0.000000 0.000000 1.000000 -0.000000 0.000000 1.000000 -0.000000 0.000000 1.000000 -0.000000 0.000000 1.000000 -0.000000 0.000000 1.000000 -0.000000 0.000000 1.000000 -0.000000 0.000000 1.000000 -0.000000 0.000000 1.000000 -0.000000 0.000000 1.000000 -0.000000 0.000000 1.000000 -0.000000 0.000000 1.000000 -0.000000 0.000000 1.000000 -0.000000 0.000000 1.000000 -0.000000 0.000000 1.000000 -0.000000 0.000000 1.000000 -0.000000 0.000000 1.000000 -0.000000 0.000000 1.000000 -0.000000 0.000000 1.000000 -0.000000 0.000000 1.000000 -0.000000 0.000000 1.000000 -0.000000 0.000000 1.000000 -0.000000 0.000000 1.000000 -0.000000 0.000000 1.000000 -0.000000 0.000000 1.000000 -0.000000 0.000000 1.000000 -0.000000 0.000000 1.000000 -0.000000 0.000000 1.000000 -0.000000 0.000000 1.000000 -0.000000 0.000000 1.000000 -0.000000 0.000000 1.000000 -0.000000 0.000000 1.000000 -0.000000 0.000000 1.000000 -0.000000 0.000000 1.000000 -0.000000 0.000000 1.000000 -0.000000 0.000000 1.000000 -0.000000 0.000000 1.000000 -0.000000 0.000000 1.000000 -0.000000 0.000000 1.000000 -0.000000 0.000000 1.000000 -0.000000 0.000000 1.000000 -0.000000 0.000000 1.000000 -0.000000 0.000000 1.000000 -0.000000 0.000000 1.000000 -0.000000 0.000000 1.000000 -0.000000 0.000000 1.000000 -0.000000 0.000000 1.000000 -0.000000 0.000000 1.000000 -0.000000 0.000000 1.000000 -0.000000 0.000000 1.000000 -0.000000 0.000000 1.000000 -0.000000 0.000000 1.000000 -0.000000 0.000000 1.000000 -0.000000 0.000000 1.000000 -0.000000 0.000000 1.000000 -0.000000 0.000000 1.000000 -0.000000 0.000000 1.000000 -0.000000 0.000000 1.000000 -0.000000 0.000000 1.000000 -0.000000 0.000000 1.000000 -0.000000 0.000000 1.000000 -0.000000 0.000000 1.000000 -0.000000 0.000000 1.000000 -0.000000 0.000000 1.000000 -0.000000 0.000000 1.000000 -0.000000 0.000000 1.000000 -0.000000 0.000000 1.000000 -0.000000 0.000000 1.000000 -0.000000 0.000000 1.000000 -0.000000 0.000000 1.000000 -0.000000 0.000000 1.000000 -0.000000 0.000000 1.000000 -0.000000 0.000000 1.000000 -0.000000 0.000000 1.000000 -0.000000 0.000000 1.000000 -0.000000 0.000000 1.000000 -0.000000 0.000000 1.000000 -0.000000 0.000000 1.000000 -0.000000 0.000000 1.000000 -0.000000 0.000000 1.000000 -0.000000 0.000000 1.000000 -0.000000 0.000000 1.000000 -0.000000 0.000000 1.000000 -0.000000 0.000000 1.000000 -0.000000 0.000000 1.000000 -0.000000 0.000000 1.000000 -0.000000 0.000000 1.000000 -0.000000 0.000000 1.000000 -0.000000 0.000000 1.000000 -0.000000 0.000000 1.000000 -0.000000 0.000000 1.000000 -0.000000 0.000000 1.000000 -0.000000 0.000000 1.000000 -0.000000 0.000000 1.000000 -0.000000 0.000000 1.000000 -0.000000 0.000000 1.000000 -0.000000 0.000000 1.000000 -0.000000 0.000000 1.000000 -0.000000 0.000000 1.000000 -0.000000 0.000000 1.000000 -0.000000 0.000000 1.000000 -0.000000 0.000000 1.000000 -0.000000 0.000000 1.000000 -0.000000 0.000000 1.000000 -0.000000 0.000000 1.000000 -0.000000 0.000000 1.000000 -0.000000 0.000000 1.000000 -0.000000 0.000000 1.000000 -0.000000 0.000000 1.000000 -0.000000 0.000000 1.000000 -0.000000 0.000000 1.000000 -0.000000 0.000000 1.000000 -0.000000 0.000000 1.000000 -0.000000 0.000000 1.000000 -0.000000 0.000000 1.000000 -0.000000 0.000000 1.000000 -0.000000 0.000000 1.000000 -0.000000 0.000000 1.000000 -0.000000 0.000000 1.000000 -0.000000 0.000000 1.000000 -0.000000 0.000000 1.000000 -0.000000 0.000000 1.000000 -0.000000 0.000000 1.000000 -0.000000 0.000000 1.000000 -0.000000 0.000000 1.000000 -0.000000 0.000000 1.000000 -0.000000 0.000000 1.000000 -0.000000 0.000000 1.000000 -0.000000 0.000000 1.000000 -0.000000 0.000000 1.000000 -0.000000 0.000000 1.000000 -0.000000 0.000000 1.000000 -0.000000 0.000000 1.000000 -0.000000 0.000000 1.000000 -0.000000 0.000000 1.000000 -0.000000 0.000000 1.000000 -0.000000 0.000000 1.000000 -0.000000 0.000000 1.000000 -0.000000 0.000000 1.000000 -0.000000 0.000000 1.000000 -0.000000 0.000000 1.000000 -0.000000 0.000000 1.000000 -0.000000 0.000000 1.000000 -0.000000 0.000000 1.000000 -0.000000 0.000000 1.000000 -0.000000 0.000000 1.000000 -0.000000 0.000000 1.000000 -0.000000 0.000000 1.000000 -0.000000 0.000000 1.000000 -0.000000 0.000000 1.000000 -0.000000 0.000000 1.000000 -0.000000 0.000000 1.000000 -0.000000 0.000000 1.000000 -0.000000 0.000000 1.000000 -0.000000 0.000000 1.000000 -0.000000 0.000000 1.000000 -0.000000 0.000000 1.000000 -0.000000 0.000000 1.000000 -0.000000 0.000000 1.000000 -0.000000 0.000000 1.000000 -0.000000 0.000000 1.000000 -0.000000 0.000000 1.000000 -0.000000 0.000000 1.000000 -0.000000 0.000000 1.000000 -0.000000 0.000000 1.000000 -0.000000 0.000000 1.000000 -0.000000 0.000000 1.000000 -0.000000 0.000000 1.000000 -0.000000 0.000000 1.000000 -0.000000 0.000000 1.000000 -0.000000 0.000000 1.000000 -0.000000 0.000000 1.000000 -0.000000 0.000000 1.000000 -0.000000 0.000000 1.000000 -0.000000 0.000000 1.000000 -0.000000 0.000000 1.000000 -0.000000 0.000000 1.000000 -0.000000 0.000000 1.000000 -0.000000 0.000000 1.000000 -0.000000 0.000000 1.000000 -0.000000 0.000000 1.000000 -0.000000 0.000000 1.000000 -0.000000 0.000000 1.000000 -0.000000 0.000000 1.000000 -0.000000 0.000000 1.000000 -0.000000 0.000000 1.000000 -0.000000 0.000000 1.000000 -0.000000 0.000000 1.000000 -0.000000 0.000000 1.000000 -0.000000 0.000000 1.000000 -0.000000 0.000000 1.000000 -0.000000 0.000000 1.000000 -0.000000 0.000000 1.000000 -0.000000 0.000000 1.000000 -0.000000 0.000000 1.000000 -0.000000 0.000000 1.000000 -0.000000 0.000000 1.000000 -0.000000 0.000000 1.000000 -0.000000 0.000000 1.000000 -0.000000 0.000000 1.000000 -0.000000 0.000000 1.000000 -0.000000 0.000000 1.000000 -0.000000 0.000000 1.000000 -0.000000 0.000000 1.000000 0.973045 0.230616 0.000000 0.973045 0.230616 0.000000 1.000000 0.000000 0.000000 1.000000 0.000000 0.000000 0.973045 -0.230616 0.000000 0.973045 -0.230616 0.000000 0.893633 -0.448799 0.000000 0.893633 -0.448799 0.000000 0.766044 -0.642788 0.000000 0.766044 -0.642788 0.000000 0.597159 -0.802123 0.000000 0.597159 -0.802123 0.000000 0.396080 -0.918216 0.000000 0.396080 -0.918216 0.000000 0.173648 -0.984808 0.000000 0.173648 -0.984808 0.000000 -0.058145 -0.998308 -0.000000 -0.058145 -0.998308 -0.000000 -0.286803 -0.957990 -0.000000 -0.286803 -0.957990 -0.000000 -0.500000 -0.866025 -0.000000 -0.500000 -0.866025 -0.000000 -0.686242 -0.727374 -0.000000 -0.686242 -0.727374 -0.000000 -0.835488 -0.549509 -0.000000 -0.835488 -0.549509 -0.000000 -0.939693 -0.342020 -0.000000 -0.939693 -0.342020 -0.000000 -0.993238 -0.116093 -0.000000 -0.993238 -0.116093 -0.000000 -0.993238 0.116093 -0.000000 -0.993238 0.116093 -0.000000 -0.939693 0.342020 -0.000000 -0.939693 0.342020 -0.000000 -0.835488 0.549509 -0.000000 -0.835488 0.549509 -0.000000 -0.686242 0.727374 -0.000000 -0.686242 0.727374 -0.000000 -0.500000 0.866025 -0.000000 -0.500000 0.866025 -0.000000 -0.286803 0.957990 -0.000000 -0.286803 0.957990 -0.000000 -0.058145 0.998308 -0.000000 -0.058145 0.998308 -0.000000 0.173648 0.984808 0.000000 0.173648 0.984808 0.000000 0.396080 0.918216 0.000000 0.396080 0.918216 0.000000 0.597159 0.802123 0.000000 0.597159 0.802123 0.000000 0.766044 0.642788 0.000000 0.766044 0.642788 0.000000 0.893633 0.448799 0.000000 0.893633 0.448799 0.000000 0.973045 0.230616 0.000000 0.973045 0.230616 0.000000 1.000000 0.000000 0.000000 1.000000 0.000000 0.000000 0.973045 -0.230616 0.000000 0.973045 -0.230616 0.000000 0.893633 -0.448799 0.000000 0.893633 -0.448799 0.000000 0.766044 -0.642788 0.000000 0.766044 -0.642788 0.000000 0.597159 -0.802123 0.000000 0.597159 -0.802123 0.000000 0.396080 -0.918216 0.000000 0.396080 -0.918216 0.000000 0.173648 -0.984808 0.000000 0.173648 -0.984808 0.000000 -0.058145 -0.998308 -0.000000 -0.058145 -0.998308 -0.000000 -0.286803 -0.957990 -0.000000 -0.286803 -0.957990 -0.000000 -0.500000 -0.866025 -0.000000 -0.500000 -0.866025 -0.000000 -0.686242 -0.727374 -0.000000 -0.686242 -0.727374 -0.000000 -0.835488 -0.549509 -0.000000 -0.835488 -0.549509 -0.000000 -0.939693 -0.342020 -0.000000 -0.939693 -0.342020 -0.000000 -0.993238 -0.116093 -0.000000 -0.993238 -0.116093 -0.000000 -0.993238 0.116093 -0.000000 -0.993238 0.116093 -0.000000 -0.939693 0.342020 -0.000000 -0.939693 0.342020 -0.000000 -0.835488 0.549509 -0.000000 -0.835488 0.549509 -0.000000 -0.686242 0.727374 -0.000000 -0.686242 0.727374 -0.000000 -0.500000 0.866025 -0.000000 -0.500000 0.866025 -0.000000 -0.286803 0.957990 -0.000000 -0.286803 0.957990 -0.000000 -0.058145 0.998308 -0.000000 -0.058145 0.998308 -0.000000 0.173648 0.984808 0.000000 0.173648 0.984808 0.000000 0.396080 0.918216 0.000000 0.396080 0.918216 0.000000 0.597159 0.802123 0.000000 0.597159 0.802123 0.000000 0.766044 0.642788 0.000000 0.766044 0.642788 0.000000 0.893633 0.448799 0.000000 0.893633 0.448799 0.000000 -0.000000 1.000000 -0.000000 0.000000 1.000000 0.000000 0.149042 0.988831 0.000000 0.149042 0.988831 0.000000 0.294755 0.955573 0.000000 0.294755 0.955573 0.000000 0.433884 0.900969 0.000000 0.433884 0.900969 0.000000 0.563320 0.826239 0.000000 0.563320 0.826239 0.000000 0.680173 0.733052 0.000000 0.680173 0.733052 0.000000 0.781831 0.623490 0.000000 0.781831 0.623490 0.000000 0.866025 0.500000 0.000000 0.866025 0.500000 0.000000 0.930874 0.365341 0.000000 0.930874 0.365341 0.000000 0.974928 0.222521 0.000000 0.974928 0.222521 0.000000 0.997204 0.074730 0.000000 0.997204 0.074730 0.000000 0.997204 -0.074730 0.000000 0.997204 -0.074730 0.000000 0.974928 -0.222521 0.000000 0.974928 -0.222521 0.000000 0.930874 -0.365341 0.000000 0.930874 -0.365341 0.000000 0.866025 -0.500000 0.000000 0.866025 -0.500000 0.000000 0.781831 -0.623490 0.000000 0.781831 -0.623490 0.000000 0.680173 -0.733052 0.000000 0.680173 -0.733052 0.000000 0.563320 -0.826239 0.000000 0.563320 -0.826239 0.000000 0.433884 -0.900969 0.000000 0.433884 -0.900969 0.000000 0.294755 -0.955573 0.000000 0.294755 -0.955573 0.000000 0.149042 -0.988831 0.000000 0.149042 -0.988831 0.000000 -0.000000 -1.000000 -0.000000 -0.000000 -1.000000 -0.000000 -0.121016 0.992651 0.000000 -0.122484 0.992471 0.000000 -0.121016 0.992651 0.000000 -0.122484 0.992471 0.000000 -0.123950 0.992288 0.000000 -0.123950 0.992288 0.000000 -0.125415 0.992104 0.000000 -0.125415 0.992104 0.000000 0.121016 0.992651 0.000000 0.107949 0.994156 0.000000 0.121016 0.992651 0.000000 0.107949 0.994156 0.000000 0.094530 0.995522 0.000000 0.094530 0.995522 0.000000 0.080564 0.996749 0.000000 0.080564 0.996749 0.000000 0.065901 0.997826 0.000000 0.065901 0.997826 0.000000 0.050453 0.998726 0.000000 0.050453 0.998726 0.000000 0.034220 0.999414 0.000000 0.034220 0.999414 0.000000 0.017317 0.999850 0.000000 0.017317 0.999850 0.000000 0.000000 1.000000 0.000000 0.000000 1.000000 0.000000 -0.017317 0.999850 0.000000 -0.017317 0.999850 0.000000 -0.034220 0.999414 0.000000 -0.034220 0.999414 0.000000 -0.050453 0.998726 0.000000 -0.050453 0.998726 0.000000 -0.065901 0.997826 0.000000 -0.065901 0.997826 0.000000 -0.080564 0.996749 0.000000 -0.080564 0.996749 0.000000 -0.094530 0.995522 0.000000 -0.094530 0.995522 0.000000 -0.107949 0.994156 0.000000 -0.107949 0.994156 0.000000 0.125415 0.992104 0.000000 0.123950 0.992288 0.000000 0.125415 0.992104 0.000000 0.123950 0.992288 0.000000 0.122484 0.992471 0.000000 0.122484 0.992471 0.000000 -0.000000 -1.000000 -0.000000 -0.000000 -1.000000 -0.000000 -0.149042 -0.988831 -0.000000 -0.149042 -0.988831 -0.000000 -0.294755 -0.955573 -0.000000 -0.294755 -0.955573 -0.000000 -0.433884 -0.900969 -0.000000 -0.433884 -0.900969 -0.000000 -0.563320 -0.826239 -0.000000 -0.563320 -0.826239 -0.000000 -0.680173 -0.733052 -0.000000 -0.680173 -0.733052 -0.000000 -0.781831 -0.623490 -0.000000 -0.781831 -0.623490 -0.000000 -0.866025 -0.500000 -0.000000 -0.866025 -0.500000 -0.000000 -0.930874 -0.365341 -0.000000 -0.930874 -0.365341 -0.000000 -0.974928 -0.222521 -0.000000 -0.974928 -0.222521 -0.000000 -0.997204 -0.074730 -0.000000 -0.997204 -0.074730 -0.000000 -0.997204 0.074730 -0.000000 -0.997204 0.074730 -0.000000 -0.974928 0.222521 -0.000000 -0.974928 0.222521 -0.000000 -0.930874 0.365341 -0.000000 -0.930874 0.365341 -0.000000 -0.866025 0.500000 -0.000000 -0.866025 0.500000 -0.000000 -0.781831 0.623490 -0.000000 -0.781831 0.623490 -0.000000 -0.680173 0.733052 -0.000000 -0.680173 0.733052 -0.000000 -0.563320 0.826239 -0.000000 -0.563320 0.826239 -0.000000 -0.433884 0.900969 -0.000000 -0.433884 0.900969 -0.000000 -0.294755 0.955573 -0.000000 -0.294755 0.955573 -0.000000 -0.149042 0.988831 -0.000000 -0.149042 0.988831 -0.000000 -0.000000 1.000000 -0.000000 -0.000000 1.000000 0.000000 0.121016 -0.992651 0.000000 0.122484 -0.992471 0.000000 0.121016 -0.992651 0.000000 0.122484 -0.992471 0.000000 0.123950 -0.992288 0.000000 0.123950 -0.992288 0.000000 0.125415 -0.992104 0.000000 0.125415 -0.992104 0.000000 -0.121016 -0.992651 -0.000000 -0.107949 -0.994156 -0.000000 -0.121016 -0.992651 -0.000000 -0.107949 -0.994156 -0.000000 -0.094530 -0.995522 -0.000000 -0.094530 -0.995522 -0.000000 -0.080564 -0.996749 -0.000000 -0.080564 -0.996749 -0.000000 -0.065901 -0.997826 -0.000000 -0.065901 -0.997826 -0.000000 -0.050453 -0.998726 -0.000000 -0.050453 -0.998726 -0.000000 -0.034220 -0.999414 -0.000000 -0.034220 -0.999414 -0.000000 -0.017317 -0.999850 -0.000000 -0.017317 -0.999850 -0.000000 0.000000 -1.000000 0.000000 0.000000 -1.000000 0.000000 0.017317 -0.999850 0.000000 0.017317 -0.999850 0.000000 0.034220 -0.999414 0.000000 0.034220 -0.999414 0.000000 0.050453 -0.998726 0.000000 0.050453 -0.998726 0.000000 0.065901 -0.997826 0.000000 0.065901 -0.997826 0.000000 0.080564 -0.996749 0.000000 0.080564 -0.996749 0.000000 0.094530 -0.995522 0.000000 0.094530 -0.995522 0.000000 0.107949 -0.994156 0.000000 0.107949 -0.994156 0.000000 -0.125415 -0.992104 -0.000000 -0.123950 -0.992288 -0.000000 -0.125415 -0.992104 -0.000000 -0.123950 -0.992288 -0.000000 -0.122484 -0.992471 -0.000000 -0.122484 -0.992471 -0.000000 -0.121016 -0.992651 -0.000000 -0.121016 -0.992651 -0.000000 0.000000 0.000000 -1.000000 0.000000 0.000000 -1.000000 0.000000 0.000000 -1.000000 0.000000 0.000000 -1.000000 0.000000 0.000000 -1.000000 0.000000 0.000000 -1.000000 0.000000 0.000000 -1.000000 0.000000 0.000000 -1.000000 0.000000 0.000000 -1.000000 0.000000 0.000000 -1.000000 0.000000 0.000000 -1.000000 0.000000 0.000000 -1.000000 0.000000 0.000000 -1.000000 0.000000 0.000000 -1.000000 0.000000 0.000000 -1.000000 0.000000 0.000000 -1.000000 0.000000 0.000000 -1.000000 0.000000 0.000000 -1.000000 0.000000 0.000000 -1.000000 0.000000 0.000000 -1.000000 0.000000 0.000000 -1.000000 0.000000 0.000000 -1.000000 0.000000 0.000000 -1.000000 0.000000 0.000000 -1.000000 0.000000 0.000000 -1.000000 0.000000 0.000000 -1.000000 0.000000 0.000000 -1.000000 0.000000 0.000000 -1.000000 0.000000 0.000000 -1.000000 0.000000 0.000000 -1.000000 0.000000 0.000000 -1.000000 0.000000 0.000000 -1.000000 0.000000 0.000000 -1.000000 0.000000 0.000000 -1.000000 0.000000 0.000000 -1.000000 0.000000 0.000000 -1.000000 0.000000 0.000000 -1.000000 0.000000 0.000000 -1.000000 0.000000 0.000000 -1.000000 0.000000 0.000000 -1.000000 0.000000 0.000000 -1.000000 0.000000 0.000000 -1.000000 0.000000 0.000000 -1.000000 0.000000 0.000000 -1.000000 0.000000 0.000000 -1.000000 0.000000 0.000000 -1.000000 0.000000 0.000000 -1.000000 0.000000 0.000000 -1.000000 0.000000 0.000000 -1.000000 0.000000 0.000000 -1.000000 0.000000 0.000000 -1.000000 0.000000 0.000000 -1.000000 0.000000 0.000000 -1.000000 0.000000 0.000000 -1.000000 0.000000 0.000000 -1.000000 0.000000 0.000000 -1.000000 0.000000 0.000000 -1.000000 0.000000 0.000000 -1.000000 0.000000 0.000000 -1.000000 0.000000 0.000000 -1.000000 0.000000 0.000000 -1.000000 0.000000 0.000000 -1.000000 0.000000 0.000000 -1.000000 0.000000 0.000000 -1.000000 0.000000 0.000000 -1.000000 0.000000 0.000000 -1.000000 0.000000 0.000000 -1.000000 0.000000 0.000000 -1.000000 0.000000 0.000000 -1.000000 0.000000 0.000000 -1.000000 0.000000 0.000000 -1.000000 0.000000 0.000000 -1.000000 0.000000 0.000000 -1.000000 0.000000 0.000000 -1.000000 0.000000 0.000000 -1.000000 0.000000 0.000000 -1.000000 0.000000 0.000000 -1.000000 0.000000 0.000000 -1.000000 0.000000 0.000000 -1.000000 0.000000 0.000000 -1.000000 0.000000 0.000000 -1.000000 0.000000 0.000000 -1.000000 0.000000 0.000000 -1.000000 0.000000 0.000000 -1.000000 0.000000 0.000000 -1.000000 0.000000 0.000000 -1.000000 0.000000 0.000000 -1.000000 0.000000 0.000000 -1.000000 0.000000 0.000000 -1.000000 0.000000 0.000000 -1.000000 0.000000 0.000000 -1.000000 0.000000 0.000000 -1.000000 0.000000 0.000000 -1.000000 0.000000 0.000000 -1.000000 0.000000 0.000000 -1.000000 0.000000 0.000000 -1.000000 0.000000 0.000000 -1.000000 0.000000 0.000000 -1.000000 0.000000 0.000000 -1.000000 0.000000 0.000000 -1.000000 0.000000 0.000000 -1.000000 0.000000 0.000000 -1.000000 0.000000 0.000000 -1.000000 0.000000 0.000000 -1.000000 0.000000 0.000000 -1.000000 0.000000 0.000000 -1.000000 0.000000 0.000000 -1.000000 0.000000 0.000000 -1.000000 0.000000 0.000000 -1.000000 0.000000 0.000000 -1.000000 0.000000 0.000000 -1.000000 0.000000 0.000000 -1.000000 0.000000 0.000000 -1.000000 0.000000 0.000000 -1.000000 0.000000 0.000000 -1.000000 0.000000 0.000000 -1.000000 0.000000 0.000000 -1.000000 0.000000 0.000000 -1.000000 0.000000 0.000000 -1.000000 0.000000 0.000000 -1.000000 0.000000 0.000000 -1.000000 0.000000 0.000000 -1.000000 0.000000 0.000000 -1.000000 0.000000 0.000000 -1.000000 0.000000 0.000000 -1.000000 0.000000 0.000000 -1.000000 0.000000 0.000000 -1.000000 0.000000 0.000000 -1.000000 0.000000 0.000000 -1.000000 0.000000 0.000000 -1.000000 0.000000 0.000000 -1.000000 0.000000 0.000000 -1.000000 0.000000 0.000000 -1.000000 0.000000 0.000000 -1.000000 0.000000 0.000000 -1.000000 0.000000 0.000000 -1.000000 0.000000 0.000000 -1.000000 0.000000 0.000000 -1.000000 0.000000 0.000000 -1.000000 0.000000 0.000000 -1.000000 -0.000000 -0.000000 1.000000 -0.000000 -0.000000 1.000000 -0.000000 -0.000000 1.000000 -0.000000 -0.000000 1.000000 -0.000000 -0.000000 1.000000 -0.000000 -0.000000 1.000000 -0.000000 -0.000000 1.000000 -0.000000 -0.000000 1.000000 -0.000000 -0.000000 1.000000 -0.000000 -0.000000 1.000000 -0.000000 -0.000000 1.000000 -0.000000 -0.000000 1.000000 -0.000000 -0.000000 1.000000 -0.000000 -0.000000 1.000000 -0.000000 -0.000000 1.000000 -0.000000 -0.000000 1.000000 -0.000000 -0.000000 1.000000 -0.000000 -0.000000 1.000000 -0.000000 -0.000000 1.000000 -0.000000 -0.000000 1.000000 -0.000000 -0.000000 1.000000 -0.000000 -0.000000 1.000000 -0.000000 -0.000000 1.000000 -0.000000 -0.000000 1.000000 -0.000000 -0.000000 1.000000 -0.000000 -0.000000 1.000000 -0.000000 -0.000000 1.000000 -0.000000 -0.000000 1.000000 -0.000000 -0.000000 1.000000 -0.000000 -0.000000 1.000000 -0.000000 -0.000000 1.000000 -0.000000 -0.000000 1.000000 -0.000000 -0.000000 1.000000 -0.000000 -0.000000 1.000000 -0.000000 -0.000000 1.000000 -0.000000 -0.000000 1.000000 -0.000000 -0.000000 1.000000 -0.000000 -0.000000 1.000000 -0.000000 -0.000000 1.000000 -0.000000 -0.000000 1.000000 -0.000000 -0.000000 1.000000 -0.000000 -0.000000 1.000000 -0.000000 -0.000000 1.000000 -0.000000 -0.000000 1.000000 -0.000000 -0.000000 1.000000 -0.000000 -0.000000 1.000000 -0.000000 -0.000000 1.000000 -0.000000 -0.000000 1.000000 -0.000000 -0.000000 1.000000 -0.000000 -0.000000 1.000000 -0.000000 -0.000000 1.000000 -0.000000 -0.000000 1.000000 -0.000000 -0.000000 1.000000 -0.000000 -0.000000 1.000000 -0.000000 -0.000000 1.000000 -0.000000 -0.000000 1.000000 -0.000000 -0.000000 1.000000 -0.000000 -0.000000 1.000000 -0.000000 -0.000000 1.000000 -0.000000 -0.000000 1.000000 -0.000000 -0.000000 1.000000 -0.000000 -0.000000 1.000000 -0.000000 -0.000000 1.000000 -0.000000 -0.000000 1.000000 -0.000000 -0.000000 1.000000 -0.000000 -0.000000 1.000000 -0.000000 -0.000000 1.000000 -0.000000 -0.000000 1.000000 -0.000000 -0.000000 1.000000 -0.000000 -0.000000 1.000000 -0.000000 -0.000000 1.000000 -0.000000 -0.000000 1.000000 -0.000000 -0.000000 1.000000 -0.000000 -0.000000 1.000000 -0.000000 -0.000000 1.000000 -0.000000 -0.000000 1.000000 -0.000000 -0.000000 1.000000 -0.000000 -0.000000 1.000000 -0.000000 -0.000000 1.000000 -0.000000 -0.000000 1.000000 -0.000000 -0.000000 1.000000 -0.000000 -0.000000 1.000000 -0.000000 -0.000000 1.000000 -0.000000 -0.000000 1.000000 -0.000000 -0.000000 1.000000 -0.000000 -0.000000 1.000000 -0.000000 -0.000000 1.000000 -0.000000 -0.000000 1.000000 -0.000000 -0.000000 1.000000 -0.000000 -0.000000 1.000000 -0.000000 -0.000000 1.000000 -0.000000 -0.000000 1.000000 -0.000000 -0.000000 1.000000 -0.000000 -0.000000 1.000000 -0.000000 -0.000000 1.000000 -0.000000 -0.000000 1.000000 -0.000000 -0.000000 1.000000 -0.000000 -0.000000 1.000000 -0.000000 -0.000000 1.000000 -0.000000 -0.000000 1.000000 -0.000000 -0.000000 1.000000 -0.000000 -0.000000 1.000000 -0.000000 -0.000000 1.000000 -0.000000 -0.000000 1.000000 -0.000000 -0.000000 1.000000 -0.000000 -0.000000 1.000000 -0.000000 -0.000000 1.000000 -0.000000 -0.000000 1.000000 -0.000000 -0.000000 1.000000 -0.000000 -0.000000 1.000000 -0.000000 -0.000000 1.000000 -0.000000 -0.000000 1.000000 -0.000000 -0.000000 1.000000 -0.000000 -0.000000 1.000000 -0.000000 -0.000000 1.000000 -0.000000 -0.000000 1.000000 -0.000000 -0.000000 1.000000 -0.000000 -0.000000 1.000000 -0.000000 -0.000000 1.000000 -0.000000 -0.000000 1.000000 -0.000000 -0.000000 1.000000 -0.000000 -0.000000 1.000000 -0.000000 -0.000000 1.000000 -0.000000 -0.000000 1.000000 -0.000000 -0.000000 1.000000 -0.000000 -0.000000 1.000000 -0.000000 -0.000000 1.000000 -0.000000 -0.000000 1.000000 -0.000000 -0.000000 1.000000 -0.000000 -0.000000 1.000000 -0.000000 -0.000000 1.000000 -0.000000 -0.000000 1.000000 -0.000000 -0.000000 1.000000 -0.000000 -0.000000 1.000000 -0.000000 -0.000000 1.000000 -0.000000 -0.000000 1.000000 -0.000000 -0.000000 1.000000 -0.000000 -0.000000 1.000000 -0.000000 -0.000000 1.000000 -0.000000 -0.000000 1.000000</float_array>
          <technique_common>
            <accessor source="#gripper_right_gear-mesh-normals-array" count="7284" stride="3">
              <param name="X" type="float"/>
              <param name="Y" type="float"/>
              <param name="Z" type="float"/>
            </accessor>
          </technique_common>
        </source>
        <vertices id="gripper_right_gear-mesh-vertices">
          <input semantic="POSITION" source="#gripper_right_gear-mesh-positions"/>
        </vertices>
        <triangles material="Opaque_246_246_243_" count="5204">
          <input semantic="VERTEX" source="#gripper_right_gear-mesh-vertices" offset="0"/>
          <input semantic="NORMAL" source="#gripper_right_gear-mesh-normals" offset="1"/>
          <p>1 0 53 1 0 2 0 2 53 1 27 3 0 2 27 3 26 4 26 4 27 3 28 5 26 4 28 5 25 6 25 6 28 5 29 7 25 6 29 7 24 8 24 8 29 7 30 9 24 8 30 9 23 10 23 10 30 9 31 11 23 10 31 11 22 12 22 12 31 11 32 13 22 12 32 13 21 14 21 14 32 13 33 15 21 14 33 15 20 16 20 16 33 15 34 17 20 16 34 17 19 18 19 18 34 17 35 19 19 18 35 19 18 20 18 20 35 19 36 21 18 20 36 21 17 22 17 22 36 21 37 23 17 22 37 23 16 24 16 24 37 23 38 25 16 24 38 25 15 26 15 26 38 25 39 27 15 26 39 27 14 28 14 28 39 27 40 29 14 28 40 29 13 30 13 30 40 29 41 31 13 30 41 31 12 32 12 32 41 31 42 33 12 32 42 33 11 34 11 34 42 33 43 35 11 34 43 35 10 36 10 36 43 35 44 37 10 36 44 37 9 38 9 38 44 37 45 39 9 38 45 39 8 40 8 40 45 39 46 41 8 40 46 41 7 42 7 42 46 41 47 43 7 42 47 43 6 44 6 44 47 43 48 45 6 44 48 45 5 46 5 46 48 45 49 47 5 46 49 47 4 48 4 48 49 47 50 49 4 48 50 49 3 50 3 50 50 49 51 51 3 50 51 51 2 52 2 52 51 51 52 53 2 52 52 53 1 0 1 0 52 53 53 1 55 54 56 55 54 56 54 56 56 55 57 57 59 58 111 59 58 60 58 60 111 59 85 61 58 60 85 61 84 62 84 62 85 61 86 63 84 62 86 63 83 64 83 64 86 63 87 65 83 64 87 65 82 66 82 66 87 65 88 67 82 66 88 67 81 68 81 68 88 67 89 69 81 68 89 69 80 70 80 70 89 69 90 71 80 70 90 71 79 72 79 72 90 71 91 73 79 72 91 73 78 74 78 74 91 73 92 75 78 74 92 75 77 76 77 76 92 75 93 77 77 76 93 77 76 78 76 78 93 77 94 79 76 78 94 79 75 80 75 80 94 79 95 81 75 80 95 81 74 82 74 82 95 81 96 83 74 82 96 83 73 84 73 84 96 83 97 85 73 84 97 85 72 86 72 86 97 85 98 87 72 86 98 87 71 88 71 88 98 87 99 89 71 88 99 89 70 90 70 90 99 89 100 91 70 90 100 91 69 92 69 92 100 91 101 93 69 92 101 93 68 94 68 94 101 93 102 95 68 94 102 95 67 96 67 96 102 95 103 97 67 96 103 97 66 98 66 98 103 97 104 99 66 98 104 99 65 100 65 100 104 99 105 101 65 100 105 101 64 102 64 102 105 101 106 103 64 102 106 103 63 104 63 104 106 103 107 105 63 104 107 105 62 106 62 106 107 105 108 107 62 106 108 107 61 108 61 108 108 107 109 109 61 108 109 109 60 110 60 110 109 109 110 111 60 110 110 111 59 58 59 58 110 111 111 59 113 112 114 113 112 114 112 114 114 113 115 115 115 115 114 113 155 116 155 116 114 113 116 117 155 116 116 117 154 118 154 118 116 117 117 119 154 118 117 119 153 120 153 120 117 119 118 121 153 120 118 121 152 122 152 122 118 121 119 123 152 122 119 123 151 124 151 124 119 123 120 125 151 124 120 125 150 126 150 126 120 125 121 127 150 126 121 127 149 128 149 128 121 127 122 129 149 128 122 129 148 130 148 130 122 129 123 131 148 130 123 131 147 132 147 132 123 131 124 133 147 132 124 133 146 134 146 134 124 133 125 135 146 134 125 135 145 136 145 136 125 135 126 137 145 136 126 137 144 138 144 138 126 137 127 139 144 138 127 139 143 140 143 140 127 139 128 141 143 140 128 141 142 142 142 142 128 141 129 143 142 142 129 143 141 144 141 144 129 143 130 145 141 144 130 145 140 146 140 146 130 145 131 147 140 146 131 147 139 148 139 148 131 147 132 149 139 148 132 149 138 150 138 150 132 149 133 151 138 150 133 151 137 152 137 152 133 151 134 153 137 152 134 153 136 154 136 154 134 153 135 155 136 154 135 155 56 55 56 55 135 155 57 57 112 156 156 157 113 158 113 158 156 157 157 159 115 160 101 161 112 162 112 162 101 161 100 163 112 162 100 163 99 164 155 165 106 166 115 160 115 160 106 166 105 167 115 160 105 167 104 168 155 165 154 169 106 166 106 166 154 169 153 170 106 166 153 170 152 171 152 171 151 172 106 166 106 166 151 172 107 173 107 173 151 172 150 174 107 173 150 174 108 175 108 175 150 174 149 176 108 175 149 176 148 177 108 175 148 177 109 178 109 178 148 177 147 179 109 178 147 179 110 180 110 180 147 179 146 181 110 180 146 181 111 182 111 182 146 181 85 183 85 183 146 181 145 184 85 183 145 184 86 185 86 185 145 184 144 186 86 185 144 186 87 187 87 187 144 186 143 188 87 187 143 188 88 189 88 189 143 188 142 190 88 189 142 190 89 191 89 191 142 190 141 192 89 191 141 192 90 193 90 193 141 192 140 194 90 193 140 194 91 195 91 195 140 194 139 196 91 195 139 196 138 197 91 195 138 197 92 198 92 198 138 197 137 199 92 198 137 199 136 200 136 200 56 201 92 198 92 198 56 201 93 202 93 202 56 201 94 203 94 203 56 201 95 204 95 204 56 201 96 205 96 205 56 201 55 206 96 205 55 206 97 207 97 207 55 206 112 162 97 207 112 162 98 208 98 208 112 162 99 164 158 209 2 210 55 206 55 206 2 210 1 211 55 206 1 211 0 212 158 209 159 213 2 210 2 210 159 213 3 214 3 214 159 213 160 215 3 214 160 215 161 216 161 216 162 217 3 214 3 214 162 217 4 218 4 218 162 217 163 219 4 218 163 219 205 220 205 220 163 219 204 221 204 221 163 219 164 222 204 221 164 222 203 223 203 223 164 222 165 224 203 223 165 224 166 225 203 223 166 225 202 226 202 226 166 225 167 227 202 226 167 227 168 228 202 226 168 228 201 229 201 229 168 228 169 230 201 229 169 230 170 231 201 229 170 231 200 232 200 232 170 231 171 233 200 232 171 233 199 234 199 234 171 233 172 235 199 234 172 235 173 236 173 236 174 237 199 234 199 234 174 237 175 238 199 234 175 238 176 239 199 234 176 239 198 240 198 240 176 239 177 241 198 240 177 241 178 242 198 240 178 242 197 243 197 243 178 242 179 244 197 243 179 244 196 245 196 245 179 244 195 246 195 246 179 244 180 247 195 246 180 247 194 248 194 248 180 247 193 249 193 249 180 247 192 250 192 250 180 247 191 251 191 251 180 247 190 252 190 252 180 247 189 253 189 253 180 247 181 254 189 253 181 254 183 255 183 255 181 254 182 256 184 257 187 258 183 255 183 255 187 258 188 259 183 255 188 259 189 253 185 260 186 261 184 257 184 257 186 261 187 258 4 218 205 220 5 262 5 262 205 220 206 263 5 262 206 263 207 264 207 264 208 265 5 262 5 262 208 265 209 266 5 262 209 266 210 267 5 262 210 267 6 268 6 268 210 267 211 269 6 268 211 269 254 270 254 270 211 269 212 271 254 270 212 271 213 272 254 270 213 272 253 273 253 273 213 272 214 274 253 273 214 274 215 275 253 273 215 275 252 276 252 276 215 275 216 277 252 276 216 277 217 278 217 278 218 279 252 276 252 276 218 279 251 280 251 280 218 279 219 281 251 280 219 281 220 282 251 280 220 282 250 283 250 283 220 282 221 284 250 283 221 284 222 285 222 285 223 286 250 283 250 283 223 286 224 287 250 283 224 287 249 288 249 288 224 287 225 289 249 288 225 289 226 290 249 288 226 290 248 291 248 291 226 290 227 292 248 291 227 292 247 293 247 293 227 292 246 294 246 294 227 292 228 295 246 294 228 295 245 296 245 296 228 295 244 297 244 297 228 295 229 298 244 297 229 298 243 299 243 299 229 298 242 300 242 300 229 298 241 301 241 301 229 298 240 302 240 302 229 298 230 303 240 302 230 303 239 304 239 304 230 303 238 305 238 305 230 303 232 306 238 305 232 306 237 307 237 307 232 306 236 308 236 308 232 306 233 309 236 308 233 309 235 310 235 310 233 309 234 311 230 303 231 312 232 306 254 270 255 313 6 268 6 268 255 313 7 314 7 314 255 313 256 315 7 314 256 315 257 316 257 316 258 317 7 314 7 314 258 317 259 318 7 314 259 318 260 319 261 320 303 321 260 319 260 319 303 321 304 322 260 319 304 322 7 314 7 314 304 322 305 323 7 314 305 323 306 324 261 320 262 325 303 321 303 321 262 325 302 326 302 326 262 325 263 327 302 326 263 327 264 328 264 328 265 329 302 326 302 326 265 329 266 330 302 326 266 330 301 331 301 331 266 330 267 332 301 331 267 332 268 333 268 333 269 334 301 331 301 331 269 334 300 335 300 335 269 334 270 336 300 335 270 336 271 337 271 337 272 338 300 335 300 335 272 338 299 339 299 339 272 338 273 340 299 339 273 340 298 341 298 341 273 340 274 342 298 341 274 342 297 343 297 343 274 342 275 344 297 343 275 344 296 345 296 345 275 344 295 346 295 346 275 344 276 347 295 346 276 347 294 348 294 348 276 347 293 349 293 349 276 347 277 350 293 349 277 350 292 351 292 351 277 350 291 352 291 352 277 350 290 353 290 353 277 350 278 354 290 353 278 354 289 355 289 355 278 354 288 356 288 356 278 354 279 357 288 356 279 357 287 358 287 358 279 357 286 359 286 359 279 357 281 360 286 359 281 360 285 361 285 361 281 360 282 362 285 361 282 362 284 363 284 363 282 362 283 364 279 357 280 365 281 360 307 366 550 367 306 324 306 324 550 367 551 368 306 324 551 368 7 314 7 314 551 368 552 369 7 314 552 369 553 370 550 367 307 366 549 371 549 371 307 366 308 372 549 371 308 372 504 373 504 373 308 372 353 374 504 373 353 374 503 375 503 375 353 374 354 376 503 375 354 376 502 377 502 377 354 376 355 378 502 377 355 378 501 379 501 379 355 378 356 380 501 379 356 380 500 381 500 381 356 380 357 382 500 381 357 382 455 383 455 383 357 382 402 384 455 383 402 384 454 385 454 385 402 384 403 386 454 385 403 386 453 387 453 387 403 386 404 388 453 387 404 388 452 389 452 389 404 388 451 390 451 390 404 388 405 391 451 390 405 391 406 392 308 372 309 393 353 374 353 374 309 393 352 394 352 394 309 393 310 395 352 394 310 395 311 396 311 396 312 397 352 394 352 394 312 397 351 398 351 398 312 397 313 399 351 398 313 399 314 400 314 400 315 401 351 398 351 398 315 401 350 402 350 402 315 401 316 403 350 402 316 403 317 404 317 404 318 405 350 402 350 402 318 405 349 406 349 406 318 405 319 407 349 406 319 407 348 408 348 408 319 407 320 409 348 408 320 409 347 410 347 410 320 409 321 411 347 410 321 411 346 412 346 412 321 411 322 413 346 412 322 413 345 414 345 414 322 413 323 415 345 414 323 415 344 416 344 416 323 415 343 417 343 417 323 415 324 418 343 417 324 418 342 419 342 419 324 418 341 420 341 420 324 418 325 421 341 420 325 421 340 422 340 422 325 421 339 423 339 423 325 421 326 424 339 423 326 424 338 425 338 425 326 424 337 426 337 426 326 424 327 427 337 426 327 427 336 428 336 428 327 427 335 429 335 429 327 427 328 430 335 429 328 430 334 431 334 431 328 430 330 432 334 431 330 432 331 433 328 430 329 434 330 432 332 435 333 436 331 433 331 433 333 436 334 431 357 382 358 437 402 384 402 384 358 437 401 438 401 438 358 437 359 439 401 438 359 439 360 440 401 438 360 440 400 441 400 441 360 440 361 442 400 441 361 442 362 443 400 441 362 443 399 444 399 444 362 443 363 445 399 444 363 445 364 446 399 444 364 446 398 447 398 447 364 446 365 448 398 447 365 448 366 449 398 447 366 449 397 450 397 450 366 449 367 451 397 450 367 451 396 452 396 452 367 451 368 453 396 452 368 453 395 454 395 454 368 453 394 455 394 455 368 453 369 456 394 455 369 456 393 457 393 457 369 456 370 458 393 457 370 458 392 459 392 459 370 458 391 460 391 460 370 458 371 461 391 460 371 461 390 462 390 462 371 461 372 463 390 462 372 463 389 464 389 464 372 463 373 465 389 464 373 465 388 466 388 466 373 465 387 467 387 467 373 465 374 468 387 467 374 468 386 469 386 469 374 468 375 470 386 469 375 470 385 471 385 471 375 470 376 472 385 471 376 472 384 473 384 473 376 472 383 474 383 474 376 472 377 475 383 474 377 475 382 476 382 476 377 475 379 477 382 476 379 477 380 478 377 475 378 479 379 477 380 478 381 480 382 476 451 390 406 392 450 481 450 481 406 392 407 482 450 481 407 482 449 483 449 483 407 482 408 484 449 483 408 484 448 485 448 485 408 484 409 486 448 485 409 486 447 487 447 487 409 486 410 488 447 487 410 488 446 489 446 489 410 488 411 490 446 489 411 490 445 491 445 491 411 490 412 492 445 491 412 492 444 493 444 493 412 492 413 494 444 493 413 494 443 495 443 495 413 494 414 496 443 495 414 496 442 497 442 497 414 496 415 498 442 497 415 498 441 499 441 499 415 498 416 500 441 499 416 500 440 501 440 501 416 500 417 502 440 501 417 502 439 503 439 503 417 502 418 504 439 503 418 504 438 505 438 505 418 504 419 506 438 505 419 506 437 507 437 507 419 506 420 508 437 507 420 508 436 509 436 509 420 508 421 510 436 509 421 510 435 511 435 511 421 510 422 512 435 511 422 512 434 513 434 513 422 512 423 514 434 513 423 514 433 515 433 515 423 514 424 516 433 515 424 516 432 517 432 517 424 516 425 518 432 517 425 518 431 519 431 519 425 518 426 520 431 519 426 520 428 521 428 521 426 520 427 522 428 521 429 523 431 519 431 519 429 523 430 524 500 381 455 383 499 525 499 525 455 383 456 526 499 525 456 526 498 527 498 527 456 526 497 528 497 528 456 526 457 529 497 528 457 529 496 530 496 530 457 529 495 531 495 531 457 529 458 532 495 531 458 532 494 533 494 533 458 532 493 534 493 534 458 532 459 535 493 534 459 535 492 536 492 536 459 535 491 537 491 537 459 535 460 538 491 537 460 538 490 539 490 539 460 538 461 540 490 539 461 540 489 541 489 541 461 540 462 542 489 541 462 542 463 543 489 541 463 543 488 544 488 544 463 543 464 545 488 544 464 545 487 546 487 546 464 545 465 547 487 546 465 547 466 548 487 546 466 548 486 549 486 549 466 548 467 550 486 549 467 550 485 551 485 551 467 550 468 552 485 551 468 552 484 553 484 553 468 552 469 554 484 553 469 554 470 555 484 553 470 555 483 556 483 556 470 555 471 557 483 556 471 557 482 558 482 558 471 557 472 559 482 558 472 559 481 560 481 560 472 559 473 561 481 560 473 561 474 562 481 560 474 562 480 563 480 563 474 562 475 564 480 563 475 564 478 565 478 565 475 564 477 566 477 566 475 564 476 567 478 565 479 568 480 563 549 371 504 373 548 569 548 569 504 373 505 570 548 569 505 570 547 571 547 571 505 570 546 572 546 572 505 570 545 573 545 573 505 570 506 574 545 573 506 574 544 575 544 575 506 574 543 576 543 576 506 574 542 577 542 577 506 574 507 578 542 577 507 578 541 579 541 579 507 578 540 580 540 580 507 578 539 581 539 581 507 578 508 582 539 581 508 582 538 583 538 583 508 582 509 584 538 583 509 584 537 585 537 585 509 584 510 586 537 585 510 586 536 587 536 587 510 586 511 588 536 587 511 588 535 589 535 589 511 588 512 590 535 589 512 590 534 591 534 591 512 590 513 592 534 591 513 592 514 593 534 591 514 593 533 594 533 594 514 593 515 595 533 594 515 595 516 596 533 594 516 596 532 597 532 597 516 596 517 598 532 597 517 598 518 599 532 597 518 599 531 600 531 600 518 599 519 601 531 600 519 601 520 602 531 600 520 602 530 603 530 603 520 602 521 604 530 603 521 604 522 605 530 603 522 605 529 606 529 606 522 605 523 607 529 606 523 607 527 608 527 608 523 607 526 609 526 609 523 607 524 610 526 609 524 610 525 611 527 608 528 612 529 606 554 613 597 614 553 370 553 370 597 614 8 615 553 370 8 615 7 314 555 616 595 617 554 613 554 613 595 617 596 618 554 613 596 618 597 614 556 619 591 620 555 616 555 616 591 620 592 621 555 616 592 621 593 622 557 623 588 624 556 619 556 619 588 624 589 625 556 619 589 625 590 626 558 627 585 628 557 623 557 623 585 628 586 629 557 623 586 629 587 630 585 628 558 627 584 631 584 631 558 627 559 632 584 631 559 632 583 633 583 633 559 632 560 634 583 633 560 634 582 635 582 635 560 634 561 636 582 635 561 636 562 637 582 635 562 637 581 638 581 638 562 637 563 639 581 638 563 639 564 640 581 638 564 640 580 641 580 641 564 640 565 642 580 641 565 642 566 643 566 643 567 644 580 641 580 641 567 644 579 645 579 645 567 644 568 646 579 645 568 646 569 647 579 645 569 647 578 648 578 648 569 647 570 649 578 648 570 649 571 650 578 648 571 650 576 651 576 651 571 650 572 652 576 651 572 652 575 653 575 653 572 652 573 654 575 653 573 654 574 655 576 651 577 656 578 648 587 630 588 624 557 623 590 626 591 620 556 619 593 622 594 657 555 616 555 616 594 657 595 617 597 614 598 658 8 615 8 615 598 658 599 659 8 615 599 659 600 660 600 660 601 661 8 615 8 615 601 661 602 662 8 615 602 662 603 663 604 664 644 665 603 663 603 663 644 665 645 666 603 663 645 666 646 667 605 668 642 669 604 664 604 664 642 669 643 670 604 664 643 670 644 665 606 671 639 672 605 668 605 668 639 672 640 673 605 668 640 673 641 674 607 675 637 676 606 671 606 671 637 676 638 677 606 671 638 677 639 672 608 678 633 679 607 675 607 675 633 679 634 680 607 675 634 680 635 681 609 682 631 683 608 678 608 678 631 683 632 684 608 678 632 684 633 679 631 683 609 682 630 685 630 685 609 682 610 686 630 685 610 686 611 687 630 685 611 687 629 688 629 688 611 687 612 689 629 688 612 689 613 690 629 688 613 690 628 691 628 691 613 690 614 692 628 691 614 692 615 693 615 693 616 694 628 691 628 691 616 694 617 695 628 691 617 695 627 696 627 696 617 695 618 697 627 696 618 697 619 698 627 696 619 698 625 699 625 699 619 698 620 700 625 699 620 700 621 701 625 699 621 701 624 702 624 702 621 701 622 703 624 702 622 703 623 704 625 699 626 705 627 696 635 681 636 706 607 675 607 675 636 706 637 676 641 674 642 669 605 668 603 663 646 667 9 707 9 707 646 667 647 708 9 707 647 708 648 709 648 709 649 710 9 707 9 707 649 710 650 711 9 707 650 711 10 712 10 712 650 711 651 713 10 712 651 713 652 714 653 715 694 716 652 714 652 714 694 716 11 717 652 714 11 717 10 712 694 716 653 715 693 718 693 718 653 715 654 719 693 718 654 719 692 720 692 720 654 719 691 721 691 721 654 719 655 722 691 721 655 722 690 723 690 723 655 722 689 724 689 724 655 722 656 725 689 724 656 725 688 726 688 726 656 725 687 727 687 727 656 725 657 728 687 727 657 728 686 729 686 729 657 728 658 730 686 729 658 730 685 731 685 731 658 730 684 732 684 732 658 730 683 733 683 733 658 730 682 734 682 734 658 730 681 735 681 735 658 730 659 736 681 735 659 736 680 737 680 737 659 736 679 738 679 738 659 736 660 739 679 738 660 739 678 740 678 740 660 739 661 741 678 740 661 741 662 742 678 740 662 742 677 743 677 743 662 742 663 744 677 743 663 744 664 745 664 745 665 746 677 743 677 743 665 746 666 747 677 743 666 747 667 748 667 748 668 749 677 743 677 743 668 749 676 750 676 750 668 749 674 751 676 750 674 751 675 752 668 749 669 753 674 751 674 751 669 753 670 754 674 751 670 754 673 755 673 755 670 754 671 756 673 755 671 756 672 757 694 716 695 758 11 717 11 717 695 758 696 759 11 717 696 759 12 760 12 760 696 759 697 761 12 760 697 761 698 762 698 762 699 763 12 760 12 760 699 763 13 764 13 764 699 763 700 765 13 764 700 765 701 766 13 764 701 766 14 767 14 767 701 766 702 768 14 767 702 768 743 769 743 769 702 768 742 770 742 770 702 768 703 771 742 770 703 771 741 772 741 772 703 771 704 773 741 772 704 773 740 774 740 774 704 773 705 775 740 774 705 775 739 776 739 776 705 775 706 777 739 776 706 777 738 778 738 778 706 777 707 779 738 778 707 779 737 780 737 780 707 779 708 781 737 780 708 781 736 782 736 782 708 781 709 783 736 782 709 783 735 784 735 784 709 783 710 785 735 784 710 785 734 786 734 786 710 785 733 787 733 787 710 785 732 788 732 788 710 785 731 789 731 789 710 785 714 790 731 789 714 790 730 791 730 791 714 790 715 792 730 791 715 792 729 793 729 793 715 792 716 794 729 793 716 794 728 795 728 795 716 794 717 796 728 795 717 796 727 797 727 797 717 796 718 798 727 797 718 798 726 799 726 799 718 798 719 800 726 799 719 800 722 801 722 801 719 800 720 802 722 801 720 802 721 803 710 785 711 804 714 790 714 790 711 804 713 805 713 805 711 804 712 806 722 801 723 807 726 799 726 799 723 807 725 808 725 808 723 807 724 809 743 769 744 810 14 767 14 767 744 810 15 811 15 811 744 810 745 812 15 811 745 812 16 813 16 813 745 812 746 814 16 813 746 814 747 815 747 815 748 816 16 813 16 813 748 816 749 817 16 813 749 817 17 818 17 818 749 817 750 819 17 818 750 819 751 820 752 821 792 822 751 820 751 820 792 822 793 823 751 820 793 823 18 824 18 824 793 823 794 825 18 824 794 825 19 826 19 826 794 825 795 827 19 826 795 827 796 828 792 822 752 821 791 829 791 829 752 821 753 830 791 829 753 830 754 831 791 829 754 831 790 832 790 832 754 831 755 833 790 832 755 833 756 834 790 832 756 834 789 835 789 835 756 834 757 836 789 835 757 836 758 837 789 835 758 837 788 838 788 838 758 837 759 839 788 838 759 839 787 840 787 840 759 839 760 841 787 840 760 841 761 842 761 842 762 843 787 840 787 840 762 843 763 844 787 840 763 844 764 845 787 840 764 845 786 846 786 846 764 845 765 847 786 846 765 847 766 848 786 846 766 848 785 849 785 849 766 848 767 850 785 849 767 850 784 851 784 851 767 850 783 852 783 852 767 850 768 853 783 852 768 853 782 854 782 854 768 853 781 855 781 855 768 853 780 856 780 856 768 853 779 857 779 857 768 853 778 858 778 858 768 853 777 859 777 859 768 853 769 860 777 859 769 860 771 861 771 861 769 860 770 862 772 863 775 864 771 861 771 861 775 864 776 865 771 861 776 865 777 859 773 866 774 867 772 863 772 863 774 867 775 864 796 828 797 868 19 826 19 826 797 868 798 869 19 826 798 869 799 870 800 871 842 872 799 870 799 870 842 872 20 873 799 870 20 873 19 826 800 871 801 874 842 872 842 872 801 874 841 875 841 875 801 874 802 876 841 875 802 876 803 877 841 875 803 877 840 878 840 878 803 877 804 879 840 878 804 879 805 880 805 880 806 881 840 878 840 878 806 881 839 882 839 882 806 881 807 883 839 882 807 883 808 884 839 882 808 884 838 885 838 885 808 884 809 886 838 885 809 886 810 887 810 887 811 888 838 885 838 885 811 888 812 889 838 885 812 889 837 890 837 890 812 889 813 891 837 890 813 891 814 892 837 890 814 892 836 893 836 893 814 892 815 894 836 893 815 894 835 895 835 895 815 894 834 896 834 896 815 894 816 897 834 896 816 897 833 898 833 898 816 897 832 899 832 899 816 897 817 900 832 899 817 900 831 901 831 901 817 900 830 902 830 902 817 900 829 903 829 903 817 900 828 904 828 904 817 900 818 905 828 904 818 905 827 906 827 906 818 905 826 907 826 907 818 905 820 908 826 907 820 908 825 909 825 909 820 908 824 910 824 910 820 908 821 911 824 910 821 911 823 912 823 912 821 911 822 913 818 905 819 914 820 908 842 872 843 915 20 873 20 873 843 915 844 916 20 873 844 916 845 917 845 917 846 918 20 873 20 873 846 918 847 919 20 873 847 919 21 920 21 920 847 919 848 921 21 920 848 921 892 922 892 922 848 921 891 923 891 923 848 921 849 924 891 923 849 924 850 925 891 923 850 925 890 926 890 926 850 925 851 927 890 926 851 927 852 928 852 928 853 929 890 926 890 926 853 929 854 930 890 926 854 930 889 931 889 931 854 930 855 932 889 931 855 932 856 933 856 933 857 934 889 931 889 931 857 934 888 935 888 935 857 934 858 936 888 935 858 936 859 937 859 937 860 938 888 935 888 935 860 938 887 939 887 939 860 938 861 940 887 939 861 940 886 941 886 941 861 940 862 942 886 941 862 942 885 943 885 943 862 942 863 944 885 943 863 944 884 945 884 945 863 944 883 946 883 946 863 944 864 947 883 946 864 947 882 948 882 948 864 947 881 949 881 949 864 947 865 950 881 949 865 950 880 951 880 951 865 950 879 952 879 952 865 950 878 953 878 953 865 950 866 954 878 953 866 954 877 955 877 955 866 954 876 956 876 956 866 954 867 957 876 956 867 957 875 958 875 958 867 957 874 959 874 959 867 957 869 960 874 959 869 960 873 961 873 961 869 960 870 962 873 961 870 962 872 963 872 963 870 962 871 964 867 957 868 965 869 960 892 922 893 966 21 920 21 920 893 966 894 967 21 920 894 967 1139 968 1139 968 894 967 1138 969 1138 969 894 967 895 970 1138 969 895 970 1137 971 1137 971 895 970 896 972 1137 971 896 972 1092 973 1092 973 896 972 941 974 1092 973 941 974 1091 975 1091 975 941 974 942 976 1091 975 942 976 1090 977 1090 977 942 976 943 978 1090 977 943 978 1089 979 1089 979 943 978 944 980 1089 979 944 980 1088 981 1088 981 944 980 945 982 1088 981 945 982 1043 983 1043 983 945 982 990 984 1043 983 990 984 1042 985 1042 985 990 984 991 986 1042 985 991 986 1041 987 1041 987 991 986 992 988 1041 987 992 988 1040 989 1040 989 992 988 1039 990 1039 990 992 988 993 991 1039 990 993 991 994 992 896 972 897 993 941 974 941 974 897 993 940 994 940 994 897 993 898 995 940 994 898 995 899 996 899 996 900 997 940 994 940 994 900 997 939 998 939 998 900 997 901 999 939 998 901 999 902 1000 902 1000 903 1001 939 998 939 998 903 1001 938 1002 938 1002 903 1001 904 1003 938 1002 904 1003 905 1004 905 1004 906 1005 938 1002 938 1002 906 1005 937 1006 937 1006 906 1005 907 1007 937 1006 907 1007 936 1008 936 1008 907 1007 908 1009 936 1008 908 1009 935 1010 935 1010 908 1009 909 1011 935 1010 909 1011 934 1012 934 1012 909 1011 910 1013 934 1012 910 1013 933 1014 933 1014 910 1013 911 1015 933 1014 911 1015 932 1016 932 1016 911 1015 931 1017 931 1017 911 1015 912 1018 931 1017 912 1018 930 1019 930 1019 912 1018 929 1020 929 1020 912 1018 913 1021 929 1020 913 1021 928 1022 928 1022 913 1021 927 1023 927 1023 913 1021 914 1024 927 1023 914 1024 926 1025 926 1025 914 1024 925 1026 925 1026 914 1024 915 1027 925 1026 915 1027 924 1028 924 1028 915 1027 923 1029 923 1029 915 1027 916 1030 923 1029 916 1030 922 1031 922 1031 916 1030 918 1032 922 1031 918 1032 919 1033 916 1030 917 1034 918 1032 920 1035 921 1036 919 1033 919 1033 921 1036 922 1031 945 982 946 1037 990 984 990 984 946 1037 989 1038 989 1038 946 1037 947 1039 989 1038 947 1039 948 1040 989 1038 948 1040 988 1041 988 1041 948 1040 949 1042 988 1041 949 1042 950 1043 988 1041 950 1043 987 1044 987 1044 950 1043 951 1045 987 1044 951 1045 952 1046 987 1044 952 1046 986 1047 986 1047 952 1046 953 1048 986 1047 953 1048 954 1049 986 1047 954 1049 985 1050 985 1050 954 1049 955 1051 985 1050 955 1051 984 1052 984 1052 955 1051 956 1053 984 1052 956 1053 983 1054 983 1054 956 1053 982 1055 982 1055 956 1053 957 1056 982 1055 957 1056 981 1057 981 1057 957 1056 958 1058 981 1057 958 1058 980 1059 980 1059 958 1058 979 1060 979 1060 958 1058 959 1061 979 1060 959 1061 978 1062 978 1062 959 1061 960 1063 978 1062 960 1063 977 1064 977 1064 960 1063 961 1065 977 1064 961 1065 976 1066 976 1066 961 1065 975 1067 975 1067 961 1065 962 1068 975 1067 962 1068 974 1069 974 1069 962 1068 963 1070 974 1069 963 1070 973 1071 973 1071 963 1070 964 1072 973 1071 964 1072 972 1073 972 1073 964 1072 971 1074 971 1074 964 1072 965 1075 971 1074 965 1075 970 1076 970 1076 965 1075 967 1077 970 1076 967 1077 968 1078 965 1075 966 1079 967 1077 968 1078 969 1080 970 1076 1039 990 994 992 1038 1081 1038 1081 994 992 995 1082 1038 1081 995 1082 1037 1083 1037 1083 995 1082 996 1084 1037 1083 996 1084 1036 1085 1036 1085 996 1084 997 1086 1036 1085 997 1086 1035 1087 1035 1087 997 1086 998 1088 1035 1087 998 1088 1034 1089 1034 1089 998 1088 999 1090 1034 1089 999 1090 1033 1091 1033 1091 999 1090 1000 1092 1033 1091 1000 1092 1032 1093 1032 1093 1000 1092 1001 1094 1032 1093 1001 1094 1031 1095 1031 1095 1001 1094 1002 1096 1031 1095 1002 1096 1030 1097 1030 1097 1002 1096 1003 1098 1030 1097 1003 1098 1029 1099 1029 1099 1003 1098 1004 1100 1029 1099 1004 1100 1028 1101 1028 1101 1004 1100 1005 1102 1028 1101 1005 1102 1027 1103 1027 1103 1005 1102 1006 1104 1027 1103 1006 1104 1026 1105 1026 1105 1006 1104 1007 1106 1026 1105 1007 1106 1025 1107 1025 1107 1007 1106 1008 1108 1025 1107 1008 1108 1024 1109 1024 1109 1008 1108 1009 1110 1024 1109 1009 1110 1023 1111 1023 1111 1009 1110 1010 1112 1023 1111 1010 1112 1022 1113 1022 1113 1010 1112 1011 1114 1022 1113 1011 1114 1021 1115 1021 1115 1011 1114 1012 1116 1021 1115 1012 1116 1020 1117 1020 1117 1012 1116 1013 1118 1020 1117 1013 1118 1019 1119 1019 1119 1013 1118 1014 1120 1019 1119 1014 1120 1016 1121 1016 1121 1014 1120 1015 1122 1016 1121 1017 1123 1019 1119 1019 1119 1017 1123 1018 1124 1088 981 1043 983 1087 1125 1087 1125 1043 983 1044 1126 1087 1125 1044 1126 1086 1127 1086 1127 1044 1126 1085 1128 1085 1128 1044 1126 1045 1129 1085 1128 1045 1129 1084 1130 1084 1130 1045 1129 1083 1131 1083 1131 1045 1129 1046 1132 1083 1131 1046 1132 1082 1133 1082 1133 1046 1132 1081 1134 1081 1134 1046 1132 1047 1135 1081 1134 1047 1135 1080 1136 1080 1136 1047 1135 1079 1137 1079 1137 1047 1135 1048 1138 1079 1137 1048 1138 1078 1139 1078 1139 1048 1138 1049 1140 1078 1139 1049 1140 1077 1141 1077 1141 1049 1140 1050 1142 1077 1141 1050 1142 1051 1143 1077 1141 1051 1143 1076 1144 1076 1144 1051 1143 1052 1145 1076 1144 1052 1145 1075 1146 1075 1146 1052 1145 1053 1147 1075 1146 1053 1147 1054 1148 1075 1146 1054 1148 1074 1149 1074 1149 1054 1148 1055 1150 1074 1149 1055 1150 1073 1151 1073 1151 1055 1150 1056 1152 1073 1151 1056 1152 1072 1153 1072 1153 1056 1152 1057 1154 1072 1153 1057 1154 1058 1155 1072 1153 1058 1155 1071 1156 1071 1156 1058 1155 1059 1157 1071 1156 1059 1157 1070 1158 1070 1158 1059 1157 1060 1159 1070 1158 1060 1159 1069 1160 1069 1160 1060 1159 1061 1161 1069 1160 1061 1161 1062 1162 1069 1160 1062 1162 1068 1163 1068 1163 1062 1162 1063 1164 1068 1163 1063 1164 1066 1165 1066 1165 1063 1164 1065 1166 1065 1166 1063 1164 1064 1167 1066 1165 1067 1168 1068 1163 1137 971 1092 973 1136 1169 1136 1169 1092 973 1093 1170 1136 1169 1093 1170 1135 1171 1135 1171 1093 1170 1134 1172 1134 1172 1093 1170 1133 1173 1133 1173 1093 1170 1094 1174 1133 1173 1094 1174 1132 1175 1132 1175 1094 1174 1131 1176 1131 1176 1094 1174 1130 1177 1130 1177 1094 1174 1095 1178 1130 1177 1095 1178 1129 1179 1129 1179 1095 1178 1128 1180 1128 1180 1095 1178 1127 1181 1127 1181 1095 1178 1096 1182 1127 1181 1096 1182 1126 1183 1126 1183 1096 1182 1097 1184 1126 1183 1097 1184 1125 1185 1125 1185 1097 1184 1098 1186 1125 1185 1098 1186 1124 1187 1124 1187 1098 1186 1099 1188 1124 1187 1099 1188 1123 1189 1123 1189 1099 1188 1100 1190 1123 1189 1100 1190 1122 1191 1122 1191 1100 1190 1101 1192 1122 1191 1101 1192 1102 1193 1122 1191 1102 1193 1121 1194 1121 1194 1102 1193 1103 1195 1121 1194 1103 1195 1104 1196 1121 1194 1104 1196 1120 1197 1120 1197 1104 1196 1105 1198 1120 1197 1105 1198 1106 1199 1120 1197 1106 1199 1119 1200 1119 1200 1106 1199 1107 1201 1119 1200 1107 1201 1108 1202 1119 1200 1108 1202 1118 1203 1118 1203 1108 1202 1109 1204 1118 1203 1109 1204 1110 1205 1118 1203 1110 1205 1117 1206 1117 1206 1110 1205 1111 1207 1117 1206 1111 1207 1115 1208 1115 1208 1111 1207 1114 1209 1114 1209 1111 1207 1112 1210 1114 1209 1112 1210 1113 1211 1115 1208 1116 1212 1117 1206 1139 968 1140 1213 21 920 21 920 1140 1213 1141 1214 21 920 1141 1214 1185 1215 1185 1215 1141 1214 1142 1216 1185 1215 1142 1216 1184 1217 1184 1217 1142 1216 1183 1218 1183 1218 1142 1216 1143 1219 1183 1218 1143 1219 1182 1220 1182 1220 1143 1219 1181 1221 1181 1221 1143 1219 1180 1222 1180 1222 1143 1219 1179 1223 1179 1223 1143 1219 1144 1224 1179 1223 1144 1224 1178 1225 1178 1225 1144 1224 1177 1226 1177 1226 1144 1224 1176 1227 1176 1227 1144 1224 1145 1228 1176 1227 1145 1228 1175 1229 1175 1229 1145 1228 1174 1230 1174 1230 1145 1228 1173 1231 1173 1231 1145 1228 1146 1232 1173 1231 1146 1232 1172 1233 1172 1233 1146 1232 1147 1234 1172 1233 1147 1234 1171 1235 1171 1235 1147 1234 1148 1236 1171 1235 1148 1236 1170 1237 1170 1237 1148 1236 1149 1238 1170 1237 1149 1238 1150 1239 1170 1237 1150 1239 1169 1240 1169 1240 1150 1239 1151 1241 1169 1240 1151 1241 1152 1242 1169 1240 1152 1242 1168 1243 1168 1243 1152 1242 1153 1244 1168 1243 1153 1244 1154 1245 1154 1245 1155 1246 1168 1243 1168 1243 1155 1246 1167 1247 1167 1247 1155 1246 1156 1248 1167 1247 1156 1248 1157 1249 1167 1247 1157 1249 1166 1250 1166 1250 1157 1249 1158 1251 1166 1250 1158 1251 1159 1252 1166 1250 1159 1252 1164 1253 1164 1253 1159 1252 1160 1254 1164 1253 1160 1254 1163 1255 1163 1255 1160 1254 1161 1256 1163 1255 1161 1256 1162 1257 1164 1253 1165 1258 1166 1250 1185 1215 1186 1259 21 920 21 920 1186 1259 1187 1260 21 920 1187 1260 1188 1261 21 920 1188 1261 22 1262 22 1262 1188 1261 1189 1263 22 1262 1189 1263 1190 1264 1190 1264 1191 1265 22 1262 22 1262 1191 1265 1234 1266 22 1262 1234 1266 1235 1267 1192 1268 1232 1269 1191 1265 1191 1265 1232 1269 1233 1270 1191 1265 1233 1270 1234 1266 1193 1271 1230 1272 1192 1268 1192 1268 1230 1272 1231 1273 1192 1268 1231 1273 1232 1269 1194 1274 1227 1275 1193 1271 1193 1271 1227 1275 1228 1276 1193 1271 1228 1276 1229 1277 1195 1278 1225 1279 1194 1274 1194 1274 1225 1279 1226 1280 1194 1274 1226 1280 1227 1275 1196 1281 1221 1282 1195 1278 1195 1278 1221 1282 1222 1283 1195 1278 1222 1283 1223 1284 1197 1285 1219 1286 1196 1281 1196 1281 1219 1286 1220 1287 1196 1281 1220 1287 1221 1282 1219 1286 1197 1285 1218 1288 1218 1288 1197 1285 1198 1289 1218 1288 1198 1289 1199 1290 1218 1288 1199 1290 1217 1291 1217 1291 1199 1290 1200 1292 1217 1291 1200 1292 1201 1293 1217 1291 1201 1293 1216 1294 1216 1294 1201 1293 1202 1295 1216 1294 1202 1295 1203 1296 1203 1296 1204 1297 1216 1294 1216 1294 1204 1297 1205 1298 1216 1294 1205 1298 1215 1299 1215 1299 1205 1298 1206 1300 1215 1299 1206 1300 1207 1301 1215 1299 1207 1301 1213 1302 1213 1302 1207 1301 1208 1303 1213 1302 1208 1303 1209 1304 1213 1302 1209 1304 1212 1305 1212 1305 1209 1304 1210 1306 1212 1305 1210 1306 1211 1307 1213 1302 1214 1308 1215 1299 1223 1284 1224 1309 1195 1278 1195 1278 1224 1309 1225 1279 1229 1277 1230 1272 1193 1271 22 1262 1235 1267 23 1310 23 1310 1235 1267 1236 1311 23 1310 1236 1311 1237 1312 1237 1312 156 1313 23 1310 23 1310 156 1313 112 162 23 1310 112 162 24 1314 24 1314 112 162 25 1315 25 1315 112 162 26 1316 26 1316 112 162 55 206 26 1316 55 206 0 212 18 824 17 818 751 820 9 707 8 615 603 663 104 168 103 1317 115 160 115 160 103 1317 102 1318 115 160 102 1318 101 161 1238 1319 1239 1320 1063 1321 1063 1321 1239 1320 1064 1322 1240 1323 1238 1324 1062 1325 1062 1325 1238 1324 1063 1326 1241 1327 1240 1328 1061 1329 1061 1329 1240 1328 1062 1330 1242 1331 1241 1332 1060 1333 1060 1333 1241 1332 1061 1334 1243 1335 1242 1336 1059 1337 1059 1337 1242 1336 1060 1338 1244 1339 1243 1340 1058 1341 1058 1341 1243 1340 1059 1342 1245 1343 1244 1344 1057 1345 1057 1345 1244 1344 1058 1346 1246 1347 1245 1348 1056 1349 1056 1349 1245 1348 1057 1350 1247 1351 1246 1352 1055 1353 1055 1353 1246 1352 1056 1354 1248 1355 1247 1356 1054 1357 1054 1357 1247 1356 1055 1358 1249 1359 1248 1360 1053 1361 1053 1361 1248 1360 1054 1362 1250 1363 1249 1364 1052 1365 1052 1365 1249 1364 1053 1366 1251 1367 1250 1368 1051 1369 1051 1369 1250 1368 1052 1370 1252 1371 1251 1372 1050 1373 1050 1373 1251 1372 1051 1374 1253 1375 1252 1376 1049 1377 1049 1377 1252 1376 1050 1378 1254 1379 1253 1380 1048 1381 1048 1381 1253 1380 1049 1382 1255 1383 1254 1384 1047 1385 1047 1385 1254 1384 1048 1386 1256 1387 1255 1388 1046 1389 1046 1389 1255 1388 1047 1390 1257 1391 1256 1392 1045 1393 1045 1393 1256 1392 1046 1394 1258 1395 1257 1396 1044 1397 1044 1397 1257 1396 1045 1398 1259 1399 1258 1400 1043 1401 1043 1401 1258 1400 1044 1402 1260 1403 1259 1404 1042 1405 1042 1405 1259 1404 1043 1406 1261 1407 1260 1408 1041 1409 1041 1409 1260 1408 1042 1410 1262 1411 1261 1412 1040 1413 1040 1413 1261 1412 1041 1414 1263 1415 1262 1416 1039 1417 1039 1417 1262 1416 1040 1418 1264 1419 1263 1420 1038 1421 1038 1421 1263 1420 1039 1422 1265 1423 1264 1424 1037 1425 1037 1425 1264 1424 1038 1426 1266 1427 1265 1428 1036 1429 1036 1429 1265 1428 1037 1430 1267 1431 1266 1432 1035 1433 1035 1433 1266 1432 1036 1434 1268 1435 1267 1436 1034 1437 1034 1437 1267 1436 1035 1438 1269 1439 1268 1440 1033 1441 1033 1441 1268 1440 1034 1442 1270 1443 1269 1444 1032 1445 1032 1445 1269 1444 1033 1446 1271 1447 1270 1448 1031 1449 1031 1449 1270 1448 1032 1450 1272 1451 1271 1452 1030 1453 1030 1453 1271 1452 1031 1454 1273 1455 1272 1456 1029 1457 1029 1457 1272 1456 1030 1458 1274 1459 1273 1460 1028 1461 1028 1461 1273 1460 1029 1462 1275 1463 1274 1464 1027 1465 1027 1465 1274 1464 1028 1466 1276 1467 1275 1468 1026 1469 1026 1469 1275 1468 1027 1470 1277 1471 1276 1472 1025 1473 1025 1473 1276 1472 1026 1474 1278 1475 1277 1476 1024 1477 1024 1477 1277 1476 1025 1478 1279 1479 1278 1480 1023 1481 1023 1481 1278 1480 1024 1482 1280 1483 1279 1484 1022 1485 1022 1485 1279 1484 1023 1486 1281 1487 1280 1488 1021 1489 1021 1489 1280 1488 1022 1490 1282 1491 1281 1492 1020 1493 1020 1493 1281 1492 1021 1494 1283 1495 1282 1496 1019 1497 1019 1497 1282 1496 1020 1498 1284 1499 1283 1500 1018 1501 1018 1501 1283 1500 1019 1502 1015 1503 1285 1504 1016 1505 1016 1505 1285 1504 1286 1506 1016 1505 1286 1506 1017 1507 1017 1507 1286 1506 1287 1508 1017 1507 1287 1508 1018 1509 1018 1509 1287 1508 1284 1510 1288 1511 1285 1512 1014 1513 1014 1513 1285 1512 1015 1514 1289 1515 1288 1516 1013 1517 1013 1517 1288 1516 1014 1518 1290 1519 1289 1520 1012 1521 1012 1521 1289 1520 1013 1522 1291 1523 1290 1524 1011 1525 1011 1525 1290 1524 1012 1526 1292 1527 1291 1528 1010 1529 1010 1529 1291 1528 1011 1530 1293 1531 1292 1532 1009 1533 1009 1533 1292 1532 1010 1534 1294 1535 1293 1536 1008 1537 1008 1537 1293 1536 1009 1538 1295 1539 1294 1540 1007 1541 1007 1541 1294 1540 1008 1542 1296 1543 1295 1544 1006 1545 1006 1545 1295 1544 1007 1546 1297 1547 1296 1548 1005 1549 1005 1549 1296 1548 1006 1550 1298 1551 1297 1552 1004 1553 1004 1553 1297 1552 1005 1554 1299 1555 1298 1556 1003 1557 1003 1557 1298 1556 1004 1558 1300 1559 1299 1560 1002 1561 1002 1561 1299 1560 1003 1562 1301 1563 1300 1564 1001 1565 1001 1565 1300 1564 1002 1566 1302 1567 1301 1568 1000 1569 1000 1569 1301 1568 1001 1570 1303 1571 1302 1572 999 1573 999 1573 1302 1572 1000 1574 1304 1575 1303 1576 998 1577 998 1577 1303 1576 999 1578 1305 1579 1304 1580 997 1581 997 1581 1304 1580 998 1582 1306 1583 1305 1584 996 1585 996 1585 1305 1584 997 1586 1307 1587 1306 1588 995 1589 995 1589 1306 1588 996 1590 1308 1591 1307 1592 994 1593 994 1593 1307 1592 995 1594 1309 1595 1308 1596 993 1597 993 1597 1308 1596 994 1598 1310 1599 1309 1600 992 1601 992 1601 1309 1600 993 1602 1311 1603 1310 1604 991 1605 991 1605 1310 1604 992 1606 1312 1607 1311 1608 990 1609 990 1609 1311 1608 991 1610 1313 1611 1312 1612 989 1613 989 1613 1312 1612 990 1614 1314 1615 1313 1616 988 1617 988 1617 1313 1616 989 1618 1315 1619 1314 1620 987 1621 987 1621 1314 1620 988 1622 1316 1623 1315 1624 986 1625 986 1625 1315 1624 987 1626 1317 1627 1316 1628 985 1629 985 1629 1316 1628 986 1630 1318 1631 1317 1632 984 1633 984 1633 1317 1632 985 1634 1319 1635 1318 1636 983 1637 983 1637 1318 1636 984 1638 1320 1639 1319 1640 982 1641 982 1641 1319 1640 983 1642 1321 1643 1320 1644 981 1645 981 1645 1320 1644 982 1646 1322 1647 1321 1648 980 1649 980 1649 1321 1648 981 1650 1323 1651 1322 1652 979 1653 979 1653 1322 1652 980 1654 1324 1655 1323 1656 978 1657 978 1657 1323 1656 979 1658 1325 1659 1324 1660 977 1661 977 1661 1324 1660 978 1662 1326 1663 1325 1664 976 1665 976 1665 1325 1664 977 1666 1327 1667 1326 1668 975 1669 975 1669 1326 1668 976 1670 1328 1671 1327 1672 974 1673 974 1673 1327 1672 975 1674 1329 1675 1328 1676 973 1677 973 1677 1328 1676 974 1678 1330 1679 1329 1680 972 1681 972 1681 1329 1680 973 1682 1331 1683 1330 1684 971 1685 971 1685 1330 1684 972 1686 1332 1687 1331 1688 970 1689 970 1689 1331 1688 971 1690 1333 1691 1332 1692 969 1693 969 1693 1332 1692 970 1694 966 1695 1334 1696 967 1697 967 1697 1334 1696 1335 1698 967 1697 1335 1698 968 1699 968 1699 1335 1698 1336 1700 968 1699 1336 1700 969 1701 969 1701 1336 1700 1333 1702 1337 1703 1334 1704 965 1705 965 1705 1334 1704 966 1706 1338 1707 1337 1708 964 1709 964 1709 1337 1708 965 1710 1339 1711 1338 1712 963 1713 963 1713 1338 1712 964 1714 1340 1715 1339 1716 962 1717 962 1717 1339 1716 963 1718 1341 1719 1340 1720 961 1721 961 1721 1340 1720 962 1722 1342 1723 1341 1724 960 1725 960 1725 1341 1724 961 1726 1343 1727 1342 1728 959 1729 959 1729 1342 1728 960 1730 1344 1731 1343 1732 958 1733 958 1733 1343 1732 959 1734 1345 1735 1344 1736 957 1737 957 1737 1344 1736 958 1738 1346 1739 1345 1740 956 1741 956 1741 1345 1740 957 1742 1347 1743 1346 1744 955 1745 955 1745 1346 1744 956 1746 1348 1747 1347 1748 954 1749 954 1749 1347 1748 955 1750 1349 1751 1348 1752 953 1753 953 1753 1348 1752 954 1754 1350 1755 1349 1756 952 1757 952 1757 1349 1756 953 1758 1351 1759 1350 1760 951 1761 951 1761 1350 1760 952 1762 1352 1763 1351 1764 950 1765 950 1765 1351 1764 951 1766 1353 1767 1352 1768 949 1769 949 1769 1352 1768 950 1770 1354 1771 1353 1772 948 1773 948 1773 1353 1772 949 1774 1355 1775 1354 1776 947 1777 947 1777 1354 1776 948 1778 1356 1779 1355 1780 946 1781 946 1781 1355 1780 947 1782 1357 1783 1356 1784 945 1785 945 1785 1356 1784 946 1786 1358 1787 1357 1788 944 1789 944 1789 1357 1788 945 1790 1359 1791 1358 1792 943 1793 943 1793 1358 1792 944 1794 1360 1795 1359 1796 942 1797 942 1797 1359 1796 943 1798 1361 1799 1360 1800 941 1801 941 1801 1360 1800 942 1802 1362 1803 1361 1804 940 1805 940 1805 1361 1804 941 1806 1363 1807 1362 1808 939 1809 939 1809 1362 1808 940 1810 1364 1811 1363 1812 938 1813 938 1813 1363 1812 939 1814 1365 1815 1364 1816 937 1817 937 1817 1364 1816 938 1818 1366 1819 1365 1820 936 1821 936 1821 1365 1820 937 1822 1367 1823 1366 1824 935 1825 935 1825 1366 1824 936 1826 1368 1827 1367 1828 934 1829 934 1829 1367 1828 935 1830 1369 1831 1368 1832 933 1833 933 1833 1368 1832 934 1834 1370 1835 1369 1836 932 1837 932 1837 1369 1836 933 1838 1371 1839 1370 1840 931 1841 931 1841 1370 1840 932 1842 1372 1843 1371 1844 930 1845 930 1845 1371 1844 931 1846 1373 1847 1372 1848 929 1849 929 1849 1372 1848 930 1850 1374 1851 1373 1852 928 1853 928 1853 1373 1852 929 1854 1375 1855 1374 1856 927 1857 927 1857 1374 1856 928 1858 1376 1859 1375 1860 926 1861 926 1861 1375 1860 927 1862 1377 1863 1376 1864 925 1865 925 1865 1376 1864 926 1866 1378 1867 1377 1868 924 1869 924 1869 1377 1868 925 1870 1379 1871 1378 1872 923 1873 923 1873 1378 1872 924 1874 1380 1875 1379 1876 922 1877 922 1877 1379 1876 923 1878 1381 1879 1380 1880 921 1881 921 1881 1380 1880 922 1882 1382 1883 1381 1884 920 1885 920 1885 1381 1884 921 1886 917 1887 1383 1888 918 1889 918 1889 1383 1888 1384 1890 918 1889 1384 1890 919 1891 919 1891 1384 1890 1385 1892 919 1891 1385 1892 920 1893 920 1893 1385 1892 1382 1894 1386 1895 1383 1896 916 1897 916 1897 1383 1896 917 1898 1387 1899 1386 1900 915 1901 915 1901 1386 1900 916 1902 1388 1903 1387 1904 914 1905 914 1905 1387 1904 915 1906 1389 1907 1388 1908 913 1909 913 1909 1388 1908 914 1910 1390 1911 1389 1912 912 1913 912 1913 1389 1912 913 1914 1391 1915 1390 1916 911 1917 911 1917 1390 1916 912 1918 1392 1919 1391 1920 910 1921 910 1921 1391 1920 911 1922 1393 1923 1392 1924 909 1925 909 1925 1392 1924 910 1926 1394 1927 1393 1928 908 1929 908 1929 1393 1928 909 1930 1395 1931 1394 1932 907 1933 907 1933 1394 1932 908 1934 1396 1935 1395 1936 906 1937 906 1937 1395 1936 907 1938 1397 1939 1396 1940 905 1941 905 1941 1396 1940 906 1942 1398 1943 1397 1944 904 1945 904 1945 1397 1944 905 1946 1399 1947 1398 1948 903 1949 903 1949 1398 1948 904 1950 1400 1951 1399 1952 902 1953 902 1953 1399 1952 903 1954 1401 1955 1400 1956 901 1957 901 1957 1400 1956 902 1958 1402 1959 1401 1960 900 1961 900 1961 1401 1960 901 1962 1403 1963 1402 1964 899 1965 899 1965 1402 1964 900 1966 1404 1967 1403 1968 898 1969 898 1969 1403 1968 899 1970 1405 1971 1404 1972 897 1973 897 1973 1404 1972 898 1974 1406 1975 1405 1976 896 1977 896 1977 1405 1976 897 1978 1407 1979 1406 1980 895 1981 895 1981 1406 1980 896 1982 1408 1983 1407 1984 894 1985 894 1985 1407 1984 895 1986 1409 1987 1408 1988 893 1989 893 1989 1408 1988 894 1990 1410 1991 1409 1992 892 1993 892 1993 1409 1992 893 1994 1411 1995 1410 1996 891 1997 891 1997 1410 1996 892 1998 1412 1999 1411 2000 890 2001 890 2001 1411 2000 891 2002 1413 2003 1412 2004 889 2005 889 2005 1412 2004 890 2006 1414 2007 1413 2008 888 2009 888 2009 1413 2008 889 2010 1415 2011 1414 2012 887 2013 887 2013 1414 2012 888 2014 1416 2015 1415 2016 886 2017 886 2017 1415 2016 887 2018 1417 2019 1416 2020 885 2021 885 2021 1416 2020 886 2022 1418 2023 1417 2024 884 2025 884 2025 1417 2024 885 2026 1419 2027 1418 2028 883 2029 883 2029 1418 2028 884 2030 1420 2031 1419 2032 882 2033 882 2033 1419 2032 883 2034 1421 2035 1420 2036 881 2037 881 2037 1420 2036 882 2038 1422 2039 1421 2040 880 2041 880 2041 1421 2040 881 2042 1423 2043 1422 2044 879 2045 879 2045 1422 2044 880 2046 1424 2047 1423 2048 878 2049 878 2049 1423 2048 879 2050 1425 2051 1424 2052 877 2053 877 2053 1424 2052 878 2054 1426 2055 1425 2056 876 2057 876 2057 1425 2056 877 2058 1427 2059 1426 2060 875 2061 875 2061 1426 2060 876 2062 1428 2063 1427 2064 874 2065 874 2065 1427 2064 875 2066 1429 2067 1428 2068 873 2069 873 2069 1428 2068 874 2070 1430 2071 1429 2072 872 2073 872 2073 1429 2072 873 2074 1431 2075 1430 2076 871 2077 871 2077 1430 2076 872 2078 868 2079 1432 2080 869 2081 869 2081 1432 2080 1433 2082 869 2081 1433 2082 870 2083 870 2083 1433 2082 1434 2084 870 2083 1434 2084 871 2085 871 2085 1434 2084 1431 2086 1435 2087 1432 2088 867 2089 867 2089 1432 2088 868 2090 1436 2091 1435 2092 866 2093 866 2093 1435 2092 867 2094 1437 2095 1436 2096 865 2097 865 2097 1436 2096 866 2098 1438 2099 1437 2100 864 2101 864 2101 1437 2100 865 2102 1439 2103 1438 2104 863 2105 863 2105 1438 2104 864 2106 1440 2107 1439 2108 862 2109 862 2109 1439 2108 863 2110 1441 2111 1440 2112 861 2113 861 2113 1440 2112 862 2114 1442 2115 1441 2116 860 2117 860 2117 1441 2116 861 2118 1443 2119 1442 2120 859 2121 859 2121 1442 2120 860 2122 1444 2123 1443 2124 858 2125 858 2125 1443 2124 859 2126 1445 2127 1444 2128 857 2129 857 2129 1444 2128 858 2130 1446 2131 1445 2132 856 2133 856 2133 1445 2132 857 2134 1447 2135 1446 2136 855 2137 855 2137 1446 2136 856 2138 1448 2139 1447 2140 854 2141 854 2141 1447 2140 855 2142 1449 2143 1448 2144 853 2145 853 2145 1448 2144 854 2146 1450 2147 1449 2148 852 2149 852 2149 1449 2148 853 2150 1451 2151 1450 2152 851 2153 851 2153 1450 2152 852 2154 1452 2155 1451 2156 850 2157 850 2157 1451 2156 851 2158 1453 2159 1452 2160 849 2161 849 2161 1452 2160 850 2162 1454 2163 1453 2164 848 2165 848 2165 1453 2164 849 2166 1455 2167 1454 2168 847 2169 847 2169 1454 2168 848 2170 1456 2171 1455 2172 846 2173 846 2173 1455 2172 847 2174 1457 2175 1456 2176 845 2177 845 2177 1456 2176 846 2178 1458 2179 1457 2180 844 2181 844 2181 1457 2180 845 2182 1459 2183 1458 2184 843 2185 843 2185 1458 2184 844 2186 1460 2187 1459 2188 842 2189 842 2189 1459 2188 843 2190 1461 2191 1460 2192 841 2193 841 2193 1460 2192 842 2194 1462 2195 1461 2196 840 2197 840 2197 1461 2196 841 2198 1463 2199 1462 2200 839 2201 839 2201 1462 2200 840 2202 1464 2203 1463 2204 838 2205 838 2205 1463 2204 839 2206 1465 2207 1464 2208 837 2209 837 2209 1464 2208 838 2210 1466 2211 1465 2212 836 2213 836 2213 1465 2212 837 2214 1467 2215 1466 2216 835 2217 835 2217 1466 2216 836 2218 1468 2219 1467 2220 834 2221 834 2221 1467 2220 835 2222 1469 2223 1468 2224 833 2225 833 2225 1468 2224 834 2226 1470 2227 1469 2228 832 2229 832 2229 1469 2228 833 2230 1471 2231 1470 2232 831 2233 831 2233 1470 2232 832 2234 1472 2235 1471 2236 830 2237 830 2237 1471 2236 831 2238 1473 2239 1472 2240 829 2241 829 2241 1472 2240 830 2242 1474 2243 1473 2244 828 2245 828 2245 1473 2244 829 2246 1475 2247 1474 2248 827 2249 827 2249 1474 2248 828 2250 1476 2251 1475 2252 826 2253 826 2253 1475 2252 827 2254 1477 2255 1476 2256 825 2257 825 2257 1476 2256 826 2258 1478 2259 1477 2260 824 2261 824 2261 1477 2260 825 2262 1479 2263 1478 2264 823 2265 823 2265 1478 2264 824 2266 1480 2267 1479 2268 822 2269 822 2269 1479 2268 823 2270 819 2271 1481 2272 820 2273 820 2273 1481 2272 1482 2274 820 2273 1482 2274 821 2275 821 2275 1482 2274 1483 2276 821 2275 1483 2276 822 2277 822 2277 1483 2276 1480 2278 1484 2279 1481 2280 818 2281 818 2281 1481 2280 819 2282 1485 2283 1484 2284 817 2285 817 2285 1484 2284 818 2286 1486 2287 1485 2288 816 2289 816 2289 1485 2288 817 2290 1487 2291 1486 2292 815 2293 815 2293 1486 2292 816 2294 1488 2295 1487 2296 814 2297 814 2297 1487 2296 815 2298 1489 2299 1488 2300 813 2301 813 2301 1488 2300 814 2302 1490 2303 1489 2304 812 2305 812 2305 1489 2304 813 2306 1491 2307 1490 2308 811 2309 811 2309 1490 2308 812 2310 1492 2311 1491 2312 810 2313 810 2313 1491 2312 811 2314 1493 2315 1492 2316 809 2317 809 2317 1492 2316 810 2318 1494 2319 1493 2320 808 2321 808 2321 1493 2320 809 2322 1495 2323 1494 2324 807 2325 807 2325 1494 2324 808 2326 1496 2327 1495 2328 806 2329 806 2329 1495 2328 807 2330 1497 2331 1496 2332 805 2333 805 2333 1496 2332 806 2334 1498 2335 1497 2336 804 2337 804 2337 1497 2336 805 2338 1499 2339 1498 2340 803 2341 803 2341 1498 2340 804 2342 1500 2343 1499 2344 802 2345 802 2345 1499 2344 803 2346 1501 2347 1500 2348 801 2349 801 2349 1500 2348 802 2350 1502 2351 1501 2352 800 2353 800 2353 1501 2352 801 2354 1503 2355 1502 2356 799 2357 799 2357 1502 2356 800 2358 1504 2359 1503 2360 798 2361 798 2361 1503 2360 799 2362 1505 2363 1504 2364 797 2365 797 2365 1504 2364 798 2366 1506 2367 1505 2368 796 2369 796 2369 1505 2368 797 2370 1507 2371 1506 2372 795 2373 795 2373 1506 2372 796 2374 1508 2375 1507 2376 794 2377 794 2377 1507 2376 795 2378 1509 2379 1508 2380 793 2381 793 2381 1508 2380 794 2382 1510 2383 1509 2384 792 2385 792 2385 1509 2384 793 2386 1511 2387 1510 2388 791 2389 791 2389 1510 2388 792 2390 1512 2391 1511 2392 790 2393 790 2393 1511 2392 791 2394 1513 2395 1512 2396 789 2397 789 2397 1512 2396 790 2398 1514 2399 1513 2400 788 2401 788 2401 1513 2400 789 2402 1515 2403 1514 2404 787 2405 787 2405 1514 2404 788 2406 1516 2407 1515 2408 786 2409 786 2409 1515 2408 787 2410 1517 2411 1516 2412 785 2413 785 2413 1516 2412 786 2414 1518 2415 1517 2416 784 2417 784 2417 1517 2416 785 2418 1519 2419 1518 2420 783 2421 783 2421 1518 2420 784 2422 1520 2423 1519 2424 782 2425 782 2425 1519 2424 783 2426 1521 2427 1520 2428 781 2429 781 2429 1520 2428 782 2430 1522 2431 1521 2432 780 2433 780 2433 1521 2432 781 2434 1523 2435 1522 2436 779 2437 779 2437 1522 2436 780 2438 1524 2439 1523 2440 778 2441 778 2441 1523 2440 779 2442 1525 2443 1524 2444 777 2445 777 2445 1524 2444 778 2446 1526 2447 1525 2448 776 2449 776 2449 1525 2448 777 2450 1527 2451 1526 2452 775 2453 775 2453 1526 2452 776 2454 1528 2455 1527 2456 774 2457 774 2457 1527 2456 775 2458 1529 2459 1528 2460 773 2461 773 2461 1528 2460 774 2462 770 2463 1530 2464 771 2465 771 2465 1530 2464 1531 2466 771 2465 1531 2466 772 2467 772 2467 1531 2466 1532 2468 772 2467 1532 2468 773 2469 773 2469 1532 2468 1529 2470 1533 2471 1530 2472 769 2473 769 2473 1530 2472 770 2474 1534 2475 1533 2476 768 2477 768 2477 1533 2476 769 2478 1535 2479 1534 2480 767 2481 767 2481 1534 2480 768 2482 1536 2483 1535 2484 766 2485 766 2485 1535 2484 767 2486 1537 2487 1536 2488 765 2489 765 2489 1536 2488 766 2490 1538 2491 1537 2492 764 2493 764 2493 1537 2492 765 2494 1539 2495 1538 2496 763 2497 763 2497 1538 2496 764 2498 1540 2499 1539 2500 762 2501 762 2501 1539 2500 763 2502 1541 2503 1540 2504 761 2505 761 2505 1540 2504 762 2506 1542 2507 1541 2508 760 2509 760 2509 1541 2508 761 2510 1543 2511 1542 2512 759 2513 759 2513 1542 2512 760 2514 1544 2515 1543 2516 758 2517 758 2517 1543 2516 759 2518 1545 2519 1544 2520 757 2521 757 2521 1544 2520 758 2522 1546 2523 1545 2524 756 2525 756 2525 1545 2524 757 2526 1547 2527 1546 2528 755 2529 755 2529 1546 2528 756 2530 1548 2531 1547 2532 754 2533 754 2533 1547 2532 755 2534 1549 2535 1548 2536 753 2537 753 2537 1548 2536 754 2538 1550 2539 1549 2540 752 2541 752 2541 1549 2540 753 2542 1551 2543 1550 2544 751 2545 751 2545 1550 2544 752 2546 1552 2547 1551 2548 750 2549 750 2549 1551 2548 751 2550 1553 2551 1552 2552 749 2553 749 2553 1552 2552 750 2554 1554 2555 1553 2556 748 2557 748 2557 1553 2556 749 2558 1555 2559 1554 2560 747 2561 747 2561 1554 2560 748 2562 1556 2563 1555 2564 746 2565 746 2565 1555 2564 747 2566 1557 2567 1556 2568 745 2569 745 2569 1556 2568 746 2570 1558 2571 1557 2572 744 2573 744 2573 1557 2572 745 2574 1559 2575 1558 2576 743 2577 743 2577 1558 2576 744 2578 1560 2579 1559 2580 742 2581 742 2581 1559 2580 743 2582 1561 2583 1560 2584 741 2585 741 2585 1560 2584 742 2586 1562 2587 1561 2588 740 2589 740 2589 1561 2588 741 2590 1563 2591 1562 2592 739 2593 739 2593 1562 2592 740 2594 1564 2595 1563 2596 738 2597 738 2597 1563 2596 739 2598 1565 2599 1564 2600 737 2601 737 2601 1564 2600 738 2602 1566 2603 1565 2604 736 2605 736 2605 1565 2604 737 2606 1567 2607 1566 2608 735 2609 735 2609 1566 2608 736 2610 1568 2611 1567 2612 734 2613 734 2613 1567 2612 735 2614 1569 2615 1568 2616 733 2617 733 2617 1568 2616 734 2618 1570 2619 1569 2620 732 2621 732 2621 1569 2620 733 2622 1571 2623 1570 2624 731 2625 731 2625 1570 2624 732 2626 1572 2627 1571 2628 730 2629 730 2629 1571 2628 731 2630 1573 2631 1572 2632 729 2633 729 2633 1572 2632 730 2634 1574 2635 1573 2636 728 2637 728 2637 1573 2636 729 2638 1575 2639 1574 2640 727 2641 727 2641 1574 2640 728 2642 1576 2643 1575 2644 726 2645 726 2645 1575 2644 727 2646 1577 2647 1576 2648 725 2649 725 2649 1576 2648 726 2650 1578 2651 1577 2652 724 2653 724 2653 1577 2652 725 2654 721 2655 1579 2656 722 2657 722 2657 1579 2656 1580 2658 722 2657 1580 2658 723 2659 723 2659 1580 2658 1581 2660 723 2659 1581 2660 724 2661 724 2661 1581 2660 1578 2662 1582 2663 1579 2664 720 2665 720 2665 1579 2664 721 2666 1583 2667 1582 2668 719 2669 719 2669 1582 2668 720 2670 1584 2671 1583 2672 718 2673 718 2673 1583 2672 719 2674 1585 2675 1584 2676 717 2677 717 2677 1584 2676 718 2678 1586 2679 1585 2680 716 2681 716 2681 1585 2680 717 2682 1587 2683 1586 2684 715 2685 715 2685 1586 2684 716 2686 1588 2687 1587 2688 714 2689 714 2689 1587 2688 715 2690 1589 2691 1588 2692 713 2693 713 2693 1588 2692 714 2694 1590 2695 1589 2696 712 2697 712 2697 1589 2696 713 2698 1591 2699 1590 2700 711 2701 711 2701 1590 2700 712 2702 1592 2703 1591 2704 710 2705 710 2705 1591 2704 711 2706 1593 2707 1592 2708 709 2709 709 2709 1592 2708 710 2710 1594 2711 1593 2712 708 2713 708 2713 1593 2712 709 2714 1595 2715 1594 2716 707 2717 707 2717 1594 2716 708 2718 1596 2719 1595 2720 706 2721 706 2721 1595 2720 707 2722 1597 2723 1596 2724 705 2725 705 2725 1596 2724 706 2726 1598 2727 1597 2728 704 2729 704 2729 1597 2728 705 2730 1599 2731 1598 2732 703 2733 703 2733 1598 2732 704 2734 1600 2735 1599 2736 702 2737 702 2737 1599 2736 703 2738 1601 2739 1600 2740 701 2741 701 2741 1600 2740 702 2742 1602 2743 1601 2744 700 2745 700 2745 1601 2744 701 2746 1603 2747 1602 2748 699 2749 699 2749 1602 2748 700 2750 1604 2751 1603 2752 698 2753 698 2753 1603 2752 699 2754 1605 2755 1604 2756 697 2757 697 2757 1604 2756 698 2758 1606 2759 1605 2760 696 2761 696 2761 1605 2760 697 2762 1607 2763 1606 2764 695 2765 695 2765 1606 2764 696 2766 1608 2767 1607 2768 694 2769 694 2769 1607 2768 695 2770 1609 2771 1608 2772 693 2773 693 2773 1608 2772 694 2774 1610 2775 1609 2776 692 2777 692 2777 1609 2776 693 2778 1611 2779 1610 2780 691 2781 691 2781 1610 2780 692 2782 1612 2783 1611 2784 690 2785 690 2785 1611 2784 691 2786 1613 2787 1612 2788 689 2789 689 2789 1612 2788 690 2790 1614 2791 1613 2792 688 2793 688 2793 1613 2792 689 2794 1615 2795 1614 2796 687 2797 687 2797 1614 2796 688 2798 1616 2799 1615 2800 686 2801 686 2801 1615 2800 687 2802 1617 2803 1616 2804 685 2805 685 2805 1616 2804 686 2806 1618 2807 1617 2808 684 2809 684 2809 1617 2808 685 2810 1619 2811 1618 2812 683 2813 683 2813 1618 2812 684 2814 1620 2815 1619 2816 682 2817 682 2817 1619 2816 683 2818 1621 2819 1620 2820 681 2821 681 2821 1620 2820 682 2822 1622 2823 1621 2824 680 2825 680 2825 1621 2824 681 2826 1623 2827 1622 2828 679 2829 679 2829 1622 2828 680 2830 1624 2831 1623 2832 678 2833 678 2833 1623 2832 679 2834 1625 2835 1624 2836 677 2837 677 2837 1624 2836 678 2838 1626 2839 1625 2840 676 2841 676 2841 1625 2840 677 2842 1627 2843 1626 2844 675 2845 675 2845 1626 2844 676 2846 672 2847 1628 2848 673 2849 673 2849 1628 2848 1629 2850 673 2849 1629 2850 674 2851 674 2851 1629 2850 1630 2852 674 2851 1630 2852 675 2853 675 2853 1630 2852 1627 2854 1631 2855 1628 2856 671 2857 671 2857 1628 2856 672 2858 1632 2859 1631 2860 670 2861 670 2861 1631 2860 671 2862 1633 2863 1632 2864 669 2865 669 2865 1632 2864 670 2866 1634 2867 1633 2868 668 2869 668 2869 1633 2868 669 2870 1635 2871 1634 2872 667 2873 667 2873 1634 2872 668 2874 1636 2875 1635 2876 666 2877 666 2877 1635 2876 667 2878 1637 2879 1636 2880 665 2881 665 2881 1636 2880 666 2882 1638 2883 1637 2884 664 2885 664 2885 1637 2884 665 2886 1639 2887 1638 2888 663 2889 663 2889 1638 2888 664 2890 1640 2891 1639 2892 662 2893 662 2893 1639 2892 663 2894 1641 2895 1640 2896 661 2897 661 2897 1640 2896 662 2898 1642 2899 1641 2900 660 2901 660 2901 1641 2900 661 2902 1643 2903 1642 2904 659 2905 659 2905 1642 2904 660 2906 1644 2907 1643 2908 658 2909 658 2909 1643 2908 659 2910 1645 2911 1644 2912 657 2913 657 2913 1644 2912 658 2914 1646 2915 1645 2916 656 2917 656 2917 1645 2916 657 2918 1647 2919 1646 2920 655 2921 655 2921 1646 2920 656 2922 1648 2923 1647 2924 654 2925 654 2925 1647 2924 655 2926 1649 2927 1648 2928 653 2929 653 2929 1648 2928 654 2930 1650 2931 1649 2932 652 2933 652 2933 1649 2932 653 2934 1651 2935 1650 2936 651 2937 651 2937 1650 2936 652 2938 1652 2939 1651 2940 650 2941 650 2941 1651 2940 651 2942 1653 2943 1652 2944 649 2945 649 2945 1652 2944 650 2946 1654 2947 1653 2948 648 2949 648 2949 1653 2948 649 2950 1655 2951 1654 2952 647 2953 647 2953 1654 2952 648 2954 1656 2955 1655 2956 646 2957 646 2957 1655 2956 647 2958 1657 2959 1656 2960 645 2961 645 2961 1656 2960 646 2962 1658 2963 1657 2964 644 2965 644 2965 1657 2964 645 2966 1659 2967 1658 2968 643 2969 643 2969 1658 2968 644 2970 1660 2971 1659 2972 642 2973 642 2973 1659 2972 643 2974 1661 2975 1660 2976 641 2977 641 2977 1660 2976 642 2978 1662 2979 1661 2980 640 2981 640 2981 1661 2980 641 2982 1663 2983 1662 2984 639 2985 639 2985 1662 2984 640 2986 1664 2987 1663 2988 638 2989 638 2989 1663 2988 639 2990 1665 2991 1664 2992 637 2993 637 2993 1664 2992 638 2994 1666 2995 1665 2996 636 2997 636 2997 1665 2996 637 2998 1667 2999 1666 3000 635 3001 635 3001 1666 3000 636 3002 1668 3003 1667 3004 634 3005 634 3005 1667 3004 635 3006 1669 3007 1668 3008 633 3009 633 3009 1668 3008 634 3010 1670 3011 1669 3012 632 3013 632 3013 1669 3012 633 3014 1671 3015 1670 3016 631 3017 631 3017 1670 3016 632 3018 1672 3019 1671 3020 630 3021 630 3021 1671 3020 631 3022 1673 3023 1672 3024 629 3025 629 3025 1672 3024 630 3026 1674 3027 1673 3028 628 3029 628 3029 1673 3028 629 3030 1675 3031 1674 3032 627 3033 627 3033 1674 3032 628 3034 1676 3035 1675 3036 626 3037 626 3037 1675 3036 627 3038 623 3039 1677 3040 624 3041 624 3041 1677 3040 1678 3042 624 3041 1678 3042 625 3043 625 3043 1678 3042 1679 3044 625 3043 1679 3044 626 3045 626 3045 1679 3044 1676 3046 1680 3047 1677 3048 622 3049 622 3049 1677 3048 623 3050 1681 3051 1680 3052 621 3053 621 3053 1680 3052 622 3054 1682 3055 1681 3056 620 3057 620 3057 1681 3056 621 3058 1683 3059 1682 3060 619 3061 619 3061 1682 3060 620 3062 1684 3063 1683 3064 618 3065 618 3065 1683 3064 619 3066 1685 3067 1684 3068 617 3069 617 3069 1684 3068 618 3070 1686 3071 1685 3072 616 3073 616 3073 1685 3072 617 3074 1687 3075 1686 3076 615 3077 615 3077 1686 3076 616 3078 1688 3079 1687 3080 614 3081 614 3081 1687 3080 615 3082 1689 3083 1688 3084 613 3085 613 3085 1688 3084 614 3086 1690 3087 1689 3088 612 3089 612 3089 1689 3088 613 3090 1691 3091 1690 3092 611 3093 611 3093 1690 3092 612 3094 1692 3095 1691 3096 610 3097 610 3097 1691 3096 611 3098 1693 3099 1692 3100 609 3101 609 3101 1692 3100 610 3102 1694 3103 1693 3104 608 3105 608 3105 1693 3104 609 3106 1695 3107 1694 3108 607 3109 607 3109 1694 3108 608 3110 1696 3111 1695 3112 606 3113 606 3113 1695 3112 607 3114 1697 3115 1696 3116 605 3117 605 3117 1696 3116 606 3118 1698 3119 1697 3120 604 3121 604 3121 1697 3120 605 3122 1699 3123 1698 3124 603 3125 603 3125 1698 3124 604 3126 1700 3127 1699 3128 602 3129 602 3129 1699 3128 603 3130 1701 3131 1700 3132 601 3133 601 3133 1700 3132 602 3134 1702 3135 1701 3136 600 3137 600 3137 1701 3136 601 3138 1703 3139 1702 3140 599 3141 599 3141 1702 3140 600 3142 1704 3143 1703 3144 598 3145 598 3145 1703 3144 599 3146 1705 3147 1704 3148 597 3149 597 3149 1704 3148 598 3150 1706 3151 1705 3152 596 3153 596 3153 1705 3152 597 3154 1707 3155 1706 3156 595 3157 595 3157 1706 3156 596 3158 1708 3159 1707 3160 594 3161 594 3161 1707 3160 595 3162 1709 3163 1708 3164 593 3165 593 3165 1708 3164 594 3166 1710 3167 1709 3168 592 3169 592 3169 1709 3168 593 3170 1711 3171 1710 3172 591 3173 591 3173 1710 3172 592 3174 1712 3175 1711 3176 590 3177 590 3177 1711 3176 591 3178 1713 3179 1712 3180 589 3181 589 3181 1712 3180 590 3182 1714 3183 1713 3184 588 3185 588 3185 1713 3184 589 3186 1715 3187 1714 3188 587 3189 587 3189 1714 3188 588 3190 1716 3191 1715 3192 586 3193 586 3193 1715 3192 587 3194 1717 3195 1716 3196 585 3197 585 3197 1716 3196 586 3198 1718 3199 1717 3200 584 3201 584 3201 1717 3200 585 3202 1719 3203 1718 3204 583 3205 583 3205 1718 3204 584 3206 1720 3207 1719 3208 582 3209 582 3209 1719 3208 583 3210 1721 3211 1720 3212 581 3213 581 3213 1720 3212 582 3214 1722 3215 1721 3216 580 3217 580 3217 1721 3216 581 3218 1723 3219 1722 3220 579 3221 579 3221 1722 3220 580 3222 1724 3223 1723 3224 578 3225 578 3225 1723 3224 579 3226 1725 3227 1724 3228 577 3229 577 3229 1724 3228 578 3230 574 3231 1726 3232 575 3233 575 3233 1726 3232 1727 3234 575 3233 1727 3234 576 3235 576 3235 1727 3234 1728 3236 576 3235 1728 3236 577 3237 577 3237 1728 3236 1725 3238 1729 3239 1726 3240 573 3241 573 3241 1726 3240 574 3242 1730 3243 1729 3244 572 3245 572 3245 1729 3244 573 3246 1731 3247 1730 3248 571 3249 571 3249 1730 3248 572 3250 1732 3251 1731 3252 570 3253 570 3253 1731 3252 571 3254 1733 3255 1732 3256 569 3257 569 3257 1732 3256 570 3258 1734 3259 1733 3260 568 3261 568 3261 1733 3260 569 3262 1735 3263 1734 3264 567 3265 567 3265 1734 3264 568 3266 1736 3267 1735 3268 566 3269 566 3269 1735 3268 567 3270 1737 3271 1736 3272 565 3273 565 3273 1736 3272 566 3274 1738 3275 1737 3276 564 3277 564 3277 1737 3276 565 3278 1739 3279 1738 3280 563 3281 563 3281 1738 3280 564 3282 1740 3283 1739 3284 562 3285 562 3285 1739 3284 563 3286 1741 3287 1740 3288 561 3289 561 3289 1740 3288 562 3290 1742 3291 1741 3292 560 3293 560 3293 1741 3292 561 3294 1743 3295 1742 3296 559 3297 559 3297 1742 3296 560 3298 1744 3299 1743 3300 558 3301 558 3301 1743 3300 559 3302 1745 3303 1744 3304 557 3305 557 3305 1744 3304 558 3306 1746 3307 1745 3308 556 3309 556 3309 1745 3308 557 3310 1747 3311 1746 3312 555 3313 555 3313 1746 3312 556 3314 1748 3315 1747 3316 554 3317 554 3317 1747 3316 555 3318 1749 3319 1748 3320 553 3321 553 3321 1748 3320 554 3322 1750 3323 1749 3324 552 3325 552 3325 1749 3324 553 3326 1751 3327 1750 3328 551 3329 551 3329 1750 3328 552 3330 1752 3331 1751 3332 550 3333 550 3333 1751 3332 551 3334 1753 3335 1752 3336 549 3337 549 3337 1752 3336 550 3338 1754 3339 1753 3340 548 3341 548 3341 1753 3340 549 3342 1755 3343 1754 3344 547 3345 547 3345 1754 3344 548 3346 1756 3347 1755 3348 546 3349 546 3349 1755 3348 547 3350 1757 3351 1756 3352 545 3353 545 3353 1756 3352 546 3354 1758 3355 1757 3356 544 3357 544 3357 1757 3356 545 3358 1759 3359 1758 3360 543 3361 543 3361 1758 3360 544 3362 1760 3363 1759 3364 542 3365 542 3365 1759 3364 543 3366 1761 3367 1760 3368 541 3369 541 3369 1760 3368 542 3370 1762 3371 1761 3372 540 3373 540 3373 1761 3372 541 3374 1763 3375 1762 3376 539 3377 539 3377 1762 3376 540 3378 1764 3379 1763 3380 538 3381 538 3381 1763 3380 539 3382 1765 3383 1764 3384 537 3385 537 3385 1764 3384 538 3386 1766 3387 1765 3388 536 3389 536 3389 1765 3388 537 3390 1767 3391 1766 3392 535 3393 535 3393 1766 3392 536 3394 1768 3395 1767 3396 534 3397 534 3397 1767 3396 535 3398 1769 3399 1768 3400 533 3401 533 3401 1768 3400 534 3402 1770 3403 1769 3404 532 3405 532 3405 1769 3404 533 3406 1771 3407 1770 3408 531 3409 531 3409 1770 3408 532 3410 1772 3411 1771 3412 530 3413 530 3413 1771 3412 531 3414 1773 3415 1772 3416 529 3417 529 3417 1772 3416 530 3418 1774 3419 1773 3420 528 3421 528 3421 1773 3420 529 3422 525 3423 1775 3424 526 3425 526 3425 1775 3424 1776 3426 526 3425 1776 3426 527 3427 527 3427 1776 3426 1777 3428 527 3427 1777 3428 528 3429 528 3429 1777 3428 1774 3430 1778 3431 1775 3432 524 3433 524 3433 1775 3432 525 3434 1779 3435 1778 3436 523 3437 523 3437 1778 3436 524 3438 1780 3439 1779 3440 522 3441 522 3441 1779 3440 523 3442 1781 3443 1780 3444 521 3445 521 3445 1780 3444 522 3446 1782 3447 1781 3448 520 3449 520 3449 1781 3448 521 3450 1783 3451 1782 3452 519 3453 519 3453 1782 3452 520 3454 1784 3455 1783 3456 518 3457 518 3457 1783 3456 519 3458 1785 3459 1784 3460 517 3461 517 3461 1784 3460 518 3462 1786 3463 1785 3464 516 3465 516 3465 1785 3464 517 3466 1787 3467 1786 3468 515 3469 515 3469 1786 3468 516 3470 1788 3471 1787 3472 514 3473 514 3473 1787 3472 515 3474 1789 3475 1788 3476 513 3477 513 3477 1788 3476 514 3478 1790 3479 1789 3480 512 3481 512 3481 1789 3480 513 3482 1791 3483 1790 3484 511 3485 511 3485 1790 3484 512 3486 1792 3487 1791 3488 510 3489 510 3489 1791 3488 511 3490 1793 3491 1792 3492 509 3493 509 3493 1792 3492 510 3494 1794 3495 1793 3496 508 3497 508 3497 1793 3496 509 3498 1795 3499 1794 3500 507 3501 507 3501 1794 3500 508 3502 1796 3503 1795 3504 506 3505 506 3505 1795 3504 507 3506 1797 3507 1796 3508 505 3509 505 3509 1796 3508 506 3510 1798 3511 1797 3512 504 3513 504 3513 1797 3512 505 3514 1799 3515 1798 3516 503 3517 503 3517 1798 3516 504 3518 1800 3519 1799 3520 502 3521 502 3521 1799 3520 503 3522 1801 3523 1800 3524 501 3525 501 3525 1800 3524 502 3526 1802 3527 1801 3528 500 3529 500 3529 1801 3528 501 3530 1803 3531 1802 3532 499 3533 499 3533 1802 3532 500 3534 1804 3535 1803 3536 498 3537 498 3537 1803 3536 499 3538 1805 3539 1804 3540 497 3541 497 3541 1804 3540 498 3542 1806 3543 1805 3544 496 3545 496 3545 1805 3544 497 3546 1807 3547 1806 3548 495 3549 495 3549 1806 3548 496 3550 1808 3551 1807 3552 494 3553 494 3553 1807 3552 495 3554 1809 3555 1808 3556 493 3557 493 3557 1808 3556 494 3558 1810 3559 1809 3560 492 3561 492 3561 1809 3560 493 3562 1811 3563 1810 3564 491 3565 491 3565 1810 3564 492 3566 1812 3567 1811 3568 490 3569 490 3569 1811 3568 491 3570 1813 3571 1812 3572 489 3573 489 3573 1812 3572 490 3574 1814 3575 1813 3576 488 3577 488 3577 1813 3576 489 3578 1815 3579 1814 3580 487 3581 487 3581 1814 3580 488 3582 1816 3583 1815 3584 486 3585 486 3585 1815 3584 487 3586 1817 3587 1816 3588 485 3589 485 3589 1816 3588 486 3590 1818 3591 1817 3592 484 3593 484 3593 1817 3592 485 3594 1819 3595 1818 3596 483 3597 483 3597 1818 3596 484 3598 1820 3599 1819 3600 482 3601 482 3601 1819 3600 483 3602 1821 3603 1820 3604 481 3605 481 3605 1820 3604 482 3606 1822 3607 1821 3608 480 3609 480 3609 1821 3608 481 3610 1823 3611 1822 3612 479 3613 479 3613 1822 3612 480 3614 476 3615 1824 3616 477 3617 477 3617 1824 3616 1825 3618 477 3617 1825 3618 478 3619 478 3619 1825 3618 1826 3620 478 3619 1826 3620 479 3621 479 3621 1826 3620 1823 3622 1827 3623 1824 3624 475 3625 475 3625 1824 3624 476 3626 1828 3627 1827 3628 474 3629 474 3629 1827 3628 475 3630 1829 3631 1828 3632 473 3633 473 3633 1828 3632 474 3634 1830 3635 1829 3636 472 3637 472 3637 1829 3636 473 3638 1831 3639 1830 3640 471 3641 471 3641 1830 3640 472 3642 1832 3643 1831 3644 470 3645 470 3645 1831 3644 471 3646 1833 3647 1832 3648 469 3649 469 3649 1832 3648 470 3650 1834 3651 1833 3652 468 3653 468 3653 1833 3652 469 3654 1835 3655 1834 3656 467 3657 467 3657 1834 3656 468 3658 1836 3659 1835 3660 466 3661 466 3661 1835 3660 467 3662 1837 3663 1836 3664 465 3665 465 3665 1836 3664 466 3666 1838 3667 1837 3668 464 3669 464 3669 1837 3668 465 3670 1839 3671 1838 3672 463 3673 463 3673 1838 3672 464 3674 1840 3675 1839 3676 462 3677 462 3677 1839 3676 463 3678 1841 3679 1840 3680 461 3681 461 3681 1840 3680 462 3682 1842 3683 1841 3684 460 3685 460 3685 1841 3684 461 3686 1843 3687 1842 3688 459 3689 459 3689 1842 3688 460 3690 1844 3691 1843 3692 458 3693 458 3693 1843 3692 459 3694 1845 3695 1844 3696 457 3697 457 3697 1844 3696 458 3698 1846 3699 1845 3700 456 3701 456 3701 1845 3700 457 3702 1847 3703 1846 3704 455 3705 455 3705 1846 3704 456 3706 1848 3707 1847 3708 454 3709 454 3709 1847 3708 455 3710 1849 3711 1848 3712 453 3713 453 3713 1848 3712 454 3714 1850 3715 1849 3716 452 3717 452 3717 1849 3716 453 3718 1851 3719 1850 3720 451 3721 451 3721 1850 3720 452 3722 1852 3723 1851 3724 450 3725 450 3725 1851 3724 451 3726 1853 3727 1852 3728 449 3729 449 3729 1852 3728 450 3730 1854 3731 1853 3732 448 3733 448 3733 1853 3732 449 3734 1855 3735 1854 3736 447 3737 447 3737 1854 3736 448 3738 1856 3739 1855 3740 446 3741 446 3741 1855 3740 447 3742 1857 3743 1856 3744 445 3745 445 3745 1856 3744 446 3746 1858 3747 1857 3748 444 3749 444 3749 1857 3748 445 3750 1859 3751 1858 3752 443 3753 443 3753 1858 3752 444 3754 1860 3755 1859 3756 442 3757 442 3757 1859 3756 443 3758 1861 3759 1860 3760 441 3761 441 3761 1860 3760 442 3762 1862 3763 1861 3764 440 3765 440 3765 1861 3764 441 3766 1863 3767 1862 3768 439 3769 439 3769 1862 3768 440 3770 1864 3771 1863 3772 438 3773 438 3773 1863 3772 439 3774 1865 3775 1864 3776 437 3777 437 3777 1864 3776 438 3778 1866 3779 1865 3780 436 3781 436 3781 1865 3780 437 3782 1867 3783 1866 3784 435 3785 435 3785 1866 3784 436 3786 1868 3787 1867 3788 434 3789 434 3789 1867 3788 435 3790 1869 3791 1868 3792 433 3793 433 3793 1868 3792 434 3794 1870 3795 1869 3796 432 3797 432 3797 1869 3796 433 3798 1871 3799 1870 3800 431 3801 431 3801 1870 3800 432 3802 1872 3803 1871 3804 430 3805 430 3805 1871 3804 431 3806 427 3807 1873 3808 428 3809 428 3809 1873 3808 1874 3810 428 3809 1874 3810 429 3811 429 3811 1874 3810 1875 3812 429 3811 1875 3812 430 3813 430 3813 1875 3812 1872 3814 1876 3815 1873 3816 426 3817 426 3817 1873 3816 427 3818 1877 3819 1876 3820 425 3821 425 3821 1876 3820 426 3822 1878 3823 1877 3824 424 3825 424 3825 1877 3824 425 3826 1879 3827 1878 3828 423 3829 423 3829 1878 3828 424 3830 1880 3831 1879 3832 422 3833 422 3833 1879 3832 423 3834 1881 3835 1880 3836 421 3837 421 3837 1880 3836 422 3838 1882 3839 1881 3840 420 3841 420 3841 1881 3840 421 3842 1883 3843 1882 3844 419 3845 419 3845 1882 3844 420 3846 1884 3847 1883 3848 418 3849 418 3849 1883 3848 419 3850 1885 3851 1884 3852 417 3853 417 3853 1884 3852 418 3854 1886 3855 1885 3856 416 3857 416 3857 1885 3856 417 3858 1887 3859 1886 3860 415 3861 415 3861 1886 3860 416 3862 1888 3863 1887 3864 414 3865 414 3865 1887 3864 415 3866 1889 3867 1888 3868 413 3869 413 3869 1888 3868 414 3870 1890 3871 1889 3872 412 3873 412 3873 1889 3872 413 3874 1891 3875 1890 3876 411 3877 411 3877 1890 3876 412 3878 1892 3879 1891 3880 410 3881 410 3881 1891 3880 411 3882 1893 3883 1892 3884 409 3885 409 3885 1892 3884 410 3886 1894 3887 1893 3888 408 3889 408 3889 1893 3888 409 3890 1895 3891 1894 3892 407 3893 407 3893 1894 3892 408 3894 1896 3895 1895 3896 406 3897 406 3897 1895 3896 407 3898 1897 3899 1896 3900 405 3901 405 3901 1896 3900 406 3902 1898 3903 1897 3904 404 3905 404 3905 1897 3904 405 3906 1899 3907 1898 3908 403 3909 403 3909 1898 3908 404 3910 1900 3911 1899 3912 402 3913 402 3913 1899 3912 403 3914 1901 3915 1900 3916 401 3917 401 3917 1900 3916 402 3918 1902 3919 1901 3920 400 3921 400 3921 1901 3920 401 3922 1903 3923 1902 3924 399 3925 399 3925 1902 3924 400 3926 1904 3927 1903 3928 398 3929 398 3929 1903 3928 399 3930 1905 3931 1904 3932 397 3933 397 3933 1904 3932 398 3934 1906 3935 1905 3936 396 3937 396 3937 1905 3936 397 3938 1907 3939 1906 3940 395 3941 395 3941 1906 3940 396 3942 1908 3943 1907 3944 394 3945 394 3945 1907 3944 395 3946 1909 3947 1908 3948 393 3949 393 3949 1908 3948 394 3950 1910 3951 1909 3952 392 3953 392 3953 1909 3952 393 3954 1911 3955 1910 3956 391 3957 391 3957 1910 3956 392 3958 1912 3959 1911 3960 390 3961 390 3961 1911 3960 391 3962 1913 3963 1912 3964 389 3965 389 3965 1912 3964 390 3966 1914 3967 1913 3968 388 3969 388 3969 1913 3968 389 3970 1915 3971 1914 3972 387 3973 387 3973 1914 3972 388 3974 1916 3975 1915 3976 386 3977 386 3977 1915 3976 387 3978 1917 3979 1916 3980 385 3981 385 3981 1916 3980 386 3982 1918 3983 1917 3984 384 3985 384 3985 1917 3984 385 3986 1919 3987 1918 3988 383 3989 383 3989 1918 3988 384 3990 1920 3991 1919 3992 382 3993 382 3993 1919 3992 383 3994 1921 3995 1920 3996 381 3997 381 3997 1920 3996 382 3998 378 3999 1922 4000 379 4001 379 4001 1922 4000 1923 4002 379 4001 1923 4002 380 4003 380 4003 1923 4002 1924 4004 380 4003 1924 4004 381 4005 381 4005 1924 4004 1921 4006 1925 4007 1922 4008 377 4009 377 4009 1922 4008 378 4010 1926 4011 1925 4012 376 4013 376 4013 1925 4012 377 4014 1927 4015 1926 4016 375 4017 375 4017 1926 4016 376 4018 1928 4019 1927 4020 374 4021 374 4021 1927 4020 375 4022 1929 4023 1928 4024 373 4025 373 4025 1928 4024 374 4026 1930 4027 1929 4028 372 4029 372 4029 1929 4028 373 4030 1931 4031 1930 4032 371 4033 371 4033 1930 4032 372 4034 1932 4035 1931 4036 370 4037 370 4037 1931 4036 371 4038 1933 4039 1932 4040 369 4041 369 4041 1932 4040 370 4042 1934 4043 1933 4044 368 4045 368 4045 1933 4044 369 4046 1935 4047 1934 4048 367 4049 367 4049 1934 4048 368 4050 1936 4051 1935 4052 366 4053 366 4053 1935 4052 367 4054 1937 4055 1936 4056 365 4057 365 4057 1936 4056 366 4058 1938 4059 1937 4060 364 4061 364 4061 1937 4060 365 4062 1939 4063 1938 4064 363 4065 363 4065 1938 4064 364 4066 1940 4067 1939 4068 362 4069 362 4069 1939 4068 363 4070 1941 4071 1940 4072 361 4073 361 4073 1940 4072 362 4074 1942 4075 1941 4076 360 4077 360 4077 1941 4076 361 4078 1943 4079 1942 4080 359 4081 359 4081 1942 4080 360 4082 1944 4083 1943 4084 358 4085 358 4085 1943 4084 359 4086 1945 4087 1944 4088 357 4089 357 4089 1944 4088 358 4090 1946 4091 1945 4092 356 4093 356 4093 1945 4092 357 4094 1947 4095 1946 4096 355 4097 355 4097 1946 4096 356 4098 1948 4099 1947 4100 354 4101 354 4101 1947 4100 355 4102 1949 4103 1948 4104 353 4105 353 4105 1948 4104 354 4106 1950 4107 1949 4108 352 4109 352 4109 1949 4108 353 4110 1951 4111 1950 4112 351 4113 351 4113 1950 4112 352 4114 1952 4115 1951 4116 350 4117 350 4117 1951 4116 351 4118 1953 4119 1952 4120 349 4121 349 4121 1952 4120 350 4122 1954 4123 1953 4124 348 4125 348 4125 1953 4124 349 4126 1955 4127 1954 4128 347 4129 347 4129 1954 4128 348 4130 1956 4131 1955 4132 346 4133 346 4133 1955 4132 347 4134 1957 4135 1956 4136 345 4137 345 4137 1956 4136 346 4138 1958 4139 1957 4140 344 4141 344 4141 1957 4140 345 4142 1959 4143 1958 4144 343 4145 343 4145 1958 4144 344 4146 1960 4147 1959 4148 342 4149 342 4149 1959 4148 343 4150 1961 4151 1960 4152 341 4153 341 4153 1960 4152 342 4154 1962 4155 1961 4156 340 4157 340 4157 1961 4156 341 4158 1963 4159 1962 4160 339 4161 339 4161 1962 4160 340 4162 1964 4163 1963 4164 338 4165 338 4165 1963 4164 339 4166 1965 4167 1964 4168 337 4169 337 4169 1964 4168 338 4170 1966 4171 1965 4172 336 4173 336 4173 1965 4172 337 4174 1967 4175 1966 4176 335 4177 335 4177 1966 4176 336 4178 1968 4179 1967 4180 334 4181 334 4181 1967 4180 335 4182 1969 4183 1968 4184 333 4185 333 4185 1968 4184 334 4186 1970 4187 1969 4188 332 4189 332 4189 1969 4188 333 4190 329 4191 1971 4192 330 4193 330 4193 1971 4192 1972 4194 330 4193 1972 4194 331 4195 331 4195 1972 4194 1973 4196 331 4195 1973 4196 332 4197 332 4197 1973 4196 1970 4198 1974 4199 1971 4200 328 4201 328 4201 1971 4200 329 4202 1975 4203 1974 4204 327 4205 327 4205 1974 4204 328 4206 1976 4207 1975 4208 326 4209 326 4209 1975 4208 327 4210 1977 4211 1976 4212 325 4213 325 4213 1976 4212 326 4214 1978 4215 1977 4216 324 4217 324 4217 1977 4216 325 4218 1979 4219 1978 4220 323 4221 323 4221 1978 4220 324 4222 1980 4223 1979 4224 322 4225 322 4225 1979 4224 323 4226 1981 4227 1980 4228 321 4229 321 4229 1980 4228 322 4230 1982 4231 1981 4232 320 4233 320 4233 1981 4232 321 4234 1983 4235 1982 4236 319 4237 319 4237 1982 4236 320 4238 1984 4239 1983 4240 318 4241 318 4241 1983 4240 319 4242 1985 4243 1984 4244 317 4245 317 4245 1984 4244 318 4246 1986 4247 1985 4248 316 4249 316 4249 1985 4248 317 4250 1987 4251 1986 4252 315 4253 315 4253 1986 4252 316 4254 1988 4255 1987 4256 314 4257 314 4257 1987 4256 315 4258 1989 4259 1988 4260 313 4261 313 4261 1988 4260 314 4262 1990 4263 1989 4264 312 4265 312 4265 1989 4264 313 4266 1991 4267 1990 4268 311 4269 311 4269 1990 4268 312 4270 1992 4271 1991 4272 310 4273 310 4273 1991 4272 311 4274 1993 4275 1992 4276 309 4277 309 4277 1992 4276 310 4278 1994 4279 1993 4280 308 4281 308 4281 1993 4280 309 4282 1995 4283 1994 4284 307 4285 307 4285 1994 4284 308 4286 1996 4287 1995 4288 306 4289 306 4289 1995 4288 307 4290 1997 4291 1996 4292 305 4293 305 4293 1996 4292 306 4294 1998 4295 1997 4296 304 4297 304 4297 1997 4296 305 4298 1999 4299 1998 4300 303 4301 303 4301 1998 4300 304 4302 2000 4303 1999 4304 302 4305 302 4305 1999 4304 303 4306 2001 4307 2000 4308 301 4309 301 4309 2000 4308 302 4310 2002 4311 2001 4312 300 4313 300 4313 2001 4312 301 4314 2003 4315 2002 4316 299 4317 299 4317 2002 4316 300 4318 2004 4319 2003 4320 298 4321 298 4321 2003 4320 299 4322 2005 4323 2004 4324 297 4325 297 4325 2004 4324 298 4326 2006 4327 2005 4328 296 4329 296 4329 2005 4328 297 4330 2007 4331 2006 4332 295 4333 295 4333 2006 4332 296 4334 2008 4335 2007 4336 294 4337 294 4337 2007 4336 295 4338 2009 4339 2008 4340 293 4341 293 4341 2008 4340 294 4342 2010 4343 2009 4344 292 4345 292 4345 2009 4344 293 4346 2011 4347 2010 4348 291 4349 291 4349 2010 4348 292 4350 2012 4351 2011 4352 290 4353 290 4353 2011 4352 291 4354 2013 4355 2012 4356 289 4357 289 4357 2012 4356 290 4358 2014 4359 2013 4360 288 4361 288 4361 2013 4360 289 4362 2015 4363 2014 4364 287 4365 287 4365 2014 4364 288 4366 2016 4367 2015 4368 286 4369 286 4369 2015 4368 287 4370 2017 4371 2016 4372 285 4373 285 4373 2016 4372 286 4374 2018 4375 2017 4376 284 4377 284 4377 2017 4376 285 4378 2019 4379 2018 4380 283 4381 283 4381 2018 4380 284 4382 280 4383 2020 4384 281 4385 281 4385 2020 4384 2021 4386 281 4385 2021 4386 282 4387 282 4387 2021 4386 2022 4388 282 4387 2022 4388 283 4389 283 4389 2022 4388 2019 4390 2023 4391 2020 4392 279 4393 279 4393 2020 4392 280 4394 2024 4395 2023 4396 278 4397 278 4397 2023 4396 279 4398 2025 4399 2024 4400 277 4401 277 4401 2024 4400 278 4402 2026 4403 2025 4404 276 4405 276 4405 2025 4404 277 4406 2027 4407 2026 4408 275 4409 275 4409 2026 4408 276 4410 2028 4411 2027 4412 274 4413 274 4413 2027 4412 275 4414 2029 4415 2028 4416 273 4417 273 4417 2028 4416 274 4418 2030 4419 2029 4420 272 4421 272 4421 2029 4420 273 4422 2031 4423 2030 4424 271 4425 271 4425 2030 4424 272 4426 2032 4427 2031 4428 270 4429 270 4429 2031 4428 271 4430 2033 4431 2032 4432 269 4433 269 4433 2032 4432 270 4434 2034 4435 2033 4436 268 4437 268 4437 2033 4436 269 4438 2035 4439 2034 4440 267 4441 267 4441 2034 4440 268 4442 2036 4443 2035 4444 266 4445 266 4445 2035 4444 267 4446 2037 4447 2036 4448 265 4449 265 4449 2036 4448 266 4450 2038 4451 2037 4452 264 4453 264 4453 2037 4452 265 4454 2039 4455 2038 4456 263 4457 263 4457 2038 4456 264 4458 2040 4459 2039 4460 262 4461 262 4461 2039 4460 263 4462 2041 4463 2040 4464 261 4465 261 4465 2040 4464 262 4466 2042 4467 2041 4468 260 4469 260 4469 2041 4468 261 4470 2043 4471 2042 4472 259 4473 259 4473 2042 4472 260 4474 2044 4475 2043 4476 258 4477 258 4477 2043 4476 259 4478 2045 4479 2044 4480 257 4481 257 4481 2044 4480 258 4482 2046 4483 2045 4484 256 4485 256 4485 2045 4484 257 4486 2047 4487 2046 4488 255 4489 255 4489 2046 4488 256 4490 2048 4491 2047 4492 254 4493 254 4493 2047 4492 255 4494 2049 4495 2048 4496 253 4497 253 4497 2048 4496 254 4498 2050 4499 2049 4500 252 4501 252 4501 2049 4500 253 4502 2051 4503 2050 4504 251 4505 251 4505 2050 4504 252 4506 2052 4507 2051 4508 250 4509 250 4509 2051 4508 251 4510 2053 4511 2052 4512 249 4513 249 4513 2052 4512 250 4514 2054 4515 2053 4516 248 4517 248 4517 2053 4516 249 4518 2055 4519 2054 4520 247 4521 247 4521 2054 4520 248 4522 2056 4523 2055 4524 246 4525 246 4525 2055 4524 247 4526 2057 4527 2056 4528 245 4529 245 4529 2056 4528 246 4530 2058 4531 2057 4532 244 4533 244 4533 2057 4532 245 4534 2059 4535 2058 4536 243 4537 243 4537 2058 4536 244 4538 2060 4539 2059 4540 242 4541 242 4541 2059 4540 243 4542 2061 4543 2060 4544 241 4545 241 4545 2060 4544 242 4546 2062 4547 2061 4548 240 4549 240 4549 2061 4548 241 4550 2063 4551 2062 4552 239 4553 239 4553 2062 4552 240 4554 2064 4555 2063 4556 238 4557 238 4557 2063 4556 239 4558 2065 4559 2064 4560 237 4561 237 4561 2064 4560 238 4562 2066 4563 2065 4564 236 4565 236 4565 2065 4564 237 4566 2067 4567 2066 4568 235 4569 235 4569 2066 4568 236 4570 2068 4571 2067 4572 234 4573 234 4573 2067 4572 235 4574 231 4575 2069 4576 232 4577 232 4577 2069 4576 2070 4578 232 4577 2070 4578 233 4579 233 4579 2070 4578 2071 4580 233 4579 2071 4580 234 4581 234 4581 2071 4580 2068 4582 2072 4583 2069 4584 230 4585 230 4585 2069 4584 231 4586 2073 4587 2072 4588 229 4589 229 4589 2072 4588 230 4590 2074 4591 2073 4592 228 4593 228 4593 2073 4592 229 4594 2075 4595 2074 4596 227 4597 227 4597 2074 4596 228 4598 2076 4599 2075 4600 226 4601 226 4601 2075 4600 227 4602 2077 4603 2076 4604 225 4605 225 4605 2076 4604 226 4606 2078 4607 2077 4608 224 4609 224 4609 2077 4608 225 4610 2079 4611 2078 4612 223 4613 223 4613 2078 4612 224 4614 2080 4615 2079 4616 222 4617 222 4617 2079 4616 223 4618 2081 4619 2080 4620 221 4621 221 4621 2080 4620 222 4622 2082 4623 2081 4624 220 4625 220 4625 2081 4624 221 4626 2083 4627 2082 4628 219 4629 219 4629 2082 4628 220 4630 2084 4631 2083 4632 218 4633 218 4633 2083 4632 219 4634 2085 4635 2084 4636 217 4637 217 4637 2084 4636 218 4638 2086 4639 2085 4640 216 4641 216 4641 2085 4640 217 4642 2087 4643 2086 4644 215 4645 215 4645 2086 4644 216 4646 2088 4647 2087 4648 214 4649 214 4649 2087 4648 215 4650 2089 4651 2088 4652 213 4653 213 4653 2088 4652 214 4654 2090 4655 2089 4656 212 4657 212 4657 2089 4656 213 4658 2091 4659 2090 4660 211 4661 211 4661 2090 4660 212 4662 2092 4663 2091 4664 210 4665 210 4665 2091 4664 211 4666 2093 4667 2092 4668 209 4669 209 4669 2092 4668 210 4670 2094 4671 2093 4672 208 4673 208 4673 2093 4672 209 4674 2095 4675 2094 4676 207 4677 207 4677 2094 4676 208 4678 2096 4679 2095 4680 206 4681 206 4681 2095 4680 207 4682 2097 4683 2096 4684 205 4685 205 4685 2096 4684 206 4686 2098 4687 2097 4688 204 4689 204 4689 2097 4688 205 4690 2099 4691 2098 4692 203 4693 203 4693 2098 4692 204 4694 2100 4695 2099 4696 202 4697 202 4697 2099 4696 203 4698 2101 4699 2100 4700 201 4701 201 4701 2100 4700 202 4702 2102 4703 2101 4704 200 4705 200 4705 2101 4704 201 4706 2103 4707 2102 4708 199 4709 199 4709 2102 4708 200 4710 2104 4711 2103 4712 198 4713 198 4713 2103 4712 199 4714 2105 4715 2104 4716 197 4717 197 4717 2104 4716 198 4718 2106 4719 2105 4720 196 4721 196 4721 2105 4720 197 4722 2107 4723 2106 4724 195 4725 195 4725 2106 4724 196 4726 2108 4727 2107 4728 194 4729 194 4729 2107 4728 195 4730 2109 4731 2108 4732 193 4733 193 4733 2108 4732 194 4734 2110 4735 2109 4736 192 4737 192 4737 2109 4736 193 4738 2111 4739 2110 4740 191 4741 191 4741 2110 4740 192 4742 2112 4743 2111 4744 190 4745 190 4745 2111 4744 191 4746 2113 4747 2112 4748 189 4749 189 4749 2112 4748 190 4750 2114 4751 2113 4752 188 4753 188 4753 2113 4752 189 4754 2115 4755 2114 4756 187 4757 187 4757 2114 4756 188 4758 2116 4759 2115 4760 186 4761 186 4761 2115 4760 187 4762 2117 4763 2116 4764 185 4765 185 4765 2116 4764 186 4766 182 4767 2118 4768 183 4769 183 4769 2118 4768 2119 4770 183 4769 2119 4770 184 4771 184 4771 2119 4770 2120 4772 184 4771 2120 4772 185 4773 185 4773 2120 4772 2117 4774 2121 4775 2118 4776 181 4777 181 4777 2118 4776 182 4778 2122 4779 2121 4780 180 4781 180 4781 2121 4780 181 4782 2123 4783 2122 4784 179 4785 179 4785 2122 4784 180 4786 2124 4787 2123 4788 178 4789 178 4789 2123 4788 179 4790 2125 4791 2124 4792 177 4793 177 4793 2124 4792 178 4794 2126 4795 2125 4796 176 4797 176 4797 2125 4796 177 4798 2127 4799 2126 4800 175 4801 175 4801 2126 4800 176 4802 2128 4803 2127 4804 174 4805 174 4805 2127 4804 175 4806 2129 4807 2128 4808 173 4809 173 4809 2128 4808 174 4810 2130 4811 2129 4812 172 4813 172 4813 2129 4812 173 4814 2131 4815 2130 4816 171 4817 171 4817 2130 4816 172 4818 2132 4819 2131 4820 170 4821 170 4821 2131 4820 171 4822 2133 4823 2132 4824 169 4825 169 4825 2132 4824 170 4826 2134 4827 2133 4828 168 4829 168 4829 2133 4828 169 4830 2135 4831 2134 4832 167 4833 167 4833 2134 4832 168 4834 2136 4835 2135 4836 166 4837 166 4837 2135 4836 167 4838 2137 4839 2136 4840 165 4841 165 4841 2136 4840 166 4842 2138 4843 2137 4844 164 4845 164 4845 2137 4844 165 4846 2139 4847 2138 4848 163 4849 163 4849 2138 4848 164 4850 2140 4851 2139 4852 162 4853 162 4853 2139 4852 163 4854 2141 4855 2140 4856 161 4857 161 4857 2140 4856 162 4858 2142 4859 2141 4860 160 4861 160 4861 2141 4860 161 4862 2143 4863 2142 4864 159 4865 159 4865 2142 4864 160 4866 2144 4867 2143 4868 158 4869 158 4869 2143 4868 159 4870 54 4871 2144 4872 55 4873 55 4873 2144 4872 158 4874 2145 4875 157 4876 1237 4877 1237 4877 157 4876 156 4878 2146 4879 2145 4880 1236 4881 1236 4881 2145 4880 1237 4882 2147 4883 2146 4884 1235 4885 1235 4885 2146 4884 1236 4886 2148 4887 2147 4888 1234 4889 1234 4889 2147 4888 1235 4890 2149 4891 2148 4892 1233 4893 1233 4893 2148 4892 1234 4894 2150 4895 2149 4896 1232 4897 1232 4897 2149 4896 1233 4898 2151 4899 2150 4900 1231 4901 1231 4901 2150 4900 1232 4902 2152 4903 2151 4904 1230 4905 1230 4905 2151 4904 1231 4906 2153 4907 2152 4908 1229 4909 1229 4909 2152 4908 1230 4910 2154 4911 2153 4912 1228 4913 1228 4913 2153 4912 1229 4914 2155 4915 2154 4916 1227 4917 1227 4917 2154 4916 1228 4918 2156 4919 2155 4920 1226 4921 1226 4921 2155 4920 1227 4922 2157 4923 2156 4924 1225 4925 1225 4925 2156 4924 1226 4926 2158 4927 2157 4928 1224 4929 1224 4929 2157 4928 1225 4930 2159 4931 2158 4932 1223 4933 1223 4933 2158 4932 1224 4934 2160 4935 2159 4936 1222 4937 1222 4937 2159 4936 1223 4938 2161 4939 2160 4940 1221 4941 1221 4941 2160 4940 1222 4942 2162 4943 2161 4944 1220 4945 1220 4945 2161 4944 1221 4946 2163 4947 2162 4948 1219 4949 1219 4949 2162 4948 1220 4950 2164 4951 2163 4952 1218 4953 1218 4953 2163 4952 1219 4954 2165 4955 2164 4956 1217 4957 1217 4957 2164 4956 1218 4958 2166 4959 2165 4960 1216 4961 1216 4961 2165 4960 1217 4962 2167 4963 2166 4964 1215 4965 1215 4965 2166 4964 1216 4966 2168 4967 2167 4968 1214 4969 1214 4969 2167 4968 1215 4970 1211 4971 2169 4972 1212 4973 1212 4973 2169 4972 2170 4974 1212 4973 2170 4974 1213 4975 1213 4975 2170 4974 2171 4976 1213 4975 2171 4976 1214 4977 1214 4977 2171 4976 2168 4978 2172 4979 2169 4980 1210 4981 1210 4981 2169 4980 1211 4982 2173 4983 2172 4984 1209 4985 1209 4985 2172 4984 1210 4986 2174 4987 2173 4988 1208 4989 1208 4989 2173 4988 1209 4990 2175 4991 2174 4992 1207 4993 1207 4993 2174 4992 1208 4994 2176 4995 2175 4996 1206 4997 1206 4997 2175 4996 1207 4998 2177 4999 2176 5000 1205 5001 1205 5001 2176 5000 1206 5002 2178 5003 2177 5004 1204 5005 1204 5005 2177 5004 1205 5006 2179 5007 2178 5008 1203 5009 1203 5009 2178 5008 1204 5010 2180 5011 2179 5012 1202 5013 1202 5013 2179 5012 1203 5014 2181 5015 2180 5016 1201 5017 1201 5017 2180 5016 1202 5018 2182 5019 2181 5020 1200 5021 1200 5021 2181 5020 1201 5022 2183 5023 2182 5024 1199 5025 1199 5025 2182 5024 1200 5026 2184 5027 2183 5028 1198 5029 1198 5029 2183 5028 1199 5030 2185 5031 2184 5032 1197 5033 1197 5033 2184 5032 1198 5034 2186 5035 2185 5036 1196 5037 1196 5037 2185 5036 1197 5038 2187 5039 2186 5040 1195 5041 1195 5041 2186 5040 1196 5042 2188 5043 2187 5044 1194 5045 1194 5045 2187 5044 1195 5046 2189 5047 2188 5048 1193 5049 1193 5049 2188 5048 1194 5050 2190 5051 2189 5052 1192 5053 1192 5053 2189 5052 1193 5054 2191 5055 2190 5056 1191 5057 1191 5057 2190 5056 1192 5058 2192 5059 2191 5060 1190 5061 1190 5061 2191 5060 1191 5062 2193 5063 2192 5064 1189 5065 1189 5065 2192 5064 1190 5066 2194 5067 2193 5068 1188 5069 1188 5069 2193 5068 1189 5070 2195 5071 2194 5072 1187 5073 1187 5073 2194 5072 1188 5074 2196 5075 2195 5076 1186 5077 1186 5077 2195 5076 1187 5078 2197 5079 2196 5080 1185 5081 1185 5081 2196 5080 1186 5082 2198 5083 2197 5084 1184 5085 1184 5085 2197 5084 1185 5086 2199 5087 2198 5088 1183 5089 1183 5089 2198 5088 1184 5090 2200 5091 2199 5092 1182 5093 1182 5093 2199 5092 1183 5094 2201 5095 2200 5096 1181 5097 1181 5097 2200 5096 1182 5098 2202 5099 2201 5100 1180 5101 1180 5101 2201 5100 1181 5102 2203 5103 2202 5104 1179 5105 1179 5105 2202 5104 1180 5106 2204 5107 2203 5108 1178 5109 1178 5109 2203 5108 1179 5110 2205 5111 2204 5112 1177 5113 1177 5113 2204 5112 1178 5114 2206 5115 2205 5116 1176 5117 1176 5117 2205 5116 1177 5118 2207 5119 2206 5120 1175 5121 1175 5121 2206 5120 1176 5122 2208 5123 2207 5124 1174 5125 1174 5125 2207 5124 1175 5126 2209 5127 2208 5128 1173 5129 1173 5129 2208 5128 1174 5130 2210 5131 2209 5132 1172 5133 1172 5133 2209 5132 1173 5134 2211 5135 2210 5136 1171 5137 1171 5137 2210 5136 1172 5138 2212 5139 2211 5140 1170 5141 1170 5141 2211 5140 1171 5142 2213 5143 2212 5144 1169 5145 1169 5145 2212 5144 1170 5146 2214 5147 2213 5148 1168 5149 1168 5149 2213 5148 1169 5150 2215 5151 2214 5152 1167 5153 1167 5153 2214 5152 1168 5154 2216 5155 2215 5156 1166 5157 1166 5157 2215 5156 1167 5158 2217 5159 2216 5160 1165 5161 1165 5161 2216 5160 1166 5162 1162 5163 2218 5164 1163 5165 1163 5165 2218 5164 2219 5166 1163 5165 2219 5166 1164 5167 1164 5167 2219 5166 2220 5168 1164 5167 2220 5168 1165 5169 1165 5169 2220 5168 2217 5170 2221 5171 2218 5172 1161 5173 1161 5173 2218 5172 1162 5174 2222 5175 2221 5176 1160 5177 1160 5177 2221 5176 1161 5178 2223 5179 2222 5180 1159 5181 1159 5181 2222 5180 1160 5182 2224 5183 2223 5184 1158 5185 1158 5185 2223 5184 1159 5186 2225 5187 2224 5188 1157 5189 1157 5189 2224 5188 1158 5190 2226 5191 2225 5192 1156 5193 1156 5193 2225 5192 1157 5194 2227 5195 2226 5196 1155 5197 1155 5197 2226 5196 1156 5198 2228 5199 2227 5200 1154 5201 1154 5201 2227 5200 1155 5202 2229 5203 2228 5204 1153 5205 1153 5205 2228 5204 1154 5206 2230 5207 2229 5208 1152 5209 1152 5209 2229 5208 1153 5210 2231 5211 2230 5212 1151 5213 1151 5213 2230 5212 1152 5214 2232 5215 2231 5216 1150 5217 1150 5217 2231 5216 1151 5218 2233 5219 2232 5220 1149 5221 1149 5221 2232 5220 1150 5222 2234 5223 2233 5224 1148 5225 1148 5225 2233 5224 1149 5226 2235 5227 2234 5228 1147 5229 1147 5229 2234 5228 1148 5230 2236 5231 2235 5232 1146 5233 1146 5233 2235 5232 1147 5234 2237 5235 2236 5236 1145 5237 1145 5237 2236 5236 1146 5238 2238 5239 2237 5240 1144 5241 1144 5241 2237 5240 1145 5242 2239 5243 2238 5244 1143 5245 1143 5245 2238 5244 1144 5246 2240 5247 2239 5248 1142 5249 1142 5249 2239 5248 1143 5250 2241 5251 2240 5252 1141 5253 1141 5253 2240 5252 1142 5254 2242 5255 2241 5256 1140 5257 1140 5257 2241 5256 1141 5258 2243 5259 2242 5260 1139 5261 1139 5261 2242 5260 1140 5262 2244 5263 2243 5264 1138 5265 1138 5265 2243 5264 1139 5266 2245 5267 2244 5268 1137 5269 1137 5269 2244 5268 1138 5270 2246 5271 2245 5272 1136 5273 1136 5273 2245 5272 1137 5274 2247 5275 2246 5276 1135 5277 1135 5277 2246 5276 1136 5278 2248 5279 2247 5280 1134 5281 1134 5281 2247 5280 1135 5282 2249 5283 2248 5284 1133 5285 1133 5285 2248 5284 1134 5286 2250 5287 2249 5288 1132 5289 1132 5289 2249 5288 1133 5290 2251 5291 2250 5292 1131 5293 1131 5293 2250 5292 1132 5294 2252 5295 2251 5296 1130 5297 1130 5297 2251 5296 1131 5298 2253 5299 2252 5300 1129 5301 1129 5301 2252 5300 1130 5302 2254 5303 2253 5304 1128 5305 1128 5305 2253 5304 1129 5306 2255 5307 2254 5308 1127 5309 1127 5309 2254 5308 1128 5310 2256 5311 2255 5312 1126 5313 1126 5313 2255 5312 1127 5314 2257 5315 2256 5316 1125 5317 1125 5317 2256 5316 1126 5318 2258 5319 2257 5320 1124 5321 1124 5321 2257 5320 1125 5322 2259 5323 2258 5324 1123 5325 1123 5325 2258 5324 1124 5326 2260 5327 2259 5328 1122 5329 1122 5329 2259 5328 1123 5330 2261 5331 2260 5332 1121 5333 1121 5333 2260 5332 1122 5334 2262 5335 2261 5336 1120 5337 1120 5337 2261 5336 1121 5338 2263 5339 2262 5340 1119 5341 1119 5341 2262 5340 1120 5342 2264 5343 2263 5344 1118 5345 1118 5345 2263 5344 1119 5346 2265 5347 2264 5348 1117 5349 1117 5349 2264 5348 1118 5350 2266 5351 2265 5352 1116 5353 1116 5353 2265 5352 1117 5354 1113 5355 2267 5356 1114 5357 1114 5357 2267 5356 2268 5358 1114 5357 2268 5358 1115 5359 1115 5359 2268 5358 2269 5360 1115 5359 2269 5360 1116 5361 1116 5361 2269 5360 2266 5362 2270 5363 2267 5364 1112 5365 1112 5365 2267 5364 1113 5366 2271 5367 2270 5368 1111 5369 1111 5369 2270 5368 1112 5370 2272 5371 2271 5372 1110 5373 1110 5373 2271 5372 1111 5374 2273 5375 2272 5376 1109 5377 1109 5377 2272 5376 1110 5378 2274 5379 2273 5380 1108 5381 1108 5381 2273 5380 1109 5382 2275 5383 2274 5384 1107 5385 1107 5385 2274 5384 1108 5386 2276 5387 2275 5388 1106 5389 1106 5389 2275 5388 1107 5390 2277 5391 2276 5392 1105 5393 1105 5393 2276 5392 1106 5394 2278 5395 2277 5396 1104 5397 1104 5397 2277 5396 1105 5398 2279 5399 2278 5400 1103 5401 1103 5401 2278 5400 1104 5402 2280 5403 2279 5404 1102 5405 1102 5405 2279 5404 1103 5406 2281 5407 2280 5408 1101 5409 1101 5409 2280 5408 1102 5410 2282 5411 2281 5412 1100 5413 1100 5413 2281 5412 1101 5414 2283 5415 2282 5416 1099 5417 1099 5417 2282 5416 1100 5418 2284 5419 2283 5420 1098 5421 1098 5421 2283 5420 1099 5422 2285 5423 2284 5424 1097 5425 1097 5425 2284 5424 1098 5426 2286 5427 2285 5428 1096 5429 1096 5429 2285 5428 1097 5430 2287 5431 2286 5432 1095 5433 1095 5433 2286 5432 1096 5434 2288 5435 2287 5436 1094 5437 1094 5437 2287 5436 1095 5438 2289 5439 2288 5440 1093 5441 1093 5441 2288 5440 1094 5442 2290 5443 2289 5444 1092 5445 1092 5445 2289 5444 1093 5446 2291 5447 2290 5448 1091 5449 1091 5449 2290 5448 1092 5450 2292 5451 2291 5452 1090 5453 1090 5453 2291 5452 1091 5454 2293 5455 2292 5456 1089 5457 1089 5457 2292 5456 1090 5458 2294 5459 2293 5460 1088 5461 1088 5461 2293 5460 1089 5462 2295 5463 2294 5464 1087 5465 1087 5465 2294 5464 1088 5466 2296 5467 2295 5468 1086 5469 1086 5469 2295 5468 1087 5470 2297 5471 2296 5472 1085 5473 1085 5473 2296 5472 1086 5474 2298 5475 2297 5476 1084 5477 1084 5477 2297 5476 1085 5478 2299 5479 2298 5480 1083 5481 1083 5481 2298 5480 1084 5482 2300 5483 2299 5484 1082 5485 1082 5485 2299 5484 1083 5486 2301 5487 2300 5488 1081 5489 1081 5489 2300 5488 1082 5490 2302 5491 2301 5492 1080 5493 1080 5493 2301 5492 1081 5494 2303 5495 2302 5496 1079 5497 1079 5497 2302 5496 1080 5498 2304 5499 2303 5500 1078 5501 1078 5501 2303 5500 1079 5502 2305 5503 2304 5504 1077 5505 1077 5505 2304 5504 1078 5506 2306 5507 2305 5508 1076 5509 1076 5509 2305 5508 1077 5510 2307 5511 2306 5512 1075 5513 1075 5513 2306 5512 1076 5514 2308 5515 2307 5516 1074 5517 1074 5517 2307 5516 1075 5518 2309 5519 2308 5520 1073 5521 1073 5521 2308 5520 1074 5522 2310 5523 2309 5524 1072 5525 1072 5525 2309 5524 1073 5526 2311 5527 2310 5528 1071 5529 1071 5529 2310 5528 1072 5530 2312 5531 2311 5532 1070 5533 1070 5533 2311 5532 1071 5534 2313 5535 2312 5536 1069 5537 1069 5537 2312 5536 1070 5538 2314 5539 2313 5540 1068 5541 1068 5541 2313 5540 1069 5542 2315 5543 2314 5544 1067 5545 1067 5545 2314 5544 1068 5546 1064 5547 1239 5548 1065 5549 1065 5549 1239 5548 2316 5550 1065 5549 2316 5550 1066 5551 1066 5551 2316 5550 2317 5552 1066 5551 2317 5552 1067 5553 1067 5553 2317 5552 2315 5554 157 5555 31 5556 113 5557 113 5557 31 5556 30 5558 113 5557 30 5558 29 5559 157 5555 2145 5560 31 5556 31 5556 2145 5560 2146 5561 31 5556 2146 5561 2147 5562 31 5556 2147 5562 32 5563 32 5563 2147 5562 2148 5564 32 5563 2148 5564 2191 5565 2191 5565 2148 5564 2149 5566 2191 5565 2149 5566 2150 5567 2191 5565 2150 5567 2190 5568 2190 5568 2150 5567 2151 5569 2190 5568 2151 5569 2152 5570 2190 5568 2152 5570 2189 5571 2189 5571 2152 5570 2153 5572 2189 5571 2153 5572 2154 5573 2154 5573 2155 5574 2189 5571 2189 5571 2155 5574 2188 5575 2188 5575 2155 5574 2156 5576 2188 5575 2156 5576 2157 5577 2188 5575 2157 5577 2187 5578 2187 5578 2157 5577 2158 5579 2187 5578 2158 5579 2159 5580 2159 5580 2160 5581 2187 5578 2187 5578 2160 5581 2161 5582 2187 5578 2161 5582 2186 5583 2186 5583 2161 5582 2162 5584 2186 5583 2162 5584 2163 5585 2186 5583 2163 5585 2185 5586 2185 5586 2163 5585 2164 5587 2185 5586 2164 5587 2184 5588 2184 5588 2164 5587 2183 5589 2183 5589 2164 5587 2165 5590 2183 5589 2165 5590 2182 5591 2182 5591 2165 5590 2181 5592 2181 5592 2165 5590 2166 5593 2181 5592 2166 5593 2180 5594 2180 5594 2166 5593 2179 5595 2179 5595 2166 5593 2178 5596 2178 5596 2166 5593 2177 5597 2177 5597 2166 5593 2167 5598 2177 5597 2167 5598 2176 5599 2176 5599 2167 5598 2175 5600 2175 5600 2167 5598 2171 5601 2175 5600 2171 5601 2174 5602 2174 5602 2171 5601 2173 5603 2173 5603 2171 5601 2170 5604 2173 5603 2170 5604 2172 5605 2172 5605 2170 5604 2169 5606 2167 5598 2168 5607 2171 5601 2191 5565 2192 5608 32 5563 32 5563 2192 5608 2193 5609 32 5563 2193 5609 2194 5610 32 5563 2194 5610 33 5611 33 5611 2194 5610 2195 5612 33 5611 2195 5612 2196 5613 2196 5613 2197 5614 33 5611 33 5611 2197 5614 2241 5615 33 5611 2241 5615 2242 5616 2241 5615 2197 5614 2240 5617 2240 5617 2197 5614 2198 5618 2240 5617 2198 5618 2199 5619 2240 5617 2199 5619 2239 5620 2239 5620 2199 5619 2200 5621 2239 5620 2200 5621 2201 5622 2201 5622 2202 5623 2239 5620 2239 5620 2202 5623 2203 5624 2239 5620 2203 5624 2238 5625 2238 5625 2203 5624 2204 5626 2238 5625 2204 5626 2205 5627 2205 5627 2206 5628 2238 5625 2238 5625 2206 5628 2237 5629 2237 5629 2206 5628 2207 5630 2237 5629 2207 5630 2208 5631 2208 5631 2209 5632 2237 5629 2237 5629 2209 5632 2236 5633 2236 5633 2209 5632 2210 5634 2236 5633 2210 5634 2235 5635 2235 5635 2210 5634 2211 5636 2235 5635 2211 5636 2234 5637 2234 5637 2211 5636 2212 5638 2234 5637 2212 5638 2233 5639 2233 5639 2212 5638 2232 5640 2232 5640 2212 5638 2213 5641 2232 5640 2213 5641 2231 5642 2231 5642 2213 5641 2230 5643 2230 5643 2213 5641 2214 5644 2230 5643 2214 5644 2229 5645 2229 5645 2214 5644 2228 5646 2228 5646 2214 5644 2227 5647 2227 5647 2214 5644 2215 5648 2227 5647 2215 5648 2226 5649 2226 5649 2215 5648 2225 5650 2225 5650 2215 5648 2216 5651 2225 5650 2216 5651 2224 5652 2224 5652 2216 5651 2223 5653 2223 5653 2216 5651 2220 5654 2223 5653 2220 5654 2222 5655 2222 5655 2220 5654 2219 5656 2222 5655 2219 5656 2221 5657 2221 5657 2219 5656 2218 5658 2216 5651 2217 5659 2220 5654 2242 5616 2243 5660 33 5611 33 5611 2243 5660 1408 5661 33 5611 1408 5661 1409 5662 1408 5661 2243 5660 1407 5663 1407 5663 2243 5660 2244 5664 1407 5663 2244 5664 1406 5665 1406 5665 2244 5664 2245 5666 1406 5665 2245 5666 1361 5667 1361 5667 2245 5666 2290 5668 1361 5667 2290 5668 1360 5669 1360 5669 2290 5668 2291 5670 1360 5669 2291 5670 1359 5671 1359 5671 2291 5670 2292 5672 1359 5671 2292 5672 1358 5673 1358 5673 2292 5672 2293 5674 1358 5673 2293 5674 1357 5675 1357 5675 2293 5674 2294 5676 1357 5675 2294 5676 1312 5677 1312 5677 2294 5676 1259 5678 1312 5677 1259 5678 1311 5679 1311 5679 1259 5678 1260 5680 1311 5679 1260 5680 1310 5681 1310 5681 1260 5680 1261 5682 1310 5681 1261 5682 1309 5683 1309 5683 1261 5682 1308 5684 1308 5684 1261 5682 1262 5685 1308 5684 1262 5685 1263 5686 2245 5666 2246 5687 2290 5668 2290 5668 2246 5687 2289 5688 2289 5688 2246 5687 2247 5689 2289 5688 2247 5689 2248 5690 2248 5690 2249 5691 2289 5688 2289 5688 2249 5691 2288 5692 2288 5692 2249 5691 2250 5693 2288 5692 2250 5693 2251 5694 2251 5694 2252 5695 2288 5692 2288 5692 2252 5695 2287 5696 2287 5696 2252 5695 2253 5697 2287 5696 2253 5697 2254 5698 2254 5698 2255 5699 2287 5696 2287 5696 2255 5699 2286 5700 2286 5700 2255 5699 2256 5701 2286 5700 2256 5701 2285 5702 2285 5702 2256 5701 2257 5703 2285 5702 2257 5703 2284 5704 2284 5704 2257 5703 2258 5705 2284 5704 2258 5705 2283 5706 2283 5706 2258 5705 2259 5707 2283 5706 2259 5707 2282 5708 2282 5708 2259 5707 2260 5709 2282 5708 2260 5709 2281 5710 2281 5710 2260 5709 2280 5711 2280 5711 2260 5709 2261 5712 2280 5711 2261 5712 2279 5713 2279 5713 2261 5712 2278 5714 2278 5714 2261 5712 2262 5715 2278 5714 2262 5715 2277 5716 2277 5716 2262 5715 2276 5717 2276 5717 2262 5715 2263 5718 2276 5717 2263 5718 2275 5719 2275 5719 2263 5718 2274 5720 2274 5720 2263 5718 2264 5721 2274 5720 2264 5721 2273 5722 2273 5722 2264 5721 2272 5723 2272 5723 2264 5721 2265 5724 2272 5723 2265 5724 2271 5725 2271 5725 2265 5724 2269 5726 2271 5725 2269 5726 2268 5727 2265 5724 2266 5728 2269 5726 2267 5729 2270 5730 2268 5727 2268 5727 2270 5730 2271 5725 2294 5676 2295 5731 1259 5678 1259 5678 2295 5731 1258 5732 1258 5732 2295 5731 2296 5733 1258 5732 2296 5733 2297 5734 1258 5732 2297 5734 1257 5735 1257 5735 2297 5734 2298 5736 1257 5735 2298 5736 2299 5737 1257 5735 2299 5737 1256 5738 1256 5738 2299 5737 2300 5739 1256 5738 2300 5739 2301 5740 1256 5738 2301 5740 1255 5741 1255 5741 2301 5740 2302 5742 1255 5741 2302 5742 2303 5743 1255 5741 2303 5743 1254 5744 1254 5744 2303 5743 2304 5745 1254 5744 2304 5745 1253 5746 1253 5746 2304 5745 2305 5747 1253 5746 2305 5747 1252 5748 1252 5748 2305 5747 1251 5749 1251 5749 2305 5747 2306 5750 1251 5749 2306 5750 1250 5751 1250 5751 2306 5750 2307 5752 1250 5751 2307 5752 1249 5753 1249 5753 2307 5752 1248 5754 1248 5754 2307 5752 2308 5755 1248 5754 2308 5755 1247 5756 1247 5756 2308 5755 2309 5757 1247 5756 2309 5757 1246 5758 1246 5758 2309 5757 2310 5759 1246 5758 2310 5759 1245 5760 1245 5760 2310 5759 1244 5761 1244 5761 2310 5759 2311 5762 1244 5761 2311 5762 1243 5763 1243 5763 2311 5762 2312 5764 1243 5763 2312 5764 1242 5765 1242 5765 2312 5764 2313 5766 1242 5765 2313 5766 1241 5767 1241 5767 2313 5766 1240 5768 1240 5768 2313 5766 2314 5769 1240 5768 2314 5769 1238 5770 1238 5770 2314 5769 2317 5771 1238 5770 2317 5771 2316 5772 2314 5769 2315 5773 2317 5771 2316 5772 1239 5774 1238 5770 1308 5684 1263 5686 1307 5775 1307 5775 1263 5686 1264 5776 1307 5775 1264 5776 1306 5777 1306 5777 1264 5776 1265 5778 1306 5777 1265 5778 1305 5779 1305 5779 1265 5778 1266 5780 1305 5779 1266 5780 1304 5781 1304 5781 1266 5780 1267 5782 1304 5781 1267 5782 1303 5783 1303 5783 1267 5782 1268 5784 1303 5783 1268 5784 1302 5785 1302 5785 1268 5784 1269 5786 1302 5785 1269 5786 1301 5787 1301 5787 1269 5786 1270 5788 1301 5787 1270 5788 1300 5789 1300 5789 1270 5788 1271 5790 1300 5789 1271 5790 1299 5791 1299 5791 1271 5790 1272 5792 1299 5791 1272 5792 1298 5793 1298 5793 1272 5792 1273 5794 1298 5793 1273 5794 1297 5795 1297 5795 1273 5794 1274 5796 1297 5795 1274 5796 1296 5797 1296 5797 1274 5796 1275 5798 1296 5797 1275 5798 1295 5799 1295 5799 1275 5798 1276 5800 1295 5799 1276 5800 1294 5801 1294 5801 1276 5800 1277 5802 1294 5801 1277 5802 1293 5803 1293 5803 1277 5802 1278 5804 1293 5803 1278 5804 1292 5805 1292 5805 1278 5804 1279 5806 1292 5805 1279 5806 1291 5807 1291 5807 1279 5806 1280 5808 1291 5807 1280 5808 1290 5809 1290 5809 1280 5808 1281 5810 1290 5809 1281 5810 1289 5811 1289 5811 1281 5810 1282 5812 1289 5811 1282 5812 1288 5813 1288 5813 1282 5812 1283 5814 1288 5813 1283 5814 1286 5815 1286 5815 1283 5814 1287 5816 1287 5816 1283 5814 1284 5817 1286 5815 1285 5818 1288 5813 1357 5675 1312 5677 1356 5819 1356 5819 1312 5677 1313 5820 1356 5819 1313 5820 1355 5821 1355 5821 1313 5820 1354 5822 1354 5822 1313 5820 1314 5823 1354 5822 1314 5823 1353 5824 1353 5824 1314 5823 1352 5825 1352 5825 1314 5823 1315 5826 1352 5825 1315 5826 1351 5827 1351 5827 1315 5826 1350 5828 1350 5828 1315 5826 1316 5829 1350 5828 1316 5829 1349 5830 1349 5830 1316 5829 1348 5831 1348 5831 1316 5829 1317 5832 1348 5831 1317 5832 1347 5833 1347 5833 1317 5832 1318 5834 1347 5833 1318 5834 1346 5835 1346 5835 1318 5834 1319 5836 1346 5835 1319 5836 1320 5837 1346 5835 1320 5837 1345 5838 1345 5838 1320 5837 1321 5839 1345 5838 1321 5839 1344 5840 1344 5840 1321 5839 1322 5841 1344 5840 1322 5841 1323 5842 1344 5840 1323 5842 1343 5843 1343 5843 1323 5842 1324 5844 1343 5843 1324 5844 1342 5845 1342 5845 1324 5844 1325 5846 1342 5845 1325 5846 1341 5847 1341 5847 1325 5846 1326 5848 1341 5847 1326 5848 1327 5849 1341 5847 1327 5849 1340 5850 1340 5850 1327 5849 1328 5851 1340 5850 1328 5851 1339 5852 1339 5852 1328 5851 1329 5853 1339 5852 1329 5853 1338 5854 1338 5854 1329 5853 1330 5855 1338 5854 1330 5855 1331 5856 1338 5854 1331 5856 1337 5857 1337 5857 1331 5856 1332 5858 1337 5857 1332 5858 1335 5859 1335 5859 1332 5858 1336 5860 1336 5860 1332 5858 1333 5861 1335 5859 1334 5862 1337 5857 1406 5665 1361 5667 1405 5863 1405 5863 1361 5667 1362 5864 1405 5863 1362 5864 1404 5865 1404 5865 1362 5864 1403 5866 1403 5866 1362 5864 1402 5867 1402 5867 1362 5864 1363 5868 1402 5867 1363 5868 1401 5869 1401 5869 1363 5868 1400 5870 1400 5870 1363 5868 1399 5871 1399 5871 1363 5868 1364 5872 1399 5871 1364 5872 1398 5873 1398 5873 1364 5872 1397 5874 1397 5874 1364 5872 1396 5875 1396 5875 1364 5872 1365 5876 1396 5875 1365 5876 1395 5877 1395 5877 1365 5876 1366 5878 1395 5877 1366 5878 1394 5879 1394 5879 1366 5878 1367 5880 1394 5879 1367 5880 1393 5881 1393 5881 1367 5880 1368 5882 1393 5881 1368 5882 1392 5883 1392 5883 1368 5882 1369 5884 1392 5883 1369 5884 1391 5885 1391 5885 1369 5884 1370 5886 1391 5885 1370 5886 1371 5887 1391 5885 1371 5887 1390 5888 1390 5888 1371 5887 1372 5889 1390 5888 1372 5889 1373 5890 1390 5888 1373 5890 1389 5891 1389 5891 1373 5890 1374 5892 1389 5891 1374 5892 1375 5893 1389 5891 1375 5893 1388 5894 1388 5894 1375 5893 1376 5895 1388 5894 1376 5895 1377 5896 1388 5894 1377 5896 1387 5897 1387 5897 1377 5896 1378 5898 1387 5897 1378 5898 1379 5899 1387 5897 1379 5899 1386 5900 1386 5900 1379 5899 1380 5901 1386 5900 1380 5901 1384 5902 1384 5902 1380 5901 1385 5903 1385 5903 1380 5901 1381 5904 1385 5903 1381 5904 1382 5905 1384 5902 1383 5906 1386 5900 1409 5662 1410 5907 33 5611 33 5611 1410 5907 1454 5908 33 5611 1454 5908 1455 5909 1410 5907 1411 5910 1454 5908 1454 5908 1411 5910 1453 5911 1453 5911 1411 5910 1452 5912 1452 5912 1411 5910 1412 5913 1452 5912 1412 5913 1451 5914 1451 5914 1412 5913 1450 5915 1450 5915 1412 5913 1449 5916 1449 5916 1412 5913 1448 5917 1448 5917 1412 5913 1413 5918 1448 5917 1413 5918 1447 5919 1447 5919 1413 5918 1446 5920 1446 5920 1413 5918 1445 5921 1445 5921 1413 5918 1414 5922 1445 5921 1414 5922 1444 5923 1444 5923 1414 5922 1443 5924 1443 5924 1414 5922 1442 5925 1442 5925 1414 5922 1415 5926 1442 5925 1415 5926 1441 5927 1441 5927 1415 5926 1416 5928 1441 5927 1416 5928 1440 5929 1440 5929 1416 5928 1417 5930 1440 5929 1417 5930 1439 5931 1439 5931 1417 5930 1418 5932 1439 5931 1418 5932 1419 5933 1439 5931 1419 5933 1438 5934 1438 5934 1419 5933 1420 5935 1438 5934 1420 5935 1421 5936 1438 5934 1421 5936 1437 5937 1437 5937 1421 5936 1422 5938 1437 5937 1422 5938 1423 5939 1423 5939 1424 5940 1437 5937 1437 5937 1424 5940 1436 5941 1436 5941 1424 5940 1425 5942 1436 5941 1425 5942 1426 5943 1436 5941 1426 5943 1435 5944 1435 5944 1426 5943 1427 5945 1435 5944 1427 5945 1428 5946 1435 5944 1428 5946 1433 5947 1433 5947 1428 5946 1429 5948 1433 5947 1429 5948 1434 5949 1434 5949 1429 5948 1430 5950 1434 5949 1430 5950 1431 5951 1433 5947 1432 5952 1435 5944 33 5611 1455 5909 34 5953 34 5953 1455 5909 1456 5954 34 5953 1456 5954 1457 5955 1457 5955 1458 5956 34 5953 34 5953 1458 5956 1459 5957 34 5953 1459 5957 1460 5958 1461 5959 1501 5960 1460 5958 1460 5958 1501 5960 1502 5961 1460 5958 1502 5961 1503 5962 1462 5963 1499 5964 1461 5959 1461 5959 1499 5964 1500 5965 1461 5959 1500 5965 1501 5960 1463 5966 1496 5967 1462 5963 1462 5963 1496 5967 1497 5968 1462 5963 1497 5968 1498 5969 1464 5970 1494 5971 1463 5966 1463 5966 1494 5971 1495 5972 1463 5966 1495 5972 1496 5967 1465 5973 1490 5974 1464 5970 1464 5970 1490 5974 1491 5975 1464 5970 1491 5975 1492 5976 1466 5977 1488 5978 1465 5973 1465 5973 1488 5978 1489 5979 1465 5973 1489 5979 1490 5974 1488 5978 1466 5977 1487 5980 1487 5980 1466 5977 1467 5981 1487 5980 1467 5981 1468 5982 1487 5980 1468 5982 1486 5983 1486 5983 1468 5982 1469 5984 1486 5983 1469 5984 1470 5985 1486 5983 1470 5985 1485 5986 1485 5986 1470 5985 1471 5987 1485 5986 1471 5987 1472 5988 1472 5988 1473 5989 1485 5986 1485 5986 1473 5989 1474 5990 1485 5986 1474 5990 1484 5991 1484 5991 1474 5990 1475 5992 1484 5991 1475 5992 1476 5993 1484 5991 1476 5993 1482 5994 1482 5994 1476 5993 1477 5995 1482 5994 1477 5995 1478 5996 1482 5994 1478 5996 1483 5997 1483 5997 1478 5996 1479 5998 1483 5997 1479 5998 1480 5999 1482 5994 1481 6000 1484 5991 1492 5976 1493 6001 1464 5970 1464 5970 1493 6001 1494 5971 1498 5969 1499 5964 1462 5963 1504 6002 35 6003 1503 5962 1503 5962 35 6003 34 5953 1503 5962 34 5953 1460 5958 1504 6002 1505 6004 35 6003 35 6003 1505 6004 1506 6005 35 6003 1506 6005 1507 6006 1507 6006 1508 6007 35 6003 35 6003 1508 6007 36 6008 36 6008 1508 6007 1509 6009 36 6008 1509 6009 1551 6010 1551 6010 1509 6009 1510 6011 1551 6010 1510 6011 1550 6012 1550 6012 1510 6011 1511 6013 1550 6012 1511 6013 1549 6014 1549 6014 1511 6013 1548 6015 1548 6015 1511 6013 1512 6016 1548 6015 1512 6016 1547 6017 1547 6017 1512 6016 1546 6018 1546 6018 1512 6016 1513 6019 1546 6018 1513 6019 1545 6020 1545 6020 1513 6019 1544 6021 1544 6021 1513 6019 1514 6022 1544 6021 1514 6022 1543 6023 1543 6023 1514 6022 1515 6024 1543 6023 1515 6024 1542 6025 1542 6025 1515 6024 1541 6026 1541 6026 1515 6024 1540 6027 1540 6027 1515 6024 1539 6028 1539 6028 1515 6024 1538 6029 1538 6029 1515 6024 1516 6030 1538 6029 1516 6030 1537 6031 1537 6031 1516 6030 1536 6032 1536 6032 1516 6030 1517 6033 1536 6032 1517 6033 1535 6034 1535 6034 1517 6033 1518 6035 1535 6034 1518 6035 1519 6036 1535 6034 1519 6036 1534 6037 1534 6037 1519 6036 1520 6038 1534 6037 1520 6038 1521 6039 1521 6039 1522 6040 1534 6037 1534 6037 1522 6040 1523 6041 1534 6037 1523 6041 1524 6042 1524 6042 1525 6043 1534 6037 1534 6037 1525 6043 1533 6044 1533 6044 1525 6043 1531 6045 1533 6044 1531 6045 1530 6046 1525 6043 1526 6047 1531 6045 1531 6045 1526 6047 1527 6048 1531 6045 1527 6048 1532 6049 1532 6049 1527 6048 1528 6050 1532 6049 1528 6050 1529 6051 36 6008 1551 6010 37 6052 37 6052 1551 6010 1552 6053 37 6052 1552 6053 1553 6054 37 6052 1553 6054 38 6055 38 6055 1553 6054 1554 6056 38 6055 1554 6056 1555 6057 1555 6057 1556 6058 38 6055 38 6055 1556 6058 1557 6059 38 6055 1557 6059 39 6060 39 6060 1557 6059 1558 6061 39 6060 1558 6061 40 6062 40 6062 1558 6061 1559 6063 40 6062 1559 6063 1600 6064 1600 6064 1559 6063 1560 6065 1600 6064 1560 6065 1599 6066 1599 6066 1560 6065 1561 6067 1599 6066 1561 6067 1598 6068 1598 6068 1561 6067 1562 6069 1598 6068 1562 6069 1597 6070 1597 6070 1562 6069 1563 6071 1597 6070 1563 6071 1596 6072 1596 6072 1563 6071 1564 6073 1596 6072 1564 6073 1595 6074 1595 6074 1564 6073 1565 6075 1595 6074 1565 6075 1594 6076 1594 6076 1565 6075 1566 6077 1594 6076 1566 6077 1593 6078 1593 6078 1566 6077 1567 6079 1593 6078 1567 6079 1592 6080 1592 6080 1567 6079 1568 6081 1592 6080 1568 6081 1569 6082 1569 6082 1570 6083 1592 6080 1592 6080 1570 6083 1571 6084 1592 6080 1571 6084 1588 6085 1588 6085 1571 6084 1572 6086 1588 6085 1572 6086 1587 6087 1587 6087 1572 6086 1573 6088 1587 6087 1573 6088 1586 6089 1586 6089 1573 6088 1574 6090 1586 6089 1574 6090 1585 6091 1585 6091 1574 6090 1575 6092 1585 6091 1575 6092 1584 6093 1584 6093 1575 6092 1576 6094 1584 6093 1576 6094 1583 6095 1583 6095 1576 6094 1580 6096 1583 6095 1580 6096 1582 6097 1582 6097 1580 6096 1579 6098 1580 6096 1576 6094 1581 6099 1581 6099 1576 6094 1577 6100 1581 6099 1577 6100 1578 6101 1592 6080 1588 6085 1591 6102 1591 6102 1588 6085 1589 6103 1591 6102 1589 6103 1590 6104 1600 6064 1601 6105 40 6062 40 6062 1601 6105 41 6106 41 6106 1601 6105 1602 6107 41 6106 1602 6107 1603 6108 41 6106 1603 6108 42 6109 42 6109 1603 6108 1604 6110 42 6109 1604 6110 1605 6111 1605 6111 1606 6112 42 6109 42 6109 1606 6112 43 6113 43 6113 1606 6112 1607 6114 43 6113 1607 6114 1608 6115 1609 6116 1649 6117 1608 6115 1608 6115 1649 6117 1650 6118 1608 6115 1650 6118 43 6113 43 6113 1650 6118 44 6119 44 6119 1650 6118 1651 6120 44 6119 1651 6120 1652 6121 1649 6117 1609 6116 1648 6122 1648 6122 1609 6116 1610 6123 1648 6122 1610 6123 1611 6124 1648 6122 1611 6124 1647 6125 1647 6125 1611 6124 1612 6126 1647 6125 1612 6126 1613 6127 1647 6125 1613 6127 1646 6128 1646 6128 1613 6127 1614 6129 1646 6128 1614 6129 1615 6130 1646 6128 1615 6130 1645 6131 1645 6131 1615 6130 1616 6132 1645 6131 1616 6132 1644 6133 1644 6133 1616 6132 1617 6134 1644 6133 1617 6134 1618 6135 1618 6135 1619 6136 1644 6133 1644 6133 1619 6136 1620 6137 1644 6133 1620 6137 1621 6138 1644 6133 1621 6138 1643 6139 1643 6139 1621 6138 1622 6140 1643 6139 1622 6140 1623 6141 1643 6139 1623 6141 1642 6142 1642 6142 1623 6141 1624 6143 1642 6142 1624 6143 1641 6144 1641 6144 1624 6143 1640 6145 1640 6145 1624 6143 1625 6146 1640 6145 1625 6146 1639 6147 1639 6147 1625 6146 1638 6148 1638 6148 1625 6146 1637 6149 1637 6149 1625 6146 1636 6150 1636 6150 1625 6146 1635 6151 1635 6151 1625 6146 1634 6152 1634 6152 1625 6146 1626 6153 1634 6152 1626 6153 1630 6154 1630 6154 1626 6153 1627 6155 1629 6156 1632 6157 1630 6154 1630 6154 1632 6157 1633 6158 1630 6154 1633 6158 1634 6152 1628 6159 1631 6160 1629 6156 1629 6156 1631 6160 1632 6157 44 6119 1652 6121 45 6161 45 6161 1652 6121 1653 6162 45 6161 1653 6162 1654 6163 1654 6163 1655 6164 45 6161 45 6161 1655 6164 1656 6165 45 6161 1656 6165 1699 6166 1699 6166 1656 6165 1657 6167 1699 6166 1657 6167 1658 6168 1699 6166 1658 6168 1698 6169 1698 6169 1658 6168 1659 6170 1698 6169 1659 6170 1660 6171 1698 6169 1660 6171 1697 6172 1697 6172 1660 6171 1661 6173 1697 6172 1661 6173 1662 6174 1662 6174 1663 6175 1697 6172 1697 6172 1663 6175 1696 6176 1696 6176 1663 6175 1664 6177 1696 6176 1664 6177 1665 6178 1696 6176 1665 6178 1695 6179 1695 6179 1665 6178 1666 6180 1695 6179 1666 6180 1667 6181 1667 6181 1668 6182 1695 6179 1695 6179 1668 6182 1669 6183 1695 6179 1669 6183 1694 6184 1694 6184 1669 6183 1670 6185 1694 6184 1670 6185 1671 6186 1694 6184 1671 6186 1693 6187 1693 6187 1671 6186 1672 6188 1693 6187 1672 6188 1692 6189 1692 6189 1672 6188 1691 6190 1691 6190 1672 6188 1673 6191 1691 6190 1673 6191 1690 6192 1690 6192 1673 6191 1689 6193 1689 6193 1673 6191 1674 6194 1689 6193 1674 6194 1688 6195 1688 6195 1674 6194 1687 6196 1687 6196 1674 6194 1686 6197 1686 6197 1674 6194 1685 6198 1685 6198 1674 6194 1675 6199 1685 6198 1675 6199 1684 6200 1684 6200 1675 6199 1683 6201 1683 6201 1675 6199 1679 6202 1683 6201 1679 6202 1682 6203 1682 6203 1679 6202 1681 6204 1681 6204 1679 6202 1678 6205 1681 6204 1678 6205 1680 6206 1680 6206 1678 6205 1677 6207 1675 6199 1676 6208 1679 6202 45 6161 1699 6166 46 6209 46 6209 1699 6166 1700 6210 46 6209 1700 6210 1701 6211 1701 6211 1702 6212 46 6209 46 6209 1702 6212 1703 6213 46 6209 1703 6213 1704 6214 1704 6214 1705 6215 46 6209 46 6209 1705 6215 1749 6216 46 6209 1749 6216 47 6217 47 6217 1749 6216 1750 6218 47 6217 1750 6218 1751 6219 1749 6216 1705 6215 1748 6220 1748 6220 1705 6215 1706 6221 1748 6220 1706 6221 1707 6222 1748 6220 1707 6222 1747 6223 1747 6223 1707 6222 1708 6224 1747 6223 1708 6224 1709 6225 1709 6225 1710 6226 1747 6223 1747 6223 1710 6226 1711 6227 1747 6223 1711 6227 1746 6228 1746 6228 1711 6227 1712 6229 1746 6228 1712 6229 1713 6230 1713 6230 1714 6231 1746 6228 1746 6228 1714 6231 1745 6232 1745 6232 1714 6231 1715 6233 1745 6232 1715 6233 1716 6234 1716 6234 1717 6235 1745 6232 1745 6232 1717 6235 1744 6236 1744 6236 1717 6235 1718 6237 1744 6236 1718 6237 1743 6238 1743 6238 1718 6237 1719 6239 1743 6238 1719 6239 1742 6240 1742 6240 1719 6239 1720 6241 1742 6240 1720 6241 1741 6242 1741 6242 1720 6241 1740 6243 1740 6243 1720 6241 1721 6244 1740 6243 1721 6244 1739 6245 1739 6245 1721 6244 1738 6246 1738 6246 1721 6244 1722 6247 1738 6246 1722 6247 1737 6248 1737 6248 1722 6247 1736 6249 1736 6249 1722 6247 1735 6250 1735 6250 1722 6247 1723 6251 1735 6250 1723 6251 1734 6252 1734 6252 1723 6251 1733 6253 1733 6253 1723 6251 1724 6254 1733 6253 1724 6254 1732 6255 1732 6255 1724 6254 1731 6256 1731 6256 1724 6254 1728 6257 1731 6256 1728 6257 1730 6258 1730 6258 1728 6257 1727 6259 1730 6258 1727 6259 1729 6260 1729 6260 1727 6259 1726 6261 1724 6254 1725 6262 1728 6257 1752 6263 1995 6264 1751 6219 1751 6219 1995 6264 1996 6265 1751 6219 1996 6265 47 6217 47 6217 1996 6265 1997 6266 47 6217 1997 6266 1998 6267 1995 6264 1752 6263 1994 6268 1994 6268 1752 6263 1753 6269 1994 6268 1753 6269 1949 6270 1949 6270 1753 6269 1798 6271 1949 6270 1798 6271 1948 6272 1948 6272 1798 6271 1799 6273 1948 6272 1799 6273 1947 6274 1947 6274 1799 6273 1800 6275 1947 6274 1800 6275 1946 6276 1946 6276 1800 6275 1801 6277 1946 6276 1801 6277 1945 6278 1945 6278 1801 6277 1802 6279 1945 6278 1802 6279 1900 6280 1900 6280 1802 6279 1847 6281 1900 6280 1847 6281 1899 6282 1899 6282 1847 6281 1848 6283 1899 6282 1848 6283 1898 6284 1898 6284 1848 6283 1849 6285 1898 6284 1849 6285 1897 6286 1897 6286 1849 6285 1896 6287 1896 6287 1849 6285 1850 6288 1896 6287 1850 6288 1851 6289 1753 6269 1754 6290 1798 6271 1798 6271 1754 6290 1797 6291 1797 6291 1754 6290 1755 6292 1797 6291 1755 6292 1756 6293 1756 6293 1757 6294 1797 6291 1797 6291 1757 6294 1796 6295 1796 6295 1757 6294 1758 6296 1796 6295 1758 6296 1759 6297 1759 6297 1760 6298 1796 6295 1796 6295 1760 6298 1795 6299 1795 6299 1760 6298 1761 6300 1795 6299 1761 6300 1762 6301 1762 6301 1763 6302 1795 6299 1795 6299 1763 6302 1794 6303 1794 6303 1763 6302 1764 6304 1794 6303 1764 6304 1793 6305 1793 6305 1764 6304 1765 6306 1793 6305 1765 6306 1792 6307 1792 6307 1765 6306 1766 6308 1792 6307 1766 6308 1791 6309 1791 6309 1766 6308 1767 6310 1791 6309 1767 6310 1790 6311 1790 6311 1767 6310 1768 6312 1790 6311 1768 6312 1789 6313 1789 6313 1768 6312 1788 6314 1788 6314 1768 6312 1769 6315 1788 6314 1769 6315 1787 6316 1787 6316 1769 6315 1786 6317 1786 6317 1769 6315 1770 6318 1786 6317 1770 6318 1785 6319 1785 6319 1770 6318 1784 6320 1784 6320 1770 6318 1771 6321 1784 6320 1771 6321 1783 6322 1783 6322 1771 6321 1782 6323 1782 6323 1771 6321 1772 6324 1782 6323 1772 6324 1781 6325 1781 6325 1772 6324 1780 6326 1780 6326 1772 6324 1773 6327 1780 6326 1773 6327 1779 6328 1779 6328 1773 6327 1777 6329 1779 6328 1777 6329 1776 6330 1773 6327 1774 6331 1777 6329 1775 6332 1778 6333 1776 6330 1776 6330 1778 6333 1779 6328 1802 6279 1803 6334 1847 6281 1847 6281 1803 6334 1846 6335 1846 6335 1803 6334 1804 6336 1846 6335 1804 6336 1805 6337 1846 6335 1805 6337 1845 6338 1845 6338 1805 6337 1806 6339 1845 6338 1806 6339 1807 6340 1845 6338 1807 6340 1844 6341 1844 6341 1807 6340 1808 6342 1844 6341 1808 6342 1809 6343 1844 6341 1809 6343 1843 6344 1843 6344 1809 6343 1810 6345 1843 6344 1810 6345 1811 6346 1843 6344 1811 6346 1842 6347 1842 6347 1811 6346 1812 6348 1842 6347 1812 6348 1841 6349 1841 6349 1812 6348 1813 6350 1841 6349 1813 6350 1840 6351 1840 6351 1813 6350 1839 6352 1839 6352 1813 6350 1814 6353 1839 6352 1814 6353 1838 6354 1838 6354 1814 6353 1815 6355 1838 6354 1815 6355 1837 6356 1837 6356 1815 6355 1836 6357 1836 6357 1815 6355 1816 6358 1836 6357 1816 6358 1835 6359 1835 6359 1816 6358 1817 6360 1835 6359 1817 6360 1834 6361 1834 6361 1817 6360 1818 6362 1834 6361 1818 6362 1833 6363 1833 6363 1818 6362 1832 6364 1832 6364 1818 6362 1819 6365 1832 6364 1819 6365 1831 6366 1831 6366 1819 6365 1820 6367 1831 6366 1820 6367 1830 6368 1830 6368 1820 6367 1821 6369 1830 6368 1821 6369 1829 6370 1829 6370 1821 6369 1828 6371 1828 6371 1821 6369 1822 6372 1828 6371 1822 6372 1827 6373 1827 6373 1822 6372 1826 6374 1827 6373 1826 6374 1825 6375 1822 6372 1823 6376 1826 6374 1825 6375 1824 6377 1827 6373 1896 6287 1851 6289 1895 6378 1895 6378 1851 6289 1852 6379 1895 6378 1852 6379 1894 6380 1894 6380 1852 6379 1853 6381 1894 6380 1853 6381 1893 6382 1893 6382 1853 6381 1854 6383 1893 6382 1854 6383 1892 6384 1892 6384 1854 6383 1855 6385 1892 6384 1855 6385 1891 6386 1891 6386 1855 6385 1856 6387 1891 6386 1856 6387 1890 6388 1890 6388 1856 6387 1857 6389 1890 6388 1857 6389 1889 6390 1889 6390 1857 6389 1858 6391 1889 6390 1858 6391 1888 6392 1888 6392 1858 6391 1859 6393 1888 6392 1859 6393 1887 6394 1887 6394 1859 6393 1860 6395 1887 6394 1860 6395 1886 6396 1886 6396 1860 6395 1861 6397 1886 6396 1861 6397 1885 6398 1885 6398 1861 6397 1862 6399 1885 6398 1862 6399 1884 6400 1884 6400 1862 6399 1863 6401 1884 6400 1863 6401 1883 6402 1883 6402 1863 6401 1864 6403 1883 6402 1864 6403 1882 6404 1882 6404 1864 6403 1865 6405 1882 6404 1865 6405 1881 6406 1881 6406 1865 6405 1866 6407 1881 6406 1866 6407 1880 6408 1880 6408 1866 6407 1867 6409 1880 6408 1867 6409 1879 6410 1879 6410 1867 6409 1868 6411 1879 6410 1868 6411 1878 6412 1878 6412 1868 6411 1869 6413 1878 6412 1869 6413 1877 6414 1877 6414 1869 6413 1870 6415 1877 6414 1870 6415 1876 6416 1876 6416 1870 6415 1871 6417 1876 6416 1871 6417 1874 6418 1874 6418 1871 6417 1875 6419 1875 6419 1871 6417 1872 6420 1874 6418 1873 6421 1876 6416 1945 6278 1900 6280 1944 6422 1944 6422 1900 6280 1901 6423 1944 6422 1901 6423 1943 6424 1943 6424 1901 6423 1942 6425 1942 6425 1901 6423 1902 6426 1942 6425 1902 6426 1941 6427 1941 6427 1902 6426 1940 6428 1940 6428 1902 6426 1903 6429 1940 6428 1903 6429 1939 6430 1939 6430 1903 6429 1938 6431 1938 6431 1903 6429 1904 6432 1938 6431 1904 6432 1937 6433 1937 6433 1904 6432 1936 6434 1936 6434 1904 6432 1905 6435 1936 6434 1905 6435 1935 6436 1935 6436 1905 6435 1906 6437 1935 6436 1906 6437 1934 6438 1934 6438 1906 6437 1907 6439 1934 6438 1907 6439 1908 6440 1934 6438 1908 6440 1933 6441 1933 6441 1908 6440 1909 6442 1933 6441 1909 6442 1932 6443 1932 6443 1909 6442 1910 6444 1932 6443 1910 6444 1911 6445 1932 6443 1911 6445 1931 6446 1931 6446 1911 6445 1912 6447 1931 6446 1912 6447 1930 6448 1930 6448 1912 6447 1913 6449 1930 6448 1913 6449 1929 6450 1929 6450 1913 6449 1914 6451 1929 6450 1914 6451 1915 6452 1929 6450 1915 6452 1928 6453 1928 6453 1915 6452 1916 6454 1928 6453 1916 6454 1927 6455 1927 6455 1916 6454 1917 6456 1927 6455 1917 6456 1926 6457 1926 6457 1917 6456 1918 6458 1926 6457 1918 6458 1919 6459 1926 6457 1919 6459 1925 6460 1925 6460 1919 6459 1920 6461 1925 6460 1920 6461 1923 6462 1923 6462 1920 6461 1924 6463 1924 6463 1920 6461 1921 6464 1923 6462 1922 6465 1925 6460 1994 6268 1949 6270 1993 6466 1993 6466 1949 6270 1950 6467 1993 6466 1950 6467 1992 6468 1992 6468 1950 6467 1991 6469 1991 6469 1950 6467 1990 6470 1990 6470 1950 6467 1951 6471 1990 6470 1951 6471 1989 6472 1989 6472 1951 6471 1988 6473 1988 6473 1951 6471 1987 6474 1987 6474 1951 6471 1952 6475 1987 6474 1952 6475 1986 6476 1986 6476 1952 6475 1985 6477 1985 6477 1952 6475 1984 6478 1984 6478 1952 6475 1953 6479 1984 6478 1953 6479 1983 6480 1983 6480 1953 6479 1954 6481 1983 6480 1954 6481 1982 6482 1982 6482 1954 6481 1955 6483 1982 6482 1955 6483 1981 6484 1981 6484 1955 6483 1956 6485 1981 6484 1956 6485 1980 6486 1980 6486 1956 6485 1957 6487 1980 6486 1957 6487 1979 6488 1979 6488 1957 6487 1958 6489 1979 6488 1958 6489 1959 6490 1979 6488 1959 6490 1978 6491 1978 6491 1959 6490 1960 6492 1978 6491 1960 6492 1961 6493 1978 6491 1961 6493 1977 6494 1977 6494 1961 6493 1962 6495 1977 6494 1962 6495 1963 6496 1977 6494 1963 6496 1976 6497 1976 6497 1963 6496 1964 6498 1976 6497 1964 6498 1965 6499 1976 6497 1965 6499 1975 6500 1975 6500 1965 6499 1966 6501 1975 6500 1966 6501 1967 6502 1975 6500 1967 6502 1974 6503 1974 6503 1967 6502 1968 6504 1974 6503 1968 6504 1972 6505 1972 6505 1968 6504 1973 6506 1973 6506 1968 6504 1969 6507 1973 6506 1969 6507 1970 6508 1972 6505 1971 6509 1974 6503 47 6217 1998 6267 2042 6510 2042 6510 1998 6267 1999 6511 2042 6510 1999 6511 2041 6512 2041 6512 1999 6511 2040 6513 2040 6513 1999 6511 2000 6514 2040 6513 2000 6514 2039 6515 2039 6515 2000 6514 2038 6516 2038 6516 2000 6514 2037 6517 2037 6517 2000 6514 2036 6518 2036 6518 2000 6514 2001 6519 2036 6518 2001 6519 2035 6520 2035 6520 2001 6519 2034 6521 2034 6521 2001 6519 2033 6522 2033 6522 2001 6519 2002 6523 2033 6522 2002 6523 2032 6524 2032 6524 2002 6523 2031 6525 2031 6525 2002 6523 2030 6526 2030 6526 2002 6523 2003 6527 2030 6526 2003 6527 2029 6528 2029 6528 2003 6527 2004 6529 2029 6528 2004 6529 2028 6530 2028 6530 2004 6529 2005 6531 2028 6530 2005 6531 2027 6532 2027 6532 2005 6531 2006 6533 2027 6532 2006 6533 2007 6534 2027 6532 2007 6534 2026 6535 2026 6535 2007 6534 2008 6536 2026 6535 2008 6536 2009 6537 2026 6535 2009 6537 2025 6538 2025 6538 2009 6537 2010 6539 2025 6538 2010 6539 2011 6540 2011 6540 2012 6541 2025 6538 2025 6538 2012 6541 2024 6542 2024 6542 2012 6541 2013 6543 2024 6542 2013 6543 2014 6544 2024 6542 2014 6544 2023 6545 2023 6545 2014 6544 2015 6546 2023 6545 2015 6546 2016 6547 2023 6545 2016 6547 2021 6548 2021 6548 2016 6547 2017 6549 2021 6548 2017 6549 2022 6550 2022 6550 2017 6549 2018 6551 2022 6550 2018 6551 2019 6552 2021 6548 2020 6553 2023 6545 2042 6510 2043 6554 47 6217 47 6217 2043 6554 2044 6555 47 6217 2044 6555 2045 6556 2045 6556 2046 6557 47 6217 47 6217 2046 6557 2047 6558 47 6217 2047 6558 48 6559 48 6559 2047 6558 2048 6560 48 6559 2048 6560 2091 6561 2091 6561 2048 6560 2090 6562 2090 6562 2048 6560 2089 6563 2089 6563 2048 6560 2049 6564 2089 6563 2049 6564 2088 6565 2088 6565 2049 6564 2087 6566 2087 6566 2049 6564 2050 6567 2087 6566 2050 6567 2086 6568 2086 6568 2050 6567 2085 6569 2085 6569 2050 6567 2084 6570 2084 6570 2050 6567 2051 6571 2084 6570 2051 6571 2083 6572 2083 6572 2051 6571 2082 6573 2082 6573 2051 6571 2052 6574 2082 6573 2052 6574 2081 6575 2081 6575 2052 6574 2080 6576 2080 6576 2052 6574 2079 6577 2079 6577 2052 6574 2078 6578 2078 6578 2052 6574 2053 6579 2078 6578 2053 6579 2077 6580 2077 6580 2053 6579 2076 6581 2076 6581 2053 6579 2054 6582 2076 6581 2054 6582 2075 6583 2075 6583 2054 6582 2055 6584 2075 6583 2055 6584 2056 6585 2075 6583 2056 6585 2074 6586 2074 6586 2056 6585 2057 6587 2074 6586 2057 6587 2058 6588 2074 6586 2058 6588 2073 6589 2073 6589 2058 6588 2059 6590 2073 6589 2059 6590 2060 6591 2060 6591 2061 6592 2073 6589 2073 6589 2061 6592 2062 6593 2073 6589 2062 6593 2072 6594 2072 6594 2062 6593 2063 6595 2072 6594 2063 6595 2064 6596 2072 6594 2064 6596 2070 6597 2070 6597 2064 6596 2065 6598 2070 6597 2065 6598 2066 6599 2070 6597 2066 6599 2071 6600 2071 6600 2066 6599 2067 6601 2071 6600 2067 6601 2068 6602 2070 6597 2069 6603 2072 6594 2091 6561 2092 6604 48 6559 48 6559 2092 6604 49 6605 49 6605 2092 6604 2093 6606 49 6605 2093 6606 2094 6607 2094 6607 2095 6608 49 6605 49 6605 2095 6608 2096 6609 49 6605 2096 6609 2097 6610 2098 6611 2139 6612 2097 6610 2097 6610 2139 6612 50 6613 2097 6610 50 6613 49 6605 2139 6612 2098 6611 2138 6614 2138 6614 2098 6611 2099 6615 2138 6614 2099 6615 2137 6616 2137 6616 2099 6615 2136 6617 2136 6617 2099 6615 2100 6618 2136 6617 2100 6618 2135 6619 2135 6619 2100 6618 2134 6620 2134 6620 2100 6618 2101 6621 2134 6620 2101 6621 2133 6622 2133 6622 2101 6621 2132 6623 2132 6623 2101 6621 2102 6624 2132 6623 2102 6624 2131 6625 2131 6625 2102 6624 2103 6626 2131 6625 2103 6626 2130 6627 2130 6627 2103 6626 2129 6628 2129 6628 2103 6626 2128 6629 2128 6629 2103 6626 2127 6630 2127 6630 2103 6626 2126 6631 2126 6631 2103 6626 2104 6632 2126 6631 2104 6632 2125 6633 2125 6633 2104 6632 2124 6634 2124 6634 2104 6632 2105 6635 2124 6634 2105 6635 2123 6636 2123 6636 2105 6635 2106 6637 2123 6636 2106 6637 2107 6638 2123 6636 2107 6638 2122 6639 2122 6639 2107 6638 2108 6640 2122 6639 2108 6640 2109 6641 2109 6641 2110 6642 2122 6639 2122 6639 2110 6642 2111 6643 2122 6639 2111 6643 2112 6644 2112 6644 2113 6645 2122 6639 2122 6639 2113 6645 2121 6646 2121 6646 2113 6645 2119 6647 2121 6646 2119 6647 2118 6648 2113 6645 2114 6649 2119 6647 2119 6647 2114 6649 2115 6650 2119 6647 2115 6650 2120 6651 2120 6651 2115 6650 2116 6652 2120 6651 2116 6652 2117 6653 2139 6612 2140 6654 50 6613 50 6613 2140 6654 51 6655 51 6655 2140 6654 2141 6656 51 6655 2141 6656 2142 6657 2142 6657 2143 6658 51 6655 51 6655 2143 6658 52 6659 52 6659 2143 6658 2144 6660 52 6659 2144 6660 54 6661 57 6662 74 6663 54 6661 54 6661 74 6663 73 6664 54 6661 73 6664 113 5557 113 5557 73 6664 72 6665 113 5557 72 6665 71 6666 135 6667 78 6668 57 6662 57 6662 78 6668 77 6669 57 6662 77 6669 76 6670 135 6667 134 6671 78 6668 78 6668 134 6671 133 6672 78 6668 133 6672 79 6673 79 6673 133 6672 132 6674 79 6673 132 6674 131 6675 79 6673 131 6675 80 6676 80 6676 131 6675 130 6677 80 6676 130 6677 81 6678 81 6678 130 6677 129 6679 81 6678 129 6679 82 6680 82 6680 129 6679 128 6681 82 6680 128 6681 83 6682 83 6682 128 6681 127 6683 83 6682 127 6683 84 6684 84 6684 127 6683 126 6685 84 6684 126 6685 58 6686 58 6686 126 6685 125 6687 58 6686 125 6687 59 6688 59 6688 125 6687 60 6689 60 6689 125 6687 124 6690 60 6689 124 6690 61 6691 61 6691 124 6690 123 6692 61 6691 123 6692 62 6693 62 6693 123 6692 122 6694 62 6693 122 6694 121 6695 62 6693 121 6695 63 6696 63 6696 121 6695 120 6697 63 6696 120 6697 64 6698 64 6698 120 6697 119 6699 64 6698 119 6699 118 6700 118 6700 117 6701 64 6698 64 6698 117 6701 116 6702 64 6698 116 6702 114 6703 113 5557 69 6704 114 6703 114 6703 69 6704 68 6705 114 6703 68 6705 67 6706 28 6707 27 6708 54 6661 54 6661 27 6708 53 6709 54 6661 53 6709 52 6659 29 5559 28 6707 113 5557 113 5557 28 6707 54 6661 76 6670 75 6710 57 6662 57 6662 75 6710 74 6663 71 6666 70 6711 113 5557 113 5557 70 6711 69 6704 67 6706 66 6712 114 6703 114 6703 66 6712 65 6713 114 6703 65 6713 64 6698 2319 6714 2371 6715 2318 6716 2318 6716 2371 6715 2345 6717 2318 6716 2345 6717 2344 6718 2344 6718 2345 6717 2346 6719 2344 6718 2346 6719 2343 6720 2343 6720 2346 6719 2347 6721 2343 6720 2347 6721 2342 6722 2342 6722 2347 6721 2348 6723 2342 6722 2348 6723 2341 6724 2341 6724 2348 6723 2349 6725 2341 6724 2349 6725 2340 6726 2340 6726 2349 6725 2350 6727 2340 6726 2350 6727 2339 6728 2339 6728 2350 6727 2351 6729 2339 6728 2351 6729 2338 6730 2338 6730 2351 6729 2352 6731 2338 6730 2352 6731 2337 6732 2337 6732 2352 6731 2353 6733 2337 6732 2353 6733 2336 6734 2336 6734 2353 6733 2354 6735 2336 6734 2354 6735 2335 6736 2335 6736 2354 6735 2355 6737 2335 6736 2355 6737 2334 6738 2334 6738 2355 6737 2356 6739 2334 6738 2356 6739 2333 6740 2333 6740 2356 6739 2357 6741 2333 6740 2357 6741 2332 6742 2332 6742 2357 6741 2358 6743 2332 6742 2358 6743 2331 6744 2331 6744 2358 6743 2359 6745 2331 6744 2359 6745 2330 6746 2330 6746 2359 6745 2360 6747 2330 6746 2360 6747 2329 6748 2329 6748 2360 6747 2361 6749 2329 6748 2361 6749 2328 6750 2328 6750 2361 6749 2362 6751 2328 6750 2362 6751 2327 6752 2327 6752 2362 6751 2363 6753 2327 6752 2363 6753 2326 6754 2326 6754 2363 6753 2364 6755 2326 6754 2364 6755 2325 6756 2325 6756 2364 6755 2365 6757 2325 6756 2365 6757 2324 6758 2324 6758 2365 6757 2366 6759 2324 6758 2366 6759 2323 6760 2323 6760 2366 6759 2367 6761 2323 6760 2367 6761 2322 6762 2322 6762 2367 6761 2368 6763 2322 6762 2368 6763 2321 6764 2321 6764 2368 6763 2369 6765 2321 6764 2369 6765 2320 6766 2320 6766 2369 6765 2370 6767 2320 6766 2370 6767 2319 6714 2319 6714 2370 6767 2371 6715 2373 6768 2425 6769 2372 6770 2372 6770 2425 6769 2399 6771 2372 6770 2399 6771 2398 6772 2398 6772 2399 6771 2400 6773 2398 6772 2400 6773 2397 6774 2397 6774 2400 6773 2401 6775 2397 6774 2401 6775 2396 6776 2396 6776 2401 6775 2402 6777 2396 6776 2402 6777 2395 6778 2395 6778 2402 6777 2403 6779 2395 6778 2403 6779 2394 6780 2394 6780 2403 6779 2404 6781 2394 6780 2404 6781 2393 6782 2393 6782 2404 6781 2405 6783 2393 6782 2405 6783 2392 6784 2392 6784 2405 6783 2406 6785 2392 6784 2406 6785 2391 6786 2391 6786 2406 6785 2407 6787 2391 6786 2407 6787 2390 6788 2390 6788 2407 6787 2408 6789 2390 6788 2408 6789 2389 6790 2389 6790 2408 6789 2409 6791 2389 6790 2409 6791 2388 6792 2388 6792 2409 6791 2410 6793 2388 6792 2410 6793 2387 6794 2387 6794 2410 6793 2411 6795 2387 6794 2411 6795 2386 6796 2386 6796 2411 6795 2412 6797 2386 6796 2412 6797 2385 6798 2385 6798 2412 6797 2413 6799 2385 6798 2413 6799 2384 6800 2384 6800 2413 6799 2414 6801 2384 6800 2414 6801 2383 6802 2383 6802 2414 6801 2415 6803 2383 6802 2415 6803 2382 6804 2382 6804 2415 6803 2416 6805 2382 6804 2416 6805 2381 6806 2381 6806 2416 6805 2417 6807 2381 6806 2417 6807 2380 6808 2380 6808 2417 6807 2418 6809 2380 6808 2418 6809 2379 6810 2379 6810 2418 6809 2419 6811 2379 6810 2419 6811 2378 6812 2378 6812 2419 6811 2420 6813 2378 6812 2420 6813 2377 6814 2377 6814 2420 6813 2421 6815 2377 6814 2421 6815 2376 6816 2376 6816 2421 6815 2422 6817 2376 6816 2422 6817 2375 6818 2375 6818 2422 6817 2423 6819 2375 6818 2423 6819 2374 6820 2374 6820 2423 6819 2424 6821 2374 6820 2424 6821 2373 6768 2373 6768 2424 6821 2425 6769 2469 6822 2426 6823 2468 6824 2468 6824 2426 6823 2427 6825 2468 6824 2427 6825 2467 6826 2467 6826 2427 6825 2428 6827 2467 6826 2428 6827 2466 6828 2466 6828 2428 6827 2429 6829 2466 6828 2429 6829 2465 6830 2465 6830 2429 6829 2430 6831 2465 6830 2430 6831 2464 6832 2464 6832 2430 6831 2431 6833 2464 6832 2431 6833 2463 6834 2463 6834 2431 6833 2432 6835 2463 6834 2432 6835 2462 6836 2462 6836 2432 6835 2433 6837 2462 6836 2433 6837 2461 6838 2461 6838 2433 6837 2434 6839 2461 6838 2434 6839 2460 6840 2460 6840 2434 6839 2435 6841 2460 6840 2435 6841 2459 6842 2459 6842 2435 6841 2436 6843 2459 6842 2436 6843 2458 6844 2458 6844 2436 6843 2437 6845 2458 6844 2437 6845 2457 6846 2457 6846 2437 6845 2438 6847 2457 6846 2438 6847 2456 6848 2456 6848 2438 6847 2439 6849 2456 6848 2439 6849 2455 6850 2455 6850 2439 6849 2440 6851 2455 6850 2440 6851 2454 6852 2454 6852 2440 6851 2441 6853 2454 6852 2441 6853 2453 6854 2453 6854 2441 6853 2442 6855 2453 6854 2442 6855 2452 6856 2452 6856 2442 6855 2443 6857 2452 6856 2443 6857 2451 6858 2451 6858 2443 6857 2444 6859 2451 6858 2444 6859 2450 6860 2450 6860 2444 6859 2445 6861 2450 6860 2445 6861 2449 6862 2449 6862 2445 6861 2446 6863 2449 6862 2446 6863 2448 6864 2448 6864 2446 6863 2447 6865 2470 6866 2471 6867 2475 6868 2475 6868 2471 6867 2474 6869 2474 6869 2471 6867 2472 6870 2474 6869 2472 6870 2473 6871 2473 6871 2472 6870 2426 6872 2473 6871 2426 6872 2469 6873 2476 6874 2477 6875 2507 6876 2507 6876 2477 6875 2506 6877 2506 6877 2477 6875 2478 6878 2506 6877 2478 6878 2505 6879 2505 6879 2478 6878 2479 6880 2505 6879 2479 6880 2504 6881 2504 6881 2479 6880 2480 6882 2504 6881 2480 6882 2503 6883 2503 6883 2480 6882 2481 6884 2503 6883 2481 6884 2502 6885 2502 6885 2481 6884 2482 6886 2502 6885 2482 6886 2501 6887 2501 6887 2482 6886 2483 6888 2501 6887 2483 6888 2500 6889 2500 6889 2483 6888 2484 6890 2500 6889 2484 6890 2499 6891 2499 6891 2484 6890 2485 6892 2499 6891 2485 6892 2498 6893 2498 6893 2485 6892 2486 6894 2498 6893 2486 6894 2497 6895 2497 6895 2486 6894 2487 6896 2497 6895 2487 6896 2496 6897 2496 6897 2487 6896 2488 6898 2496 6897 2488 6898 2495 6899 2495 6899 2488 6898 2489 6900 2495 6899 2489 6900 2494 6901 2494 6901 2489 6900 2490 6902 2494 6901 2490 6902 2493 6903 2493 6903 2490 6902 2491 6904 2493 6903 2491 6904 2492 6905 2492 6905 2491 6904 2470 6866 2492 6905 2470 6866 2475 6868 2508 6906 2509 6907 2513 6908 2513 6908 2509 6907 2512 6909 2512 6909 2509 6907 2510 6910 2512 6909 2510 6910 2511 6911 2511 6911 2510 6910 2476 6874 2511 6911 2476 6874 2507 6876 2555 6912 2514 6913 2554 6914 2554 6914 2514 6913 2515 6915 2554 6914 2515 6915 2553 6916 2553 6916 2515 6915 2516 6917 2553 6916 2516 6917 2552 6918 2552 6918 2516 6917 2517 6919 2552 6918 2517 6919 2551 6920 2551 6920 2517 6919 2518 6921 2551 6920 2518 6921 2550 6922 2550 6922 2518 6921 2519 6923 2550 6922 2519 6923 2549 6924 2549 6924 2519 6923 2520 6925 2549 6924 2520 6925 2548 6926 2548 6926 2520 6925 2521 6927 2548 6926 2521 6927 2547 6928 2547 6928 2521 6927 2522 6929 2547 6928 2522 6929 2546 6930 2546 6930 2522 6929 2523 6931 2546 6930 2523 6931 2545 6932 2545 6932 2523 6931 2524 6933 2545 6932 2524 6933 2544 6934 2544 6934 2524 6933 2525 6935 2544 6934 2525 6935 2543 6936 2543 6936 2525 6935 2526 6937 2543 6936 2526 6937 2542 6938 2542 6938 2526 6937 2527 6939 2542 6938 2527 6939 2541 6940 2541 6940 2527 6939 2528 6941 2541 6940 2528 6941 2540 6942 2540 6942 2528 6941 2529 6943 2540 6942 2529 6943 2539 6944 2539 6944 2529 6943 2530 6945 2539 6944 2530 6945 2538 6946 2538 6946 2530 6945 2531 6947 2538 6946 2531 6947 2537 6948 2537 6948 2531 6947 2532 6949 2537 6948 2532 6949 2536 6950 2536 6950 2532 6949 2533 6951 2536 6950 2533 6951 2535 6952 2535 6952 2533 6951 2534 6953 2535 6952 2534 6953 2513 6954 2513 6954 2534 6953 2508 6955 2556 6956 2557 6957 2561 6958 2561 6958 2557 6957 2560 6959 2560 6959 2557 6957 2558 6960 2560 6959 2558 6960 2559 6961 2559 6961 2558 6960 2514 6962 2559 6961 2514 6962 2555 6963 2562 6964 2563 6965 2593 6966 2593 6966 2563 6965 2592 6967 2592 6967 2563 6965 2564 6968 2592 6967 2564 6968 2591 6969 2591 6969 2564 6968 2565 6970 2591 6969 2565 6970 2590 6971 2590 6971 2565 6970 2566 6972 2590 6971 2566 6972 2589 6973 2589 6973 2566 6972 2567 6974 2589 6973 2567 6974 2588 6975 2588 6975 2567 6974 2568 6976 2588 6975 2568 6976 2587 6977 2587 6977 2568 6976 2569 6978 2587 6977 2569 6978 2586 6979 2586 6979 2569 6978 2570 6980 2586 6979 2570 6980 2585 6981 2585 6981 2570 6980 2571 6982 2585 6981 2571 6982 2584 6983 2584 6983 2571 6982 2572 6984 2584 6983 2572 6984 2583 6985 2583 6985 2572 6984 2573 6986 2583 6985 2573 6986 2582 6987 2582 6987 2573 6986 2574 6988 2582 6987 2574 6988 2581 6989 2581 6989 2574 6988 2575 6990 2581 6989 2575 6990 2580 6991 2580 6991 2575 6990 2576 6992 2580 6991 2576 6992 2579 6993 2579 6993 2576 6992 2577 6994 2579 6993 2577 6994 2578 6995 2578 6995 2577 6994 2556 6956 2578 6995 2556 6956 2561 6958 2447 6996 2594 6997 2448 6998 2448 6998 2594 6997 2597 6999 2597 6999 2594 6997 2595 7000 2597 6999 2595 7000 2596 7001 2596 7001 2595 7000 2562 7002 2596 7001 2562 7002 2593 7003 2448 7004 2597 7005 2449 7006 2449 7006 2597 7005 2450 7007 2450 7007 2597 7005 2596 7008 2450 7007 2596 7008 2593 7009 2450 7007 2593 7009 2451 7010 2451 7010 2593 7009 2592 7011 2451 7010 2592 7011 2452 7012 2452 7012 2592 7011 2453 7013 2453 7013 2592 7011 2591 7014 2453 7013 2591 7014 2454 7015 2454 7015 2591 7014 2420 7016 2454 7015 2420 7016 2419 7017 2591 7014 2590 7018 2420 7016 2420 7016 2590 7018 2421 7019 2421 7019 2590 7018 2589 7020 2421 7019 2589 7020 2422 7021 2422 7021 2589 7020 2588 7022 2422 7021 2588 7022 2423 7023 2423 7023 2588 7022 2424 7024 2424 7024 2588 7022 2587 7025 2424 7024 2587 7025 2425 7026 2425 7026 2587 7025 2586 7027 2425 7026 2586 7027 2399 7028 2399 7028 2586 7027 2498 7029 2399 7028 2498 7029 2400 7030 2400 7030 2498 7029 2497 7031 2400 7030 2497 7031 2401 7032 2401 7032 2497 7031 2496 7033 2401 7032 2496 7033 2402 7034 2402 7034 2496 7033 2403 7035 2403 7035 2496 7033 2495 7036 2403 7035 2495 7036 2404 7037 2404 7037 2495 7036 2494 7038 2404 7037 2494 7038 2405 7039 2405 7039 2494 7038 2493 7040 2405 7039 2493 7040 2463 7041 2463 7041 2493 7040 2464 7042 2464 7042 2493 7040 2492 7043 2464 7042 2492 7043 2465 7044 2465 7044 2492 7043 2466 7045 2466 7045 2492 7043 2475 7046 2466 7045 2475 7046 2467 7047 2467 7047 2475 7046 2474 7048 2467 7047 2474 7048 2473 7049 2586 7027 2585 7050 2498 7029 2498 7029 2585 7050 2499 7051 2499 7051 2585 7050 2500 7052 2500 7052 2585 7050 2584 7053 2500 7052 2584 7053 2358 7054 2358 7054 2584 7053 2359 7055 2359 7055 2584 7053 2583 7056 2359 7055 2583 7056 2360 7057 2360 7057 2583 7056 2361 7058 2361 7058 2583 7056 2582 7059 2361 7058 2582 7059 2362 7060 2362 7060 2582 7059 2581 7061 2362 7060 2581 7061 2363 7062 2363 7062 2581 7061 2364 7063 2364 7063 2581 7061 2580 7064 2364 7063 2580 7064 2365 7065 2365 7065 2580 7064 2579 7066 2365 7065 2579 7066 2549 7067 2549 7067 2579 7066 2550 7068 2550 7068 2579 7066 2578 7069 2550 7068 2578 7069 2551 7070 2551 7070 2578 7069 2552 7071 2552 7071 2578 7069 2561 7072 2552 7071 2561 7072 2553 7073 2553 7073 2561 7072 2560 7074 2553 7073 2560 7074 2559 7075 2555 7076 2554 7077 2559 7075 2559 7075 2554 7077 2553 7073 2549 7067 2548 7078 2365 7065 2365 7065 2548 7078 2366 7079 2366 7079 2548 7078 2367 7080 2367 7080 2548 7078 2547 7081 2367 7080 2547 7081 2368 7082 2368 7082 2547 7081 2369 7083 2369 7083 2547 7081 2546 7084 2369 7083 2546 7084 2370 7085 2370 7085 2546 7084 2545 7086 2370 7085 2545 7086 2371 7087 2371 7087 2545 7086 2345 7088 2345 7088 2545 7086 2544 7089 2345 7088 2544 7089 2346 7090 2346 7090 2544 7089 2347 7091 2347 7091 2544 7089 2543 7092 2347 7091 2543 7092 2348 7093 2348 7093 2543 7092 2542 7094 2348 7093 2542 7094 2349 7095 2349 7095 2542 7094 2350 7096 2350 7096 2542 7094 2541 7097 2350 7096 2541 7097 2351 7098 2351 7098 2541 7097 2352 7099 2352 7099 2541 7097 2540 7100 2352 7099 2540 7100 2505 7101 2505 7101 2540 7100 2539 7102 2505 7101 2539 7102 2506 7103 2506 7103 2539 7102 2538 7104 2506 7103 2538 7104 2537 7105 2506 7103 2537 7105 2507 7106 2507 7106 2537 7105 2536 7107 2507 7106 2536 7107 2511 7108 2511 7108 2536 7107 2512 7109 2512 7109 2536 7107 2535 7110 2512 7109 2535 7110 2513 7111 2505 7101 2504 7112 2352 7099 2352 7099 2504 7112 2353 7113 2353 7113 2504 7112 2503 7114 2353 7113 2503 7114 2354 7115 2354 7115 2503 7114 2355 7116 2355 7116 2503 7114 2502 7117 2355 7116 2502 7117 2356 7118 2356 7118 2502 7117 2501 7119 2356 7118 2501 7119 2357 7120 2357 7120 2501 7119 2358 7054 2358 7054 2501 7119 2500 7052 2469 7121 2468 7122 2473 7049 2473 7049 2468 7122 2467 7047 2405 7039 2463 7041 2406 7123 2406 7123 2463 7041 2462 7124 2406 7123 2462 7124 2407 7125 2407 7125 2462 7124 2461 7126 2407 7125 2461 7126 2408 7127 2408 7127 2461 7126 2409 7128 2409 7128 2461 7126 2460 7129 2409 7128 2460 7129 2410 7130 2410 7130 2460 7129 2411 7131 2411 7131 2460 7129 2459 7132 2411 7131 2459 7132 2412 7133 2412 7133 2459 7132 2413 7134 2413 7134 2459 7132 2458 7135 2413 7134 2458 7135 2414 7136 2414 7136 2458 7135 2457 7137 2414 7136 2457 7137 2415 7138 2415 7138 2457 7137 2416 7139 2416 7139 2457 7137 2456 7140 2416 7139 2456 7140 2417 7141 2417 7141 2456 7140 2418 7142 2418 7142 2456 7140 2455 7143 2418 7142 2455 7143 2419 7017 2419 7017 2455 7143 2454 7015 2595 7144 2445 7145 2562 7146 2562 7146 2445 7145 2444 7147 2562 7146 2444 7147 2563 7148 2563 7148 2444 7147 2443 7149 2563 7148 2443 7149 2442 7150 2595 7144 2594 7151 2445 7145 2445 7145 2594 7151 2446 7152 2446 7152 2594 7151 2447 7153 2563 7148 2442 7150 2564 7154 2564 7154 2442 7150 2441 7155 2564 7154 2441 7155 2378 7156 2378 7156 2441 7155 2379 7157 2379 7157 2441 7155 2440 7158 2379 7157 2440 7158 2380 7159 2380 7159 2440 7158 2439 7160 2380 7159 2439 7160 2381 7161 2381 7161 2439 7160 2382 7162 2382 7162 2439 7160 2438 7163 2382 7162 2438 7163 2383 7164 2383 7164 2438 7163 2384 7165 2384 7165 2438 7163 2437 7166 2384 7165 2437 7166 2385 7167 2385 7167 2437 7166 2436 7168 2385 7167 2436 7168 2386 7169 2386 7169 2436 7168 2387 7170 2387 7170 2436 7168 2435 7171 2387 7170 2435 7171 2388 7172 2388 7172 2435 7171 2389 7173 2389 7173 2435 7171 2434 7174 2389 7173 2434 7174 2390 7175 2390 7175 2434 7174 2391 7176 2391 7176 2434 7174 2433 7177 2391 7176 2433 7177 2392 7178 2392 7178 2433 7177 2432 7179 2392 7178 2432 7179 2393 7180 2393 7180 2432 7179 2490 7181 2393 7180 2490 7181 2489 7182 2432 7179 2431 7183 2490 7181 2490 7181 2431 7183 2491 7184 2491 7184 2431 7183 2430 7185 2491 7184 2430 7185 2429 7186 2491 7184 2429 7186 2470 7187 2470 7187 2429 7186 2428 7188 2470 7187 2428 7188 2471 7189 2471 7189 2428 7188 2472 7190 2472 7190 2428 7188 2427 7191 2472 7190 2427 7191 2426 7192 2393 7180 2489 7182 2394 7193 2394 7193 2489 7182 2488 7194 2394 7193 2488 7194 2395 7195 2395 7195 2488 7194 2487 7196 2395 7195 2487 7196 2396 7197 2396 7197 2487 7196 2397 7198 2397 7198 2487 7196 2486 7199 2397 7198 2486 7199 2398 7200 2398 7200 2486 7199 2485 7201 2398 7200 2485 7201 2372 7202 2372 7202 2485 7201 2569 7203 2372 7202 2569 7203 2373 7204 2373 7204 2569 7203 2568 7205 2373 7204 2568 7205 2374 7206 2374 7206 2568 7205 2567 7207 2374 7206 2567 7207 2375 7208 2375 7208 2567 7207 2376 7209 2376 7209 2567 7207 2566 7210 2376 7209 2566 7210 2377 7211 2377 7211 2566 7210 2565 7212 2377 7211 2565 7212 2378 7156 2378 7156 2565 7212 2564 7154 2569 7203 2485 7201 2570 7213 2570 7213 2485 7201 2484 7214 2570 7213 2484 7214 2483 7215 2482 7216 2332 7217 2483 7215 2483 7215 2332 7217 2571 7218 2483 7215 2571 7218 2570 7213 2481 7219 2334 7220 2482 7216 2482 7216 2334 7220 2333 7221 2482 7216 2333 7221 2332 7217 2334 7220 2481 7219 2335 7222 2335 7222 2481 7219 2480 7223 2335 7222 2480 7223 2336 7224 2336 7224 2480 7223 2337 7225 2337 7225 2480 7223 2479 7226 2337 7225 2479 7226 2338 7227 2338 7227 2479 7226 2478 7228 2338 7227 2478 7228 2529 7229 2529 7229 2478 7228 2530 7230 2530 7230 2478 7228 2477 7231 2530 7230 2477 7231 2531 7232 2531 7232 2477 7231 2532 7233 2532 7233 2477 7231 2476 7234 2532 7233 2476 7234 2533 7235 2533 7235 2476 7234 2510 7236 2533 7235 2510 7236 2509 7237 2508 7238 2534 7239 2509 7237 2509 7237 2534 7239 2533 7235 2529 7229 2528 7240 2338 7227 2338 7227 2528 7240 2339 7241 2339 7241 2528 7240 2340 7242 2340 7242 2528 7240 2527 7243 2340 7242 2527 7243 2341 7244 2341 7244 2527 7243 2342 7245 2342 7245 2527 7243 2526 7246 2342 7245 2526 7246 2343 7247 2343 7247 2526 7246 2525 7248 2343 7247 2525 7248 2344 7249 2344 7249 2525 7248 2318 7250 2318 7250 2525 7248 2524 7251 2318 7250 2524 7251 2319 7252 2319 7252 2524 7251 2320 7253 2320 7253 2524 7251 2523 7254 2320 7253 2523 7254 2321 7255 2321 7255 2523 7254 2522 7256 2321 7255 2522 7256 2322 7257 2322 7257 2522 7256 2323 7258 2323 7258 2522 7256 2521 7259 2323 7258 2521 7259 2324 7260 2324 7260 2521 7259 2325 7261 2325 7261 2521 7259 2520 7262 2325 7261 2520 7262 2576 7263 2576 7263 2520 7262 2519 7264 2576 7263 2519 7264 2577 7265 2577 7265 2519 7264 2518 7266 2577 7265 2518 7266 2517 7267 2577 7265 2517 7267 2556 7268 2556 7268 2517 7267 2516 7269 2556 7268 2516 7269 2557 7270 2557 7270 2516 7269 2558 7271 2558 7271 2516 7269 2515 7272 2558 7271 2515 7272 2514 7273 2576 7263 2575 7274 2325 7261 2325 7261 2575 7274 2326 7275 2326 7275 2575 7274 2574 7276 2326 7275 2574 7276 2327 7277 2327 7277 2574 7276 2328 7278 2328 7278 2574 7276 2573 7279 2328 7278 2573 7279 2329 7280 2329 7280 2573 7279 2572 7281 2329 7280 2572 7281 2330 7282 2330 7282 2572 7281 2331 7283 2331 7283 2572 7281 2571 7218 2331 7283 2571 7218 2332 7217</p>
        </triangles>
      </mesh>
    </geometry>
  </library_geometries>
  <library_visual_scenes>
    <visual_scene id="Scene" name="Scene">
      <node id="gripper_right_gear-node" name="gripper_right_gear" type="NODE">
        <instance_geometry url="#gripper_right_gear-mesh">
          <bind_material>
            <technique_common>
              <instance_material symbol="Opaque_246_246_243_" target="#Opaque_246_246_243_"/>
            </technique_common>
          </bind_material>
        </instance_geometry>
      </node>
    </visual_scene>
  </library_visual_scenes>
  <scene>
    <instance_visual_scene url="#Scene"/>
  </scene>
</COLLADA>
