<?xml version="1.0" encoding="utf-8"?>
<COLLADA xmlns="http://www.collada.org/2005/11/COLLADASchema" version="1.4.1">
  <asset>
    <contributor>
      <authoring_tool>Fusion URDF/XACRO Exporter</authoring_tool>
    </contributor>
    <created>2026-08-06T06:33:31Z</created>
    <modified>2026-08-06T06:33:31Z</modified>
    <unit name="meter" meter="1.0"/>
    <up_axis>Z_UP</up_axis>
  </asset>
  <library_effects>
    <effect id="Opaque_202_209_238_-effect">
      <profile_COMMON>
        <technique sid="common">
          <lambert>
            <emission><color>0 0 0 1</color></emission>
            <ambient><color>0.0000 0.0000 0.0000 1</color></ambient>
            <diffuse><color>0.7922 0.8196 0.9333 1</color></diffuse>
            <reflective><color>0 0 0 1</color></reflective>
            <transparent opaque="A_ONE"><color>1 1 1 1</color></transparent>
            <transparency><float>1</float></transparency>
          </lambert>
        </technique>
      </profile_COMMON>
    </effect>
  </library_effects>
  <library_materials>
    <material id="Opaque_202_209_238_" name="Opaque(202,209,238)">
      <instance_effect url="#Opaque_202_209_238_-effect"/>
    </material>
  </library_materials>
  <library_geometries>
    <geometry id="ratio_right_gear-mesh" name="ratio_right_gear">
      <mesh>
        <source id="ratio_right_gear-mesh-positions">
          <float_array id="ratio_right_gear-mesh-positions-array" count="4440">0.050700 0.076600 0.064595 0.050662 0.076600 0.064959 0.050549 0.076600 0.065307 0.050366 0.076600 0.065624 0.050121 0.076600 0.065896 0.049825 0.076600 0.066111 0.049491 0.076600 0.066260 0.049133 0.076600 0.066336 0.048767 0.076600 0.066336 0.048409 0.076600 0.066260 0.048075 0.076600 0.066111 0.047779 0.076600 0.065896 0.047534 0.076600 0.065624 0.047351 0.076600 0.065307 0.047238 0.076600 0.064959 0.047200 0.076600 0.064595 0.047238 0.076600 0.064231 0.047351 0.076600 0.063884 0.047534 0.076600 0.063567 0.047779 0.076600 0.063295 0.048075 0.076600 0.063080 0.048409 0.076600 0.062931 0.048767 0.076600 0.062855 0.049133 0.076600 0.062855 0.049491 0.076600 0.062931 0.049825 0.076600 0.063080 0.050121 0.076600 0.063295 0.050366 0.076600 0.063567 0.050549 0.076600 0.063884 0.050662 0.076600 0.064231 0.050700 0.080000 0.064595 0.050662 0.080000 0.064231 0.050549 0.080000 0.063884 0.050366 0.080000 0.063567 0.050121 0.080000 0.063295 0.049825 0.080000 0.063080 0.049491 0.080000 0.062931 0.049133 0.080000 0.062855 0.048767 0.080000 0.062855 0.048409 0.080000 0.062931 0.048075 0.080000 0.063080 0.047779 0.080000 0.063295 0.047534 0.080000 0.063567 0.047351 0.080000 0.063884 0.047238 0.080000 0.064231 0.047200 0.080000 0.064595 0.047238 0.080000 0.064959 0.047351 0.080000 0.065307 0.047534 0.080000 0.065624 0.047779 0.080000 0.065896 0.048075 0.080000 0.066111 0.048409 0.080000 0.066260 0.048767 0.080000 0.066336 0.049133 0.080000 0.066336 0.049491 0.080000 0.066260 0.049825 0.080000 0.066111 0.050121 0.080000 0.065896 0.050366 0.080000 0.065624 0.050549 0.080000 0.065307 0.050662 0.080000 0.064959 0.023035 0.072300 0.064595 0.022997 0.072300 0.064990 0.022886 0.072300 0.065370 0.022704 0.072300 0.065723 0.022459 0.072300 0.066034 0.022159 0.072300 0.066294 0.021816 0.072300 0.066492 0.021442 0.072300 0.066622 0.021049 0.072300 0.066678 0.020653 0.072300 0.066659 0.020268 0.072300 0.066566 0.019908 0.072300 0.066401 0.019585 0.072300 0.066171 0.019311 0.072300 0.065884 0.019097 0.072300 0.065551 0.018949 0.072300 0.065183 0.018874 0.072300 0.064794 0.018874 0.072300 0.064397 0.018949 0.072300 0.064008 0.019097 0.072300 0.063640 0.019311 0.072300 0.063306 0.019585 0.072300 0.063020 0.019908 0.072300 0.062790 0.020268 0.072300 0.062625 0.020653 0.072300 0.062532 0.021049 0.072300 0.062513 0.021442 0.072300 0.062569 0.021816 0.072300 0.062699 0.022159 0.072300 0.062897 0.022459 0.072300 0.063156 0.022704 0.072300 0.063468 0.022886 0.072300 0.063820 0.022997 0.072300 0.064201 0.023035 0.076600 0.064595 0.022997 0.076600 0.064201 0.022886 0.076600 0.063820 0.022704 0.076600 0.063468 0.022459 0.076600 0.063156 0.022159 0.076600 0.062897 0.021816 0.076600 0.062699 0.021442 0.076600 0.062569 0.021049 0.076600 0.062513 0.020653 0.076600 0.062532 0.020268 0.076600 0.062625 0.019908 0.076600 0.062790 0.019585 0.076600 0.063020 0.019311 0.076600 0.063306 0.019097 0.076600 0.063640 0.018949 0.076600 0.064008 0.018874 0.076600 0.064397 0.018874 0.076600 0.064794 0.018949 0.076600 0.065183 0.019097 0.076600 0.065551 0.019311 0.076600 0.065884 0.019585 0.076600 0.066171 0.019908 0.076600 0.066401 0.020268 0.076600 0.066566 0.020653 0.076600 0.066659 0.021049 0.076600 0.066678 0.021442 0.076600 0.066622 0.021816 0.076600 0.066492 0.022159 0.076600 0.066294 0.022459 0.076600 0.066034 0.022704 0.076600 0.065723 0.022886 0.076600 0.065370 0.022997 0.076600 0.064990 0.024950 0.072300 0.064595 0.024911 0.072300 0.064039 0.024795 0.072300 0.063493 0.024604 0.072300 0.062968 0.024342 0.072300 0.062476 0.024014 0.072300 0.062024 0.023627 0.072300 0.061623 0.023187 0.072300 0.061279 0.022703 0.072300 0.061000 0.022186 0.072300 0.060791 0.021645 0.072300 0.060656 0.021090 0.072300 0.060598 0.020532 0.072300 0.060617 0.019982 0.072300 0.060714 0.019452 0.072300 0.060887 0.018950 0.072300 0.061131 0.018487 0.072300 0.061443 0.018073 0.072300 0.061817 0.017714 0.072300 0.062244 0.017418 0.072300 0.062717 0.017191 0.072300 0.063227 0.017037 0.072300 0.063764 0.016960 0.072300 0.064316 0.016960 0.072300 0.064874 0.017037 0.072300 0.065427 0.017191 0.072300 0.065963 0.017418 0.072300 0.066473 0.017714 0.072300 0.066946 0.018073 0.072300 0.067374 0.018487 0.072300 0.067747 0.018950 0.072300 0.068059 0.019452 0.072300 0.068304 0.019982 0.072300 0.068476 0.020532 0.072300 0.068573 0.021090 0.072300 0.068593 0.021645 0.072300 0.068535 0.022186 0.072300 0.068400 0.022703 0.072300 0.068190 0.023187 0.072300 0.067911 0.023627 0.072300 0.067568 0.024014 0.072300 0.067166 0.024342 0.072300 0.066715 0.024604 0.072300 0.066222 0.024795 0.072300 0.065698 0.024911 0.072300 0.065152 0.024950 0.076600 0.064595 0.024911 0.076600 0.065152 0.024795 0.076600 0.065698 0.024604 0.076600 0.066222 0.024342 0.076600 0.066715 0.024014 0.076600 0.067166 0.023627 0.076600 0.067568 0.023187 0.076600 0.067911 0.022703 0.076600 0.068190 0.022186 0.076600 0.068400 0.021645 0.076600 0.068535 0.021090 0.076600 0.068593 0.020532 0.076600 0.068573 0.019982 0.076600 0.068476 0.019452 0.076600 0.068304 0.018950 0.076600 0.068059 0.018487 0.076600 0.067747 0.018073 0.076600 0.067374 0.017714 0.076600 0.066946 0.017418 0.076600 0.066473 0.017191 0.076600 0.065963 0.017037 0.076600 0.065427 0.016960 0.076600 0.064874 0.016960 0.076600 0.064316 0.017037 0.076600 0.063764 0.017191 0.076600 0.063227 0.017418 0.076600 0.062717 0.017714 0.076600 0.062244 0.018073 0.076600 0.061817 0.018487 0.076600 0.061443 0.018950 0.076600 0.061131 0.019452 0.076600 0.060887 0.019982 0.076600 0.060714 0.020532 0.076600 0.060617 0.021090 0.076600 0.060598 0.021645 0.076600 0.060656 0.022186 0.076600 0.060791 0.022703 0.076600 0.061000 0.023187 0.076600 0.061279 0.023627 0.076600 0.061623 0.024014 0.076600 0.062024 0.024342 0.076600 0.062476 0.024604 0.076600 0.062968 0.024795 0.076600 0.063493 0.024911 0.076600 0.064039 0.018750 0.080000 0.064595 0.018787 0.080000 0.065000 0.018899 0.080000 0.065390 0.019080 0.080000 0.065753 0.019324 0.080000 0.066077 0.019624 0.080000 0.066351 0.019969 0.080000 0.066565 0.020348 0.080000 0.066711 0.020747 0.080000 0.066786 0.021153 0.080000 0.066786 0.021552 0.080000 0.066711 0.021931 0.080000 0.066565 0.022276 0.080000 0.066351 0.022576 0.080000 0.066077 0.022820 0.080000 0.065753 0.023001 0.080000 0.065390 0.023113 0.080000 0.065000 0.023150 0.080000 0.064595 0.023113 0.080000 0.064191 0.023001 0.080000 0.063801 0.022820 0.080000 0.063437 0.022576 0.080000 0.063113 0.022276 0.080000 0.062840 0.021931 0.080000 0.062626 0.021552 0.080000 0.062479 0.021153 0.080000 0.062405 0.020747 0.080000 0.062405 0.020348 0.080000 0.062479 0.019969 0.080000 0.062626 0.019624 0.080000 0.062840 0.019324 0.080000 0.063113 0.019080 0.080000 0.063437 0.018899 0.080000 0.063801 0.018787 0.080000 0.064191 0.018750 0.076600 0.064595 0.018787 0.076600 0.064191 0.018899 0.076600 0.063801 0.019080 0.076600 0.063437 0.019324 0.076600 0.063113 0.019624 0.076600 0.062840 0.019969 0.076600 0.062626 0.020348 0.076600 0.062479 0.020747 0.076600 0.062405 0.021153 0.076600 0.062405 0.021552 0.076600 0.062479 0.021931 0.076600 0.062626 0.022276 0.076600 0.062840 0.022576 0.076600 0.063113 0.022820 0.076600 0.063437 0.023001 0.076600 0.063801 0.023113 0.076600 0.064191 0.023150 0.076600 0.064595 0.023113 0.076600 0.065000 0.023001 0.076600 0.065390 0.022820 0.076600 0.065753 0.022576 0.076600 0.066077 0.022276 0.076600 0.066351 0.021931 0.076600 0.066565 0.021552 0.076600 0.066711 0.021153 0.076600 0.066786 0.020747 0.076600 0.066786 0.020348 0.076600 0.066711 0.019969 0.076600 0.066565 0.019624 0.076600 0.066351 0.019324 0.076600 0.066077 0.019080 0.076600 0.065753 0.018899 0.076600 0.065390 0.018787 0.076600 0.065000 0.011047 0.080000 0.052105 0.010761 0.080000 0.051814 0.010532 0.080000 0.051476 0.010371 0.080000 0.051102 0.010280 0.080000 0.050704 0.010265 0.080000 0.050297 0.010265 0.076600 0.050297 0.010280 0.076600 0.050704 0.010371 0.076600 0.051102 0.010532 0.076600 0.051476 0.010761 0.076600 0.051814 0.011047 0.076600 0.052105 0.013123 0.080000 0.050709 0.012885 0.080000 0.050378 0.012713 0.080000 0.050008 0.012612 0.080000 0.049613 0.012585 0.080000 0.049206 0.012633 0.080000 0.048801 0.012633 0.076600 0.048801 0.012585 0.076600 0.049206 0.012612 0.076600 0.049613 0.012713 0.076600 0.050008 0.012885 0.076600 0.050378 0.013123 0.076600 0.050709 0.015391 0.080000 0.049656 0.015209 0.080000 0.049291 0.015096 0.080000 0.048899 0.015058 0.080000 0.048493 0.015095 0.080000 0.048087 0.015206 0.080000 0.047695 0.015206 0.076600 0.047695 0.015095 0.076600 0.048087 0.015058 0.076600 0.048493 0.015096 0.076600 0.048899 0.015209 0.076600 0.049291 0.015391 0.076600 0.049656 0.017797 0.080000 0.048970 0.017674 0.080000 0.048582 0.017624 0.080000 0.048177 0.017649 0.080000 0.047770 0.017750 0.080000 0.047374 0.017921 0.080000 0.047004 0.017921 0.076600 0.047004 0.017750 0.076600 0.047374 0.017649 0.076600 0.047770 0.017624 0.076600 0.048177 0.017674 0.076600 0.048582 0.017797 0.076600 0.048970 0.020280 0.080000 0.048669 0.020219 0.080000 0.048266 0.020233 0.080000 0.047859 0.020322 0.080000 0.047461 0.020483 0.080000 0.047086 0.020710 0.080000 0.046747 0.020710 0.076600 0.046747 0.020483 0.076600 0.047086 0.020322 0.076600 0.047461 0.020233 0.076600 0.047859 0.020219 0.076600 0.048266 0.020280 0.076600 0.048669 0.022780 0.080000 0.048761 0.022782 0.080000 0.048353 0.022860 0.080000 0.047952 0.023010 0.080000 0.047573 0.023228 0.080000 0.047228 0.023505 0.080000 0.046929 0.023505 0.076600 0.046929 0.023228 0.076600 0.047228 0.023010 0.076600 0.047573 0.022860 0.076600 0.047952 0.022782 0.076600 0.048353 0.022780 0.076600 0.048761 0.023505 0.080000 0.082261 0.023228 0.080000 0.081962 0.023010 0.080000 0.081617 0.022860 0.080000 0.081238 0.022782 0.080000 0.080838 0.022780 0.080000 0.080430 0.022780 0.076600 0.080430 0.022782 0.076600 0.080838 0.022860 0.076600 0.081238 0.023010 0.076600 0.081617 0.023228 0.076600 0.081962 0.023505 0.076600 0.082261 0.020710 0.080000 0.082444 0.020483 0.080000 0.082105 0.020322 0.080000 0.081730 0.020233 0.080000 0.081332 0.020219 0.080000 0.080924 0.020280 0.080000 0.080521 0.020280 0.076600 0.080521 0.020219 0.076600 0.080924 0.020233 0.076600 0.081332 0.020322 0.076600 0.081730 0.020483 0.076600 0.082105 0.020710 0.076600 0.082444 0.017921 0.080000 0.082186 0.017750 0.080000 0.081816 0.017649 0.080000 0.081421 0.017624 0.080000 0.081014 0.017674 0.080000 0.080609 0.017797 0.080000 0.080220 0.017797 0.076600 0.080220 0.017674 0.076600 0.080609 0.017624 0.076600 0.081014 0.017649 0.076600 0.081421 0.017750 0.076600 0.081816 0.017921 0.076600 0.082186 0.015206 0.080000 0.081496 0.015095 0.080000 0.081104 0.015058 0.080000 0.080697 0.015096 0.080000 0.080291 0.015209 0.080000 0.079899 0.015391 0.080000 0.079535 0.015391 0.076600 0.079535 0.015209 0.076600 0.079899 0.015096 0.076600 0.080291 0.015058 0.076600 0.080697 0.015095 0.076600 0.081104 0.015206 0.076600 0.081496 0.012633 0.080000 0.080389 0.012585 0.080000 0.079984 0.012612 0.080000 0.079577 0.012713 0.080000 0.079182 0.012885 0.080000 0.078813 0.013123 0.080000 0.078481 0.013123 0.076600 0.078481 0.012885 0.076600 0.078813 0.012713 0.076600 0.079182 0.012612 0.076600 0.079577 0.012585 0.076600 0.079984 0.012633 0.076600 0.080389 0.010265 0.080000 0.078894 0.010280 0.080000 0.078486 0.010371 0.080000 0.078089 0.010532 0.080000 0.077714 0.010761 0.080000 0.077376 0.011047 0.080000 0.077086 0.011047 0.076600 0.077086 0.010761 0.076600 0.077376 0.010532 0.076600 0.077714 0.010371 0.076600 0.078089 0.010280 0.076600 0.078486 0.010265 0.076600 0.078894 0.003102 0.080000 0.064835 0.003100 0.080000 0.064675 0.003100 0.080000 0.064515 0.003102 0.080000 0.064355 0.003102 0.076600 0.064355 0.003100 0.076600 0.064515 0.003100 0.076600 0.064675 0.003102 0.076600 0.064835 0.036303 0.076600 0.068879 0.036330 0.076600 0.068785 0.036355 0.076600 0.068690 0.036380 0.076600 0.068595 0.036380 0.080000 0.068595 0.036355 0.080000 0.068690 0.036330 0.080000 0.068785 0.036303 0.080000 0.068879 0.005115 0.080000 0.062766 0.005115 0.076600 0.062766 0.005076 0.076600 0.063151 0.005045 0.076600 0.063538 0.005024 0.076600 0.063925 0.005024 0.080000 0.063925 0.005045 0.080000 0.063538 0.005076 0.080000 0.063151 0.004621 0.076600 0.063864 0.004213 0.076600 0.063878 0.003815 0.076600 0.063967 0.003440 0.076600 0.064128 0.003440 0.080000 0.064128 0.003815 0.080000 0.063967 0.004213 0.080000 0.063878 0.004621 0.080000 0.063864 0.003440 0.076600 0.065062 0.003815 0.076600 0.065223 0.004213 0.076600 0.065312 0.004621 0.076600 0.065326 0.005024 0.076600 0.065265 0.005024 0.080000 0.065265 0.004621 0.080000 0.065326 0.004213 0.080000 0.065312 0.003815 0.080000 0.065223 0.003440 0.080000 0.065062 0.005045 0.076600 0.065653 0.005076 0.076600 0.066039 0.005115 0.076600 0.066425 0.005115 0.080000 0.066425 0.005076 0.080000 0.066039 0.005045 0.080000 0.065653 0.004708 0.076600 0.066428 0.004307 0.076600 0.066505 0.003928 0.076600 0.066656 0.003583 0.076600 0.066873 0.003284 0.076600 0.067150 0.003284 0.080000 0.067150 0.003583 0.080000 0.066873 0.003928 0.080000 0.066656 0.004307 0.080000 0.066505 0.004708 0.080000 0.066428 0.003307 0.076600 0.067309 0.003332 0.076600 0.067467 0.003359 0.076600 0.067624 0.003359 0.080000 0.067624 0.003332 0.080000 0.067467 0.003307 0.080000 0.067309 0.003729 0.076600 0.067796 0.004124 0.076600 0.067896 0.004531 0.076600 0.067922 0.004936 0.076600 0.067872 0.005325 0.076600 0.067748 0.005325 0.080000 0.067748 0.004936 0.080000 0.067872 0.004531 0.080000 0.067922 0.004124 0.080000 0.067896 0.003729 0.080000 0.067796 0.005406 0.076600 0.068128 0.005497 0.076600 0.068505 0.005597 0.076600 0.068879 0.005597 0.080000 0.068879 0.005497 0.080000 0.068505 0.005406 0.080000 0.068128 0.005194 0.076600 0.068946 0.004811 0.076600 0.069086 0.004460 0.076600 0.069293 0.004153 0.076600 0.069562 0.003901 0.076600 0.069883 0.003901 0.080000 0.069883 0.004153 0.080000 0.069562 0.004460 0.080000 0.069293 0.004811 0.080000 0.069086 0.005194 0.080000 0.068946 0.003949 0.076600 0.070035 0.003999 0.076600 0.070187 0.004049 0.076600 0.070339 0.004049 0.080000 0.070339 0.003999 0.080000 0.070187 0.003949 0.080000 0.070035 0.004442 0.076600 0.070450 0.004848 0.076600 0.070487 0.005254 0.076600 0.070449 0.005646 0.076600 0.070337 0.006011 0.076600 0.070154 0.006011 0.080000 0.070154 0.005646 0.080000 0.070337 0.005254 0.080000 0.070449 0.004848 0.080000 0.070487 0.004442 0.080000 0.070450 0.006150 0.076600 0.070516 0.006299 0.076600 0.070874 0.006456 0.076600 0.071229 0.006456 0.080000 0.071229 0.006299 0.080000 0.070874 0.006150 0.080000 0.070516 0.006069 0.076600 0.071357 0.005712 0.076600 0.071555 0.005398 0.076600 0.071815 0.005137 0.076600 0.072128 0.004938 0.076600 0.072484 0.004938 0.080000 0.072484 0.005137 0.080000 0.072128 0.005398 0.080000 0.071815 0.005712 0.080000 0.071555 0.006069 0.080000 0.071357 0.005009 0.076600 0.072628 0.005082 0.076600 0.072770 0.005156 0.076600 0.072912 0.005156 0.080000 0.072912 0.005082 0.080000 0.072770 0.005009 0.080000 0.072628 0.005561 0.076600 0.072961 0.005968 0.076600 0.072934 0.006363 0.076600 0.072832 0.006733 0.076600 0.072660 0.007064 0.076600 0.072422 0.007064 0.080000 0.072422 0.006733 0.080000 0.072660 0.006363 0.080000 0.072832 0.005968 0.080000 0.072934 0.005561 0.080000 0.072961 0.007259 0.076600 0.072758 0.007461 0.076600 0.073089 0.007672 0.076600 0.073414 0.007672 0.080000 0.073414 0.007461 0.080000 0.073089 0.007259 0.080000 0.072758 0.007310 0.076600 0.073602 0.006988 0.076600 0.073853 0.006719 0.076600 0.074159 0.006510 0.076600 0.074509 0.006369 0.076600 0.074892 0.006369 0.080000 0.074892 0.006510 0.080000 0.074509 0.006719 0.080000 0.074159 0.006988 0.080000 0.073853 0.007310 0.080000 0.073602 0.006462 0.076600 0.075022 0.006556 0.076600 0.075152 0.006651 0.076600 0.075280 0.006651 0.080000 0.075280 0.006556 0.080000 0.075152 0.006462 0.080000 0.075022 0.007059 0.076600 0.075265 0.007457 0.076600 0.075175 0.007831 0.076600 0.075013 0.008169 0.076600 0.074785 0.008459 0.076600 0.074498 0.008459 0.080000 0.074498 0.008169 0.080000 0.074785 0.007831 0.080000 0.075013 0.007457 0.080000 0.075175 0.007059 0.080000 0.075265 0.008704 0.076600 0.074799 0.008956 0.076600 0.075094 0.009215 0.076600 0.075383 0.009215 0.080000 0.075383 0.008956 0.080000 0.075094 0.008704 0.080000 0.074799 0.008887 0.076600 0.075625 0.008608 0.076600 0.075923 0.008390 0.076600 0.076267 0.008239 0.076600 0.076646 0.008160 0.076600 0.077046 0.008160 0.080000 0.077046 0.008239 0.080000 0.076646 0.008390 0.080000 0.076267 0.008608 0.080000 0.075923 0.008887 0.080000 0.075625 0.008272 0.076600 0.077160 0.008385 0.076600 0.077274 0.008499 0.076600 0.077386 0.008499 0.080000 0.077386 0.008385 0.080000 0.077274 0.008272 0.080000 0.077160 0.008899 0.076600 0.077307 0.009278 0.076600 0.077155 0.009622 0.076600 0.076937 0.009920 0.076600 0.076659 0.010162 0.076600 0.076330 0.010162 0.080000 0.076330 0.009920 0.080000 0.076659 0.009622 0.080000 0.076937 0.009278 0.080000 0.077155 0.008899 0.080000 0.077307 0.010451 0.076600 0.076589 0.010746 0.076600 0.076841 0.010746 0.080000 0.076841 0.010451 0.080000 0.076589 0.010393 0.076600 0.078989 0.010523 0.076600 0.079083 0.010653 0.076600 0.079176 0.010653 0.080000 0.079176 0.010523 0.080000 0.079083 0.010393 0.080000 0.078989 0.011036 0.076600 0.079035 0.011386 0.076600 0.078827 0.011692 0.076600 0.078557 0.011943 0.076600 0.078236 0.012131 0.076600 0.077873 0.012131 0.080000 0.077873 0.011943 0.080000 0.078236 0.011692 0.080000 0.078557 0.011386 0.080000 0.078827 0.011036 0.080000 0.079035 0.012457 0.076600 0.078084 0.012787 0.076600 0.078287 0.012787 0.080000 0.078287 0.012457 0.080000 0.078084 0.012775 0.076600 0.080463 0.012918 0.076600 0.080536 0.013061 0.076600 0.080607 0.013061 0.080000 0.080607 0.012918 0.080000 0.080536 0.012775 0.080000 0.080463 0.013417 0.076600 0.080408 0.013730 0.076600 0.080148 0.013990 0.076600 0.079833 0.014188 0.076600 0.079477 0.014317 0.076600 0.079090 0.014317 0.080000 0.079090 0.014188 0.080000 0.079477 0.013990 0.080000 0.079833 0.013730 0.080000 0.080148 0.013417 0.080000 0.080408 0.014671 0.076600 0.079247 0.015030 0.076600 0.079395 0.015030 0.080000 0.079395 0.014671 0.080000 0.079247 0.015358 0.076600 0.081547 0.015510 0.076600 0.081596 0.015663 0.076600 0.081644 0.015663 0.080000 0.081644 0.015510 0.080000 0.081596 0.015358 0.080000 0.081547 0.015983 0.076600 0.081392 0.016252 0.076600 0.081085 0.016460 0.076600 0.080734 0.016599 0.076600 0.080351 0.016666 0.076600 0.079949 0.016666 0.080000 0.079949 0.016599 0.080000 0.080351 0.016460 0.080000 0.080734 0.016252 0.080000 0.081085 0.015983 0.080000 0.081392 0.017041 0.076600 0.080048 0.017418 0.076600 0.080139 0.017418 0.080000 0.080139 0.017041 0.080000 0.080048 0.018079 0.076600 0.082213 0.018237 0.076600 0.082238 0.018395 0.076600 0.082261 0.018395 0.080000 0.082261 0.018237 0.080000 0.082238 0.018079 0.080000 0.082213 0.018672 0.076600 0.081962 0.018890 0.076600 0.081617 0.019040 0.076600 0.081238 0.019118 0.076600 0.080838 0.019120 0.076600 0.080430 0.019120 0.080000 0.080430 0.019118 0.080000 0.080838 0.019040 0.080000 0.081238 0.018890 0.080000 0.081617 0.018672 0.080000 0.081962 0.019506 0.076600 0.080470 0.019893 0.076600 0.080500 0.019893 0.080000 0.080500 0.019506 0.080000 0.080470 0.020870 0.076600 0.082445 0.021030 0.076600 0.082445 0.021190 0.076600 0.082444 0.021190 0.080000 0.082444 0.021030 0.080000 0.082445 0.020870 0.080000 0.082445 0.021417 0.076600 0.082105 0.021578 0.076600 0.081730 0.021667 0.076600 0.081332 0.021681 0.076600 0.080924 0.021620 0.076600 0.080521 0.021620 0.080000 0.080521 0.021681 0.080000 0.080924 0.021667 0.080000 0.081332 0.021578 0.080000 0.081730 0.021417 0.080000 0.082105 0.022007 0.076600 0.080500 0.022394 0.076600 0.080470 0.022394 0.080000 0.080470 0.022007 0.080000 0.080500 0.023663 0.076600 0.082238 0.023821 0.076600 0.082213 0.023979 0.076600 0.082186 0.023979 0.080000 0.082186 0.023821 0.080000 0.082213 0.023663 0.080000 0.082238 0.024150 0.076600 0.081816 0.024251 0.076600 0.081421 0.024276 0.076600 0.081014 0.024227 0.076600 0.080609 0.024103 0.076600 0.080220 0.024103 0.080000 0.080220 0.024227 0.080000 0.080609 0.024276 0.080000 0.081014 0.024251 0.080000 0.081421 0.024150 0.080000 0.081816 0.024482 0.076600 0.080139 0.024859 0.076600 0.080048 0.025234 0.076600 0.079949 0.025234 0.080000 0.079949 0.024859 0.080000 0.080048 0.024482 0.080000 0.080139 0.025301 0.076600 0.080351 0.025440 0.076600 0.080734 0.025648 0.076600 0.081085 0.025917 0.076600 0.081392 0.026237 0.076600 0.081644 0.026237 0.080000 0.081644 0.025917 0.080000 0.081392 0.025648 0.080000 0.081085 0.025440 0.080000 0.080734 0.025301 0.080000 0.080351 0.026390 0.076600 0.081596 0.026542 0.076600 0.081547 0.026694 0.076600 0.081496 0.026694 0.080000 0.081496 0.026542 0.080000 0.081547 0.026390 0.080000 0.081596 0.026805 0.076600 0.081104 0.026842 0.076600 0.080697 0.026804 0.076600 0.080291 0.026691 0.076600 0.079899 0.026509 0.076600 0.079535 0.026509 0.080000 0.079535 0.026691 0.080000 0.079899 0.026804 0.080000 0.080291 0.026842 0.080000 0.080697 0.026805 0.080000 0.081104 0.026870 0.076600 0.079395 0.027229 0.076600 0.079247 0.027583 0.076600 0.079090 0.027583 0.080000 0.079090 0.027229 0.080000 0.079247 0.026870 0.080000 0.079395 0.027712 0.076600 0.079477 0.027910 0.076600 0.079833 0.028170 0.076600 0.080148 0.028483 0.076600 0.080408 0.028839 0.076600 0.080607 0.028839 0.080000 0.080607 0.028483 0.080000 0.080408 0.028170 0.080000 0.080148 0.027910 0.080000 0.079833 0.027712 0.080000 0.079477 0.028982 0.076600 0.080536 0.029125 0.076600 0.080463 0.029267 0.076600 0.080389 0.029267 0.080000 0.080389 0.029125 0.080000 0.080463 0.028982 0.080000 0.080536 0.029315 0.076600 0.079984 0.029288 0.076600 0.079577 0.029187 0.076600 0.079182 0.029015 0.076600 0.078813 0.028777 0.076600 0.078481 0.028777 0.080000 0.078481 0.029015 0.080000 0.078813 0.029187 0.080000 0.079182 0.029288 0.080000 0.079577 0.029315 0.080000 0.079984 0.029113 0.076600 0.078287 0.029443 0.076600 0.078084 0.029769 0.076600 0.077873 0.029769 0.080000 0.077873 0.029443 0.080000 0.078084 0.029113 0.080000 0.078287 0.029957 0.076600 0.078236 0.030208 0.076600 0.078557 0.030514 0.076600 0.078827 0.030864 0.076600 0.079035 0.031247 0.076600 0.079176 0.031247 0.080000 0.079176 0.030864 0.080000 0.079035 0.030514 0.080000 0.078827 0.030208 0.080000 0.078557 0.029957 0.080000 0.078236 0.031377 0.076600 0.079083 0.031507 0.076600 0.078989 0.031635 0.076600 0.078894 0.031635 0.080000 0.078894 0.031507 0.080000 0.078989 0.031377 0.080000 0.079083 0.031620 0.076600 0.078486 0.031529 0.076600 0.078089 0.031368 0.076600 0.077714 0.031139 0.076600 0.077376 0.030853 0.076600 0.077086 0.030853 0.080000 0.077086 0.031139 0.080000 0.077376 0.031368 0.080000 0.077714 0.031529 0.080000 0.078089 0.031620 0.080000 0.078486 0.031154 0.076600 0.076841 0.031449 0.076600 0.076589 0.031738 0.076600 0.076330 0.031738 0.080000 0.076330 0.031449 0.080000 0.076589 0.031154 0.080000 0.076841 0.031980 0.076600 0.076659 0.032278 0.076600 0.076937 0.032622 0.076600 0.077155 0.033001 0.076600 0.077307 0.033401 0.076600 0.077386 0.033401 0.080000 0.077386 0.033001 0.080000 0.077307 0.032622 0.080000 0.077155 0.032278 0.080000 0.076937 0.031980 0.080000 0.076659 0.033515 0.076600 0.077274 0.033628 0.076600 0.077160 0.033740 0.076600 0.077046 0.033740 0.080000 0.077046 0.033628 0.080000 0.077160 0.033515 0.080000 0.077274 0.033661 0.076600 0.076646 0.033510 0.076600 0.076267 0.033292 0.076600 0.075923 0.033013 0.076600 0.075625 0.032685 0.076600 0.075383 0.032685 0.080000 0.075383 0.033013 0.080000 0.075625 0.033292 0.080000 0.075923 0.033510 0.080000 0.076267 0.033661 0.080000 0.076646 0.032944 0.076600 0.075094 0.033196 0.076600 0.074799 0.033441 0.076600 0.074498 0.033441 0.080000 0.074498 0.033196 0.080000 0.074799 0.032944 0.080000 0.075094 0.033731 0.076600 0.074785 0.034069 0.076600 0.075013 0.034443 0.076600 0.075175 0.034841 0.076600 0.075265 0.035249 0.076600 0.075280 0.035249 0.080000 0.075280 0.034841 0.080000 0.075265 0.034443 0.080000 0.075175 0.034069 0.080000 0.075013 0.033731 0.080000 0.074785 0.035344 0.076600 0.075152 0.035438 0.076600 0.075022 0.035531 0.076600 0.074892 0.035531 0.080000 0.074892 0.035438 0.080000 0.075022 0.035344 0.080000 0.075152 0.035390 0.076600 0.074509 0.035181 0.076600 0.074159 0.034912 0.076600 0.073853 0.034590 0.076600 0.073602 0.034228 0.076600 0.073414 0.034228 0.080000 0.073414 0.034590 0.080000 0.073602 0.034912 0.080000 0.073853 0.035181 0.080000 0.074159 0.035390 0.080000 0.074509 0.034439 0.076600 0.073089 0.034641 0.076600 0.072758 0.034836 0.076600 0.072422 0.034836 0.080000 0.072422 0.034641 0.080000 0.072758 0.034439 0.080000 0.073089 0.035167 0.076600 0.072660 0.035537 0.076600 0.072832 0.035932 0.076600 0.072934 0.036339 0.076600 0.072961 0.036744 0.076600 0.072912 0.036744 0.080000 0.072912 0.036339 0.080000 0.072961 0.035932 0.080000 0.072934 0.035537 0.080000 0.072832 0.035167 0.080000 0.072660 0.036818 0.076600 0.072770 0.036891 0.076600 0.072628 0.036962 0.076600 0.072484 0.036962 0.080000 0.072484 0.036891 0.080000 0.072628 0.036818 0.080000 0.072770 0.036763 0.076600 0.072128 0.036502 0.076600 0.071815 0.036188 0.076600 0.071555 0.035831 0.076600 0.071357 0.035444 0.076600 0.071229 0.035444 0.080000 0.071229 0.035831 0.080000 0.071357 0.036188 0.080000 0.071555 0.036502 0.080000 0.071815 0.036763 0.080000 0.072128 0.035601 0.076600 0.070874 0.035750 0.076600 0.070516 0.035889 0.076600 0.070154 0.035889 0.080000 0.070154 0.035750 0.080000 0.070516 0.035601 0.080000 0.070874 0.036254 0.076600 0.070337 0.036646 0.076600 0.070449 0.037052 0.076600 0.070487 0.037458 0.076600 0.070450 0.037851 0.076600 0.070339 0.037851 0.080000 0.070339 0.037458 0.080000 0.070450 0.037052 0.080000 0.070487 0.036646 0.080000 0.070449 0.036254 0.080000 0.070337 0.037901 0.076600 0.070187 0.037951 0.076600 0.070035 0.037999 0.076600 0.069883 0.037999 0.080000 0.069883 0.037951 0.080000 0.070035 0.037901 0.080000 0.070187 0.037747 0.076600 0.069562 0.037440 0.076600 0.069293 0.037089 0.076600 0.069086 0.036706 0.076600 0.068946 0.036706 0.080000 0.068946 0.037089 0.080000 0.069086 0.037440 0.080000 0.069293 0.037747 0.080000 0.069562 0.036380 0.080000 0.060595 0.036380 0.076600 0.060595 0.036355 0.076600 0.060500 0.036330 0.076600 0.060406 0.036303 0.076600 0.060311 0.036303 0.080000 0.060311 0.036330 0.080000 0.060406 0.036355 0.080000 0.060500 0.036706 0.076600 0.060245 0.037089 0.076600 0.060105 0.037440 0.076600 0.059897 0.037747 0.076600 0.059629 0.037999 0.076600 0.059308 0.037999 0.080000 0.059308 0.037747 0.080000 0.059629 0.037440 0.080000 0.059897 0.037089 0.080000 0.060105 0.036706 0.080000 0.060245 0.037951 0.076600 0.059155 0.037901 0.076600 0.059003 0.037851 0.076600 0.058852 0.037851 0.080000 0.058852 0.037901 0.080000 0.059003 0.037951 0.080000 0.059155 0.037458 0.076600 0.058740 0.037052 0.076600 0.058703 0.036646 0.076600 0.058742 0.036254 0.076600 0.058854 0.035889 0.076600 0.059037 0.035889 0.080000 0.059037 0.036254 0.080000 0.058854 0.036646 0.080000 0.058742 0.037052 0.080000 0.058703 0.037458 0.080000 0.058740 0.035750 0.076600 0.058675 0.035601 0.076600 0.058317 0.035444 0.076600 0.057962 0.035444 0.080000 0.057962 0.035601 0.080000 0.058317 0.035750 0.080000 0.058675 0.035831 0.076600 0.057833 0.036188 0.076600 0.057636 0.036502 0.076600 0.057376 0.036763 0.076600 0.057062 0.036962 0.076600 0.056706 0.036962 0.080000 0.056706 0.036763 0.080000 0.057062 0.036502 0.080000 0.057376 0.036188 0.080000 0.057636 0.035831 0.080000 0.057833 0.036891 0.076600 0.056563 0.036818 0.076600 0.056420 0.036744 0.076600 0.056278 0.036744 0.080000 0.056278 0.036818 0.080000 0.056420 0.036891 0.080000 0.056563 0.036339 0.076600 0.056230 0.035932 0.076600 0.056257 0.035537 0.076600 0.056358 0.035167 0.076600 0.056531 0.034836 0.076600 0.056768 0.034836 0.080000 0.056768 0.035167 0.080000 0.056531 0.035537 0.080000 0.056358 0.035932 0.080000 0.056257 0.036339 0.080000 0.056230 0.034641 0.076600 0.056433 0.034439 0.076600 0.056102 0.034228 0.076600 0.055776 0.034228 0.080000 0.055776 0.034439 0.080000 0.056102 0.034641 0.080000 0.056433 0.034590 0.076600 0.055589 0.034912 0.076600 0.055338 0.035181 0.076600 0.055032 0.035390 0.076600 0.054681 0.035531 0.076600 0.054298 0.035531 0.080000 0.054298 0.035390 0.080000 0.054681 0.035181 0.080000 0.055032 0.034912 0.080000 0.055338 0.034590 0.080000 0.055589 0.035438 0.076600 0.054168 0.035344 0.076600 0.054039 0.035249 0.076600 0.053910 0.035249 0.080000 0.053910 0.035344 0.080000 0.054039 0.035438 0.080000 0.054168 0.034841 0.076600 0.053926 0.034443 0.076600 0.054016 0.034069 0.076600 0.054178 0.033731 0.076600 0.054406 0.033441 0.076600 0.054692 0.033441 0.080000 0.054692 0.033731 0.080000 0.054406 0.034069 0.080000 0.054178 0.034443 0.080000 0.054016 0.034841 0.080000 0.053926 0.033196 0.076600 0.054391 0.032944 0.076600 0.054096 0.032685 0.076600 0.053808 0.032685 0.080000 0.053808 0.032944 0.080000 0.054096 0.033196 0.080000 0.054391 0.033013 0.076600 0.053566 0.033292 0.076600 0.053268 0.033510 0.076600 0.052923 0.033661 0.076600 0.052544 0.033740 0.076600 0.052144 0.033740 0.080000 0.052144 0.033661 0.080000 0.052544 0.033510 0.080000 0.052923 0.033292 0.080000 0.053268 0.033013 0.080000 0.053566 0.033628 0.076600 0.052030 0.033515 0.076600 0.051917 0.033401 0.076600 0.051805 0.033401 0.080000 0.051805 0.033515 0.080000 0.051917 0.033628 0.080000 0.052030 0.033001 0.076600 0.051884 0.032622 0.076600 0.052035 0.032278 0.076600 0.052254 0.031980 0.076600 0.052532 0.031738 0.076600 0.052860 0.031738 0.080000 0.052860 0.031980 0.080000 0.052532 0.032278 0.080000 0.052254 0.032622 0.080000 0.052035 0.033001 0.080000 0.051884 0.031449 0.076600 0.052601 0.031154 0.076600 0.052349 0.030853 0.076600 0.052105 0.030853 0.080000 0.052105 0.031154 0.080000 0.052349 0.031449 0.080000 0.052601 0.031139 0.076600 0.051814 0.031368 0.076600 0.051476 0.031529 0.076600 0.051102 0.031620 0.076600 0.050704 0.031635 0.076600 0.050297 0.031635 0.080000 0.050297 0.031620 0.080000 0.050704 0.031529 0.080000 0.051102 0.031368 0.080000 0.051476 0.031139 0.080000 0.051814 0.031507 0.076600 0.050202 0.031377 0.076600 0.050107 0.031247 0.076600 0.050015 0.031247 0.080000 0.050015 0.031377 0.080000 0.050107 0.031507 0.080000 0.050202 0.030864 0.076600 0.050155 0.030514 0.076600 0.050364 0.030208 0.076600 0.050634 0.029957 0.076600 0.050955 0.029769 0.076600 0.051317 0.029769 0.080000 0.051317 0.029957 0.080000 0.050955 0.030208 0.080000 0.050634 0.030514 0.080000 0.050364 0.030864 0.080000 0.050155 0.029443 0.076600 0.051107 0.029113 0.076600 0.050904 0.028777 0.076600 0.050709 0.028777 0.080000 0.050709 0.029113 0.080000 0.050904 0.029443 0.080000 0.051107 0.029015 0.076600 0.050378 0.029187 0.076600 0.050008 0.029288 0.076600 0.049613 0.029315 0.076600 0.049206 0.029267 0.076600 0.048801 0.029267 0.080000 0.048801 0.029315 0.080000 0.049206 0.029288 0.080000 0.049613 0.029187 0.080000 0.050008 0.029015 0.080000 0.050378 0.029125 0.076600 0.048727 0.028982 0.076600 0.048655 0.028839 0.076600 0.048583 0.028839 0.080000 0.048583 0.028982 0.080000 0.048655 0.029125 0.080000 0.048727 0.028483 0.076600 0.048782 0.028170 0.076600 0.049043 0.027910 0.076600 0.049357 0.027712 0.076600 0.049714 0.027583 0.076600 0.050101 0.027583 0.080000 0.050101 0.027712 0.080000 0.049714 0.027910 0.080000 0.049357 0.028170 0.080000 0.049043 0.028483 0.080000 0.048782 0.027229 0.076600 0.049944 0.026870 0.076600 0.049796 0.026509 0.076600 0.049656 0.026509 0.080000 0.049656 0.026870 0.080000 0.049796 0.027229 0.080000 0.049944 0.026691 0.076600 0.049291 0.026804 0.076600 0.048899 0.026842 0.076600 0.048493 0.026805 0.076600 0.048087 0.026694 0.076600 0.047695 0.026694 0.080000 0.047695 0.026805 0.080000 0.048087 0.026842 0.080000 0.048493 0.026804 0.080000 0.048899 0.026691 0.080000 0.049291 0.026542 0.076600 0.047644 0.026390 0.076600 0.047594 0.026237 0.076600 0.047546 0.026237 0.080000 0.047546 0.026390 0.080000 0.047594 0.026542 0.080000 0.047644 0.025917 0.076600 0.047798 0.025648 0.076600 0.048105 0.025440 0.076600 0.048456 0.025301 0.076600 0.048839 0.025234 0.076600 0.049242 0.025234 0.080000 0.049242 0.025301 0.080000 0.048839 0.025440 0.080000 0.048456 0.025648 0.080000 0.048105 0.025917 0.080000 0.047798 0.024859 0.076600 0.049142 0.024482 0.076600 0.049052 0.024103 0.076600 0.048970 0.024103 0.080000 0.048970 0.024482 0.080000 0.049052 0.024859 0.080000 0.049142 0.024227 0.076600 0.048582 0.024276 0.076600 0.048177 0.024251 0.076600 0.047770 0.024150 0.076600 0.047374 0.023979 0.076600 0.047004 0.023979 0.080000 0.047004 0.024150 0.080000 0.047374 0.024251 0.080000 0.047770 0.024276 0.080000 0.048177 0.024227 0.080000 0.048582 0.023821 0.076600 0.046978 0.023663 0.076600 0.046953 0.023663 0.080000 0.046953 0.023821 0.080000 0.046978 0.022394 0.076600 0.048721 0.022007 0.076600 0.048690 0.021620 0.076600 0.048669 0.021620 0.080000 0.048669 0.022007 0.080000 0.048690 0.022394 0.080000 0.048721 0.021681 0.076600 0.048266 0.021667 0.076600 0.047859 0.021578 0.076600 0.047461 0.021417 0.076600 0.047086 0.021190 0.076600 0.046747 0.021190 0.080000 0.046747 0.021417 0.080000 0.047086 0.021578 0.080000 0.047461 0.021667 0.080000 0.047859 0.021681 0.080000 0.048266 0.021030 0.076600 0.046745 0.020870 0.076600 0.046745 0.020870 0.080000 0.046745 0.021030 0.080000 0.046745 0.019893 0.076600 0.048690 0.019506 0.076600 0.048721 0.019120 0.076600 0.048761 0.019120 0.080000 0.048761 0.019506 0.080000 0.048721 0.019893 0.080000 0.048690 0.019118 0.076600 0.048353 0.019040 0.076600 0.047952 0.018890 0.076600 0.047573 0.018672 0.076600 0.047228 0.018395 0.076600 0.046929 0.018395 0.080000 0.046929 0.018672 0.080000 0.047228 0.018890 0.080000 0.047573 0.019040 0.080000 0.047952 0.019118 0.080000 0.048353 0.018237 0.076600 0.046953 0.018079 0.076600 0.046978 0.018079 0.080000 0.046978 0.018237 0.080000 0.046953 0.017418 0.076600 0.049052 0.017041 0.076600 0.049142 0.016666 0.076600 0.049242 0.016666 0.080000 0.049242 0.017041 0.080000 0.049142 0.017418 0.080000 0.049052 0.016599 0.076600 0.048839 0.016460 0.076600 0.048456 0.016252 0.076600 0.048105 0.015983 0.076600 0.047798 0.015663 0.076600 0.047546 0.015663 0.080000 0.047546 0.015983 0.080000 0.047798 0.016252 0.080000 0.048105 0.016460 0.080000 0.048456 0.016599 0.080000 0.048839 0.015510 0.076600 0.047594 0.015358 0.076600 0.047644 0.015358 0.080000 0.047644 0.015510 0.080000 0.047594 0.015030 0.076600 0.049796 0.014671 0.076600 0.049944 0.014317 0.076600 0.050101 0.014317 0.080000 0.050101 0.014671 0.080000 0.049944 0.015030 0.080000 0.049796 0.014188 0.076600 0.049714 0.013990 0.076600 0.049357 0.013730 0.076600 0.049043 0.013417 0.076600 0.048782 0.013061 0.076600 0.048583 0.013061 0.080000 0.048583 0.013417 0.080000 0.048782 0.013730 0.080000 0.049043 0.013990 0.080000 0.049357 0.014188 0.080000 0.049714 0.012918 0.076600 0.048655 0.012775 0.076600 0.048727 0.012775 0.080000 0.048727 0.012918 0.080000 0.048655 0.012787 0.076600 0.050904 0.012457 0.076600 0.051107 0.012131 0.076600 0.051317 0.012131 0.080000 0.051317 0.012457 0.080000 0.051107 0.012787 0.080000 0.050904 0.011943 0.076600 0.050955 0.011692 0.076600 0.050634 0.011386 0.076600 0.050364 0.011036 0.076600 0.050155 0.010653 0.076600 0.050015 0.010653 0.080000 0.050015 0.011036 0.080000 0.050155 0.011386 0.080000 0.050364 0.011692 0.080000 0.050634 0.011943 0.080000 0.050955 0.010523 0.076600 0.050107 0.010393 0.076600 0.050202 0.010393 0.080000 0.050202 0.010523 0.080000 0.050107 0.010746 0.076600 0.052349 0.010451 0.076600 0.052601 0.010162 0.076600 0.052860 0.010162 0.080000 0.052860 0.010451 0.080000 0.052601 0.010746 0.080000 0.052349 0.009920 0.076600 0.052532 0.009622 0.076600 0.052254 0.009278 0.076600 0.052035 0.008899 0.076600 0.051884 0.008499 0.076600 0.051805 0.008499 0.080000 0.051805 0.008899 0.080000 0.051884 0.009278 0.080000 0.052035 0.009622 0.080000 0.052254 0.009920 0.080000 0.052532 0.008385 0.076600 0.051917 0.008272 0.076600 0.052030 0.008160 0.076600 0.052144 0.008160 0.080000 0.052144 0.008272 0.080000 0.052030 0.008385 0.080000 0.051917 0.008239 0.076600 0.052544 0.008390 0.076600 0.052923 0.008608 0.076600 0.053268 0.008887 0.076600 0.053566 0.009215 0.076600 0.053808 0.009215 0.080000 0.053808 0.008887 0.080000 0.053566 0.008608 0.080000 0.053268 0.008390 0.080000 0.052923 0.008239 0.080000 0.052544 0.008956 0.076600 0.054096 0.008704 0.076600 0.054391 0.008459 0.076600 0.054692 0.008459 0.080000 0.054692 0.008704 0.080000 0.054391 0.008956 0.080000 0.054096 0.008169 0.076600 0.054406 0.007831 0.076600 0.054178 0.007457 0.076600 0.054016 0.007059 0.076600 0.053926 0.006651 0.076600 0.053910 0.006651 0.080000 0.053910 0.007059 0.080000 0.053926 0.007457 0.080000 0.054016 0.007831 0.080000 0.054178 0.008169 0.080000 0.054406 0.006556 0.076600 0.054039 0.006462 0.076600 0.054168 0.006369 0.076600 0.054298 0.006369 0.080000 0.054298 0.006462 0.080000 0.054168 0.006556 0.080000 0.054039 0.006510 0.076600 0.054681 0.006719 0.076600 0.055032 0.006988 0.076600 0.055338 0.007310 0.076600 0.055589 0.007672 0.076600 0.055776 0.007672 0.080000 0.055776 0.007310 0.080000 0.055589 0.006988 0.080000 0.055338 0.006719 0.080000 0.055032 0.006510 0.080000 0.054681 0.007461 0.076600 0.056102 0.007259 0.076600 0.056433 0.007064 0.076600 0.056768 0.007064 0.080000 0.056768 0.007259 0.080000 0.056433 0.007461 0.080000 0.056102 0.006733 0.076600 0.056531 0.006363 0.076600 0.056358 0.005968 0.076600 0.056257 0.005561 0.076600 0.056230 0.005156 0.076600 0.056278 0.005156 0.080000 0.056278 0.005561 0.080000 0.056230 0.005968 0.080000 0.056257 0.006363 0.080000 0.056358 0.006733 0.080000 0.056531 0.005082 0.076600 0.056420 0.005009 0.076600 0.056563 0.004938 0.076600 0.056706 0.004938 0.080000 0.056706 0.005009 0.080000 0.056563 0.005082 0.080000 0.056420 0.005137 0.076600 0.057062 0.005398 0.076600 0.057376 0.005712 0.076600 0.057636 0.006069 0.076600 0.057833 0.006456 0.076600 0.057962 0.006456 0.080000 0.057962 0.006069 0.080000 0.057833 0.005712 0.080000 0.057636 0.005398 0.080000 0.057376 0.005137 0.080000 0.057062 0.006299 0.076600 0.058317 0.006150 0.076600 0.058675 0.006011 0.076600 0.059037 0.006011 0.080000 0.059037 0.006150 0.080000 0.058675 0.006299 0.080000 0.058317 0.005646 0.076600 0.058854 0.005254 0.076600 0.058742 0.004848 0.076600 0.058703 0.004442 0.076600 0.058740 0.004049 0.076600 0.058852 0.004049 0.080000 0.058852 0.004442 0.080000 0.058740 0.004848 0.080000 0.058703 0.005254 0.080000 0.058742 0.005646 0.080000 0.058854 0.003999 0.076600 0.059003 0.003949 0.076600 0.059155 0.003901 0.076600 0.059308 0.003901 0.080000 0.059308 0.003949 0.080000 0.059155 0.003999 0.080000 0.059003 0.004153 0.076600 0.059629 0.004460 0.076600 0.059897 0.004811 0.076600 0.060105 0.005194 0.076600 0.060245 0.005597 0.076600 0.060311 0.005597 0.080000 0.060311 0.005194 0.080000 0.060245 0.004811 0.080000 0.060105 0.004460 0.080000 0.059897 0.004153 0.080000 0.059629 0.005497 0.076600 0.060686 0.005406 0.076600 0.061063 0.005325 0.076600 0.061442 0.005325 0.080000 0.061442 0.005406 0.080000 0.061063 0.005497 0.080000 0.060686 0.004936 0.076600 0.061319 0.004531 0.076600 0.061269 0.004124 0.076600 0.061295 0.003729 0.076600 0.061395 0.003359 0.076600 0.061566 0.003359 0.080000 0.061566 0.003729 0.080000 0.061395 0.004124 0.080000 0.061295 0.004531 0.080000 0.061269 0.004936 0.080000 0.061319 0.003332 0.076600 0.061724 0.003307 0.076600 0.061882 0.003284 0.076600 0.062040 0.003284 0.080000 0.062040 0.003307 0.080000 0.061882 0.003332 0.080000 0.061724 0.003583 0.076600 0.062317 0.003928 0.076600 0.062535 0.004307 0.076600 0.062685 0.004708 0.076600 0.062763 0.004708 0.080000 0.062763 0.004307 0.080000 0.062685 0.003928 0.080000 0.062535 0.003583 0.080000 0.062317 0.052950 0.080000 0.068595 0.052950 0.080000 0.060595 0.052950 0.076600 0.068595 0.052950 0.076600 0.060595</float_array>
          <technique_common>
            <accessor source="#ratio_right_gear-mesh-positions-array" count="1480" stride="3">
              <param name="X" type="float"/>
              <param name="Y" type="float"/>
              <param name="Z" type="float"/>
            </accessor>
          </technique_common>
        </source>
        <source id="ratio_right_gear-mesh-normals">
          <float_array id="ratio_right_gear-mesh-normals-array" count="9792">-0.978148 0.000000 -0.207912 -0.978148 0.000000 -0.207912 -1.000000 0.000000 -0.000000 -1.000000 0.000000 -0.000000 -0.978148 0.000000 0.207912 -0.978148 0.000000 0.207912 -0.913545 0.000000 0.406737 -0.913545 0.000000 0.406737 -0.809017 0.000000 0.587785 -0.809017 0.000000 0.587785 -0.669131 0.000000 0.743145 -0.669131 0.000000 0.743145 -0.500000 0.000000 0.866025 -0.500000 0.000000 0.866025 -0.309017 0.000000 0.951057 -0.309017 0.000000 0.951057 -0.104528 0.000000 0.994522 -0.104528 0.000000 0.994522 0.104528 -0.000000 0.994522 0.104528 -0.000000 0.994522 0.309017 -0.000000 0.951057 0.309017 -0.000000 0.951057 0.500000 -0.000000 0.866025 0.500000 -0.000000 0.866025 0.669131 -0.000000 0.743145 0.669131 -0.000000 0.743145 0.809017 -0.000000 0.587785 0.809017 -0.000000 0.587785 0.913545 -0.000000 0.406737 0.913545 -0.000000 0.406737 0.978148 -0.000000 0.207912 0.978148 -0.000000 0.207912 1.000000 -0.000000 0.000000 1.000000 -0.000000 0.000000 0.978148 -0.000000 -0.207912 0.978148 -0.000000 -0.207912 0.913545 -0.000000 -0.406737 0.913545 -0.000000 -0.406737 0.809017 -0.000000 -0.587785 0.809017 -0.000000 -0.587785 0.669131 -0.000000 -0.743145 0.669131 -0.000000 -0.743145 0.500000 -0.000000 -0.866025 0.500000 -0.000000 -0.866025 0.309017 -0.000000 -0.951057 0.309017 -0.000000 -0.951057 0.104528 -0.000000 -0.994522 0.104528 -0.000000 -0.994522 -0.104528 0.000000 -0.994522 -0.104528 0.000000 -0.994522 -0.309017 0.000000 -0.951057 -0.309017 0.000000 -0.951057 -0.500000 0.000000 -0.866025 -0.500000 0.000000 -0.866025 -0.669131 0.000000 -0.743145 -0.669131 0.000000 -0.743145 -0.809017 0.000000 -0.587785 -0.809017 0.000000 -0.587785 -0.913545 0.000000 -0.406737 -0.913545 0.000000 -0.406737 -0.981929 0.000000 -0.189251 -1.000000 0.000000 0.000000 -1.000000 0.000000 -0.000000 -0.981929 0.000000 0.189251 -0.981929 0.000000 0.189251 -0.928368 0.000000 0.371662 -0.928368 0.000000 0.371662 -0.841254 0.000000 0.540641 -0.841254 0.000000 0.540641 -0.723734 0.000000 0.690079 -0.723734 0.000000 0.690079 -0.580057 0.000000 0.814576 -0.580057 0.000000 0.814576 -0.415415 0.000000 0.909632 -0.415415 0.000000 0.909632 -0.235759 0.000000 0.971812 -0.235759 0.000000 0.971812 -0.047582 0.000000 0.998867 -0.047582 0.000000 0.998867 0.142315 -0.000000 0.989821 0.142315 -0.000000 0.989821 0.327068 -0.000000 0.945001 0.327068 -0.000000 0.945001 0.500000 -0.000000 0.866025 0.500000 -0.000000 0.866025 0.654861 -0.000000 0.755750 0.654861 -0.000000 0.755750 0.786053 -0.000000 0.618159 0.786053 -0.000000 0.618159 0.888835 -0.000000 0.458227 0.888835 -0.000000 0.458227 0.959493 -0.000000 0.281733 0.959493 -0.000000 0.281733 0.995472 -0.000000 0.095056 0.995472 -0.000000 0.095056 0.995472 -0.000000 -0.095056 0.995472 -0.000000 -0.095056 0.959493 -0.000000 -0.281733 0.959493 -0.000000 -0.281733 0.888835 -0.000000 -0.458227 0.888835 -0.000000 -0.458227 0.786053 -0.000000 -0.618159 0.786053 -0.000000 -0.618159 0.654861 -0.000000 -0.755750 0.654861 -0.000000 -0.755750 0.500000 -0.000000 -0.866025 0.500000 -0.000000 -0.866025 0.327068 -0.000000 -0.945001 0.327068 -0.000000 -0.945001 0.142315 -0.000000 -0.989821 0.142315 -0.000000 -0.989821 -0.047582 0.000000 -0.998867 -0.047582 0.000000 -0.998867 -0.235759 0.000000 -0.971812 -0.235759 0.000000 -0.971812 -0.415415 0.000000 -0.909632 -0.415415 0.000000 -0.909632 -0.580057 0.000000 -0.814576 -0.580057 0.000000 -0.814576 -0.723734 0.000000 -0.690079 -0.723734 0.000000 -0.690079 -0.841254 0.000000 -0.540641 -0.841254 0.000000 -0.540641 -0.928368 0.000000 -0.371662 -0.928368 0.000000 -0.371662 -0.981929 0.000000 -0.189251 0.990268 -0.000000 -0.139173 1.000000 -0.000000 -0.000000 1.000000 -0.000000 0.000000 0.990268 -0.000000 0.139173 0.990268 -0.000000 0.139173 0.961262 -0.000000 0.275637 0.961262 -0.000000 0.275637 0.913545 -0.000000 0.406737 0.913545 -0.000000 0.406737 0.848048 -0.000000 0.529919 0.848048 -0.000000 0.529919 0.766044 -0.000000 0.642788 0.766044 -0.000000 0.642788 0.669131 -0.000000 0.743145 0.669131 -0.000000 0.743145 0.559193 -0.000000 0.829038 0.559193 -0.000000 0.829038 0.438371 -0.000000 0.898794 0.438371 -0.000000 0.898794 0.309017 -0.000000 0.951057 0.309017 -0.000000 0.951057 0.173648 -0.000000 0.984808 0.173648 -0.000000 0.984808 0.034899 -0.000000 0.999391 0.034899 -0.000000 0.999391 -0.104528 0.000000 0.994522 -0.104528 0.000000 0.994522 -0.241922 0.000000 0.970296 -0.241922 0.000000 0.970296 -0.374607 0.000000 0.927184 -0.374607 0.000000 0.927184 -0.500000 0.000000 0.866025 -0.500000 0.000000 0.866025 -0.615661 0.000000 0.788011 -0.615661 0.000000 0.788011 -0.719340 0.000000 0.694658 -0.719340 0.000000 0.694658 -0.809017 0.000000 0.587785 -0.809017 0.000000 0.587785 -0.882948 0.000000 0.469472 -0.882948 0.000000 0.469472 -0.939693 0.000000 0.342020 -0.939693 0.000000 0.342020 -0.978148 0.000000 0.207912 -0.978148 0.000000 0.207912 -0.997564 0.000000 0.069756 -0.997564 0.000000 0.069756 -0.997564 0.000000 -0.069756 -0.997564 0.000000 -0.069756 -0.978148 0.000000 -0.207912 -0.978148 0.000000 -0.207912 -0.939693 0.000000 -0.342020 -0.939693 0.000000 -0.342020 -0.882948 0.000000 -0.469472 -0.882948 0.000000 -0.469472 -0.809017 0.000000 -0.587785 -0.809017 0.000000 -0.587785 -0.719340 0.000000 -0.694658 -0.719340 0.000000 -0.694658 -0.615661 0.000000 -0.788011 -0.615661 0.000000 -0.788011 -0.500000 0.000000 -0.866025 -0.500000 0.000000 -0.866025 -0.374607 0.000000 -0.927184 -0.374607 0.000000 -0.927184 -0.241922 0.000000 -0.970296 -0.241922 0.000000 -0.970296 -0.104528 0.000000 -0.994522 -0.104528 0.000000 -0.994522 0.034899 -0.000000 -0.999391 0.034899 -0.000000 -0.999391 0.173648 -0.000000 -0.984808 0.173648 -0.000000 -0.984808 0.309017 -0.000000 -0.951057 0.309017 -0.000000 -0.951057 0.438371 -0.000000 -0.898794 0.438371 -0.000000 -0.898794 0.559193 -0.000000 -0.829038 0.559193 -0.000000 -0.829038 0.669131 -0.000000 -0.743145 0.669131 -0.000000 -0.743145 0.766044 -0.000000 -0.642788 0.766044 -0.000000 -0.642788 0.848048 -0.000000 -0.529919 0.848048 -0.000000 -0.529919 0.913545 -0.000000 -0.406737 0.913545 -0.000000 -0.406737 0.961262 -0.000000 -0.275637 0.961262 -0.000000 -0.275637 0.990268 -0.000000 -0.139173 0.982973 -0.000000 -0.183750 0.982973 -0.000000 -0.183750 1.000000 -0.000000 0.000000 1.000000 -0.000000 0.000000 0.982973 -0.000000 0.183750 0.982973 -0.000000 0.183750 0.932472 -0.000000 0.361242 0.932472 -0.000000 0.361242 0.850217 -0.000000 0.526432 0.850217 -0.000000 0.526432 0.739009 -0.000000 0.673696 0.739009 -0.000000 0.673696 0.602635 -0.000000 0.798017 0.602635 -0.000000 0.798017 0.445738 -0.000000 0.895163 0.445738 -0.000000 0.895163 0.273663 -0.000000 0.961826 0.273663 -0.000000 0.961826 0.092268 -0.000000 0.995734 0.092268 -0.000000 0.995734 -0.092268 0.000000 0.995734 -0.092268 0.000000 0.995734 -0.273663 0.000000 0.961826 -0.273663 0.000000 0.961826 -0.445738 0.000000 0.895163 -0.445738 0.000000 0.895163 -0.602635 0.000000 0.798017 -0.602635 0.000000 0.798017 -0.739009 0.000000 0.673696 -0.739009 0.000000 0.673696 -0.850217 0.000000 0.526432 -0.850217 0.000000 0.526432 -0.932472 0.000000 0.361242 -0.932472 0.000000 0.361242 -0.982973 0.000000 0.183750 -0.982973 0.000000 0.183750 -1.000000 0.000000 0.000000 -1.000000 0.000000 0.000000 -0.982973 0.000000 -0.183750 -0.982973 0.000000 -0.183750 -0.932472 0.000000 -0.361242 -0.932472 0.000000 -0.361242 -0.850217 0.000000 -0.526432 -0.850217 0.000000 -0.526432 -0.739009 0.000000 -0.673696 -0.739009 0.000000 -0.673696 -0.602635 0.000000 -0.798017 -0.602635 0.000000 -0.798017 -0.445738 0.000000 -0.895163 -0.445738 0.000000 -0.895163 -0.273663 0.000000 -0.961826 -0.273663 0.000000 -0.961826 -0.092268 0.000000 -0.995734 -0.092268 0.000000 -0.995734 0.092268 -0.000000 -0.995734 0.092268 -0.000000 -0.995734 0.273663 -0.000000 -0.961826 0.273663 -0.000000 -0.961826 0.445738 -0.000000 -0.895163 0.445738 -0.000000 -0.895163 0.602635 -0.000000 -0.798017 0.602635 -0.000000 -0.798017 0.739009 -0.000000 -0.673696 0.739009 -0.000000 -0.673696 0.850217 -0.000000 -0.526432 0.850217 -0.000000 -0.526432 0.932472 -0.000000 -0.361242 0.932472 -0.000000 -0.361242 -0.643926 0.000000 0.765088 -0.643926 0.000000 0.765088 -0.773777 0.000000 0.633458 -0.773777 0.000000 0.633458 -0.877174 0.000000 0.480173 -0.877174 0.000000 0.480173 -0.950583 0.000000 0.310471 -0.950583 0.000000 0.310471 -0.991494 0.000000 0.130156 -0.991494 0.000000 0.130156 -0.998508 0.000000 -0.054610 -0.998508 0.000000 -0.054610 -0.755685 0.000000 0.654936 -0.755685 0.000000 0.654936 -0.863345 0.000000 0.504614 -0.863345 0.000000 0.504614 -0.941490 0.000000 0.337041 -0.941490 0.000000 0.337041 -0.987448 0.000000 0.157945 -0.987448 0.000000 0.157945 -0.999647 0.000000 -0.026551 -0.999647 0.000000 -0.026551 -0.977672 0.000000 -0.210138 -0.977672 0.000000 -0.210138 -0.848835 0.000000 0.528657 -0.848835 0.000000 0.528657 -0.931655 0.000000 0.363344 -0.931655 0.000000 0.363344 -0.982624 0.000000 0.185610 -0.982624 0.000000 0.185610 -0.999999 0.000000 0.001530 -0.999999 0.000000 0.001530 -0.983187 0.000000 -0.182603 -0.983187 0.000000 -0.182603 -0.932762 0.000000 -0.360493 -0.932762 0.000000 -0.360493 -0.921085 0.000000 0.389362 -0.921085 0.000000 0.389362 -0.977024 0.000000 0.213128 -0.977024 0.000000 0.213128 -0.999562 0.000000 0.029608 -0.999562 0.000000 0.029608 -0.987926 0.000000 -0.154924 -0.987926 0.000000 -0.154924 -0.942517 0.000000 -0.334159 -0.942517 0.000000 -0.334159 -0.864885 0.000000 -0.501971 -0.864885 0.000000 -0.501971 -0.970654 0.000000 0.240478 -0.970654 0.000000 0.240478 -0.998336 0.000000 0.057664 -0.998336 0.000000 0.057664 -0.991887 0.000000 -0.127122 -0.991887 0.000000 -0.127122 -0.951528 0.000000 -0.307562 -0.951528 0.000000 -0.307562 -0.878639 0.000000 -0.477487 -0.878639 0.000000 -0.477487 -0.775711 0.000000 -0.631088 -0.775711 0.000000 -0.631088 -0.996323 0.000000 0.085674 -0.996323 0.000000 0.085674 -0.995066 0.000000 -0.099220 -0.995066 0.000000 -0.099220 -0.959789 0.000000 -0.280722 -0.959789 0.000000 -0.280722 -0.891700 0.000000 -0.452627 -0.891700 0.000000 -0.452627 -0.793126 0.000000 -0.609058 -0.793126 0.000000 -0.609058 -0.667437 0.000000 -0.744666 -0.667437 0.000000 -0.744666 -0.667437 0.000000 0.744666 -0.667437 0.000000 0.744666 -0.793126 0.000000 0.609058 -0.793126 0.000000 0.609058 -0.891700 0.000000 0.452627 -0.891700 0.000000 0.452627 -0.959789 0.000000 0.280722 -0.959789 0.000000 0.280722 -0.995066 0.000000 0.099220 -0.995066 0.000000 0.099220 -0.996323 0.000000 -0.085674 -0.996323 0.000000 -0.085674 -0.775711 0.000000 0.631088 -0.775711 0.000000 0.631088 -0.878639 0.000000 0.477487 -0.878639 0.000000 0.477487 -0.951528 0.000000 0.307562 -0.951528 0.000000 0.307562 -0.991887 0.000000 0.127122 -0.991887 0.000000 0.127122 -0.998336 0.000000 -0.057664 -0.998336 0.000000 -0.057664 -0.970654 0.000000 -0.240478 -0.970654 0.000000 -0.240478 -0.864885 0.000000 0.501971 -0.864885 0.000000 0.501971 -0.942517 0.000000 0.334159 -0.942517 0.000000 0.334159 -0.987926 0.000000 0.154924 -0.987926 0.000000 0.154924 -0.999562 0.000000 -0.029608 -0.999562 0.000000 -0.029608 -0.977024 0.000000 -0.213128 -0.977024 0.000000 -0.213128 -0.921085 0.000000 -0.389362 -0.921085 0.000000 -0.389362 -0.932762 0.000000 0.360493 -0.932762 0.000000 0.360493 -0.983187 0.000000 0.182603 -0.983187 0.000000 0.182603 -0.999999 0.000000 -0.001530 -0.999999 0.000000 -0.001530 -0.982624 0.000000 -0.185610 -0.982624 0.000000 -0.185610 -0.931655 0.000000 -0.363344 -0.931655 0.000000 -0.363344 -0.848835 0.000000 -0.528657 -0.848835 0.000000 -0.528657 -0.977672 0.000000 0.210138 -0.977672 0.000000 0.210138 -0.999647 0.000000 0.026551 -0.999647 0.000000 0.026551 -0.987448 0.000000 -0.157945 -0.987448 0.000000 -0.157945 -0.941490 0.000000 -0.337041 -0.941490 0.000000 -0.337041 -0.863345 0.000000 -0.504614 -0.863345 0.000000 -0.504614 -0.755685 0.000000 -0.654936 -0.755685 0.000000 -0.654936 -0.998508 0.000000 0.054610 -0.998508 0.000000 0.054610 -0.991494 0.000000 -0.130156 -0.991494 0.000000 -0.130156 -0.950583 0.000000 -0.310471 -0.950583 0.000000 -0.310471 -0.877174 0.000000 -0.480173 -0.877174 0.000000 -0.480173 -0.773777 0.000000 -0.633458 -0.773777 0.000000 -0.633458 -0.643926 0.000000 -0.765088 -0.643926 0.000000 -0.765088 -0.999910 0.000000 0.013445 -0.999910 0.000000 0.013445 -0.999990 0.000000 0.004482 -0.999990 0.000000 0.004482 -0.999990 0.000000 -0.004482 -0.999990 0.000000 -0.004482 -0.999910 0.000000 -0.013445 -0.999910 0.000000 -0.013445 0.963205 -0.000000 0.268768 0.963205 -0.000000 0.268768 0.964841 -0.000000 0.262836 0.964841 -0.000000 0.262836 0.966440 -0.000000 0.256893 0.966440 -0.000000 0.256893 0.968002 -0.000000 0.250941 0.968002 -0.000000 0.250941 -0.993391 0.000000 -0.114781 -0.993391 0.000000 -0.114781 -0.995889 0.000000 -0.090580 -0.995889 0.000000 -0.090580 -0.997798 0.000000 -0.066326 -0.997798 0.000000 -0.066326 -0.999116 0.000000 -0.042033 -0.999116 0.000000 -0.042033 0.240478 -0.000000 -0.970654 0.240478 -0.000000 -0.970654 0.057664 -0.000000 -0.998336 0.057664 -0.000000 -0.998336 -0.127122 0.000000 -0.991887 -0.127122 0.000000 -0.991887 -0.307562 0.000000 -0.951528 -0.307562 0.000000 -0.951528 -0.477487 0.000000 -0.878639 -0.477487 0.000000 -0.878639 -0.631088 0.000000 -0.775711 -0.631088 0.000000 -0.775711 -0.631088 0.000000 0.775711 -0.631088 0.000000 0.775711 -0.477487 0.000000 0.878639 -0.477487 0.000000 0.878639 -0.307562 0.000000 0.951528 -0.307562 0.000000 0.951528 -0.127122 0.000000 0.991887 -0.127122 0.000000 0.991887 0.057664 -0.000000 0.998336 0.057664 -0.000000 0.998336 0.240478 -0.000000 0.970654 0.240478 -0.000000 0.970654 -0.999116 0.000000 0.042033 -0.999116 0.000000 0.042033 -0.997798 0.000000 0.066326 -0.997798 0.000000 0.066326 -0.995889 0.000000 0.090580 -0.995889 0.000000 0.090580 -0.993391 0.000000 0.114781 -0.993391 0.000000 0.114781 0.085674 -0.000000 -0.996323 0.085674 -0.000000 -0.996323 -0.099220 0.000000 -0.995066 -0.099220 0.000000 -0.995066 -0.280722 0.000000 -0.959789 -0.280722 0.000000 -0.959789 -0.452627 0.000000 -0.891700 -0.452627 0.000000 -0.891700 -0.609058 0.000000 -0.793126 -0.609058 0.000000 -0.793126 -0.744666 0.000000 -0.667437 -0.744666 0.000000 -0.667437 -0.989702 0.000000 0.143140 -0.989702 0.000000 0.143140 -0.988380 0.000000 0.152006 -0.988380 0.000000 0.152006 -0.986977 0.000000 0.160860 -0.986977 0.000000 0.160860 -0.985496 0.000000 0.169700 -0.985496 0.000000 0.169700 -0.501971 0.000000 0.864885 -0.501971 0.000000 0.864885 -0.334159 0.000000 0.942517 -0.334159 0.000000 0.942517 -0.154924 0.000000 0.987926 -0.154924 0.000000 0.987926 0.029608 -0.000000 0.999562 0.029608 -0.000000 0.999562 0.213128 -0.000000 0.977024 0.213128 -0.000000 0.977024 0.389362 -0.000000 0.921085 0.389362 -0.000000 0.921085 -0.980240 0.000000 0.197811 -0.980240 0.000000 0.197811 -0.975138 0.000000 0.221600 -0.975138 0.000000 0.221600 -0.969458 0.000000 0.245257 -0.969458 0.000000 0.245257 -0.963205 0.000000 0.268768 -0.963205 0.000000 0.268768 -0.071240 0.000000 -0.997459 -0.071240 0.000000 -0.997459 -0.253661 0.000000 -0.967293 -0.253661 0.000000 -0.967293 -0.427410 0.000000 -0.904058 -0.427410 0.000000 -0.904058 -0.586547 0.000000 -0.809915 -0.586547 0.000000 -0.809915 -0.725632 0.000000 -0.688083 -0.725632 0.000000 -0.688083 -0.839909 0.000000 -0.542728 -0.839909 0.000000 -0.542728 -0.955125 0.000000 0.296202 -0.955125 0.000000 0.296202 -0.952432 0.000000 0.304751 -0.952432 0.000000 0.304751 -0.949662 0.000000 0.313276 -0.949662 0.000000 0.313276 -0.946816 0.000000 0.321776 -0.946816 0.000000 0.321776 -0.360493 0.000000 0.932762 -0.360493 0.000000 0.932762 -0.182603 0.000000 0.983187 -0.182603 0.000000 0.983187 0.001530 -0.000000 0.999999 0.001530 -0.000000 0.999999 0.185610 -0.000000 0.982624 0.185610 -0.000000 0.982624 0.363344 -0.000000 0.931655 0.363344 -0.000000 0.931655 0.528657 -0.000000 0.848835 0.528657 -0.000000 0.848835 -0.937227 0.000000 0.348719 -0.937227 0.000000 0.348719 -0.928466 0.000000 0.371416 -0.928466 0.000000 0.371416 -0.919156 0.000000 0.393894 -0.919156 0.000000 0.393894 -0.909301 0.000000 0.416138 -0.909301 0.000000 0.416138 -0.226400 0.000000 -0.974034 -0.226400 0.000000 -0.974034 -0.401856 0.000000 -0.915703 -0.401856 0.000000 -0.915703 -0.563574 0.000000 -0.826066 -0.563574 0.000000 -0.826066 -0.706024 0.000000 -0.708187 -0.706024 0.000000 -0.708187 -0.824338 0.000000 -0.566098 -0.824338 0.000000 -0.566098 -0.914469 0.000000 -0.404655 -0.914469 0.000000 -0.404655 -0.897030 0.000000 0.441970 -0.897030 0.000000 0.441970 -0.893032 0.000000 0.449993 -0.893032 0.000000 0.449993 -0.888963 0.000000 0.457979 -0.888963 0.000000 0.457979 -0.884822 0.000000 0.465929 -0.884822 0.000000 0.465929 -0.210138 0.000000 0.977672 -0.210138 0.000000 0.977672 -0.026551 0.000000 0.999647 -0.026551 0.000000 0.999647 0.157945 -0.000000 0.987448 0.157945 -0.000000 0.987448 0.337041 -0.000000 0.941490 0.337041 -0.000000 0.941490 0.504614 -0.000000 0.863345 0.504614 -0.000000 0.863345 0.654936 -0.000000 0.755685 0.654936 -0.000000 0.755685 -0.871137 0.000000 0.491041 -0.871137 0.000000 0.491041 -0.858933 0.000000 0.512088 -0.858933 0.000000 0.512088 -0.846221 0.000000 0.532832 -0.846221 0.000000 0.532832 -0.833008 0.000000 0.553261 -0.833008 0.000000 0.553261 -0.375985 0.000000 -0.926626 -0.375985 0.000000 -0.926626 -0.540156 0.000000 -0.841565 -0.540156 0.000000 -0.841565 -0.685860 0.000000 -0.727733 -0.685860 0.000000 -0.727733 -0.808117 0.000000 -0.589022 -0.808117 0.000000 -0.589022 -0.902746 0.000000 -0.430174 -0.902746 0.000000 -0.430174 -0.966513 0.000000 -0.256619 -0.966513 0.000000 -0.256619 -0.816847 0.000000 0.576855 -0.816847 0.000000 0.576855 -0.811643 0.000000 0.584153 -0.811643 0.000000 0.584153 -0.806374 0.000000 0.591405 -0.806374 0.000000 0.591405 -0.801041 0.000000 0.598610 -0.801041 0.000000 0.598610 -0.054610 0.000000 0.998508 -0.054610 0.000000 0.998508 0.130156 -0.000000 0.991494 0.130156 -0.000000 0.991494 0.310471 -0.000000 0.950583 0.310471 -0.000000 0.950583 0.480173 -0.000000 0.877174 0.480173 -0.000000 0.877174 0.633458 -0.000000 0.773777 0.633458 -0.000000 0.773777 0.765088 -0.000000 0.643926 0.765088 -0.000000 0.643926 -0.783596 0.000000 0.621271 -0.783596 0.000000 0.621271 -0.768250 0.000000 0.640150 -0.768250 0.000000 0.640150 -0.752449 0.000000 0.658650 -0.752449 0.000000 0.658650 -0.736203 0.000000 0.676760 -0.736203 0.000000 0.676760 -0.516312 0.000000 -0.856400 -0.516312 0.000000 -0.856400 -0.665156 0.000000 -0.746705 -0.665156 0.000000 -0.746705 -0.791259 0.000000 -0.611481 -0.791259 0.000000 -0.611481 -0.890311 0.000000 -0.455353 -0.890311 0.000000 -0.455353 -0.958926 0.000000 -0.283657 -0.958926 0.000000 -0.283657 -0.994757 0.000000 -0.102264 -0.994757 0.000000 -0.102264 -0.716550 0.000000 0.697536 -0.716550 0.000000 0.697536 -0.710269 0.000000 0.703930 -0.710269 0.000000 0.703930 -0.703930 0.000000 0.710269 -0.703930 0.000000 0.710269 -0.697536 0.000000 0.716550 -0.697536 0.000000 0.716550 0.102264 -0.000000 0.994757 0.102264 -0.000000 0.994757 0.283657 -0.000000 0.958926 0.283657 -0.000000 0.958926 0.455353 -0.000000 0.890311 0.455353 -0.000000 0.890311 0.611481 -0.000000 0.791259 0.611481 -0.000000 0.791259 0.746705 -0.000000 0.665156 0.746705 -0.000000 0.665156 0.856400 -0.000000 0.516312 0.856400 -0.000000 0.516312 -0.676760 0.000000 0.736203 -0.676760 0.000000 0.736203 -0.658650 0.000000 0.752449 -0.658650 0.000000 0.752449 -0.640150 0.000000 0.768250 -0.640150 0.000000 0.768250 -0.621271 0.000000 0.783596 -0.621271 0.000000 0.783596 -0.598610 0.000000 0.801041 -0.598610 0.000000 0.801041 -0.591405 0.000000 0.806374 -0.591405 0.000000 0.806374 -0.584153 0.000000 0.811643 -0.584153 0.000000 0.811643 -0.576855 0.000000 0.816847 -0.576855 0.000000 0.816847 0.256619 -0.000000 0.966513 0.256619 -0.000000 0.966513 0.430174 -0.000000 0.902746 0.430174 -0.000000 0.902746 0.589022 -0.000000 0.808117 0.589022 -0.000000 0.808117 0.727733 -0.000000 0.685860 0.727733 -0.000000 0.685860 0.841565 -0.000000 0.540156 0.841565 -0.000000 0.540156 0.926626 -0.000000 0.375985 0.926626 -0.000000 0.375985 -0.553261 0.000000 0.833008 -0.553261 0.000000 0.833008 -0.532832 0.000000 0.846221 -0.532832 0.000000 0.846221 -0.512088 0.000000 0.858933 -0.512088 0.000000 0.858933 -0.491041 0.000000 0.871137 -0.491041 0.000000 0.871137 -0.465929 0.000000 0.884822 -0.465929 0.000000 0.884822 -0.457979 0.000000 0.888963 -0.457979 0.000000 0.888963 -0.449993 0.000000 0.893032 -0.449993 0.000000 0.893032 -0.441970 0.000000 0.897030 -0.441970 0.000000 0.897030 0.404655 -0.000000 0.914469 0.404655 -0.000000 0.914469 0.566098 -0.000000 0.824338 0.566098 -0.000000 0.824338 0.708187 -0.000000 0.706024 0.708187 -0.000000 0.706024 0.826066 -0.000000 0.563574 0.826066 -0.000000 0.563574 0.915703 -0.000000 0.401856 0.915703 -0.000000 0.401856 0.974034 -0.000000 0.226400 0.974034 -0.000000 0.226400 -0.416138 0.000000 0.909301 -0.416138 0.000000 0.909301 -0.393894 0.000000 0.919156 -0.393894 0.000000 0.919156 -0.371416 0.000000 0.928466 -0.371416 0.000000 0.928466 -0.348719 0.000000 0.937227 -0.348719 0.000000 0.937227 -0.321776 0.000000 0.946816 -0.321776 0.000000 0.946816 -0.313276 0.000000 0.949662 -0.313276 0.000000 0.949662 -0.304751 0.000000 0.952432 -0.304751 0.000000 0.952432 -0.296202 0.000000 0.955125 -0.296202 0.000000 0.955125 0.542728 -0.000000 0.839909 0.542728 -0.000000 0.839909 0.688083 -0.000000 0.725632 0.688083 -0.000000 0.725632 0.809915 -0.000000 0.586547 0.809915 -0.000000 0.586547 0.904058 -0.000000 0.427410 0.904058 -0.000000 0.427410 0.967293 -0.000000 0.253661 0.967293 -0.000000 0.253661 0.997459 -0.000000 0.071240 0.997459 -0.000000 0.071240 -0.268768 0.000000 0.963205 -0.268768 0.000000 0.963205 -0.245257 0.000000 0.969458 -0.245257 0.000000 0.969458 -0.221600 0.000000 0.975138 -0.221600 0.000000 0.975138 -0.197811 0.000000 0.980240 -0.197811 0.000000 0.980240 -0.169700 0.000000 0.985496 -0.169700 0.000000 0.985496 -0.160860 0.000000 0.986977 -0.160860 0.000000 0.986977 -0.152006 0.000000 0.988380 -0.152006 0.000000 0.988380 -0.143140 0.000000 0.989702 -0.143140 0.000000 0.989702 0.667437 -0.000000 0.744666 0.667437 -0.000000 0.744666 0.793126 -0.000000 0.609058 0.793126 -0.000000 0.609058 0.891700 -0.000000 0.452627 0.891700 -0.000000 0.452627 0.959789 -0.000000 0.280722 0.959789 -0.000000 0.280722 0.995066 -0.000000 0.099220 0.995066 -0.000000 0.099220 0.996323 -0.000000 -0.085674 0.996323 -0.000000 -0.085674 -0.114781 0.000000 0.993391 -0.114781 0.000000 0.993391 -0.090580 0.000000 0.995889 -0.090580 0.000000 0.995889 -0.066326 0.000000 0.997798 -0.066326 0.000000 0.997798 -0.042033 0.000000 0.999116 -0.042033 0.000000 0.999116 -0.013445 0.000000 0.999910 -0.013445 0.000000 0.999910 -0.004482 0.000000 0.999990 -0.004482 0.000000 0.999990 0.004482 -0.000000 0.999990 0.004482 -0.000000 0.999990 0.013445 -0.000000 0.999910 0.013445 -0.000000 0.999910 0.775711 -0.000000 0.631088 0.775711 -0.000000 0.631088 0.878639 -0.000000 0.477487 0.878639 -0.000000 0.477487 0.951528 -0.000000 0.307562 0.951528 -0.000000 0.307562 0.991887 -0.000000 0.127122 0.991887 -0.000000 0.127122 0.998336 -0.000000 -0.057664 0.998336 -0.000000 -0.057664 0.970654 -0.000000 -0.240478 0.970654 -0.000000 -0.240478 0.042033 -0.000000 0.999116 0.042033 -0.000000 0.999116 0.066326 -0.000000 0.997798 0.066326 -0.000000 0.997798 0.090580 -0.000000 0.995889 0.090580 -0.000000 0.995889 0.114781 -0.000000 0.993391 0.114781 -0.000000 0.993391 0.143140 -0.000000 0.989702 0.143140 -0.000000 0.989702 0.152006 -0.000000 0.988380 0.152006 -0.000000 0.988380 0.160860 -0.000000 0.986977 0.160860 -0.000000 0.986977 0.169700 -0.000000 0.985496 0.169700 -0.000000 0.985496 0.864885 -0.000000 0.501971 0.864885 -0.000000 0.501971 0.942517 -0.000000 0.334159 0.942517 -0.000000 0.334159 0.987926 -0.000000 0.154924 0.987926 -0.000000 0.154924 0.999562 -0.000000 -0.029608 0.999562 -0.000000 -0.029608 0.977024 -0.000000 -0.213128 0.977024 -0.000000 -0.213128 0.921085 -0.000000 -0.389362 0.921085 -0.000000 -0.389362 0.197811 -0.000000 0.980240 0.197811 -0.000000 0.980240 0.221600 -0.000000 0.975138 0.221600 -0.000000 0.975138 0.245257 -0.000000 0.969458 0.245257 -0.000000 0.969458 0.268768 -0.000000 0.963205 0.268768 -0.000000 0.963205 -0.997459 0.000000 0.071240 -0.997459 0.000000 0.071240 -0.967293 0.000000 0.253661 -0.967293 0.000000 0.253661 -0.904058 0.000000 0.427410 -0.904058 0.000000 0.427410 -0.809915 0.000000 0.586547 -0.809915 0.000000 0.586547 -0.688083 0.000000 0.725632 -0.688083 0.000000 0.725632 -0.542728 0.000000 0.839909 -0.542728 0.000000 0.839909 0.296202 -0.000000 0.955125 0.296202 -0.000000 0.955125 0.304751 -0.000000 0.952432 0.304751 -0.000000 0.952432 0.313276 -0.000000 0.949662 0.313276 -0.000000 0.949662 0.321776 -0.000000 0.946816 0.321776 -0.000000 0.946816 0.932762 -0.000000 0.360493 0.932762 -0.000000 0.360493 0.983187 -0.000000 0.182603 0.983187 -0.000000 0.182603 0.999999 -0.000000 -0.001530 0.999999 -0.000000 -0.001530 0.982624 -0.000000 -0.185610 0.982624 -0.000000 -0.185610 0.931655 -0.000000 -0.363344 0.931655 -0.000000 -0.363344 0.848835 -0.000000 -0.528657 0.848835 -0.000000 -0.528657 0.348719 -0.000000 0.937227 0.348719 -0.000000 0.937227 0.371416 -0.000000 0.928466 0.371416 -0.000000 0.928466 0.393894 -0.000000 0.919156 0.393894 -0.000000 0.919156 0.416138 -0.000000 0.909301 0.416138 -0.000000 0.909301 -0.974034 0.000000 0.226400 -0.974034 0.000000 0.226400 -0.915703 0.000000 0.401856 -0.915703 0.000000 0.401856 -0.826066 0.000000 0.563574 -0.826066 0.000000 0.563574 -0.708187 0.000000 0.706024 -0.708187 0.000000 0.706024 -0.566098 0.000000 0.824338 -0.566098 0.000000 0.824338 -0.404655 0.000000 0.914469 -0.404655 0.000000 0.914469 0.441970 -0.000000 0.897030 0.441970 -0.000000 0.897030 0.449993 -0.000000 0.893032 0.449993 -0.000000 0.893032 0.457979 -0.000000 0.888963 0.457979 -0.000000 0.888963 0.465929 -0.000000 0.884822 0.465929 -0.000000 0.884822 0.977672 -0.000000 0.210138 0.977672 -0.000000 0.210138 0.999647 -0.000000 0.026551 0.999647 -0.000000 0.026551 0.987448 -0.000000 -0.157945 0.987448 -0.000000 -0.157945 0.941490 -0.000000 -0.337041 0.941490 -0.000000 -0.337041 0.863345 -0.000000 -0.504614 0.863345 -0.000000 -0.504614 0.755685 -0.000000 -0.654936 0.755685 -0.000000 -0.654936 0.491041 -0.000000 0.871137 0.491041 -0.000000 0.871137 0.512088 -0.000000 0.858933 0.512088 -0.000000 0.858933 0.532832 -0.000000 0.846221 0.532832 -0.000000 0.846221 0.553261 -0.000000 0.833008 0.553261 -0.000000 0.833008 -0.926626 0.000000 0.375985 -0.926626 0.000000 0.375985 -0.841565 0.000000 0.540156 -0.841565 0.000000 0.540156 -0.727733 0.000000 0.685860 -0.727733 0.000000 0.685860 -0.589022 0.000000 0.808117 -0.589022 0.000000 0.808117 -0.430174 0.000000 0.902746 -0.430174 0.000000 0.902746 -0.256619 0.000000 0.966513 -0.256619 0.000000 0.966513 0.576855 -0.000000 0.816847 0.576855 -0.000000 0.816847 0.584153 -0.000000 0.811643 0.584153 -0.000000 0.811643 0.591405 -0.000000 0.806374 0.591405 -0.000000 0.806374 0.598610 -0.000000 0.801041 0.598610 -0.000000 0.801041 0.998508 -0.000000 0.054610 0.998508 -0.000000 0.054610 0.991494 -0.000000 -0.130156 0.991494 -0.000000 -0.130156 0.950583 -0.000000 -0.310471 0.950583 -0.000000 -0.310471 0.877174 -0.000000 -0.480173 0.877174 -0.000000 -0.480173 0.773777 -0.000000 -0.633458 0.773777 -0.000000 -0.633458 0.643926 -0.000000 -0.765088 0.643926 -0.000000 -0.765088 0.621271 -0.000000 0.783596 0.621271 -0.000000 0.783596 0.640150 -0.000000 0.768250 0.640150 -0.000000 0.768250 0.658650 -0.000000 0.752449 0.658650 -0.000000 0.752449 0.676760 -0.000000 0.736203 0.676760 -0.000000 0.736203 -0.856400 0.000000 0.516312 -0.856400 0.000000 0.516312 -0.746705 0.000000 0.665156 -0.746705 0.000000 0.665156 -0.611481 0.000000 0.791259 -0.611481 0.000000 0.791259 -0.455353 0.000000 0.890311 -0.455353 0.000000 0.890311 -0.283657 0.000000 0.958926 -0.283657 0.000000 0.958926 -0.102264 0.000000 0.994757 -0.102264 0.000000 0.994757 0.697536 -0.000000 0.716550 0.697536 -0.000000 0.716550 0.703930 -0.000000 0.710269 0.703930 -0.000000 0.710269 0.710269 -0.000000 0.703930 0.710269 -0.000000 0.703930 0.716550 -0.000000 0.697536 0.716550 -0.000000 0.697536 0.994757 -0.000000 -0.102264 0.994757 -0.000000 -0.102264 0.958926 -0.000000 -0.283657 0.958926 -0.000000 -0.283657 0.890311 -0.000000 -0.455353 0.890311 -0.000000 -0.455353 0.791259 -0.000000 -0.611481 0.791259 -0.000000 -0.611481 0.665156 -0.000000 -0.746705 0.665156 -0.000000 -0.746705 0.516312 -0.000000 -0.856400 0.516312 -0.000000 -0.856400 0.736203 -0.000000 0.676760 0.736203 -0.000000 0.676760 0.752449 -0.000000 0.658650 0.752449 -0.000000 0.658650 0.768250 -0.000000 0.640150 0.768250 -0.000000 0.640150 0.783596 -0.000000 0.621271 0.783596 -0.000000 0.621271 -0.765088 0.000000 0.643926 -0.765088 0.000000 0.643926 -0.633458 0.000000 0.773777 -0.633458 0.000000 0.773777 -0.480173 0.000000 0.877174 -0.480173 0.000000 0.877174 -0.310471 0.000000 0.950583 -0.310471 0.000000 0.950583 -0.130156 0.000000 0.991494 -0.130156 0.000000 0.991494 0.054610 -0.000000 0.998508 0.054610 -0.000000 0.998508 0.801041 -0.000000 0.598610 0.801041 -0.000000 0.598610 0.806374 -0.000000 0.591405 0.806374 -0.000000 0.591405 0.811643 -0.000000 0.584153 0.811643 -0.000000 0.584153 0.816847 -0.000000 0.576855 0.816847 -0.000000 0.576855 0.966513 -0.000000 -0.256619 0.966513 -0.000000 -0.256619 0.902746 -0.000000 -0.430174 0.902746 -0.000000 -0.430174 0.808117 -0.000000 -0.589022 0.808117 -0.000000 -0.589022 0.685860 -0.000000 -0.727733 0.685860 -0.000000 -0.727733 0.540156 -0.000000 -0.841565 0.540156 -0.000000 -0.841565 0.375985 -0.000000 -0.926626 0.375985 -0.000000 -0.926626 0.833008 -0.000000 0.553261 0.833008 -0.000000 0.553261 0.846221 -0.000000 0.532832 0.846221 -0.000000 0.532832 0.858933 -0.000000 0.512088 0.858933 -0.000000 0.512088 0.871137 -0.000000 0.491041 0.871137 -0.000000 0.491041 -0.654936 0.000000 0.755685 -0.654936 0.000000 0.755685 -0.504614 0.000000 0.863345 -0.504614 0.000000 0.863345 -0.337041 0.000000 0.941490 -0.337041 0.000000 0.941490 -0.157945 0.000000 0.987448 -0.157945 0.000000 0.987448 0.026551 -0.000000 0.999647 0.026551 -0.000000 0.999647 0.210138 -0.000000 0.977672 0.210138 -0.000000 0.977672 0.884822 -0.000000 0.465929 0.884822 -0.000000 0.465929 0.888963 -0.000000 0.457979 0.888963 -0.000000 0.457979 0.893032 -0.000000 0.449993 0.893032 -0.000000 0.449993 0.897030 -0.000000 0.441970 0.897030 -0.000000 0.441970 0.914469 -0.000000 -0.404655 0.914469 -0.000000 -0.404655 0.824338 -0.000000 -0.566098 0.824338 -0.000000 -0.566098 0.706024 -0.000000 -0.708187 0.706024 -0.000000 -0.708187 0.563574 -0.000000 -0.826066 0.563574 -0.000000 -0.826066 0.401856 -0.000000 -0.915703 0.401856 -0.000000 -0.915703 0.226400 -0.000000 -0.974034 0.226400 -0.000000 -0.974034 0.909301 -0.000000 0.416138 0.909301 -0.000000 0.416138 0.919156 -0.000000 0.393894 0.919156 -0.000000 0.393894 0.928466 -0.000000 0.371416 0.928466 -0.000000 0.371416 0.937227 -0.000000 0.348719 0.937227 -0.000000 0.348719 -0.528657 0.000000 0.848835 -0.528657 0.000000 0.848835 -0.363344 0.000000 0.931655 -0.363344 0.000000 0.931655 -0.185610 0.000000 0.982624 -0.185610 0.000000 0.982624 -0.001530 0.000000 0.999999 -0.001530 0.000000 0.999999 0.182603 -0.000000 0.983187 0.182603 -0.000000 0.983187 0.360493 -0.000000 0.932762 0.360493 -0.000000 0.932762 0.946816 -0.000000 0.321776 0.946816 -0.000000 0.321776 0.949662 -0.000000 0.313276 0.949662 -0.000000 0.313276 0.952432 -0.000000 0.304751 0.952432 -0.000000 0.304751 0.955125 -0.000000 0.296202 0.955125 -0.000000 0.296202 0.839909 -0.000000 -0.542728 0.839909 -0.000000 -0.542728 0.725632 -0.000000 -0.688083 0.725632 -0.000000 -0.688083 0.586547 -0.000000 -0.809915 0.586547 -0.000000 -0.809915 0.427410 -0.000000 -0.904058 0.427410 -0.000000 -0.904058 0.253661 -0.000000 -0.967293 0.253661 -0.000000 -0.967293 0.071240 -0.000000 -0.997459 0.071240 -0.000000 -0.997459 0.968002 -0.000000 -0.250941 0.968002 -0.000000 -0.250941 0.966440 -0.000000 -0.256893 0.966440 -0.000000 -0.256893 0.964841 -0.000000 -0.262836 0.964841 -0.000000 -0.262836 0.963205 -0.000000 -0.268768 0.963205 -0.000000 -0.268768 0.071240 -0.000000 0.997459 0.071240 -0.000000 0.997459 0.253661 -0.000000 0.967293 0.253661 -0.000000 0.967293 0.427410 -0.000000 0.904058 0.427410 -0.000000 0.904058 0.586547 -0.000000 0.809915 0.586547 -0.000000 0.809915 0.725632 -0.000000 0.688083 0.725632 -0.000000 0.688083 0.839909 -0.000000 0.542728 0.839909 -0.000000 0.542728 0.955125 -0.000000 -0.296202 0.955125 -0.000000 -0.296202 0.952432 -0.000000 -0.304751 0.952432 -0.000000 -0.304751 0.949662 -0.000000 -0.313276 0.949662 -0.000000 -0.313276 0.946816 -0.000000 -0.321776 0.946816 -0.000000 -0.321776 0.360493 -0.000000 -0.932762 0.360493 -0.000000 -0.932762 0.182603 -0.000000 -0.983187 0.182603 -0.000000 -0.983187 -0.001530 0.000000 -0.999999 -0.001530 0.000000 -0.999999 -0.185610 0.000000 -0.982624 -0.185610 0.000000 -0.982624 -0.363344 0.000000 -0.931655 -0.363344 0.000000 -0.931655 -0.528657 0.000000 -0.848835 -0.528657 0.000000 -0.848835 0.937227 -0.000000 -0.348719 0.937227 -0.000000 -0.348719 0.928466 -0.000000 -0.371416 0.928466 -0.000000 -0.371416 0.919156 -0.000000 -0.393894 0.919156 -0.000000 -0.393894 0.909301 -0.000000 -0.416138 0.909301 -0.000000 -0.416138 0.226400 -0.000000 0.974034 0.226400 -0.000000 0.974034 0.401856 -0.000000 0.915703 0.401856 -0.000000 0.915703 0.563574 -0.000000 0.826066 0.563574 -0.000000 0.826066 0.706024 -0.000000 0.708187 0.706024 -0.000000 0.708187 0.824338 -0.000000 0.566098 0.824338 -0.000000 0.566098 0.914469 -0.000000 0.404655 0.914469 -0.000000 0.404655 0.897030 -0.000000 -0.441970 0.897030 -0.000000 -0.441970 0.893032 -0.000000 -0.449993 0.893032 -0.000000 -0.449993 0.888963 -0.000000 -0.457979 0.888963 -0.000000 -0.457979 0.884822 -0.000000 -0.465929 0.884822 -0.000000 -0.465929 0.210138 -0.000000 -0.977672 0.210138 -0.000000 -0.977672 0.026551 -0.000000 -0.999647 0.026551 -0.000000 -0.999647 -0.157945 0.000000 -0.987448 -0.157945 0.000000 -0.987448 -0.337041 0.000000 -0.941490 -0.337041 0.000000 -0.941490 -0.504614 0.000000 -0.863345 -0.504614 0.000000 -0.863345 -0.654936 0.000000 -0.755685 -0.654936 0.000000 -0.755685 0.871137 -0.000000 -0.491041 0.871137 -0.000000 -0.491041 0.858933 -0.000000 -0.512088 0.858933 -0.000000 -0.512088 0.846221 -0.000000 -0.532832 0.846221 -0.000000 -0.532832 0.833008 -0.000000 -0.553261 0.833008 -0.000000 -0.553261 0.375985 -0.000000 0.926626 0.375985 -0.000000 0.926626 0.540156 -0.000000 0.841565 0.540156 -0.000000 0.841565 0.685860 -0.000000 0.727733 0.685860 -0.000000 0.727733 0.808117 -0.000000 0.589022 0.808117 -0.000000 0.589022 0.902746 -0.000000 0.430174 0.902746 -0.000000 0.430174 0.966513 -0.000000 0.256619 0.966513 -0.000000 0.256619 0.816847 -0.000000 -0.576855 0.816847 -0.000000 -0.576855 0.811643 -0.000000 -0.584153 0.811643 -0.000000 -0.584153 0.806374 -0.000000 -0.591405 0.806374 -0.000000 -0.591405 0.801041 -0.000000 -0.598610 0.801041 -0.000000 -0.598610 0.054610 -0.000000 -0.998508 0.054610 -0.000000 -0.998508 -0.130156 0.000000 -0.991494 -0.130156 0.000000 -0.991494 -0.310471 0.000000 -0.950583 -0.310471 0.000000 -0.950583 -0.480173 0.000000 -0.877174 -0.480173 0.000000 -0.877174 -0.633458 0.000000 -0.773777 -0.633458 0.000000 -0.773777 -0.765088 0.000000 -0.643926 -0.765088 0.000000 -0.643926 0.783596 -0.000000 -0.621271 0.783596 -0.000000 -0.621271 0.768250 -0.000000 -0.640150 0.768250 -0.000000 -0.640150 0.752449 -0.000000 -0.658650 0.752449 -0.000000 -0.658650 0.736203 -0.000000 -0.676760 0.736203 -0.000000 -0.676760 0.516312 -0.000000 0.856400 0.516312 -0.000000 0.856400 0.665156 -0.000000 0.746705 0.665156 -0.000000 0.746705 0.791259 -0.000000 0.611481 0.791259 -0.000000 0.611481 0.890311 -0.000000 0.455353 0.890311 -0.000000 0.455353 0.958926 -0.000000 0.283657 0.958926 -0.000000 0.283657 0.994757 -0.000000 0.102264 0.994757 -0.000000 0.102264 0.716550 -0.000000 -0.697536 0.716550 -0.000000 -0.697536 0.710269 -0.000000 -0.703930 0.710269 -0.000000 -0.703930 0.703930 -0.000000 -0.710269 0.703930 -0.000000 -0.710269 0.697536 -0.000000 -0.716550 0.697536 -0.000000 -0.716550 -0.102264 0.000000 -0.994757 -0.102264 0.000000 -0.994757 -0.283657 0.000000 -0.958926 -0.283657 0.000000 -0.958926 -0.455353 0.000000 -0.890311 -0.455353 0.000000 -0.890311 -0.611481 0.000000 -0.791259 -0.611481 0.000000 -0.791259 -0.746705 0.000000 -0.665156 -0.746705 0.000000 -0.665156 -0.856400 0.000000 -0.516312 -0.856400 0.000000 -0.516312 0.676760 -0.000000 -0.736203 0.676760 -0.000000 -0.736203 0.658650 -0.000000 -0.752449 0.658650 -0.000000 -0.752449 0.640150 -0.000000 -0.768250 0.640150 -0.000000 -0.768250 0.621271 -0.000000 -0.783596 0.621271 -0.000000 -0.783596 0.643926 -0.000000 0.765088 0.643926 -0.000000 0.765088 0.773777 -0.000000 0.633458 0.773777 -0.000000 0.633458 0.877174 -0.000000 0.480173 0.877174 -0.000000 0.480173 0.950583 -0.000000 0.310471 0.950583 -0.000000 0.310471 0.991494 -0.000000 0.130156 0.991494 -0.000000 0.130156 0.998508 -0.000000 -0.054610 0.998508 -0.000000 -0.054610 0.598610 -0.000000 -0.801041 0.598610 -0.000000 -0.801041 0.591405 -0.000000 -0.806374 0.591405 -0.000000 -0.806374 0.584153 -0.000000 -0.811643 0.584153 -0.000000 -0.811643 0.576855 -0.000000 -0.816847 0.576855 -0.000000 -0.816847 -0.256619 0.000000 -0.966513 -0.256619 0.000000 -0.966513 -0.430174 0.000000 -0.902746 -0.430174 0.000000 -0.902746 -0.589022 0.000000 -0.808117 -0.589022 0.000000 -0.808117 -0.727733 0.000000 -0.685860 -0.727733 0.000000 -0.685860 -0.841565 0.000000 -0.540156 -0.841565 0.000000 -0.540156 -0.926626 0.000000 -0.375985 -0.926626 0.000000 -0.375985 0.553261 -0.000000 -0.833008 0.553261 -0.000000 -0.833008 0.532832 -0.000000 -0.846221 0.532832 -0.000000 -0.846221 0.512088 -0.000000 -0.858933 0.512088 -0.000000 -0.858933 0.491041 -0.000000 -0.871137 0.491041 -0.000000 -0.871137 0.755685 -0.000000 0.654936 0.755685 -0.000000 0.654936 0.863345 -0.000000 0.504614 0.863345 -0.000000 0.504614 0.941490 -0.000000 0.337041 0.941490 -0.000000 0.337041 0.987448 -0.000000 0.157945 0.987448 -0.000000 0.157945 0.999647 -0.000000 -0.026551 0.999647 -0.000000 -0.026551 0.977672 -0.000000 -0.210138 0.977672 -0.000000 -0.210138 0.465929 -0.000000 -0.884822 0.465929 -0.000000 -0.884822 0.457979 -0.000000 -0.888963 0.457979 -0.000000 -0.888963 0.449993 -0.000000 -0.893032 0.449993 -0.000000 -0.893032 0.441970 -0.000000 -0.897030 0.441970 -0.000000 -0.897030 -0.404655 0.000000 -0.914469 -0.404655 0.000000 -0.914469 -0.566098 0.000000 -0.824338 -0.566098 0.000000 -0.824338 -0.708187 0.000000 -0.706024 -0.708187 0.000000 -0.706024 -0.826066 0.000000 -0.563574 -0.826066 0.000000 -0.563574 -0.915703 0.000000 -0.401856 -0.915703 0.000000 -0.401856 -0.974034 0.000000 -0.226400 -0.974034 0.000000 -0.226400 0.416138 -0.000000 -0.909301 0.416138 -0.000000 -0.909301 0.393894 -0.000000 -0.919156 0.393894 -0.000000 -0.919156 0.371416 -0.000000 -0.928466 0.371416 -0.000000 -0.928466 0.348719 -0.000000 -0.937227 0.348719 -0.000000 -0.937227 0.848835 -0.000000 0.528657 0.848835 -0.000000 0.528657 0.931655 -0.000000 0.363344 0.931655 -0.000000 0.363344 0.982624 -0.000000 0.185610 0.982624 -0.000000 0.185610 0.999999 -0.000000 0.001530 0.999999 -0.000000 0.001530 0.983187 -0.000000 -0.182603 0.983187 -0.000000 -0.182603 0.932762 -0.000000 -0.360493 0.932762 -0.000000 -0.360493 0.321776 -0.000000 -0.946816 0.321776 -0.000000 -0.946816 0.313276 -0.000000 -0.949662 0.313276 -0.000000 -0.949662 0.304751 -0.000000 -0.952432 0.304751 -0.000000 -0.952432 0.296202 -0.000000 -0.955125 0.296202 -0.000000 -0.955125 -0.542728 0.000000 -0.839909 -0.542728 0.000000 -0.839909 -0.688083 0.000000 -0.725632 -0.688083 0.000000 -0.725632 -0.809915 0.000000 -0.586547 -0.809915 0.000000 -0.586547 -0.904058 0.000000 -0.427410 -0.904058 0.000000 -0.427410 -0.967293 0.000000 -0.253661 -0.967293 0.000000 -0.253661 -0.997459 0.000000 -0.071240 -0.997459 0.000000 -0.071240 0.268768 -0.000000 -0.963205 0.268768 -0.000000 -0.963205 0.245257 -0.000000 -0.969458 0.245257 -0.000000 -0.969458 0.221600 -0.000000 -0.975138 0.221600 -0.000000 -0.975138 0.197811 -0.000000 -0.980240 0.197811 -0.000000 -0.980240 0.921085 -0.000000 0.389362 0.921085 -0.000000 0.389362 0.977024 -0.000000 0.213128 0.977024 -0.000000 0.213128 0.999562 -0.000000 0.029608 0.999562 -0.000000 0.029608 0.987926 -0.000000 -0.154924 0.987926 -0.000000 -0.154924 0.942517 -0.000000 -0.334159 0.942517 -0.000000 -0.334159 0.864885 -0.000000 -0.501971 0.864885 -0.000000 -0.501971 0.169700 -0.000000 -0.985496 0.169700 -0.000000 -0.985496 0.160860 -0.000000 -0.986977 0.160860 -0.000000 -0.986977 0.152006 -0.000000 -0.988380 0.152006 -0.000000 -0.988380 0.143140 -0.000000 -0.989702 0.143140 -0.000000 -0.989702 0.114781 -0.000000 -0.993391 0.114781 -0.000000 -0.993391 0.090580 -0.000000 -0.995889 0.090580 -0.000000 -0.995889 0.066326 -0.000000 -0.997798 0.066326 -0.000000 -0.997798 0.042033 -0.000000 -0.999116 0.042033 -0.000000 -0.999116 0.970654 -0.000000 0.240478 0.970654 -0.000000 0.240478 0.998336 -0.000000 0.057664 0.998336 -0.000000 0.057664 0.991887 -0.000000 -0.127122 0.991887 -0.000000 -0.127122 0.951528 -0.000000 -0.307562 0.951528 -0.000000 -0.307562 0.878639 -0.000000 -0.477487 0.878639 -0.000000 -0.477487 0.775711 -0.000000 -0.631088 0.775711 -0.000000 -0.631088 0.013445 -0.000000 -0.999910 0.013445 -0.000000 -0.999910 0.004482 -0.000000 -0.999990 0.004482 -0.000000 -0.999990 -0.004482 0.000000 -0.999990 -0.004482 0.000000 -0.999990 -0.013445 0.000000 -0.999910 -0.013445 0.000000 -0.999910 -0.042033 0.000000 -0.999116 -0.042033 0.000000 -0.999116 -0.066326 0.000000 -0.997798 -0.066326 0.000000 -0.997798 -0.090580 0.000000 -0.995889 -0.090580 0.000000 -0.995889 -0.114781 0.000000 -0.993391 -0.114781 0.000000 -0.993391 0.996323 -0.000000 0.085674 0.996323 -0.000000 0.085674 0.995066 -0.000000 -0.099220 0.995066 -0.000000 -0.099220 0.959789 -0.000000 -0.280722 0.959789 -0.000000 -0.280722 0.891700 -0.000000 -0.452627 0.891700 -0.000000 -0.452627 0.793126 -0.000000 -0.609058 0.793126 -0.000000 -0.609058 0.667437 -0.000000 -0.744666 0.667437 -0.000000 -0.744666 -0.143140 0.000000 -0.989702 -0.143140 0.000000 -0.989702 -0.152006 0.000000 -0.988380 -0.152006 0.000000 -0.988380 -0.160860 0.000000 -0.986977 -0.160860 0.000000 -0.986977 -0.169700 0.000000 -0.985496 -0.169700 0.000000 -0.985496 -0.197811 0.000000 -0.980240 -0.197811 0.000000 -0.980240 -0.221600 0.000000 -0.975138 -0.221600 0.000000 -0.975138 -0.245257 0.000000 -0.969458 -0.245257 0.000000 -0.969458 -0.268768 0.000000 -0.963205 -0.268768 0.000000 -0.963205 0.997459 -0.000000 -0.071240 0.997459 -0.000000 -0.071240 0.967293 -0.000000 -0.253661 0.967293 -0.000000 -0.253661 0.904058 -0.000000 -0.427410 0.904058 -0.000000 -0.427410 0.809915 -0.000000 -0.586547 0.809915 -0.000000 -0.586547 0.688083 -0.000000 -0.725632 0.688083 -0.000000 -0.725632 0.542728 -0.000000 -0.839909 0.542728 -0.000000 -0.839909 -0.296202 0.000000 -0.955125 -0.296202 0.000000 -0.955125 -0.304751 0.000000 -0.952432 -0.304751 0.000000 -0.952432 -0.313276 0.000000 -0.949662 -0.313276 0.000000 -0.949662 -0.321776 0.000000 -0.946816 -0.321776 0.000000 -0.946816 -0.348719 0.000000 -0.937227 -0.348719 0.000000 -0.937227 -0.371416 0.000000 -0.928466 -0.371416 0.000000 -0.928466 -0.393894 0.000000 -0.919156 -0.393894 0.000000 -0.919156 -0.416138 0.000000 -0.909301 -0.416138 0.000000 -0.909301 0.974034 -0.000000 -0.226400 0.974034 -0.000000 -0.226400 0.915703 -0.000000 -0.401856 0.915703 -0.000000 -0.401856 0.826066 -0.000000 -0.563574 0.826066 -0.000000 -0.563574 0.708187 -0.000000 -0.706024 0.708187 -0.000000 -0.706024 0.566098 -0.000000 -0.824338 0.566098 -0.000000 -0.824338 0.404655 -0.000000 -0.914469 0.404655 -0.000000 -0.914469 -0.441970 0.000000 -0.897030 -0.441970 0.000000 -0.897030 -0.449993 0.000000 -0.893032 -0.449993 0.000000 -0.893032 -0.457979 0.000000 -0.888963 -0.457979 0.000000 -0.888963 -0.465929 0.000000 -0.884822 -0.465929 0.000000 -0.884822 -0.491041 0.000000 -0.871137 -0.491041 0.000000 -0.871137 -0.512088 0.000000 -0.858933 -0.512088 0.000000 -0.858933 -0.532832 0.000000 -0.846221 -0.532832 0.000000 -0.846221 -0.553261 0.000000 -0.833008 -0.553261 0.000000 -0.833008 0.926626 -0.000000 -0.375985 0.926626 -0.000000 -0.375985 0.841565 -0.000000 -0.540156 0.841565 -0.000000 -0.540156 0.727733 -0.000000 -0.685860 0.727733 -0.000000 -0.685860 0.589022 -0.000000 -0.808117 0.589022 -0.000000 -0.808117 0.430174 -0.000000 -0.902746 0.430174 -0.000000 -0.902746 0.256619 -0.000000 -0.966513 0.256619 -0.000000 -0.966513 -0.576855 0.000000 -0.816847 -0.576855 0.000000 -0.816847 -0.584153 0.000000 -0.811643 -0.584153 0.000000 -0.811643 -0.591405 0.000000 -0.806374 -0.591405 0.000000 -0.806374 -0.598610 0.000000 -0.801041 -0.598610 0.000000 -0.801041 -0.621271 0.000000 -0.783596 -0.621271 0.000000 -0.783596 -0.640150 0.000000 -0.768250 -0.640150 0.000000 -0.768250 -0.658650 0.000000 -0.752449 -0.658650 0.000000 -0.752449 -0.676760 0.000000 -0.736203 -0.676760 0.000000 -0.736203 0.856400 -0.000000 -0.516312 0.856400 -0.000000 -0.516312 0.746705 -0.000000 -0.665156 0.746705 -0.000000 -0.665156 0.611481 -0.000000 -0.791259 0.611481 -0.000000 -0.791259 0.455353 -0.000000 -0.890311 0.455353 -0.000000 -0.890311 0.283657 -0.000000 -0.958926 0.283657 -0.000000 -0.958926 0.102264 -0.000000 -0.994757 0.102264 -0.000000 -0.994757 -0.697536 0.000000 -0.716550 -0.697536 0.000000 -0.716550 -0.703930 0.000000 -0.710269 -0.703930 0.000000 -0.710269 -0.710269 0.000000 -0.703930 -0.710269 0.000000 -0.703930 -0.716550 0.000000 -0.697536 -0.716550 0.000000 -0.697536 -0.994757 0.000000 0.102264 -0.994757 0.000000 0.102264 -0.958926 0.000000 0.283657 -0.958926 0.000000 0.283657 -0.890311 0.000000 0.455353 -0.890311 0.000000 0.455353 -0.791259 0.000000 0.611481 -0.791259 0.000000 0.611481 -0.665156 0.000000 0.746705 -0.665156 0.000000 0.746705 -0.516312 0.000000 0.856400 -0.516312 0.000000 0.856400 -0.736203 0.000000 -0.676760 -0.736203 0.000000 -0.676760 -0.752449 0.000000 -0.658650 -0.752449 0.000000 -0.658650 -0.768250 0.000000 -0.640150 -0.768250 0.000000 -0.640150 -0.783596 0.000000 -0.621271 -0.783596 0.000000 -0.621271 0.765088 -0.000000 -0.643926 0.765088 -0.000000 -0.643926 0.633458 -0.000000 -0.773777 0.633458 -0.000000 -0.773777 0.480173 -0.000000 -0.877174 0.480173 -0.000000 -0.877174 0.310471 -0.000000 -0.950583 0.310471 -0.000000 -0.950583 0.130156 -0.000000 -0.991494 0.130156 -0.000000 -0.991494 -0.054610 0.000000 -0.998508 -0.054610 0.000000 -0.998508 -0.801041 0.000000 -0.598610 -0.801041 0.000000 -0.598610 -0.806374 0.000000 -0.591405 -0.806374 0.000000 -0.591405 -0.811643 0.000000 -0.584153 -0.811643 0.000000 -0.584153 -0.816847 0.000000 -0.576855 -0.816847 0.000000 -0.576855 -0.966513 0.000000 0.256619 -0.966513 0.000000 0.256619 -0.902746 0.000000 0.430174 -0.902746 0.000000 0.430174 -0.808117 0.000000 0.589022 -0.808117 0.000000 0.589022 -0.685860 0.000000 0.727733 -0.685860 0.000000 0.727733 -0.540156 0.000000 0.841565 -0.540156 0.000000 0.841565 -0.375985 0.000000 0.926626 -0.375985 0.000000 0.926626 -0.833008 0.000000 -0.553261 -0.833008 0.000000 -0.553261 -0.846221 0.000000 -0.532832 -0.846221 0.000000 -0.532832 -0.858933 0.000000 -0.512088 -0.858933 0.000000 -0.512088 -0.871137 0.000000 -0.491041 -0.871137 0.000000 -0.491041 0.654936 -0.000000 -0.755685 0.654936 -0.000000 -0.755685 0.504614 -0.000000 -0.863345 0.504614 -0.000000 -0.863345 0.337041 -0.000000 -0.941490 0.337041 -0.000000 -0.941490 0.157945 -0.000000 -0.987448 0.157945 -0.000000 -0.987448 -0.026551 0.000000 -0.999647 -0.026551 0.000000 -0.999647 -0.210138 0.000000 -0.977672 -0.210138 0.000000 -0.977672 -0.884822 0.000000 -0.465929 -0.884822 0.000000 -0.465929 -0.888963 0.000000 -0.457979 -0.888963 0.000000 -0.457979 -0.893032 0.000000 -0.449993 -0.893032 0.000000 -0.449993 -0.897030 0.000000 -0.441970 -0.897030 0.000000 -0.441970 -0.914469 0.000000 0.404655 -0.914469 0.000000 0.404655 -0.824338 0.000000 0.566098 -0.824338 0.000000 0.566098 -0.706024 0.000000 0.708187 -0.706024 0.000000 0.708187 -0.563574 0.000000 0.826066 -0.563574 0.000000 0.826066 -0.401856 0.000000 0.915703 -0.401856 0.000000 0.915703 -0.226400 0.000000 0.974034 -0.226400 0.000000 0.974034 -0.909301 0.000000 -0.416138 -0.909301 0.000000 -0.416138 -0.919156 0.000000 -0.393894 -0.919156 0.000000 -0.393894 -0.928466 0.000000 -0.371416 -0.928466 0.000000 -0.371416 -0.937227 0.000000 -0.348719 -0.937227 0.000000 -0.348719 0.528657 -0.000000 -0.848835 0.528657 -0.000000 -0.848835 0.363344 -0.000000 -0.931655 0.363344 -0.000000 -0.931655 0.185610 -0.000000 -0.982624 0.185610 -0.000000 -0.982624 0.001530 -0.000000 -0.999999 0.001530 -0.000000 -0.999999 -0.182603 0.000000 -0.983187 -0.182603 0.000000 -0.983187 -0.360493 0.000000 -0.932762 -0.360493 0.000000 -0.932762 -0.946816 0.000000 -0.321776 -0.946816 0.000000 -0.321776 -0.949662 0.000000 -0.313276 -0.949662 0.000000 -0.313276 -0.952432 0.000000 -0.304751 -0.952432 0.000000 -0.304751 -0.955125 0.000000 -0.296202 -0.955125 0.000000 -0.296202 -0.839909 0.000000 0.542728 -0.839909 0.000000 0.542728 -0.725632 0.000000 0.688083 -0.725632 0.000000 0.688083 -0.586547 0.000000 0.809915 -0.586547 0.000000 0.809915 -0.427410 0.000000 0.904058 -0.427410 0.000000 0.904058 -0.253661 0.000000 0.967293 -0.253661 0.000000 0.967293 -0.071240 0.000000 0.997459 -0.071240 0.000000 0.997459 -0.963205 0.000000 -0.268768 -0.963205 0.000000 -0.268768 -0.969458 0.000000 -0.245257 -0.969458 0.000000 -0.245257 -0.975138 0.000000 -0.221600 -0.975138 0.000000 -0.221600 -0.980240 0.000000 -0.197811 -0.980240 0.000000 -0.197811 0.389362 -0.000000 -0.921085 0.389362 -0.000000 -0.921085 0.213128 -0.000000 -0.977024 0.213128 -0.000000 -0.977024 0.029608 -0.000000 -0.999562 0.029608 -0.000000 -0.999562 -0.154924 0.000000 -0.987926 -0.154924 0.000000 -0.987926 -0.334159 0.000000 -0.942517 -0.334159 0.000000 -0.942517 -0.501971 0.000000 -0.864885 -0.501971 0.000000 -0.864885 -0.985496 0.000000 -0.169700 -0.985496 0.000000 -0.169700 -0.986977 0.000000 -0.160860 -0.986977 0.000000 -0.160860 -0.988380 0.000000 -0.152006 -0.988380 0.000000 -0.152006 -0.989702 0.000000 -0.143140 -0.989702 0.000000 -0.143140 -0.744666 0.000000 0.667437 -0.744666 0.000000 0.667437 -0.609058 0.000000 0.793126 -0.609058 0.000000 0.793126 -0.452627 0.000000 0.891700 -0.452627 0.000000 0.891700 -0.280722 0.000000 0.959789 -0.280722 0.000000 0.959789 -0.099220 0.000000 0.995066 -0.099220 0.000000 0.995066 0.085674 -0.000000 0.996323 0.085674 -0.000000 0.996323 0.000000 1.000000 -0.000000 0.000000 1.000000 -0.000000 0.000000 1.000000 -0.000000 0.000000 1.000000 -0.000000 0.000000 1.000000 -0.000000 0.000000 1.000000 -0.000000 0.000000 1.000000 -0.000000 0.000000 1.000000 -0.000000 0.000000 1.000000 -0.000000 0.000000 1.000000 -0.000000 0.000000 1.000000 -0.000000 0.000000 1.000000 -0.000000 0.000000 1.000000 -0.000000 0.000000 1.000000 -0.000000 0.000000 1.000000 -0.000000 0.000000 1.000000 -0.000000 0.000000 1.000000 -0.000000 0.000000 1.000000 -0.000000 0.000000 1.000000 -0.000000 0.000000 1.000000 -0.000000 0.000000 1.000000 -0.000000 0.000000 1.000000 -0.000000 0.000000 1.000000 -0.000000 0.000000 1.000000 -0.000000 0.000000 1.000000 -0.000000 0.000000 1.000000 -0.000000 0.000000 1.000000 -0.000000 0.000000 1.000000 -0.000000 0.000000 1.000000 -0.000000 0.000000 1.000000 -0.000000 0.000000 1.000000 -0.000000 0.000000 1.000000 -0.000000 0.000000 1.000000 -0.000000 0.000000 1.000000 -0.000000 0.000000 1.000000 -0.000000 0.000000 1.000000 -0.000000 0.000000 1.000000 -0.000000 0.000000 1.000000 -0.000000 0.000000 1.000000 -0.000000 0.000000 1.000000 -0.000000 0.000000 1.000000 -0.000000 0.000000 1.000000 -0.000000 0.000000 1.000000 -0.000000 0.000000 1.000000 -0.000000 0.000000 1.000000 -0.000000 0.000000 1.000000 -0.000000 0.000000 1.000000 -0.000000 0.000000 1.000000 -0.000000 0.000000 1.000000 -0.000000 0.000000 1.000000 -0.000000 0.000000 1.000000 -0.000000 0.000000 1.000000 -0.000000 0.000000 1.000000 -0.000000 0.000000 1.000000 -0.000000 0.000000 1.000000 -0.000000 0.000000 1.000000 -0.000000 0.000000 1.000000 -0.000000 0.000000 1.000000 -0.000000 0.000000 1.000000 -0.000000 0.000000 1.000000 -0.000000 0.000000 1.000000 -0.000000 0.000000 1.000000 -0.000000 0.000000 1.000000 -0.000000 0.000000 1.000000 -0.000000 0.000000 1.000000 -0.000000 0.000000 1.000000 -0.000000 0.000000 1.000000 -0.000000 0.000000 1.000000 -0.000000 0.000000 1.000000 -0.000000 0.000000 1.000000 -0.000000 0.000000 1.000000 -0.000000 0.000000 1.000000 -0.000000 0.000000 1.000000 -0.000000 0.000000 1.000000 -0.000000 0.000000 1.000000 -0.000000 0.000000 1.000000 -0.000000 0.000000 1.000000 -0.000000 0.000000 1.000000 -0.000000 0.000000 1.000000 -0.000000 0.000000 1.000000 -0.000000 0.000000 1.000000 -0.000000 0.000000 1.000000 -0.000000 0.000000 1.000000 -0.000000 0.000000 1.000000 -0.000000 0.000000 1.000000 -0.000000 0.000000 1.000000 -0.000000 0.000000 1.000000 -0.000000 0.000000 1.000000 -0.000000 0.000000 1.000000 -0.000000 0.000000 1.000000 -0.000000 0.000000 1.000000 -0.000000 0.000000 1.000000 -0.000000 0.000000 1.000000 -0.000000 0.000000 1.000000 -0.000000 0.000000 1.000000 -0.000000 0.000000 1.000000 -0.000000 0.000000 1.000000 -0.000000 0.000000 1.000000 -0.000000 0.000000 1.000000 -0.000000 0.000000 1.000000 -0.000000 0.000000 1.000000 -0.000000 0.000000 1.000000 -0.000000 0.000000 1.000000 -0.000000 0.000000 1.000000 -0.000000 0.000000 1.000000 -0.000000 0.000000 1.000000 -0.000000 0.000000 1.000000 -0.000000 0.000000 1.000000 -0.000000 0.000000 1.000000 -0.000000 0.000000 1.000000 -0.000000 0.000000 1.000000 -0.000000 0.000000 1.000000 -0.000000 0.000000 1.000000 -0.000000 0.000000 1.000000 -0.000000 0.000000 1.000000 -0.000000 0.000000 1.000000 -0.000000 0.000000 1.000000 -0.000000 0.000000 1.000000 -0.000000 0.000000 1.000000 -0.000000 0.000000 1.000000 -0.000000 0.000000 1.000000 -0.000000 0.000000 1.000000 -0.000000 0.000000 1.000000 -0.000000 0.000000 1.000000 -0.000000 0.000000 1.000000 -0.000000 0.000000 1.000000 -0.000000 0.000000 1.000000 -0.000000 0.000000 1.000000 -0.000000 0.000000 1.000000 -0.000000 0.000000 1.000000 -0.000000 0.000000 1.000000 -0.000000 0.000000 1.000000 -0.000000 0.000000 1.000000 -0.000000 0.000000 1.000000 -0.000000 0.000000 1.000000 -0.000000 0.000000 1.000000 -0.000000 0.000000 1.000000 -0.000000 0.000000 1.000000 -0.000000 0.000000 1.000000 -0.000000 0.000000 1.000000 -0.000000 0.000000 1.000000 -0.000000 0.000000 1.000000 -0.000000 0.000000 1.000000 -0.000000 0.000000 1.000000 -0.000000 0.000000 1.000000 -0.000000 0.000000 1.000000 -0.000000 0.000000 1.000000 -0.000000 0.000000 1.000000 -0.000000 0.000000 1.000000 -0.000000 0.000000 1.000000 -0.000000 0.000000 1.000000 -0.000000 0.000000 1.000000 -0.000000 0.000000 1.000000 -0.000000 0.000000 1.000000 -0.000000 0.000000 1.000000 -0.000000 0.000000 1.000000 -0.000000 0.000000 1.000000 -0.000000 0.000000 1.000000 -0.000000 0.000000 1.000000 -0.000000 0.000000 1.000000 -0.000000 0.000000 1.000000 -0.000000 0.000000 1.000000 -0.000000 0.000000 1.000000 -0.000000 0.000000 1.000000 -0.000000 0.000000 1.000000 -0.000000 0.000000 1.000000 -0.000000 0.000000 1.000000 -0.000000 0.000000 1.000000 -0.000000 0.000000 1.000000 -0.000000 0.000000 1.000000 -0.000000 0.000000 1.000000 -0.000000 0.000000 1.000000 -0.000000 0.000000 1.000000 -0.000000 0.000000 1.000000 -0.000000 0.000000 1.000000 -0.000000 0.000000 1.000000 -0.000000 0.000000 1.000000 -0.000000 0.000000 1.000000 -0.000000 0.000000 1.000000 -0.000000 0.000000 1.000000 -0.000000 0.000000 1.000000 -0.000000 0.000000 1.000000 -0.000000 0.000000 1.000000 -0.000000 0.000000 1.000000 -0.000000 0.000000 1.000000 -0.000000 0.000000 1.000000 -0.000000 0.000000 1.000000 -0.000000 0.000000 1.000000 -0.000000 0.000000 1.000000 -0.000000 0.000000 1.000000 -0.000000 0.000000 1.000000 -0.000000 0.000000 1.000000 -0.000000 0.000000 1.000000 -0.000000 0.000000 1.000000 -0.000000 0.000000 1.000000 -0.000000 0.000000 1.000000 -0.000000 0.000000 1.000000 -0.000000 0.000000 1.000000 -0.000000 0.000000 1.000000 -0.000000 0.000000 1.000000 -0.000000 0.000000 1.000000 -0.000000 0.000000 1.000000 -0.000000 0.000000 1.000000 -0.000000 0.000000 1.000000 -0.000000 0.000000 1.000000 -0.000000 0.000000 1.000000 -0.000000 0.000000 1.000000 -0.000000 0.000000 1.000000 -0.000000 0.000000 1.000000 -0.000000 0.000000 1.000000 -0.000000 0.000000 1.000000 -0.000000 0.000000 1.000000 -0.000000 0.000000 1.000000 -0.000000 0.000000 1.000000 -0.000000 0.000000 1.000000 -0.000000 0.000000 1.000000 -0.000000 0.000000 1.000000 -0.000000 0.000000 1.000000 -0.000000 0.000000 1.000000 -0.000000 0.000000 1.000000 -0.000000 0.000000 1.000000 -0.000000 0.000000 1.000000 -0.000000 0.000000 1.000000 -0.000000 0.000000 1.000000 -0.000000 0.000000 1.000000 -0.000000 0.000000 1.000000 -0.000000 0.000000 1.000000 -0.000000 0.000000 1.000000 -0.000000 0.000000 1.000000 -0.000000 0.000000 1.000000 -0.000000 0.000000 1.000000 -0.000000 0.000000 1.000000 -0.000000 0.000000 1.000000 -0.000000 0.000000 1.000000 -0.000000 0.000000 1.000000 -0.000000 0.000000 1.000000 -0.000000 0.000000 1.000000 -0.000000 0.000000 1.000000 -0.000000 0.000000 1.000000 -0.000000 0.000000 1.000000 -0.000000 0.000000 1.000000 -0.000000 0.000000 1.000000 -0.000000 0.000000 1.000000 -0.000000 0.000000 1.000000 -0.000000 0.000000 1.000000 -0.000000 0.000000 1.000000 -0.000000 0.000000 1.000000 -0.000000 0.000000 1.000000 -0.000000 0.000000 1.000000 -0.000000 0.000000 1.000000 -0.000000 0.000000 1.000000 -0.000000 0.000000 1.000000 -0.000000 0.000000 1.000000 -0.000000 0.000000 1.000000 -0.000000 0.000000 1.000000 -0.000000 0.000000 1.000000 -0.000000 0.000000 1.000000 -0.000000 0.000000 1.000000 -0.000000 0.000000 1.000000 -0.000000 0.000000 1.000000 -0.000000 0.000000 1.000000 -0.000000 0.000000 1.000000 -0.000000 0.000000 1.000000 -0.000000 0.000000 1.000000 -0.000000 0.000000 1.000000 -0.000000 0.000000 1.000000 -0.000000 0.000000 1.000000 -0.000000 0.000000 1.000000 -0.000000 0.000000 1.000000 -0.000000 0.000000 1.000000 -0.000000 0.000000 1.000000 -0.000000 0.000000 1.000000 -0.000000 0.000000 1.000000 -0.000000 0.000000 1.000000 -0.000000 0.000000 1.000000 -0.000000 0.000000 1.000000 -0.000000 0.000000 1.000000 -0.000000 0.000000 1.000000 -0.000000 0.000000 1.000000 -0.000000 0.000000 1.000000 -0.000000 0.000000 1.000000 -0.000000 0.000000 1.000000 -0.000000 0.000000 1.000000 -0.000000 0.000000 1.000000 -0.000000 0.000000 1.000000 -0.000000 0.000000 1.000000 -0.000000 0.000000 1.000000 -0.000000 0.000000 1.000000 -0.000000 0.000000 1.000000 -0.000000 0.000000 1.000000 -0.000000 0.000000 1.000000 -0.000000 0.000000 1.000000 -0.000000 0.000000 1.000000 -0.000000 0.000000 1.000000 -0.000000 0.000000 1.000000 -0.000000 0.000000 1.000000 -0.000000 0.000000 1.000000 -0.000000 0.000000 1.000000 -0.000000 0.000000 1.000000 -0.000000 0.000000 1.000000 -0.000000 0.000000 1.000000 -0.000000 0.000000 1.000000 -0.000000 0.000000 1.000000 -0.000000 0.000000 1.000000 -0.000000 0.000000 1.000000 -0.000000 0.000000 1.000000 -0.000000 0.000000 1.000000 -0.000000 0.000000 1.000000 -0.000000 0.000000 1.000000 -0.000000 0.000000 1.000000 -0.000000 0.000000 1.000000 -0.000000 0.000000 1.000000 -0.000000 0.000000 1.000000 -0.000000 0.000000 1.000000 -0.000000 0.000000 1.000000 -0.000000 0.000000 1.000000 -0.000000 0.000000 1.000000 -0.000000 0.000000 1.000000 -0.000000 0.000000 1.000000 -0.000000 0.000000 1.000000 -0.000000 0.000000 1.000000 -0.000000 0.000000 1.000000 -0.000000 0.000000 1.000000 -0.000000 0.000000 1.000000 -0.000000 0.000000 1.000000 -0.000000 0.000000 1.000000 -0.000000 0.000000 1.000000 -0.000000 0.000000 1.000000 -0.000000 0.000000 1.000000 -0.000000 0.000000 1.000000 -0.000000 0.000000 1.000000 -0.000000 0.000000 1.000000 -0.000000 0.000000 1.000000 -0.000000 0.000000 1.000000 -0.000000 0.000000 1.000000 -0.000000 0.000000 1.000000 -0.000000 0.000000 1.000000 -0.000000 0.000000 1.000000 -0.000000 0.000000 1.000000 -0.000000 0.000000 1.000000 -0.000000 0.000000 1.000000 -0.000000 0.000000 1.000000 -0.000000 0.000000 1.000000 -0.000000 0.000000 1.000000 -0.000000 0.000000 1.000000 -0.000000 0.000000 1.000000 -0.000000 0.000000 1.000000 -0.000000 0.000000 1.000000 -0.000000 0.000000 1.000000 -0.000000 0.000000 1.000000 -0.000000 0.000000 1.000000 -0.000000 0.000000 1.000000 -0.000000 0.000000 1.000000 -0.000000 0.000000 1.000000 -0.000000 0.000000 1.000000 -0.000000 0.000000 1.000000 -0.000000 0.000000 1.000000 -0.000000 0.000000 1.000000 -0.000000 0.000000 1.000000 -0.000000 0.000000 1.000000 -0.000000 0.000000 1.000000 -0.000000 0.000000 1.000000 -0.000000 0.000000 1.000000 -0.000000 0.000000 1.000000 -0.000000 0.000000 1.000000 -0.000000 0.000000 1.000000 -0.000000 0.000000 1.000000 -0.000000 0.000000 1.000000 -0.000000 0.000000 1.000000 -0.000000 0.000000 1.000000 -0.000000 0.000000 1.000000 -0.000000 0.000000 1.000000 -0.000000 0.000000 1.000000 -0.000000 0.000000 1.000000 -0.000000 0.000000 1.000000 -0.000000 0.000000 1.000000 -0.000000 0.000000 1.000000 -0.000000 0.000000 1.000000 -0.000000 0.000000 1.000000 -0.000000 0.000000 1.000000 -0.000000 0.000000 1.000000 -0.000000 0.000000 1.000000 -0.000000 0.000000 1.000000 -0.000000 0.000000 1.000000 -0.000000 0.000000 1.000000 -0.000000 0.000000 1.000000 -0.000000 0.000000 1.000000 -0.000000 0.000000 1.000000 -0.000000 0.000000 1.000000 -0.000000 0.000000 1.000000 -0.000000 0.000000 1.000000 -0.000000 0.000000 1.000000 -0.000000 0.000000 1.000000 -0.000000 0.000000 1.000000 -0.000000 0.000000 1.000000 -0.000000 0.000000 1.000000 -0.000000 0.000000 1.000000 -0.000000 0.000000 1.000000 -0.000000 0.000000 1.000000 -0.000000 0.000000 1.000000 -0.000000 0.000000 1.000000 -0.000000 0.000000 1.000000 -0.000000 0.000000 1.000000 -0.000000 0.000000 1.000000 -0.000000 0.000000 1.000000 -0.000000 0.000000 1.000000 -0.000000 0.000000 1.000000 -0.000000 0.000000 1.000000 -0.000000 0.000000 1.000000 -0.000000 0.000000 1.000000 -0.000000 0.000000 1.000000 -0.000000 0.000000 1.000000 -0.000000 0.000000 1.000000 -0.000000 0.000000 1.000000 -0.000000 0.000000 1.000000 -0.000000 0.000000 1.000000 -0.000000 0.000000 1.000000 -0.000000 0.000000 1.000000 -0.000000 0.000000 1.000000 -0.000000 0.000000 1.000000 -0.000000 0.000000 1.000000 -0.000000 0.000000 1.000000 -0.000000 0.000000 1.000000 -0.000000 0.000000 1.000000 -0.000000 0.000000 1.000000 -0.000000 0.000000 1.000000 -0.000000 0.000000 1.000000 -0.000000 0.000000 1.000000 -0.000000 0.000000 1.000000 -0.000000 0.000000 1.000000 -0.000000 0.000000 1.000000 -0.000000 0.000000 1.000000 -0.000000 0.000000 1.000000 -0.000000 0.000000 1.000000 -0.000000 0.000000 1.000000 -0.000000 0.000000 1.000000 -0.000000 0.000000 1.000000 -0.000000 0.000000 1.000000 -0.000000 0.000000 1.000000 -0.000000 0.000000 1.000000 -0.000000 0.000000 1.000000 -0.000000 0.000000 1.000000 -0.000000 0.000000 1.000000 -0.000000 0.000000 1.000000 -0.000000 0.000000 1.000000 -0.000000 0.000000 1.000000 -0.000000 0.000000 1.000000 -0.000000 0.000000 1.000000 -0.000000 0.000000 1.000000 -0.000000 0.000000 1.000000 -0.000000 0.000000 1.000000 -0.000000 0.000000 1.000000 -0.000000 0.000000 1.000000 -0.000000 0.000000 1.000000 -0.000000 0.000000 1.000000 -0.000000 0.000000 1.000000 -0.000000 0.000000 1.000000 -0.000000 0.000000 1.000000 -0.000000 0.000000 1.000000 -0.000000 0.000000 1.000000 -0.000000 0.000000 1.000000 -0.000000 0.000000 1.000000 -0.000000 0.000000 1.000000 -0.000000 0.000000 1.000000 -0.000000 0.000000 1.000000 -0.000000 0.000000 1.000000 -0.000000 0.000000 1.000000 -0.000000 0.000000 1.000000 -0.000000 0.000000 1.000000 -0.000000 0.000000 1.000000 -0.000000 0.000000 1.000000 -0.000000 0.000000 1.000000 -0.000000 0.000000 1.000000 -0.000000 0.000000 1.000000 -0.000000 0.000000 1.000000 -0.000000 0.000000 1.000000 -0.000000 0.000000 1.000000 -0.000000 0.000000 1.000000 -0.000000 0.000000 1.000000 -0.000000 0.000000 1.000000 -0.000000 0.000000 1.000000 -0.000000 0.000000 1.000000 -0.000000 0.000000 1.000000 -0.000000 0.000000 1.000000 -0.000000 0.000000 1.000000 -0.000000 0.000000 1.000000 -0.000000 0.000000 1.000000 -0.000000 0.000000 1.000000 -0.000000 0.000000 1.000000 -0.000000 0.000000 1.000000 -0.000000 0.000000 1.000000 -0.000000 0.000000 1.000000 -0.000000 0.000000 1.000000 -0.000000 0.000000 1.000000 -0.000000 0.000000 1.000000 -0.000000 0.000000 1.000000 -0.000000 0.000000 1.000000 -0.000000 0.000000 1.000000 -0.000000 0.000000 1.000000 -0.000000 0.000000 1.000000 -0.000000 0.000000 1.000000 -0.000000 0.000000 1.000000 -0.000000 0.000000 1.000000 -0.000000 0.000000 1.000000 -0.000000 0.000000 1.000000 -0.000000 0.000000 1.000000 -0.000000 0.000000 1.000000 -0.000000 0.000000 1.000000 -0.000000 0.000000 1.000000 -0.000000 0.000000 1.000000 -0.000000 0.000000 1.000000 -0.000000 0.000000 1.000000 -0.000000 0.000000 1.000000 -0.000000 0.000000 1.000000 -0.000000 0.000000 1.000000 -0.000000 0.000000 1.000000 -0.000000 0.000000 1.000000 -0.000000 0.000000 1.000000 -0.000000 0.000000 1.000000 -0.000000 0.000000 1.000000 -0.000000 0.000000 1.000000 -0.000000 0.000000 1.000000 -0.000000 0.000000 1.000000 -0.000000 0.000000 1.000000 -0.000000 0.000000 1.000000 -0.000000 0.000000 1.000000 -0.000000 0.000000 1.000000 -0.000000 0.000000 1.000000 -0.000000 0.000000 1.000000 -0.000000 0.000000 1.000000 -0.000000 0.000000 1.000000 -0.000000 0.000000 1.000000 -0.000000 0.000000 1.000000 -0.000000 0.000000 1.000000 -0.000000 0.000000 1.000000 -0.000000 0.000000 1.000000 -0.000000 0.000000 1.000000 -0.000000 0.000000 1.000000 -0.000000 0.000000 1.000000 -0.000000 0.000000 1.000000 -0.000000 0.000000 1.000000 -0.000000 0.000000 1.000000 -0.000000 0.000000 1.000000 -0.000000 0.000000 1.000000 -0.000000 0.000000 1.000000 -0.000000 0.000000 1.000000 -0.000000 0.000000 1.000000 -0.000000 0.000000 1.000000 -0.000000 0.000000 1.000000 -0.000000 0.000000 1.000000 -0.000000 0.000000 1.000000 -0.000000 0.000000 1.000000 -0.000000 0.000000 1.000000 -0.000000 0.000000 1.000000 -0.000000 0.000000 1.000000 -0.000000 0.000000 1.000000 -0.000000 0.000000 1.000000 -0.000000 0.000000 1.000000 -0.000000 0.000000 1.000000 -0.000000 0.000000 1.000000 -0.000000 0.000000 1.000000 -0.000000 0.000000 1.000000 -0.000000 0.000000 1.000000 -0.000000 0.000000 1.000000 -0.000000 0.000000 1.000000 -0.000000 0.000000 1.000000 -0.000000 0.000000 1.000000 -0.000000 0.000000 1.000000 -0.000000 0.000000 1.000000 -0.000000 0.000000 1.000000 -0.000000 0.000000 1.000000 -0.000000 0.000000 1.000000 -0.000000 0.000000 1.000000 -0.000000 0.000000 1.000000 -0.000000 0.000000 1.000000 -0.000000 0.000000 1.000000 -0.000000 0.000000 1.000000 -0.000000 0.000000 1.000000 -0.000000 0.000000 1.000000 -0.000000 0.000000 1.000000 -0.000000 0.000000 1.000000 -0.000000 0.000000 1.000000 -0.000000 0.000000 1.000000 -0.000000 0.000000 1.000000 -0.000000 0.000000 1.000000 -0.000000 0.000000 1.000000 -0.000000 0.000000 1.000000 -0.000000 0.000000 1.000000 -0.000000 0.000000 1.000000 -0.000000 0.000000 1.000000 -0.000000 0.000000 1.000000 -0.000000 0.000000 1.000000 -0.000000 0.000000 1.000000 -0.000000 0.000000 1.000000 -0.000000 0.000000 1.000000 -0.000000 0.000000 1.000000 -0.000000 0.000000 1.000000 -0.000000 0.000000 1.000000 -0.000000 0.000000 1.000000 -0.000000 0.000000 1.000000 -0.000000 0.000000 1.000000 -0.000000 0.000000 1.000000 -0.000000 0.000000 1.000000 -0.000000 0.000000 1.000000 -0.000000 0.000000 1.000000 -0.000000 0.000000 1.000000 -0.000000 0.000000 1.000000 -0.000000 0.000000 1.000000 -0.000000 0.000000 1.000000 -0.000000 0.000000 1.000000 -0.000000 0.000000 1.000000 -0.000000 0.000000 1.000000 -0.000000 0.000000 1.000000 -0.000000 0.000000 1.000000 -0.000000 0.000000 1.000000 -0.000000 0.000000 1.000000 -0.000000 0.000000 1.000000 -0.000000 0.000000 1.000000 -0.000000 0.000000 1.000000 -0.000000 0.000000 1.000000 -0.000000 0.000000 1.000000 -0.000000 0.000000 1.000000 -0.000000 0.000000 1.000000 -0.000000 0.000000 1.000000 -0.000000 0.000000 1.000000 -0.000000 0.000000 1.000000 -0.000000 0.000000 1.000000 -0.000000 0.000000 1.000000 -0.000000 0.000000 1.000000 -0.000000 0.000000 1.000000 -0.000000 0.000000 1.000000 -0.000000 0.000000 1.000000 -0.000000 0.000000 1.000000 -0.000000 0.000000 1.000000 -0.000000 0.000000 1.000000 -0.000000 0.000000 1.000000 -0.000000 0.000000 1.000000 -0.000000 0.000000 1.000000 -0.000000 0.000000 1.000000 -0.000000 0.000000 1.000000 -0.000000 0.000000 1.000000 -0.000000 0.000000 1.000000 -0.000000 0.000000 1.000000 -0.000000 0.000000 1.000000 -0.000000 0.000000 1.000000 -0.000000 0.000000 1.000000 -0.000000 0.000000 1.000000 -0.000000 0.000000 1.000000 -0.000000 0.000000 1.000000 -0.000000 0.000000 1.000000 -0.000000 0.000000 1.000000 -0.000000 0.000000 1.000000 -0.000000 0.000000 1.000000 -0.000000 0.000000 1.000000 -0.000000 0.000000 1.000000 -0.000000 0.000000 1.000000 -0.000000 0.000000 1.000000 -0.000000 0.000000 1.000000 -0.000000 0.000000 1.000000 -0.000000 0.000000 1.000000 -0.000000 0.000000 1.000000 -0.000000 0.000000 1.000000 -0.000000 -0.000000 -1.000000 0.000000 -0.000000 -1.000000 0.000000 -0.000000 -1.000000 0.000000 -0.000000 -1.000000 0.000000 -0.000000 -1.000000 0.000000 -0.000000 -1.000000 0.000000 -0.000000 -1.000000 0.000000 -0.000000 -1.000000 0.000000 -0.000000 -1.000000 0.000000 -0.000000 -1.000000 0.000000 -0.000000 -1.000000 0.000000 -0.000000 -1.000000 0.000000 -0.000000 -1.000000 0.000000 -0.000000 -1.000000 0.000000 -0.000000 -1.000000 0.000000 -0.000000 -1.000000 0.000000 -0.000000 -1.000000 0.000000 -0.000000 -1.000000 0.000000 -0.000000 -1.000000 0.000000 -0.000000 -1.000000 0.000000 -0.000000 -1.000000 0.000000 -0.000000 -1.000000 0.000000 -0.000000 -1.000000 0.000000 -0.000000 -1.000000 0.000000 -0.000000 -1.000000 0.000000 -0.000000 -1.000000 0.000000 -0.000000 -1.000000 0.000000 -0.000000 -1.000000 0.000000 -0.000000 -1.000000 0.000000 -0.000000 -1.000000 0.000000 -0.000000 -1.000000 0.000000 -0.000000 -1.000000 0.000000 -0.000000 -1.000000 0.000000 -0.000000 -1.000000 0.000000 -0.000000 -1.000000 0.000000 -0.000000 -1.000000 0.000000 -0.000000 -1.000000 0.000000 -0.000000 -1.000000 0.000000 -0.000000 -1.000000 0.000000 -0.000000 -1.000000 0.000000 -0.000000 -1.000000 0.000000 -0.000000 -1.000000 0.000000 -0.000000 -1.000000 0.000000 -0.000000 -1.000000 0.000000 -0.000000 -1.000000 0.000000 -0.000000 -1.000000 0.000000 -0.000000 -1.000000 0.000000 -0.000000 -1.000000 0.000000 -0.000000 -1.000000 0.000000 -0.000000 -1.000000 0.000000 -0.000000 -1.000000 0.000000 -0.000000 -1.000000 0.000000 -0.000000 -1.000000 0.000000 -0.000000 -1.000000 0.000000 -0.000000 -1.000000 0.000000 -0.000000 -1.000000 0.000000 -0.000000 -1.000000 0.000000 -0.000000 -1.000000 0.000000 -0.000000 -1.000000 0.000000 -0.000000 -1.000000 0.000000 -0.000000 -1.000000 0.000000 -0.000000 -1.000000 0.000000 -0.000000 -1.000000 0.000000 -0.000000 -1.000000 0.000000 -0.000000 -1.000000 0.000000 -0.000000 -1.000000 0.000000 -0.000000 -1.000000 0.000000 -0.000000 -1.000000 0.000000 -0.000000 -1.000000 0.000000 -0.000000 -1.000000 0.000000 -0.000000 -1.000000 0.000000 -0.000000 -1.000000 0.000000 -0.000000 -1.000000 0.000000 -0.000000 -1.000000 0.000000 -0.000000 -1.000000 0.000000 -0.000000 -1.000000 0.000000 -0.000000 -1.000000 0.000000 -0.000000 -1.000000 0.000000 -0.000000 -1.000000 0.000000 -0.000000 -1.000000 0.000000 -0.000000 -1.000000 0.000000 -0.000000 -1.000000 0.000000 -0.000000 -1.000000 0.000000 -0.000000 -1.000000 0.000000 -0.000000 -1.000000 0.000000 -0.000000 -1.000000 0.000000 -0.000000 -1.000000 0.000000 -0.000000 -1.000000 0.000000 -0.000000 -1.000000 0.000000 -0.000000 -1.000000 0.000000 -0.000000 -1.000000 0.000000 -0.000000 -1.000000 0.000000 -0.000000 -1.000000 0.000000 -0.000000 -1.000000 0.000000 -0.000000 -1.000000 0.000000 -0.000000 -1.000000 0.000000 -0.000000 -1.000000 0.000000 -0.000000 -1.000000 0.000000 -0.000000 -1.000000 0.000000 -0.000000 -1.000000 0.000000 -0.000000 -1.000000 0.000000 -0.000000 -1.000000 0.000000 -0.000000 -1.000000 0.000000 -0.000000 -1.000000 0.000000 -0.000000 -1.000000 0.000000 -0.000000 -1.000000 0.000000 -0.000000 -1.000000 0.000000 -0.000000 -1.000000 0.000000 -0.000000 -1.000000 0.000000 -0.000000 -1.000000 0.000000 -0.000000 -1.000000 0.000000 -0.000000 -1.000000 0.000000 -0.000000 -1.000000 0.000000 -0.000000 -1.000000 0.000000 -0.000000 -1.000000 0.000000 -0.000000 -1.000000 0.000000 -0.000000 -1.000000 0.000000 -0.000000 -1.000000 0.000000 -0.000000 -1.000000 0.000000 -0.000000 -1.000000 0.000000 -0.000000 -1.000000 0.000000 -0.000000 -1.000000 0.000000 -0.000000 -1.000000 0.000000 -0.000000 -1.000000 0.000000 -0.000000 -1.000000 0.000000 -0.000000 -1.000000 0.000000 -0.000000 -1.000000 0.000000 -0.000000 -1.000000 0.000000 -0.000000 -1.000000 0.000000 -0.000000 -1.000000 0.000000 -0.000000 -1.000000 0.000000 -0.000000 -1.000000 0.000000 -0.000000 -1.000000 0.000000 -0.000000 -1.000000 0.000000 -0.000000 -1.000000 0.000000 -0.000000 -1.000000 0.000000 -0.000000 -1.000000 0.000000 -0.000000 -1.000000 0.000000 -0.000000 -1.000000 0.000000 -0.000000 -1.000000 0.000000 -0.000000 -1.000000 0.000000 -0.000000 -1.000000 0.000000 -0.000000 -1.000000 0.000000 -0.000000 -1.000000 0.000000 -0.000000 -1.000000 0.000000 -0.000000 -1.000000 0.000000 -0.000000 -1.000000 0.000000 -0.000000 -1.000000 0.000000 -0.000000 -1.000000 0.000000 -0.000000 -1.000000 0.000000 -0.000000 -1.000000 0.000000 -0.000000 -1.000000 0.000000 -0.000000 -1.000000 0.000000 -0.000000 -1.000000 0.000000 -0.000000 -1.000000 0.000000 -0.000000 -1.000000 0.000000 -0.000000 -1.000000 0.000000 -0.000000 -1.000000 0.000000 -0.000000 -1.000000 0.000000 -0.000000 -1.000000 0.000000 -0.000000 -1.000000 0.000000 -0.000000 -1.000000 0.000000 -0.000000 -1.000000 0.000000 -0.000000 -1.000000 0.000000 -0.000000 -1.000000 0.000000 -0.000000 -1.000000 0.000000 -0.000000 -1.000000 0.000000 -0.000000 -1.000000 0.000000 -0.000000 -1.000000 0.000000 -0.000000 -1.000000 0.000000 -0.000000 -1.000000 0.000000 -0.000000 -1.000000 0.000000 -0.000000 -1.000000 0.000000 -0.000000 -1.000000 0.000000 -0.000000 -1.000000 0.000000 -0.000000 -1.000000 0.000000 -0.000000 -1.000000 0.000000 -0.000000 -1.000000 0.000000 -0.000000 -1.000000 0.000000 -0.000000 -1.000000 0.000000 -0.000000 -1.000000 0.000000 -0.000000 -1.000000 0.000000 -0.000000 -1.000000 0.000000 -0.000000 -1.000000 0.000000 -0.000000 -1.000000 0.000000 -0.000000 -1.000000 0.000000 -0.000000 -1.000000 0.000000 -0.000000 -1.000000 0.000000 -0.000000 -1.000000 0.000000 -0.000000 -1.000000 0.000000 -0.000000 -1.000000 0.000000 -0.000000 -1.000000 0.000000 -0.000000 -1.000000 0.000000 -0.000000 -1.000000 0.000000 -0.000000 -1.000000 0.000000 -0.000000 -1.000000 0.000000 -0.000000 -1.000000 0.000000 -0.000000 -1.000000 0.000000 -0.000000 -1.000000 0.000000 -0.000000 -1.000000 0.000000 -0.000000 -1.000000 0.000000 -0.000000 -1.000000 0.000000 -0.000000 -1.000000 0.000000 -0.000000 -1.000000 0.000000 -0.000000 -1.000000 0.000000 -0.000000 -1.000000 0.000000 -0.000000 -1.000000 0.000000 -0.000000 -1.000000 0.000000 -0.000000 -1.000000 0.000000 -0.000000 -1.000000 0.000000 -0.000000 -1.000000 0.000000 -0.000000 -1.000000 0.000000 -0.000000 -1.000000 0.000000 -0.000000 -1.000000 0.000000 -0.000000 -1.000000 0.000000 -0.000000 -1.000000 0.000000 -0.000000 -1.000000 0.000000 -0.000000 -1.000000 0.000000 -0.000000 -1.000000 0.000000 -0.000000 -1.000000 0.000000 -0.000000 -1.000000 0.000000 -0.000000 -1.000000 0.000000 -0.000000 -1.000000 0.000000 -0.000000 -1.000000 0.000000 -0.000000 -1.000000 0.000000 -0.000000 -1.000000 0.000000 -0.000000 -1.000000 0.000000 -0.000000 -1.000000 0.000000 -0.000000 -1.000000 0.000000 -0.000000 -1.000000 0.000000 -0.000000 -1.000000 0.000000 -0.000000 -1.000000 0.000000 -0.000000 -1.000000 0.000000 -0.000000 -1.000000 0.000000 -0.000000 -1.000000 0.000000 -0.000000 -1.000000 0.000000 -0.000000 -1.000000 0.000000 -0.000000 -1.000000 0.000000 -0.000000 -1.000000 0.000000 -0.000000 -1.000000 0.000000 -0.000000 -1.000000 0.000000 -0.000000 -1.000000 0.000000 -0.000000 -1.000000 0.000000 -0.000000 -1.000000 0.000000 -0.000000 -1.000000 0.000000 -0.000000 -1.000000 0.000000 -0.000000 -1.000000 0.000000 -0.000000 -1.000000 0.000000 -0.000000 -1.000000 0.000000 -0.000000 -1.000000 0.000000 -0.000000 -1.000000 0.000000 -0.000000 -1.000000 0.000000 -0.000000 -1.000000 0.000000 -0.000000 -1.000000 0.000000 -0.000000 -1.000000 0.000000 -0.000000 -1.000000 0.000000 -0.000000 -1.000000 0.000000 -0.000000 -1.000000 0.000000 -0.000000 -1.000000 0.000000 -0.000000 -1.000000 0.000000 -0.000000 -1.000000 0.000000 -0.000000 -1.000000 0.000000 -0.000000 -1.000000 0.000000 -0.000000 -1.000000 0.000000 -0.000000 -1.000000 0.000000 -0.000000 -1.000000 0.000000 -0.000000 -1.000000 0.000000 -0.000000 -1.000000 0.000000 -0.000000 -1.000000 0.000000 -0.000000 -1.000000 0.000000 -0.000000 -1.000000 0.000000 -0.000000 -1.000000 0.000000 -0.000000 -1.000000 0.000000 -0.000000 -1.000000 0.000000 -0.000000 -1.000000 0.000000 -0.000000 -1.000000 0.000000 -0.000000 -1.000000 0.000000 -0.000000 -1.000000 0.000000 -0.000000 -1.000000 0.000000 -0.000000 -1.000000 0.000000 -0.000000 -1.000000 0.000000 -0.000000 -1.000000 0.000000 -0.000000 -1.000000 0.000000 -0.000000 -1.000000 0.000000 -0.000000 -1.000000 0.000000 -0.000000 -1.000000 0.000000 -0.000000 -1.000000 0.000000 -0.000000 -1.000000 0.000000 -0.000000 -1.000000 0.000000 -0.000000 -1.000000 0.000000 -0.000000 -1.000000 0.000000 -0.000000 -1.000000 0.000000 -0.000000 -1.000000 0.000000 -0.000000 -1.000000 0.000000 -0.000000 -1.000000 0.000000 -0.000000 -1.000000 0.000000 -0.000000 -1.000000 0.000000 -0.000000 -1.000000 0.000000 -0.000000 -1.000000 0.000000 -0.000000 -1.000000 0.000000 -0.000000 -1.000000 0.000000 -0.000000 -1.000000 0.000000 -0.000000 -1.000000 0.000000 -0.000000 -1.000000 0.000000 -0.000000 -1.000000 0.000000 -0.000000 -1.000000 0.000000 -0.000000 -1.000000 0.000000 -0.000000 -1.000000 0.000000 -0.000000 -1.000000 0.000000 -0.000000 -1.000000 0.000000 -0.000000 -1.000000 0.000000 -0.000000 -1.000000 0.000000 -0.000000 -1.000000 0.000000 -0.000000 -1.000000 0.000000 -0.000000 -1.000000 0.000000 -0.000000 -1.000000 0.000000 -0.000000 -1.000000 0.000000 -0.000000 -1.000000 0.000000 -0.000000 -1.000000 0.000000 -0.000000 -1.000000 0.000000 -0.000000 -1.000000 0.000000 -0.000000 -1.000000 0.000000 -0.000000 -1.000000 0.000000 -0.000000 -1.000000 0.000000 -0.000000 -1.000000 0.000000 -0.000000 -1.000000 0.000000 -0.000000 -1.000000 0.000000 -0.000000 -1.000000 0.000000 -0.000000 -1.000000 0.000000 -0.000000 -1.000000 0.000000 -0.000000 -1.000000 0.000000 -0.000000 -1.000000 0.000000 -0.000000 -1.000000 0.000000 -0.000000 -1.000000 0.000000 -0.000000 -1.000000 0.000000 -0.000000 -1.000000 0.000000 -0.000000 -1.000000 0.000000 -0.000000 -1.000000 0.000000 -0.000000 -1.000000 0.000000 -0.000000 -1.000000 0.000000 -0.000000 -1.000000 0.000000 -0.000000 -1.000000 0.000000 -0.000000 -1.000000 0.000000 -0.000000 -1.000000 0.000000 -0.000000 -1.000000 0.000000 -0.000000 -1.000000 0.000000 -0.000000 -1.000000 0.000000 -0.000000 -1.000000 0.000000 -0.000000 -1.000000 0.000000 -0.000000 -1.000000 0.000000 -0.000000 -1.000000 0.000000 -0.000000 -1.000000 0.000000 -0.000000 -1.000000 0.000000 -0.000000 -1.000000 0.000000 -0.000000 -1.000000 0.000000 -0.000000 -1.000000 0.000000 -0.000000 -1.000000 0.000000 -0.000000 -1.000000 0.000000 -0.000000 -1.000000 0.000000 -0.000000 -1.000000 0.000000 -0.000000 -1.000000 0.000000 -0.000000 -1.000000 0.000000 -0.000000 -1.000000 0.000000 -0.000000 -1.000000 0.000000 -0.000000 -1.000000 0.000000 -0.000000 -1.000000 0.000000 -0.000000 -1.000000 0.000000 -0.000000 -1.000000 0.000000 -0.000000 -1.000000 0.000000 -0.000000 -1.000000 0.000000 -0.000000 -1.000000 0.000000 -0.000000 -1.000000 0.000000 -0.000000 -1.000000 0.000000 -0.000000 -1.000000 0.000000 -0.000000 -1.000000 0.000000 -0.000000 -1.000000 0.000000 -0.000000 -1.000000 0.000000 -0.000000 -1.000000 0.000000 -0.000000 -1.000000 0.000000 -0.000000 -1.000000 0.000000 -0.000000 -1.000000 0.000000 -0.000000 -1.000000 0.000000 -0.000000 -1.000000 0.000000 -0.000000 -1.000000 0.000000 -0.000000 -1.000000 0.000000 -0.000000 -1.000000 0.000000 -0.000000 -1.000000 0.000000 -0.000000 -1.000000 0.000000 -0.000000 -1.000000 0.000000 -0.000000 -1.000000 0.000000 -0.000000 -1.000000 0.000000 -0.000000 -1.000000 0.000000 -0.000000 -1.000000 0.000000 -0.000000 -1.000000 0.000000 -0.000000 -1.000000 0.000000 -0.000000 -1.000000 0.000000 -0.000000 -1.000000 0.000000 -0.000000 -1.000000 0.000000 -0.000000 -1.000000 0.000000 -0.000000 -1.000000 0.000000 -0.000000 -1.000000 0.000000 -0.000000 -1.000000 0.000000 -0.000000 -1.000000 0.000000 -0.000000 -1.000000 0.000000 -0.000000 -1.000000 0.000000 -0.000000 -1.000000 0.000000 -0.000000 -1.000000 0.000000 -0.000000 -1.000000 0.000000 -0.000000 -1.000000 0.000000 -0.000000 -1.000000 0.000000 -0.000000 -1.000000 0.000000 -0.000000 -1.000000 0.000000 -0.000000 -1.000000 0.000000 -0.000000 -1.000000 0.000000 -0.000000 -1.000000 0.000000 -0.000000 -1.000000 0.000000 -0.000000 -1.000000 0.000000 -0.000000 -1.000000 0.000000 -0.000000 -1.000000 0.000000 -0.000000 -1.000000 0.000000 -0.000000 -1.000000 0.000000 -0.000000 -1.000000 0.000000 -0.000000 -1.000000 0.000000 -0.000000 -1.000000 0.000000 -0.000000 -1.000000 0.000000 -0.000000 -1.000000 0.000000 -0.000000 -1.000000 0.000000 -0.000000 -1.000000 0.000000 -0.000000 -1.000000 0.000000 -0.000000 -1.000000 0.000000 -0.000000 -1.000000 0.000000 -0.000000 -1.000000 0.000000 -0.000000 -1.000000 0.000000 -0.000000 -1.000000 0.000000 -0.000000 -1.000000 0.000000 -0.000000 -1.000000 0.000000 -0.000000 -1.000000 0.000000 -0.000000 -1.000000 0.000000 -0.000000 -1.000000 0.000000 -0.000000 -1.000000 0.000000 -0.000000 -1.000000 0.000000 -0.000000 -1.000000 0.000000 -0.000000 -1.000000 0.000000 -0.000000 -1.000000 0.000000 -0.000000 -1.000000 0.000000 -0.000000 -1.000000 0.000000 -0.000000 -1.000000 0.000000 -0.000000 -1.000000 0.000000 -0.000000 -1.000000 0.000000 -0.000000 -1.000000 0.000000 -0.000000 -1.000000 0.000000 -0.000000 -1.000000 0.000000 -0.000000 -1.000000 0.000000 -0.000000 -1.000000 0.000000 -0.000000 -1.000000 0.000000 -0.000000 -1.000000 0.000000 -0.000000 -1.000000 0.000000 -0.000000 -1.000000 0.000000 -0.000000 -1.000000 0.000000 -0.000000 -1.000000 0.000000 -0.000000 -1.000000 0.000000 -0.000000 -1.000000 0.000000 -0.000000 -1.000000 0.000000 -0.000000 -1.000000 0.000000 -0.000000 -1.000000 0.000000 -0.000000 -1.000000 0.000000 -0.000000 -1.000000 0.000000 -0.000000 -1.000000 0.000000 -0.000000 -1.000000 0.000000 -0.000000 -1.000000 0.000000 -0.000000 -1.000000 0.000000 -0.000000 -1.000000 0.000000 -0.000000 -1.000000 0.000000 -0.000000 -1.000000 0.000000 -0.000000 -1.000000 0.000000 -0.000000 -1.000000 0.000000 -0.000000 -1.000000 0.000000 -0.000000 -1.000000 0.000000 -0.000000 -1.000000 0.000000 -0.000000 -1.000000 0.000000 -0.000000 -1.000000 0.000000 -0.000000 -1.000000 0.000000 -0.000000 -1.000000 0.000000 -0.000000 -1.000000 0.000000 -0.000000 -1.000000 0.000000 -0.000000 -1.000000 0.000000 -0.000000 -1.000000 0.000000 -0.000000 -1.000000 0.000000 -0.000000 -1.000000 0.000000 -0.000000 -1.000000 0.000000 -0.000000 -1.000000 0.000000 -0.000000 -1.000000 0.000000 -0.000000 -1.000000 0.000000 -0.000000 -1.000000 0.000000 -0.000000 -1.000000 0.000000 -0.000000 -1.000000 0.000000 -0.000000 -1.000000 0.000000 -0.000000 -1.000000 0.000000 -0.000000 -1.000000 0.000000 -0.000000 -1.000000 0.000000 -0.000000 -1.000000 0.000000 -0.000000 -1.000000 0.000000 -0.000000 -1.000000 0.000000 -0.000000 -1.000000 0.000000 -0.000000 -1.000000 0.000000 -0.000000 -1.000000 0.000000 -0.000000 -1.000000 0.000000 -0.000000 -1.000000 0.000000 -0.000000 -1.000000 0.000000 -0.000000 -1.000000 0.000000 -0.000000 -1.000000 0.000000 -0.000000 -1.000000 0.000000 -0.000000 -1.000000 0.000000 -0.000000 -1.000000 0.000000 -0.000000 -1.000000 0.000000 -0.000000 -1.000000 0.000000 -0.000000 -1.000000 0.000000 -0.000000 -1.000000 0.000000 -0.000000 -1.000000 0.000000 -0.000000 -1.000000 0.000000 -0.000000 -1.000000 0.000000 -0.000000 -1.000000 0.000000 -0.000000 -1.000000 0.000000 -0.000000 -1.000000 0.000000 -0.000000 -1.000000 0.000000 -0.000000 -1.000000 0.000000 -0.000000 -1.000000 0.000000 -0.000000 -1.000000 0.000000 -0.000000 -1.000000 0.000000 -0.000000 -1.000000 0.000000 -0.000000 -1.000000 0.000000 -0.000000 -1.000000 0.000000 -0.000000 -1.000000 0.000000 -0.000000 -1.000000 0.000000 -0.000000 -1.000000 0.000000 -0.000000 -1.000000 0.000000 -0.000000 -1.000000 0.000000 -0.000000 -1.000000 0.000000 -0.000000 -1.000000 0.000000 -0.000000 -1.000000 0.000000 -0.000000 -1.000000 0.000000 -0.000000 -1.000000 0.000000 -0.000000 -1.000000 0.000000 -0.000000 -1.000000 0.000000 -0.000000 -1.000000 0.000000 -0.000000 -1.000000 0.000000 -0.000000 -1.000000 0.000000 -0.000000 -1.000000 0.000000 -0.000000 -1.000000 0.000000 -0.000000 -1.000000 0.000000 -0.000000 -1.000000 0.000000 -0.000000 -1.000000 0.000000 -0.000000 -1.000000 0.000000 -0.000000 -1.000000 0.000000 -0.000000 -1.000000 0.000000 -0.000000 -1.000000 0.000000 -0.000000 -1.000000 0.000000 -0.000000 -1.000000 0.000000 -0.000000 -1.000000 0.000000 -0.000000 -1.000000 0.000000 -0.000000 -1.000000 0.000000 -0.000000 -1.000000 0.000000 -0.000000 -1.000000 0.000000 -0.000000 -1.000000 0.000000 -0.000000 -1.000000 0.000000 -0.000000 -1.000000 0.000000 -0.000000 -1.000000 0.000000 -0.000000 -1.000000 0.000000 -0.000000 -1.000000 0.000000 -0.000000 -1.000000 0.000000 -0.000000 -1.000000 0.000000 -0.000000 -1.000000 0.000000 -0.000000 -1.000000 0.000000 -0.000000 -1.000000 0.000000 -0.000000 -1.000000 0.000000 -0.000000 -1.000000 0.000000 -0.000000 -1.000000 0.000000 -0.000000 -1.000000 0.000000 -0.000000 -1.000000 0.000000 -0.000000 -1.000000 0.000000 -0.000000 -1.000000 0.000000 -0.000000 -1.000000 0.000000 -0.000000 -1.000000 0.000000 -0.000000 -1.000000 0.000000 -0.000000 -1.000000 0.000000 -0.000000 -1.000000 0.000000 -0.000000 -1.000000 0.000000 -0.000000 -1.000000 0.000000 -0.000000 -1.000000 0.000000 -0.000000 -1.000000 0.000000 -0.000000 -1.000000 0.000000 -0.000000 -1.000000 0.000000 -0.000000 -1.000000 0.000000 -0.000000 -1.000000 0.000000 -0.000000 -1.000000 0.000000 -0.000000 -1.000000 0.000000 -0.000000 -1.000000 0.000000 -0.000000 -1.000000 0.000000 -0.000000 -1.000000 0.000000 -0.000000 -1.000000 0.000000 -0.000000 -1.000000 0.000000 -0.000000 -1.000000 0.000000 -0.000000 -1.000000 0.000000 -0.000000 -1.000000 0.000000 -0.000000 -1.000000 0.000000 -0.000000 -1.000000 0.000000 -0.000000 -1.000000 0.000000 -0.000000 -1.000000 0.000000 -0.000000 -1.000000 0.000000 -0.000000 -1.000000 0.000000 -0.000000 -1.000000 0.000000 -0.000000 -1.000000 0.000000 -0.000000 -1.000000 0.000000 -0.000000 -1.000000 0.000000 -0.000000 -1.000000 0.000000 -0.000000 -1.000000 0.000000 -0.000000 -1.000000 0.000000 -0.000000 -1.000000 0.000000 -0.000000 -1.000000 0.000000 -0.000000 -1.000000 0.000000 -0.000000 -1.000000 0.000000 -0.000000 -1.000000 0.000000 -0.000000 -1.000000 0.000000 -0.000000 -1.000000 0.000000 -0.000000 -1.000000 0.000000 -0.000000 -1.000000 0.000000 -0.000000 -1.000000 0.000000 -0.000000 -1.000000 0.000000 -0.000000 -1.000000 0.000000 -0.000000 -1.000000 0.000000 -0.000000 -1.000000 0.000000 -0.000000 -1.000000 0.000000 -0.000000 -1.000000 0.000000 -0.000000 -1.000000 0.000000 -0.000000 -1.000000 0.000000 -0.000000 -1.000000 0.000000 -0.000000 -1.000000 0.000000 -0.000000 -1.000000 0.000000 -0.000000 -1.000000 0.000000 -0.000000 -1.000000 0.000000 -0.000000 -1.000000 0.000000 -0.000000 -1.000000 0.000000 -0.000000 -1.000000 0.000000 -0.000000 -1.000000 0.000000 -0.000000 -1.000000 0.000000 -0.000000 -1.000000 0.000000 -0.000000 -1.000000 0.000000 -0.000000 -1.000000 0.000000 -0.000000 -1.000000 0.000000 -0.000000 -1.000000 0.000000 -0.000000 -1.000000 0.000000 -0.000000 -1.000000 0.000000 -0.000000 -1.000000 0.000000 -0.000000 -1.000000 0.000000 -0.000000 -1.000000 0.000000 -0.000000 -1.000000 0.000000 -0.000000 -1.000000 0.000000 -0.000000 -1.000000 0.000000 -0.000000 -1.000000 0.000000 -0.000000 -1.000000 0.000000 -0.000000 -1.000000 0.000000 -0.000000 -1.000000 0.000000 -0.000000 -1.000000 0.000000 -0.000000 -1.000000 0.000000 -0.000000 -1.000000 0.000000 -0.000000 -1.000000 0.000000 -0.000000 -1.000000 0.000000 -0.000000 -1.000000 0.000000 -0.000000 -1.000000 0.000000 -0.000000 -1.000000 0.000000 -0.000000 -1.000000 0.000000 -0.000000 -1.000000 0.000000 -0.000000 -1.000000 0.000000 0.000000 1.000000 -0.000000 0.000000 1.000000 -0.000000 0.000000 1.000000 -0.000000 0.000000 1.000000 -0.000000 0.000000 1.000000 -0.000000 0.000000 1.000000 -0.000000 0.000000 1.000000 -0.000000 0.000000 1.000000 -0.000000 0.000000 1.000000 -0.000000 0.000000 1.000000 -0.000000 0.000000 1.000000 -0.000000 0.000000 1.000000 -0.000000 0.000000 1.000000 -0.000000 0.000000 1.000000 -0.000000 0.000000 1.000000 -0.000000 0.000000 1.000000 -0.000000 0.000000 1.000000 -0.000000 0.000000 1.000000 -0.000000 0.000000 1.000000 -0.000000 0.000000 1.000000 -0.000000 0.000000 1.000000 -0.000000 0.000000 1.000000 -0.000000 0.000000 1.000000 -0.000000 0.000000 1.000000 -0.000000 0.000000 1.000000 -0.000000 0.000000 1.000000 -0.000000 0.000000 1.000000 -0.000000 0.000000 1.000000 -0.000000 0.000000 1.000000 -0.000000 0.000000 1.000000 -0.000000 0.000000 1.000000 -0.000000 0.000000 1.000000 -0.000000 0.000000 1.000000 -0.000000 0.000000 1.000000 -0.000000 0.000000 1.000000 -0.000000 0.000000 1.000000 -0.000000 0.000000 1.000000 -0.000000 0.000000 1.000000 -0.000000 0.000000 1.000000 -0.000000 0.000000 1.000000 -0.000000 0.000000 1.000000 -0.000000 0.000000 1.000000 -0.000000 0.000000 1.000000 -0.000000 0.000000 1.000000 -0.000000 0.000000 1.000000 -0.000000 0.000000 1.000000 -0.000000 0.000000 1.000000 -0.000000 0.000000 1.000000 -0.000000 0.000000 1.000000 -0.000000 0.000000 1.000000 -0.000000 0.000000 1.000000 -0.000000 0.000000 1.000000 -0.000000 0.000000 1.000000 -0.000000 0.000000 1.000000 -0.000000 0.000000 1.000000 -0.000000 0.000000 1.000000 -0.000000 0.000000 1.000000 -0.000000 0.000000 1.000000 -0.000000 0.000000 1.000000 -0.000000 0.000000 1.000000 -0.000000 0.000000 1.000000 -0.000000 0.000000 1.000000 -0.000000 0.000000 1.000000 -0.000000 0.000000 1.000000 -0.000000 0.000000 1.000000 -0.000000 0.000000 1.000000 -0.000000 0.000000 1.000000 -0.000000 -0.000000 -1.000000 0.000000 -0.000000 -1.000000 0.000000 -0.000000 -1.000000 0.000000 -0.000000 -1.000000 0.000000 -0.000000 -1.000000 0.000000 -0.000000 -1.000000 0.000000 -0.000000 -1.000000 0.000000 -0.000000 -1.000000 0.000000 -0.000000 -1.000000 0.000000 -0.000000 -1.000000 0.000000 -0.000000 -1.000000 0.000000 -0.000000 -1.000000 0.000000 -0.000000 -1.000000 0.000000 -0.000000 -1.000000 0.000000 -0.000000 -1.000000 0.000000 -0.000000 -1.000000 0.000000 -0.000000 -1.000000 0.000000 -0.000000 -1.000000 0.000000 -0.000000 -1.000000 0.000000 -0.000000 -1.000000 0.000000 -0.000000 -1.000000 0.000000 -0.000000 -1.000000 0.000000 -0.000000 -1.000000 0.000000 -0.000000 -1.000000 0.000000 -0.000000 -1.000000 0.000000 -0.000000 -1.000000 0.000000 -0.000000 -1.000000 0.000000 -0.000000 -1.000000 0.000000 -0.000000 -1.000000 0.000000 -0.000000 -1.000000 0.000000 -0.000000 -1.000000 0.000000 -0.000000 -1.000000 0.000000 -0.000000 -1.000000 0.000000 -0.000000 -1.000000 0.000000 -0.000000 -1.000000 0.000000 -0.000000 -1.000000 0.000000 -0.000000 -1.000000 0.000000 -0.000000 -1.000000 0.000000 -0.000000 -1.000000 0.000000 -0.000000 -1.000000 0.000000 -0.000000 -1.000000 0.000000 -0.000000 -1.000000 0.000000 -0.000000 -1.000000 0.000000 -0.000000 -1.000000 0.000000 -0.000000 -1.000000 0.000000 -0.000000 -1.000000 0.000000 -0.000000 -1.000000 0.000000 -0.000000 -1.000000 0.000000 -0.000000 -1.000000 0.000000 -0.000000 -1.000000 0.000000 -0.000000 -1.000000 0.000000 -0.000000 -1.000000 0.000000 -0.000000 -1.000000 0.000000 -0.000000 -1.000000 0.000000 -0.000000 -1.000000 0.000000 -0.000000 -1.000000 0.000000 -0.000000 -1.000000 0.000000 -0.000000 -1.000000 0.000000 -0.000000 -1.000000 0.000000 -0.000000 -1.000000 0.000000 -0.000000 -1.000000 0.000000 -0.000000 -1.000000 0.000000 -0.000000 -1.000000 0.000000 -0.000000 -1.000000 0.000000 -0.000000 -1.000000 0.000000 -0.000000 -1.000000 0.000000 -0.000000 -1.000000 0.000000 -0.000000 -1.000000 0.000000 -0.000000 -1.000000 0.000000 -0.000000 -1.000000 0.000000 -0.000000 -1.000000 0.000000 -0.000000 -1.000000 0.000000 -0.000000 -1.000000 0.000000 -0.000000 -1.000000 0.000000 -0.000000 -1.000000 0.000000 -0.000000 -1.000000 0.000000 -0.000000 -1.000000 0.000000 -0.000000 -1.000000 0.000000 -0.000000 0.000000 -1.000000 -0.000000 0.000000 -1.000000 -0.000000 0.000000 -1.000000 -0.000000 0.000000 -1.000000 1.000000 -0.000000 0.000000 1.000000 -0.000000 0.000000 1.000000 -0.000000 0.000000 1.000000 -0.000000 0.000000 0.000000 -0.000000 1.000000 0.000000 -0.000000 1.000000 0.000000 -0.000000 1.000000 0.000000 -0.000000 1.000000</float_array>
          <technique_common>
            <accessor source="#ratio_right_gear-mesh-normals-array" count="3264" stride="3">
              <param name="X" type="float"/>
              <param name="Y" type="float"/>
              <param name="Z" type="float"/>
            </accessor>
          </technique_common>
        </source>
        <vertices id="ratio_right_gear-mesh-vertices">
          <input semantic="POSITION" source="#ratio_right_gear-mesh-positions"/>
        </vertices>
        <triangles material="Opaque_202_209_238_" count="2964">
          <input semantic="VERTEX" source="#ratio_right_gear-mesh-vertices" offset="0"/>
          <input semantic="NORMAL" source="#ratio_right_gear-mesh-normals" offset="1"/>
          <p>1 0 59 1 0 2 0 2 59 1 30 3 0 2 30 3 29 4 29 4 30 3 31 5 29 4 31 5 28 6 28 6 31 5 32 7 28 6 32 7 27 8 27 8 32 7 33 9 27 8 33 9 26 10 26 10 33 9 34 11 26 10 34 11 25 12 25 12 34 11 35 13 25 12 35 13 24 14 24 14 35 13 36 15 24 14 36 15 23 16 23 16 36 15 37 17 23 16 37 17 22 18 22 18 37 17 38 19 22 18 38 19 21 20 21 20 38 19 39 21 21 20 39 21 20 22 20 22 39 21 40 23 20 22 40 23 19 24 19 24 40 23 41 25 19 24 41 25 18 26 18 26 41 25 42 27 18 26 42 27 17 28 17 28 42 27 43 29 17 28 43 29 16 30 16 30 43 29 44 31 16 30 44 31 15 32 15 32 44 31 45 33 15 32 45 33 14 34 14 34 45 33 46 35 14 34 46 35 13 36 13 36 46 35 47 37 13 36 47 37 12 38 12 38 47 37 48 39 12 38 48 39 11 40 11 40 48 39 49 41 11 40 49 41 10 42 10 42 49 41 50 43 10 42 50 43 9 44 9 44 50 43 51 45 9 44 51 45 8 46 8 46 51 45 52 47 8 46 52 47 7 48 7 48 52 47 53 49 7 48 53 49 6 50 6 50 53 49 54 51 6 50 54 51 5 52 5 52 54 51 55 53 5 52 55 53 4 54 4 54 55 53 56 55 4 54 56 55 3 56 3 56 56 55 57 57 3 56 57 57 2 58 2 58 57 57 58 59 2 58 58 59 1 0 1 0 58 59 59 1 61 60 93 61 60 62 60 62 93 61 94 63 60 62 94 63 92 64 92 64 94 63 95 65 92 64 95 65 91 66 91 66 95 65 96 67 91 66 96 67 90 68 90 68 96 67 97 69 90 68 97 69 89 70 89 70 97 69 98 71 89 70 98 71 88 72 88 72 98 71 99 73 88 72 99 73 87 74 87 74 99 73 100 75 87 74 100 75 86 76 86 76 100 75 101 77 86 76 101 77 85 78 85 78 101 77 102 79 85 78 102 79 84 80 84 80 102 79 103 81 84 80 103 81 83 82 83 82 103 81 104 83 83 82 104 83 82 84 82 84 104 83 105 85 82 84 105 85 81 86 81 86 105 85 106 87 81 86 106 87 80 88 80 88 106 87 107 89 80 88 107 89 79 90 79 90 107 89 108 91 79 90 108 91 78 92 78 92 108 91 109 93 78 92 109 93 77 94 77 94 109 93 110 95 77 94 110 95 76 96 76 96 110 95 111 97 76 96 111 97 75 98 75 98 111 97 112 99 75 98 112 99 74 100 74 100 112 99 113 101 74 100 113 101 73 102 73 102 113 101 114 103 73 102 114 103 72 104 72 104 114 103 115 105 72 104 115 105 71 106 71 106 115 105 116 107 71 106 116 107 70 108 70 108 116 107 117 109 70 108 117 109 69 110 69 110 117 109 118 111 69 110 118 111 68 112 68 112 118 111 119 113 68 112 119 113 67 114 67 114 119 113 120 115 67 114 120 115 66 116 66 116 120 115 121 117 66 116 121 117 65 118 65 118 121 117 122 119 65 118 122 119 64 120 64 120 122 119 123 121 64 120 123 121 63 122 63 122 123 121 124 123 63 122 124 123 62 124 62 124 124 123 125 125 62 124 125 125 61 60 61 60 125 125 93 61 127 126 171 127 126 128 126 128 171 127 172 129 126 128 172 129 170 130 170 130 172 129 173 131 170 130 173 131 169 132 169 132 173 131 174 133 169 132 174 133 168 134 168 134 174 133 175 135 168 134 175 135 167 136 167 136 175 135 176 137 167 136 176 137 166 138 166 138 176 137 177 139 166 138 177 139 165 140 165 140 177 139 178 141 165 140 178 141 164 142 164 142 178 141 179 143 164 142 179 143 163 144 163 144 179 143 180 145 163 144 180 145 162 146 162 146 180 145 181 147 162 146 181 147 161 148 161 148 181 147 182 149 161 148 182 149 160 150 160 150 182 149 183 151 160 150 183 151 159 152 159 152 183 151 184 153 159 152 184 153 158 154 158 154 184 153 185 155 158 154 185 155 157 156 157 156 185 155 186 157 157 156 186 157 156 158 156 158 186 157 187 159 156 158 187 159 155 160 155 160 187 159 188 161 155 160 188 161 154 162 154 162 188 161 189 163 154 162 189 163 153 164 153 164 189 163 190 165 153 164 190 165 152 166 152 166 190 165 191 167 152 166 191 167 151 168 151 168 191 167 192 169 151 168 192 169 150 170 150 170 192 169 193 171 150 170 193 171 149 172 149 172 193 171 194 173 149 172 194 173 148 174 148 174 194 173 195 175 148 174 195 175 147 176 147 176 195 175 196 177 147 176 196 177 146 178 146 178 196 177 197 179 146 178 197 179 145 180 145 180 197 179 198 181 145 180 198 181 144 182 144 182 198 181 199 183 144 182 199 183 143 184 143 184 199 183 200 185 143 184 200 185 142 186 142 186 200 185 201 187 142 186 201 187 141 188 141 188 201 187 202 189 141 188 202 189 140 190 140 190 202 189 203 191 140 190 203 191 139 192 139 192 203 191 204 193 139 192 204 193 138 194 138 194 204 193 205 195 138 194 205 195 137 196 137 196 205 195 206 197 137 196 206 197 136 198 136 198 206 197 207 199 136 198 207 199 135 200 135 200 207 199 208 201 135 200 208 201 134 202 134 202 208 201 209 203 134 202 209 203 133 204 133 204 209 203 210 205 133 204 210 205 132 206 132 206 210 205 211 207 132 206 211 207 131 208 131 208 211 207 212 209 131 208 212 209 130 210 130 210 212 209 213 211 130 210 213 211 129 212 129 212 213 211 214 213 129 212 214 213 128 214 128 214 214 213 215 215 128 214 215 215 127 126 127 126 215 215 171 127 217 216 283 217 216 218 216 218 283 217 250 219 216 218 250 219 249 220 249 220 250 219 251 221 249 220 251 221 248 222 248 222 251 221 252 223 248 222 252 223 247 224 247 224 252 223 253 225 247 224 253 225 246 226 246 226 253 225 254 227 246 226 254 227 245 228 245 228 254 227 255 229 245 228 255 229 244 230 244 230 255 229 256 231 244 230 256 231 243 232 243 232 256 231 257 233 243 232 257 233 242 234 242 234 257 233 258 235 242 234 258 235 241 236 241 236 258 235 259 237 241 236 259 237 240 238 240 238 259 237 260 239 240 238 260 239 239 240 239 240 260 239 261 241 239 240 261 241 238 242 238 242 261 241 262 243 238 242 262 243 237 244 237 244 262 243 263 245 237 244 263 245 236 246 236 246 263 245 264 247 236 246 264 247 235 248 235 248 264 247 265 249 235 248 265 249 234 250 234 250 265 249 266 251 234 250 266 251 233 252 233 252 266 251 267 253 233 252 267 253 232 254 232 254 267 253 268 255 232 254 268 255 231 256 231 256 268 255 269 257 231 256 269 257 230 258 230 258 269 257 270 259 230 258 270 259 229 260 229 260 270 259 271 261 229 260 271 261 228 262 228 262 271 261 272 263 228 262 272 263 227 264 227 264 272 263 273 265 227 264 273 265 226 266 226 266 273 265 274 267 226 266 274 267 225 268 225 268 274 267 275 269 225 268 275 269 224 270 224 270 275 269 276 271 224 270 276 271 223 272 223 272 276 271 277 273 223 272 277 273 222 274 222 274 277 273 278 275 222 274 278 275 221 276 221 276 278 275 279 277 221 276 279 277 220 278 220 278 279 277 280 279 220 278 280 279 219 280 219 280 280 279 281 281 219 280 281 281 218 282 218 282 281 281 282 283 218 282 282 283 217 216 217 216 282 283 283 217 295 284 284 285 294 286 294 286 284 285 285 287 294 286 285 287 293 288 293 288 285 287 286 289 293 288 286 289 292 290 292 290 286 289 287 291 292 290 287 291 291 292 291 292 287 291 288 293 291 292 288 293 290 294 290 294 288 293 289 295 307 296 296 297 306 298 306 298 296 297 297 299 306 298 297 299 305 300 305 300 297 299 298 301 305 300 298 301 304 302 304 302 298 301 299 303 304 302 299 303 303 304 303 304 299 303 300 305 303 304 300 305 302 306 302 306 300 305 301 307 319 308 308 309 318 310 318 310 308 309 309 311 318 310 309 311 317 312 317 312 309 311 310 313 317 312 310 313 316 314 316 314 310 313 311 315 316 314 311 315 315 316 315 316 311 315 312 317 315 316 312 317 314 318 314 318 312 317 313 319 331 320 320 321 330 322 330 322 320 321 321 323 330 322 321 323 329 324 329 324 321 323 322 325 329 324 322 325 328 326 328 326 322 325 323 327 328 326 323 327 327 328 327 328 323 327 324 329 327 328 324 329 326 330 326 330 324 329 325 331 343 332 332 333 342 334 342 334 332 333 333 335 342 334 333 335 341 336 341 336 333 335 334 337 341 336 334 337 340 338 340 338 334 337 335 339 340 338 335 339 339 340 339 340 335 339 336 341 339 340 336 341 338 342 338 342 336 341 337 343 355 344 344 345 354 346 354 346 344 345 345 347 354 346 345 347 353 348 353 348 345 347 346 349 353 348 346 349 352 350 352 350 346 349 347 351 352 350 347 351 351 352 351 352 347 351 348 353 351 352 348 353 350 354 350 354 348 353 349 355 367 356 356 357 366 358 366 358 356 357 357 359 366 358 357 359 365 360 365 360 357 359 358 361 365 360 358 361 364 362 364 362 358 361 359 363 364 362 359 363 363 364 363 364 359 363 360 365 363 364 360 365 362 366 362 366 360 365 361 367 379 368 368 369 378 370 378 370 368 369 369 371 378 370 369 371 377 372 377 372 369 371 370 373 377 372 370 373 376 374 376 374 370 373 371 375 376 374 371 375 375 376 375 376 371 375 372 377 375 376 372 377 374 378 374 378 372 377 373 379 391 380 380 381 390 382 390 382 380 381 381 383 390 382 381 383 389 384 389 384 381 383 382 385 389 384 382 385 388 386 388 386 382 385 383 387 388 386 383 387 387 388 387 388 383 387 384 389 387 388 384 389 386 390 386 390 384 389 385 391 403 392 392 393 402 394 402 394 392 393 393 395 402 394 393 395 401 396 401 396 393 395 394 397 401 396 394 397 400 398 400 398 394 397 395 399 400 398 395 399 399 400 399 400 395 399 396 401 399 400 396 401 398 402 398 402 396 401 397 403 415 404 404 405 414 406 414 406 404 405 405 407 414 406 405 407 413 408 413 408 405 407 406 409 413 408 406 409 412 410 412 410 406 409 407 411 412 410 407 411 411 412 411 412 407 411 408 413 411 412 408 413 410 414 410 414 408 413 409 415 427 416 416 417 426 418 426 418 416 417 417 419 426 418 417 419 425 420 425 420 417 419 418 421 425 420 418 421 424 422 424 422 418 421 419 423 424 422 419 423 423 424 423 424 419 423 420 425 423 424 420 425 422 426 422 426 420 425 421 427 435 428 428 429 434 430 434 430 428 429 429 431 434 430 429 431 433 432 433 432 429 431 430 433 433 432 430 433 432 434 432 434 430 433 431 435 443 436 436 437 442 438 442 438 436 437 437 439 442 438 437 439 441 440 441 440 437 439 438 441 441 440 438 441 440 442 440 442 438 441 439 443 444 444 445 445 451 446 451 446 445 445 446 447 451 446 446 447 450 448 450 448 446 447 447 449 450 448 447 449 449 450 449 450 447 449 448 451 449 452 448 453 459 454 459 454 448 453 452 455 459 454 452 455 458 456 458 456 452 455 453 457 458 456 453 457 457 458 457 458 453 457 454 459 457 458 454 459 456 460 456 460 454 459 455 461 456 460 455 461 431 462 431 462 455 461 432 463 428 464 435 465 469 466 469 466 435 465 460 467 469 466 460 467 468 468 468 468 460 467 461 469 468 468 461 469 467 470 467 470 461 469 462 471 467 470 462 471 466 472 466 472 462 471 463 473 466 472 463 473 465 474 465 474 463 473 464 475 465 476 464 477 475 478 475 478 464 477 470 479 475 478 470 479 474 480 474 480 470 479 471 481 474 480 471 481 473 482 473 482 471 481 472 483 473 484 472 485 485 486 485 486 472 485 476 487 485 486 476 487 484 488 484 488 476 487 477 489 484 488 477 489 483 490 483 490 477 489 478 491 483 490 478 491 482 492 482 492 478 491 479 493 482 492 479 493 481 494 481 494 479 493 480 495 481 496 480 497 491 498 491 498 480 497 486 499 491 498 486 499 490 500 490 500 486 499 487 501 490 500 487 501 489 502 489 502 487 501 488 503 489 504 488 505 501 506 501 506 488 505 492 507 501 506 492 507 500 508 500 508 492 507 493 509 500 508 493 509 499 510 499 510 493 509 494 511 499 510 494 511 498 512 498 512 494 511 495 513 498 512 495 513 497 514 497 514 495 513 496 515 497 516 496 517 507 518 507 518 496 517 502 519 507 518 502 519 506 520 506 520 502 519 503 521 506 520 503 521 505 522 505 522 503 521 504 523 505 524 504 525 517 526 517 526 504 525 508 527 517 526 508 527 516 528 516 528 508 527 509 529 516 528 509 529 515 530 515 530 509 529 510 531 515 530 510 531 514 532 514 532 510 531 511 533 514 532 511 533 513 534 513 534 511 533 512 535 513 536 512 537 523 538 523 538 512 537 518 539 523 538 518 539 522 540 522 540 518 539 519 541 522 540 519 541 521 542 521 542 519 541 520 543 521 544 520 545 533 546 533 546 520 545 524 547 533 546 524 547 532 548 532 548 524 547 525 549 532 548 525 549 531 550 531 550 525 549 526 551 531 550 526 551 530 552 530 552 526 551 527 553 530 552 527 553 529 554 529 554 527 553 528 555 529 556 528 557 539 558 539 558 528 557 534 559 539 558 534 559 538 560 538 560 534 559 535 561 538 560 535 561 537 562 537 562 535 561 536 563 537 564 536 565 549 566 549 566 536 565 540 567 549 566 540 567 548 568 548 568 540 567 541 569 548 568 541 569 547 570 547 570 541 569 542 571 547 570 542 571 546 572 546 572 542 571 543 573 546 572 543 573 545 574 545 574 543 573 544 575 545 576 544 577 555 578 555 578 544 577 550 579 555 578 550 579 554 580 554 580 550 579 551 581 554 580 551 581 553 582 553 582 551 581 552 583 553 584 552 585 565 586 565 586 552 585 556 587 565 586 556 587 564 588 564 588 556 587 557 589 564 588 557 589 563 590 563 590 557 589 558 591 563 590 558 591 562 592 562 592 558 591 559 593 562 592 559 593 561 594 561 594 559 593 560 595 561 596 560 597 571 598 571 598 560 597 566 599 571 598 566 599 570 600 570 600 566 599 567 601 570 600 567 601 569 602 569 602 567 601 568 603 569 604 568 605 581 606 581 606 568 605 572 607 581 606 572 607 580 608 580 608 572 607 573 609 580 608 573 609 579 610 579 610 573 609 574 611 579 610 574 611 578 612 578 612 574 611 575 613 578 612 575 613 577 614 577 614 575 613 576 615 577 616 576 617 587 618 587 618 576 617 582 619 587 618 582 619 586 620 586 620 582 619 583 621 586 620 583 621 585 622 585 622 583 621 584 623 585 624 584 625 597 626 597 626 584 625 588 627 597 626 588 627 596 628 596 628 588 627 589 629 596 628 589 629 595 630 595 630 589 629 590 631 595 630 590 631 594 632 594 632 590 631 591 633 594 632 591 633 593 634 593 634 591 633 592 635 593 636 592 637 603 638 603 638 592 637 598 639 603 638 598 639 602 640 602 640 598 639 599 641 602 640 599 641 601 642 601 642 599 641 600 643 601 644 600 645 613 646 613 646 600 645 604 647 613 646 604 647 612 648 612 648 604 647 605 649 612 648 605 649 611 650 611 650 605 649 606 651 611 650 606 651 610 652 610 652 606 651 607 653 610 652 607 653 609 654 609 654 607 653 608 655 609 656 608 657 619 658 619 658 608 657 614 659 619 658 614 659 618 660 618 660 614 659 615 661 618 660 615 661 617 662 617 662 615 661 616 663 617 664 616 665 629 666 629 666 616 665 620 667 629 666 620 667 628 668 628 668 620 667 621 669 628 668 621 669 627 670 627 670 621 669 622 671 627 670 622 671 626 672 626 672 622 671 623 673 626 672 623 673 625 674 625 674 623 673 624 675 625 676 624 677 633 678 633 678 624 677 630 679 633 678 630 679 632 680 632 680 630 679 631 681 632 680 631 681 421 682 421 682 631 681 422 683 416 684 427 685 639 686 639 686 427 685 634 687 639 686 634 687 638 688 638 688 634 687 635 689 638 688 635 689 637 690 637 690 635 689 636 691 637 692 636 693 649 694 649 694 636 693 640 695 649 694 640 695 648 696 648 696 640 695 641 697 648 696 641 697 647 698 647 698 641 697 642 699 647 698 642 699 646 700 646 700 642 699 643 701 646 700 643 701 645 702 645 702 643 701 644 703 645 704 644 705 653 706 653 706 644 705 650 707 653 706 650 707 652 708 652 708 650 707 651 709 652 708 651 709 409 710 409 710 651 709 410 711 404 712 415 713 659 714 659 714 415 713 654 715 659 714 654 715 658 716 658 716 654 715 655 717 658 716 655 717 657 718 657 718 655 717 656 719 657 720 656 721 669 722 669 722 656 721 660 723 669 722 660 723 668 724 668 724 660 723 661 725 668 724 661 725 667 726 667 726 661 725 662 727 667 726 662 727 666 728 666 728 662 727 663 729 666 728 663 729 665 730 665 730 663 729 664 731 665 732 664 733 673 734 673 734 664 733 670 735 673 734 670 735 672 736 672 736 670 735 671 737 672 736 671 737 397 738 397 738 671 737 398 739 392 740 403 741 679 742 679 742 403 741 674 743 679 742 674 743 678 744 678 744 674 743 675 745 678 744 675 745 677 746 677 746 675 745 676 747 677 748 676 749 689 750 689 750 676 749 680 751 689 750 680 751 688 752 688 752 680 751 681 753 688 752 681 753 687 754 687 754 681 753 682 755 687 754 682 755 686 756 686 756 682 755 683 757 686 756 683 757 685 758 685 758 683 757 684 759 685 760 684 761 693 762 693 762 684 761 690 763 693 762 690 763 692 764 692 764 690 763 691 765 692 764 691 765 385 766 385 766 691 765 386 767 380 768 391 769 699 770 699 770 391 769 694 771 699 770 694 771 698 772 698 772 694 771 695 773 698 772 695 773 697 774 697 774 695 773 696 775 697 776 696 777 709 778 709 778 696 777 700 779 709 778 700 779 708 780 708 780 700 779 701 781 708 780 701 781 707 782 707 782 701 781 702 783 707 782 702 783 706 784 706 784 702 783 703 785 706 784 703 785 705 786 705 786 703 785 704 787 705 788 704 789 713 790 713 790 704 789 710 791 713 790 710 791 712 792 712 792 710 791 711 793 712 792 711 793 373 794 373 794 711 793 374 795 368 796 379 797 719 798 719 798 379 797 714 799 719 798 714 799 718 800 718 800 714 799 715 801 718 800 715 801 717 802 717 802 715 801 716 803 717 804 716 805 729 806 729 806 716 805 720 807 729 806 720 807 728 808 728 808 720 807 721 809 728 808 721 809 727 810 727 810 721 809 722 811 727 810 722 811 726 812 726 812 722 811 723 813 726 812 723 813 725 814 725 814 723 813 724 815 725 816 724 817 733 818 733 818 724 817 730 819 733 818 730 819 732 820 732 820 730 819 731 821 732 820 731 821 361 822 361 822 731 821 362 823 356 824 367 825 739 826 739 826 367 825 734 827 739 826 734 827 738 828 738 828 734 827 735 829 738 828 735 829 737 830 737 830 735 829 736 831 737 832 736 833 749 834 749 834 736 833 740 835 749 834 740 835 748 836 748 836 740 835 741 837 748 836 741 837 747 838 747 838 741 837 742 839 747 838 742 839 746 840 746 840 742 839 743 841 746 840 743 841 745 842 745 842 743 841 744 843 745 844 744 845 755 846 755 846 744 845 750 847 755 846 750 847 754 848 754 848 750 847 751 849 754 848 751 849 753 850 753 850 751 849 752 851 753 852 752 853 765 854 765 854 752 853 756 855 765 854 756 855 764 856 764 856 756 855 757 857 764 856 757 857 763 858 763 858 757 857 758 859 763 858 758 859 762 860 762 860 758 859 759 861 762 860 759 861 761 862 761 862 759 861 760 863 761 864 760 865 771 866 771 866 760 865 766 867 771 866 766 867 770 868 770 868 766 867 767 869 770 868 767 869 769 870 769 870 767 869 768 871 769 872 768 873 781 874 781 874 768 873 772 875 781 874 772 875 780 876 780 876 772 875 773 877 780 876 773 877 779 878 779 878 773 877 774 879 779 878 774 879 778 880 778 880 774 879 775 881 778 880 775 881 777 882 777 882 775 881 776 883 777 884 776 885 787 886 787 886 776 885 782 887 787 886 782 887 786 888 786 888 782 887 783 889 786 888 783 889 785 890 785 890 783 889 784 891 785 892 784 893 797 894 797 894 784 893 788 895 797 894 788 895 796 896 796 896 788 895 789 897 796 896 789 897 795 898 795 898 789 897 790 899 795 898 790 899 794 900 794 900 790 899 791 901 794 900 791 901 793 902 793 902 791 901 792 903 793 904 792 905 803 906 803 906 792 905 798 907 803 906 798 907 802 908 802 908 798 907 799 909 802 908 799 909 801 910 801 910 799 909 800 911 801 912 800 913 813 914 813 914 800 913 804 915 813 914 804 915 812 916 812 916 804 915 805 917 812 916 805 917 811 918 811 918 805 917 806 919 811 918 806 919 810 920 810 920 806 919 807 921 810 920 807 921 809 922 809 922 807 921 808 923 809 924 808 925 819 926 819 926 808 925 814 927 819 926 814 927 818 928 818 928 814 927 815 929 818 928 815 929 817 930 817 930 815 929 816 931 817 932 816 933 829 934 829 934 816 933 820 935 829 934 820 935 828 936 828 936 820 935 821 937 828 936 821 937 827 938 827 938 821 937 822 939 827 938 822 939 826 940 826 940 822 939 823 941 826 940 823 941 825 942 825 942 823 941 824 943 825 944 824 945 835 946 835 946 824 945 830 947 835 946 830 947 834 948 834 948 830 947 831 949 834 948 831 949 833 950 833 950 831 949 832 951 833 952 832 953 845 954 845 954 832 953 836 955 845 954 836 955 844 956 844 956 836 955 837 957 844 956 837 957 843 958 843 958 837 957 838 959 843 958 838 959 842 960 842 960 838 959 839 961 842 960 839 961 841 962 841 962 839 961 840 963 841 964 840 965 851 966 851 966 840 965 846 967 851 966 846 967 850 968 850 968 846 967 847 969 850 968 847 969 849 970 849 970 847 969 848 971 849 972 848 973 861 974 861 974 848 973 852 975 861 974 852 975 860 976 860 976 852 975 853 977 860 976 853 977 859 978 859 978 853 977 854 979 859 978 854 979 858 980 858 980 854 979 855 981 858 980 855 981 857 982 857 982 855 981 856 983 857 984 856 985 867 986 867 986 856 985 862 987 867 986 862 987 866 988 866 988 862 987 863 989 866 988 863 989 865 990 865 990 863 989 864 991 865 992 864 993 877 994 877 994 864 993 868 995 877 994 868 995 876 996 876 996 868 995 869 997 876 996 869 997 875 998 875 998 869 997 870 999 875 998 870 999 874 1000 874 1000 870 999 871 1001 874 1000 871 1001 873 1002 873 1002 871 1001 872 1003 873 1004 872 1005 883 1006 883 1006 872 1005 878 1007 883 1006 878 1007 882 1008 882 1008 878 1007 879 1009 882 1008 879 1009 881 1010 881 1010 879 1009 880 1011 881 1012 880 1013 893 1014 893 1014 880 1013 884 1015 893 1014 884 1015 892 1016 892 1016 884 1015 885 1017 892 1016 885 1017 891 1018 891 1018 885 1017 886 1019 891 1018 886 1019 890 1020 890 1020 886 1019 887 1021 890 1020 887 1021 889 1022 889 1022 887 1021 888 1023 889 1024 888 1025 899 1026 899 1026 888 1025 894 1027 899 1026 894 1027 898 1028 898 1028 894 1027 895 1029 898 1028 895 1029 897 1030 897 1030 895 1029 896 1031 897 1032 896 1033 909 1034 909 1034 896 1033 900 1035 909 1034 900 1035 908 1036 908 1036 900 1035 901 1037 908 1036 901 1037 907 1038 907 1038 901 1037 902 1039 907 1038 902 1039 906 1040 906 1040 902 1039 903 1041 906 1040 903 1041 905 1042 905 1042 903 1041 904 1043 905 1044 904 1045 915 1046 915 1046 904 1045 910 1047 915 1046 910 1047 914 1048 914 1048 910 1047 911 1049 914 1048 911 1049 913 1050 913 1050 911 1049 912 1051 913 1052 912 1053 925 1054 925 1054 912 1053 916 1055 925 1054 916 1055 924 1056 924 1056 916 1055 917 1057 924 1056 917 1057 923 1058 923 1058 917 1057 918 1059 923 1058 918 1059 922 1060 922 1060 918 1059 919 1061 922 1060 919 1061 921 1062 921 1062 919 1061 920 1063 921 1064 920 1065 931 1066 931 1066 920 1065 926 1067 931 1066 926 1067 930 1068 930 1068 926 1067 927 1069 930 1068 927 1069 929 1070 929 1070 927 1069 928 1071 929 1072 928 1073 941 1074 941 1074 928 1073 932 1075 941 1074 932 1075 940 1076 940 1076 932 1075 933 1077 940 1076 933 1077 939 1078 939 1078 933 1077 934 1079 939 1078 934 1079 938 1080 938 1080 934 1079 935 1081 938 1080 935 1081 937 1082 937 1082 935 1081 936 1083 937 1084 936 1085 947 1086 947 1086 936 1085 942 1087 947 1086 942 1087 946 1088 946 1088 942 1087 943 1089 946 1088 943 1089 945 1090 945 1090 943 1089 944 1091 945 1092 944 1093 957 1094 957 1094 944 1093 948 1095 957 1094 948 1095 956 1096 956 1096 948 1095 949 1097 956 1096 949 1097 955 1098 955 1098 949 1097 950 1099 955 1098 950 1099 954 1100 954 1100 950 1099 951 1101 954 1100 951 1101 953 1102 953 1102 951 1101 952 1103 953 1104 952 1105 963 1106 963 1106 952 1105 958 1107 963 1106 958 1107 962 1108 962 1108 958 1107 959 1109 962 1108 959 1109 961 1110 961 1110 959 1109 960 1111 961 1112 960 1113 971 1114 971 1114 960 1113 964 1115 971 1114 964 1115 970 1116 970 1116 964 1115 965 1117 970 1116 965 1117 969 1118 969 1118 965 1117 966 1119 969 1118 966 1119 968 1120 968 1120 966 1119 967 1121 968 1120 967 1121 443 1122 443 1122 967 1121 436 1123 972 1124 973 1125 979 1126 979 1126 973 1125 974 1127 979 1126 974 1127 978 1128 978 1128 974 1127 975 1129 978 1128 975 1129 977 1130 977 1130 975 1129 976 1131 977 1132 976 1133 989 1134 989 1134 976 1133 980 1135 989 1134 980 1135 988 1136 988 1136 980 1135 981 1137 988 1136 981 1137 987 1138 987 1138 981 1137 982 1139 987 1138 982 1139 986 1140 986 1140 982 1139 983 1141 986 1140 983 1141 985 1142 985 1142 983 1141 984 1143 985 1144 984 1145 995 1146 995 1146 984 1145 990 1147 995 1146 990 1147 994 1148 994 1148 990 1147 991 1149 994 1148 991 1149 993 1150 993 1150 991 1149 992 1151 993 1152 992 1153 1005 1154 1005 1154 992 1153 996 1155 1005 1154 996 1155 1004 1156 1004 1156 996 1155 997 1157 1004 1156 997 1157 1003 1158 1003 1158 997 1157 998 1159 1003 1158 998 1159 1002 1160 1002 1160 998 1159 999 1161 1002 1160 999 1161 1001 1162 1001 1162 999 1161 1000 1163 1001 1164 1000 1165 1011 1166 1011 1166 1000 1165 1006 1167 1011 1166 1006 1167 1010 1168 1010 1168 1006 1167 1007 1169 1010 1168 1007 1169 1009 1170 1009 1170 1007 1169 1008 1171 1009 1172 1008 1173 1021 1174 1021 1174 1008 1173 1012 1175 1021 1174 1012 1175 1020 1176 1020 1176 1012 1175 1013 1177 1020 1176 1013 1177 1019 1178 1019 1178 1013 1177 1014 1179 1019 1178 1014 1179 1018 1180 1018 1180 1014 1179 1015 1181 1018 1180 1015 1181 1017 1182 1017 1182 1015 1181 1016 1183 1017 1184 1016 1185 1027 1186 1027 1186 1016 1185 1022 1187 1027 1186 1022 1187 1026 1188 1026 1188 1022 1187 1023 1189 1026 1188 1023 1189 1025 1190 1025 1190 1023 1189 1024 1191 1025 1192 1024 1193 1037 1194 1037 1194 1024 1193 1028 1195 1037 1194 1028 1195 1036 1196 1036 1196 1028 1195 1029 1197 1036 1196 1029 1197 1035 1198 1035 1198 1029 1197 1030 1199 1035 1198 1030 1199 1034 1200 1034 1200 1030 1199 1031 1201 1034 1200 1031 1201 1033 1202 1033 1202 1031 1201 1032 1203 1033 1204 1032 1205 1043 1206 1043 1206 1032 1205 1038 1207 1043 1206 1038 1207 1042 1208 1042 1208 1038 1207 1039 1209 1042 1208 1039 1209 1041 1210 1041 1210 1039 1209 1040 1211 1041 1212 1040 1213 1053 1214 1053 1214 1040 1213 1044 1215 1053 1214 1044 1215 1052 1216 1052 1216 1044 1215 1045 1217 1052 1216 1045 1217 1051 1218 1051 1218 1045 1217 1046 1219 1051 1218 1046 1219 1050 1220 1050 1220 1046 1219 1047 1221 1050 1220 1047 1221 1049 1222 1049 1222 1047 1221 1048 1223 1049 1224 1048 1225 1059 1226 1059 1226 1048 1225 1054 1227 1059 1226 1054 1227 1058 1228 1058 1228 1054 1227 1055 1229 1058 1228 1055 1229 1057 1230 1057 1230 1055 1229 1056 1231 1057 1232 1056 1233 1069 1234 1069 1234 1056 1233 1060 1235 1069 1234 1060 1235 1068 1236 1068 1236 1060 1235 1061 1237 1068 1236 1061 1237 1067 1238 1067 1238 1061 1237 1062 1239 1067 1238 1062 1239 1066 1240 1066 1240 1062 1239 1063 1241 1066 1240 1063 1241 1065 1242 1065 1242 1063 1241 1064 1243 1065 1244 1064 1245 1075 1246 1075 1246 1064 1245 1070 1247 1075 1246 1070 1247 1074 1248 1074 1248 1070 1247 1071 1249 1074 1248 1071 1249 1073 1250 1073 1250 1071 1249 1072 1251 1073 1252 1072 1253 1085 1254 1085 1254 1072 1253 1076 1255 1085 1254 1076 1255 1084 1256 1084 1256 1076 1255 1077 1257 1084 1256 1077 1257 1083 1258 1083 1258 1077 1257 1078 1259 1083 1258 1078 1259 1082 1260 1082 1260 1078 1259 1079 1261 1082 1260 1079 1261 1081 1262 1081 1262 1079 1261 1080 1263 1081 1264 1080 1265 1091 1266 1091 1266 1080 1265 1086 1267 1091 1266 1086 1267 1090 1268 1090 1268 1086 1267 1087 1269 1090 1268 1087 1269 1089 1270 1089 1270 1087 1269 1088 1271 1089 1272 1088 1273 1101 1274 1101 1274 1088 1273 1092 1275 1101 1274 1092 1275 1100 1276 1100 1276 1092 1275 1093 1277 1100 1276 1093 1277 1099 1278 1099 1278 1093 1277 1094 1279 1099 1278 1094 1279 1098 1280 1098 1280 1094 1279 1095 1281 1098 1280 1095 1281 1097 1282 1097 1282 1095 1281 1096 1283 1097 1284 1096 1285 1107 1286 1107 1286 1096 1285 1102 1287 1107 1286 1102 1287 1106 1288 1106 1288 1102 1287 1103 1289 1106 1288 1103 1289 1105 1290 1105 1290 1103 1289 1104 1291 1105 1292 1104 1293 1117 1294 1117 1294 1104 1293 1108 1295 1117 1294 1108 1295 1116 1296 1116 1296 1108 1295 1109 1297 1116 1296 1109 1297 1115 1298 1115 1298 1109 1297 1110 1299 1115 1298 1110 1299 1114 1300 1114 1300 1110 1299 1111 1301 1114 1300 1111 1301 1113 1302 1113 1302 1111 1301 1112 1303 1113 1304 1112 1305 1123 1306 1123 1306 1112 1305 1118 1307 1123 1306 1118 1307 1122 1308 1122 1308 1118 1307 1119 1309 1122 1308 1119 1309 1121 1310 1121 1310 1119 1309 1120 1311 1121 1312 1120 1313 1133 1314 1133 1314 1120 1313 1124 1315 1133 1314 1124 1315 1132 1316 1132 1316 1124 1315 1125 1317 1132 1316 1125 1317 1131 1318 1131 1318 1125 1317 1126 1319 1131 1318 1126 1319 1130 1320 1130 1320 1126 1319 1127 1321 1130 1320 1127 1321 1129 1322 1129 1322 1127 1321 1128 1323 1129 1324 1128 1325 1139 1326 1139 1326 1128 1325 1134 1327 1139 1326 1134 1327 1138 1328 1138 1328 1134 1327 1135 1329 1138 1328 1135 1329 1137 1330 1137 1330 1135 1329 1136 1331 1137 1332 1136 1333 1149 1334 1149 1334 1136 1333 1140 1335 1149 1334 1140 1335 1148 1336 1148 1336 1140 1335 1141 1337 1148 1336 1141 1337 1147 1338 1147 1338 1141 1337 1142 1339 1147 1338 1142 1339 1146 1340 1146 1340 1142 1339 1143 1341 1146 1340 1143 1341 1145 1342 1145 1342 1143 1341 1144 1343 1145 1344 1144 1345 1155 1346 1155 1346 1144 1345 1150 1347 1155 1346 1150 1347 1154 1348 1154 1348 1150 1347 1151 1349 1154 1348 1151 1349 1153 1350 1153 1350 1151 1349 1152 1351 1153 1352 1152 1353 1165 1354 1165 1354 1152 1353 1156 1355 1165 1354 1156 1355 1164 1356 1164 1356 1156 1355 1157 1357 1164 1356 1157 1357 1163 1358 1163 1358 1157 1357 1158 1359 1163 1358 1158 1359 1162 1360 1162 1360 1158 1359 1159 1361 1162 1360 1159 1361 1161 1362 1161 1362 1159 1361 1160 1363 1161 1364 1160 1365 1171 1366 1171 1366 1160 1365 1166 1367 1171 1366 1166 1367 1170 1368 1170 1368 1166 1367 1167 1369 1170 1368 1167 1369 1169 1370 1169 1370 1167 1369 1168 1371 1169 1372 1168 1373 1181 1374 1181 1374 1168 1373 1172 1375 1181 1374 1172 1375 1180 1376 1180 1376 1172 1375 1173 1377 1180 1376 1173 1377 1179 1378 1179 1378 1173 1377 1174 1379 1179 1378 1174 1379 1178 1380 1178 1380 1174 1379 1175 1381 1178 1380 1175 1381 1177 1382 1177 1382 1175 1381 1176 1383 1177 1384 1176 1385 1187 1386 1187 1386 1176 1385 1182 1387 1187 1386 1182 1387 1186 1388 1186 1388 1182 1387 1183 1389 1186 1388 1183 1389 1185 1390 1185 1390 1183 1389 1184 1391 1185 1392 1184 1393 1197 1394 1197 1394 1184 1393 1188 1395 1197 1394 1188 1395 1196 1396 1196 1396 1188 1395 1189 1397 1196 1396 1189 1397 1195 1398 1195 1398 1189 1397 1190 1399 1195 1398 1190 1399 1194 1400 1194 1400 1190 1399 1191 1401 1194 1400 1191 1401 1193 1402 1193 1402 1191 1401 1192 1403 1193 1404 1192 1405 1203 1406 1203 1406 1192 1405 1198 1407 1203 1406 1198 1407 1202 1408 1202 1408 1198 1407 1199 1409 1202 1408 1199 1409 1201 1410 1201 1410 1199 1409 1200 1411 1201 1412 1200 1413 1213 1414 1213 1414 1200 1413 1204 1415 1213 1414 1204 1415 1212 1416 1212 1416 1204 1415 1205 1417 1212 1416 1205 1417 1211 1418 1211 1418 1205 1417 1206 1419 1211 1418 1206 1419 1210 1420 1210 1420 1206 1419 1207 1421 1210 1420 1207 1421 1209 1422 1209 1422 1207 1421 1208 1423 1209 1424 1208 1425 1217 1426 1217 1426 1208 1425 1214 1427 1217 1426 1214 1427 1216 1428 1216 1428 1214 1427 1215 1429 1216 1428 1215 1429 349 1430 349 1430 1215 1429 350 1431 344 1432 355 1433 1223 1434 1223 1434 355 1433 1218 1435 1223 1434 1218 1435 1222 1436 1222 1436 1218 1435 1219 1437 1222 1436 1219 1437 1221 1438 1221 1438 1219 1437 1220 1439 1221 1440 1220 1441 1233 1442 1233 1442 1220 1441 1224 1443 1233 1442 1224 1443 1232 1444 1232 1444 1224 1443 1225 1445 1232 1444 1225 1445 1231 1446 1231 1446 1225 1445 1226 1447 1231 1446 1226 1447 1230 1448 1230 1448 1226 1447 1227 1449 1230 1448 1227 1449 1229 1450 1229 1450 1227 1449 1228 1451 1229 1452 1228 1453 1237 1454 1237 1454 1228 1453 1234 1455 1237 1454 1234 1455 1236 1456 1236 1456 1234 1455 1235 1457 1236 1456 1235 1457 337 1458 337 1458 1235 1457 338 1459 332 1460 343 1461 1243 1462 1243 1462 343 1461 1238 1463 1243 1462 1238 1463 1242 1464 1242 1464 1238 1463 1239 1465 1242 1464 1239 1465 1241 1466 1241 1466 1239 1465 1240 1467 1241 1468 1240 1469 1253 1470 1253 1470 1240 1469 1244 1471 1253 1470 1244 1471 1252 1472 1252 1472 1244 1471 1245 1473 1252 1472 1245 1473 1251 1474 1251 1474 1245 1473 1246 1475 1251 1474 1246 1475 1250 1476 1250 1476 1246 1475 1247 1477 1250 1476 1247 1477 1249 1478 1249 1478 1247 1477 1248 1479 1249 1480 1248 1481 1257 1482 1257 1482 1248 1481 1254 1483 1257 1482 1254 1483 1256 1484 1256 1484 1254 1483 1255 1485 1256 1484 1255 1485 325 1486 325 1486 1255 1485 326 1487 320 1488 331 1489 1263 1490 1263 1490 331 1489 1258 1491 1263 1490 1258 1491 1262 1492 1262 1492 1258 1491 1259 1493 1262 1492 1259 1493 1261 1494 1261 1494 1259 1493 1260 1495 1261 1496 1260 1497 1273 1498 1273 1498 1260 1497 1264 1499 1273 1498 1264 1499 1272 1500 1272 1500 1264 1499 1265 1501 1272 1500 1265 1501 1271 1502 1271 1502 1265 1501 1266 1503 1271 1502 1266 1503 1270 1504 1270 1504 1266 1503 1267 1505 1270 1504 1267 1505 1269 1506 1269 1506 1267 1505 1268 1507 1269 1508 1268 1509 1277 1510 1277 1510 1268 1509 1274 1511 1277 1510 1274 1511 1276 1512 1276 1512 1274 1511 1275 1513 1276 1512 1275 1513 313 1514 313 1514 1275 1513 314 1515 308 1516 319 1517 1283 1518 1283 1518 319 1517 1278 1519 1283 1518 1278 1519 1282 1520 1282 1520 1278 1519 1279 1521 1282 1520 1279 1521 1281 1522 1281 1522 1279 1521 1280 1523 1281 1524 1280 1525 1293 1526 1293 1526 1280 1525 1284 1527 1293 1526 1284 1527 1292 1528 1292 1528 1284 1527 1285 1529 1292 1528 1285 1529 1291 1530 1291 1530 1285 1529 1286 1531 1291 1530 1286 1531 1290 1532 1290 1532 1286 1531 1287 1533 1290 1532 1287 1533 1289 1534 1289 1534 1287 1533 1288 1535 1289 1536 1288 1537 1297 1538 1297 1538 1288 1537 1294 1539 1297 1538 1294 1539 1296 1540 1296 1540 1294 1539 1295 1541 1296 1540 1295 1541 301 1542 301 1542 1295 1541 302 1543 296 1544 307 1545 1303 1546 1303 1546 307 1545 1298 1547 1303 1546 1298 1547 1302 1548 1302 1548 1298 1547 1299 1549 1302 1548 1299 1549 1301 1550 1301 1550 1299 1549 1300 1551 1301 1552 1300 1553 1313 1554 1313 1554 1300 1553 1304 1555 1313 1554 1304 1555 1312 1556 1312 1556 1304 1555 1305 1557 1312 1556 1305 1557 1311 1558 1311 1558 1305 1557 1306 1559 1311 1558 1306 1559 1310 1560 1310 1560 1306 1559 1307 1561 1310 1560 1307 1561 1309 1562 1309 1562 1307 1561 1308 1563 1309 1564 1308 1565 1317 1566 1317 1566 1308 1565 1314 1567 1317 1566 1314 1567 1316 1568 1316 1568 1314 1567 1315 1569 1316 1568 1315 1569 289 1570 289 1570 1315 1569 290 1571 284 1572 295 1573 1323 1574 1323 1574 295 1573 1318 1575 1323 1574 1318 1575 1322 1576 1322 1576 1318 1575 1319 1577 1322 1576 1319 1577 1321 1578 1321 1578 1319 1577 1320 1579 1321 1580 1320 1581 1333 1582 1333 1582 1320 1581 1324 1583 1333 1582 1324 1583 1332 1584 1332 1584 1324 1583 1325 1585 1332 1584 1325 1585 1331 1586 1331 1586 1325 1585 1326 1587 1331 1586 1326 1587 1330 1588 1330 1588 1326 1587 1327 1589 1330 1588 1327 1589 1329 1590 1329 1590 1327 1589 1328 1591 1329 1592 1328 1593 1339 1594 1339 1594 1328 1593 1334 1595 1339 1594 1334 1595 1338 1596 1338 1596 1334 1595 1335 1597 1338 1596 1335 1597 1337 1598 1337 1598 1335 1597 1336 1599 1337 1600 1336 1601 1349 1602 1349 1602 1336 1601 1340 1603 1349 1602 1340 1603 1348 1604 1348 1604 1340 1603 1341 1605 1348 1604 1341 1605 1347 1606 1347 1606 1341 1605 1342 1607 1347 1606 1342 1607 1346 1608 1346 1608 1342 1607 1343 1609 1346 1608 1343 1609 1345 1610 1345 1610 1343 1609 1344 1611 1345 1612 1344 1613 1355 1614 1355 1614 1344 1613 1350 1615 1355 1614 1350 1615 1354 1616 1354 1616 1350 1615 1351 1617 1354 1616 1351 1617 1353 1618 1353 1618 1351 1617 1352 1619 1353 1620 1352 1621 1365 1622 1365 1622 1352 1621 1356 1623 1365 1622 1356 1623 1364 1624 1364 1624 1356 1623 1357 1625 1364 1624 1357 1625 1363 1626 1363 1626 1357 1625 1358 1627 1363 1626 1358 1627 1362 1628 1362 1628 1358 1627 1359 1629 1362 1628 1359 1629 1361 1630 1361 1630 1359 1629 1360 1631 1361 1632 1360 1633 1371 1634 1371 1634 1360 1633 1366 1635 1371 1634 1366 1635 1370 1636 1370 1636 1366 1635 1367 1637 1370 1636 1367 1637 1369 1638 1369 1638 1367 1637 1368 1639 1369 1640 1368 1641 1381 1642 1381 1642 1368 1641 1372 1643 1381 1642 1372 1643 1380 1644 1380 1644 1372 1643 1373 1645 1380 1644 1373 1645 1379 1646 1379 1646 1373 1645 1374 1647 1379 1646 1374 1647 1378 1648 1378 1648 1374 1647 1375 1649 1378 1648 1375 1649 1377 1650 1377 1650 1375 1649 1376 1651 1377 1652 1376 1653 1387 1654 1387 1654 1376 1653 1382 1655 1387 1654 1382 1655 1386 1656 1386 1656 1382 1655 1383 1657 1386 1656 1383 1657 1385 1658 1385 1658 1383 1657 1384 1659 1385 1660 1384 1661 1397 1662 1397 1662 1384 1661 1388 1663 1397 1662 1388 1663 1396 1664 1396 1664 1388 1663 1389 1665 1396 1664 1389 1665 1395 1666 1395 1666 1389 1665 1390 1667 1395 1666 1390 1667 1394 1668 1394 1668 1390 1667 1391 1669 1394 1668 1391 1669 1393 1670 1393 1670 1391 1669 1392 1671 1393 1672 1392 1673 1403 1674 1403 1674 1392 1673 1398 1675 1403 1674 1398 1675 1402 1676 1402 1676 1398 1675 1399 1677 1402 1676 1399 1677 1401 1678 1401 1678 1399 1677 1400 1679 1401 1680 1400 1681 1413 1682 1413 1682 1400 1681 1404 1683 1413 1682 1404 1683 1412 1684 1412 1684 1404 1683 1405 1685 1412 1684 1405 1685 1411 1686 1411 1686 1405 1685 1406 1687 1411 1686 1406 1687 1410 1688 1410 1688 1406 1687 1407 1689 1410 1688 1407 1689 1409 1690 1409 1690 1407 1689 1408 1691 1409 1692 1408 1693 1419 1694 1419 1694 1408 1693 1414 1695 1419 1694 1414 1695 1418 1696 1418 1696 1414 1695 1415 1697 1418 1696 1415 1697 1417 1698 1417 1698 1415 1697 1416 1699 1417 1700 1416 1701 1429 1702 1429 1702 1416 1701 1420 1703 1429 1702 1420 1703 1428 1704 1428 1704 1420 1703 1421 1705 1428 1704 1421 1705 1427 1706 1427 1706 1421 1705 1422 1707 1427 1706 1422 1707 1426 1708 1426 1708 1422 1707 1423 1709 1426 1708 1423 1709 1425 1710 1425 1710 1423 1709 1424 1711 1425 1712 1424 1713 1435 1714 1435 1714 1424 1713 1430 1715 1435 1714 1430 1715 1434 1716 1434 1716 1430 1715 1431 1717 1434 1716 1431 1717 1433 1718 1433 1718 1431 1717 1432 1719 1433 1720 1432 1721 1445 1722 1445 1722 1432 1721 1436 1723 1445 1722 1436 1723 1444 1724 1444 1724 1436 1723 1437 1725 1444 1724 1437 1725 1443 1726 1443 1726 1437 1725 1438 1727 1443 1726 1438 1727 1442 1728 1442 1728 1438 1727 1439 1729 1442 1728 1439 1729 1441 1730 1441 1730 1439 1729 1440 1731 1441 1732 1440 1733 1451 1734 1451 1734 1440 1733 1446 1735 1451 1734 1446 1735 1450 1736 1450 1736 1446 1735 1447 1737 1450 1736 1447 1737 1449 1738 1449 1738 1447 1737 1448 1739 1449 1740 1448 1741 1461 1742 1461 1742 1448 1741 1452 1743 1461 1742 1452 1743 1460 1744 1460 1744 1452 1743 1453 1745 1460 1744 1453 1745 1459 1746 1459 1746 1453 1745 1454 1747 1459 1746 1454 1747 1458 1748 1458 1748 1454 1747 1455 1749 1458 1748 1455 1749 1457 1750 1457 1750 1455 1749 1456 1751 1457 1752 1456 1753 1467 1754 1467 1754 1456 1753 1462 1755 1467 1754 1462 1755 1466 1756 1466 1756 1462 1755 1463 1757 1466 1756 1463 1757 1465 1758 1465 1758 1463 1757 1464 1759 1465 1760 1464 1761 1475 1762 1475 1762 1464 1761 1468 1763 1475 1762 1468 1763 1474 1764 1474 1764 1468 1763 1469 1765 1474 1764 1469 1765 1473 1766 1473 1766 1469 1765 1470 1767 1473 1766 1470 1767 1472 1768 1472 1768 1470 1767 1471 1769 1472 1768 1471 1769 444 1770 444 1770 1471 1769 445 1771 442 1772 230 1773 443 1774 443 1774 230 1773 945 1775 443 1774 945 1775 968 1776 968 1776 945 1775 969 1777 969 1777 945 1775 957 1778 969 1777 957 1778 970 1779 970 1779 957 1778 956 1780 970 1779 956 1780 971 1781 971 1781 956 1780 955 1782 971 1781 955 1782 954 1783 442 1772 441 1784 230 1773 230 1773 441 1784 440 1785 230 1773 440 1785 231 1786 231 1786 440 1785 232 1787 232 1787 440 1785 233 1788 233 1788 440 1785 972 1789 233 1788 972 1789 234 1790 234 1790 972 1789 235 1791 235 1791 972 1789 236 1792 236 1792 972 1789 979 1793 236 1792 979 1793 978 1794 1476 1795 51 1796 440 1785 440 1785 51 1796 50 1797 440 1785 50 1797 49 1798 1477 1799 30 1800 1476 1795 1476 1795 30 1800 59 1801 1476 1795 59 1801 58 1802 972 1789 39 1803 1477 1799 1477 1799 39 1803 38 1804 1477 1799 38 1804 37 1805 978 1794 977 1806 236 1792 236 1792 977 1806 1001 1807 236 1792 1001 1807 237 1808 237 1808 1001 1807 1011 1809 237 1808 1011 1809 1010 1810 977 1806 989 1811 1001 1807 1001 1807 989 1811 988 1812 1001 1807 988 1812 1002 1813 1002 1813 988 1812 987 1814 1002 1813 987 1814 1003 1815 1003 1815 987 1814 986 1816 1003 1815 986 1816 1004 1817 1004 1817 986 1816 1005 1818 1005 1818 986 1816 995 1819 1005 1818 995 1819 994 1820 986 1816 985 1821 995 1819 994 1820 993 1822 1005 1818 1010 1810 1009 1823 237 1808 237 1808 1009 1823 238 1824 238 1824 1009 1823 1033 1825 238 1824 1033 1825 1043 1826 1009 1823 1021 1827 1033 1825 1033 1825 1021 1827 1020 1828 1033 1825 1020 1828 1034 1829 1034 1829 1020 1828 1019 1830 1034 1829 1019 1830 1035 1831 1035 1831 1019 1830 1018 1832 1035 1831 1018 1832 1036 1833 1036 1833 1018 1832 1037 1834 1037 1834 1018 1832 1027 1835 1037 1834 1027 1835 1026 1836 1018 1832 1017 1837 1027 1835 1026 1836 1025 1838 1037 1834 1043 1826 1042 1839 238 1824 238 1824 1042 1839 239 1840 239 1840 1042 1839 1041 1841 239 1840 1041 1841 1065 1842 1065 1842 1041 1841 1053 1843 1065 1842 1053 1843 1052 1844 1065 1842 1052 1844 1066 1845 1066 1845 1052 1844 1051 1846 1066 1845 1051 1846 1067 1847 1067 1847 1051 1846 1050 1848 1067 1847 1050 1848 1068 1849 1068 1849 1050 1848 1069 1850 1069 1850 1050 1848 1059 1851 1069 1850 1059 1851 1058 1852 1050 1848 1049 1853 1059 1851 1058 1852 1057 1854 1069 1850 1065 1842 1075 1855 239 1840 239 1840 1075 1855 1074 1856 239 1840 1074 1856 240 1857 240 1857 1074 1856 1073 1858 240 1857 1073 1858 1097 1859 1097 1859 1073 1858 1085 1860 1097 1859 1085 1860 1084 1861 1097 1859 1084 1861 1098 1862 1098 1862 1084 1861 1083 1863 1098 1862 1083 1863 1099 1864 1099 1864 1083 1863 1082 1865 1099 1864 1082 1865 1100 1866 1100 1866 1082 1865 1101 1867 1101 1867 1082 1865 1091 1868 1101 1867 1091 1868 1090 1869 1082 1865 1081 1870 1091 1868 1090 1869 1089 1871 1101 1867 1097 1859 1107 1872 240 1857 240 1857 1107 1872 1106 1873 240 1857 1106 1873 1105 1874 240 1857 1105 1874 1129 1875 1129 1875 1105 1874 1117 1876 1129 1875 1117 1876 1116 1877 1129 1875 1116 1877 1130 1878 1130 1878 1116 1877 1115 1879 1130 1878 1115 1879 1131 1880 1131 1880 1115 1879 1132 1881 1132 1881 1115 1879 1114 1882 1132 1881 1114 1882 1133 1883 1133 1883 1114 1882 1123 1884 1133 1883 1123 1884 1122 1885 1114 1882 1113 1886 1123 1884 1122 1885 1121 1887 1133 1883 240 1857 1129 1875 241 1888 241 1888 1129 1875 1139 1889 241 1888 1139 1889 1138 1890 1138 1890 1137 1891 241 1888 241 1888 1137 1891 1161 1892 241 1888 1161 1892 1171 1893 1137 1891 1149 1894 1161 1892 1161 1892 1149 1894 1162 1895 1162 1895 1149 1894 1148 1896 1162 1895 1148 1896 1163 1897 1163 1897 1148 1896 1147 1898 1163 1897 1147 1898 1164 1899 1164 1899 1147 1898 1146 1900 1164 1899 1146 1900 1165 1901 1165 1901 1146 1900 1155 1902 1165 1901 1155 1902 1154 1903 1146 1900 1145 1904 1155 1902 1154 1903 1153 1905 1165 1901 1171 1893 1170 1906 241 1888 241 1888 1170 1906 1169 1907 241 1888 1169 1907 1193 1908 1193 1908 1169 1907 1181 1909 1193 1908 1181 1909 1194 1910 1194 1910 1181 1909 1180 1911 1194 1910 1180 1911 1195 1912 1195 1912 1180 1911 1179 1913 1195 1912 1179 1913 1196 1914 1196 1914 1179 1913 1178 1915 1196 1914 1178 1915 1197 1916 1197 1916 1178 1915 1187 1917 1197 1916 1187 1917 1186 1918 1178 1915 1177 1919 1187 1917 1186 1918 1185 1920 1197 1916 1193 1908 1203 1921 241 1888 241 1888 1203 1921 1202 1922 241 1888 1202 1922 1201 1923 241 1888 1201 1923 344 1924 344 1924 1201 1923 1213 1925 344 1924 1213 1925 345 1926 345 1926 1213 1925 1212 1927 345 1926 1212 1927 346 1928 346 1928 1212 1927 1211 1929 346 1928 1211 1929 347 1930 347 1930 1211 1929 1210 1931 347 1930 1210 1931 348 1932 348 1932 1210 1931 1217 1933 348 1932 1217 1933 1216 1934 1210 1931 1209 1935 1217 1933 1216 1934 349 1936 348 1932 344 1924 1223 1937 241 1888 241 1888 1223 1937 1222 1938 241 1888 1222 1938 1221 1939 1233 1940 333 1941 1221 1939 1221 1939 333 1941 332 1942 1221 1939 332 1942 242 1943 242 1943 332 1942 1243 1944 242 1943 1243 1944 1242 1945 333 1941 1233 1940 334 1946 334 1946 1233 1940 1232 1947 334 1946 1232 1947 335 1948 335 1948 1232 1947 1231 1949 335 1948 1231 1949 336 1950 336 1950 1231 1949 1230 1951 336 1950 1230 1951 1236 1952 1236 1952 1230 1951 1237 1953 1237 1953 1230 1951 1229 1954 1236 1952 337 1955 336 1950 1242 1945 1241 1956 242 1943 242 1943 1241 1956 320 1957 242 1943 320 1957 1263 1958 320 1957 1241 1956 321 1959 321 1959 1241 1956 1253 1960 321 1959 1253 1960 322 1961 322 1961 1253 1960 1252 1962 322 1961 1252 1962 323 1963 323 1963 1252 1962 1251 1964 323 1963 1251 1964 324 1965 324 1965 1251 1964 1250 1966 324 1965 1250 1966 1256 1967 1256 1967 1250 1966 1257 1968 1257 1968 1250 1966 1249 1969 1256 1967 325 1970 324 1965 1263 1958 1262 1971 242 1943 242 1943 1262 1971 1261 1972 242 1943 1261 1972 308 1973 308 1973 1261 1972 309 1974 309 1974 1261 1972 1273 1975 309 1974 1273 1975 310 1976 310 1976 1273 1975 1272 1977 310 1976 1272 1977 311 1978 311 1978 1272 1977 1271 1979 311 1978 1271 1979 312 1980 312 1980 1271 1979 1270 1981 312 1980 1270 1981 1276 1982 1276 1982 1270 1981 1277 1983 1277 1983 1270 1981 1269 1984 1276 1982 313 1985 312 1980 308 1973 1283 1986 242 1943 242 1943 1283 1986 1282 1987 242 1943 1282 1987 1281 1988 1293 1989 297 1990 1281 1988 1281 1988 297 1990 296 1991 1281 1988 296 1991 242 1943 242 1943 296 1991 1303 1992 242 1943 1303 1992 1302 1993 297 1990 1293 1989 298 1994 298 1994 1293 1989 1292 1995 298 1994 1292 1995 299 1996 299 1996 1292 1995 1291 1997 299 1996 1291 1997 300 1998 300 1998 1291 1997 1290 1999 300 1998 1290 1999 1296 2000 1296 2000 1290 1999 1297 2001 1297 2001 1290 1999 1289 2002 1296 2000 301 2003 300 1998 1302 1993 1301 2004 242 1943 242 1943 1301 2004 243 2005 243 2005 1301 2004 284 2006 243 2005 284 2006 1323 2007 1313 2008 286 2009 1301 2004 1301 2004 286 2009 285 2010 1301 2004 285 2010 284 2006 286 2009 1313 2008 287 2011 287 2011 1313 2008 1312 2012 287 2011 1312 2012 1311 2013 287 2011 1311 2013 288 2014 288 2014 1311 2013 1310 2015 288 2014 1310 2015 1316 2016 1316 2016 1310 2015 1317 2017 1317 2017 1310 2015 1309 2018 1316 2016 289 2019 288 2014 1323 2007 1322 2020 243 2005 243 2005 1322 2020 1321 2021 243 2005 1321 2021 1345 2022 1345 2022 1321 2021 1346 2023 1346 2023 1321 2021 1347 2024 1347 2024 1321 2021 1333 2025 1347 2024 1333 2025 1348 2026 1348 2026 1333 2025 1332 2027 1348 2026 1332 2027 1349 2028 1349 2028 1332 2027 1331 2029 1349 2028 1331 2029 1330 2030 1329 2031 1339 2032 1330 2030 1330 2030 1339 2032 1338 2033 1330 2030 1338 2033 1349 2028 1349 2028 1338 2033 1337 2034 1345 2022 1355 2035 243 2005 243 2005 1355 2035 244 2036 244 2036 1355 2035 1354 2037 244 2036 1354 2037 1353 2038 1365 2039 1379 2040 1353 2038 1353 2038 1379 2040 1378 2041 1353 2038 1378 2041 1377 2042 1379 2040 1365 2039 1380 2043 1380 2043 1365 2039 1364 2044 1380 2043 1364 2044 1381 2045 1381 2045 1364 2044 1363 2046 1381 2045 1363 2046 1362 2047 1361 2048 1371 2049 1362 2047 1362 2047 1371 2049 1370 2050 1362 2047 1370 2050 1381 2045 1381 2045 1370 2050 1369 2051 1353 2038 1377 2042 244 2036 244 2036 1377 2042 1387 2052 244 2036 1387 2052 245 2053 245 2053 1387 2052 1386 2054 245 2053 1386 2054 1385 2055 1397 2056 1411 2057 1385 2055 1385 2055 1411 2057 1410 2058 1385 2055 1410 2058 1409 2059 1411 2057 1397 2056 1412 2060 1412 2060 1397 2056 1396 2061 1412 2060 1396 2061 1413 2062 1413 2062 1396 2061 1395 2063 1413 2062 1395 2063 1394 2064 1393 2065 1403 2066 1394 2064 1394 2064 1403 2066 1402 2067 1394 2064 1402 2067 1413 2062 1413 2062 1402 2067 1401 2068 1419 2069 246 2070 1409 2059 1409 2059 246 2070 245 2053 1409 2059 245 2053 1385 2055 1419 2069 1418 2071 246 2070 246 2070 1418 2071 1417 2072 246 2070 1417 2072 247 2073 247 2073 1417 2072 1441 2074 247 2073 1441 2074 1451 2075 1429 2076 1443 2077 1417 2072 1417 2072 1443 2077 1442 2078 1417 2072 1442 2078 1441 2074 1443 2077 1429 2076 1444 2079 1444 2079 1429 2076 1428 2080 1444 2079 1428 2080 1445 2081 1445 2081 1428 2080 1427 2082 1445 2081 1427 2082 1426 2083 1425 2084 1435 2085 1426 2083 1426 2083 1435 2085 1434 2086 1426 2083 1434 2086 1445 2081 1445 2081 1434 2086 1433 2087 1451 2075 1450 2088 247 2073 247 2073 1450 2088 248 2089 248 2089 1450 2088 1449 2090 248 2089 1449 2090 444 2091 444 2091 1449 2090 1472 2092 1472 2092 1449 2090 1473 2093 1473 2093 1449 2090 1461 2094 1473 2093 1461 2094 1474 2095 1474 2095 1461 2094 1460 2096 1474 2095 1460 2096 1459 2097 1474 2095 1459 2097 1475 2098 1475 2098 1459 2097 1458 2099 1475 2098 1458 2099 1466 2100 1466 2100 1458 2099 1467 2101 1467 2101 1458 2099 1457 2102 1466 2100 1465 2103 1475 2098 248 2089 444 2091 249 2104 249 2104 444 2091 451 2105 249 2104 451 2105 450 2106 450 2106 449 2107 249 2104 249 2104 449 2107 216 2108 216 2108 449 2107 465 2109 216 2108 465 2109 217 2110 217 2110 465 2109 475 2111 217 2110 475 2111 474 2112 465 2109 449 2107 466 2113 466 2113 449 2107 459 2114 466 2113 459 2114 458 2115 466 2113 458 2115 467 2116 467 2116 458 2115 457 2117 467 2116 457 2117 468 2118 468 2118 457 2117 469 2119 469 2119 457 2117 456 2120 469 2119 456 2120 429 2121 429 2121 456 2120 430 2122 430 2122 456 2120 431 2123 429 2121 428 2124 469 2119 474 2112 473 2125 217 2110 217 2110 473 2125 218 2126 218 2126 473 2125 497 2127 218 2126 497 2127 507 2128 473 2125 485 2129 497 2127 497 2127 485 2129 484 2130 497 2127 484 2130 498 2131 498 2131 484 2130 483 2132 498 2131 483 2132 499 2133 499 2133 483 2132 500 2134 500 2134 483 2132 482 2135 500 2134 482 2135 501 2136 501 2136 482 2135 491 2137 501 2136 491 2137 490 2138 482 2135 481 2139 491 2137 490 2138 489 2140 501 2136 218 2126 507 2128 219 2141 219 2141 507 2128 506 2142 219 2141 506 2142 505 2143 219 2141 505 2143 529 2144 529 2144 505 2143 517 2145 529 2144 517 2145 516 2146 529 2144 516 2146 530 2147 530 2147 516 2146 515 2148 530 2147 515 2148 531 2149 531 2149 515 2148 514 2150 531 2149 514 2150 532 2151 532 2151 514 2150 533 2152 533 2152 514 2150 523 2153 533 2152 523 2153 522 2154 514 2150 513 2155 523 2153 522 2154 521 2156 533 2152 219 2141 529 2144 220 2157 220 2157 529 2144 539 2158 220 2157 539 2158 538 2159 538 2159 537 2160 220 2157 220 2157 537 2160 221 2161 221 2161 537 2160 561 2162 221 2161 561 2162 571 2163 537 2160 549 2164 561 2162 561 2162 549 2164 548 2165 561 2162 548 2165 562 2166 562 2166 548 2165 547 2167 562 2166 547 2167 563 2168 563 2168 547 2167 546 2169 563 2168 546 2169 564 2170 564 2170 546 2169 565 2171 565 2171 546 2169 555 2172 565 2171 555 2172 554 2173 546 2169 545 2174 555 2172 554 2173 553 2175 565 2171 571 2163 570 2176 221 2161 221 2161 570 2176 222 2177 222 2177 570 2176 569 2178 222 2177 569 2178 593 2179 593 2179 569 2178 581 2180 593 2179 581 2180 580 2181 593 2179 580 2181 594 2182 594 2182 580 2181 579 2183 594 2182 579 2183 595 2184 595 2184 579 2183 578 2185 595 2184 578 2185 596 2186 596 2186 578 2185 597 2187 597 2187 578 2185 587 2188 597 2187 587 2188 586 2189 578 2185 577 2190 587 2188 586 2189 585 2191 597 2187 593 2179 603 2192 222 2177 222 2177 603 2192 602 2193 222 2177 602 2193 223 2194 223 2194 602 2193 601 2195 223 2194 601 2195 625 2196 625 2196 601 2195 613 2197 625 2196 613 2197 612 2198 625 2196 612 2198 626 2199 626 2199 612 2198 611 2200 626 2199 611 2200 627 2201 627 2201 611 2200 610 2202 627 2201 610 2202 628 2203 628 2203 610 2202 629 2204 629 2204 610 2202 619 2205 629 2204 619 2205 618 2206 610 2202 609 2207 619 2205 618 2206 617 2208 629 2204 625 2196 633 2209 223 2194 223 2194 633 2209 632 2210 223 2194 632 2210 421 2211 223 2194 421 2211 645 2212 645 2212 421 2211 420 2213 645 2212 420 2213 419 2214 645 2212 419 2214 646 2215 646 2215 419 2214 418 2216 646 2215 418 2216 647 2217 647 2217 418 2216 648 2218 648 2218 418 2216 417 2219 648 2218 417 2219 649 2220 649 2220 417 2219 639 2221 649 2220 639 2221 638 2222 417 2219 416 2223 639 2221 638 2222 637 2224 649 2220 223 2194 645 2212 224 2225 224 2225 645 2212 653 2226 224 2225 653 2226 652 2227 652 2227 409 2228 224 2225 224 2225 409 2228 665 2229 224 2225 665 2229 673 2230 409 2228 408 2231 665 2229 665 2229 408 2231 666 2232 666 2232 408 2231 407 2233 666 2232 407 2233 667 2234 667 2234 407 2233 406 2235 667 2234 406 2235 668 2236 668 2236 406 2235 405 2237 668 2236 405 2237 669 2238 669 2238 405 2237 659 2239 669 2238 659 2239 658 2240 405 2237 404 2241 659 2239 658 2240 657 2242 669 2238 673 2230 672 2243 224 2225 224 2225 672 2243 397 2244 224 2225 397 2244 685 2245 685 2245 397 2244 396 2246 685 2245 396 2246 686 2247 686 2247 396 2246 395 2248 686 2247 395 2248 687 2249 687 2249 395 2248 394 2250 687 2249 394 2250 688 2251 688 2251 394 2250 393 2252 688 2251 393 2252 689 2253 689 2253 393 2252 679 2254 689 2253 679 2254 678 2255 393 2252 392 2256 679 2254 678 2255 677 2257 689 2253 685 2245 693 2258 224 2225 224 2225 693 2258 692 2259 224 2225 692 2259 385 2260 224 2225 385 2260 705 2261 705 2261 385 2260 384 2262 705 2261 384 2262 706 2263 706 2263 384 2262 383 2264 706 2263 383 2264 707 2265 707 2265 383 2264 382 2266 707 2265 382 2266 708 2267 708 2267 382 2266 381 2268 708 2267 381 2268 709 2269 709 2269 381 2268 699 2270 709 2269 699 2270 698 2271 381 2268 380 2272 699 2270 698 2271 697 2273 709 2269 705 2261 713 2274 224 2225 224 2225 713 2274 712 2275 224 2225 712 2275 373 2276 372 2277 726 2278 373 2276 373 2276 726 2278 725 2279 373 2276 725 2279 224 2225 224 2225 725 2279 225 2280 225 2280 725 2279 733 2281 225 2280 733 2281 732 2282 726 2278 372 2277 727 2283 727 2283 372 2277 371 2284 727 2283 371 2284 728 2285 728 2285 371 2284 370 2286 728 2285 370 2286 729 2287 729 2287 370 2286 369 2288 729 2287 369 2288 718 2289 718 2289 369 2288 719 2290 719 2290 369 2288 368 2291 718 2289 717 2292 729 2287 732 2282 361 2293 225 2280 225 2280 361 2293 745 2294 225 2280 745 2294 755 2295 745 2294 361 2293 746 2296 746 2296 361 2293 360 2297 746 2296 360 2297 747 2298 747 2298 360 2297 359 2299 747 2298 359 2299 748 2300 748 2300 359 2299 358 2301 748 2300 358 2301 749 2302 749 2302 358 2301 357 2303 749 2302 357 2303 738 2304 738 2304 357 2303 739 2305 739 2305 357 2303 356 2306 738 2304 737 2307 749 2302 755 2295 754 2308 225 2280 225 2280 754 2308 753 2309 225 2280 753 2309 777 2310 777 2310 753 2309 778 2311 778 2311 753 2309 765 2312 778 2311 765 2312 779 2313 779 2313 765 2312 764 2314 779 2313 764 2314 780 2315 780 2315 764 2314 763 2316 780 2315 763 2316 781 2317 781 2317 763 2316 762 2318 781 2317 762 2318 770 2319 770 2319 762 2318 771 2320 771 2320 762 2318 761 2321 770 2319 769 2322 781 2317 777 2310 787 2323 225 2280 225 2280 787 2323 786 2324 225 2280 786 2324 785 2325 797 2326 810 2327 785 2325 785 2325 810 2327 809 2328 785 2325 809 2328 225 2280 225 2280 809 2328 819 2329 225 2280 819 2329 818 2330 810 2327 797 2326 811 2331 811 2331 797 2326 796 2332 811 2331 796 2332 812 2333 812 2333 796 2332 795 2334 812 2333 795 2334 813 2335 813 2335 795 2334 794 2336 813 2335 794 2336 802 2337 802 2337 794 2336 803 2338 803 2338 794 2336 793 2339 802 2337 801 2340 813 2335 818 2330 817 2341 225 2280 225 2280 817 2341 226 2342 226 2342 817 2341 841 2343 226 2342 841 2343 851 2344 829 2345 843 2346 817 2341 817 2341 843 2346 842 2347 817 2341 842 2347 841 2343 843 2346 829 2345 844 2348 844 2348 829 2345 828 2349 844 2348 828 2349 827 2350 844 2348 827 2350 845 2351 845 2351 827 2350 826 2352 845 2351 826 2352 834 2353 834 2353 826 2352 835 2354 835 2354 826 2352 825 2355 834 2353 833 2356 845 2351 851 2344 850 2357 226 2342 226 2342 850 2357 849 2358 226 2342 849 2358 873 2359 873 2359 849 2358 874 2360 874 2360 849 2358 875 2361 875 2361 849 2358 861 2362 875 2361 861 2362 876 2363 876 2363 861 2362 860 2364 876 2363 860 2364 877 2365 877 2365 860 2364 859 2366 877 2365 859 2366 858 2367 857 2368 867 2369 858 2367 858 2367 867 2369 866 2370 858 2367 866 2370 877 2365 877 2365 866 2370 865 2371 873 2359 883 2372 226 2342 226 2342 883 2372 227 2373 227 2373 883 2372 882 2374 227 2373 882 2374 881 2375 893 2376 907 2377 881 2375 881 2375 907 2377 906 2378 881 2375 906 2378 905 2379 907 2377 893 2376 908 2380 908 2380 893 2376 892 2381 908 2380 892 2381 909 2382 909 2382 892 2381 891 2383 909 2382 891 2383 890 2384 889 2385 899 2386 890 2384 890 2384 899 2386 898 2387 890 2384 898 2387 909 2382 909 2382 898 2387 897 2388 881 2375 905 2379 227 2373 227 2373 905 2379 915 2389 227 2373 915 2389 228 2390 228 2390 915 2389 914 2391 228 2390 914 2391 913 2392 925 2393 939 2394 913 2392 913 2392 939 2394 938 2395 913 2392 938 2395 937 2396 939 2394 925 2393 940 2397 940 2397 925 2393 924 2398 940 2397 924 2398 941 2399 941 2399 924 2398 923 2400 941 2399 923 2400 922 2401 921 2402 931 2403 922 2401 922 2401 931 2403 930 2404 922 2401 930 2404 941 2399 941 2399 930 2404 929 2405 947 2406 229 2407 937 2396 937 2396 229 2407 228 2390 937 2396 228 2390 913 2392 947 2406 946 2408 229 2407 229 2407 946 2408 945 1775 229 2407 945 1775 230 1773 953 2409 963 2410 954 1783 954 1783 963 2410 962 2411 954 1783 962 2411 971 1781 971 1781 962 2411 961 2412 242 1943 241 1888 1221 1939 58 1802 57 2413 1476 1795 1476 1795 57 2413 56 2414 1476 1795 56 2414 55 2415 55 2415 54 2416 1476 1795 1476 1795 54 2416 53 2417 1476 1795 53 2417 52 2418 52 2418 51 1796 1476 1795 49 1798 48 2419 440 1785 440 1785 48 2419 47 2420 440 1785 47 2420 46 2421 46 2421 45 2422 440 1785 440 1785 45 2422 972 1789 45 2422 44 2423 972 1789 972 1789 44 2423 43 2424 972 1789 43 2424 42 2425 42 2425 41 2426 972 1789 972 1789 41 2426 40 2427 972 1789 40 2427 39 1803 37 1805 36 2428 1477 1799 1477 1799 36 2428 35 2429 1477 1799 35 2429 34 2430 34 2430 33 2431 1477 1799 1477 1799 33 2431 32 2432 1477 1799 32 2432 31 2433 31 2433 30 1800 1477 1799 439 2434 9 2435 1478 2436 1478 2436 9 2435 8 2437 1478 2436 8 2437 7 2438 438 2439 174 2440 439 2434 439 2434 174 2440 173 2441 439 2434 173 2441 172 2442 438 2439 437 2443 174 2440 174 2440 437 2443 436 2444 174 2440 436 2444 175 2445 175 2445 436 2444 944 2446 175 2445 944 2446 176 2447 176 2447 944 2446 943 2448 176 2447 943 2448 942 2449 436 2444 967 2450 944 2446 944 2446 967 2450 966 2451 944 2446 966 2451 948 2452 948 2452 966 2451 965 2453 948 2452 965 2453 949 2454 949 2454 965 2453 964 2455 949 2454 964 2455 950 2456 950 2456 964 2455 951 2457 951 2457 964 2455 959 2458 951 2457 959 2458 958 2459 964 2455 960 2460 959 2458 958 2459 952 2461 951 2457 942 2449 936 2462 176 2447 176 2447 936 2462 177 2463 177 2463 936 2462 912 2464 177 2463 912 2464 911 2465 936 2462 935 2466 912 2464 912 2464 935 2466 934 2467 912 2464 934 2467 916 2468 916 2468 934 2467 933 2469 916 2468 933 2469 917 2470 917 2470 933 2469 932 2471 917 2470 932 2471 918 2472 918 2472 932 2471 919 2473 919 2473 932 2471 927 2474 919 2473 927 2474 926 2475 932 2471 928 2476 927 2474 926 2475 920 2477 919 2473 911 2465 910 2478 177 2463 177 2463 910 2478 178 2479 178 2479 910 2478 904 2480 178 2479 904 2480 880 2481 880 2481 904 2480 903 2482 880 2481 903 2482 902 2483 880 2481 902 2483 884 2484 884 2484 902 2483 901 2485 884 2484 901 2485 885 2486 885 2486 901 2485 900 2487 885 2486 900 2487 886 2488 886 2488 900 2487 887 2489 887 2489 900 2487 895 2490 887 2489 895 2490 894 2491 900 2487 896 2492 895 2490 894 2491 888 2493 887 2489 178 2479 880 2481 179 2494 179 2494 880 2481 879 2495 179 2494 879 2495 878 2496 878 2496 872 2497 179 2494 179 2494 872 2497 848 2498 179 2494 848 2498 180 2499 180 2499 848 2498 847 2500 180 2499 847 2500 846 2501 872 2497 871 2502 848 2498 848 2498 871 2502 870 2503 848 2498 870 2503 852 2504 852 2504 870 2503 869 2505 852 2504 869 2505 853 2506 853 2506 869 2505 868 2507 853 2506 868 2507 854 2508 854 2508 868 2507 855 2509 855 2509 868 2507 863 2510 855 2509 863 2510 862 2511 868 2507 864 2512 863 2510 862 2511 856 2513 855 2509 846 2501 840 2514 180 2499 180 2499 840 2514 816 2515 180 2499 816 2515 181 2516 181 2516 816 2515 815 2517 181 2516 815 2517 814 2518 840 2514 839 2519 816 2515 816 2515 839 2519 838 2520 816 2515 838 2520 820 2521 820 2521 838 2520 837 2522 820 2521 837 2522 821 2523 821 2523 837 2522 822 2524 822 2524 837 2522 836 2525 822 2524 836 2525 823 2526 823 2526 836 2525 831 2527 823 2526 831 2527 830 2528 836 2525 832 2529 831 2527 830 2528 824 2530 823 2526 814 2518 808 2531 181 2516 181 2516 808 2531 784 2532 181 2516 784 2532 783 2533 808 2531 807 2534 784 2532 784 2532 807 2534 788 2535 788 2535 807 2534 806 2536 788 2535 806 2536 789 2537 789 2537 806 2536 805 2538 789 2537 805 2538 790 2539 790 2539 805 2538 804 2540 790 2539 804 2540 791 2541 791 2541 804 2540 799 2542 791 2541 799 2542 798 2543 804 2540 800 2544 799 2542 798 2543 792 2545 791 2541 783 2533 782 2546 181 2516 181 2516 782 2546 776 2547 181 2516 776 2547 182 2548 182 2548 776 2547 752 2549 182 2548 752 2549 751 2550 776 2547 775 2551 752 2549 752 2549 775 2551 756 2552 756 2552 775 2551 774 2553 756 2552 774 2553 757 2554 757 2554 774 2553 773 2555 757 2554 773 2555 758 2556 758 2556 773 2555 772 2557 758 2556 772 2557 759 2558 759 2558 772 2557 767 2559 759 2558 767 2559 766 2560 772 2557 768 2561 767 2559 766 2560 760 2562 759 2558 751 2550 750 2563 182 2548 182 2548 750 2563 744 2564 182 2548 744 2564 362 2565 362 2565 744 2564 743 2566 362 2565 743 2566 363 2567 363 2567 743 2566 742 2568 363 2567 742 2568 364 2569 364 2569 742 2568 741 2570 364 2569 741 2570 365 2571 365 2571 741 2570 740 2572 365 2571 740 2572 366 2573 366 2573 740 2572 735 2574 366 2573 735 2574 734 2575 740 2572 736 2576 735 2574 734 2575 367 2577 366 2573 362 2565 731 2578 182 2548 182 2548 731 2578 730 2579 182 2548 730 2579 724 2580 723 2581 375 2582 724 2580 724 2580 375 2582 374 2583 724 2580 374 2583 182 2548 182 2548 374 2583 711 2584 182 2548 711 2584 710 2585 375 2582 723 2581 376 2586 376 2586 723 2581 722 2587 376 2586 722 2587 377 2588 377 2588 722 2587 721 2589 377 2588 721 2589 378 2590 378 2590 721 2589 720 2591 378 2590 720 2591 714 2592 714 2592 720 2591 715 2593 715 2593 720 2591 716 2594 714 2592 379 2595 378 2590 710 2585 704 2596 182 2548 182 2548 704 2596 183 2597 183 2597 704 2596 386 2598 183 2597 386 2598 691 2599 386 2598 704 2596 387 2600 387 2600 704 2596 703 2601 387 2600 703 2601 388 2602 388 2602 703 2601 702 2603 388 2602 702 2603 389 2604 389 2604 702 2603 701 2605 389 2604 701 2605 390 2606 390 2606 701 2605 700 2607 390 2606 700 2607 694 2608 694 2608 700 2607 695 2609 695 2609 700 2607 696 2610 694 2608 391 2611 390 2606 691 2599 690 2612 183 2597 183 2597 690 2612 684 2613 183 2597 684 2613 398 2614 398 2614 684 2613 399 2615 399 2615 684 2613 683 2616 399 2615 683 2616 400 2617 400 2617 683 2616 682 2618 400 2617 682 2618 401 2619 401 2619 682 2618 681 2620 401 2619 681 2620 402 2621 402 2621 681 2620 680 2622 402 2621 680 2622 674 2623 674 2623 680 2622 675 2624 675 2624 680 2622 676 2625 674 2623 403 2626 402 2621 398 2614 671 2627 183 2597 183 2597 671 2627 670 2628 183 2597 670 2628 664 2629 663 2630 411 2631 664 2629 664 2629 411 2631 410 2632 664 2629 410 2632 183 2597 183 2597 410 2632 184 2633 184 2633 410 2632 651 2634 184 2633 651 2634 650 2635 411 2631 663 2630 412 2636 412 2636 663 2630 662 2637 412 2636 662 2637 413 2638 413 2638 662 2637 661 2639 413 2638 661 2639 414 2640 414 2640 661 2639 660 2641 414 2640 660 2641 654 2642 654 2642 660 2641 655 2643 655 2643 660 2641 656 2644 654 2642 415 2645 414 2640 650 2635 644 2646 184 2633 184 2633 644 2646 422 2647 184 2633 422 2647 631 2648 643 2649 424 2650 644 2646 644 2646 424 2650 423 2651 644 2646 423 2651 422 2647 424 2650 643 2649 425 2652 425 2652 643 2649 642 2653 425 2652 642 2653 641 2654 425 2652 641 2654 426 2655 426 2655 641 2654 640 2656 426 2655 640 2656 634 2657 634 2657 640 2656 635 2658 635 2658 640 2656 636 2659 634 2657 427 2660 426 2655 184 2633 631 2648 185 2661 185 2661 631 2648 630 2662 185 2661 630 2662 624 2663 623 2664 605 2665 624 2663 624 2663 605 2665 604 2666 624 2663 604 2666 600 2667 605 2665 623 2664 606 2668 606 2668 623 2664 622 2669 606 2668 622 2669 607 2670 607 2670 622 2669 621 2671 607 2670 621 2671 620 2672 616 2673 615 2674 620 2672 620 2672 615 2674 614 2675 620 2672 614 2675 607 2670 607 2670 614 2675 608 2676 624 2663 600 2667 185 2661 185 2661 600 2667 599 2677 185 2661 599 2677 186 2678 186 2678 599 2677 598 2679 186 2678 598 2679 592 2680 591 2681 573 2682 592 2680 592 2680 573 2682 572 2683 592 2680 572 2683 568 2684 573 2682 591 2681 574 2685 574 2685 591 2681 590 2686 574 2685 590 2686 575 2687 575 2687 590 2686 589 2688 575 2687 589 2688 588 2689 584 2690 583 2691 588 2689 588 2689 583 2691 582 2692 588 2689 582 2692 575 2687 575 2687 582 2692 576 2693 567 2694 187 2695 568 2684 568 2684 187 2695 186 2678 568 2684 186 2678 592 2680 567 2694 566 2696 187 2695 187 2695 566 2696 560 2697 187 2695 560 2697 188 2698 188 2698 560 2697 536 2699 188 2698 536 2699 535 2700 559 2701 541 2702 560 2697 560 2697 541 2702 540 2703 560 2697 540 2703 536 2699 541 2702 559 2701 542 2704 542 2704 559 2701 558 2705 542 2704 558 2705 543 2706 543 2706 558 2705 557 2707 543 2706 557 2707 556 2708 552 2709 551 2710 556 2708 556 2708 551 2710 550 2711 556 2708 550 2711 543 2706 543 2706 550 2711 544 2712 188 2698 535 2700 189 2713 189 2713 535 2700 534 2714 189 2713 534 2714 528 2715 527 2716 509 2717 528 2715 528 2715 509 2717 508 2718 528 2715 508 2718 504 2719 509 2717 527 2716 510 2720 510 2720 527 2716 526 2721 510 2720 526 2721 511 2722 511 2722 526 2721 525 2723 511 2722 525 2723 524 2724 520 2725 519 2726 524 2724 524 2724 519 2726 518 2727 524 2724 518 2727 511 2722 511 2722 518 2727 512 2728 528 2715 504 2719 190 2729 190 2729 504 2719 503 2730 190 2729 503 2730 502 2731 190 2729 502 2731 191 2732 191 2732 502 2731 496 2733 191 2732 496 2733 472 2734 472 2734 496 2733 476 2735 476 2735 496 2733 477 2736 477 2736 496 2733 495 2737 477 2736 495 2737 478 2738 478 2738 495 2737 494 2739 478 2738 494 2739 493 2740 478 2738 493 2740 479 2741 479 2741 493 2740 492 2742 479 2741 492 2742 486 2743 486 2743 492 2742 487 2744 487 2744 492 2742 488 2745 486 2743 480 2746 479 2741 191 2732 472 2734 192 2747 192 2747 472 2734 471 2748 192 2747 471 2748 470 2749 192 2747 470 2749 193 2750 193 2750 470 2749 464 2751 193 2750 464 2751 448 2752 448 2752 464 2751 463 2753 448 2752 463 2753 452 2754 452 2754 463 2753 462 2755 452 2754 462 2755 453 2756 453 2756 462 2755 454 2757 454 2757 462 2755 461 2758 454 2757 461 2758 460 2759 435 2760 434 2761 460 2759 460 2759 434 2761 455 2762 460 2759 455 2762 454 2757 434 2761 433 2763 455 2762 455 2762 433 2763 432 2764 193 2750 448 2752 194 2765 194 2765 448 2752 447 2766 194 2765 447 2766 195 2767 195 2767 447 2766 446 2768 195 2767 446 2768 445 2769 1471 2770 1448 2771 445 2769 445 2769 1448 2771 196 2772 445 2769 196 2772 195 2767 1471 2770 1470 2773 1448 2771 1448 2771 1470 2773 1452 2774 1452 2774 1470 2773 1469 2775 1452 2774 1469 2775 1453 2776 1453 2776 1469 2775 1454 2777 1454 2777 1469 2775 1468 2778 1454 2777 1468 2778 1455 2779 1455 2779 1468 2778 1463 2780 1455 2779 1463 2780 1462 2781 1468 2778 1464 2782 1463 2780 1462 2781 1456 2783 1455 2779 1448 2771 1447 2784 196 2772 196 2772 1447 2784 197 2785 197 2785 1447 2784 1446 2786 197 2785 1446 2786 1440 2787 197 2785 1440 2787 1416 2788 1416 2788 1440 2787 1439 2789 1416 2788 1439 2789 1438 2790 1416 2788 1438 2790 1420 2791 1420 2791 1438 2790 1437 2792 1420 2791 1437 2792 1421 2793 1421 2793 1437 2792 1436 2794 1421 2793 1436 2794 1422 2795 1422 2795 1436 2794 1423 2796 1423 2796 1436 2794 1431 2797 1423 2796 1431 2797 1430 2798 1436 2794 1432 2799 1431 2797 1430 2798 1424 2800 1423 2796 197 2785 1416 2788 198 2801 198 2801 1416 2788 1415 2802 198 2801 1415 2802 1414 2803 198 2801 1414 2803 199 2804 199 2804 1414 2803 1408 2805 199 2804 1408 2805 1384 2806 1384 2806 1408 2805 1407 2807 1384 2806 1407 2807 1406 2808 1384 2806 1406 2808 1388 2809 1388 2809 1406 2808 1405 2810 1388 2809 1405 2810 1389 2811 1389 2811 1405 2810 1404 2812 1389 2811 1404 2812 1390 2813 1390 2813 1404 2812 1391 2814 1391 2814 1404 2812 1399 2815 1391 2814 1399 2815 1398 2816 1404 2812 1400 2817 1399 2815 1398 2816 1392 2818 1391 2814 199 2804 1384 2806 200 2819 200 2819 1384 2806 1383 2820 200 2819 1383 2820 1382 2821 1382 2821 1376 2822 200 2819 200 2819 1376 2822 201 2823 201 2823 1376 2822 1352 2824 201 2823 1352 2824 1351 2825 1376 2822 1375 2826 1352 2824 1352 2824 1375 2826 1374 2827 1352 2824 1374 2827 1356 2828 1356 2828 1374 2827 1373 2829 1356 2828 1373 2829 1357 2830 1357 2830 1373 2829 1372 2831 1357 2830 1372 2831 1358 2832 1358 2832 1372 2831 1359 2833 1359 2833 1372 2831 1367 2834 1359 2833 1367 2834 1366 2835 1372 2831 1368 2836 1367 2834 1366 2835 1360 2837 1359 2833 1351 2825 1350 2838 201 2823 201 2823 1350 2838 202 2839 202 2839 1350 2838 1344 2840 202 2839 1344 2840 1320 2841 1320 2841 1344 2840 1343 2842 1320 2841 1343 2842 1342 2843 1320 2841 1342 2843 1324 2844 1324 2844 1342 2843 1341 2845 1324 2844 1341 2845 1325 2846 1325 2846 1341 2845 1340 2847 1325 2846 1340 2847 1326 2848 1326 2848 1340 2847 1327 2849 1327 2849 1340 2847 1335 2850 1327 2849 1335 2850 1334 2851 1340 2847 1336 2852 1335 2850 1334 2851 1328 2853 1327 2849 1320 2841 1319 2854 202 2839 202 2839 1319 2854 1318 2855 202 2839 1318 2855 203 2856 203 2856 1318 2855 295 2857 203 2856 295 2857 1300 2858 1300 2858 295 2857 294 2859 1300 2858 294 2859 293 2860 1300 2858 293 2860 1304 2861 1304 2861 293 2860 292 2862 1304 2861 292 2862 1305 2863 1305 2863 292 2862 1306 2864 1306 2864 292 2862 291 2865 1306 2864 291 2865 1307 2866 1307 2866 291 2865 1315 2867 1307 2866 1315 2867 1314 2868 291 2865 290 2869 1315 2867 1314 2868 1308 2870 1307 2866 1300 2858 1299 2871 203 2856 203 2856 1299 2871 1298 2872 203 2856 1298 2872 307 2873 306 2874 1280 2875 307 2873 307 2873 1280 2875 204 2876 307 2873 204 2876 203 2856 1280 2875 306 2874 1284 2877 1284 2877 306 2874 305 2878 1284 2877 305 2878 1285 2879 1285 2879 305 2878 304 2880 1285 2879 304 2880 1286 2881 1286 2881 304 2880 303 2882 1286 2881 303 2882 1287 2883 1287 2883 303 2882 1295 2884 1287 2883 1295 2884 1294 2885 303 2882 302 2886 1295 2884 1294 2885 1288 2887 1287 2883 1280 2875 1279 2888 204 2876 204 2876 1279 2888 1278 2889 204 2876 1278 2889 319 2890 204 2876 319 2890 1260 2891 1260 2891 319 2890 318 2892 1260 2891 318 2892 1264 2893 1264 2893 318 2892 317 2894 1264 2893 317 2894 1265 2895 1265 2895 317 2894 316 2896 1265 2895 316 2896 1266 2897 1266 2897 316 2896 315 2898 1266 2897 315 2898 1267 2899 1267 2899 315 2898 1275 2900 1267 2899 1275 2900 1274 2901 315 2898 314 2902 1275 2900 1274 2901 1268 2903 1267 2899 1260 2891 1259 2904 204 2876 204 2876 1259 2904 1258 2905 204 2876 1258 2905 331 2906 204 2876 331 2906 1240 2907 1240 2907 331 2906 330 2908 1240 2907 330 2908 1244 2909 1244 2909 330 2908 329 2910 1244 2909 329 2910 1245 2911 1245 2911 329 2910 328 2912 1245 2911 328 2912 1246 2913 1246 2913 328 2912 327 2914 1246 2913 327 2914 1247 2915 1247 2915 327 2914 1255 2916 1247 2915 1255 2916 1254 2917 327 2914 326 2918 1255 2916 1254 2917 1248 2919 1247 2915 204 2876 1240 2907 205 2920 205 2920 1240 2907 1239 2921 205 2920 1239 2921 1238 2922 1238 2922 343 2923 205 2920 205 2920 343 2923 1220 2924 205 2920 1220 2924 1219 2925 1220 2924 343 2923 1224 2926 1224 2926 343 2923 342 2927 1224 2926 342 2927 1225 2928 1225 2928 342 2927 341 2929 1225 2928 341 2929 1226 2930 1226 2930 341 2929 340 2931 1226 2930 340 2931 1227 2932 1227 2932 340 2931 339 2933 1227 2932 339 2933 1234 2934 1234 2934 339 2933 1235 2935 1235 2935 339 2933 338 2936 1234 2934 1228 2937 1227 2932 1219 2925 1218 2938 205 2920 205 2920 1218 2938 355 2939 205 2920 355 2939 1200 2940 1200 2940 355 2939 1204 2941 1204 2941 355 2939 354 2942 1204 2941 354 2942 1205 2943 1205 2943 354 2942 353 2944 1205 2943 353 2944 1206 2945 1206 2945 353 2944 352 2946 1206 2945 352 2946 1207 2947 1207 2947 352 2946 351 2948 1207 2947 351 2948 1214 2949 1214 2949 351 2948 1215 2950 1215 2950 351 2948 350 2951 1214 2949 1208 2952 1207 2947 1200 2940 1199 2953 205 2920 205 2920 1199 2953 1198 2954 205 2920 1198 2954 1192 2955 1191 2956 1172 2957 1192 2955 1192 2955 1172 2957 1168 2958 1192 2955 1168 2958 205 2920 205 2920 1168 2958 206 2959 206 2959 1168 2958 1167 2960 206 2959 1167 2960 1166 2961 1172 2957 1191 2956 1173 2962 1173 2962 1191 2956 1190 2963 1173 2962 1190 2963 1174 2964 1174 2964 1190 2963 1189 2965 1174 2964 1189 2965 1175 2966 1175 2966 1189 2965 1188 2967 1175 2966 1188 2967 1182 2968 1182 2968 1188 2967 1183 2969 1183 2969 1188 2967 1184 2970 1182 2968 1176 2971 1175 2966 1166 2961 1160 2972 206 2959 206 2959 1160 2972 1136 2973 206 2959 1136 2973 1135 2974 1136 2973 1160 2972 1140 2975 1140 2975 1160 2972 1159 2976 1140 2975 1159 2976 1141 2977 1141 2977 1159 2976 1158 2978 1141 2977 1158 2978 1142 2979 1142 2979 1158 2978 1157 2980 1142 2979 1157 2980 1143 2981 1143 2981 1157 2980 1156 2982 1143 2981 1156 2982 1150 2983 1150 2983 1156 2982 1151 2984 1151 2984 1156 2982 1152 2985 1150 2983 1144 2986 1143 2981 1135 2974 1134 2987 206 2959 206 2959 1134 2987 1128 2988 206 2959 1128 2988 207 2989 207 2989 1128 2988 1104 2990 207 2989 1104 2990 1103 2991 1127 2992 1109 2993 1128 2988 1128 2988 1109 2993 1108 2994 1128 2988 1108 2994 1104 2990 1109 2993 1127 2992 1110 2995 1110 2995 1127 2992 1126 2996 1110 2995 1126 2996 1125 2997 1110 2995 1125 2997 1111 2998 1111 2998 1125 2997 1124 2999 1111 2998 1124 2999 1118 3000 1118 3000 1124 2999 1119 3001 1119 3001 1124 2999 1120 3002 1118 3000 1112 3003 1111 2998 1103 2991 1102 3004 207 2989 207 2989 1102 3004 1096 3005 207 2989 1096 3005 208 3006 208 3006 1096 3005 1072 3007 208 3006 1072 3007 1071 3008 1095 3009 1077 3010 1096 3005 1096 3005 1077 3010 1076 3011 1096 3005 1076 3011 1072 3007 1077 3010 1095 3009 1078 3012 1078 3012 1095 3009 1094 3013 1078 3012 1094 3013 1079 3014 1079 3014 1094 3013 1093 3015 1079 3014 1093 3015 1092 3016 1088 3017 1087 3018 1092 3016 1092 3016 1087 3018 1086 3019 1092 3016 1086 3019 1079 3014 1079 3014 1086 3019 1080 3020 1071 3008 1070 3021 208 3006 208 3006 1070 3021 1064 3022 208 3006 1064 3022 209 3023 209 3023 1064 3022 1040 3024 209 3023 1040 3024 1039 3025 1063 3026 1045 3027 1064 3022 1064 3022 1045 3027 1044 3028 1064 3022 1044 3028 1040 3024 1045 3027 1063 3026 1046 3029 1046 3029 1063 3026 1062 3030 1046 3029 1062 3030 1047 3031 1047 3031 1062 3030 1061 3032 1047 3031 1061 3032 1060 3033 1056 3034 1055 3035 1060 3033 1060 3033 1055 3035 1054 3036 1060 3033 1054 3036 1047 3031 1047 3031 1054 3036 1048 3037 209 3023 1039 3025 210 3038 210 3038 1039 3025 1038 3039 210 3038 1038 3039 1032 3040 1031 3041 1013 3042 1032 3040 1032 3040 1013 3042 1012 3043 1032 3040 1012 3043 1008 3044 1013 3042 1031 3041 1014 3045 1014 3045 1031 3041 1030 3046 1014 3045 1030 3046 1015 3047 1015 3047 1030 3046 1029 3048 1015 3047 1029 3048 1028 3049 1024 3050 1023 3051 1028 3049 1028 3049 1023 3051 1022 3052 1028 3049 1022 3052 1015 3047 1015 3047 1022 3052 1016 3053 1007 3054 211 3055 1008 3044 1008 3044 211 3055 210 3038 1008 3044 210 3038 1032 3040 1007 3054 1006 3056 211 3055 211 3055 1006 3056 1000 3057 211 3055 1000 3057 212 3058 212 3058 1000 3057 976 3059 212 3058 976 3059 213 3060 213 3060 976 3059 975 3061 213 3060 975 3061 974 3062 999 3063 981 3064 1000 3057 1000 3057 981 3064 980 3065 1000 3057 980 3065 976 3059 981 3064 999 3063 982 3066 982 3066 999 3063 998 3067 982 3066 998 3067 983 3068 983 3068 998 3067 997 3069 983 3068 997 3069 996 3070 992 3071 991 3072 996 3070 996 3070 991 3072 990 3073 996 3070 990 3073 983 3068 983 3068 990 3073 984 3074 974 3062 973 3075 213 3060 213 3060 973 3075 214 3076 214 3076 973 3075 215 3077 215 3077 973 3075 171 3078 171 3078 973 3075 439 2434 171 3078 439 2434 172 2442 1479 3079 21 3080 973 3075 973 3075 21 3080 20 3081 973 3075 20 3081 19 3082 1478 2436 0 3083 1479 3079 1479 3079 0 3083 29 3084 1479 3079 29 3084 28 3085 190 2729 189 2713 528 2715 28 3085 27 3086 1479 3079 1479 3079 27 3086 26 3087 1479 3079 26 3087 25 3088 25 3088 24 3089 1479 3079 1479 3079 24 3089 23 3090 1479 3079 23 3090 22 3091 22 3091 21 3080 1479 3079 19 3082 18 3092 973 3075 973 3075 18 3092 17 3093 973 3075 17 3093 16 3094 16 3094 15 3095 973 3075 973 3075 15 3095 439 2434 15 3095 14 3096 439 2434 439 2434 14 3096 13 3097 439 2434 13 3097 12 3098 12 3098 11 3099 439 2434 439 2434 11 3099 10 3100 439 2434 10 3100 9 2435 7 2438 6 3101 1478 2436 1478 2436 6 3101 5 3102 1478 2436 5 3102 4 3103 4 3103 3 3104 1478 2436 1478 2436 3 3104 2 3105 1478 2436 2 3105 1 3106 1 3106 0 3083 1478 2436 283 3107 110 3108 250 3109 250 3109 110 3108 109 3110 250 3109 109 3110 251 3111 251 3111 109 3110 108 3112 251 3111 108 3112 252 3113 252 3113 108 3112 107 3114 252 3113 107 3114 253 3115 253 3115 107 3114 106 3116 253 3115 106 3116 254 3117 254 3117 106 3116 105 3118 254 3117 105 3118 255 3119 255 3119 105 3118 104 3120 255 3119 104 3120 256 3121 256 3121 104 3120 103 3122 256 3121 103 3122 257 3123 257 3123 103 3122 102 3124 257 3123 102 3124 258 3125 258 3125 102 3124 101 3126 258 3125 101 3126 259 3127 259 3127 101 3126 100 3128 259 3127 100 3128 260 3129 260 3129 100 3128 99 3130 260 3129 99 3130 261 3131 261 3131 99 3130 98 3132 261 3131 98 3132 262 3133 262 3133 98 3132 97 3134 262 3133 97 3134 263 3135 263 3135 97 3134 96 3136 263 3135 96 3136 264 3137 264 3137 96 3136 95 3138 264 3137 95 3138 265 3139 265 3139 95 3138 94 3140 265 3139 94 3140 266 3141 266 3141 94 3140 93 3142 266 3141 93 3142 267 3143 267 3143 93 3142 268 3144 268 3144 93 3142 125 3145 268 3144 125 3145 269 3146 269 3146 125 3145 124 3147 269 3146 124 3147 270 3148 270 3148 124 3147 123 3149 270 3148 123 3149 271 3150 271 3150 123 3149 122 3151 271 3150 122 3151 272 3152 272 3152 122 3151 121 3153 272 3152 121 3153 273 3154 273 3154 121 3153 120 3155 273 3154 120 3155 274 3156 274 3156 120 3155 119 3157 274 3156 119 3157 275 3158 275 3158 119 3157 118 3159 275 3158 118 3159 276 3160 276 3160 118 3159 117 3161 276 3160 117 3161 277 3162 277 3162 117 3161 116 3163 277 3162 116 3163 278 3164 278 3164 116 3163 115 3165 278 3164 115 3165 279 3166 279 3166 115 3165 114 3167 279 3166 114 3167 280 3168 280 3168 114 3167 113 3169 280 3168 113 3169 281 3170 281 3170 113 3169 112 3171 281 3170 112 3171 282 3172 282 3172 112 3171 111 3173 282 3172 111 3173 283 3107 283 3107 111 3173 110 3108 127 3174 126 3175 60 3176 60 3176 126 3175 170 3177 60 3176 170 3177 61 3178 61 3178 170 3177 169 3179 61 3178 169 3179 62 3180 62 3180 169 3179 168 3181 62 3180 168 3181 63 3182 63 3182 168 3181 167 3183 63 3182 167 3183 166 3184 63 3182 166 3184 64 3185 64 3185 166 3184 165 3186 64 3185 165 3186 65 3187 65 3187 165 3186 164 3188 65 3187 164 3188 163 3189 65 3187 163 3189 66 3190 66 3190 163 3189 162 3191 66 3190 162 3191 67 3192 67 3192 162 3191 161 3193 67 3192 161 3193 68 3194 68 3194 161 3193 160 3195 68 3194 160 3195 159 3196 68 3194 159 3196 69 3197 69 3197 159 3196 158 3198 69 3197 158 3198 70 3199 70 3199 158 3198 157 3200 70 3199 157 3200 71 3201 71 3201 157 3200 156 3202 71 3201 156 3202 155 3203 71 3201 155 3203 72 3204 72 3204 155 3203 154 3205 72 3204 154 3205 73 3206 73 3206 154 3205 153 3207 73 3206 153 3207 74 3208 74 3208 153 3207 152 3209 74 3208 152 3209 151 3210 74 3208 151 3210 75 3211 75 3211 151 3210 150 3212 75 3211 150 3212 76 3213 76 3213 150 3212 149 3214 76 3213 149 3214 77 3215 77 3215 149 3214 148 3216 77 3215 148 3216 147 3217 77 3215 147 3217 78 3218 78 3218 147 3217 146 3219 78 3218 146 3219 79 3220 79 3220 146 3219 145 3221 79 3220 145 3221 144 3222 79 3220 144 3222 80 3223 80 3223 144 3222 143 3224 80 3223 143 3224 81 3225 81 3225 143 3224 142 3226 81 3225 142 3226 82 3227 82 3227 142 3226 141 3228 82 3227 141 3228 140 3229 82 3227 140 3229 83 3230 83 3230 140 3229 139 3231 83 3230 139 3231 84 3232 84 3232 139 3231 138 3233 84 3232 138 3233 85 3234 85 3234 138 3233 137 3235 85 3234 137 3235 136 3236 85 3234 136 3236 86 3237 86 3237 136 3236 135 3238 86 3237 135 3238 87 3239 87 3239 135 3238 134 3240 87 3239 134 3240 88 3241 88 3241 134 3240 133 3242 88 3241 133 3242 132 3243 88 3241 132 3243 89 3244 89 3244 132 3243 131 3245 89 3244 131 3245 90 3246 90 3246 131 3245 130 3247 90 3246 130 3247 129 3248 90 3246 129 3248 91 3249 91 3249 129 3248 128 3250 91 3249 128 3250 92 3251 92 3251 128 3250 127 3174 92 3251 127 3174 60 3176 1479 3252 973 3253 1477 3254 1477 3254 973 3253 972 3255 1476 3256 1478 3257 1477 3258 1477 3258 1478 3257 1479 3259 439 3260 1478 3261 440 3262 440 3262 1478 3261 1476 3263</p>
        </triangles>
      </mesh>
    </geometry>
  </library_geometries>
  <library_visual_scenes>
    <visual_scene id="Scene" name="Scene">
      <node id="ratio_right_gear-node" name="ratio_right_gear" type="NODE">
        <instance_geometry url="#ratio_right_gear-mesh">
          <bind_material>
            <technique_common>
              <instance_material symbol="Opaque_202_209_238_" target="#Opaque_202_209_238_"/>
            </technique_common>
          </bind_material>
        </instance_geometry>
      </node>
    </visual_scene>
  </library_visual_scenes>
  <scene>
    <instance_visual_scene url="#Scene"/>
  </scene>
</COLLADA>
