<?xml version="1.0" encoding="utf-8"?>
<COLLADA xmlns="http://www.collada.org/2005/11/COLLADASchema" version="1.4.1">
  <asset>
    <contributor>
      <authoring_tool>Fusion URDF/XACRO Exporter</authoring_tool>
    </contributor>
    <created>2026-09-04T05:56:29Z</created>
    <modified>2026-09-04T05:56:29Z</modified>
    <unit name="meter" meter="1.0"/>
    <up_axis>Z_UP</up_axis>
  </asset>
  <library_effects>
    <effect id="Opaque_202_209_238_-effect">
      <profile_COMMON>
        <technique sid="common">
          <lambert>
            <emission><color>0 0 0 1</color></emission>
            <ambient><color>0.0000 0.0000 0.0000 1</color></ambient>
            <diffuse><color>0.7922 0.8196 0.9333 1</color></diffuse>
            <reflective><color>0 0 0 1</color></reflective>
            <transparent opaque="A_ONE"><color>1 1 1 1</color></transparent>
            <transparency><float>1</float></transparency>
          </lambert>
        </technique>
      </profile_COMMON>
    </effect>
  </library_effects>
  <library_materials>
    <material id="Opaque_202_209_238_" name="Opaque(202,209,238)">
      <instance_effect url="#Opaque_202_209_238_-effect"/>
    </material>
  </library_materials>
  <library_geometries>
    <geometry id="robot_arm_link-mesh" name="robot_arm_link">
      <mesh>
        <source id="robot_arm_link-mesh-positions">
          <float_array id="robot_arm_link-mesh-positions-array" count="11769">0.150750 -0.012500 0.049300 0.150750 -0.012500 0.035000 0.150750 -0.029800 0.035000 0.150750 -0.029800 0.049300 0.150756 -0.029875 0.035000 0.150772 -0.029948 0.035000 0.150800 -0.030018 0.035000 0.150800 -0.030018 0.029000 0.150860 -0.030112 0.029000 0.150939 -0.030191 0.029000 0.151033 -0.030251 0.029000 0.151139 -0.030288 0.029000 0.151250 -0.030300 0.029000 0.151250 -0.030300 0.049300 0.151121 -0.030283 0.049300 0.151000 -0.030233 0.049300 0.150896 -0.030154 0.049300 0.150817 -0.030050 0.049300 0.150767 -0.029929 0.049300 0.150767 -0.029929 0.036612 0.150767 -0.029929 0.039150 0.150767 -0.029929 0.041688 0.150767 -0.029929 0.044225 0.150767 -0.029929 0.046762 0.150817 -0.030050 0.031538 0.150817 -0.030050 0.034075 0.150817 -0.030050 0.036612 0.150817 -0.030050 0.039150 0.150817 -0.030050 0.041688 0.150817 -0.030050 0.044225 0.150817 -0.030050 0.046762 0.150896 -0.030154 0.031538 0.150896 -0.030154 0.034075 0.150896 -0.030154 0.036612 0.150896 -0.030154 0.039150 0.150896 -0.030154 0.041688 0.150896 -0.030154 0.044225 0.150896 -0.030154 0.046762 0.151000 -0.030233 0.031538 0.151000 -0.030233 0.034075 0.151000 -0.030233 0.036612 0.151000 -0.030233 0.039150 0.151000 -0.030233 0.041688 0.151000 -0.030233 0.044225 0.151000 -0.030233 0.046762 0.151121 -0.030283 0.031538 0.151121 -0.030283 0.034075 0.151121 -0.030283 0.036612 0.151121 -0.030283 0.039150 0.151121 -0.030283 0.041688 0.151121 -0.030283 0.044225 0.151121 -0.030283 0.046762 0.171250 -0.012500 0.049300 0.171200 -0.012500 0.049350 0.171200 0.010200 0.049350 0.171050 0.010200 0.049500 0.171050 -0.029800 0.049500 0.171250 -0.029800 0.049300 0.171200 0.010305 0.049338 0.171200 0.010418 0.049300 0.171140 0.010512 0.049300 0.171061 0.010591 0.049300 0.170967 0.010651 0.049300 0.170861 0.010688 0.049300 0.170750 0.010700 0.049300 0.170750 0.010500 0.049500 0.170828 0.010490 0.049500 0.170900 0.010460 0.049500 0.170962 0.010412 0.049500 0.171010 0.010350 0.049500 0.171040 0.010278 0.049500 0.171200 0.010418 0.029000 0.171140 0.010512 0.029000 0.171061 0.010591 0.029000 0.170967 0.010651 0.029000 0.170861 0.010688 0.029000 0.170750 0.010700 0.029000 0.171140 0.010512 0.031256 0.171140 0.010512 0.033511 0.171140 0.010512 0.035767 0.171140 0.010512 0.038022 0.171140 0.010512 0.040278 0.171140 0.010512 0.042533 0.171140 0.010512 0.044789 0.171140 0.010512 0.047044 0.171061 0.010591 0.031256 0.171061 0.010591 0.033511 0.171061 0.010591 0.035767 0.171061 0.010591 0.038022 0.171061 0.010591 0.040278 0.171061 0.010591 0.042533 0.171061 0.010591 0.044789 0.171061 0.010591 0.047044 0.170967 0.010651 0.031256 0.170967 0.010651 0.033511 0.170967 0.010651 0.035767 0.170967 0.010651 0.038022 0.170967 0.010651 0.040278 0.170967 0.010651 0.042533 0.170967 0.010651 0.044789 0.170967 0.010651 0.047044 0.170861 0.010688 0.031256 0.170861 0.010688 0.033511 0.170861 0.010688 0.035767 0.170861 0.010688 0.038022 0.170861 0.010688 0.040278 0.170861 0.010688 0.042533 0.170861 0.010688 0.044789 0.170861 0.010688 0.047044 0.151750 -0.030400 0.029000 0.170250 -0.030400 0.029000 0.170250 -0.030300 0.029000 0.151750 -0.030300 0.029000 0.170500 0.006200 0.055500 0.170500 0.009780 0.055500 0.170473 0.009827 0.055500 0.170440 0.009869 0.055500 0.170401 0.009905 0.055500 0.170357 0.009936 0.055500 0.170308 0.009960 0.055500 0.170254 0.009977 0.055500 0.170136 0.009991 0.055500 0.166500 0.009991 0.055500 0.166500 0.008200 0.055500 0.166568 0.007682 0.055500 0.166768 0.007200 0.055500 0.167086 0.006786 0.055500 0.167500 0.006468 0.055500 0.167982 0.006268 0.055500 0.168500 0.006200 0.055500 0.168500 0.006450 0.055500 0.168047 0.006510 0.055500 0.167625 0.006684 0.055500 0.167263 0.006963 0.055500 0.166984 0.007325 0.055500 0.166810 0.007747 0.055500 0.166750 0.008200 0.055500 0.166810 0.008653 0.055500 0.166984 0.009075 0.055500 0.167263 0.009437 0.055500 0.167625 0.009716 0.055500 0.168047 0.009890 0.055500 0.168500 0.009950 0.055500 0.168953 0.009890 0.055500 0.169375 0.009716 0.055500 0.169737 0.009437 0.055500 0.170016 0.009075 0.055500 0.170190 0.008653 0.055500 0.170250 0.008200 0.055500 0.170190 0.007747 0.055500 0.170016 0.007325 0.055500 0.169737 0.006963 0.055500 0.169375 0.006684 0.055500 0.168953 0.006510 0.055500 0.151500 -0.025800 0.055500 0.151500 -0.029380 0.055500 0.151527 -0.029427 0.055500 0.151560 -0.029469 0.055500 0.151599 -0.029505 0.055500 0.151643 -0.029536 0.055500 0.151692 -0.029560 0.055500 0.151746 -0.029577 0.055500 0.151864 -0.029591 0.055500 0.155500 -0.029591 0.055500 0.155500 -0.027800 0.055500 0.155432 -0.027282 0.055500 0.155232 -0.026800 0.055500 0.154914 -0.026386 0.055500 0.154500 -0.026068 0.055500 0.154018 -0.025868 0.055500 0.153500 -0.025800 0.055500 0.153500 -0.029550 0.055500 0.153047 -0.029490 0.055500 0.152625 -0.029316 0.055500 0.152263 -0.029037 0.055500 0.151984 -0.028675 0.055500 0.151810 -0.028253 0.055500 0.151750 -0.027800 0.055500 0.151810 -0.027347 0.055500 0.151984 -0.026925 0.055500 0.152263 -0.026563 0.055500 0.152625 -0.026284 0.055500 0.153047 -0.026110 0.055500 0.153500 -0.026050 0.055500 0.153953 -0.026110 0.055500 0.154375 -0.026284 0.055500 0.154737 -0.026563 0.055500 0.155016 -0.026925 0.055500 0.155190 -0.027347 0.055500 0.155250 -0.027800 0.055500 0.155190 -0.028253 0.055500 0.155016 -0.028675 0.055500 0.154737 -0.029037 0.055500 0.154375 -0.029316 0.055500 0.153953 -0.029490 0.055500 0.155500 0.009991 0.055500 0.151864 0.009991 0.055500 0.151746 0.009977 0.055500 0.151692 0.009960 0.055500 0.151643 0.009936 0.055500 0.151599 0.009905 0.055500 0.151560 0.009869 0.055500 0.151527 0.009827 0.055500 0.151500 0.009780 0.055500 0.151500 0.006200 0.055500 0.153500 0.006200 0.055500 0.154018 0.006268 0.055500 0.154500 0.006468 0.055500 0.154914 0.006786 0.055500 0.155232 0.007200 0.055500 0.155432 0.007682 0.055500 0.155500 0.008200 0.055500 0.153500 0.006450 0.055500 0.153047 0.006510 0.055500 0.152625 0.006684 0.055500 0.152263 0.006963 0.055500 0.151984 0.007325 0.055500 0.151810 0.007747 0.055500 0.151750 0.008200 0.055500 0.151810 0.008653 0.055500 0.151984 0.009075 0.055500 0.152263 0.009437 0.055500 0.152625 0.009716 0.055500 0.153047 0.009890 0.055500 0.153500 0.009950 0.055500 0.153953 0.009890 0.055500 0.154375 0.009716 0.055500 0.154737 0.009437 0.055500 0.155016 0.009075 0.055500 0.155190 0.008653 0.055500 0.155250 0.008200 0.055500 0.155190 0.007747 0.055500 0.155016 0.007325 0.055500 0.154737 0.006963 0.055500 0.154375 0.006684 0.055500 0.153953 0.006510 0.055500 0.166500 -0.029591 0.055500 0.170136 -0.029591 0.055500 0.170254 -0.029577 0.055500 0.170308 -0.029560 0.055500 0.170357 -0.029536 0.055500 0.170401 -0.029505 0.055500 0.170440 -0.029469 0.055500 0.170473 -0.029427 0.055500 0.170500 -0.029380 0.055500 0.170500 -0.025800 0.055500 0.168500 -0.025800 0.055500 0.167982 -0.025868 0.055500 0.167500 -0.026068 0.055500 0.167086 -0.026386 0.055500 0.166768 -0.026800 0.055500 0.166568 -0.027282 0.055500 0.166500 -0.027800 0.055500 0.168500 -0.029550 0.055500 0.168047 -0.029490 0.055500 0.167625 -0.029316 0.055500 0.167263 -0.029037 0.055500 0.166984 -0.028675 0.055500 0.166810 -0.028253 0.055500 0.166750 -0.027800 0.055500 0.166810 -0.027347 0.055500 0.166984 -0.026925 0.055500 0.167263 -0.026563 0.055500 0.167625 -0.026284 0.055500 0.168047 -0.026110 0.055500 0.168500 -0.026050 0.055500 0.168953 -0.026110 0.055500 0.169375 -0.026284 0.055500 0.169737 -0.026563 0.055500 0.170016 -0.026925 0.055500 0.170190 -0.027347 0.055500 0.170250 -0.027800 0.055500 0.170190 -0.028253 0.055500 0.170016 -0.028675 0.055500 0.169737 -0.029037 0.055500 0.169375 -0.029316 0.055500 0.168953 -0.029490 0.055500 0.162550 0.017700 0.052037 0.162356 0.017700 0.052011 0.162175 0.017700 0.051936 0.162020 0.017700 0.051817 0.161900 0.017700 0.051662 0.161826 0.017700 0.051481 0.161800 0.017700 0.051287 0.161826 0.017700 0.051093 0.161900 0.017700 0.050912 0.162020 0.017700 0.050757 0.162175 0.017700 0.050637 0.162356 0.017700 0.050562 0.162550 0.017700 0.050537 0.162744 0.017700 0.050562 0.162925 0.017700 0.050637 0.163080 0.017700 0.050757 0.163200 0.017700 0.050912 0.163274 0.017700 0.051093 0.163300 0.017700 0.051287 0.163274 0.017700 0.051481 0.163200 0.017700 0.051662 0.163080 0.017700 0.051817 0.162925 0.017700 0.051936 0.162744 0.017700 0.052011 0.162550 0.014700 0.052037 0.162744 0.014700 0.052011 0.162925 0.014700 0.051936 0.163080 0.014700 0.051817 0.163200 0.014700 0.051662 0.163274 0.014700 0.051481 0.163300 0.014700 0.051287 0.163274 0.014700 0.051093 0.163200 0.014700 0.050912 0.163080 0.014700 0.050757 0.162925 0.014700 0.050637 0.162744 0.014700 0.050562 0.162550 0.014700 0.050537 0.162356 0.014700 0.050562 0.162175 0.014700 0.050637 0.162020 0.014700 0.050757 0.161900 0.014700 0.050912 0.161826 0.014700 0.051093 0.161800 0.014700 0.051287 0.161826 0.014700 0.051481 0.161900 0.014700 0.051662 0.162020 0.014700 0.051817 0.162175 0.014700 0.051936 0.162356 0.014700 0.052011 0.159450 0.017700 0.052037 0.159256 0.017700 0.052011 0.159075 0.017700 0.051936 0.158920 0.017700 0.051817 0.158800 0.017700 0.051662 0.158726 0.017700 0.051481 0.158700 0.017700 0.051287 0.158726 0.017700 0.051093 0.158800 0.017700 0.050912 0.158920 0.017700 0.050757 0.159075 0.017700 0.050637 0.159256 0.017700 0.050562 0.159450 0.017700 0.050537 0.159644 0.017700 0.050562 0.159825 0.017700 0.050637 0.159980 0.017700 0.050757 0.160100 0.017700 0.050912 0.160174 0.017700 0.051093 0.160200 0.017700 0.051287 0.160174 0.017700 0.051481 0.160100 0.017700 0.051662 0.159980 0.017700 0.051817 0.159825 0.017700 0.051936 0.159644 0.017700 0.052011 0.159450 0.014700 0.052037 0.159644 0.014700 0.052011 0.159825 0.014700 0.051936 0.159980 0.014700 0.051817 0.160100 0.014700 0.051662 0.160174 0.014700 0.051481 0.160200 0.014700 0.051287 0.160174 0.014700 0.051093 0.160100 0.014700 0.050912 0.159980 0.014700 0.050757 0.159825 0.014700 0.050637 0.159644 0.014700 0.050562 0.159450 0.014700 0.050537 0.159256 0.014700 0.050562 0.159075 0.014700 0.050637 0.158920 0.014700 0.050757 0.158800 0.014700 0.050912 0.158726 0.014700 0.051093 0.158700 0.014700 0.051287 0.158726 0.014700 0.051481 0.158800 0.014700 0.051662 0.158920 0.014700 0.051817 0.159075 0.014700 0.051936 0.159256 0.014700 0.052011 0.161000 0.017700 0.052037 0.160806 0.017700 0.052011 0.160625 0.017700 0.051936 0.160470 0.017700 0.051817 0.160350 0.017700 0.051662 0.160276 0.017700 0.051481 0.160250 0.017700 0.051287 0.160276 0.017700 0.051093 0.160350 0.017700 0.050912 0.160470 0.017700 0.050757 0.160625 0.017700 0.050637 0.160806 0.017700 0.050562 0.161000 0.017700 0.050537 0.161194 0.017700 0.050562 0.161375 0.017700 0.050637 0.161530 0.017700 0.050757 0.161650 0.017700 0.050912 0.161724 0.017700 0.051093 0.161750 0.017700 0.051287 0.161724 0.017700 0.051481 0.161650 0.017700 0.051662 0.161530 0.017700 0.051817 0.161375 0.017700 0.051936 0.161194 0.017700 0.052011 0.161000 0.014700 0.052037 0.161194 0.014700 0.052011 0.161375 0.014700 0.051936 0.161530 0.014700 0.051817 0.161650 0.014700 0.051662 0.161724 0.014700 0.051481 0.161750 0.014700 0.051287 0.161724 0.014700 0.051093 0.161650 0.014700 0.050912 0.161530 0.014700 0.050757 0.161375 0.014700 0.050637 0.161194 0.014700 0.050562 0.161000 0.014700 0.050537 0.160806 0.014700 0.050562 0.160625 0.014700 0.050637 0.160470 0.014700 0.050757 0.160350 0.014700 0.050912 0.160276 0.014700 0.051093 0.160250 0.014700 0.051287 0.160276 0.014700 0.051481 0.160350 0.014700 0.051662 0.160470 0.014700 0.051817 0.160625 0.014700 0.051936 0.160806 0.014700 0.052011 0.163000 -0.011400 0.017800 0.162932 -0.010882 0.017800 0.162732 -0.010400 0.017800 0.162414 -0.009986 0.017800 0.162000 -0.009668 0.017800 0.161518 -0.009468 0.017800 0.161000 -0.009400 0.017800 0.160482 -0.009468 0.017800 0.160000 -0.009668 0.017800 0.159586 -0.009986 0.017800 0.159268 -0.010400 0.017800 0.159068 -0.010882 0.017800 0.159000 -0.011400 0.017800 0.159000 -0.011400 0.018100 0.159068 -0.010882 0.018100 0.159268 -0.010400 0.018100 0.159586 -0.009986 0.018100 0.160000 -0.009668 0.018100 0.160482 -0.009468 0.018100 0.161000 -0.009400 0.018100 0.161518 -0.009468 0.018100 0.162000 -0.009668 0.018100 0.162414 -0.009986 0.018100 0.162732 -0.010400 0.018100 0.162932 -0.010882 0.018100 0.163000 -0.011400 0.018100 0.161000 -0.002600 0.021300 0.161776 -0.002498 0.021300 0.162500 -0.002198 0.021300 0.163121 -0.001721 0.021300 0.163598 -0.001100 0.021300 0.163898 -0.000376 0.021300 0.164000 0.000400 0.021300 0.163898 0.001176 0.021300 0.163598 0.001900 0.021300 0.163121 0.002521 0.021300 0.162500 0.002998 0.021300 0.161776 0.003298 0.021300 0.161000 0.003400 0.021300 0.160224 0.003298 0.021300 0.159500 0.002998 0.021300 0.158879 0.002521 0.021300 0.158402 0.001900 0.021300 0.158102 0.001176 0.021300 0.158000 0.000400 0.021300 0.158102 -0.000376 0.021300 0.158402 -0.001100 0.021300 0.158879 -0.001721 0.021300 0.159500 -0.002198 0.021300 0.160224 -0.002498 0.021300 0.161000 -0.002600 0.016300 0.160224 -0.002498 0.016300 0.159500 -0.002198 0.016300 0.158879 -0.001721 0.016300 0.158402 -0.001100 0.016300 0.158102 -0.000376 0.016300 0.158000 0.000400 0.016300 0.158102 0.001176 0.016300 0.158402 0.001900 0.016300 0.158879 0.002521 0.016300 0.159500 0.002998 0.016300 0.160224 0.003298 0.016300 0.161000 0.003400 0.016300 0.161776 0.003298 0.016300 0.162500 0.002998 0.016300 0.163121 0.002521 0.016300 0.163598 0.001900 0.016300 0.163898 0.001176 0.016300 0.164000 0.000400 0.016300 0.163898 -0.000376 0.016300 0.163598 -0.001100 0.016300 0.163121 -0.001721 0.016300 0.162500 -0.002198 0.016300 0.161776 -0.002498 0.016300 0.161000 0.005700 0.016300 0.159821 0.005567 0.016300 0.158700 0.005175 0.016300 0.157696 0.004544 0.016300 0.156856 0.003704 0.016300 0.156225 0.002700 0.016300 0.155833 0.001579 0.016300 0.155700 0.000400 0.016300 0.155833 -0.000779 0.016300 0.156225 -0.001900 0.016300 0.156856 -0.002904 0.016300 0.157696 -0.003744 0.016300 0.158700 -0.004375 0.016300 0.159821 -0.004767 0.016300 0.161000 -0.004900 0.016300 0.162179 -0.004767 0.016300 0.163300 -0.004375 0.016300 0.164305 -0.003744 0.016300 0.165144 -0.002904 0.016300 0.165775 -0.001900 0.016300 0.166167 -0.000779 0.016300 0.166300 0.000400 0.016300 0.166167 0.001579 0.016300 0.165775 0.002700 0.016300 0.165144 0.003704 0.016300 0.164305 0.004544 0.016300 0.163300 0.005175 0.016300 0.162179 0.005567 0.016300 0.161000 0.005700 0.016800 0.162179 0.005567 0.016800 0.163300 0.005175 0.016800 0.164305 0.004544 0.016800 0.165144 0.003704 0.016800 0.165775 0.002700 0.016800 0.166167 0.001579 0.016800 0.166300 0.000400 0.016800 0.166167 -0.000779 0.016800 0.165775 -0.001900 0.016800 0.165144 -0.002904 0.016800 0.164305 -0.003744 0.016800 0.163300 -0.004375 0.016800 0.162179 -0.004767 0.016800 0.161000 -0.004900 0.016800 0.159821 -0.004767 0.016800 0.158700 -0.004375 0.016800 0.157696 -0.003744 0.016800 0.156856 -0.002904 0.016800 0.156225 -0.001900 0.016800 0.155833 -0.000779 0.016800 0.155700 0.000400 0.016800 0.155833 0.001579 0.016800 0.156225 0.002700 0.016800 0.156856 0.003704 0.016800 0.157696 0.004544 0.016800 0.158700 0.005175 0.016800 0.159821 0.005567 0.016800 0.161000 0.006900 0.016800 0.159692 0.006767 0.016800 0.158437 0.006373 0.016800 0.157287 0.005735 0.016800 0.156289 0.004878 0.016800 0.155484 0.003838 0.016800 0.154905 0.002657 0.016800 0.154575 0.001384 0.016800 0.154508 0.000071 0.016800 0.154707 -0.001229 0.016800 0.155164 -0.002463 0.016800 0.155860 -0.003579 0.016800 0.156766 -0.004532 0.016800 0.157846 -0.005283 0.016800 0.159054 -0.005802 0.016800 0.160342 -0.006067 0.016800 0.161658 -0.006067 0.016800 0.162946 -0.005802 0.016800 0.164154 -0.005283 0.016800 0.165234 -0.004532 0.016800 0.166140 -0.003579 0.016800 0.166836 -0.002463 0.016800 0.167293 -0.001229 0.016800 0.167492 0.000071 0.016800 0.167425 0.001384 0.016800 0.167095 0.002657 0.016800 0.166516 0.003838 0.016800 0.165711 0.004878 0.016800 0.164713 0.005735 0.016800 0.163563 0.006373 0.016800 0.162308 0.006767 0.016800 0.161000 0.006900 0.018100 0.162308 0.006767 0.018100 0.163563 0.006373 0.018100 0.164713 0.005735 0.018100 0.165711 0.004878 0.018100 0.166516 0.003838 0.018100 0.167095 0.002657 0.018100 0.167425 0.001384 0.018100 0.167492 0.000071 0.018100 0.167293 -0.001229 0.018100 0.166836 -0.002463 0.018100 0.166140 -0.003579 0.018100 0.165234 -0.004532 0.018100 0.164154 -0.005283 0.018100 0.162946 -0.005802 0.018100 0.161658 -0.006067 0.018100 0.160342 -0.006067 0.018100 0.159054 -0.005802 0.018100 0.157846 -0.005283 0.018100 0.156766 -0.004532 0.018100 0.155860 -0.003579 0.018100 0.155164 -0.002463 0.018100 0.154707 -0.001229 0.018100 0.154508 0.000071 0.018100 0.154575 0.001384 0.018100 0.154905 0.002657 0.018100 0.155484 0.003838 0.018100 0.156289 0.004878 0.018100 0.157287 0.005735 0.018100 0.158437 0.006373 0.018100 0.159692 0.006767 0.018100 0.169900 -0.003582 0.018100 0.170435 -0.002057 0.018100 0.170712 -0.000464 0.018100 0.170721 0.001152 0.018100 0.170463 0.002748 0.018100 0.169945 0.004279 0.018100 0.169182 0.005703 0.018100 0.168193 0.006982 0.018100 0.167007 0.008080 0.018100 0.165656 0.008966 0.018100 0.164177 0.009618 0.018100 0.162611 0.010016 0.018100 0.161000 0.010150 0.018100 0.159389 0.010016 0.018100 0.157823 0.009618 0.018100 0.156344 0.008966 0.018100 0.154993 0.008080 0.018100 0.153807 0.006982 0.018100 0.152818 0.005703 0.018100 0.152055 0.004279 0.018100 0.151537 0.002748 0.018100 0.151279 0.001152 0.018100 0.151288 -0.000464 0.018100 0.151565 -0.002057 0.018100 0.152100 -0.003582 0.018100 0.152100 -0.003582 0.020100 0.151631 -0.002299 0.020100 0.151346 -0.000963 0.020100 0.151250 0.000400 0.020100 0.151372 0.001936 0.020100 0.151734 0.003434 0.020100 0.152328 0.004856 0.020100 0.153138 0.006167 0.020100 0.154145 0.007334 0.020100 0.155323 0.008327 0.020100 0.156643 0.009123 0.020100 0.158072 0.009700 0.020100 0.159519 0.010037 0.020100 0.161000 0.010150 0.020100 0.162481 0.010037 0.020100 0.163928 0.009700 0.020100 0.165357 0.009123 0.020100 0.166677 0.008327 0.020100 0.167855 0.007334 0.020100 0.168862 0.006167 0.020100 0.169672 0.004856 0.020100 0.170266 0.003434 0.020100 0.170628 0.001936 0.020100 0.170750 0.000400 0.020100 0.170654 -0.000963 0.020100 0.170369 -0.002299 0.020100 0.169900 -0.003582 0.020100 0.164500 0.010514 0.049486 0.164500 0.010500 0.049500 0.164289 0.010700 0.049300 0.164324 0.010688 0.049312 0.164357 0.010672 0.049328 0.164418 0.010630 0.049370 0.164466 0.010577 0.049423 0.164500 0.010450 0.049500 0.170500 0.010450 0.049500 0.170629 0.010433 0.049500 0.170750 0.010383 0.049500 0.170854 0.010304 0.049500 0.170933 0.010200 0.049500 0.170983 0.010079 0.049500 0.171000 0.009950 0.049500 0.171000 -0.029550 0.049500 0.170983 -0.029679 0.049500 0.170933 -0.029800 0.049500 0.170854 -0.029904 0.049500 0.170750 -0.029983 0.049500 0.170629 -0.030033 0.049500 0.170500 -0.030050 0.049500 0.151500 -0.030050 0.049500 0.151371 -0.030033 0.049500 0.151250 -0.029983 0.049500 0.151146 -0.029904 0.049500 0.151067 -0.029800 0.049500 0.151017 -0.029679 0.049500 0.151000 -0.029550 0.049500 0.151000 0.009950 0.049500 0.151017 0.010079 0.049500 0.151067 0.010200 0.049500 0.151146 0.010304 0.049500 0.151250 0.010383 0.049500 0.151371 0.010433 0.049500 0.151500 0.010450 0.049500 0.157500 0.010450 0.049500 0.157500 0.010500 0.049500 0.151250 0.010500 0.049500 0.151172 0.010490 0.049500 0.151100 0.010460 0.049500 0.151038 0.010412 0.049500 0.150990 0.010350 0.049500 0.150960 0.010278 0.049500 0.150950 0.010200 0.049500 0.150950 -0.029800 0.049500 0.150960 -0.029878 0.049500 0.150990 -0.029950 0.049500 0.151038 -0.030012 0.049500 0.151100 -0.030060 0.049500 0.151172 -0.030090 0.049500 0.151250 -0.030100 0.049500 0.170750 -0.030100 0.049500 0.170828 -0.030090 0.049500 0.170900 -0.030060 0.049500 0.170962 -0.030012 0.049500 0.171010 -0.029950 0.049500 0.171040 -0.029878 0.049500 0.151750 -0.029800 0.026700 0.160500 -0.029800 0.026700 0.160500 -0.036800 0.026700 0.157550 -0.036800 0.026700 0.157421 -0.036783 0.026700 0.157300 -0.036733 0.026700 0.157196 -0.036654 0.026700 0.157117 -0.036550 0.026700 0.157067 -0.036429 0.026700 0.157050 -0.036300 0.026700 0.157050 -0.035832 0.026700 0.157464 -0.035514 0.026700 0.157782 -0.035100 0.026700 0.157982 -0.034618 0.026700 0.158050 -0.034100 0.026700 0.157982 -0.033582 0.026700 0.157782 -0.033100 0.026700 0.157464 -0.032686 0.026700 0.157050 -0.032368 0.026700 0.156568 -0.032168 0.026700 0.156050 -0.032100 0.026700 0.155532 -0.032168 0.026700 0.155050 -0.032368 0.026700 0.154636 -0.032686 0.026700 0.154318 -0.033100 0.026700 0.154118 -0.033582 0.026700 0.154050 -0.034100 0.026700 0.154118 -0.034618 0.026700 0.154318 -0.035100 0.026700 0.154636 -0.035514 0.026700 0.155050 -0.035832 0.026700 0.155050 -0.036300 0.026700 0.155033 -0.036429 0.026700 0.154983 -0.036550 0.026700 0.154904 -0.036654 0.026700 0.154800 -0.036733 0.026700 0.154679 -0.036783 0.026700 0.154550 -0.036800 0.026700 0.153250 -0.036800 0.026700 0.152862 -0.036749 0.026700 0.152500 -0.036599 0.026700 0.152189 -0.036361 0.026700 0.151951 -0.036050 0.026700 0.151801 -0.035688 0.026700 0.151750 -0.035300 0.026700 0.161500 0.010200 0.026700 0.161500 0.017200 0.026700 0.164450 0.017200 0.026700 0.164579 0.017183 0.026700 0.164700 0.017133 0.026700 0.164804 0.017054 0.026700 0.164883 0.016950 0.026700 0.164933 0.016829 0.026700 0.164950 0.016700 0.026700 0.164950 0.016232 0.026700 0.164536 0.015914 0.026700 0.164218 0.015500 0.026700 0.164018 0.015018 0.026700 0.163950 0.014500 0.026700 0.164018 0.013982 0.026700 0.164218 0.013500 0.026700 0.164536 0.013086 0.026700 0.164950 0.012768 0.026700 0.165432 0.012568 0.026700 0.165950 0.012500 0.026700 0.166468 0.012568 0.026700 0.166950 0.012768 0.026700 0.167364 0.013086 0.026700 0.167682 0.013500 0.026700 0.167882 0.013982 0.026700 0.167950 0.014500 0.026700 0.167882 0.015018 0.026700 0.167682 0.015500 0.026700 0.167364 0.015914 0.026700 0.166950 0.016232 0.026700 0.166950 0.016700 0.026700 0.166967 0.016829 0.026700 0.167017 0.016950 0.026700 0.167096 0.017054 0.026700 0.167200 0.017133 0.026700 0.167321 0.017183 0.026700 0.167450 0.017200 0.026700 0.168750 0.017200 0.026700 0.169138 0.017149 0.026700 0.169500 0.016999 0.026700 0.169811 0.016761 0.026700 0.170049 0.016450 0.026700 0.170199 0.016088 0.026700 0.170250 0.015700 0.026700 0.170250 0.010200 0.026700 0.152100 -0.024100 0.020100 0.155868 -0.024100 0.020100 0.156655 -0.025000 0.020100 0.157597 -0.025736 0.020100 0.158662 -0.026282 0.020100 0.159809 -0.026617 0.020100 0.161000 -0.026730 0.020100 0.162190 -0.026617 0.020100 0.163338 -0.026282 0.020100 0.164403 -0.025736 0.020100 0.165345 -0.025000 0.020100 0.166132 -0.024100 0.020100 0.169900 -0.024100 0.020100 0.170750 -0.029300 0.020100 0.151250 -0.029300 0.020100 0.155868 -0.024100 0.018100 0.152100 -0.024100 0.017700 0.169900 -0.024100 0.017700 0.166132 -0.024100 0.018100 0.169900 -0.011400 0.018100 0.152100 -0.011400 0.018100 0.169900 -0.011400 0.017700 0.152100 -0.011400 0.017700 0.170750 0.009700 0.020100 0.167450 0.017200 0.029000 0.168750 0.017200 0.029000 0.160500 0.017200 0.026700 0.157550 0.017200 0.026700 0.157550 0.017200 0.029000 0.164450 0.017200 0.029000 0.154550 -0.036800 0.029000 0.153250 -0.036800 0.029000 0.161500 -0.036800 0.026700 0.164450 -0.036800 0.026700 0.164450 -0.036800 0.029000 0.157550 -0.036800 0.029000 0.151500 0.010200 0.020500 0.170500 0.010200 0.020500 0.170629 0.010183 0.020500 0.170750 0.010133 0.020500 0.170854 0.010054 0.020500 0.170933 0.009950 0.020500 0.170983 0.009829 0.020500 0.171000 0.009700 0.020500 0.171000 -0.029300 0.020500 0.170983 -0.029429 0.020500 0.170933 -0.029550 0.020500 0.170854 -0.029654 0.020500 0.170750 -0.029733 0.020500 0.170629 -0.029783 0.020500 0.170500 -0.029800 0.020500 0.151500 -0.029800 0.020500 0.151371 -0.029783 0.020500 0.151250 -0.029733 0.020500 0.151146 -0.029654 0.020500 0.151067 -0.029550 0.020500 0.151017 -0.029429 0.020500 0.151000 -0.029300 0.020500 0.151000 0.009700 0.020500 0.151017 0.009829 0.020500 0.151067 0.009950 0.020500 0.151146 0.010054 0.020500 0.151250 0.010133 0.020500 0.151371 0.010183 0.020500 0.170750 -0.029300 0.020500 0.170750 0.009700 0.020500 0.151250 0.009700 0.020500 0.151250 -0.029300 0.020500 0.151750 -0.029800 0.029000 0.151500 -0.029800 0.029000 0.170500 -0.029800 0.029000 0.170250 -0.029800 0.029000 0.170250 -0.029800 0.026700 0.161500 -0.029800 0.026700 0.161500 -0.029800 0.025200 0.160500 -0.029800 0.025200 0.170250 0.010200 0.029000 0.170500 0.010200 0.029000 0.151500 0.010200 0.029000 0.151750 0.010200 0.029000 0.151750 0.010200 0.026700 0.160500 0.010200 0.026700 0.160500 0.010200 0.025200 0.161500 0.010200 0.025200 0.170750 -0.030300 0.029000 0.170750 -0.030300 0.049300 0.151250 0.010700 0.049300 0.157711 0.010700 0.049300 0.157740 0.010700 0.049293 0.157770 0.010700 0.049288 0.157799 0.010700 0.049287 0.164201 0.010700 0.049287 0.164230 0.010700 0.049288 0.164260 0.010700 0.049293 0.170250 0.010700 0.029000 0.151750 0.010700 0.029000 0.151250 0.010700 0.029000 0.171250 -0.012500 0.035000 0.171250 -0.029800 0.035000 0.151000 -0.029300 0.029000 0.151000 0.009700 0.029000 0.171000 0.009700 0.029000 0.171000 -0.029300 0.029000 0.153250 0.017200 0.029000 0.154550 0.017200 0.029000 0.154550 0.017200 0.026700 0.153250 0.017200 0.026700 0.151750 0.015700 0.026700 0.151801 0.016088 0.026700 0.151951 0.016450 0.026700 0.152189 0.016761 0.026700 0.152500 0.016999 0.026700 0.152862 0.017149 0.026700 0.154679 0.017183 0.026700 0.154800 0.017133 0.026700 0.154904 0.017054 0.026700 0.154983 0.016950 0.026700 0.155033 0.016829 0.026700 0.155050 0.016700 0.026700 0.155050 0.016232 0.026700 0.154636 0.015914 0.026700 0.154318 0.015500 0.026700 0.154118 0.015018 0.026700 0.154050 0.014500 0.026700 0.154118 0.013982 0.026700 0.154318 0.013500 0.026700 0.154636 0.013086 0.026700 0.155050 0.012768 0.026700 0.155532 0.012568 0.026700 0.156050 0.012500 0.026700 0.156568 0.012568 0.026700 0.157050 0.012768 0.026700 0.157464 0.013086 0.026700 0.157782 0.013500 0.026700 0.157982 0.013982 0.026700 0.158050 0.014500 0.026700 0.157982 0.015018 0.026700 0.157782 0.015500 0.026700 0.157464 0.015914 0.026700 0.157050 0.016232 0.026700 0.157050 0.016700 0.026700 0.157067 0.016829 0.026700 0.157117 0.016950 0.026700 0.157196 0.017054 0.026700 0.157300 0.017133 0.026700 0.157421 0.017183 0.026700 0.170250 0.015700 0.029000 0.170250 0.010800 0.029000 0.151750 0.010800 0.029000 0.151750 0.015700 0.029000 0.157480 0.016550 0.029000 0.157480 0.015898 0.029000 0.157789 0.015487 0.029000 0.157984 0.015010 0.029000 0.158050 0.014500 0.029000 0.157984 0.013990 0.029000 0.157789 0.013513 0.029000 0.157480 0.013102 0.029000 0.157480 0.010800 0.029000 0.164520 0.010800 0.029000 0.164520 0.013102 0.029000 0.164211 0.013513 0.029000 0.164016 0.013990 0.029000 0.163950 0.014500 0.029000 0.164016 0.015010 0.029000 0.164211 0.015487 0.029000 0.164520 0.015898 0.029000 0.164520 0.016550 0.029000 0.151750 -0.035300 0.029000 0.170250 -0.035300 0.029000 0.170250 -0.035300 0.026700 0.170199 -0.035688 0.026700 0.170049 -0.036050 0.026700 0.169811 -0.036361 0.026700 0.169500 -0.036599 0.026700 0.169138 -0.036749 0.026700 0.168750 -0.036800 0.026700 0.167450 -0.036800 0.026700 0.167321 -0.036783 0.026700 0.167200 -0.036733 0.026700 0.167096 -0.036654 0.026700 0.167017 -0.036550 0.026700 0.166967 -0.036429 0.026700 0.166950 -0.036300 0.026700 0.166950 -0.035832 0.026700 0.167364 -0.035514 0.026700 0.167682 -0.035100 0.026700 0.167882 -0.034618 0.026700 0.167950 -0.034100 0.026700 0.167882 -0.033582 0.026700 0.167682 -0.033100 0.026700 0.167364 -0.032686 0.026700 0.166950 -0.032368 0.026700 0.166468 -0.032168 0.026700 0.165950 -0.032100 0.026700 0.165432 -0.032168 0.026700 0.164950 -0.032368 0.026700 0.164536 -0.032686 0.026700 0.164218 -0.033100 0.026700 0.164018 -0.033582 0.026700 0.163950 -0.034100 0.026700 0.164018 -0.034618 0.026700 0.164218 -0.035100 0.026700 0.164536 -0.035514 0.026700 0.164950 -0.035832 0.026700 0.164950 -0.036300 0.026700 0.164933 -0.036429 0.026700 0.164883 -0.036550 0.026700 0.164804 -0.036654 0.026700 0.164700 -0.036733 0.026700 0.164579 -0.036783 0.026700 0.168750 -0.036800 0.029000 0.167450 -0.036800 0.029000 0.164500 0.010387 0.053122 0.164472 0.010386 0.053175 0.164435 0.010385 0.053221 0.164389 0.010384 0.053259 0.164336 0.010384 0.053287 0.157664 0.010384 0.053287 0.157611 0.010384 0.053259 0.157565 0.010385 0.053221 0.157528 0.010386 0.053175 0.157500 0.010387 0.053122 0.151596 0.010354 0.055000 0.170404 0.010354 0.055000 0.151096 -0.029454 0.055000 0.151096 0.009854 0.055000 0.170404 -0.029954 0.055000 0.151596 -0.029954 0.055000 0.170904 0.009854 0.055000 0.170904 -0.029454 0.055000 0.166500 -0.028501 0.057000 0.166500 -0.027800 0.057000 0.166568 -0.027282 0.057000 0.166768 -0.026800 0.057000 0.167086 -0.026386 0.057000 0.167500 -0.026068 0.057000 0.167982 -0.025868 0.057000 0.168500 -0.025800 0.057000 0.169451 -0.025800 0.057000 0.169451 0.006200 0.057000 0.168500 0.006200 0.057000 0.167982 0.006268 0.057000 0.167500 0.006468 0.057000 0.167086 0.006786 0.057000 0.166768 0.007200 0.057000 0.166568 0.007682 0.057000 0.166500 0.008200 0.057000 0.166500 0.008901 0.057000 0.155500 0.008901 0.057000 0.155500 0.008200 0.057000 0.155432 0.007682 0.057000 0.155232 0.007200 0.057000 0.154914 0.006786 0.057000 0.154500 0.006468 0.057000 0.154018 0.006268 0.057000 0.153500 0.006200 0.057000 0.152549 0.006200 0.057000 0.152549 -0.025800 0.057000 0.153500 -0.025800 0.057000 0.154018 -0.025868 0.057000 0.154500 -0.026068 0.057000 0.154914 -0.026386 0.057000 0.155232 -0.026800 0.057000 0.155432 -0.027282 0.057000 0.155500 -0.027800 0.057000 0.155500 -0.028501 0.057000 0.151250 0.009700 0.020100 0.164950 -0.035832 0.029000 0.164950 -0.036300 0.029000 0.166950 -0.036300 0.029000 0.166950 -0.035832 0.029000 0.155050 -0.035832 0.029000 0.155050 -0.036300 0.029000 0.157050 -0.036300 0.029000 0.157050 -0.035832 0.029000 0.157050 0.016232 0.029000 0.157050 0.016700 0.029000 0.155050 0.016700 0.029000 0.155050 0.016232 0.029000 0.166950 0.016232 0.029000 0.166950 0.016700 0.029000 0.164950 0.016700 0.029000 0.164950 0.016232 0.029000 0.170199 -0.035688 0.029000 0.170049 -0.036050 0.029000 0.169811 -0.036361 0.029000 0.169500 -0.036599 0.029000 0.169138 -0.036749 0.029000 0.152862 -0.036749 0.029000 0.152500 -0.036599 0.029000 0.152189 -0.036361 0.029000 0.151951 -0.036050 0.029000 0.151801 -0.035688 0.029000 0.169138 0.017149 0.029000 0.169500 0.016999 0.029000 0.169811 0.016761 0.029000 0.170049 0.016450 0.029000 0.170199 0.016088 0.029000 0.151801 0.016088 0.029000 0.151951 0.016450 0.029000 0.152189 0.016761 0.029000 0.152500 0.016999 0.029000 0.152862 0.017149 0.029000 0.167321 -0.036783 0.029000 0.167200 -0.036733 0.029000 0.167096 -0.036654 0.029000 0.167017 -0.036550 0.029000 0.166967 -0.036429 0.029000 0.164933 -0.036429 0.029000 0.164883 -0.036550 0.029000 0.164804 -0.036654 0.029000 0.164700 -0.036733 0.029000 0.164579 -0.036783 0.029000 0.157421 -0.036783 0.029000 0.157300 -0.036733 0.029000 0.157196 -0.036654 0.029000 0.157117 -0.036550 0.029000 0.157067 -0.036429 0.029000 0.155033 -0.036429 0.029000 0.154983 -0.036550 0.029000 0.154904 -0.036654 0.029000 0.154800 -0.036733 0.029000 0.154679 -0.036783 0.029000 0.166967 0.016829 0.029000 0.167017 0.016950 0.029000 0.167096 0.017054 0.029000 0.167200 0.017133 0.029000 0.167321 0.017183 0.029000 0.164579 0.017183 0.029000 0.164700 0.017133 0.029000 0.164804 0.017054 0.029000 0.164883 0.016950 0.029000 0.164933 0.016829 0.029000 0.157067 0.016829 0.029000 0.157117 0.016950 0.029000 0.157196 0.017054 0.029000 0.157300 0.017133 0.029000 0.157421 0.017183 0.029000 0.154679 0.017183 0.029000 0.154800 0.017133 0.029000 0.154904 0.017054 0.029000 0.154983 0.016950 0.029000 0.155033 0.016829 0.029000 0.153150 -0.023000 0.017700 0.168850 -0.023000 0.017700 0.168850 -0.012500 0.017700 0.153150 -0.012500 0.017700 0.153150 -0.023000 0.018100 0.168850 -0.023000 0.018100 0.153150 -0.012500 0.018100 0.168850 -0.012500 0.018100 0.165345 -0.025000 0.018100 0.164403 -0.025736 0.018100 0.163338 -0.026282 0.018100 0.162190 -0.026617 0.018100 0.161000 -0.026730 0.018100 0.159809 -0.026617 0.018100 0.158662 -0.026282 0.018100 0.157597 -0.025736 0.018100 0.156655 -0.025000 0.018100 0.170629 0.010183 0.029000 0.170750 0.010133 0.029000 0.170854 0.010054 0.029000 0.170933 0.009950 0.029000 0.170983 0.009829 0.029000 0.170983 0.009829 0.023333 0.170983 0.009829 0.026167 0.170933 0.009950 0.023333 0.170933 0.009950 0.026167 0.170854 0.010054 0.023333 0.170854 0.010054 0.026167 0.170750 0.010133 0.023333 0.170750 0.010133 0.026167 0.170629 0.010183 0.023333 0.170629 0.010183 0.026167 0.151017 0.009829 0.029000 0.151067 0.009950 0.029000 0.151146 0.010054 0.029000 0.151250 0.010133 0.029000 0.151371 0.010183 0.029000 0.151371 0.010183 0.023333 0.151371 0.010183 0.026167 0.151250 0.010133 0.023333 0.151250 0.010133 0.026167 0.151146 0.010054 0.023333 0.151146 0.010054 0.026167 0.151067 0.009950 0.023333 0.151067 0.009950 0.026167 0.151017 0.009829 0.023333 0.151017 0.009829 0.026167 0.150800 0.010418 0.029000 0.150800 0.010418 0.049300 0.150860 0.010512 0.049300 0.150939 0.010591 0.049300 0.151033 0.010651 0.049300 0.151139 0.010688 0.049300 0.151139 0.010688 0.029000 0.151033 0.010651 0.029000 0.150939 0.010591 0.029000 0.150860 0.010512 0.029000 0.150860 0.010512 0.047044 0.150860 0.010512 0.044789 0.150860 0.010512 0.042533 0.150860 0.010512 0.040278 0.150860 0.010512 0.038022 0.150860 0.010512 0.035767 0.150860 0.010512 0.033511 0.150860 0.010512 0.031256 0.150939 0.010591 0.047044 0.150939 0.010591 0.044789 0.150939 0.010591 0.042533 0.150939 0.010591 0.040278 0.150939 0.010591 0.038022 0.150939 0.010591 0.035767 0.150939 0.010591 0.033511 0.150939 0.010591 0.031256 0.151033 0.010651 0.047044 0.151033 0.010651 0.044789 0.151033 0.010651 0.042533 0.151033 0.010651 0.040278 0.151033 0.010651 0.038022 0.151033 0.010651 0.035767 0.151033 0.010651 0.033511 0.151033 0.010651 0.031256 0.151139 0.010688 0.047044 0.151139 0.010688 0.044789 0.151139 0.010688 0.042533 0.151139 0.010688 0.040278 0.151139 0.010688 0.038022 0.151139 0.010688 0.035767 0.151139 0.010688 0.033511 0.151139 0.010688 0.031256 0.151371 -0.029783 0.029000 0.151250 -0.029733 0.029000 0.151146 -0.029654 0.029000 0.151067 -0.029550 0.029000 0.151017 -0.029429 0.029000 0.151017 -0.029429 0.023333 0.151017 -0.029429 0.026167 0.151067 -0.029550 0.023333 0.151067 -0.029550 0.026167 0.151146 -0.029654 0.023333 0.151146 -0.029654 0.026167 0.151250 -0.029733 0.023333 0.151250 -0.029733 0.026167 0.151371 -0.029783 0.023333 0.151371 -0.029783 0.026167 0.171200 -0.030018 0.035000 0.171228 -0.029948 0.035000 0.171244 -0.029875 0.035000 0.171233 -0.029929 0.049300 0.171183 -0.030050 0.049300 0.171104 -0.030154 0.049300 0.171000 -0.030233 0.049300 0.170879 -0.030283 0.049300 0.170861 -0.030288 0.029000 0.170967 -0.030251 0.029000 0.171061 -0.030191 0.029000 0.171140 -0.030112 0.029000 0.171200 -0.030018 0.029000 0.171233 -0.029929 0.036612 0.171233 -0.029929 0.039150 0.171233 -0.029929 0.041688 0.171233 -0.029929 0.044225 0.171233 -0.029929 0.046762 0.171183 -0.030050 0.046762 0.171183 -0.030050 0.044225 0.171183 -0.030050 0.041688 0.171183 -0.030050 0.039150 0.171183 -0.030050 0.036612 0.171183 -0.030050 0.034075 0.171183 -0.030050 0.031538 0.171104 -0.030154 0.046762 0.171104 -0.030154 0.044225 0.171104 -0.030154 0.041688 0.171104 -0.030154 0.039150 0.171104 -0.030154 0.036612 0.171104 -0.030154 0.034075 0.171104 -0.030154 0.031538 0.171000 -0.030233 0.046762 0.171000 -0.030233 0.044225 0.171000 -0.030233 0.041688 0.171000 -0.030233 0.039150 0.171000 -0.030233 0.036612 0.171000 -0.030233 0.034075 0.171000 -0.030233 0.031538 0.170879 -0.030283 0.046762 0.170879 -0.030283 0.044225 0.170879 -0.030283 0.041688 0.170879 -0.030283 0.039150 0.170879 -0.030283 0.036612 0.170879 -0.030283 0.034075 0.170879 -0.030283 0.031538 0.170983 -0.029429 0.029000 0.170933 -0.029550 0.029000 0.170854 -0.029654 0.029000 0.170750 -0.029733 0.029000 0.170629 -0.029783 0.029000 0.170629 -0.029783 0.023333 0.170629 -0.029783 0.026167 0.170750 -0.029733 0.023333 0.170750 -0.029733 0.026167 0.170854 -0.029654 0.023333 0.170854 -0.029654 0.026167 0.170933 -0.029550 0.023333 0.170933 -0.029550 0.026167 0.170983 -0.029429 0.023333 0.170983 -0.029429 0.026167 0.157500 0.010514 0.049486 0.157534 0.010577 0.049423 0.157582 0.010630 0.049370 0.157643 0.010672 0.049328 0.157676 0.010688 0.049312 0.150800 0.010305 0.049338 0.150800 0.010200 0.049350 0.150800 -0.012500 0.049350 0.151500 0.006200 0.055556 0.151500 0.009545 0.055556 0.151104 0.009942 0.055011 0.151098 0.009898 0.055003 0.151098 -0.029498 0.055003 0.151104 -0.029542 0.055011 0.151500 -0.029145 0.055556 0.151500 -0.025800 0.055556 0.151508 -0.029946 0.055011 0.151552 -0.029952 0.055003 0.170448 -0.029952 0.055003 0.170492 -0.029946 0.055011 0.151552 0.010352 0.055003 0.151508 0.010346 0.055011 0.170492 0.010346 0.055011 0.170448 0.010352 0.055003 0.170902 0.009898 0.055003 0.170896 0.009942 0.055011 0.170500 0.009545 0.055556 0.170500 0.006200 0.055556 0.170500 -0.025800 0.055556 0.170500 -0.029145 0.055556 0.170896 -0.029542 0.055011 0.170902 -0.029498 0.055003 0.170500 0.009658 0.055542 0.170500 -0.029258 0.055542 0.151500 0.009658 0.055542 0.151500 -0.029258 0.055542 0.151140 0.010057 0.055036 0.151203 0.010161 0.055048 0.151289 0.010247 0.055048 0.151393 0.010310 0.055036 0.151065 0.010031 0.052273 0.151115 0.010152 0.052274 0.151195 0.010255 0.052274 0.151298 0.010335 0.052274 0.151419 0.010385 0.052273 0.170860 0.010057 0.055036 0.170797 0.010161 0.055048 0.170711 0.010247 0.055048 0.170607 0.010310 0.055036 0.170935 0.010031 0.052273 0.170885 0.010152 0.052274 0.170805 0.010255 0.052274 0.170702 0.010335 0.052274 0.170581 0.010385 0.052273 0.151140 -0.029657 0.055036 0.151203 -0.029761 0.055048 0.151289 -0.029847 0.055048 0.151393 -0.029910 0.055036 0.151065 -0.029631 0.052273 0.151115 -0.029752 0.052274 0.151195 -0.029855 0.052274 0.151298 -0.029935 0.052274 0.151419 -0.029985 0.052273 0.170607 -0.029910 0.055036 0.170711 -0.029847 0.055048 0.170797 -0.029761 0.055048 0.170860 -0.029657 0.055036 0.170581 -0.029985 0.052273 0.170702 -0.029935 0.052274 0.170805 -0.029855 0.052274 0.170885 -0.029752 0.052274 0.170935 -0.029631 0.052273 0.164264 0.010620 0.053287 0.164247 0.010655 0.053287 0.164231 0.010680 0.053287 0.164223 0.010689 0.053287 0.164216 0.010695 0.053287 0.164208 0.010699 0.053287 0.164204 0.010700 0.053287 0.164201 0.010700 0.053287 0.157799 0.010700 0.053287 0.157796 0.010700 0.053287 0.157792 0.010699 0.053287 0.157784 0.010695 0.053287 0.157777 0.010689 0.053287 0.157769 0.010680 0.053287 0.157753 0.010655 0.053287 0.157736 0.010620 0.053287 0.164500 0.010700 0.049586 0.164500 0.010700 0.052988 0.164500 0.010700 0.052991 0.164500 0.010699 0.052995 0.164500 0.010695 0.053002 0.164500 0.010689 0.053010 0.164500 0.010680 0.053018 0.164500 0.010655 0.053034 0.164500 0.010621 0.053050 0.164500 0.010653 0.049539 0.164500 0.010674 0.049551 0.164500 0.010688 0.049563 0.164500 0.010693 0.049569 0.164500 0.010697 0.049575 0.164500 0.010699 0.049580 0.157500 0.010700 0.052988 0.157500 0.010700 0.049586 0.157500 0.010699 0.049580 0.157500 0.010697 0.049575 0.157500 0.010693 0.049569 0.157500 0.010688 0.049563 0.157500 0.010674 0.049551 0.157500 0.010653 0.049539 0.157500 0.010621 0.053050 0.157500 0.010655 0.053034 0.157500 0.010680 0.053018 0.157500 0.010689 0.053010 0.157500 0.010695 0.053002 0.157500 0.010699 0.052995 0.157500 0.010700 0.052991 0.158079 0.014700 0.049567 0.163921 0.014700 0.049567 0.157780 0.014700 0.052708 0.157780 0.014700 0.049866 0.163921 0.014700 0.053007 0.158079 0.014700 0.053007 0.164220 0.014700 0.049866 0.164220 0.014700 0.052708 0.163999 0.014700 0.052997 0.164071 0.014700 0.052967 0.164133 0.014700 0.052920 0.164180 0.014700 0.052858 0.164210 0.014700 0.052785 0.164210 0.014700 0.049788 0.164180 0.014700 0.049716 0.164133 0.014700 0.049654 0.164071 0.014700 0.049607 0.163999 0.014700 0.049577 0.158001 0.014700 0.049577 0.157929 0.014700 0.049607 0.157867 0.014700 0.049654 0.157820 0.014700 0.049716 0.157790 0.014700 0.049788 0.157790 0.014700 0.052785 0.157820 0.014700 0.052858 0.157867 0.014700 0.052920 0.157929 0.014700 0.052967 0.158001 0.014700 0.052997 0.164311 0.013263 0.052886 0.164411 0.011822 0.052987 0.164280 0.013266 0.052958 0.164381 0.011825 0.053059 0.164233 0.013267 0.053020 0.164334 0.011826 0.053120 0.164171 0.013266 0.053067 0.164272 0.011825 0.053168 0.164099 0.013263 0.053097 0.164200 0.011822 0.053198 0.164096 0.013308 0.049479 0.164194 0.011911 0.049382 0.164168 0.013311 0.049509 0.164266 0.011914 0.049412 0.164230 0.013312 0.049557 0.164328 0.011915 0.049459 0.164277 0.013311 0.049619 0.164375 0.011914 0.049521 0.164307 0.013308 0.049691 0.164405 0.011911 0.049593 0.157693 0.013308 0.049691 0.157595 0.011911 0.049593 0.157723 0.013311 0.049619 0.157625 0.011914 0.049521 0.157770 0.013312 0.049557 0.157672 0.011915 0.049459 0.157832 0.013311 0.049509 0.157734 0.011914 0.049412 0.157904 0.013308 0.049479 0.157806 0.011911 0.049382 0.157901 0.013263 0.053097 0.157800 0.011822 0.053198 0.157829 0.013266 0.053067 0.157728 0.011825 0.053168 0.157767 0.013267 0.053020 0.157666 0.011826 0.053120 0.157720 0.013266 0.052958 0.157619 0.011825 0.053059 0.157689 0.013263 0.052886 0.157589 0.011822 0.052987 0.168500 -0.026050 0.056300 0.168047 -0.026110 0.056300 0.167625 -0.026284 0.056300 0.167263 -0.026563 0.056300 0.166984 -0.026925 0.056300 0.166810 -0.027347 0.056300 0.166750 -0.027800 0.056300 0.166810 -0.028253 0.056300 0.166984 -0.028675 0.056300 0.167263 -0.029037 0.056300 0.167625 -0.029316 0.056300 0.168047 -0.029490 0.056300 0.168500 -0.029550 0.056300 0.168953 -0.029490 0.056300 0.169375 -0.029316 0.056300 0.169737 -0.029037 0.056300 0.170016 -0.028675 0.056300 0.170190 -0.028253 0.056300 0.170250 -0.027800 0.056300 0.170190 -0.027347 0.056300 0.170016 -0.026925 0.056300 0.169737 -0.026563 0.056300 0.169375 -0.026284 0.056300 0.168953 -0.026110 0.056300 0.168500 -0.026550 0.056800 0.168824 -0.026593 0.056800 0.169125 -0.026717 0.056800 0.169384 -0.026916 0.056800 0.169583 -0.027175 0.056800 0.169707 -0.027476 0.056800 0.169750 -0.027800 0.056800 0.169707 -0.028124 0.056800 0.169583 -0.028425 0.056800 0.169384 -0.028684 0.056800 0.169125 -0.028883 0.056800 0.168824 -0.029007 0.056800 0.168500 -0.029050 0.056800 0.168176 -0.029007 0.056800 0.167875 -0.028883 0.056800 0.167616 -0.028684 0.056800 0.167417 -0.028425 0.056800 0.167293 -0.028124 0.056800 0.167250 -0.027800 0.056800 0.167293 -0.027476 0.056800 0.167417 -0.027175 0.056800 0.167616 -0.026916 0.056800 0.167875 -0.026717 0.056800 0.168176 -0.026593 0.056800 0.168500 -0.029533 0.056429 0.168500 -0.029483 0.056550 0.168500 -0.029404 0.056654 0.168500 -0.029300 0.056733 0.168500 -0.029179 0.056783 0.168051 -0.026126 0.056429 0.168064 -0.026174 0.056550 0.168085 -0.026251 0.056654 0.168112 -0.026351 0.056733 0.168143 -0.026468 0.056783 0.168500 -0.026421 0.056783 0.168500 -0.026300 0.056733 0.168500 -0.026196 0.056654 0.168500 -0.026117 0.056550 0.168500 -0.026067 0.056429 0.167634 -0.026299 0.056429 0.167658 -0.026342 0.056550 0.167698 -0.026411 0.056654 0.167750 -0.026501 0.056733 0.167810 -0.026605 0.056783 0.167275 -0.026575 0.056429 0.167310 -0.026610 0.056550 0.167366 -0.026666 0.056654 0.167439 -0.026739 0.056733 0.167525 -0.026825 0.056783 0.166999 -0.026934 0.056429 0.167042 -0.026958 0.056550 0.167111 -0.026998 0.056654 0.167201 -0.027050 0.056733 0.167305 -0.027110 0.056783 0.166826 -0.027351 0.056429 0.166874 -0.027364 0.056550 0.166951 -0.027385 0.056654 0.167051 -0.027412 0.056733 0.167168 -0.027443 0.056783 0.166767 -0.027800 0.056429 0.166817 -0.027800 0.056550 0.166896 -0.027800 0.056654 0.167000 -0.027800 0.056733 0.167121 -0.027800 0.056783 0.166826 -0.028249 0.056429 0.166874 -0.028236 0.056550 0.166951 -0.028215 0.056654 0.167051 -0.028188 0.056733 0.167168 -0.028157 0.056783 0.166999 -0.028666 0.056429 0.167042 -0.028642 0.056550 0.167111 -0.028602 0.056654 0.167201 -0.028550 0.056733 0.167305 -0.028490 0.056783 0.167275 -0.029025 0.056429 0.167310 -0.028990 0.056550 0.167366 -0.028934 0.056654 0.167439 -0.028861 0.056733 0.167525 -0.028775 0.056783 0.167634 -0.029301 0.056429 0.167658 -0.029258 0.056550 0.167698 -0.029189 0.056654 0.167750 -0.029099 0.056733 0.167810 -0.028995 0.056783 0.168051 -0.029474 0.056429 0.168064 -0.029426 0.056550 0.168085 -0.029349 0.056654 0.168112 -0.029249 0.056733 0.168143 -0.029132 0.056783 0.168949 -0.029474 0.056429 0.168936 -0.029426 0.056550 0.168915 -0.029349 0.056654 0.168888 -0.029249 0.056733 0.168857 -0.029132 0.056783 0.169366 -0.029301 0.056429 0.169342 -0.029258 0.056550 0.169302 -0.029189 0.056654 0.169250 -0.029099 0.056733 0.169190 -0.028995 0.056783 0.169725 -0.029025 0.056429 0.169690 -0.028990 0.056550 0.169634 -0.028934 0.056654 0.169561 -0.028861 0.056733 0.169475 -0.028775 0.056783 0.170001 -0.028666 0.056429 0.169958 -0.028642 0.056550 0.169889 -0.028602 0.056654 0.169799 -0.028550 0.056733 0.169695 -0.028490 0.056783 0.170174 -0.028249 0.056429 0.170126 -0.028236 0.056550 0.170049 -0.028215 0.056654 0.169949 -0.028188 0.056733 0.169832 -0.028157 0.056783 0.170233 -0.027800 0.056429 0.170183 -0.027800 0.056550 0.170104 -0.027800 0.056654 0.170000 -0.027800 0.056733 0.169879 -0.027800 0.056783 0.170174 -0.027351 0.056429 0.170126 -0.027364 0.056550 0.170049 -0.027385 0.056654 0.169949 -0.027412 0.056733 0.169832 -0.027443 0.056783 0.170001 -0.026934 0.056429 0.169958 -0.026958 0.056550 0.169889 -0.026998 0.056654 0.169799 -0.027050 0.056733 0.169695 -0.027110 0.056783 0.169725 -0.026575 0.056429 0.169690 -0.026610 0.056550 0.169634 -0.026666 0.056654 0.169561 -0.026739 0.056733 0.169475 -0.026825 0.056783 0.169366 -0.026299 0.056429 0.169342 -0.026342 0.056550 0.169302 -0.026411 0.056654 0.169250 -0.026501 0.056733 0.169190 -0.026605 0.056783 0.168949 -0.026126 0.056429 0.168936 -0.026174 0.056550 0.168915 -0.026251 0.056654 0.168888 -0.026351 0.056733 0.168857 -0.026468 0.056783 0.168260 -0.028040 0.056800 0.167610 -0.028040 0.056800 0.167610 -0.027560 0.056800 0.168260 -0.027560 0.056800 0.168260 -0.026910 0.056800 0.168740 -0.026910 0.056800 0.168740 -0.027560 0.056800 0.169390 -0.027560 0.056800 0.169390 -0.028040 0.056800 0.168740 -0.028040 0.056800 0.168740 -0.028690 0.056800 0.168260 -0.028690 0.056800 0.168682 -0.027618 0.055700 0.169332 -0.027618 0.055700 0.169332 -0.027982 0.055700 0.168682 -0.027982 0.055700 0.167668 -0.027982 0.055700 0.167668 -0.027618 0.055700 0.168318 -0.027618 0.055700 0.168318 -0.027982 0.055700 0.168682 -0.026968 0.055700 0.168318 -0.026968 0.055700 0.168318 -0.028632 0.055700 0.168682 -0.028632 0.055700 0.153500 0.009950 0.056300 0.153047 0.009890 0.056300 0.152625 0.009716 0.056300 0.152263 0.009437 0.056300 0.151984 0.009075 0.056300 0.151810 0.008653 0.056300 0.151750 0.008200 0.056300 0.151810 0.007747 0.056300 0.151984 0.007325 0.056300 0.152263 0.006963 0.056300 0.152625 0.006684 0.056300 0.153047 0.006510 0.056300 0.153500 0.006450 0.056300 0.153953 0.006510 0.056300 0.154375 0.006684 0.056300 0.154737 0.006963 0.056300 0.155016 0.007325 0.056300 0.155190 0.007747 0.056300 0.155250 0.008200 0.056300 0.155190 0.008653 0.056300 0.155016 0.009075 0.056300 0.154737 0.009437 0.056300 0.154375 0.009716 0.056300 0.153953 0.009890 0.056300 0.153500 0.009450 0.056800 0.153824 0.009407 0.056800 0.154125 0.009283 0.056800 0.154384 0.009084 0.056800 0.154583 0.008825 0.056800 0.154707 0.008524 0.056800 0.154750 0.008200 0.056800 0.154707 0.007876 0.056800 0.154583 0.007575 0.056800 0.154384 0.007316 0.056800 0.154125 0.007117 0.056800 0.153824 0.006993 0.056800 0.153500 0.006950 0.056800 0.153176 0.006993 0.056800 0.152875 0.007117 0.056800 0.152616 0.007316 0.056800 0.152417 0.007575 0.056800 0.152293 0.007876 0.056800 0.152250 0.008200 0.056800 0.152293 0.008524 0.056800 0.152417 0.008825 0.056800 0.152616 0.009084 0.056800 0.152875 0.009283 0.056800 0.153176 0.009407 0.056800 0.153500 0.006467 0.056429 0.153500 0.006517 0.056550 0.153500 0.006596 0.056654 0.153500 0.006700 0.056733 0.153500 0.006821 0.056783 0.153051 0.009874 0.056429 0.153064 0.009826 0.056550 0.153085 0.009749 0.056654 0.153112 0.009649 0.056733 0.153143 0.009532 0.056783 0.153500 0.009579 0.056783 0.153500 0.009700 0.056733 0.153500 0.009804 0.056654 0.153500 0.009883 0.056550 0.153500 0.009933 0.056429 0.152634 0.009701 0.056429 0.152658 0.009658 0.056550 0.152698 0.009589 0.056654 0.152750 0.009499 0.056733 0.152810 0.009395 0.056783 0.152275 0.009425 0.056429 0.152310 0.009390 0.056550 0.152366 0.009334 0.056654 0.152439 0.009261 0.056733 0.152525 0.009175 0.056783 0.151999 0.009066 0.056429 0.152042 0.009042 0.056550 0.152111 0.009002 0.056654 0.152201 0.008950 0.056733 0.152305 0.008890 0.056783 0.151826 0.008649 0.056429 0.151874 0.008636 0.056550 0.151951 0.008615 0.056654 0.152051 0.008588 0.056733 0.152168 0.008557 0.056783 0.151767 0.008200 0.056429 0.151817 0.008200 0.056550 0.151896 0.008200 0.056654 0.152000 0.008200 0.056733 0.152121 0.008200 0.056783 0.151826 0.007751 0.056429 0.151874 0.007764 0.056550 0.151951 0.007785 0.056654 0.152051 0.007812 0.056733 0.152168 0.007843 0.056783 0.151999 0.007334 0.056429 0.152042 0.007358 0.056550 0.152111 0.007398 0.056654 0.152201 0.007450 0.056733 0.152305 0.007510 0.056783 0.152275 0.006975 0.056429 0.152310 0.007010 0.056550 0.152366 0.007066 0.056654 0.152439 0.007139 0.056733 0.152525 0.007225 0.056783 0.152634 0.006699 0.056429 0.152658 0.006742 0.056550 0.152698 0.006811 0.056654 0.152750 0.006901 0.056733 0.152810 0.007005 0.056783 0.153051 0.006526 0.056429 0.153064 0.006574 0.056550 0.153085 0.006651 0.056654 0.153112 0.006751 0.056733 0.153143 0.006868 0.056783 0.153949 0.006526 0.056429 0.153936 0.006574 0.056550 0.153915 0.006651 0.056654 0.153888 0.006751 0.056733 0.153857 0.006868 0.056783 0.154366 0.006699 0.056429 0.154342 0.006742 0.056550 0.154302 0.006811 0.056654 0.154250 0.006901 0.056733 0.154190 0.007005 0.056783 0.154725 0.006975 0.056429 0.154690 0.007010 0.056550 0.154634 0.007066 0.056654 0.154561 0.007139 0.056733 0.154475 0.007225 0.056783 0.155001 0.007334 0.056429 0.154958 0.007358 0.056550 0.154889 0.007398 0.056654 0.154799 0.007450 0.056733 0.154695 0.007510 0.056783 0.155174 0.007751 0.056429 0.155126 0.007764 0.056550 0.155049 0.007785 0.056654 0.154949 0.007812 0.056733 0.154832 0.007843 0.056783 0.155233 0.008200 0.056429 0.155183 0.008200 0.056550 0.155104 0.008200 0.056654 0.155000 0.008200 0.056733 0.154879 0.008200 0.056783 0.155174 0.008649 0.056429 0.155126 0.008636 0.056550 0.155049 0.008615 0.056654 0.154949 0.008588 0.056733 0.154832 0.008557 0.056783 0.155001 0.009066 0.056429 0.154958 0.009042 0.056550 0.154889 0.009002 0.056654 0.154799 0.008950 0.056733 0.154695 0.008890 0.056783 0.154725 0.009425 0.056429 0.154690 0.009390 0.056550 0.154634 0.009334 0.056654 0.154561 0.009261 0.056733 0.154475 0.009175 0.056783 0.154366 0.009701 0.056429 0.154342 0.009658 0.056550 0.154302 0.009589 0.056654 0.154250 0.009499 0.056733 0.154190 0.009395 0.056783 0.153949 0.009874 0.056429 0.153936 0.009826 0.056550 0.153915 0.009749 0.056654 0.153888 0.009649 0.056733 0.153857 0.009532 0.056783 0.153260 0.008440 0.056800 0.153260 0.009090 0.056800 0.153740 0.009090 0.056800 0.153740 0.008440 0.056800 0.154390 0.008440 0.056800 0.154390 0.007960 0.056800 0.153740 0.007960 0.056800 0.153740 0.007310 0.056800 0.153260 0.007310 0.056800 0.153260 0.007960 0.056800 0.152610 0.007960 0.056800 0.152610 0.008440 0.056800 0.154332 0.008382 0.055700 0.154332 0.008018 0.055700 0.153682 0.008018 0.055700 0.153682 0.008382 0.055700 0.153318 0.008018 0.055700 0.152668 0.008018 0.055700 0.152668 0.008382 0.055700 0.153318 0.008382 0.055700 0.153318 0.009032 0.055700 0.153682 0.009032 0.055700 0.153682 0.007368 0.055700 0.153318 0.007368 0.055700 0.153500 -0.026050 0.056300 0.153047 -0.026110 0.056300 0.152625 -0.026284 0.056300 0.152263 -0.026563 0.056300 0.151984 -0.026925 0.056300 0.151810 -0.027347 0.056300 0.151750 -0.027800 0.056300 0.151810 -0.028253 0.056300 0.151984 -0.028675 0.056300 0.152263 -0.029037 0.056300 0.152625 -0.029316 0.056300 0.153047 -0.029490 0.056300 0.153500 -0.029550 0.056300 0.153953 -0.029490 0.056300 0.154375 -0.029316 0.056300 0.154737 -0.029037 0.056300 0.155016 -0.028675 0.056300 0.155190 -0.028253 0.056300 0.155250 -0.027800 0.056300 0.155190 -0.027347 0.056300 0.155016 -0.026925 0.056300 0.154737 -0.026563 0.056300 0.154375 -0.026284 0.056300 0.153953 -0.026110 0.056300 0.153500 -0.026550 0.056800 0.153824 -0.026593 0.056800 0.154125 -0.026717 0.056800 0.154384 -0.026916 0.056800 0.154583 -0.027175 0.056800 0.154707 -0.027476 0.056800 0.154750 -0.027800 0.056800 0.154707 -0.028124 0.056800 0.154583 -0.028425 0.056800 0.154384 -0.028684 0.056800 0.154125 -0.028883 0.056800 0.153824 -0.029007 0.056800 0.153500 -0.029050 0.056800 0.153176 -0.029007 0.056800 0.152875 -0.028883 0.056800 0.152616 -0.028684 0.056800 0.152417 -0.028425 0.056800 0.152293 -0.028124 0.056800 0.152250 -0.027800 0.056800 0.152293 -0.027476 0.056800 0.152417 -0.027175 0.056800 0.152616 -0.026916 0.056800 0.152875 -0.026717 0.056800 0.153176 -0.026593 0.056800 0.153500 -0.029533 0.056429 0.153500 -0.029483 0.056550 0.153500 -0.029404 0.056654 0.153500 -0.029300 0.056733 0.153500 -0.029179 0.056783 0.153051 -0.026126 0.056429 0.153064 -0.026174 0.056550 0.153085 -0.026251 0.056654 0.153112 -0.026351 0.056733 0.153143 -0.026468 0.056783 0.153500 -0.026421 0.056783 0.153500 -0.026300 0.056733 0.153500 -0.026196 0.056654 0.153500 -0.026117 0.056550 0.153500 -0.026067 0.056429 0.152634 -0.026299 0.056429 0.152658 -0.026342 0.056550 0.152698 -0.026411 0.056654 0.152750 -0.026501 0.056733 0.152810 -0.026605 0.056783 0.152275 -0.026575 0.056429 0.152310 -0.026610 0.056550 0.152366 -0.026666 0.056654 0.152439 -0.026739 0.056733 0.152525 -0.026825 0.056783 0.151999 -0.026934 0.056429 0.152042 -0.026958 0.056550 0.152111 -0.026998 0.056654 0.152201 -0.027050 0.056733 0.152305 -0.027110 0.056783 0.151826 -0.027351 0.056429 0.151874 -0.027364 0.056550 0.151951 -0.027385 0.056654 0.152051 -0.027412 0.056733 0.152168 -0.027443 0.056783 0.151767 -0.027800 0.056429 0.151817 -0.027800 0.056550 0.151896 -0.027800 0.056654 0.152000 -0.027800 0.056733 0.152121 -0.027800 0.056783 0.151826 -0.028249 0.056429 0.151874 -0.028236 0.056550 0.151951 -0.028215 0.056654 0.152051 -0.028188 0.056733 0.152168 -0.028157 0.056783 0.151999 -0.028666 0.056429 0.152042 -0.028642 0.056550 0.152111 -0.028602 0.056654 0.152201 -0.028550 0.056733 0.152305 -0.028490 0.056783 0.152275 -0.029025 0.056429 0.152310 -0.028990 0.056550 0.152366 -0.028934 0.056654 0.152439 -0.028861 0.056733 0.152525 -0.028775 0.056783 0.152634 -0.029301 0.056429 0.152658 -0.029258 0.056550 0.152698 -0.029189 0.056654 0.152750 -0.029099 0.056733 0.152810 -0.028995 0.056783 0.153051 -0.029474 0.056429 0.153064 -0.029426 0.056550 0.153085 -0.029349 0.056654 0.153112 -0.029249 0.056733 0.153143 -0.029132 0.056783 0.153949 -0.029474 0.056429 0.153936 -0.029426 0.056550 0.153915 -0.029349 0.056654 0.153888 -0.029249 0.056733 0.153857 -0.029132 0.056783 0.154366 -0.029301 0.056429 0.154342 -0.029258 0.056550 0.154302 -0.029189 0.056654 0.154250 -0.029099 0.056733 0.154190 -0.028995 0.056783 0.154725 -0.029025 0.056429 0.154690 -0.028990 0.056550 0.154634 -0.028934 0.056654 0.154561 -0.028861 0.056733 0.154475 -0.028775 0.056783 0.155001 -0.028666 0.056429 0.154958 -0.028642 0.056550 0.154889 -0.028602 0.056654 0.154799 -0.028550 0.056733 0.154695 -0.028490 0.056783 0.155174 -0.028249 0.056429 0.155126 -0.028236 0.056550 0.155049 -0.028215 0.056654 0.154949 -0.028188 0.056733 0.154832 -0.028157 0.056783 0.155233 -0.027800 0.056429 0.155183 -0.027800 0.056550 0.155104 -0.027800 0.056654 0.155000 -0.027800 0.056733 0.154879 -0.027800 0.056783 0.155174 -0.027351 0.056429 0.155126 -0.027364 0.056550 0.155049 -0.027385 0.056654 0.154949 -0.027412 0.056733 0.154832 -0.027443 0.056783 0.155001 -0.026934 0.056429 0.154958 -0.026958 0.056550 0.154889 -0.026998 0.056654 0.154799 -0.027050 0.056733 0.154695 -0.027110 0.056783 0.154725 -0.026575 0.056429 0.154690 -0.026610 0.056550 0.154634 -0.026666 0.056654 0.154561 -0.026739 0.056733 0.154475 -0.026825 0.056783 0.154366 -0.026299 0.056429 0.154342 -0.026342 0.056550 0.154302 -0.026411 0.056654 0.154250 -0.026501 0.056733 0.154190 -0.026605 0.056783 0.153949 -0.026126 0.056429 0.153936 -0.026174 0.056550 0.153915 -0.026251 0.056654 0.153888 -0.026351 0.056733 0.153857 -0.026468 0.056783 0.152610 -0.027560 0.056800 0.153260 -0.027560 0.056800 0.153260 -0.026910 0.056800 0.153740 -0.026910 0.056800 0.153740 -0.027560 0.056800 0.154390 -0.027560 0.056800 0.154390 -0.028040 0.056800 0.153740 -0.028040 0.056800 0.153740 -0.028690 0.056800 0.153260 -0.028690 0.056800 0.153260 -0.028040 0.056800 0.152610 -0.028040 0.056800 0.152668 -0.027982 0.055700 0.152668 -0.027618 0.055700 0.153318 -0.027618 0.055700 0.153318 -0.027982 0.055700 0.153682 -0.027618 0.055700 0.154332 -0.027618 0.055700 0.154332 -0.027982 0.055700 0.153682 -0.027982 0.055700 0.153318 -0.026968 0.055700 0.153682 -0.026968 0.055700 0.153682 -0.028632 0.055700 0.153318 -0.028632 0.055700 0.168500 0.009950 0.056300 0.168047 0.009890 0.056300 0.167625 0.009716 0.056300 0.167263 0.009437 0.056300 0.166984 0.009075 0.056300 0.166810 0.008653 0.056300 0.166750 0.008200 0.056300 0.166810 0.007747 0.056300 0.166984 0.007325 0.056300 0.167263 0.006963 0.056300 0.167625 0.006684 0.056300 0.168047 0.006510 0.056300 0.168500 0.006450 0.056300 0.168953 0.006510 0.056300 0.169375 0.006684 0.056300 0.169737 0.006963 0.056300 0.170016 0.007325 0.056300 0.170190 0.007747 0.056300 0.170250 0.008200 0.056300 0.170190 0.008653 0.056300 0.170016 0.009075 0.056300 0.169737 0.009437 0.056300 0.169375 0.009716 0.056300 0.168953 0.009890 0.056300 0.168500 0.009450 0.056800 0.168824 0.009407 0.056800 0.169125 0.009283 0.056800 0.169384 0.009084 0.056800 0.169583 0.008825 0.056800 0.169707 0.008524 0.056800 0.169750 0.008200 0.056800 0.169707 0.007876 0.056800 0.169583 0.007575 0.056800 0.169384 0.007316 0.056800 0.169125 0.007117 0.056800 0.168824 0.006993 0.056800 0.168500 0.006950 0.056800 0.168176 0.006993 0.056800 0.167875 0.007117 0.056800 0.167616 0.007316 0.056800 0.167417 0.007575 0.056800 0.167293 0.007876 0.056800 0.167250 0.008200 0.056800 0.167293 0.008524 0.056800 0.167417 0.008825 0.056800 0.167616 0.009084 0.056800 0.167875 0.009283 0.056800 0.168176 0.009407 0.056800 0.168500 0.006467 0.056429 0.168500 0.006517 0.056550 0.168500 0.006596 0.056654 0.168500 0.006700 0.056733 0.168500 0.006821 0.056783 0.168051 0.009874 0.056429 0.168064 0.009826 0.056550 0.168085 0.009749 0.056654 0.168112 0.009649 0.056733 0.168143 0.009532 0.056783 0.168500 0.009579 0.056783 0.168500 0.009700 0.056733 0.168500 0.009804 0.056654 0.168500 0.009883 0.056550 0.168500 0.009933 0.056429 0.167634 0.009701 0.056429 0.167658 0.009658 0.056550 0.167698 0.009589 0.056654 0.167750 0.009499 0.056733 0.167810 0.009395 0.056783 0.167275 0.009425 0.056429 0.167310 0.009390 0.056550 0.167366 0.009334 0.056654 0.167439 0.009261 0.056733 0.167525 0.009175 0.056783 0.166999 0.009066 0.056429 0.167042 0.009042 0.056550 0.167111 0.009002 0.056654 0.167201 0.008950 0.056733 0.167305 0.008890 0.056783 0.166826 0.008649 0.056429 0.166874 0.008636 0.056550 0.166951 0.008615 0.056654 0.167051 0.008588 0.056733 0.167168 0.008557 0.056783 0.166767 0.008200 0.056429 0.166817 0.008200 0.056550 0.166896 0.008200 0.056654 0.167000 0.008200 0.056733 0.167121 0.008200 0.056783 0.166826 0.007751 0.056429 0.166874 0.007764 0.056550 0.166951 0.007785 0.056654 0.167051 0.007812 0.056733 0.167168 0.007843 0.056783 0.166999 0.007334 0.056429 0.167042 0.007358 0.056550 0.167111 0.007398 0.056654 0.167201 0.007450 0.056733 0.167305 0.007510 0.056783 0.167275 0.006975 0.056429 0.167310 0.007010 0.056550 0.167366 0.007066 0.056654 0.167439 0.007139 0.056733 0.167525 0.007225 0.056783 0.167634 0.006699 0.056429 0.167658 0.006742 0.056550 0.167698 0.006811 0.056654 0.167750 0.006901 0.056733 0.167810 0.007005 0.056783 0.168051 0.006526 0.056429 0.168064 0.006574 0.056550 0.168085 0.006651 0.056654 0.168112 0.006751 0.056733 0.168143 0.006868 0.056783 0.168949 0.006526 0.056429 0.168936 0.006574 0.056550 0.168915 0.006651 0.056654 0.168888 0.006751 0.056733 0.168857 0.006868 0.056783 0.169366 0.006699 0.056429 0.169342 0.006742 0.056550 0.169302 0.006811 0.056654 0.169250 0.006901 0.056733 0.169190 0.007005 0.056783 0.169725 0.006975 0.056429 0.169690 0.007010 0.056550 0.169634 0.007066 0.056654 0.169561 0.007139 0.056733 0.169475 0.007225 0.056783 0.170001 0.007334 0.056429 0.169958 0.007358 0.056550 0.169889 0.007398 0.056654 0.169799 0.007450 0.056733 0.169695 0.007510 0.056783 0.170174 0.007751 0.056429 0.170126 0.007764 0.056550 0.170049 0.007785 0.056654 0.169949 0.007812 0.056733 0.169832 0.007843 0.056783 0.170233 0.008200 0.056429 0.170183 0.008200 0.056550 0.170104 0.008200 0.056654 0.170000 0.008200 0.056733 0.169879 0.008200 0.056783 0.170174 0.008649 0.056429 0.170126 0.008636 0.056550 0.170049 0.008615 0.056654 0.169949 0.008588 0.056733 0.169832 0.008557 0.056783 0.170001 0.009066 0.056429 0.169958 0.009042 0.056550 0.169889 0.009002 0.056654 0.169799 0.008950 0.056733 0.169695 0.008890 0.056783 0.169725 0.009425 0.056429 0.169690 0.009390 0.056550 0.169634 0.009334 0.056654 0.169561 0.009261 0.056733 0.169475 0.009175 0.056783 0.169366 0.009701 0.056429 0.169342 0.009658 0.056550 0.169302 0.009589 0.056654 0.169250 0.009499 0.056733 0.169190 0.009395 0.056783 0.168949 0.009874 0.056429 0.168936 0.009826 0.056550 0.168915 0.009749 0.056654 0.168888 0.009649 0.056733 0.168857 0.009532 0.056783 0.168740 0.008440 0.056800 0.169390 0.008440 0.056800 0.169390 0.007960 0.056800 0.168740 0.007960 0.056800 0.168740 0.007310 0.056800 0.168260 0.007310 0.056800 0.168260 0.007960 0.056800 0.167610 0.007960 0.056800 0.167610 0.008440 0.056800 0.168260 0.008440 0.056800 0.168260 0.009090 0.056800 0.168740 0.009090 0.056800 0.168682 0.007368 0.055700 0.168318 0.007368 0.055700 0.168318 0.008018 0.055700 0.168682 0.008018 0.055700 0.168318 0.008382 0.055700 0.168318 0.009032 0.055700 0.168682 0.009032 0.055700 0.168682 0.008382 0.055700 0.169332 0.008382 0.055700 0.169332 0.008018 0.055700 0.167668 0.008018 0.055700 0.167668 0.008382 0.055700 0.150800 -0.030400 0.035000 0.150800 -0.030400 0.029000 0.150800 0.010800 0.029000 0.150800 0.010800 0.035000 0.150800 0.017500 0.035000 0.150800 0.017500 0.059000 0.150800 -0.012500 0.059000 0.129283 -0.012500 0.034398 0.129283 -0.012500 0.029820 0.129157 -0.012500 0.028708 0.128787 -0.012500 0.027651 0.128192 -0.012500 0.026703 0.127400 -0.012500 0.025911 0.126452 -0.012500 0.025315 0.125395 -0.012500 0.024946 0.124283 -0.012500 0.024820 0.043025 -0.012500 0.024820 0.041912 -0.012500 0.024946 0.040856 -0.012500 0.025315 0.039908 -0.012500 0.025911 0.039116 -0.012500 0.026703 0.038520 -0.012500 0.027651 0.038150 -0.012500 0.028708 0.038025 -0.012500 0.029820 0.038025 -0.012500 0.034398 0.038150 -0.012500 0.035511 0.038520 -0.012500 0.036568 0.039116 -0.012500 0.037516 0.039908 -0.012500 0.038308 0.040856 -0.012500 0.038903 0.041912 -0.012500 0.039273 0.043025 -0.012500 0.039398 0.124283 -0.012500 0.039398 0.125395 -0.012500 0.039273 0.126452 -0.012500 0.038903 0.127400 -0.012500 0.038308 0.128192 -0.012500 0.037516 0.128787 -0.012500 0.036568 0.129157 -0.012500 0.035511 0.171200 -0.012500 0.059000 0.178000 -0.012500 0.035000 0.178000 -0.012500 0.029000 0.178000 -0.012500 0.029000 0.178000 -0.012500 0.064000 0.130598 -0.012500 0.064000 0.130598 -0.012500 0.052460 0.130475 -0.012500 0.051295 0.130129 -0.012500 0.050176 0.129573 -0.012500 0.049146 0.128826 -0.012500 0.048243 0.127919 -0.012500 0.047503 0.126885 -0.012500 0.046953 0.125763 -0.012500 0.046614 0.124598 -0.012500 0.046500 0.039651 -0.012500 0.046500 0.038480 -0.012500 0.046615 0.037355 -0.012500 0.046957 0.036318 -0.012500 0.047511 0.035408 -0.012500 0.048257 0.034662 -0.012500 0.049167 0.034108 -0.012500 0.050204 0.033766 -0.012500 0.051329 0.033651 -0.012500 0.052500 0.033651 -0.012500 0.070000 -0.004000 -0.012500 0.070000 -0.004000 -0.012500 0.065000 0.026000 -0.012500 0.065000 0.026000 -0.012500 -0.001200 -0.004000 -0.012500 -0.001200 -0.004000 -0.012500 -0.006200 0.033651 -0.012500 -0.006200 0.033651 -0.012500 0.011500 0.033766 -0.012500 0.012671 0.034108 -0.012500 0.013796 0.034662 -0.012500 0.014833 0.035408 -0.012500 0.015743 0.036318 -0.012500 0.016489 0.037355 -0.012500 0.017043 0.038480 -0.012500 0.017385 0.039651 -0.012500 0.017500 0.140000 -0.012500 0.017500 0.140000 -0.012500 0.029000 0.140000 -0.012500 0.035000 0.140000 -0.012500 0.035000 0.140000 -0.012500 0.059000 0.146000 -0.012500 0.059000 0.146000 -0.012500 0.035000 0.171200 -0.030400 0.029000 0.171200 -0.030400 0.035000 0.002890 -0.000446 0.002300 0.002890 -0.000446 0.005500 0.002976 -0.000376 0.005500 0.002976 -0.000376 0.006300 0.002615 -0.000671 0.006300 0.002615 -0.000671 0.002300 0.002764 -0.000087 0.005500 0.002764 -0.000087 0.002300 0.002700 0.000000 0.002300 0.002700 0.000000 0.006300 0.002911 0.000287 0.002300 0.002911 0.000287 0.005500 0.002976 0.000376 0.005500 0.002976 0.000376 0.006300 0.002699 0.000603 0.005500 0.002699 0.000603 0.002300 0.002615 0.000671 0.002300 0.002615 0.000671 0.006300 0.002748 0.001001 0.002300 0.002748 0.001001 0.005500 0.002789 0.001104 0.005500 0.002789 0.001104 0.006300 0.002464 0.001255 0.005500 0.002464 0.001255 0.002300 0.002366 0.001301 0.002300 0.002366 0.001301 0.006300 0.002413 0.001653 0.002300 0.002413 0.001653 0.005500 0.002427 0.001763 0.005500 0.002427 0.001763 0.006300 0.002074 0.001829 0.005500 0.002074 0.001829 0.002300 0.001968 0.001848 0.002300 0.001968 0.001848 0.006300 0.001926 0.002201 0.002300 0.001926 0.002201 0.005500 0.001912 0.002312 0.005500 0.001912 0.002312 0.006300 0.001554 0.002287 0.005500 0.001554 0.002287 0.002300 0.001447 0.002280 0.002300 0.001447 0.002280 0.006300 0.001318 0.002611 0.002300 0.001318 0.002611 0.005500 0.001277 0.002714 0.005500 0.001277 0.002714 0.006300 0.000937 0.002602 0.005500 0.000937 0.002602 0.002300 0.000834 0.002568 0.002300 0.000834 0.002568 0.006300 0.000627 0.002857 0.002300 0.000627 0.002857 0.005500 0.000562 0.002947 0.005500 0.000562 0.002947 0.006300 0.000260 0.002753 0.005500 0.000260 0.002753 0.002300 0.000170 0.002695 0.002300 0.000170 0.002695 0.006300 -0.000103 0.002923 0.002300 -0.000103 0.002923 0.005500 -0.000188 0.002994 0.005500 -0.000188 0.002994 0.006300 -0.000433 0.002731 0.005500 -0.000433 0.002731 0.002300 -0.000506 0.002652 0.002300 -0.000506 0.002652 0.006300 -0.000827 0.002805 0.002300 -0.000827 0.002805 0.005500 -0.000927 0.002853 0.005500 -0.000927 0.002853 0.006300 -0.001098 0.002538 0.005500 -0.001098 0.002538 0.002300 -0.001150 0.002443 0.002300 -0.001150 0.002443 0.006300 -0.001499 0.002512 0.002300 -0.001499 0.002512 0.005500 -0.001607 0.002533 0.005500 -0.001607 0.002533 0.006300 -0.001695 0.002185 0.005500 -0.001695 0.002185 0.002300 -0.001721 0.002080 0.002300 -0.001721 0.002080 0.006300 -0.002076 0.002060 0.002300 -0.002076 0.002060 0.005500 -0.002187 0.002054 0.005500 -0.002187 0.002054 0.006300 -0.002185 0.001695 0.005500 -0.002185 0.001695 0.002300 -0.002184 0.001587 0.002300 -0.002184 0.001587 0.006300 -0.002523 0.001479 0.002300 -0.002523 0.001479 0.005500 -0.002629 0.001445 0.005500 -0.002629 0.001445 0.006300 -0.002538 0.001098 0.005500 -0.002538 0.001098 0.002300 -0.002510 0.000994 0.002300 -0.002510 0.000994 0.006300 -0.002812 0.000805 0.002300 -0.002812 0.000805 0.005500 -0.002906 0.000746 0.005500 -0.002906 0.000746 0.006300 -0.002573 0.000000 0.002300 -0.002486 0.000666 0.002300 -0.002228 0.001287 0.002300 -0.001820 0.001820 0.002300 -0.001287 0.002228 0.002300 -0.000666 0.002486 0.002300 0.000000 0.002573 0.002300 0.000666 0.002486 0.002300 0.001287 0.002228 0.002300 0.001820 0.001820 0.002300 0.002228 0.001287 0.002300 0.002486 0.000666 0.002300 0.002573 0.000000 0.002300 0.002486 -0.000666 0.002300 0.002228 -0.001287 0.002300 0.001820 -0.001820 0.002300 0.001287 -0.002228 0.002300 0.000666 -0.002486 0.002300 0.000000 -0.002573 0.002300 -0.000666 -0.002486 0.002300 -0.001287 -0.002228 0.002300 -0.001820 -0.001820 0.002300 -0.002228 -0.001287 0.002300 -0.002486 -0.000666 0.002300 0.001250 0.000000 0.002300 0.001207 0.000324 0.002300 0.001083 0.000625 0.002300 0.000884 0.000884 0.002300 0.000625 0.001083 0.002300 0.000324 0.001207 0.002300 0.000000 0.001250 0.002300 -0.000324 0.001207 0.002300 -0.000625 0.001083 0.002300 -0.000884 0.000884 0.002300 -0.001083 0.000625 0.002300 -0.001207 0.000324 0.002300 -0.001250 0.000000 0.002300 -0.001207 -0.000324 0.002300 -0.001083 -0.000625 0.002300 -0.000884 -0.000884 0.002300 -0.000625 -0.001083 0.002300 -0.000324 -0.001207 0.002300 0.000000 -0.001250 0.002300 0.000324 -0.001207 0.002300 0.000625 -0.001083 0.002300 0.000884 -0.000884 0.002300 0.001083 -0.000625 0.002300 0.001207 -0.000324 0.002300 0.001250 0.000000 0.009300 0.001207 0.000324 0.009300 0.001083 0.000625 0.009300 0.000884 0.000884 0.009300 0.000625 0.001083 0.009300 0.000324 0.001207 0.009300 0.000000 0.001250 0.009300 -0.000324 0.001207 0.009300 -0.000625 0.001083 0.009300 -0.000884 0.000884 0.009300 -0.001083 0.000625 0.009300 -0.001207 0.000324 0.009300 -0.001250 0.000000 0.009300 -0.001207 -0.000324 0.009300 -0.001083 -0.000625 0.009300 -0.000884 -0.000884 0.009300 -0.000625 -0.001083 0.009300 -0.000324 -0.001207 0.009300 0.000000 -0.001250 0.009300 0.000324 -0.001207 0.009300 0.000625 -0.001083 0.009300 0.000884 -0.000884 0.009300 0.001083 -0.000625 0.009300 0.001207 -0.000324 0.009300 0.003000 0.000000 0.011300 0.002898 -0.000776 0.011300 0.002598 -0.001500 0.011300 0.002121 -0.002121 0.011300 0.001500 -0.002598 0.011300 0.000776 -0.002898 0.011300 0.000000 -0.003000 0.011300 -0.000776 -0.002898 0.011300 -0.001500 -0.002598 0.011300 -0.002121 -0.002121 0.011300 -0.002598 -0.001500 0.011300 -0.002898 -0.000776 0.011300 -0.003000 0.000000 0.011300 -0.002898 0.000776 0.011300 -0.002598 0.001500 0.011300 -0.002121 0.002121 0.011300 -0.001500 0.002598 0.011300 -0.000776 0.002898 0.011300 0.000000 0.003000 0.011300 0.000776 0.002898 0.011300 0.001500 0.002598 0.011300 0.002121 0.002121 0.011300 0.002598 0.001500 0.011300 0.002898 0.000776 0.011300 0.002997 -0.000126 0.006300 0.002997 0.000126 0.006300 0.002934 0.000624 0.006300 0.002872 0.000867 0.006300 0.002687 0.001334 0.006300 0.002566 0.001554 0.006300 0.002271 0.001960 0.006300 0.002099 0.002143 0.006300 0.001712 0.002463 0.006300 0.001500 0.002598 0.006300 0.001046 0.002812 0.006300 0.000807 0.002889 0.006300 0.000314 0.002984 0.006300 0.000063 0.002999 0.006300 -0.000438 0.002968 0.006300 -0.000685 0.002921 0.006300 -0.001163 0.002766 0.006300 -0.001390 0.002659 0.006300 -0.001814 0.002390 0.006300 -0.002007 0.002229 0.006300 -0.002351 0.001863 0.006300 -0.002499 0.001660 0.006300 -0.002741 0.001220 0.006300 -0.002833 0.000987 0.006300 -0.002958 0.000500 0.006300 -0.002989 0.000251 0.006300 -0.003000 0.000000 0.006300 -0.002989 -0.000251 0.006300 -0.002958 -0.000500 0.006300 -0.002906 -0.000746 0.006300 -0.002833 -0.000987 0.006300 -0.002741 -0.001220 0.006300 -0.002629 -0.001445 0.006300 -0.002499 -0.001660 0.006300 -0.002351 -0.001863 0.006300 -0.002187 -0.002054 0.006300 -0.002007 -0.002229 0.006300 -0.001814 -0.002390 0.006300 -0.001607 -0.002533 0.006300 -0.001390 -0.002659 0.006300 -0.001163 -0.002766 0.006300 -0.000927 -0.002853 0.006300 -0.000685 -0.002921 0.006300 -0.000438 -0.002968 0.006300 -0.000188 -0.002994 0.006300 0.000063 -0.002999 0.006300 0.000314 -0.002984 0.006300 0.000562 -0.002947 0.006300 0.000807 -0.002889 0.006300 0.001046 -0.002812 0.006300 0.001277 -0.002714 0.006300 0.001500 -0.002598 0.006300 0.001712 -0.002463 0.006300 0.001912 -0.002312 0.006300 0.002099 -0.002143 0.006300 0.002271 -0.001960 0.006300 0.002427 -0.001763 0.006300 0.002566 -0.001554 0.006300 0.002687 -0.001334 0.006300 0.002789 -0.001104 0.006300 0.002872 -0.000867 0.006300 0.002934 -0.000624 0.006300 -0.002679 0.000338 0.006300 -0.002679 -0.000338 0.006300 -0.002510 -0.000994 0.006300 -0.002184 -0.001587 0.006300 -0.001721 -0.002080 0.006300 -0.001150 -0.002443 0.006300 -0.000506 -0.002652 0.006300 0.000170 -0.002695 0.006300 0.000834 -0.002568 0.006300 0.001447 -0.002280 0.006300 0.001968 -0.001848 0.006300 0.002366 -0.001301 0.006300 -0.002924 0.000080 0.005500 -0.003000 0.000000 0.005500 -0.002679 0.000338 0.002300 -0.002924 0.000080 0.002300 -0.002753 -0.000260 0.005500 -0.002753 -0.000260 0.002300 -0.002679 -0.000338 0.002300 -0.002852 -0.000649 0.005500 -0.002906 -0.000746 0.005500 -0.002852 -0.000649 0.002300 -0.002602 -0.000937 0.005500 -0.002602 -0.000937 0.002300 -0.002510 -0.000994 0.002300 -0.002601 -0.001338 0.005500 -0.002629 -0.001445 0.005500 -0.002601 -0.001338 0.002300 -0.002287 -0.001554 0.005500 -0.002287 -0.001554 0.002300 -0.002184 -0.001587 0.002300 -0.002186 -0.001943 0.005500 -0.002187 -0.002054 0.005500 -0.002186 -0.001943 0.002300 -0.001829 -0.002074 0.005500 -0.001829 -0.002074 0.002300 -0.001721 -0.002080 0.002300 -0.001634 -0.002425 0.005500 -0.001607 -0.002533 0.005500 -0.001634 -0.002425 0.002300 -0.001255 -0.002464 0.005500 -0.001255 -0.002464 0.002300 -0.001150 -0.002443 0.002300 -0.000980 -0.002756 0.005500 -0.000927 -0.002853 0.005500 -0.000980 -0.002756 0.002300 -0.000603 -0.002699 0.005500 -0.000603 -0.002699 0.002300 -0.000506 -0.002652 0.002300 -0.000264 -0.002913 0.005500 -0.000188 -0.002994 0.005500 -0.000264 -0.002913 0.002300 0.000087 -0.002764 0.005500 0.000087 -0.002764 0.002300 0.000170 -0.002695 0.002300 0.000469 -0.002887 0.005500 0.000562 -0.002947 0.005500 0.000469 -0.002887 0.002300 0.000771 -0.002655 0.005500 0.000771 -0.002655 0.002300 0.000834 -0.002568 0.002300 0.001172 -0.002680 0.005500 0.001277 -0.002714 0.005500 0.001172 -0.002680 0.002300 0.001408 -0.002380 0.005500 0.001408 -0.002380 0.002300 0.001447 -0.002280 0.002300 0.001802 -0.002304 0.005500 0.001912 -0.002312 0.005500 0.001802 -0.002304 0.002300 0.001955 -0.001955 0.005500 0.001955 -0.001955 0.002300 0.001968 -0.001848 0.002300 0.002318 -0.001784 0.005500 0.002427 -0.001763 0.005500 0.002318 -0.001784 0.002300 0.002380 -0.001408 0.005500 0.002380 -0.001408 0.002300 0.002366 -0.001301 0.002300 0.002689 -0.001151 0.005500 0.002789 -0.001104 0.005500 0.002689 -0.001151 0.002300 0.002655 -0.000771 0.005500 0.002655 -0.000771 0.002300 -0.002731 0.000433 0.005500 -0.002731 0.000433 0.002300 0.002748 -0.000705 0.005500 0.002748 -0.000705 0.002300 0.002996 -0.000572 0.002300 0.002996 -0.000572 0.005500 0.002760 -0.001299 0.002300 0.002760 -0.001299 0.005500 0.002487 -0.001366 0.005500 0.002487 -0.001366 0.002300 0.003044 0.000192 0.002300 0.003044 0.000192 0.005500 0.002350 -0.001944 0.002300 0.002350 -0.001944 0.005500 0.002069 -0.001942 0.005500 0.002069 -0.001942 0.002300 0.002901 0.000942 0.002300 0.002901 0.000942 0.005500 0.001793 -0.002468 0.002300 0.001793 -0.002468 0.005500 0.001521 -0.002395 0.005500 0.001521 -0.002395 0.002300 0.002575 0.001634 0.002300 0.002575 0.001634 0.005500 0.001123 -0.002836 0.002300 0.001123 -0.002836 0.005500 0.000877 -0.002698 0.005500 0.000877 -0.002698 0.002300 0.002088 0.002223 0.002300 0.002088 0.002223 0.005500 0.000382 -0.003026 0.002300 0.000382 -0.003026 0.005500 0.000179 -0.002831 0.005500 0.000179 -0.002831 0.002300 0.001469 0.002673 0.002300 0.001469 0.002673 0.005500 -0.000382 -0.003026 0.002300 -0.000382 -0.003026 0.005500 -0.000531 -0.002787 0.005500 -0.000531 -0.002787 0.002300 0.000759 0.002954 0.002300 0.000759 0.002954 0.005500 -0.001123 -0.002836 0.002300 -0.001123 -0.002836 0.005500 -0.001207 -0.002567 0.005500 -0.001207 -0.002567 0.002300 0.000000 0.003050 0.002300 0.000000 0.003050 0.005500 -0.001793 -0.002468 0.002300 -0.001793 -0.002468 0.005500 -0.001808 -0.002186 0.005500 -0.001808 -0.002186 0.002300 -0.000759 0.002954 0.002300 -0.000759 0.002954 0.005500 -0.002350 -0.001944 0.002300 -0.002350 -0.001944 0.005500 -0.002295 -0.001668 0.005500 -0.002295 -0.001668 0.002300 -0.001469 0.002673 0.002300 -0.001469 0.002673 0.005500 -0.002760 -0.001299 0.002300 -0.002760 -0.001299 0.005500 -0.002638 -0.001045 0.005500 -0.002638 -0.001045 0.002300 -0.002088 0.002223 0.002300 -0.002088 0.002223 0.005500 -0.002996 -0.000572 0.002300 -0.002996 -0.000572 0.005500 -0.002815 -0.000356 0.005500 -0.002815 -0.000356 0.002300 -0.002575 0.001634 0.002300 -0.002575 0.001634 0.005500 -0.003044 0.000192 0.002300 -0.003044 0.000192 0.005500 -0.002815 0.000355 0.002300 -0.002638 0.001044 0.002300 -0.002901 0.000942 0.002300 -0.002296 0.001667 0.002300 -0.001809 0.002186 0.002300 -0.001209 0.002567 0.002300 -0.000532 0.002787 0.002300 0.000177 0.002832 0.002300 0.000876 0.002698 0.002300 0.001520 0.002396 0.002300 0.002068 0.001943 0.002300 0.002486 0.001367 0.002300 0.002748 0.000706 0.002300 0.002837 0.000001 0.002300 -0.002815 0.000355 0.005500 0.000000 -0.001500 0.054000 0.000388 -0.001449 0.054000 0.000750 -0.001299 0.054000 0.001061 -0.001061 0.054000 0.001299 -0.000750 0.054000 0.001449 -0.000388 0.054000 0.001500 0.000000 0.054000 0.001449 0.000388 0.054000 0.001299 0.000750 0.054000 0.001061 0.001061 0.054000 0.000750 0.001299 0.054000 0.000388 0.001449 0.054000 0.000000 0.001500 0.054000 -0.000388 0.001449 0.054000 -0.000750 0.001299 0.054000 -0.001061 0.001061 0.054000 -0.001299 0.000750 0.054000 -0.001449 0.000388 0.054000 -0.001500 0.000000 0.054000 -0.001449 -0.000388 0.054000 -0.001299 -0.000750 0.054000 -0.001061 -0.001061 0.054000 -0.000750 -0.001299 0.054000 -0.000388 -0.001449 0.054000 0.000000 -0.004000 0.054000 -0.000995 -0.003874 0.054000 -0.001927 -0.003505 0.054000 -0.002738 -0.002916 0.054000 -0.003377 -0.002143 0.054000 -0.003804 -0.001236 0.054000 -0.003992 -0.000251 0.054000 -0.003929 0.000750 0.054000 -0.003619 0.001703 0.054000 -0.003082 0.002550 0.054000 -0.002351 0.003236 0.054000 -0.001472 0.003719 0.054000 -0.000501 0.003968 0.054000 0.000501 0.003968 0.054000 0.001472 0.003719 0.054000 0.002351 0.003236 0.054000 0.003082 0.002550 0.054000 0.003619 0.001703 0.054000 0.003929 0.000750 0.054000 0.003992 -0.000251 0.054000 0.003804 -0.001236 0.054000 0.003377 -0.002143 0.054000 0.002738 -0.002916 0.054000 0.001927 -0.003505 0.054000 0.000995 -0.003874 0.054000 0.006000 0.000000 -0.001200 0.005869 -0.001247 -0.001200 0.005481 -0.002440 -0.001200 0.004854 -0.003527 -0.001200 0.004015 -0.004459 -0.001200 0.003000 -0.005196 -0.001200 0.001854 -0.005706 -0.001200 0.000627 -0.005967 -0.001200 -0.000627 -0.005967 -0.001200 -0.001854 -0.005706 -0.001200 -0.003000 -0.005196 -0.001200 -0.004015 -0.004459 -0.001200 -0.004854 -0.003527 -0.001200 -0.005481 -0.002440 -0.001200 -0.005869 -0.001247 -0.001200 -0.006000 0.000000 -0.001200 -0.005869 0.001247 -0.001200 -0.005481 0.002440 -0.001200 -0.004854 0.003527 -0.001200 -0.004015 0.004459 -0.001200 -0.003000 0.005196 -0.001200 -0.001854 0.005706 -0.001200 -0.000627 0.005967 -0.001200 0.000627 0.005967 -0.001200 0.001854 0.005706 -0.001200 0.003000 0.005196 -0.001200 0.004015 0.004459 -0.001200 0.004854 0.003527 -0.001200 0.005481 0.002440 -0.001200 0.005869 0.001247 -0.001200 0.026000 0.017500 -0.001200 -0.004000 0.017500 -0.001200 -0.005564 0.017377 -0.001200 -0.007090 0.017011 -0.001200 -0.008540 0.016410 -0.001200 -0.009878 0.015590 -0.001200 -0.011071 0.014571 -0.001200 -0.012090 0.013378 -0.001200 -0.012910 0.012040 -0.001200 -0.013511 0.010590 -0.001200 -0.013877 0.009064 -0.001200 -0.014000 0.007500 -0.001200 -0.014000 -0.002500 -0.001200 -0.013877 -0.004064 -0.001200 -0.013511 -0.005590 -0.001200 -0.012910 -0.007040 -0.001200 -0.012090 -0.008378 -0.001200 -0.011071 -0.009571 -0.001200 -0.009878 -0.010590 -0.001200 -0.008540 -0.011410 -0.001200 -0.007090 -0.012011 -0.001200 -0.005564 -0.012377 -0.001200 0.006000 0.000000 0.002300 0.005869 0.001247 0.002300 0.005481 0.002440 0.002300 0.004854 0.003527 0.002300 0.004015 0.004459 0.002300 0.003000 0.005196 0.002300 0.001854 0.005706 0.002300 0.000627 0.005967 0.002300 -0.000627 0.005967 0.002300 -0.001854 0.005706 0.002300 -0.003000 0.005196 0.002300 -0.004015 0.004459 0.002300 -0.004854 0.003527 0.002300 -0.005481 0.002440 0.002300 -0.005869 0.001247 0.002300 -0.006000 0.000000 0.002300 -0.005869 -0.001247 0.002300 -0.005481 -0.002440 0.002300 -0.004854 -0.003527 0.002300 -0.004015 -0.004459 0.002300 -0.003000 -0.005196 0.002300 -0.001854 -0.005706 0.002300 -0.000627 -0.005967 0.002300 0.000627 -0.005967 0.002300 0.001854 -0.005706 0.002300 0.003000 -0.005196 0.002300 0.004015 -0.004459 0.002300 0.004854 -0.003527 0.002300 0.005481 -0.002440 0.002300 0.005869 -0.001247 0.002300 0.004400 0.000000 0.002300 0.004272 -0.001053 0.002300 0.003896 -0.002045 0.002300 0.003293 -0.002918 0.002300 0.002499 -0.003621 0.002300 0.001560 -0.004114 0.002300 0.000530 -0.004368 0.002300 -0.000530 -0.004368 0.002300 -0.001560 -0.004114 0.002300 -0.002499 -0.003621 0.002300 -0.003293 -0.002918 0.002300 -0.003896 -0.002045 0.002300 -0.004272 -0.001053 0.002300 -0.004400 0.000000 0.002300 -0.004272 0.001053 0.002300 -0.003896 0.002045 0.002300 -0.003293 0.002918 0.002300 -0.002499 0.003621 0.002300 -0.001560 0.004114 0.002300 -0.000530 0.004368 0.002300 0.000530 0.004368 0.002300 0.001560 0.004114 0.002300 0.002499 0.003621 0.002300 0.003293 0.002918 0.002300 0.003896 0.002045 0.002300 0.004272 0.001053 0.002300 0.004400 0.000000 0.005500 0.004272 0.001053 0.005500 0.003896 0.002045 0.005500 0.003293 0.002918 0.005500 0.002499 0.003621 0.005500 0.001560 0.004114 0.005500 0.000530 0.004368 0.005500 -0.000530 0.004368 0.005500 -0.001560 0.004114 0.005500 -0.002499 0.003621 0.005500 -0.003293 0.002918 0.005500 -0.003896 0.002045 0.005500 -0.004272 0.001053 0.005500 -0.004400 0.000000 0.005500 -0.004272 -0.001053 0.005500 -0.003896 -0.002045 0.005500 -0.003293 -0.002918 0.005500 -0.002499 -0.003621 0.005500 -0.001560 -0.004114 0.005500 -0.000530 -0.004368 0.005500 0.000530 -0.004368 0.005500 0.001560 -0.004114 0.005500 0.002499 -0.003621 0.005500 0.003293 -0.002918 0.005500 0.003896 -0.002045 0.005500 0.004272 -0.001053 0.005500 -0.002901 0.000942 0.005500 -0.002638 0.001044 0.005500 -0.002296 0.001667 0.005500 -0.001809 0.002186 0.005500 -0.001209 0.002567 0.005500 -0.000532 0.002787 0.005500 0.000177 0.002832 0.005500 0.000876 0.002698 0.005500 0.001520 0.002396 0.005500 0.002068 0.001943 0.005500 0.002486 0.001367 0.005500 0.002748 0.000706 0.005500 0.002837 0.000001 0.005500 -0.004000 0.017500 -0.006200 -0.005564 0.017377 -0.006200 -0.007090 0.017011 -0.006200 -0.008540 0.016410 -0.006200 -0.009878 0.015590 -0.006200 -0.011071 0.014571 -0.006200 -0.012090 0.013378 -0.006200 -0.012910 0.012040 -0.006200 -0.013511 0.010590 -0.006200 -0.013877 0.009064 -0.006200 -0.014000 0.007500 -0.006200 -0.002528 0.000000 -0.003200 -0.002442 -0.000654 -0.003200 -0.002189 -0.001264 -0.003200 -0.001787 -0.001787 -0.003200 -0.001264 -0.002189 -0.003200 -0.000654 -0.002442 -0.003200 0.000000 -0.002528 -0.003200 0.000654 -0.002442 -0.003200 0.001264 -0.002189 -0.003200 0.001787 -0.001787 -0.003200 0.002189 -0.001264 -0.003200 0.002442 -0.000654 -0.003200 0.002528 0.000000 -0.003200 0.002442 0.000654 -0.003200 0.002189 0.001264 -0.003200 0.001787 0.001787 -0.003200 0.001264 0.002189 -0.003200 0.000654 0.002442 -0.003200 0.000000 0.002528 -0.003200 -0.000654 0.002442 -0.003200 -0.001264 0.002189 -0.003200 -0.001787 0.001787 -0.003200 -0.002189 0.001264 -0.003200 -0.002442 0.000654 -0.003200 -0.002528 0.000000 -0.006200 -0.002442 0.000654 -0.006200 -0.002189 0.001264 -0.006200 -0.001787 0.001787 -0.006200 -0.001264 0.002189 -0.006200 -0.000654 0.002442 -0.006200 0.000000 0.002528 -0.006200 0.000654 0.002442 -0.006200 0.001264 0.002189 -0.006200 0.001787 0.001787 -0.006200 0.002189 0.001264 -0.006200 0.002442 0.000654 -0.006200 0.002528 0.000000 -0.006200 0.002442 -0.000654 -0.006200 0.002189 -0.001264 -0.006200 0.001787 -0.001787 -0.006200 0.001264 -0.002189 -0.006200 0.000654 -0.002442 -0.006200 0.000000 -0.002528 -0.006200 -0.000654 -0.002442 -0.006200 -0.001264 -0.002189 -0.006200 -0.001787 -0.001787 -0.006200 -0.002189 -0.001264 -0.006200 -0.002442 -0.000654 -0.006200 -0.014000 -0.002500 -0.006200 0.033651 0.017500 -0.006200 -0.005564 -0.012377 -0.006200 -0.007090 -0.012011 -0.006200 -0.008540 -0.011410 -0.006200 -0.009878 -0.010590 -0.006200 -0.011071 -0.009571 -0.006200 -0.012090 -0.008378 -0.006200 -0.012910 -0.007040 -0.006200 -0.013511 -0.005590 -0.006200 -0.013877 -0.004064 -0.006200 0.028300 -0.007500 -0.006200 0.028351 -0.007888 -0.006200 0.028501 -0.008250 -0.006200 0.028739 -0.008561 -0.006200 0.029050 -0.008799 -0.006200 0.029412 -0.008949 -0.006200 0.029800 -0.009000 -0.006200 0.030188 -0.008949 -0.006200 0.030550 -0.008799 -0.006200 0.030861 -0.008561 -0.006200 0.031099 -0.008250 -0.006200 0.031249 -0.007888 -0.006200 0.031300 -0.007500 -0.006200 0.031249 -0.007112 -0.006200 0.031099 -0.006750 -0.006200 0.030861 -0.006439 -0.006200 0.030550 -0.006201 -0.006200 0.030188 -0.006051 -0.006200 0.029800 -0.006000 -0.006200 0.029412 -0.006051 -0.006200 0.029050 -0.006201 -0.006200 0.028739 -0.006439 -0.006200 0.028501 -0.006750 -0.006200 0.028351 -0.007112 -0.006200 0.028300 0.012500 -0.006200 0.028351 0.012112 -0.006200 0.028501 0.011750 -0.006200 0.028739 0.011439 -0.006200 0.029050 0.011201 -0.006200 0.029412 0.011051 -0.006200 0.029800 0.011000 -0.006200 0.030188 0.011051 -0.006200 0.030550 0.011201 -0.006200 0.030861 0.011439 -0.006200 0.031099 0.011750 -0.006200 0.031249 0.012112 -0.006200 0.031300 0.012500 -0.006200 0.031249 0.012888 -0.006200 0.031099 0.013250 -0.006200 0.030861 0.013561 -0.006200 0.030550 0.013799 -0.006200 0.030188 0.013949 -0.006200 0.029800 0.014000 -0.006200 0.029412 0.013949 -0.006200 0.029050 0.013799 -0.006200 0.028739 0.013561 -0.006200 0.028501 0.013250 -0.006200 0.028351 0.012888 -0.006200 -0.002573 0.000000 -0.003200 -0.002486 -0.000666 -0.003200 -0.002228 -0.001287 -0.003200 -0.001820 -0.001820 -0.003200 -0.001287 -0.002228 -0.003200 -0.000666 -0.002486 -0.003200 0.000000 -0.002573 -0.003200 0.000666 -0.002486 -0.003200 0.001287 -0.002228 -0.003200 0.001820 -0.001820 -0.003200 0.002228 -0.001287 -0.003200 0.002486 -0.000666 -0.003200 0.002573 0.000000 -0.003200 0.002486 0.000666 -0.003200 0.002228 0.001287 -0.003200 0.001820 0.001820 -0.003200 0.001287 0.002228 -0.003200 0.000666 0.002486 -0.003200 0.000000 0.002573 -0.003200 -0.000666 0.002486 -0.003200 -0.001287 0.002228 -0.003200 -0.001820 0.001820 -0.003200 -0.002228 0.001287 -0.003200 -0.002486 0.000666 -0.003200 0.000000 -0.001500 0.065000 -0.000388 -0.001449 0.065000 -0.000750 -0.001299 0.065000 -0.001061 -0.001061 0.065000 -0.001299 -0.000750 0.065000 -0.001449 -0.000388 0.065000 -0.001500 0.000000 0.065000 -0.001449 0.000388 0.065000 -0.001299 0.000750 0.065000 -0.001061 0.001061 0.065000 -0.000750 0.001299 0.065000 -0.000388 0.001449 0.065000 0.000000 0.001500 0.065000 0.000388 0.001449 0.065000 0.000750 0.001299 0.065000 0.001061 0.001061 0.065000 0.001299 0.000750 0.065000 0.001449 0.000388 0.065000 0.001500 0.000000 0.065000 0.001449 -0.000388 0.065000 0.001299 -0.000750 0.065000 0.001061 -0.001061 0.065000 0.000750 -0.001299 0.065000 0.000388 -0.001449 0.065000 0.001700 0.000000 0.065000 0.001642 0.000440 0.065000 0.001472 0.000850 0.065000 0.001202 0.001202 0.065000 0.000850 0.001472 0.065000 0.000440 0.001642 0.065000 0.000000 0.001700 0.065000 -0.000440 0.001642 0.065000 -0.000850 0.001472 0.065000 -0.001202 0.001202 0.065000 -0.001472 0.000850 0.065000 -0.001642 0.000440 0.065000 -0.001700 0.000000 0.065000 -0.001642 -0.000440 0.065000 -0.001472 -0.000850 0.065000 -0.001202 -0.001202 0.065000 -0.000850 -0.001472 0.065000 -0.000440 -0.001642 0.065000 0.000000 -0.001700 0.065000 0.000440 -0.001642 0.065000 0.000850 -0.001472 0.065000 0.001202 -0.001202 0.065000 0.001472 -0.000850 0.065000 0.001642 -0.000440 0.065000 0.000000 -0.001500 0.059500 -0.000388 -0.001449 0.059500 -0.000750 -0.001299 0.059500 -0.001061 -0.001061 0.059500 -0.001299 -0.000750 0.059500 -0.001449 -0.000388 0.059500 -0.001500 0.000000 0.059500 -0.001449 0.000388 0.059500 -0.001299 0.000750 0.059500 -0.001061 0.001061 0.059500 -0.000750 0.001299 0.059500 -0.000388 0.001449 0.059500 0.000000 0.001500 0.059500 0.000388 0.001449 0.059500 0.000750 0.001299 0.059500 0.001061 0.001061 0.059500 0.001299 0.000750 0.059500 0.001449 0.000388 0.059500 0.001500 0.000000 0.059500 0.001449 -0.000388 0.059500 0.001299 -0.000750 0.059500 0.001061 -0.001061 0.059500 0.000750 -0.001299 0.059500 0.000388 -0.001449 0.059500 0.000000 -0.004000 0.062000 -0.000995 -0.003874 0.062000 -0.001927 -0.003505 0.062000 -0.002738 -0.002916 0.062000 -0.003377 -0.002143 0.062000 -0.003804 -0.001236 0.062000 -0.003992 -0.000251 0.062000 -0.003929 0.000750 0.062000 -0.003619 0.001703 0.062000 -0.003082 0.002550 0.062000 -0.002351 0.003236 0.062000 -0.001472 0.003719 0.062000 -0.000501 0.003968 0.062000 0.000501 0.003968 0.062000 0.001472 0.003719 0.062000 0.002351 0.003236 0.062000 0.003082 0.002550 0.062000 0.003619 0.001703 0.062000 0.003929 0.000750 0.062000 0.003992 -0.000251 0.062000 0.003804 -0.001236 0.062000 0.003377 -0.002143 0.062000 0.002738 -0.002916 0.062000 0.001927 -0.003505 0.062000 0.000995 -0.003874 0.062000 0.000000 0.006000 0.062000 -0.001247 0.005869 0.062000 -0.002440 0.005481 0.062000 -0.003527 0.004854 0.062000 -0.004459 0.004015 0.062000 -0.005196 0.003000 0.062000 -0.005706 0.001854 0.062000 -0.005967 0.000627 0.062000 -0.005967 -0.000627 0.062000 -0.005706 -0.001854 0.062000 -0.005196 -0.003000 0.062000 -0.004459 -0.004015 0.062000 -0.003527 -0.004854 0.062000 -0.002440 -0.005481 0.062000 -0.001247 -0.005869 0.062000 0.000000 -0.006000 0.062000 0.001247 -0.005869 0.062000 0.002440 -0.005481 0.062000 0.003527 -0.004854 0.062000 0.004459 -0.004015 0.062000 0.005196 -0.003000 0.062000 0.005706 -0.001854 0.062000 0.005967 -0.000627 0.062000 0.005967 0.000627 0.062000 0.005706 0.001854 0.062000 0.005196 0.003000 0.062000 0.004459 0.004015 0.062000 0.003527 0.004854 0.062000 0.002440 0.005481 0.062000 0.001247 0.005869 0.062000 0.000000 0.006000 0.065000 0.001247 0.005869 0.065000 0.002440 0.005481 0.065000 0.003527 0.004854 0.065000 0.004459 0.004015 0.065000 0.005196 0.003000 0.065000 0.005706 0.001854 0.065000 0.005967 0.000627 0.065000 0.005967 -0.000627 0.065000 0.005706 -0.001854 0.065000 0.005196 -0.003000 0.065000 0.004459 -0.004015 0.065000 0.003527 -0.004854 0.065000 0.002440 -0.005481 0.065000 0.001247 -0.005869 0.065000 0.000000 -0.006000 0.065000 -0.001247 -0.005869 0.065000 -0.002440 -0.005481 0.065000 -0.003527 -0.004854 0.065000 -0.004459 -0.004015 0.065000 -0.005196 -0.003000 0.065000 -0.005706 -0.001854 0.065000 -0.005967 -0.000627 0.065000 -0.005967 0.000627 0.065000 -0.005706 0.001854 0.065000 -0.005196 0.003000 0.065000 -0.004459 0.004015 0.065000 -0.003527 0.004854 0.065000 -0.002440 0.005481 0.065000 -0.001247 0.005869 0.065000 0.033651 0.017500 0.011500 0.033651 0.017500 0.052500 0.033651 0.017500 0.070000 0.001700 0.000000 0.070000 0.001642 0.000440 0.070000 0.001472 0.000850 0.070000 0.001202 0.001202 0.070000 0.000850 0.001472 0.070000 0.000440 0.001642 0.070000 0.000000 0.001700 0.070000 -0.000440 0.001642 0.070000 -0.000850 0.001472 0.070000 -0.001202 0.001202 0.070000 -0.001472 0.000850 0.070000 -0.001642 0.000440 0.070000 -0.001700 0.000000 0.070000 -0.001642 -0.000440 0.070000 -0.001472 -0.000850 0.070000 -0.001202 -0.001202 0.070000 -0.000850 -0.001472 0.070000 -0.000440 -0.001642 0.070000 0.000000 -0.001700 0.070000 0.000440 -0.001642 0.070000 0.000850 -0.001472 0.070000 0.001202 -0.001202 0.070000 0.001472 -0.000850 0.070000 0.001642 -0.000440 0.070000 0.026000 0.017500 0.065000 -0.014000 -0.002500 0.065000 -0.013877 -0.004064 0.065000 -0.013511 -0.005590 0.065000 -0.012910 -0.007040 0.065000 -0.012090 -0.008378 0.065000 -0.011071 -0.009571 0.065000 -0.009878 -0.010590 0.065000 -0.008540 -0.011410 0.065000 -0.007090 -0.012011 0.065000 -0.005564 -0.012377 0.065000 -0.005564 -0.012377 0.070000 -0.007090 -0.012011 0.070000 -0.008540 -0.011410 0.070000 -0.009878 -0.010590 0.070000 -0.011071 -0.009571 0.070000 -0.012090 -0.008378 0.070000 -0.012910 -0.007040 0.070000 -0.013511 -0.005590 0.070000 -0.013877 -0.004064 0.070000 -0.014000 -0.002500 0.070000 -0.004000 0.017500 0.070000 -0.005564 0.017377 0.070000 -0.007090 0.017011 0.070000 -0.008540 0.016410 0.070000 -0.009878 0.015590 0.070000 -0.011071 0.014571 0.070000 -0.012090 0.013378 0.070000 -0.012910 0.012040 0.070000 -0.013511 0.010590 0.070000 -0.013877 0.009064 0.070000 -0.014000 0.007500 0.070000 -0.014000 0.007500 0.065000 -0.004000 0.017500 0.065000 -0.005564 0.017377 0.065000 -0.007090 0.017011 0.065000 -0.008540 0.016410 0.065000 -0.009878 0.015590 0.065000 -0.011071 0.014571 0.065000 -0.012090 0.013378 0.065000 -0.012910 0.012040 0.065000 -0.013511 0.010590 0.065000 -0.013877 0.009064 0.065000 0.028300 0.012500 0.014000 0.028351 0.012888 0.014000 0.028501 0.013250 0.014000 0.028739 0.013561 0.014000 0.029050 0.013799 0.014000 0.029412 0.013949 0.014000 0.029800 0.014000 0.014000 0.030188 0.013949 0.014000 0.030550 0.013799 0.014000 0.030861 0.013561 0.014000 0.031099 0.013250 0.014000 0.031249 0.012888 0.014000 0.031300 0.012500 0.014000 0.031249 0.012112 0.014000 0.031099 0.011750 0.014000 0.030861 0.011439 0.014000 0.030550 0.011201 0.014000 0.030188 0.011051 0.014000 0.029800 0.011000 0.014000 0.029412 0.011051 0.014000 0.029050 0.011201 0.014000 0.028739 0.011439 0.014000 0.028501 0.011750 0.014000 0.028351 0.012112 0.014000 0.028300 0.012500 0.000533 0.028300 0.012500 0.007267 0.028351 0.012888 0.000533 0.028351 0.012888 0.007267 0.028501 0.013250 0.000533 0.028501 0.013250 0.007267 0.028739 0.013561 0.000533 0.028739 0.013561 0.007267 0.029050 0.013799 0.000533 0.029050 0.013799 0.007267 0.029412 0.013949 0.000533 0.029412 0.013949 0.007267 0.029800 0.014000 0.000533 0.029800 0.014000 0.007267 0.030188 0.013949 0.000533 0.030188 0.013949 0.007267 0.030550 0.013799 0.000533 0.030550 0.013799 0.007267 0.030861 0.013561 0.000533 0.030861 0.013561 0.007267 0.031099 0.013250 0.000533 0.031099 0.013250 0.007267 0.031249 0.012888 0.000533 0.031249 0.012888 0.007267 0.031300 0.012500 0.000533 0.031300 0.012500 0.007267 0.031249 0.012112 0.000533 0.031249 0.012112 0.007267 0.031099 0.011750 0.000533 0.031099 0.011750 0.007267 0.030861 0.011439 0.000533 0.030861 0.011439 0.007267 0.030550 0.011201 0.000533 0.030550 0.011201 0.007267 0.030188 0.011051 0.000533 0.030188 0.011051 0.007267 0.029800 0.011000 0.000533 0.029800 0.011000 0.007267 0.029412 0.011051 0.000533 0.029412 0.011051 0.007267 0.029050 0.011201 0.000533 0.029050 0.011201 0.007267 0.028739 0.011439 0.000533 0.028739 0.011439 0.007267 0.028501 0.011750 0.000533 0.028501 0.011750 0.007267 0.028351 0.012112 0.000533 0.028351 0.012112 0.007267 0.028300 -0.007500 0.014000 0.028351 -0.007112 0.014000 0.028501 -0.006750 0.014000 0.028739 -0.006439 0.014000 0.029050 -0.006201 0.014000 0.029412 -0.006051 0.014000 0.029800 -0.006000 0.014000 0.030188 -0.006051 0.014000 0.030550 -0.006201 0.014000 0.030861 -0.006439 0.014000 0.031099 -0.006750 0.014000 0.031249 -0.007112 0.014000 0.031300 -0.007500 0.014000 0.031249 -0.007888 0.014000 0.031099 -0.008250 0.014000 0.030861 -0.008561 0.014000 0.030550 -0.008799 0.014000 0.030188 -0.008949 0.014000 0.029800 -0.009000 0.014000 0.029412 -0.008949 0.014000 0.029050 -0.008799 0.014000 0.028739 -0.008561 0.014000 0.028501 -0.008250 0.014000 0.028351 -0.007888 0.014000 0.028300 -0.007500 0.000533 0.028300 -0.007500 0.007267 0.028351 -0.007112 0.000533 0.028351 -0.007112 0.007267 0.028501 -0.006750 0.000533 0.028501 -0.006750 0.007267 0.028739 -0.006439 0.000533 0.028739 -0.006439 0.007267 0.029050 -0.006201 0.000533 0.029050 -0.006201 0.007267 0.029412 -0.006051 0.000533 0.029412 -0.006051 0.007267 0.029800 -0.006000 0.000533 0.029800 -0.006000 0.007267 0.030188 -0.006051 0.000533 0.030188 -0.006051 0.007267 0.030550 -0.006201 0.000533 0.030550 -0.006201 0.007267 0.030861 -0.006439 0.000533 0.030861 -0.006439 0.007267 0.031099 -0.006750 0.000533 0.031099 -0.006750 0.007267 0.031249 -0.007112 0.000533 0.031249 -0.007112 0.007267 0.031300 -0.007500 0.000533 0.031300 -0.007500 0.007267 0.031249 -0.007888 0.000533 0.031249 -0.007888 0.007267 0.031099 -0.008250 0.000533 0.031099 -0.008250 0.007267 0.030861 -0.008561 0.000533 0.030861 -0.008561 0.007267 0.030550 -0.008799 0.000533 0.030550 -0.008799 0.007267 0.030188 -0.008949 0.000533 0.030188 -0.008949 0.007267 0.029800 -0.009000 0.000533 0.029800 -0.009000 0.007267 0.029412 -0.008949 0.000533 0.029412 -0.008949 0.007267 0.029050 -0.008799 0.000533 0.029050 -0.008799 0.007267 0.028739 -0.008561 0.000533 0.028739 -0.008561 0.007267 0.028501 -0.008250 0.000533 0.028501 -0.008250 0.007267 0.028351 -0.007888 0.000533 0.028351 -0.007888 0.007267 0.162500 0.000300 0.059000 0.162449 -0.000088 0.059000 0.162299 -0.000450 0.059000 0.162061 -0.000761 0.059000 0.161750 -0.000999 0.059000 0.161388 -0.001149 0.059000 0.161000 -0.001200 0.059000 0.160612 -0.001149 0.059000 0.160250 -0.000999 0.059000 0.159939 -0.000761 0.059000 0.159701 -0.000450 0.059000 0.159551 -0.000088 0.059000 0.159500 0.000300 0.059000 0.159551 0.000688 0.059000 0.159701 0.001050 0.059000 0.159939 0.001361 0.059000 0.160250 0.001599 0.059000 0.160612 0.001749 0.059000 0.161000 0.001800 0.059000 0.161388 0.001749 0.059000 0.161750 0.001599 0.059000 0.162061 0.001361 0.059000 0.162299 0.001050 0.059000 0.162449 0.000688 0.059000 0.162500 0.000300 0.064000 0.162449 0.000688 0.064000 0.162299 0.001050 0.064000 0.162061 0.001361 0.064000 0.161750 0.001599 0.064000 0.161388 0.001749 0.064000 0.161000 0.001800 0.064000 0.160612 0.001749 0.064000 0.160250 0.001599 0.064000 0.159939 0.001361 0.064000 0.159701 0.001050 0.064000 0.159551 0.000688 0.064000 0.159500 0.000300 0.064000 0.159551 -0.000088 0.064000 0.159701 -0.000450 0.064000 0.159939 -0.000761 0.064000 0.160250 -0.000999 0.064000 0.160612 -0.001149 0.064000 0.161000 -0.001200 0.064000 0.161388 -0.001149 0.064000 0.161750 -0.000999 0.064000 0.162061 -0.000761 0.064000 0.162299 -0.000450 0.064000 0.162449 -0.000088 0.064000 0.178000 -0.029100 0.035000 0.178000 -0.029100 0.029000 0.178000 0.017500 0.064000 0.130598 0.017500 0.064000 0.178000 0.017500 0.029000 0.140000 0.017500 0.029000 0.140000 0.017500 0.017500 0.039651 0.017500 0.017500 0.038480 0.017500 0.017385 0.037355 0.017500 0.017043 0.036318 0.017500 0.016489 0.035408 0.017500 0.015743 0.034662 0.017500 0.014833 0.034108 0.017500 0.013796 0.033766 0.017500 0.012671 0.033766 0.017500 0.051329 0.034108 0.017500 0.050204 0.034662 0.017500 0.049167 0.035408 0.017500 0.048257 0.036318 0.017500 0.047511 0.037355 0.017500 0.046957 0.038480 0.017500 0.046615 0.039651 0.017500 0.046500 0.124598 0.017500 0.046500 0.125763 0.017500 0.046614 0.126885 0.017500 0.046953 0.127919 0.017500 0.047503 0.128826 0.017500 0.048243 0.129573 0.017500 0.049146 0.130129 0.017500 0.050176 0.130475 0.017500 0.051295 0.130598 0.017500 0.052460 0.171200 0.017500 0.035000 0.171200 0.017500 0.059000 0.146000 0.017500 0.059000 0.140000 0.017500 0.059000 0.140000 0.017500 0.035000 0.146000 0.017500 0.035000 0.038025 0.017500 0.034398 0.038025 0.017500 0.029820 0.038150 0.017500 0.028708 0.038520 0.017500 0.027651 0.039116 0.017500 0.026703 0.039908 0.017500 0.025911 0.040856 0.017500 0.025315 0.041912 0.017500 0.024946 0.043025 0.017500 0.024820 0.124283 0.017500 0.024820 0.125395 0.017500 0.024946 0.126452 0.017500 0.025315 0.127400 0.017500 0.025911 0.128192 0.017500 0.026703 0.128787 0.017500 0.027651 0.129157 0.017500 0.028708 0.129283 0.017500 0.029820 0.129283 0.017500 0.034398 0.129157 0.017500 0.035511 0.128787 0.017500 0.036568 0.128192 0.017500 0.037516 0.127400 0.017500 0.038308 0.126452 0.017500 0.038903 0.125395 0.017500 0.039273 0.124283 0.017500 0.039398 0.043025 0.017500 0.039398 0.041912 0.017500 0.039273 0.040856 0.017500 0.038903 0.039908 0.017500 0.038308 0.039116 0.017500 0.037516 0.038520 0.017500 0.036568 0.038150 0.017500 0.035511 0.156568 0.016432 0.029000 0.156050 0.016500 0.029000 0.155532 0.016432 0.029000 0.155532 -0.036032 0.029000 0.156050 -0.036100 0.029000 0.156568 -0.036032 0.029000 0.165432 -0.036032 0.029000 0.165950 -0.036100 0.029000 0.166468 -0.036032 0.029000 0.171200 0.010800 0.029000 0.166468 0.016432 0.029000 0.165950 0.016500 0.029000 0.165432 0.016432 0.029000 0.177878 -0.030489 0.029000 0.177518 -0.031836 0.029000 0.176928 -0.033100 0.029000 0.176128 -0.034242 0.029000 0.175142 -0.035228 0.029000 0.174000 -0.036028 0.029000 0.172736 -0.036618 0.029000 0.171389 -0.036978 0.029000 0.170000 -0.037100 0.029000 0.148000 -0.037100 0.029000 0.146611 -0.036978 0.029000 0.145264 -0.036618 0.029000 0.144000 -0.036028 0.029000 0.142858 -0.035228 0.029000 0.141872 -0.034242 0.029000 0.141072 -0.033100 0.029000 0.140482 -0.031836 0.029000 0.140122 -0.030489 0.029000 0.140000 -0.029100 0.029000 0.146000 0.010500 0.059000 0.140000 0.010500 0.059000 0.157480 0.010800 0.035000 0.157480 0.013102 0.035000 0.157091 0.012792 0.035000 0.156638 0.012588 0.035000 0.156148 0.012502 0.035000 0.155652 0.012540 0.035000 0.155181 0.012699 0.035000 0.154764 0.012969 0.035000 0.154426 0.013333 0.035000 0.154188 0.013770 0.035000 0.154066 0.014251 0.035000 0.154066 0.014749 0.035000 0.154188 0.015230 0.035000 0.154426 0.015667 0.035000 0.154764 0.016032 0.035000 0.155181 0.016301 0.035000 0.155652 0.016460 0.035000 0.156148 0.016498 0.035000 0.156638 0.016412 0.035000 0.157091 0.016208 0.035000 0.157480 0.015898 0.035000 0.157480 0.016550 0.035000 0.164520 0.016550 0.035000 0.164520 0.015898 0.035000 0.164909 0.016208 0.035000 0.165362 0.016412 0.035000 0.165852 0.016498 0.035000 0.166348 0.016460 0.035000 0.166819 0.016301 0.035000 0.167236 0.016032 0.035000 0.167574 0.015667 0.035000 0.167812 0.015230 0.035000 0.167934 0.014749 0.035000 0.167934 0.014251 0.035000 0.167812 0.013770 0.035000 0.167574 0.013333 0.035000 0.167236 0.012969 0.035000 0.166819 0.012699 0.035000 0.166348 0.012540 0.035000 0.165852 0.012502 0.035000 0.165362 0.012588 0.035000 0.164909 0.012792 0.035000 0.164520 0.013102 0.035000 0.164520 0.010800 0.035000 0.171200 0.010800 0.035000 0.146000 0.010500 0.035000 0.140000 0.010500 0.035000 0.125395 0.002500 0.024946 0.126452 0.002500 0.025315 0.127400 0.002500 0.025911 0.128192 0.002500 0.026703 0.128787 0.002500 0.027651 0.129157 0.002500 0.028708 0.038150 0.002500 0.028708 0.038520 0.002500 0.027651 0.039116 0.002500 0.026703 0.039908 0.002500 0.025911 0.040856 0.002500 0.025315 0.041912 0.002500 0.024946 0.041912 0.002500 0.039273 0.040856 0.002500 0.038903 0.039908 0.002500 0.038308 0.039116 0.002500 0.037516 0.038520 0.002500 0.036568 0.038150 0.002500 0.035511 0.129157 0.002500 0.035511 0.128787 0.002500 0.036568 0.128192 0.002500 0.037516 0.127400 0.002500 0.038308 0.126452 0.002500 0.038903 0.125395 0.002500 0.039273 0.140000 0.010500 0.059000 0.140000 0.010500 0.035000 0.038480 0.002500 0.017385 0.037355 0.002500 0.017043 0.036318 0.002500 0.016489 0.035408 0.002500 0.015743 0.034662 0.002500 0.014833 0.034108 0.002500 0.013796 0.033766 0.002500 0.012671 0.038480 0.002500 0.046615 0.037355 0.002500 0.046957 0.036318 0.002500 0.047511 0.035408 0.002500 0.048257 0.034662 0.002500 0.049167 0.034108 0.002500 0.050204 0.033766 0.002500 0.051329 0.130475 0.002500 0.051295 0.130129 0.002500 0.050176 0.129573 0.002500 0.049146 0.128826 0.002500 0.048243 0.127919 0.002500 0.047503 0.126885 0.002500 0.046953 0.125763 0.002500 0.046614 0.140000 -0.029100 0.035000 0.140122 -0.030489 0.035000 0.140482 -0.031836 0.035000 0.141072 -0.033100 0.035000 0.141872 -0.034242 0.035000 0.142858 -0.035228 0.035000 0.144000 -0.036028 0.035000 0.145264 -0.036618 0.035000 0.146611 -0.036978 0.035000 0.148000 -0.037100 0.035000 0.170000 -0.037100 0.035000 0.171389 -0.036978 0.035000 0.172736 -0.036618 0.035000 0.174000 -0.036028 0.035000 0.175142 -0.035228 0.035000 0.176128 -0.034242 0.035000 0.176928 -0.033100 0.035000 0.177518 -0.031836 0.035000 0.177878 -0.030489 0.035000 0.156050 -0.036100 0.035000 0.155532 -0.036032 0.035000 0.155050 -0.035832 0.035000 0.154636 -0.035514 0.035000 0.154318 -0.035100 0.035000 0.154118 -0.034618 0.035000 0.154050 -0.034100 0.035000 0.154118 -0.033582 0.035000 0.154318 -0.033100 0.035000 0.154636 -0.032686 0.035000 0.155050 -0.032368 0.035000 0.155532 -0.032168 0.035000 0.156050 -0.032100 0.035000 0.156568 -0.032168 0.035000 0.157050 -0.032368 0.035000 0.157464 -0.032686 0.035000 0.157782 -0.033100 0.035000 0.157982 -0.033582 0.035000 0.158050 -0.034100 0.035000 0.157982 -0.034618 0.035000 0.157782 -0.035100 0.035000 0.157464 -0.035514 0.035000 0.157050 -0.035832 0.035000 0.156568 -0.036032 0.035000 0.165950 -0.036100 0.035000 0.165432 -0.036032 0.035000 0.164950 -0.035832 0.035000 0.164536 -0.035514 0.035000 0.164218 -0.035100 0.035000 0.164018 -0.034618 0.035000 0.163950 -0.034100 0.035000 0.164018 -0.033582 0.035000 0.164218 -0.033100 0.035000 0.164536 -0.032686 0.035000 0.164950 -0.032368 0.035000 0.165432 -0.032168 0.035000 0.165950 -0.032100 0.035000 0.166468 -0.032168 0.035000 0.166950 -0.032368 0.035000 0.167364 -0.032686 0.035000 0.167682 -0.033100 0.035000 0.167882 -0.033582 0.035000 0.167950 -0.034100 0.035000 0.167882 -0.034618 0.035000 0.167682 -0.035100 0.035000 0.167364 -0.035514 0.035000 0.166950 -0.035832 0.035000 0.166468 -0.036032 0.035000 0.146000 0.010500 0.035000 0.146000 -0.012500 0.035000 0.146000 0.010500 0.059000 0.004400 0.000000 -0.001200 0.004272 0.001053 -0.001200 0.003896 0.002045 -0.001200 0.003293 0.002918 -0.001200 0.002499 0.003621 -0.001200 0.001560 0.004114 -0.001200 0.000530 0.004368 -0.001200 -0.000530 0.004368 -0.001200 -0.001560 0.004114 -0.001200 -0.002499 0.003621 -0.001200 -0.003293 0.002918 -0.001200 -0.003896 0.002045 -0.001200 -0.004272 0.001053 -0.001200 -0.004400 0.000000 -0.001200 -0.004272 -0.001053 -0.001200 -0.003896 -0.002045 -0.001200 -0.003293 -0.002918 -0.001200 -0.002499 -0.003621 -0.001200 -0.001560 -0.004114 -0.001200 -0.000530 -0.004368 -0.001200 0.000530 -0.004368 -0.001200 0.001560 -0.004114 -0.001200 0.002499 -0.003621 -0.001200 0.003293 -0.002918 -0.001200 0.003896 -0.002045 -0.001200 0.004272 -0.001053 -0.001200 -0.003848 0.000000 -0.001200 -0.003717 0.000996 -0.001200 -0.003332 0.001924 -0.001200 -0.002721 0.002721 -0.001200 -0.001924 0.003332 -0.001200 -0.000996 0.003717 -0.001200 0.000000 0.003848 -0.001200 0.000996 0.003717 -0.001200 0.001924 0.003332 -0.001200 0.002721 0.002721 -0.001200 0.003332 0.001924 -0.001200 0.003717 0.000996 -0.001200 0.003848 0.000000 -0.001200 0.003717 -0.000996 -0.001200 0.003332 -0.001924 -0.001200 0.002721 -0.002721 -0.001200 0.001924 -0.003332 -0.001200 0.000996 -0.003717 -0.001200 0.000000 -0.003848 -0.001200 -0.000996 -0.003717 -0.001200 -0.001924 -0.003332 -0.001200 -0.002721 -0.002721 -0.001200 -0.003332 -0.001924 -0.001200 -0.003717 -0.000996 -0.001200 0.004400 0.000000 0.001000 0.004272 -0.001053 0.001000 0.003896 -0.002045 0.001000 0.003293 -0.002918 0.001000 0.002499 -0.003621 0.001000 0.001560 -0.004114 0.001000 0.000530 -0.004368 0.001000 -0.000530 -0.004368 0.001000 -0.001560 -0.004114 0.001000 -0.002499 -0.003621 0.001000 -0.003293 -0.002918 0.001000 -0.003896 -0.002045 0.001000 -0.004272 -0.001053 0.001000 -0.004400 0.000000 0.001000 -0.004272 0.001053 0.001000 -0.003896 0.002045 0.001000 -0.003293 0.002918 0.001000 -0.002499 0.003621 0.001000 -0.001560 0.004114 0.001000 -0.000530 0.004368 0.001000 0.000530 0.004368 0.001000 0.001560 0.004114 0.001000 0.002499 0.003621 0.001000 0.003293 0.002918 0.001000 0.003896 0.002045 0.001000 0.004272 0.001053 0.001000 -0.003848 0.000000 0.001000 -0.003717 -0.000996 0.001000 -0.003332 -0.001924 0.001000 -0.002721 -0.002721 0.001000 -0.001924 -0.003332 0.001000 -0.000996 -0.003717 0.001000 0.000000 -0.003848 0.001000 0.000996 -0.003717 0.001000 0.001924 -0.003332 0.001000 0.002721 -0.002721 0.001000 0.003332 -0.001924 0.001000 0.003717 -0.000996 0.001000 0.003848 0.000000 0.001000 0.003717 0.000996 0.001000 0.003332 0.001924 0.001000 0.002721 0.002721 0.001000 0.001924 0.003332 0.001000 0.000996 0.003717 0.001000 0.000000 0.003848 0.001000 -0.000996 0.003717 0.001000 -0.001924 0.003332 0.001000 -0.002721 0.002721 0.001000 -0.003332 0.001924 0.001000 -0.003717 0.000996 0.001000</float_array>
          <technique_common>
            <accessor source="#robot_arm_link-mesh-positions-array" count="3923" stride="3">
              <param name="X" type="float"/>
              <param name="Y" type="float"/>
              <param name="Z" type="float"/>
            </accessor>
          </technique_common>
        </source>
        <source id="robot_arm_link-mesh-normals">
          <float_array id="robot_arm_link-mesh-normals-array" count="22272">-1.000000 0.000000 0.000000 -1.000000 0.000000 0.000000 -1.000000 0.000000 0.000000 -1.000000 0.000000 0.000000 -0.988720 -0.149777 0.000000 -0.965926 -0.258819 0.000000 -0.965926 -0.258819 0.000000 -0.965926 -0.258819 0.000000 -0.866025 -0.500000 0.000000 -0.866025 -0.500000 0.000000 -0.707107 -0.707107 0.000000 -0.707107 -0.707107 0.000000 -0.500000 -0.866025 0.000000 -0.500000 -0.866025 0.000000 -0.258819 -0.965926 0.000000 -0.258819 -0.965926 0.000000 -0.000000 -1.000000 0.000000 -0.258819 -0.965926 0.000000 -0.258819 -0.965926 0.000000 -0.500000 -0.866025 0.000000 -0.500000 -0.866025 0.000000 -0.707107 -0.707107 0.000000 -0.707107 -0.707107 0.000000 -0.866025 -0.500000 0.000000 -0.866025 -0.500000 0.000000 -0.900000 -0.435890 0.000000 -0.866025 -0.500000 0.000000 -0.900000 -0.435890 0.000000 -0.780719 -0.624882 0.000000 -0.955134 -0.296174 0.000000 -0.707107 -0.707107 0.000000 -0.622444 -0.782664 0.000000 -0.500000 -0.866025 0.000000 -0.433081 -0.901355 0.000000 -0.258819 -0.965926 0.000000 -0.222087 -0.975027 0.000000 -0.258819 -0.965926 0.000000 -0.258819 -0.965926 0.000000 -0.258819 -0.965926 0.000000 -0.500000 -0.866025 0.000000 -0.000000 -1.000000 0.000000 -0.707107 -0.707107 0.000000 -0.866025 -0.500000 0.000000 -0.965926 -0.258819 0.000000 -0.866025 -0.500000 0.000000 -0.965926 -0.258819 0.000000 -0.965926 -0.258819 0.000000 -0.866025 -0.500000 0.000000 -0.707107 -0.707107 0.000000 -0.500000 -0.866025 0.000000 -0.707107 -0.707107 0.000000 -0.500000 -0.866025 0.000000 0.707107 0.000000 0.707107 0.707107 0.000000 0.707107 0.707107 0.000000 0.707107 0.707107 0.000000 0.707107 0.707107 0.000000 0.707107 0.707107 0.000000 0.707107 0.688740 0.160115 0.707107 0.683013 0.183013 0.707107 0.636396 0.308221 0.707107 0.612372 0.353553 0.707107 0.552052 0.441858 0.707107 0.500000 0.500000 0.707107 0.440134 0.553427 0.707107 0.353553 0.612372 0.707107 0.306234 0.637354 0.707107 0.183013 0.683013 0.707107 0.157039 0.689448 0.707107 0.000000 0.707107 0.707107 0.000000 0.707107 0.707107 0.900000 0.435890 -0.000000 0.780719 0.624882 -0.000000 0.900000 0.435890 -0.000000 0.780719 0.624882 -0.000000 0.780719 0.624882 -0.000000 0.622444 0.782664 -0.000000 0.622444 0.782664 -0.000000 0.433081 0.901355 -0.000000 0.433081 0.901355 -0.000000 0.222087 0.975027 -0.000000 0.222087 0.975027 -0.000000 -0.000000 1.000000 -0.000000 0.222087 0.975027 -0.000000 0.222087 0.975027 -0.000000 0.433081 0.901355 -0.000000 0.433081 0.901355 -0.000000 0.622444 0.782664 -0.000000 0.622444 0.782664 -0.000000 0.780719 0.624882 -0.000000 0.780719 0.624882 -0.000000 0.780719 0.624882 -0.000000 0.780719 0.624882 -0.000000 0.622444 0.782664 -0.000000 0.622444 0.782664 -0.000000 0.433081 0.901355 -0.000000 0.433081 0.901355 -0.000000 0.222087 0.975027 -0.000000 0.222087 0.975027 -0.000000 -0.000000 1.000000 -0.000000 0.222087 0.975027 -0.000000 0.433081 0.901355 -0.000000 0.622444 0.782664 -0.000000 0.780719 0.624882 -0.000000 0.222087 0.975027 -0.000000 0.222087 0.975027 -0.000000 0.622444 0.782664 -0.000000 0.780719 0.624882 -0.000000 0.780719 0.624882 -0.000000 0.622444 0.782664 -0.000000 0.433081 0.901355 -0.000000 0.622444 0.782664 -0.000000 0.433081 0.901355 -0.000000 0.222087 0.975027 -0.000000 0.433081 0.901355 -0.000000 0.000000 0.000000 1.000000 0.000000 0.000000 1.000000 0.000000 0.000000 1.000000 0.000000 0.000000 1.000000 0.000000 0.000000 1.000000 0.000000 0.000000 1.000000 0.000000 0.000000 1.000000 0.000000 0.000000 1.000000 0.000000 0.000000 1.000000 0.000000 0.000000 1.000000 0.000000 0.000000 1.000000 0.000000 0.000000 1.000000 0.000000 0.000000 1.000000 0.000000 0.000000 1.000000 0.000000 0.000000 1.000000 0.000000 0.000000 1.000000 0.000000 0.000000 1.000000 0.000000 0.000000 1.000000 0.000000 0.000000 1.000000 0.000000 0.000000 1.000000 0.000000 0.000000 1.000000 0.000000 0.000000 1.000000 0.000000 0.000000 1.000000 0.000000 0.000000 1.000000 0.000000 0.000000 1.000000 0.000000 0.000000 1.000000 0.000000 0.000000 1.000000 0.000000 0.000000 1.000000 0.000000 0.000000 1.000000 0.000000 0.000000 1.000000 0.000000 0.000000 1.000000 0.000000 0.000000 1.000000 0.000000 0.000000 1.000000 0.000000 0.000000 1.000000 0.000000 0.000000 1.000000 0.000000 0.000000 1.000000 0.000000 0.000000 1.000000 0.000000 0.000000 1.000000 0.000000 0.000000 1.000000 0.000000 0.000000 1.000000 0.000000 0.000000 1.000000 0.000000 0.000000 1.000000 0.000000 0.000000 1.000000 0.000000 0.000000 1.000000 0.000000 0.000000 1.000000 0.000000 0.000000 1.000000 0.000000 0.000000 1.000000 0.000000 0.000000 1.000000 0.000000 0.000000 1.000000 0.000000 0.000000 1.000000 0.000000 0.000000 1.000000 0.000000 0.000000 1.000000 0.000000 0.000000 1.000000 0.000000 0.000000 1.000000 0.000000 0.000000 1.000000 0.000000 0.000000 1.000000 0.000000 0.000000 1.000000 0.000000 0.000000 1.000000 0.000000 0.000000 1.000000 0.000000 0.000000 1.000000 0.000000 0.000000 1.000000 0.000000 0.000000 1.000000 0.000000 0.000000 1.000000 0.000000 0.000000 1.000000 0.000000 0.000000 1.000000 0.000000 0.000000 1.000000 0.000000 0.000000 1.000000 0.000000 0.000000 1.000000 0.000000 0.000000 1.000000 0.000000 0.000000 1.000000 0.000000 0.000000 1.000000 0.000000 0.000000 1.000000 0.000000 0.000000 1.000000 0.000000 0.000000 1.000000 0.000000 0.000000 1.000000 0.000000 0.000000 1.000000 0.000000 0.000000 1.000000 0.000000 0.000000 1.000000 0.000000 0.000000 1.000000 0.000000 0.000000 1.000000 0.000000 0.000000 1.000000 0.000000 0.000000 1.000000 0.000000 0.000000 1.000000 0.000000 0.000000 1.000000 0.000000 0.000000 1.000000 0.000000 0.000000 1.000000 0.000000 0.000000 1.000000 0.000000 0.000000 1.000000 0.000000 0.000000 1.000000 0.000000 0.000000 1.000000 0.000000 0.000000 1.000000 0.000000 0.000000 1.000000 0.000000 0.000000 1.000000 0.000000 0.000000 1.000000 0.000000 0.000000 1.000000 0.000000 0.000000 1.000000 0.000000 0.000000 1.000000 0.000000 0.000000 1.000000 0.000000 0.000000 1.000000 0.000000 0.000000 1.000000 0.000000 0.000000 1.000000 0.000000 0.000000 1.000000 0.000000 0.000000 1.000000 0.000000 0.000000 1.000000 0.000000 0.000000 1.000000 0.000000 0.000000 1.000000 0.000000 0.000000 1.000000 0.000000 0.000000 1.000000 0.000000 0.000000 1.000000 0.000000 0.000000 1.000000 0.000000 0.000000 1.000000 0.000000 0.000000 1.000000 0.000000 0.000000 1.000000 0.000000 0.000000 1.000000 0.000000 0.000000 1.000000 0.000000 0.000000 1.000000 0.000000 0.000000 1.000000 0.000000 0.000000 1.000000 0.000000 0.000000 1.000000 0.000000 0.000000 1.000000 0.000000 0.000000 1.000000 0.000000 0.000000 1.000000 0.000000 0.000000 1.000000 0.000000 0.000000 1.000000 0.000000 0.000000 1.000000 0.000000 0.000000 1.000000 0.000000 0.000000 1.000000 0.000000 0.000000 1.000000 0.000000 0.000000 1.000000 0.000000 0.000000 1.000000 0.000000 0.000000 1.000000 0.000000 0.000000 1.000000 0.000000 0.000000 1.000000 0.000000 0.000000 1.000000 0.000000 0.000000 1.000000 0.000000 0.000000 1.000000 0.000000 0.000000 1.000000 0.000000 0.000000 1.000000 0.000000 0.000000 1.000000 0.000000 0.000000 1.000000 0.000000 0.000000 1.000000 0.000000 0.000000 1.000000 0.000000 0.000000 1.000000 0.000000 0.000000 1.000000 0.000000 0.000000 1.000000 0.000000 0.000000 1.000000 0.000000 0.000000 1.000000 0.000000 0.000000 1.000000 0.000000 0.000000 1.000000 0.000000 0.000000 1.000000 0.000000 0.000000 1.000000 0.000000 0.000000 1.000000 0.000000 0.000000 1.000000 0.000000 0.000000 1.000000 0.000000 0.000000 1.000000 0.000000 0.000000 1.000000 0.000000 0.000000 1.000000 0.000000 0.000000 1.000000 0.000000 0.000000 1.000000 0.000000 0.000000 1.000000 0.000000 0.000000 1.000000 0.000000 0.000000 1.000000 0.000000 0.000000 1.000000 0.000000 0.000000 1.000000 0.000000 0.000000 1.000000 0.000000 0.000000 1.000000 0.000000 0.000000 1.000000 0.000000 0.000000 1.000000 -0.258819 0.000000 0.965926 -0.258819 0.000000 0.965926 0.000000 0.000000 1.000000 0.000000 0.000000 1.000000 0.258819 0.000000 0.965926 0.258819 0.000000 0.965926 0.500000 0.000000 0.866025 0.500000 0.000000 0.866025 0.707107 0.000000 0.707107 0.707107 0.000000 0.707107 0.866025 0.000000 0.500000 0.866025 0.000000 0.500000 0.965926 -0.000000 0.258819 0.965926 -0.000000 0.258819 1.000000 -0.000000 0.000000 1.000000 -0.000000 -0.000000 0.965926 -0.000000 -0.258819 0.965926 -0.000000 -0.258819 0.866025 -0.000000 -0.500000 0.866025 -0.000000 -0.500000 0.707107 -0.000000 -0.707107 0.707107 -0.000000 -0.707107 0.500000 -0.000000 -0.866025 0.500000 -0.000000 -0.866025 0.258819 -0.000000 -0.965926 0.258819 -0.000000 -0.965926 -0.000000 -0.000000 -1.000000 -0.000000 -0.000000 -1.000000 -0.258819 -0.000000 -0.965926 -0.258819 -0.000000 -0.965926 -0.500000 -0.000000 -0.866025 -0.500000 -0.000000 -0.866025 -0.707107 -0.000000 -0.707107 -0.707107 -0.000000 -0.707107 -0.866025 -0.000000 -0.500000 -0.866025 -0.000000 -0.500000 -0.965926 0.000000 -0.258819 -0.965926 0.000000 -0.258819 -1.000000 0.000000 0.000000 -1.000000 0.000000 -0.000000 -0.965926 0.000000 0.258819 -0.965926 0.000000 0.258819 -0.866025 0.000000 0.500000 -0.866025 0.000000 0.500000 -0.707107 0.000000 0.707107 -0.707107 0.000000 0.707107 -0.500000 0.000000 0.866025 -0.500000 0.000000 0.866025 -0.258819 0.000000 0.965926 -0.258819 0.000000 0.965926 0.000000 0.000000 1.000000 0.000000 0.000000 1.000000 0.258819 0.000000 0.965926 0.258819 0.000000 0.965926 0.500000 0.000000 0.866025 0.500000 0.000000 0.866025 0.707107 0.000000 0.707107 0.707107 0.000000 0.707107 0.866025 0.000000 0.500000 0.866025 0.000000 0.500000 0.965926 -0.000000 0.258819 0.965926 -0.000000 0.258819 1.000000 -0.000000 0.000000 1.000000 -0.000000 -0.000000 0.965926 -0.000000 -0.258819 0.965926 -0.000000 -0.258819 0.866025 -0.000000 -0.500000 0.866025 -0.000000 -0.500000 0.707107 -0.000000 -0.707107 0.707107 -0.000000 -0.707107 0.500000 -0.000000 -0.866025 0.500000 -0.000000 -0.866025 0.258819 -0.000000 -0.965926 0.258819 -0.000000 -0.965926 -0.000000 -0.000000 -1.000000 -0.000000 -0.000000 -1.000000 -0.258819 -0.000000 -0.965926 -0.258819 -0.000000 -0.965926 -0.500000 -0.000000 -0.866025 -0.500000 -0.000000 -0.866025 -0.707107 -0.000000 -0.707107 -0.707107 -0.000000 -0.707107 -0.866025 -0.000000 -0.500000 -0.866025 -0.000000 -0.500000 -0.965926 0.000000 -0.258819 -0.965926 0.000000 -0.258819 -1.000000 0.000000 0.000000 -1.000000 0.000000 -0.000000 -0.965926 0.000000 0.258819 -0.965926 0.000000 0.258819 -0.866025 0.000000 0.500000 -0.866025 0.000000 0.500000 -0.707107 0.000000 0.707107 -0.707107 0.000000 0.707107 -0.500000 0.000000 0.866025 -0.500000 0.000000 0.866025 -0.258819 0.000000 0.965926 -0.258819 0.000000 0.965926 0.000000 0.000000 1.000000 0.000000 0.000000 1.000000 0.258819 0.000000 0.965926 0.258819 0.000000 0.965926 0.500000 0.000000 0.866025 0.500000 0.000000 0.866025 0.707107 0.000000 0.707107 0.707107 0.000000 0.707107 0.866025 0.000000 0.500000 0.866025 0.000000 0.500000 0.965926 -0.000000 0.258819 0.965926 -0.000000 0.258819 1.000000 -0.000000 0.000000 1.000000 -0.000000 -0.000000 0.965926 -0.000000 -0.258819 0.965926 -0.000000 -0.258819 0.866025 -0.000000 -0.500000 0.866025 -0.000000 -0.500000 0.707107 -0.000000 -0.707107 0.707107 -0.000000 -0.707107 0.500000 -0.000000 -0.866025 0.500000 -0.000000 -0.866025 0.258819 -0.000000 -0.965926 0.258819 -0.000000 -0.965926 -0.000000 -0.000000 -1.000000 -0.000000 -0.000000 -1.000000 -0.258819 -0.000000 -0.965926 -0.258819 -0.000000 -0.965926 -0.500000 -0.000000 -0.866025 -0.500000 -0.000000 -0.866025 -0.707107 -0.000000 -0.707107 -0.707107 -0.000000 -0.707107 -0.866025 -0.000000 -0.500000 -0.866025 -0.000000 -0.500000 -0.965926 0.000000 -0.258819 -0.965926 0.000000 -0.258819 -1.000000 0.000000 0.000000 -1.000000 0.000000 -0.000000 -0.965926 0.000000 0.258819 -0.965926 0.000000 0.258819 -0.866025 0.000000 0.500000 -0.866025 0.000000 0.500000 -0.707107 0.000000 0.707107 -0.707107 0.000000 0.707107 -0.500000 0.000000 0.866025 -0.500000 0.000000 0.866025 1.000000 -0.000000 -0.000000 1.000000 -0.000000 -0.000000 0.965926 0.258819 -0.000000 0.965926 0.258819 -0.000000 0.866025 0.500000 -0.000000 0.866025 0.500000 -0.000000 0.707107 0.707107 -0.000000 0.707107 0.707107 -0.000000 0.500000 0.866025 -0.000000 0.500000 0.866025 -0.000000 0.258819 0.965926 -0.000000 0.258819 0.965926 -0.000000 -0.000000 1.000000 -0.000000 0.000000 1.000000 -0.000000 -0.258819 0.965926 -0.000000 -0.258819 0.965926 -0.000000 -0.500000 0.866025 -0.000000 -0.500000 0.866025 -0.000000 -0.707107 0.707107 -0.000000 -0.707107 0.707107 -0.000000 -0.866025 0.500000 -0.000000 -0.866025 0.500000 -0.000000 -0.965926 0.258819 -0.000000 -0.965926 0.258819 -0.000000 -1.000000 -0.000000 0.000000 -1.000000 -0.000000 0.000000 -0.258819 0.965926 -0.000000 -0.258819 0.965926 -0.000000 -0.000000 1.000000 -0.000000 -0.000000 1.000000 -0.000000 0.258819 0.965926 -0.000000 0.258819 0.965926 -0.000000 0.500000 0.866025 -0.000000 0.500000 0.866025 -0.000000 0.707107 0.707107 -0.000000 0.707107 0.707107 -0.000000 0.866025 0.500000 -0.000000 0.866025 0.500000 -0.000000 0.965926 0.258819 -0.000000 0.965926 0.258819 -0.000000 1.000000 -0.000000 -0.000000 1.000000 -0.000000 -0.000000 0.965926 -0.258819 0.000000 0.965926 -0.258819 0.000000 0.866025 -0.500000 0.000000 0.866025 -0.500000 0.000000 0.707107 -0.707107 0.000000 0.707107 -0.707107 0.000000 0.500000 -0.866025 0.000000 0.500000 -0.866025 0.000000 0.258819 -0.965926 0.000000 0.258819 -0.965926 0.000000 -0.000000 -1.000000 0.000000 -0.000000 -1.000000 0.000000 -0.258819 -0.965926 0.000000 -0.258819 -0.965926 0.000000 -0.500000 -0.866025 0.000000 -0.500000 -0.866025 0.000000 -0.707107 -0.707107 0.000000 -0.707107 -0.707107 0.000000 -0.866025 -0.500000 0.000000 -0.866025 -0.500000 0.000000 -0.965926 -0.258819 0.000000 -0.965926 -0.258819 0.000000 -1.000000 0.000000 0.000000 -1.000000 -0.000000 0.000000 -0.965926 0.258819 -0.000000 -0.965926 0.258819 -0.000000 -0.866025 0.500000 -0.000000 -0.866025 0.500000 -0.000000 -0.707107 0.707107 -0.000000 -0.707107 0.707107 -0.000000 -0.500000 0.866025 -0.000000 -0.500000 0.866025 -0.000000 -0.222521 0.974928 -0.000000 -0.222521 0.974928 -0.000000 -0.000000 1.000000 -0.000000 -0.000000 1.000000 -0.000000 0.222521 0.974928 -0.000000 0.222521 0.974928 -0.000000 0.433884 0.900969 -0.000000 0.433884 0.900969 -0.000000 0.623490 0.781831 -0.000000 0.623490 0.781831 -0.000000 0.781831 0.623490 -0.000000 0.781831 0.623490 -0.000000 0.900969 0.433884 -0.000000 0.900969 0.433884 -0.000000 0.974928 0.222521 -0.000000 0.974928 0.222521 -0.000000 1.000000 -0.000000 -0.000000 1.000000 -0.000000 -0.000000 0.974928 -0.222521 0.000000 0.974928 -0.222521 0.000000 0.900969 -0.433884 0.000000 0.900969 -0.433884 0.000000 0.781831 -0.623490 0.000000 0.781831 -0.623490 0.000000 0.623490 -0.781831 0.000000 0.623490 -0.781831 0.000000 0.433884 -0.900969 0.000000 0.433884 -0.900969 0.000000 0.222521 -0.974928 0.000000 0.222521 -0.974928 0.000000 -0.000000 -1.000000 0.000000 -0.000000 -1.000000 0.000000 -0.222521 -0.974928 0.000000 -0.222521 -0.974928 0.000000 -0.433884 -0.900969 0.000000 -0.433884 -0.900969 0.000000 -0.623490 -0.781831 0.000000 -0.623490 -0.781831 0.000000 -0.781831 -0.623490 0.000000 -0.781831 -0.623490 0.000000 -0.900969 -0.433884 0.000000 -0.900969 -0.433884 0.000000 -0.974928 -0.222521 0.000000 -0.974928 -0.222521 0.000000 -1.000000 0.000000 0.000000 -1.000000 0.000000 0.000000 -0.974928 0.222521 -0.000000 -0.974928 0.222521 -0.000000 -0.900969 0.433884 -0.000000 -0.900969 0.433884 -0.000000 -0.781831 0.623490 -0.000000 -0.781831 0.623490 -0.000000 -0.623490 0.781831 -0.000000 -0.623490 0.781831 -0.000000 -0.433884 0.900969 -0.000000 -0.433884 0.900969 -0.000000 -0.201299 0.979530 -0.000000 -0.000000 1.000000 -0.000000 -0.000000 1.000000 -0.000000 0.201299 0.979530 -0.000000 0.201299 0.979530 -0.000000 0.394356 0.918958 -0.000000 0.394356 0.918958 -0.000000 0.571268 0.820763 -0.000000 0.571268 0.820763 -0.000000 0.724793 0.688967 -0.000000 0.724793 0.688967 -0.000000 0.848644 0.528964 -0.000000 0.848644 0.528964 -0.000000 0.937752 0.347305 -0.000000 0.937752 0.347305 -0.000000 0.988468 0.151428 -0.000000 0.988468 0.151428 -0.000000 0.998717 -0.050649 -0.000000 0.998717 -0.050649 -0.000000 0.968077 -0.250653 0.000000 0.968077 -0.250653 0.000000 0.897805 -0.440394 0.000000 0.897805 -0.440394 0.000000 0.790776 -0.612106 0.000000 0.790776 -0.612106 0.000000 0.651372 -0.758758 0.000000 0.651372 -0.758758 0.000000 0.485302 -0.874347 0.000000 0.485302 -0.874347 0.000000 0.299363 -0.954139 0.000000 0.299363 -0.954139 0.000000 0.101168 -0.994869 0.000000 0.101168 -0.994869 0.000000 -0.101168 -0.994869 0.000000 -0.101168 -0.994869 0.000000 -0.299363 -0.954139 0.000000 -0.299363 -0.954139 0.000000 -0.485302 -0.874347 0.000000 -0.485302 -0.874347 0.000000 -0.651372 -0.758758 0.000000 -0.651372 -0.758758 0.000000 -0.790776 -0.612106 0.000000 -0.790776 -0.612106 0.000000 -0.897805 -0.440394 0.000000 -0.897805 -0.440394 0.000000 -0.968077 -0.250653 0.000000 -0.968077 -0.250653 0.000000 -0.998717 -0.050649 0.000000 -0.998717 -0.050649 0.000000 -0.988468 0.151428 -0.000000 -0.988468 0.151428 -0.000000 -0.937752 0.347305 -0.000000 -0.937752 0.347305 -0.000000 -0.848644 0.528964 -0.000000 -0.848644 0.528964 -0.000000 -0.724793 0.688967 -0.000000 -0.724793 0.688967 -0.000000 -0.571268 0.820763 -0.000000 -0.571268 0.820763 -0.000000 -0.394356 0.918958 -0.000000 -0.394356 0.918958 -0.000000 -0.201299 0.979530 -0.000000 0.912821 -0.408361 0.000000 0.912821 -0.408361 0.000000 0.960934 -0.276777 0.000000 0.967738 -0.251958 0.000000 0.990185 -0.139760 0.000000 0.996064 -0.088632 -0.000000 1.000000 -0.000000 -0.000000 0.997021 0.077129 -0.000000 0.987509 0.157565 -0.000000 0.970582 0.240771 -0.000000 0.950347 0.311193 -0.000000 0.917473 0.397797 -0.000000 0.889442 0.457047 -0.000000 0.839155 0.543893 -0.000000 0.806317 0.591483 -0.000000 0.737778 0.675044 -0.000000 0.703049 0.711142 -0.000000 0.616129 0.787646 -0.000000 0.582216 0.813034 -0.000000 0.477550 0.878605 -0.000000 0.446837 0.894615 -0.000000 0.325848 0.945422 -0.000000 0.300296 0.953846 -0.000000 0.165194 0.986261 -0.000000 0.151911 0.988394 -0.000000 -0.000000 1.000000 -0.000000 -0.000000 1.000000 -0.000000 -0.151911 0.988394 -0.000000 -0.165194 0.986261 -0.000000 -0.300296 0.953846 -0.000000 -0.325848 0.945422 -0.000000 -0.446837 0.894615 -0.000000 -0.477550 0.878605 -0.000000 -0.582216 0.813034 -0.000000 -0.616129 0.787646 -0.000000 -0.703049 0.711142 -0.000000 -0.737778 0.675044 -0.000000 -0.806317 0.591483 -0.000000 -0.839155 0.543893 -0.000000 -0.889442 0.457047 -0.000000 -0.917473 0.397797 -0.000000 -0.950347 0.311193 -0.000000 -0.970582 0.240771 -0.000000 -0.987509 0.157565 -0.000000 -0.997021 0.077129 0.000000 -1.000000 0.000000 0.000000 -0.996064 -0.088632 0.000000 -0.990185 -0.139760 0.000000 -0.967738 -0.251958 0.000000 -0.960934 -0.276777 0.000000 -0.912821 -0.408361 0.000000 -0.912821 -0.408361 0.000000 0.000000 0.707107 0.707107 0.000000 0.707107 0.707107 0.000000 0.707107 0.707107 0.000000 0.707107 0.707107 0.000000 0.707107 0.707107 0.000000 0.707107 0.707107 0.000000 0.707107 0.707107 0.000000 0.000000 1.000000 0.000000 0.000000 1.000000 0.000000 0.000000 1.000000 0.000000 0.000000 1.000000 0.000000 0.000000 1.000000 0.000000 0.000000 1.000000 0.000000 0.000000 1.000000 0.000000 0.000000 1.000000 0.000000 0.000000 1.000000 0.000000 0.000000 1.000000 0.000000 0.000000 1.000000 0.000000 0.000000 1.000000 0.000000 0.000000 1.000000 0.000000 0.000000 1.000000 0.000000 0.000000 1.000000 0.000000 0.000000 1.000000 0.000000 0.000000 1.000000 0.000000 0.000000 1.000000 0.000000 0.000000 1.000000 0.000000 0.000000 1.000000 0.000000 0.000000 1.000000 0.000000 0.000000 1.000000 0.000000 0.000000 1.000000 0.000000 0.000000 1.000000 0.000000 0.000000 1.000000 0.000000 0.000000 1.000000 0.000000 0.000000 1.000000 0.000000 0.000000 1.000000 0.000000 0.000000 1.000000 0.000000 0.000000 1.000000 0.000000 0.000000 1.000000 0.000000 0.000000 1.000000 0.000000 0.000000 1.000000 0.000000 0.000000 1.000000 0.000000 0.000000 1.000000 0.000000 0.000000 1.000000 0.000000 0.000000 1.000000 0.000000 0.000000 1.000000 0.000000 0.000000 1.000000 0.000000 0.000000 1.000000 0.000000 0.000000 1.000000 0.000000 0.000000 1.000000 0.000000 0.000000 1.000000 0.000000 0.000000 1.000000 0.000000 0.000000 1.000000 0.000000 0.000000 1.000000 0.000000 0.000000 1.000000 0.000000 0.000000 1.000000 0.000000 0.000000 1.000000 0.000000 0.000000 1.000000 0.000000 0.000000 1.000000 0.000000 0.000000 1.000000 0.000000 0.000000 1.000000 0.000000 0.000000 1.000000 0.000000 0.000000 1.000000 0.000000 0.000000 1.000000 0.000000 0.000000 1.000000 0.000000 0.000000 1.000000 0.000000 0.000000 1.000000 0.000000 0.000000 1.000000 -0.000000 -0.000000 -1.000000 -0.000000 -0.000000 -1.000000 -0.000000 -0.000000 -1.000000 -0.000000 -0.000000 -1.000000 -0.000000 -0.000000 -1.000000 -0.000000 -0.000000 -1.000000 -0.000000 -0.000000 -1.000000 -0.000000 -0.000000 -1.000000 -0.000000 -0.000000 -1.000000 -0.000000 -0.000000 -1.000000 -0.000000 -0.000000 -1.000000 -0.000000 -0.000000 -1.000000 -0.000000 -0.000000 -1.000000 -0.000000 -0.000000 -1.000000 -0.000000 -0.000000 -1.000000 -0.000000 -0.000000 -1.000000 -0.000000 -0.000000 -1.000000 -0.000000 -0.000000 -1.000000 -0.000000 -0.000000 -1.000000 -0.000000 -0.000000 -1.000000 -0.000000 -0.000000 -1.000000 -0.000000 -0.000000 -1.000000 -0.000000 -0.000000 -1.000000 -0.000000 -0.000000 -1.000000 -0.000000 -0.000000 -1.000000 -0.000000 -0.000000 -1.000000 -0.000000 -0.000000 -1.000000 -0.000000 -0.000000 -1.000000 -0.000000 -0.000000 -1.000000 -0.000000 -0.000000 -1.000000 -0.000000 -0.000000 -1.000000 -0.000000 -0.000000 -1.000000 -0.000000 -0.000000 -1.000000 -0.000000 -0.000000 -1.000000 -0.000000 -0.000000 -1.000000 -0.000000 -0.000000 -1.000000 -0.000000 -0.000000 -1.000000 -0.000000 -0.000000 -1.000000 -0.000000 -0.000000 -1.000000 -0.000000 -0.000000 -1.000000 -0.000000 -0.000000 -1.000000 -0.000000 -0.000000 -1.000000 -0.000000 -0.000000 -1.000000 -0.000000 -0.000000 -1.000000 -0.000000 -0.000000 -1.000000 -0.000000 -0.000000 -1.000000 -0.000000 -0.000000 -1.000000 -0.000000 -0.000000 -1.000000 -0.000000 -0.000000 -1.000000 -0.000000 -0.000000 -1.000000 -0.000000 -0.000000 -1.000000 -0.000000 -0.000000 -1.000000 -0.000000 -0.000000 -1.000000 -0.000000 -0.000000 -1.000000 -0.000000 -0.000000 -1.000000 -0.000000 -0.000000 -1.000000 -0.000000 -0.000000 -1.000000 -0.000000 -0.000000 -1.000000 -0.000000 -0.000000 -1.000000 -0.000000 -0.000000 -1.000000 -0.000000 -0.000000 -1.000000 -0.000000 -0.000000 -1.000000 -0.000000 -0.000000 -1.000000 -0.000000 -0.000000 -1.000000 -0.000000 -0.000000 -1.000000 -0.000000 -0.000000 -1.000000 -0.000000 -0.000000 -1.000000 -0.000000 -0.000000 -1.000000 -0.000000 -0.000000 -1.000000 -0.000000 -0.000000 -1.000000 -0.000000 -0.000000 -1.000000 -0.000000 -0.000000 -1.000000 -0.000000 -0.000000 -1.000000 -0.000000 -0.000000 -1.000000 -0.000000 -0.000000 -1.000000 -0.000000 -0.000000 -1.000000 -0.000000 -0.000000 -1.000000 -0.000000 -0.000000 -1.000000 -0.000000 -0.000000 -1.000000 -0.000000 -0.000000 -1.000000 -0.000000 -0.000000 -1.000000 -0.000000 -0.000000 -1.000000 -0.000000 -0.000000 -1.000000 -0.000000 -0.000000 -1.000000 -0.000000 -0.000000 -1.000000 -0.000000 -0.000000 -1.000000 -0.000000 -0.000000 -1.000000 -0.000000 -0.000000 -1.000000 -0.000000 -0.000000 -1.000000 -0.000000 -0.000000 -1.000000 -0.000000 -0.000000 -1.000000 -0.000000 -0.000000 -1.000000 -0.000000 -0.000000 -1.000000 -0.000000 -0.000000 -1.000000 -0.000000 -0.000000 -1.000000 -0.000000 -0.000000 -1.000000 -0.000000 -0.000000 -1.000000 -0.000000 -0.000000 -1.000000 -0.000000 -0.000000 -1.000000 -0.000000 -0.000000 -1.000000 -0.000000 -0.000000 -1.000000 -0.000000 -0.000000 -1.000000 -0.000000 -0.000000 -1.000000 -0.000000 -0.000000 -1.000000 -0.000000 -0.000000 -1.000000 -0.000000 -0.000000 -1.000000 -0.000000 -0.000000 -1.000000 -0.000000 -0.000000 -1.000000 -0.000000 -0.000000 -1.000000 -0.000000 -0.000000 -1.000000 -0.000000 -0.000000 -1.000000 -0.000000 -0.000000 -1.000000 -0.000000 -0.000000 -1.000000 -0.000000 -1.000000 0.000000 -0.000000 -1.000000 0.000000 -0.000000 -1.000000 0.000000 -0.000000 -1.000000 0.000000 -0.000000 -1.000000 0.000000 -0.000000 -1.000000 0.000000 -0.000000 -1.000000 0.000000 -0.000000 -1.000000 0.000000 -0.000000 -0.000000 -1.000000 -0.000000 -0.000000 -1.000000 -0.000000 -0.000000 -1.000000 -0.000000 -0.000000 -1.000000 -0.000000 -0.000000 -1.000000 -0.000000 -0.000000 -1.000000 -0.000000 -0.000000 -1.000000 -0.000000 -0.000000 -1.000000 -0.000000 -0.000000 -1.000000 -0.000000 -0.000000 -1.000000 -0.000000 -0.000000 -1.000000 -0.000000 -0.000000 -1.000000 -0.000000 -0.000000 -1.000000 -0.000000 -0.000000 -1.000000 -0.000000 -0.000000 -1.000000 -0.000000 -0.000000 -1.000000 -0.000000 -0.000000 -1.000000 -0.000000 -0.000000 -1.000000 -0.000000 -0.000000 -1.000000 -0.000000 -0.000000 -1.000000 -0.000000 -0.000000 -1.000000 -0.000000 -0.000000 -1.000000 -0.000000 -0.000000 -1.000000 -0.000000 -0.000000 -1.000000 -0.000000 -0.000000 -1.000000 -0.000000 -0.000000 -1.000000 -0.000000 -0.000000 -1.000000 -0.000000 -0.000000 -1.000000 -0.000000 -0.000000 -1.000000 -0.000000 -0.000000 -1.000000 -0.000000 -0.000000 -1.000000 -0.000000 -0.000000 -1.000000 -0.000000 -0.000000 -1.000000 -0.000000 -0.000000 -1.000000 -0.000000 -0.000000 -1.000000 -0.000000 -0.000000 -1.000000 -0.000000 -0.000000 -1.000000 -0.000000 -0.000000 -1.000000 -0.000000 -0.000000 -1.000000 -0.000000 -0.000000 -1.000000 -0.000000 -0.000000 -1.000000 -0.000000 -0.000000 -1.000000 -0.000000 -0.000000 -1.000000 -0.000000 -0.000000 -1.000000 -0.000000 -0.000000 -1.000000 -0.000000 -0.000000 -1.000000 -0.000000 -0.000000 -1.000000 -0.000000 -0.000000 -1.000000 -0.000000 -0.000000 -1.000000 -0.000000 -0.000000 -1.000000 -0.000000 -0.000000 -1.000000 -0.000000 -0.000000 -1.000000 -0.000000 -0.000000 -1.000000 -0.000000 -0.000000 -1.000000 -0.000000 -0.000000 -1.000000 -0.000000 -0.000000 -1.000000 -0.000000 -0.000000 -1.000000 -0.000000 -0.000000 -1.000000 -0.000000 -0.000000 -1.000000 -0.000000 -0.000000 -1.000000 -0.000000 -0.000000 -1.000000 -0.000000 -0.000000 -1.000000 -0.000000 -0.000000 -1.000000 -0.000000 -0.000000 -1.000000 -0.000000 -0.000000 -1.000000 -0.000000 -0.000000 -1.000000 -0.000000 -0.000000 -1.000000 -0.000000 -0.000000 -1.000000 -0.000000 -0.000000 -1.000000 -0.000000 -0.000000 -1.000000 -0.000000 -0.000000 -1.000000 0.000000 1.000000 -0.000000 0.000000 1.000000 -0.000000 0.000000 1.000000 -0.000000 0.000000 1.000000 -0.000000 0.000000 1.000000 -0.000000 0.000000 1.000000 -0.000000 0.000000 1.000000 -0.000000 0.000000 1.000000 -0.000000 -0.000000 -0.000000 -1.000000 -0.000000 -0.000000 -1.000000 -0.000000 -0.000000 -1.000000 -0.000000 -0.000000 -1.000000 -0.000000 -0.000000 -1.000000 -0.000000 -0.000000 -1.000000 -0.000000 -0.000000 -1.000000 -0.000000 -0.000000 -1.000000 -0.000000 -0.000000 -1.000000 0.000000 1.000000 -0.000000 0.000000 1.000000 -0.000000 0.000000 1.000000 -0.000000 0.000000 1.000000 -0.000000 0.000000 1.000000 -0.000000 0.000000 1.000000 -0.000000 0.000000 1.000000 -0.000000 0.000000 1.000000 -0.000000 0.000000 1.000000 -0.000000 0.000000 1.000000 -0.000000 -0.000000 -1.000000 0.000000 -0.000000 -1.000000 0.000000 -0.000000 -1.000000 0.000000 -0.000000 -1.000000 0.000000 -0.000000 -1.000000 0.000000 -0.000000 -1.000000 0.000000 -0.000000 -1.000000 0.000000 -0.000000 -1.000000 0.000000 -0.000000 -1.000000 0.000000 -0.000000 -1.000000 0.000000 -0.000000 -0.000000 -1.000000 -0.000000 -0.000000 -1.000000 -0.000000 -0.000000 -1.000000 -0.000000 -0.000000 -1.000000 -0.000000 -0.000000 -1.000000 -0.000000 -0.000000 -1.000000 -0.000000 -0.000000 -1.000000 -0.000000 -0.000000 -1.000000 -0.000000 -0.000000 -1.000000 -0.000000 -0.000000 -1.000000 -0.000000 -0.000000 -1.000000 -0.000000 -0.000000 -1.000000 -0.000000 -0.000000 -1.000000 -0.000000 -0.000000 -1.000000 -0.000000 -0.000000 -1.000000 -0.000000 -0.000000 -1.000000 -0.000000 -0.000000 -1.000000 -0.000000 -0.000000 -1.000000 -0.000000 -0.000000 -1.000000 -0.000000 -0.000000 -1.000000 -0.000000 -0.000000 -1.000000 -0.000000 -0.000000 -1.000000 -0.000000 -0.000000 -1.000000 -0.000000 -0.000000 -1.000000 -0.000000 -0.000000 -1.000000 -0.000000 -0.000000 -1.000000 -0.000000 -0.000000 -1.000000 -0.000000 -0.000000 -1.000000 -0.000000 -0.000000 -1.000000 -0.000000 -0.000000 -1.000000 -0.000000 -0.000000 -1.000000 -0.000000 -0.000000 -1.000000 -0.000000 -1.000000 0.000000 -0.000000 -1.000000 0.000000 -0.000000 -1.000000 0.000000 -0.000000 -1.000000 0.000000 -0.000000 -1.000000 0.000000 -0.000000 -1.000000 0.000000 -0.000000 -1.000000 0.000000 -0.000000 -1.000000 0.000000 -0.000000 -1.000000 0.000000 -0.000000 -1.000000 0.000000 -0.000000 -1.000000 0.000000 -0.000000 -1.000000 0.000000 0.000000 1.000000 -0.000000 0.000000 1.000000 -0.000000 0.000000 1.000000 -0.000000 0.000000 1.000000 -0.000000 0.000000 1.000000 -0.000000 0.000000 1.000000 -0.000000 0.000000 1.000000 -0.000000 0.000000 1.000000 -0.000000 0.000000 1.000000 -0.000000 0.000000 1.000000 -0.000000 0.000000 1.000000 -0.000000 0.000000 1.000000 -0.000000 -0.000000 -1.000000 0.000000 -0.000000 -1.000000 0.000000 -0.000000 -1.000000 0.000000 -0.000000 -1.000000 0.000000 0.000000 1.000000 -0.000000 0.000000 1.000000 -0.000000 0.000000 1.000000 -0.000000 0.000000 1.000000 -0.000000 0.000000 1.000000 -0.000000 0.000000 1.000000 -0.000000 0.000000 1.000000 -0.000000 0.000000 1.000000 -0.000000 0.000000 1.000000 -0.000000 0.000000 1.000000 -0.000000 0.000000 1.000000 -0.000000 0.000000 1.000000 -0.000000 1.000000 -0.000000 -0.000000 1.000000 -0.000000 -0.000000 1.000000 -0.000000 -0.000000 1.000000 -0.000000 -0.000000 -1.000000 0.000000 0.000000 -1.000000 0.000000 0.000000 -1.000000 0.000000 0.000000 -1.000000 0.000000 0.000000 1.000000 -0.000000 -0.000000 1.000000 -0.000000 -0.000000 1.000000 -0.000000 -0.000000 1.000000 -0.000000 -0.000000 0.000000 1.000000 -0.000000 0.000000 1.000000 -0.000000 0.000000 1.000000 -0.000000 0.000000 1.000000 -0.000000 -0.000000 -0.000000 -1.000000 -0.000000 -0.000000 -1.000000 -0.000000 -0.000000 -1.000000 -0.000000 -0.000000 -1.000000 -0.000000 -0.000000 -1.000000 -0.000000 -0.000000 -1.000000 -0.000000 -0.000000 -1.000000 -0.000000 -0.000000 -1.000000 -0.000000 -0.000000 -1.000000 -0.000000 -0.000000 -1.000000 -0.000000 -0.000000 -1.000000 -0.000000 -0.000000 -1.000000 -0.000000 -0.000000 -1.000000 -0.000000 -0.000000 -1.000000 -0.000000 -0.000000 -1.000000 -0.000000 -0.000000 -1.000000 -0.000000 -0.000000 -1.000000 -0.000000 -0.000000 -1.000000 -0.000000 -0.000000 -1.000000 -0.000000 -0.000000 -1.000000 -0.000000 -0.000000 -1.000000 -0.000000 -0.000000 -1.000000 -0.000000 -0.000000 -1.000000 -0.000000 -0.000000 -1.000000 -0.000000 -0.000000 -1.000000 -0.000000 -0.000000 -1.000000 -0.000000 -0.000000 -1.000000 -0.000000 -0.000000 -1.000000 -0.000000 -0.000000 -1.000000 -0.000000 -0.000000 -1.000000 -0.000000 -0.000000 -1.000000 -0.000000 -0.000000 -1.000000 -0.000000 -0.000000 -1.000000 -0.000000 -0.000000 -1.000000 -0.000000 -0.000000 -1.000000 -0.000000 -0.000000 -1.000000 -0.000000 -0.000000 -1.000000 -0.000000 -0.000000 -1.000000 -0.000000 -0.000000 -1.000000 -0.000000 -0.000000 -1.000000 -0.000000 -0.000000 -1.000000 -0.000000 -0.000000 -1.000000 -0.000000 -0.000000 -1.000000 -0.000000 -0.000000 -1.000000 -0.000000 -0.000000 -1.000000 1.000000 -0.000000 -0.000000 1.000000 -0.000000 -0.000000 1.000000 -0.000000 -0.000000 1.000000 -0.000000 -0.000000 1.000000 -0.000000 -0.000000 1.000000 -0.000000 -0.000000 -1.000000 0.000000 0.000000 -1.000000 0.000000 0.000000 -1.000000 0.000000 0.000000 -1.000000 0.000000 0.000000 -1.000000 0.000000 0.000000 -1.000000 0.000000 0.000000 0.000000 0.000000 1.000000 0.000000 0.000000 1.000000 0.000000 0.000000 1.000000 0.000000 0.000000 1.000000 0.000000 0.000000 1.000000 0.000000 0.000000 1.000000 0.000000 0.000000 1.000000 0.000000 0.000000 1.000000 0.000000 0.000000 1.000000 0.000000 0.000000 1.000000 0.000000 0.000000 1.000000 0.000000 0.000000 1.000000 0.000000 0.000000 1.000000 0.000000 0.000000 1.000000 0.000000 0.000000 1.000000 0.000000 0.000000 1.000000 0.000000 0.000000 1.000000 0.000000 0.000000 1.000000 0.000000 0.000000 1.000000 0.000000 0.000000 1.000000 0.000000 0.000000 1.000000 0.000000 0.000000 1.000000 -1.000000 0.000000 0.000000 -1.000000 0.000000 0.000000 -1.000000 0.000000 0.000000 -1.000000 0.000000 0.000000 -1.000000 0.000000 0.000000 -1.000000 0.000000 0.000000 1.000000 -0.000000 -0.000000 1.000000 -0.000000 -0.000000 1.000000 -0.000000 -0.000000 1.000000 -0.000000 -0.000000 1.000000 -0.000000 -0.000000 1.000000 -0.000000 -0.000000 -0.000000 -0.000000 -1.000000 -0.000000 -0.000000 -1.000000 -0.000000 -0.000000 -1.000000 -0.000000 -0.000000 -1.000000 -0.000000 -0.000000 -1.000000 -0.000000 -0.000000 -1.000000 -0.000000 -0.000000 -1.000000 -0.000000 -0.000000 -1.000000 -0.000000 -0.000000 -1.000000 -0.000000 -0.000000 -1.000000 -0.000000 -0.000000 -1.000000 -0.000000 -0.000000 -1.000000 -0.000000 -0.000000 -1.000000 -0.000000 -0.000000 -1.000000 -0.000000 -0.000000 -1.000000 -0.000000 -0.000000 -1.000000 -0.000000 -0.000000 -1.000000 -0.000000 -0.000000 -1.000000 -0.000000 -0.000000 -1.000000 -0.000000 -0.000000 -1.000000 -0.000000 -0.000000 -1.000000 -0.000000 -0.000000 -1.000000 -0.000000 -0.000000 -1.000000 -0.000000 -0.000000 -1.000000 -0.000000 -0.000000 -1.000000 -0.000000 -0.000000 -1.000000 -0.000000 -0.000000 -1.000000 -0.000000 -0.000000 -1.000000 -0.000000 -0.000000 -1.000000 -0.000000 -0.000000 -1.000000 -0.000000 -0.000000 -1.000000 -0.000000 -0.000000 -1.000000 -0.000000 -0.000000 -1.000000 -0.000000 -0.000000 -1.000000 -0.000000 -0.000000 -1.000000 -0.000000 -0.000000 -1.000000 -0.000000 -0.000000 -1.000000 -0.000000 -0.000000 -1.000000 -0.000000 -0.000000 -1.000000 -0.000000 -0.000000 -1.000000 -0.000000 -0.000000 -1.000000 -0.000000 -0.000000 -1.000000 -0.000000 -0.000000 -1.000000 -0.000000 -0.000000 -1.000000 -0.000000 -0.000000 -1.000000 -0.000000 -1.000000 0.000000 -0.000000 -1.000000 0.000000 -0.000000 -1.000000 0.000000 -0.000000 -1.000000 0.000000 0.000000 0.999848 0.017452 0.000000 0.999848 0.017452 0.000000 0.999848 0.017452 0.000000 0.999848 0.017452 0.000000 0.999848 0.017452 0.000000 0.999848 0.017452 0.000000 0.999848 0.017452 0.000000 0.999848 0.017452 0.000000 0.999848 0.017452 0.000000 0.999848 0.017452 0.000000 0.999848 0.017452 0.000000 0.999848 0.017452 0.000000 0.999848 0.017452 0.000000 0.999848 0.017452 0.000000 0.999848 0.017452 0.000000 0.999848 0.017452 -0.999848 0.000000 0.017452 -0.999848 0.000000 0.017452 -0.999848 0.000000 0.017452 -0.999848 0.000000 0.017452 -0.000000 -0.999848 0.017452 -0.000000 -0.999848 0.017452 -0.000000 -0.999848 0.017452 -0.000000 -0.999848 0.017452 0.999848 -0.000000 0.017452 0.999848 -0.000000 0.017452 0.999848 -0.000000 0.017452 0.999848 -0.000000 0.017452 0.000000 0.000000 1.000000 0.000000 0.000000 1.000000 0.000000 0.000000 1.000000 0.000000 0.000000 1.000000 0.000000 0.000000 1.000000 0.000000 0.000000 1.000000 0.000000 0.000000 1.000000 0.000000 0.000000 1.000000 0.000000 0.000000 1.000000 0.000000 0.000000 1.000000 0.000000 0.000000 1.000000 0.000000 0.000000 1.000000 0.000000 0.000000 1.000000 0.000000 0.000000 1.000000 0.000000 0.000000 1.000000 0.000000 0.000000 1.000000 0.000000 0.000000 1.000000 0.000000 0.000000 1.000000 0.000000 0.000000 1.000000 0.000000 0.000000 1.000000 0.000000 0.000000 1.000000 0.000000 0.000000 1.000000 0.000000 0.000000 1.000000 0.000000 0.000000 1.000000 0.000000 0.000000 1.000000 0.000000 0.000000 1.000000 0.000000 0.000000 1.000000 0.000000 0.000000 1.000000 0.000000 0.000000 1.000000 0.000000 0.000000 1.000000 0.000000 0.000000 1.000000 0.000000 0.000000 1.000000 0.000000 0.000000 1.000000 0.000000 0.000000 1.000000 0.000000 0.000000 1.000000 0.000000 0.000000 1.000000 0.000000 1.000000 -0.000000 0.000000 1.000000 -0.000000 0.000000 1.000000 -0.000000 0.000000 1.000000 -0.000000 0.000000 1.000000 -0.000000 0.000000 1.000000 -0.000000 1.000000 -0.000000 -0.000000 1.000000 -0.000000 -0.000000 1.000000 -0.000000 -0.000000 1.000000 -0.000000 -0.000000 -0.000000 -1.000000 0.000000 -0.000000 -1.000000 0.000000 -0.000000 -1.000000 0.000000 -0.000000 -1.000000 0.000000 -1.000000 0.000000 0.000000 -1.000000 0.000000 0.000000 -1.000000 0.000000 0.000000 -1.000000 0.000000 0.000000 -0.000000 -0.000000 -1.000000 -0.000000 -0.000000 -1.000000 -0.000000 -0.000000 -1.000000 -0.000000 -0.000000 -1.000000 -0.000000 -0.000000 -1.000000 -0.000000 -0.000000 -1.000000 -0.000000 -0.000000 -1.000000 -0.000000 -0.000000 -1.000000 -0.000000 -0.000000 -1.000000 1.000000 -0.000000 -0.000000 1.000000 -0.000000 -0.000000 1.000000 -0.000000 -0.000000 1.000000 -0.000000 -0.000000 -1.000000 0.000000 0.000000 -1.000000 0.000000 0.000000 -1.000000 0.000000 0.000000 -1.000000 0.000000 0.000000 1.000000 -0.000000 -0.000000 1.000000 -0.000000 -0.000000 1.000000 -0.000000 -0.000000 1.000000 -0.000000 -0.000000 -1.000000 0.000000 0.000000 -1.000000 0.000000 0.000000 -1.000000 0.000000 0.000000 -1.000000 0.000000 0.000000 -1.000000 0.000000 0.000000 -1.000000 0.000000 0.000000 -1.000000 0.000000 0.000000 -1.000000 0.000000 0.000000 1.000000 -0.000000 -0.000000 1.000000 -0.000000 -0.000000 1.000000 -0.000000 -0.000000 1.000000 -0.000000 -0.000000 -1.000000 0.000000 0.000000 -1.000000 0.000000 0.000000 -1.000000 0.000000 0.000000 -1.000000 0.000000 0.000000 1.000000 -0.000000 -0.000000 1.000000 -0.000000 -0.000000 1.000000 -0.000000 -0.000000 1.000000 -0.000000 -0.000000 0.258819 -0.965926 0.000000 0.258819 -0.965926 0.000000 0.500000 -0.866025 0.000000 0.500000 -0.866025 0.000000 0.707107 -0.707107 0.000000 0.707107 -0.707107 0.000000 0.866025 -0.500000 0.000000 0.866025 -0.500000 0.000000 0.965926 -0.258819 0.000000 0.965926 -0.258819 0.000000 -0.965926 -0.258819 0.000000 -0.965926 -0.258819 0.000000 -0.866025 -0.500000 0.000000 -0.866025 -0.500000 0.000000 -0.707107 -0.707107 0.000000 -0.707107 -0.707107 0.000000 -0.500000 -0.866025 0.000000 -0.500000 -0.866025 0.000000 -0.258819 -0.965926 0.000000 -0.258819 -0.965926 0.000000 0.965926 0.258819 -0.000000 0.965926 0.258819 -0.000000 0.866025 0.500000 -0.000000 0.866025 0.500000 -0.000000 0.707107 0.707107 -0.000000 0.707107 0.707107 -0.000000 0.500000 0.866025 -0.000000 0.500000 0.866025 -0.000000 0.258819 0.965926 -0.000000 0.258819 0.965926 -0.000000 -0.258819 0.965926 -0.000000 -0.258819 0.965926 -0.000000 -0.500000 0.866025 -0.000000 -0.500000 0.866025 -0.000000 -0.707107 0.707107 -0.000000 -0.707107 0.707107 -0.000000 -0.866025 0.500000 -0.000000 -0.866025 0.500000 -0.000000 -0.965926 0.258819 -0.000000 -0.965926 0.258819 -0.000000 -0.258819 -0.965926 0.000000 -0.258819 -0.965926 0.000000 -0.500000 -0.866025 0.000000 -0.500000 -0.866025 0.000000 -0.707107 -0.707107 0.000000 -0.707107 -0.707107 0.000000 -0.866025 -0.500000 0.000000 -0.866025 -0.500000 0.000000 -0.965926 -0.258819 0.000000 -0.965926 -0.258819 0.000000 0.258819 -0.965926 0.000000 0.258819 -0.965926 0.000000 0.500000 -0.866025 0.000000 0.500000 -0.866025 0.000000 0.707107 -0.707107 0.000000 0.707107 -0.707107 0.000000 0.866025 -0.500000 0.000000 0.866025 -0.500000 0.000000 0.965926 -0.258819 0.000000 0.965926 -0.258819 0.000000 -0.258819 -0.965926 0.000000 -0.258819 -0.965926 0.000000 -0.500000 -0.866025 0.000000 -0.500000 -0.866025 0.000000 -0.707107 -0.707107 0.000000 -0.707107 -0.707107 0.000000 -0.866025 -0.500000 0.000000 -0.866025 -0.500000 0.000000 -0.965926 -0.258819 0.000000 -0.965926 -0.258819 0.000000 0.258819 -0.965926 0.000000 0.258819 -0.965926 0.000000 0.500000 -0.866025 0.000000 0.500000 -0.866025 0.000000 0.707107 -0.707107 0.000000 0.707107 -0.707107 0.000000 0.866025 -0.500000 0.000000 0.866025 -0.500000 0.000000 0.965926 -0.258819 0.000000 0.965926 -0.258819 0.000000 -0.258819 0.965926 -0.000000 -0.258819 0.965926 -0.000000 -0.500000 0.866025 -0.000000 -0.500000 0.866025 -0.000000 -0.707107 0.707107 -0.000000 -0.707107 0.707107 -0.000000 -0.866025 0.500000 -0.000000 -0.866025 0.500000 -0.000000 -0.965926 0.258819 -0.000000 -0.965926 0.258819 -0.000000 0.258819 0.965926 -0.000000 0.258819 0.965926 -0.000000 0.500000 0.866025 -0.000000 0.500000 0.866025 -0.000000 0.707107 0.707107 -0.000000 0.707107 0.707107 -0.000000 0.866025 0.500000 -0.000000 0.866025 0.500000 -0.000000 0.965926 0.258819 -0.000000 0.965926 0.258819 -0.000000 -0.258819 0.965926 -0.000000 -0.258819 0.965926 -0.000000 -0.500000 0.866025 -0.000000 -0.500000 0.866025 -0.000000 -0.707107 0.707107 -0.000000 -0.707107 0.707107 -0.000000 -0.866025 0.500000 -0.000000 -0.866025 0.500000 -0.000000 -0.965926 0.258819 -0.000000 -0.965926 0.258819 -0.000000 0.258819 0.965926 -0.000000 0.258819 0.965926 -0.000000 0.500000 0.866025 -0.000000 0.500000 0.866025 -0.000000 0.707107 0.707107 -0.000000 0.707107 0.707107 -0.000000 0.866025 0.500000 -0.000000 0.866025 0.500000 -0.000000 0.965926 0.258819 -0.000000 0.965926 0.258819 -0.000000 -1.000000 0.000000 0.000000 -1.000000 0.000000 0.000000 -1.000000 0.000000 0.000000 -1.000000 0.000000 0.000000 -1.000000 0.000000 0.000000 -1.000000 0.000000 0.000000 1.000000 -0.000000 -0.000000 1.000000 -0.000000 -0.000000 1.000000 -0.000000 -0.000000 1.000000 -0.000000 -0.000000 1.000000 -0.000000 -0.000000 1.000000 -0.000000 -0.000000 0.000000 0.000000 1.000000 0.000000 0.000000 1.000000 0.000000 0.000000 1.000000 0.000000 0.000000 1.000000 0.000000 0.000000 1.000000 -0.000000 -0.000000 -1.000000 -0.000000 -0.000000 -1.000000 -0.000000 -0.000000 -1.000000 -0.000000 -0.000000 -1.000000 -0.000000 -0.000000 -1.000000 -0.000000 -0.000000 -1.000000 -0.000000 -0.000000 -1.000000 -0.000000 -0.000000 -1.000000 0.000000 1.000000 -0.000000 0.000000 1.000000 -0.000000 0.000000 1.000000 -0.000000 0.000000 1.000000 -0.000000 1.000000 -0.000000 -0.000000 1.000000 -0.000000 -0.000000 1.000000 -0.000000 -0.000000 1.000000 -0.000000 -0.000000 -0.000000 -1.000000 0.000000 -0.000000 -1.000000 0.000000 -0.000000 -1.000000 0.000000 -0.000000 -1.000000 0.000000 -1.000000 0.000000 0.000000 -1.000000 0.000000 0.000000 -1.000000 0.000000 0.000000 -1.000000 0.000000 0.000000 -0.000000 -0.000000 -1.000000 -0.000000 -0.000000 -1.000000 -0.000000 -0.000000 -1.000000 -0.000000 -0.000000 -1.000000 -0.000000 -0.000000 -1.000000 -0.000000 -0.000000 -1.000000 -0.000000 -0.000000 -1.000000 -0.000000 -0.000000 -1.000000 -0.000000 -0.000000 -1.000000 -0.000000 -0.000000 -1.000000 -0.000000 -0.000000 -1.000000 -0.000000 -0.000000 -1.000000 -0.000000 -0.000000 -1.000000 -0.000000 -0.000000 -1.000000 -0.000000 -0.000000 -1.000000 -0.000000 -0.000000 -1.000000 -0.000000 -0.000000 -1.000000 -0.000000 -0.000000 -1.000000 -0.000000 -0.000000 -1.000000 -0.000000 -0.000000 -1.000000 -0.000000 -0.000000 -1.000000 -0.000000 -0.000000 -1.000000 -0.000000 -0.000000 -1.000000 -0.000000 -0.000000 -1.000000 -0.000000 -0.000000 -1.000000 -0.000000 -0.000000 -1.000000 -0.000000 -0.000000 -1.000000 -0.000000 -0.000000 -1.000000 -0.000000 -0.000000 -1.000000 -0.000000 -0.000000 -1.000000 -0.000000 -0.000000 -1.000000 -0.000000 -0.000000 -1.000000 -0.000000 -0.000000 -1.000000 -0.000000 -0.000000 -1.000000 -0.000000 -0.000000 -1.000000 -0.000000 -0.000000 -1.000000 -0.000000 -0.000000 -1.000000 -0.000000 -0.000000 -1.000000 -0.000000 -0.000000 -1.000000 -0.000000 -0.000000 -1.000000 -0.000000 -0.000000 -1.000000 -0.000000 -0.000000 -1.000000 -0.000000 -0.000000 -1.000000 -0.000000 -0.000000 -1.000000 -0.000000 -0.000000 -1.000000 -0.000000 -0.000000 -1.000000 -0.000000 -0.000000 -1.000000 -0.000000 -0.000000 -1.000000 -0.000000 -0.000000 -1.000000 -0.000000 -0.000000 -1.000000 -0.000000 -0.000000 -1.000000 -0.000000 -0.000000 -1.000000 -0.000000 -0.000000 -1.000000 -0.000000 -0.000000 -1.000000 -0.000000 -0.000000 -1.000000 -0.000000 -0.000000 -1.000000 -0.000000 -0.000000 -1.000000 -0.000000 -0.000000 -1.000000 -0.000000 -0.000000 -1.000000 -0.000000 -0.000000 -1.000000 -0.000000 -0.000000 -1.000000 -0.000000 -0.000000 -1.000000 -0.000000 -0.000000 -1.000000 -0.000000 -0.000000 -1.000000 -0.000000 -0.000000 -1.000000 -0.000000 -0.000000 -1.000000 -0.000000 -0.000000 -1.000000 -0.000000 -0.000000 -1.000000 -0.000000 -0.000000 -1.000000 -0.000000 -0.000000 -1.000000 -0.000000 -0.000000 -1.000000 -0.000000 -0.000000 -1.000000 -0.000000 -0.000000 -1.000000 -0.000000 -0.000000 -1.000000 -0.000000 -0.000000 -1.000000 -0.000000 -0.000000 -1.000000 -0.000000 -0.000000 -1.000000 -0.000000 -0.000000 -1.000000 -0.000000 -0.000000 -1.000000 -0.000000 -0.000000 -1.000000 -0.000000 -0.000000 -1.000000 -0.000000 -0.000000 -1.000000 -0.000000 -0.000000 -1.000000 -0.000000 -0.000000 -1.000000 -0.000000 -0.000000 -1.000000 -0.000000 -0.000000 -1.000000 -0.000000 -0.000000 -1.000000 -0.000000 -0.000000 -1.000000 -0.000000 -0.000000 -1.000000 -0.000000 -0.000000 -1.000000 -0.000000 -0.000000 -1.000000 -0.000000 -0.000000 -1.000000 -0.000000 -0.000000 -1.000000 -0.000000 -0.000000 -1.000000 -0.000000 -0.000000 -1.000000 -0.000000 -0.000000 -1.000000 -0.000000 -0.000000 -1.000000 -0.000000 -0.000000 -1.000000 -0.000000 -0.000000 -1.000000 -0.000000 -0.000000 -1.000000 -0.000000 -0.000000 -1.000000 -0.000000 -0.000000 -1.000000 -0.000000 -0.000000 -1.000000 -0.000000 -0.000000 -1.000000 -0.000000 -0.000000 -1.000000 -0.000000 -0.000000 -1.000000 -0.000000 -0.000000 -1.000000 -0.000000 -0.000000 -1.000000 -0.000000 -0.000000 -1.000000 -0.000000 -0.000000 -1.000000 -0.000000 -0.000000 -1.000000 -0.000000 -0.000000 -1.000000 -0.000000 -0.000000 -1.000000 -0.000000 -0.000000 -1.000000 -0.000000 -0.000000 -1.000000 -0.000000 -0.000000 -1.000000 -0.000000 -0.000000 -1.000000 -0.000000 -0.000000 -1.000000 -0.000000 -0.000000 -1.000000 -0.000000 -0.000000 -1.000000 -0.000000 -0.000000 -1.000000 -0.000000 -0.000000 -1.000000 -0.000000 -0.000000 -1.000000 -0.000000 -0.000000 -1.000000 -0.000000 -0.000000 -1.000000 -0.000000 -0.000000 -1.000000 -0.000000 -0.000000 -1.000000 -0.000000 -0.000000 -1.000000 -0.000000 -0.000000 -1.000000 -0.000000 -0.000000 -1.000000 -0.000000 -0.000000 -1.000000 -0.000000 -0.000000 -1.000000 -0.000000 -0.000000 -1.000000 -0.000000 -0.000000 -1.000000 -0.000000 -0.000000 -1.000000 -0.000000 -0.000000 -1.000000 -0.000000 -0.000000 -1.000000 -0.000000 -0.000000 -1.000000 -0.000000 -0.000000 -1.000000 -0.000000 -0.000000 -1.000000 -0.000000 -0.000000 -1.000000 -0.000000 -0.000000 -1.000000 -0.000000 -0.000000 -1.000000 -0.000000 -0.000000 -1.000000 -0.000000 -0.000000 -1.000000 -0.000000 -0.000000 -1.000000 -0.000000 -0.000000 -1.000000 -0.000000 -0.000000 -1.000000 -0.000000 -0.000000 -1.000000 -0.000000 -0.000000 -1.000000 -0.000000 -0.000000 -1.000000 -0.000000 -0.000000 -1.000000 -0.000000 -0.000000 -1.000000 -0.000000 -0.000000 -1.000000 -0.000000 -0.000000 -1.000000 -0.000000 -0.000000 -1.000000 -0.000000 -0.000000 -1.000000 -0.000000 -0.000000 -1.000000 -0.000000 -0.000000 -1.000000 -0.000000 -0.000000 -1.000000 -0.000000 -0.000000 -1.000000 -0.000000 -0.000000 -1.000000 -0.000000 -0.000000 -1.000000 0.811704 -0.584070 0.000000 0.811704 -0.584070 0.000000 0.687216 -0.726453 0.000000 0.687216 -0.726453 0.000000 0.538148 -0.842851 0.000000 0.538148 -0.842851 0.000000 0.369829 -0.929100 0.000000 0.369829 -0.929100 0.000000 0.188282 -0.982115 0.000000 0.188282 -0.982115 0.000000 -0.000000 -1.000000 0.000000 -0.000000 -1.000000 0.000000 -0.188282 -0.982115 0.000000 -0.188282 -0.982115 0.000000 -0.369829 -0.929100 0.000000 -0.369829 -0.929100 0.000000 -0.538148 -0.842851 0.000000 -0.538148 -0.842851 0.000000 -0.687216 -0.726453 0.000000 -0.687216 -0.726453 0.000000 -0.811704 -0.584070 0.000000 -0.811704 -0.584070 0.000000 1.000000 -0.000000 -0.000000 1.000000 -0.000000 -0.000000 1.000000 -0.000000 -0.000000 -1.000000 0.000000 0.000000 -1.000000 0.000000 0.000000 -1.000000 0.000000 0.000000 1.000000 -0.000000 -0.000000 1.000000 -0.000000 -0.000000 1.000000 -0.000000 -0.000000 -1.000000 0.000000 0.000000 -1.000000 0.000000 0.000000 -1.000000 0.000000 0.000000 0.000000 0.209529 -0.977802 0.000000 0.209529 -0.977802 0.000000 0.209529 -0.977802 0.000000 0.209529 -0.977802 -0.000000 -0.209529 -0.977802 -0.000000 -0.209529 -0.977802 -0.000000 -0.209529 -0.977802 -0.000000 -0.209529 -0.977802 0.965926 0.258819 -0.000000 0.965926 0.258819 -0.000000 0.965926 0.258819 -0.000000 0.965926 0.258819 -0.000000 0.866025 0.500000 -0.000000 0.866025 0.500000 -0.000000 0.707107 0.707107 -0.000000 0.707107 0.707107 -0.000000 0.500000 0.866025 -0.000000 0.500000 0.866025 -0.000000 0.258819 0.965926 -0.000000 0.258819 0.965926 -0.000000 0.258819 0.965926 -0.000000 0.258819 0.965926 -0.000000 0.500000 0.866025 -0.000000 0.500000 0.866025 -0.000000 0.707107 0.707107 -0.000000 0.707107 0.707107 -0.000000 0.866025 0.500000 -0.000000 0.866025 0.500000 -0.000000 -0.258819 0.965926 -0.000000 -0.258819 0.965926 -0.000000 -0.258819 0.965926 -0.000000 -0.258819 0.965926 -0.000000 -0.500000 0.866025 -0.000000 -0.500000 0.866025 -0.000000 -0.707107 0.707107 -0.000000 -0.707107 0.707107 -0.000000 -0.866025 0.500000 -0.000000 -0.866025 0.500000 -0.000000 -0.965926 0.258819 -0.000000 -0.965926 0.258819 -0.000000 -0.965926 0.258819 -0.000000 -0.965926 0.258819 -0.000000 -0.866025 0.500000 -0.000000 -0.866025 0.500000 -0.000000 -0.707107 0.707107 -0.000000 -0.707107 0.707107 -0.000000 -0.500000 0.866025 -0.000000 -0.500000 0.866025 -0.000000 -0.900000 0.435890 -0.000000 -0.780719 0.624882 -0.000000 -0.900000 0.435890 -0.000000 -0.780719 0.624882 -0.000000 -0.780719 0.624882 -0.000000 -0.622444 0.782664 -0.000000 -0.622444 0.782664 -0.000000 -0.433081 0.901355 -0.000000 -0.433081 0.901355 -0.000000 -0.222087 0.975027 -0.000000 -0.222087 0.975027 -0.000000 -0.222087 0.975027 -0.000000 -0.222087 0.975027 -0.000000 -0.433081 0.901355 -0.000000 -0.433081 0.901355 -0.000000 -0.622444 0.782664 -0.000000 -0.622444 0.782664 -0.000000 -0.780719 0.624882 -0.000000 -0.780719 0.624882 -0.000000 -0.780719 0.624882 -0.000000 -0.780719 0.624882 -0.000000 -0.622444 0.782664 -0.000000 -0.622444 0.782664 -0.000000 -0.433081 0.901355 -0.000000 -0.433081 0.901355 -0.000000 -0.222087 0.975027 -0.000000 -0.222087 0.975027 -0.000000 -0.222087 0.975027 -0.000000 -0.433081 0.901355 -0.000000 -0.622444 0.782664 -0.000000 -0.780719 0.624882 -0.000000 -0.222087 0.975027 -0.000000 -0.222087 0.975027 -0.000000 -0.622444 0.782664 -0.000000 -0.780719 0.624882 -0.000000 -0.780719 0.624882 -0.000000 -0.622444 0.782664 -0.000000 -0.433081 0.901355 -0.000000 -0.622444 0.782664 -0.000000 -0.433081 0.901355 -0.000000 -0.222087 0.975027 -0.000000 -0.433081 0.901355 -0.000000 -0.965926 -0.258819 0.000000 -0.965926 -0.258819 0.000000 -0.965926 -0.258819 0.000000 -0.965926 -0.258819 0.000000 -0.866025 -0.500000 0.000000 -0.866025 -0.500000 0.000000 -0.707107 -0.707107 0.000000 -0.707107 -0.707107 0.000000 -0.500000 -0.866025 0.000000 -0.500000 -0.866025 0.000000 -0.258819 -0.965926 0.000000 -0.258819 -0.965926 0.000000 -0.258819 -0.965926 0.000000 -0.258819 -0.965926 0.000000 -0.500000 -0.866025 0.000000 -0.500000 -0.866025 0.000000 -0.707107 -0.707107 0.000000 -0.707107 -0.707107 0.000000 -0.866025 -0.500000 0.000000 -0.866025 -0.500000 0.000000 0.955134 -0.296174 0.000000 0.965926 -0.258819 0.000000 0.900000 -0.435890 0.000000 0.866025 -0.500000 0.000000 0.866025 -0.500000 0.000000 0.707107 -0.707107 0.000000 0.707107 -0.707107 0.000000 0.500000 -0.866025 0.000000 0.622444 -0.782664 0.000000 0.433081 -0.901355 0.000000 0.258819 -0.965926 0.000000 0.222087 -0.975027 0.000000 0.258819 -0.965926 0.000000 0.258819 -0.965926 0.000000 0.500000 -0.866025 0.000000 0.500000 -0.866025 0.000000 0.707107 -0.707107 0.000000 0.707107 -0.707107 0.000000 0.866025 -0.500000 0.000000 0.866025 -0.500000 0.000000 0.965926 -0.258819 0.000000 0.965926 -0.258819 0.000000 0.965926 -0.258819 0.000000 0.988720 -0.149777 0.000000 0.965926 -0.258819 0.000000 0.866025 -0.500000 0.000000 0.707107 -0.707107 0.000000 0.965926 -0.258819 0.000000 0.866025 -0.500000 0.000000 0.866025 -0.500000 0.000000 0.707107 -0.707107 0.000000 0.707107 -0.707107 0.000000 0.500000 -0.866025 0.000000 0.500000 -0.866025 0.000000 0.258819 -0.965926 0.000000 0.258819 -0.965926 0.000000 0.258819 -0.965926 0.000000 0.258819 -0.965926 0.000000 0.258819 -0.965926 0.000000 0.500000 -0.866025 0.000000 0.780719 -0.624882 0.000000 0.866025 -0.500000 0.000000 0.900000 -0.435890 0.000000 0.707107 -0.707107 0.000000 0.500000 -0.866025 0.000000 0.500000 -0.866025 0.000000 0.258819 -0.965926 0.000000 0.258819 -0.965926 0.000000 0.258819 -0.965926 0.000000 0.258819 -0.965926 0.000000 0.500000 -0.866025 0.000000 0.500000 -0.866025 0.000000 0.707107 -0.707107 0.000000 0.707107 -0.707107 0.000000 0.866025 -0.500000 0.000000 0.866025 -0.500000 0.000000 0.965926 -0.258819 0.000000 0.965926 -0.258819 0.000000 0.965926 -0.258819 0.000000 0.965926 -0.258819 0.000000 0.866025 -0.500000 0.000000 0.866025 -0.500000 0.000000 0.707107 -0.707107 0.000000 0.707107 -0.707107 0.000000 0.500000 -0.866025 0.000000 0.500000 -0.866025 0.000000 0.683013 -0.183013 0.707107 0.683013 -0.183013 0.707107 0.612372 -0.353553 0.707107 0.612372 -0.353553 0.707107 0.500000 -0.500000 0.707107 0.500000 -0.500000 0.707107 0.353553 -0.612372 0.707107 0.353553 -0.612372 0.707107 0.183013 -0.683013 0.707107 0.183013 -0.683013 0.707107 0.000000 -0.707107 0.707107 0.000000 -0.707107 0.707107 -0.000000 -0.707107 0.707107 -0.000000 -0.707107 0.707107 0.000000 0.707107 0.707107 0.000000 0.707107 0.707107 0.000000 0.707107 0.707107 0.000000 0.707107 0.707107 0.000000 0.707107 0.707107 0.000000 0.707107 0.707107 0.000000 0.707107 0.707107 0.000000 0.707107 0.707107 0.000000 0.707107 0.707107 -0.183013 -0.683013 0.707107 -0.183013 -0.683013 0.707107 -0.353553 -0.612372 0.707107 -0.353553 -0.612372 0.707107 -0.500000 -0.500000 0.707107 -0.500000 -0.500000 0.707107 -0.612372 -0.353553 0.707107 -0.612372 -0.353553 0.707107 -0.683013 -0.183013 0.707107 -0.683013 -0.183013 0.707107 -0.707107 0.000000 0.707107 -0.707107 0.000000 0.707107 -0.688740 0.160115 0.707107 -0.683013 0.183013 0.707107 -0.636396 0.308221 0.707107 -0.612372 0.353553 0.707107 -0.552052 0.441858 0.707107 -0.500000 0.500000 0.707107 -0.440134 0.553427 0.707107 -0.353553 0.612372 0.707107 -0.306234 0.637354 0.707107 -0.183013 0.683013 0.707107 -0.157039 0.689448 0.707107 -0.707107 0.000000 0.707107 -0.707107 0.000000 0.707107 -0.707107 0.000000 0.707107 -0.707107 0.000000 0.707107 -0.809017 0.000000 0.587785 -0.809017 0.000000 0.587785 -0.809017 0.000000 0.587785 -0.809017 0.000000 0.587785 -0.809017 0.000000 0.587785 -0.809017 0.000000 0.587785 -0.809017 0.000000 0.587785 -0.809017 0.000000 0.587785 -0.809017 0.000000 0.587785 -0.809017 0.000000 0.587785 -0.809017 0.000000 0.587785 -0.809017 0.000000 0.587785 -0.000000 -0.809017 0.587785 -0.000000 -0.809017 0.587785 -0.000000 -0.809017 0.587785 -0.000000 -0.809017 0.587785 -0.000000 -0.809017 0.587785 -0.000000 -0.809017 0.587785 -0.000000 -0.809017 0.587785 -0.000000 -0.809017 0.587785 -0.000000 -0.809017 0.587785 -0.000000 -0.809017 0.587785 -0.000000 -0.809017 0.587785 -0.000000 -0.809017 0.587785 0.000000 0.809017 0.587785 0.000000 0.809017 0.587785 0.000000 0.809017 0.587785 0.000000 0.809017 0.587785 0.000000 0.809017 0.587785 0.000000 0.809017 0.587785 0.000000 0.809017 0.587785 0.000000 0.809017 0.587785 0.000000 0.809017 0.587785 0.000000 0.809017 0.587785 0.000000 0.809017 0.587785 0.000000 0.809017 0.587785 0.809017 0.000000 0.587785 0.809017 0.000000 0.587785 0.809017 0.000000 0.587785 0.809017 0.000000 0.587785 0.809017 0.000000 0.587785 0.809017 0.000000 0.587785 0.809017 0.000000 0.587785 0.809017 0.000000 0.587785 0.809017 0.000000 0.587785 0.809017 0.000000 0.587785 0.809017 0.000000 0.587785 0.809017 0.000000 0.587785 -1.000000 0.000000 0.000000 -1.000000 0.000000 0.000000 -1.000000 0.000000 0.000000 -1.000000 0.000000 0.000000 -1.000000 0.000000 0.000000 0.000000 1.000000 -0.000000 0.000000 1.000000 -0.000000 0.000000 1.000000 -0.000000 0.000000 1.000000 -0.000000 0.000000 1.000000 -0.000000 1.000000 -0.000000 -0.000000 1.000000 -0.000000 -0.000000 1.000000 -0.000000 -0.000000 1.000000 -0.000000 -0.000000 -1.000000 0.000000 0.000000 -1.000000 0.000000 0.000000 -1.000000 0.000000 0.000000 -1.000000 0.000000 0.000000 -1.000000 0.000000 0.000000 1.000000 0.000000 -0.000000 1.000000 0.000000 -0.000000 1.000000 0.000000 -0.000000 1.000000 0.000000 -0.000000 -0.000000 -1.000000 0.000000 -0.000000 -1.000000 0.000000 -0.000000 -1.000000 0.000000 -0.000000 -1.000000 0.000000 -0.000000 -1.000000 0.000000 0.000000 1.000000 -0.000000 0.000000 1.000000 -0.000000 0.000000 1.000000 -0.000000 0.000000 1.000000 -0.000000 0.000000 1.000000 -0.000000 1.000000 -0.000000 -0.000000 1.000000 -0.000000 -0.000000 1.000000 -0.000000 -0.000000 1.000000 -0.000000 -0.000000 1.000000 -0.000000 -0.000000 -1.000000 0.000000 0.000000 -1.000000 0.000000 0.000000 -1.000000 0.000000 0.000000 -1.000000 0.000000 0.000000 -0.000000 -1.000000 0.000000 -0.000000 -1.000000 0.000000 -0.000000 -1.000000 0.000000 -0.000000 -1.000000 0.000000 -0.000000 -1.000000 0.000000 -1.000000 0.000000 0.000000 -1.000000 0.000000 0.000000 -1.000000 0.000000 0.000000 -1.000000 0.000000 0.000000 1.000000 -0.000000 -0.000000 1.000000 -0.000000 -0.000000 1.000000 -0.000000 -0.000000 1.000000 -0.000000 -0.000000 1.000000 -0.000000 -0.000000 0.965926 -0.258819 0.000000 0.965926 -0.258819 0.000000 0.866025 -0.500000 0.000000 0.866025 -0.500000 0.000000 0.707107 -0.707107 0.000000 0.707107 -0.707107 0.000000 0.500000 -0.866025 0.000000 0.500000 -0.866025 0.000000 0.258819 -0.965926 0.000000 0.258819 -0.965926 0.000000 0.258819 0.965926 -0.000000 0.258819 0.965926 -0.000000 0.500000 0.866025 -0.000000 0.500000 0.866025 -0.000000 0.707107 0.707107 -0.000000 0.707107 0.707107 -0.000000 0.866025 0.500000 -0.000000 0.866025 0.500000 -0.000000 0.965926 0.258819 -0.000000 0.965926 0.258819 -0.000000 -0.965926 0.258819 -0.000000 -0.965926 0.258819 -0.000000 -0.866025 0.500000 -0.000000 -0.866025 0.500000 -0.000000 -0.707107 0.707107 -0.000000 -0.707107 0.707107 -0.000000 -0.500000 0.866025 -0.000000 -0.500000 0.866025 -0.000000 -0.258819 0.965926 -0.000000 -0.258819 0.965926 -0.000000 -0.258819 -0.965926 0.000000 -0.258819 -0.965926 0.000000 -0.500000 -0.866025 0.000000 -0.500000 -0.866025 0.000000 -0.707107 -0.707107 0.000000 -0.707107 -0.707107 0.000000 -0.866025 -0.500000 0.000000 -0.866025 -0.500000 0.000000 -0.965926 -0.258819 0.000000 -0.965926 -0.258819 0.000000 -0.995942 0.087987 0.018920 -0.965713 0.258731 0.021373 -0.965713 0.258731 0.021373 -0.865792 0.499836 0.023837 -0.912893 0.407548 0.023048 -0.787569 0.615739 0.024495 -0.984308 0.175291 0.020241 -0.706891 0.706891 0.024678 -0.615739 0.787569 0.024495 -0.499836 0.865792 0.023837 -0.407548 0.912893 0.023048 -0.258731 0.965713 0.021373 -0.175291 0.984308 0.020241 -0.087987 0.995942 0.018920 -0.258731 0.965713 0.021373 -0.499836 0.865792 0.023837 -0.706891 0.706891 0.024678 -0.865792 0.499836 0.023837 -0.182243 0.727771 0.661164 -0.207943 0.713288 0.669313 -0.270780 0.674522 0.686802 -0.403607 0.575438 0.711318 -0.356249 0.613631 0.704659 -0.437681 0.545786 0.714530 -0.514153 0.471756 0.716305 -0.575438 0.403607 0.711318 -0.584799 0.392380 0.709963 -0.648819 0.308559 0.695576 -0.713288 0.207943 0.669313 -0.741298 0.156900 0.652579 0.741298 0.156900 0.652579 0.713288 0.207943 0.669313 0.648819 0.308559 0.695576 0.575438 0.403607 0.711318 0.584799 0.392380 0.709963 0.514153 0.471756 0.716305 0.403607 0.575438 0.711318 0.437681 0.545786 0.714530 0.356249 0.613631 0.704659 0.270780 0.674522 0.686802 0.207943 0.713288 0.669313 0.182243 0.727771 0.661164 0.912893 0.407548 0.023048 0.984308 0.175291 0.020241 0.965713 0.258731 0.021373 0.995942 0.087987 0.018920 0.965713 0.258731 0.021373 0.865792 0.499836 0.023837 0.787569 0.615739 0.024495 0.706891 0.706891 0.024678 0.615739 0.787569 0.024495 0.499836 0.865792 0.023837 0.407548 0.912893 0.023048 0.258731 0.965713 0.021373 0.175291 0.984308 0.020241 0.087987 0.995942 0.018920 0.258731 0.965713 0.021373 0.865792 0.499836 0.023837 0.706891 0.706891 0.024678 0.499836 0.865792 0.023837 -0.741298 -0.156900 0.652579 -0.713288 -0.207943 0.669313 -0.648819 -0.308559 0.695576 -0.575438 -0.403607 0.711318 -0.584799 -0.392380 0.709963 -0.514153 -0.471756 0.716305 -0.403607 -0.575438 0.711318 -0.437681 -0.545786 0.714530 -0.356249 -0.613631 0.704659 -0.270780 -0.674522 0.686802 -0.207943 -0.713288 0.669313 -0.182243 -0.727771 0.661164 -0.912893 -0.407548 0.023048 -0.984308 -0.175291 0.020241 -0.965713 -0.258731 0.021373 -0.995942 -0.087987 0.018920 -0.965713 -0.258731 0.021373 -0.865792 -0.499836 0.023837 -0.787569 -0.615739 0.024495 -0.706891 -0.706891 0.024678 -0.615739 -0.787569 0.024495 -0.499836 -0.865792 0.023837 -0.407548 -0.912893 0.023048 -0.258731 -0.965713 0.021373 -0.175291 -0.984308 0.020241 -0.087987 -0.995942 0.018920 -0.258731 -0.965713 0.021373 -0.865792 -0.499836 0.023837 -0.706891 -0.706891 0.024678 -0.499836 -0.865792 0.023837 0.584799 -0.392380 0.709963 0.575438 -0.403607 0.711318 0.648819 -0.308559 0.695576 0.713288 -0.207943 0.669313 0.741298 -0.156900 0.652579 0.514153 -0.471756 0.716305 0.403607 -0.575438 0.711318 0.437681 -0.545786 0.714530 0.356249 -0.613631 0.704659 0.270780 -0.674522 0.686802 0.207943 -0.713288 0.669313 0.182243 -0.727771 0.661164 0.407548 -0.912893 0.023048 0.175291 -0.984308 0.020241 0.258731 -0.965713 0.021373 0.087987 -0.995942 0.018920 0.258731 -0.965713 0.021373 0.499836 -0.865792 0.023837 0.615739 -0.787569 0.024495 0.706891 -0.706891 0.024678 0.787569 -0.615739 0.024495 0.865792 -0.499836 0.023837 0.912893 -0.407548 0.023048 0.965713 -0.258731 0.021373 0.984308 -0.175291 0.020241 0.995942 -0.087987 0.018920 0.965713 -0.258731 0.021373 0.499836 -0.865792 0.023837 0.706891 -0.706891 0.024678 0.865792 -0.499836 0.023837 0.000000 0.000000 1.000000 0.000000 0.000000 1.000000 0.000000 0.000000 1.000000 0.000000 0.000000 1.000000 0.000000 0.000000 1.000000 0.000000 0.000000 1.000000 0.000000 0.000000 1.000000 0.000000 0.000000 1.000000 0.000000 0.000000 1.000000 0.000000 0.000000 1.000000 0.000000 0.000000 1.000000 0.000000 0.000000 1.000000 0.000000 0.000000 1.000000 0.000000 0.000000 1.000000 0.000000 0.000000 1.000000 0.000000 0.000000 1.000000 0.000000 0.000000 1.000000 0.000000 0.000000 1.000000 1.000000 -0.000000 -0.000000 1.000000 -0.000000 -0.000000 1.000000 -0.000000 -0.000000 1.000000 -0.000000 -0.000000 1.000000 -0.000000 -0.000000 1.000000 -0.000000 -0.000000 1.000000 -0.000000 -0.000000 1.000000 -0.000000 -0.000000 1.000000 -0.000000 -0.000000 1.000000 -0.000000 -0.000000 1.000000 -0.000000 -0.000000 1.000000 -0.000000 -0.000000 1.000000 -0.000000 -0.000000 1.000000 -0.000000 -0.000000 1.000000 -0.000000 -0.000000 1.000000 -0.000000 -0.000000 1.000000 -0.000000 -0.000000 1.000000 -0.000000 -0.000000 1.000000 -0.000000 -0.000000 -1.000000 0.000000 0.000000 -1.000000 0.000000 0.000000 -1.000000 0.000000 0.000000 -1.000000 0.000000 0.000000 -1.000000 0.000000 0.000000 -1.000000 0.000000 0.000000 -1.000000 0.000000 0.000000 -1.000000 0.000000 0.000000 -1.000000 0.000000 0.000000 -1.000000 0.000000 0.000000 -1.000000 0.000000 0.000000 -1.000000 0.000000 0.000000 -1.000000 0.000000 0.000000 -1.000000 0.000000 0.000000 -1.000000 0.000000 0.000000 -1.000000 0.000000 0.000000 -1.000000 0.000000 0.000000 -1.000000 0.000000 0.000000 -1.000000 0.000000 0.000000 -0.000000 0.069756 -0.997564 -0.000000 0.069756 -0.997564 -0.000000 0.069756 -0.997564 -0.000000 0.069756 -0.997564 -0.997564 0.069756 0.000000 -0.997564 0.069756 0.000000 -0.997564 0.069756 0.000000 -0.997564 0.069756 0.000000 0.000000 0.069756 0.997564 0.000000 0.069756 0.997564 0.000000 0.069756 0.997564 0.000000 0.069756 0.997564 0.997564 0.069756 -0.000000 0.997564 0.069756 -0.000000 0.997564 0.069756 -0.000000 0.997564 0.069756 -0.000000 0.000000 1.000000 -0.000000 0.000000 1.000000 -0.000000 0.000000 1.000000 -0.000000 0.000000 1.000000 -0.000000 0.000000 1.000000 -0.000000 0.000000 1.000000 -0.000000 0.000000 1.000000 -0.000000 0.000000 1.000000 -0.000000 0.000000 1.000000 -0.000000 0.000000 1.000000 -0.000000 0.000000 1.000000 -0.000000 0.000000 1.000000 -0.000000 0.000000 1.000000 -0.000000 0.000000 1.000000 -0.000000 0.000000 1.000000 -0.000000 0.000000 1.000000 -0.000000 0.000000 1.000000 -0.000000 0.000000 1.000000 -0.000000 0.000000 1.000000 -0.000000 0.000000 1.000000 -0.000000 0.000000 1.000000 -0.000000 0.000000 1.000000 -0.000000 0.000000 1.000000 -0.000000 0.000000 1.000000 -0.000000 0.000000 1.000000 -0.000000 0.000000 1.000000 -0.000000 0.000000 1.000000 -0.000000 0.000000 1.000000 -0.000000 0.000000 1.000000 -0.000000 0.000000 1.000000 -0.000000 0.000000 1.000000 -0.000000 0.000000 1.000000 -0.000000 0.000000 1.000000 -0.000000 0.000000 1.000000 -0.000000 0.000000 1.000000 -0.000000 0.000000 1.000000 -0.000000 0.000000 1.000000 -0.000000 0.000000 1.000000 -0.000000 0.000000 1.000000 -0.000000 0.000000 1.000000 -0.000000 0.000000 1.000000 -0.000000 0.000000 1.000000 -0.000000 0.000000 1.000000 -0.000000 0.000000 1.000000 -0.000000 0.000000 1.000000 -0.000000 0.000000 1.000000 -0.000000 0.000000 1.000000 -0.000000 0.000000 1.000000 -0.000000 0.000000 1.000000 -0.000000 0.000000 1.000000 -0.000000 0.000000 1.000000 -0.000000 0.000000 1.000000 -0.000000 0.000000 1.000000 -0.000000 0.000000 1.000000 -0.000000 0.000000 1.000000 -0.000000 0.000000 1.000000 -0.000000 0.000000 1.000000 -0.000000 0.000000 1.000000 -0.000000 0.000000 1.000000 -0.000000 0.000000 1.000000 -0.000000 0.000000 1.000000 -0.000000 0.000000 1.000000 -0.000000 0.000000 1.000000 -0.000000 0.000000 1.000000 -0.000000 0.000000 1.000000 -0.000000 0.000000 1.000000 -0.000000 0.000000 1.000000 -0.000000 0.000000 1.000000 -0.000000 0.000000 1.000000 -0.000000 0.000000 1.000000 -0.000000 0.000000 1.000000 -0.000000 0.000000 1.000000 -0.000000 0.000000 1.000000 -0.000000 0.000000 1.000000 -0.000000 0.000000 1.000000 -0.000000 0.000000 1.000000 -0.000000 0.000000 1.000000 -0.000000 0.000000 1.000000 -0.000000 0.000000 1.000000 -0.000000 0.000000 1.000000 -0.000000 0.000000 1.000000 -0.000000 0.000000 1.000000 -0.000000 0.000000 1.000000 -0.000000 0.000000 1.000000 -0.000000 0.000000 1.000000 -0.000000 0.000000 1.000000 -0.000000 0.000000 1.000000 -0.000000 0.000000 1.000000 -0.000000 0.000000 1.000000 -0.000000 0.000000 1.000000 -0.000000 0.000000 1.000000 -0.000000 0.000000 1.000000 -0.000000 0.000000 1.000000 -0.000000 0.000000 1.000000 -0.000000 0.000000 1.000000 -0.000000 0.000000 1.000000 -0.000000 0.000000 1.000000 -0.000000 0.000000 1.000000 -0.000000 0.000000 1.000000 -0.000000 0.000000 1.000000 -0.000000 0.962529 0.085306 0.257410 0.962529 0.085306 0.257410 0.962529 0.085306 0.257410 0.986542 0.078996 0.143159 0.978306 0.081721 0.190366 0.923092 0.090683 0.373735 0.862303 0.095079 0.497386 0.830085 0.096451 0.549232 0.704094 0.098411 0.703255 0.704304 0.098411 0.703044 0.550715 0.096486 0.829098 0.497386 0.095079 0.862303 0.375382 0.090751 0.922417 0.257410 0.085306 0.962529 0.191238 0.081770 0.978132 0.143819 0.079036 0.986443 0.096065 0.076117 0.992460 0.072098 0.074591 0.994604 0.048089 0.073022 0.996170 0.024051 0.071410 0.997157 0.012027 0.070588 0.997433 0.257410 0.085306 0.962529 0.257410 0.085306 0.962529 0.497386 0.095079 0.862303 0.497386 0.095079 0.862303 0.703674 0.098411 0.703674 0.703883 0.098411 0.703465 0.862303 0.095079 0.497386 0.862303 0.095079 0.497386 0.992505 0.076089 0.095623 0.994630 0.074570 0.071766 0.996182 0.073007 0.047867 0.997160 0.071402 0.023940 0.997434 0.070584 0.011971 0.257410 0.085306 -0.962529 0.257410 0.085306 -0.962529 0.257410 0.085306 -0.962529 0.098584 0.076275 -0.992201 0.196248 0.082050 -0.977115 0.292032 0.087022 -0.952441 0.405702 0.091959 -0.909368 0.497386 0.095079 -0.862303 0.513368 0.095534 -0.852834 0.704188 0.098411 -0.703161 0.704424 0.098411 -0.702924 0.853930 0.095484 -0.511552 0.862303 0.095079 -0.497386 0.953069 0.086924 -0.290007 0.962529 0.085306 -0.257410 0.986021 0.079200 -0.146595 0.990932 0.076993 -0.110121 0.994495 0.074681 -0.073497 0.995770 0.073487 -0.055145 0.996707 0.072268 -0.036774 0.997305 0.071024 -0.018390 0.962529 0.085306 -0.257410 0.962529 0.085306 -0.257410 0.862303 0.095079 -0.497386 0.862303 0.095079 -0.497386 0.703930 0.098411 -0.703418 0.497386 0.095079 -0.862303 0.497386 0.095079 -0.862303 0.703674 0.098411 -0.703674 -0.962529 0.085306 -0.257410 -0.962529 0.085306 -0.257410 -0.997564 0.069756 0.000000 -0.962529 0.085306 -0.257410 -0.986021 0.079200 -0.146595 -0.953069 0.086924 -0.290007 -0.862303 0.095079 -0.497386 -0.853930 0.095484 -0.511552 -0.704424 0.098411 -0.702924 -0.704188 0.098411 -0.703161 -0.513368 0.095534 -0.852834 -0.497386 0.095079 -0.862303 -0.405702 0.091959 -0.909368 -0.257410 0.085306 -0.962529 -0.292032 0.087022 -0.952441 -0.196248 0.082050 -0.977115 -0.098584 0.076275 -0.992201 -0.257410 0.085306 -0.962529 -0.257410 0.085306 -0.962529 -0.497386 0.095079 -0.862303 -0.497386 0.095079 -0.862303 -0.703674 0.098411 -0.703674 -0.703930 0.098411 -0.703418 -0.862303 0.095079 -0.497386 -0.862303 0.095079 -0.497386 -0.990932 0.076993 -0.110121 -0.994495 0.074681 -0.073497 -0.995770 0.073487 -0.055145 -0.996707 0.072268 -0.036774 -0.997305 0.071024 -0.018390 -0.997564 0.069756 0.000000 -0.257410 0.085306 0.962529 -0.257410 0.085306 0.962529 -0.257410 0.085306 0.962529 -0.143819 0.079036 0.986443 -0.191238 0.081770 0.978132 -0.375382 0.090751 0.922417 -0.497386 0.095079 0.862303 -0.550715 0.096486 0.829098 -0.704094 0.098411 0.703255 -0.704304 0.098411 0.703044 -0.830085 0.096451 0.549232 -0.862303 0.095079 0.497386 -0.923092 0.090683 0.373735 -0.962529 0.085306 0.257410 -0.978306 0.081721 0.190366 -0.986542 0.078996 0.143159 -0.992505 0.076089 0.095623 -0.994630 0.074570 0.071766 -0.996182 0.073007 0.047867 -0.997160 0.071402 0.023940 -0.997434 0.070584 0.011971 -0.962529 0.085306 0.257410 -0.962529 0.085306 0.257410 -0.862303 0.095079 0.497386 -0.862303 0.095079 0.497386 -0.703883 0.098411 0.703465 -0.497386 0.095079 0.862303 -0.497386 0.095079 0.862303 -0.703674 0.098411 0.703674 -0.096065 0.076117 0.992460 -0.072098 0.074591 0.994604 -0.048089 0.073022 0.996170 -0.024051 0.071410 0.997157 -0.012027 0.070588 0.997433 0.000000 1.000000 -0.000000 0.000000 1.000000 -0.000000 0.000000 1.000000 -0.000000 0.000000 1.000000 -0.000000 0.000000 1.000000 -0.000000 0.000000 1.000000 -0.000000 0.000000 1.000000 -0.000000 0.000000 1.000000 -0.000000 0.000000 1.000000 -0.000000 0.000000 1.000000 -0.000000 0.000000 1.000000 -0.000000 0.000000 1.000000 -0.000000 0.000000 1.000000 -0.000000 0.000000 1.000000 -0.000000 0.000000 1.000000 -0.000000 0.000000 1.000000 -0.000000 0.000000 1.000000 -0.000000 0.000000 1.000000 -0.000000 0.000000 1.000000 -0.000000 0.000000 1.000000 -0.000000 0.000000 1.000000 -0.000000 0.000000 1.000000 -0.000000 0.000000 1.000000 -0.000000 0.000000 1.000000 -0.000000 0.000000 1.000000 -0.000000 0.000000 1.000000 -0.000000 0.000000 1.000000 -0.000000 0.000000 1.000000 -0.000000 0.000000 1.000000 -0.000000 0.000000 1.000000 -0.000000 0.000000 1.000000 -0.000000 0.000000 1.000000 -0.000000 0.000000 1.000000 -0.000000 0.000000 1.000000 -0.000000 0.000000 1.000000 -0.000000 0.000000 1.000000 -0.000000 0.000000 1.000000 -0.000000 0.000000 1.000000 -0.000000 0.000000 1.000000 -0.000000 0.000000 1.000000 -0.000000 0.000000 1.000000 -0.000000 0.000000 1.000000 -0.000000 0.000000 1.000000 -0.000000 0.000000 1.000000 -0.000000 0.000000 1.000000 -0.000000 0.000000 1.000000 -0.000000 0.000000 1.000000 -0.000000 0.000000 1.000000 -0.000000 0.000000 1.000000 -0.000000 0.000000 1.000000 -0.000000 0.000000 1.000000 -0.000000 0.000000 1.000000 -0.000000 0.000000 1.000000 -0.000000 0.000000 1.000000 -0.000000 0.000000 1.000000 -0.000000 0.000000 1.000000 -0.000000 0.000000 1.000000 -0.000000 0.000000 1.000000 -0.000000 0.000000 1.000000 -0.000000 0.000000 1.000000 -0.000000 0.000000 1.000000 -0.000000 0.000000 1.000000 -0.000000 0.000000 1.000000 -0.000000 0.000000 1.000000 -0.000000 0.000000 1.000000 -0.000000 0.000000 1.000000 -0.000000 0.000000 1.000000 -0.000000 0.000000 1.000000 -0.000000 0.000000 1.000000 -0.000000 0.000000 1.000000 -0.000000 0.000000 1.000000 -0.000000 0.000000 1.000000 -0.000000 -0.258819 0.965926 0.000000 -0.250000 0.933013 0.258819 -0.000000 1.000000 -0.000000 0.000000 0.965926 0.258819 0.258819 0.965926 0.000000 0.250000 0.933013 0.258819 0.500000 0.866025 0.000000 0.482963 0.836516 0.258819 0.707107 0.707107 0.000000 0.683013 0.683013 0.258819 0.866025 0.500000 0.000000 0.836516 0.482963 0.258819 0.965926 0.258819 0.000000 0.933013 0.250000 0.258819 1.000000 -0.000000 0.000000 0.965926 0.000000 0.258819 0.965926 -0.258819 -0.000000 0.933013 -0.250000 0.258819 0.866025 -0.500000 -0.000000 0.836516 -0.482963 0.258819 0.707107 -0.707107 -0.000000 0.683013 -0.683013 0.258819 0.500000 -0.866025 -0.000000 0.482963 -0.836516 0.258819 0.258819 -0.965926 -0.000000 0.250000 -0.933013 0.258819 -0.000000 -1.000000 -0.000000 -0.000000 -0.965926 0.258819 -0.258819 -0.965926 -0.000000 -0.250000 -0.933013 0.258819 -0.500000 -0.866025 -0.000000 -0.482963 -0.836516 0.258819 -0.707107 -0.707107 -0.000000 -0.683013 -0.683013 0.258819 -0.866025 -0.500000 -0.000000 -0.836516 -0.482963 0.258819 -0.965926 -0.258819 -0.000000 -0.933013 -0.250000 0.258819 -1.000000 -0.000000 -0.000000 -0.965926 0.000000 0.258819 -0.965926 0.258819 0.000000 -0.933013 0.250000 0.258819 -0.866025 0.500000 0.000000 -0.836516 0.482963 0.258819 -0.707107 0.707107 0.000000 -0.683013 0.683013 0.258819 -0.500000 0.866025 0.000000 -0.482963 0.836516 0.258819 -0.000000 -0.000000 1.000000 0.066987 0.250000 0.965926 0.000000 0.000000 1.000000 0.000000 0.258819 0.965926 0.000000 -0.000000 1.000000 -0.066987 0.250000 0.965926 -0.000000 0.000000 1.000000 -0.129410 0.224144 0.965926 -0.000000 0.000000 1.000000 -0.183013 0.183013 0.965926 -0.000000 0.000000 1.000000 -0.224144 0.129410 0.965926 0.000000 -0.000000 1.000000 -0.250000 0.066987 0.965926 -0.000000 0.000000 1.000000 -0.258819 0.000000 0.965926 0.000000 0.000000 1.000000 -0.250000 -0.066987 0.965926 -0.000000 -0.000000 1.000000 -0.224144 -0.129410 0.965926 -0.000000 -0.000000 1.000000 -0.183013 -0.183013 0.965926 -0.000000 -0.000000 1.000000 -0.129410 -0.224144 0.965926 0.000000 0.000000 1.000000 -0.066987 -0.250000 0.965926 0.000000 -0.000000 1.000000 -0.000000 -0.258819 0.965926 0.000000 0.000000 1.000000 0.066987 -0.250000 0.965926 0.000000 -0.000000 1.000000 0.129410 -0.224144 0.965926 0.000000 -0.000000 1.000000 0.183013 -0.183013 0.965926 0.000000 -0.000000 1.000000 0.224144 -0.129410 0.965926 -0.000000 0.000000 1.000000 0.250000 -0.066987 0.965926 0.000000 0.000000 1.000000 0.258819 0.000000 0.965926 -0.000000 -0.000000 1.000000 0.250000 0.066987 0.965926 0.000000 0.000000 1.000000 0.224144 0.129410 0.965926 0.000000 0.000000 1.000000 0.183013 0.183013 0.965926 -0.000000 -0.000000 1.000000 0.129410 0.224144 0.965926 -0.000000 -0.866025 0.500000 -0.224144 -0.836516 0.500000 -0.433013 -0.750000 0.500000 -0.612372 -0.612372 0.500000 -0.750000 -0.433013 0.500000 -0.836516 -0.224144 0.500000 -0.866025 0.000000 0.500000 -0.836516 0.224144 0.500000 -0.750000 0.433013 0.500000 -0.612372 0.612372 0.500000 -0.433013 0.750000 0.500000 -0.224144 0.836516 0.500000 0.000000 0.866025 0.500000 0.224144 0.836516 0.500000 0.433013 0.750000 0.500000 0.612372 0.612372 0.500000 0.750000 0.433013 0.500000 0.836516 0.224144 0.500000 0.866025 0.000000 0.500000 0.836516 -0.224144 0.500000 0.750000 -0.433013 0.500000 0.612372 -0.612372 0.500000 0.433013 -0.750000 0.500000 0.224144 -0.836516 0.500000 -0.000000 -0.707107 0.707107 -0.183013 -0.683013 0.707107 -0.353553 -0.612372 0.707107 -0.500000 -0.500000 0.707107 -0.612372 -0.353553 0.707107 -0.683013 -0.183013 0.707107 -0.707107 0.000000 0.707107 -0.683013 0.183013 0.707107 -0.612372 0.353553 0.707107 -0.500000 0.500000 0.707107 -0.353553 0.612372 0.707107 -0.183013 0.683013 0.707107 0.000000 0.707107 0.707107 0.183013 0.683013 0.707107 0.353553 0.612372 0.707107 0.500000 0.500000 0.707107 0.612372 0.353553 0.707107 0.683013 0.183013 0.707107 0.707107 0.000000 0.707107 0.683013 -0.183013 0.707107 0.612372 -0.353553 0.707107 0.500000 -0.500000 0.707107 0.353553 -0.612372 0.707107 0.183013 -0.683013 0.707107 -0.000000 -0.500000 0.866025 -0.129410 -0.482963 0.866025 -0.250000 -0.433013 0.866025 -0.353553 -0.353553 0.866025 -0.433013 -0.250000 0.866025 -0.482963 -0.129410 0.866025 -0.500000 0.000000 0.866025 -0.482963 0.129410 0.866025 -0.433013 0.250000 0.866025 -0.353553 0.353553 0.866025 -0.250000 0.433013 0.866025 -0.129410 0.482963 0.866025 0.000000 0.500000 0.866025 0.129410 0.482963 0.866025 0.250000 0.433013 0.866025 0.353553 0.353553 0.866025 0.433013 0.250000 0.866025 0.482963 0.129410 0.866025 0.500000 0.000000 0.866025 0.482963 -0.129410 0.866025 0.433013 -0.250000 0.866025 0.353553 -0.353553 0.866025 0.250000 -0.433013 0.866025 0.129410 -0.482963 0.866025 0.258819 0.965926 -0.000000 0.000000 1.000000 -0.000000 -0.258819 0.965926 -0.000000 -0.500000 0.866025 -0.000000 -0.707107 0.707107 -0.000000 -0.866025 0.500000 -0.000000 -0.965926 0.258819 -0.000000 -1.000000 0.000000 0.000000 -0.965926 -0.258819 0.000000 -0.866025 -0.500000 0.000000 -0.707107 -0.707107 0.000000 -0.500000 -0.866025 0.000000 -0.258819 -0.965926 0.000000 0.000000 -1.000000 0.000000 0.258819 -0.965926 0.000000 0.500000 -0.866025 0.000000 0.707107 -0.707107 0.000000 0.866025 -0.500000 0.000000 0.965926 -0.258819 0.000000 1.000000 0.000000 -0.000000 0.965926 0.258819 -0.000000 0.866025 0.500000 -0.000000 0.707107 0.707107 -0.000000 0.500000 0.866025 -0.000000 0.000000 0.000000 1.000000 0.000000 0.000000 1.000000 0.000000 0.000000 1.000000 0.000000 0.000000 1.000000 0.000000 0.000000 1.000000 0.000000 0.000000 1.000000 0.000000 0.000000 1.000000 0.000000 0.000000 1.000000 0.000000 0.000000 1.000000 0.000000 0.000000 1.000000 0.000000 0.000000 1.000000 0.000000 0.000000 1.000000 -0.000000 -0.998630 0.052336 -0.000000 -0.998630 0.052336 -0.000000 -0.998630 0.052336 -0.000000 -0.998630 0.052336 -0.998630 0.000000 0.052336 -0.998630 0.000000 0.052336 -0.998630 0.000000 0.052336 -0.998630 0.000000 0.052336 0.000000 0.998630 0.052336 0.000000 0.998630 0.052336 0.000000 0.998630 0.052336 0.000000 0.998630 0.052336 0.998630 -0.000000 0.052336 0.998630 -0.000000 0.052336 0.998630 -0.000000 0.052336 0.998630 -0.000000 0.052336 -0.000000 -0.998630 0.052336 -0.000000 -0.998630 0.052336 -0.000000 -0.998630 0.052336 -0.000000 -0.998630 0.052336 0.000000 0.998630 0.052336 0.000000 0.998630 0.052336 0.000000 0.998630 0.052336 0.000000 0.998630 0.052336 0.000000 0.000000 1.000000 0.000000 0.000000 1.000000 0.000000 0.000000 1.000000 0.000000 0.000000 1.000000 0.000000 0.000000 1.000000 0.000000 0.000000 1.000000 0.000000 0.000000 1.000000 0.000000 0.000000 1.000000 0.000000 0.000000 1.000000 0.000000 0.000000 1.000000 0.000000 0.000000 1.000000 0.000000 0.000000 1.000000 0.998630 -0.000000 0.052336 0.998630 -0.000000 0.052336 0.998630 -0.000000 0.052336 0.998630 -0.000000 0.052336 -0.000000 -0.998630 0.052336 -0.000000 -0.998630 0.052336 -0.000000 -0.998630 0.052336 -0.000000 -0.998630 0.052336 -0.998630 0.000000 0.052336 -0.998630 0.000000 0.052336 -0.998630 0.000000 0.052336 -0.998630 0.000000 0.052336 0.998630 -0.000000 0.052336 0.998630 -0.000000 0.052336 0.998630 -0.000000 0.052336 0.998630 -0.000000 0.052336 -0.998630 0.000000 0.052336 -0.998630 0.000000 0.052336 -0.998630 0.000000 0.052336 -0.998630 0.000000 0.052336 -0.000000 0.998630 0.052336 -0.000000 0.998630 0.052336 -0.000000 0.998630 0.052336 -0.000000 0.998630 0.052336 -0.258819 0.965926 0.000000 -0.250000 0.933013 0.258819 0.000000 1.000000 0.000000 0.000000 0.965926 0.258819 0.258819 0.965926 0.000000 0.250000 0.933013 0.258819 0.500000 0.866025 0.000000 0.482963 0.836516 0.258819 0.707107 0.707107 0.000000 0.683013 0.683013 0.258819 0.866025 0.500000 0.000000 0.836516 0.482963 0.258819 0.965926 0.258819 0.000000 0.933013 0.250000 0.258819 1.000000 -0.000000 0.000000 0.965926 -0.000000 0.258819 0.965926 -0.258819 -0.000000 0.933013 -0.250000 0.258819 0.866025 -0.500000 -0.000000 0.836516 -0.482963 0.258819 0.707107 -0.707107 -0.000000 0.683013 -0.683013 0.258819 0.500000 -0.866025 -0.000000 0.482963 -0.836516 0.258819 0.258819 -0.965926 -0.000000 0.250000 -0.933013 0.258819 -0.000000 -1.000000 -0.000000 -0.000000 -0.965926 0.258819 -0.258819 -0.965926 -0.000000 -0.250000 -0.933013 0.258819 -0.500000 -0.866025 -0.000000 -0.482963 -0.836516 0.258819 -0.707107 -0.707107 -0.000000 -0.683013 -0.683013 0.258819 -0.866025 -0.500000 -0.000000 -0.836516 -0.482963 0.258819 -0.965926 -0.258819 -0.000000 -0.933013 -0.250000 0.258819 -1.000000 0.000000 -0.000000 -0.965926 0.000000 0.258819 -0.965926 0.258819 0.000000 -0.933013 0.250000 0.258819 -0.866025 0.500000 0.000000 -0.836516 0.482963 0.258819 -0.707107 0.707107 0.000000 -0.683013 0.683013 0.258819 -0.500000 0.866025 0.000000 -0.482963 0.836516 0.258819 0.000000 0.000000 1.000000 0.066987 0.250000 0.965926 0.000000 0.000000 1.000000 0.000000 0.258819 0.965926 -0.000000 0.000000 1.000000 -0.066987 0.250000 0.965926 0.000000 0.000000 1.000000 -0.129410 0.224144 0.965926 -0.000000 0.000000 1.000000 -0.183013 0.183013 0.965926 0.000000 -0.000000 1.000000 -0.224144 0.129410 0.965926 0.000000 0.000000 1.000000 -0.250000 0.066987 0.965926 -0.000000 0.000000 1.000000 -0.258819 0.000000 0.965926 0.000000 0.000000 1.000000 -0.250000 -0.066987 0.965926 0.000000 0.000000 1.000000 -0.224144 -0.129410 0.965926 -0.000000 -0.000000 1.000000 -0.183013 -0.183013 0.965926 -0.000000 -0.000000 1.000000 -0.129410 -0.224144 0.965926 -0.000000 -0.000000 1.000000 -0.066987 -0.250000 0.965926 0.000000 -0.000000 1.000000 -0.000000 -0.258819 0.965926 0.000000 -0.000000 1.000000 0.066987 -0.250000 0.965926 0.000000 -0.000000 1.000000 0.129410 -0.224144 0.965926 0.000000 -0.000000 1.000000 0.183013 -0.183013 0.965926 -0.000000 0.000000 1.000000 0.224144 -0.129410 0.965926 -0.000000 0.000000 1.000000 0.250000 -0.066987 0.965926 0.000000 0.000000 1.000000 0.258819 0.000000 0.965926 -0.000000 -0.000000 1.000000 0.250000 0.066987 0.965926 -0.000000 -0.000000 1.000000 0.224144 0.129410 0.965926 0.000000 0.000000 1.000000 0.183013 0.183013 0.965926 0.000000 0.000000 1.000000 0.129410 0.224144 0.965926 -0.000000 -0.866025 0.500000 -0.224144 -0.836516 0.500000 -0.433013 -0.750000 0.500000 -0.612372 -0.612372 0.500000 -0.750000 -0.433013 0.500000 -0.836516 -0.224144 0.500000 -0.866025 0.000000 0.500000 -0.836516 0.224144 0.500000 -0.750000 0.433013 0.500000 -0.612372 0.612372 0.500000 -0.433013 0.750000 0.500000 -0.224144 0.836516 0.500000 0.000000 0.866025 0.500000 0.224144 0.836516 0.500000 0.433013 0.750000 0.500000 0.612372 0.612372 0.500000 0.750000 0.433013 0.500000 0.836516 0.224144 0.500000 0.866025 -0.000000 0.500000 0.836516 -0.224144 0.500000 0.750000 -0.433013 0.500000 0.612372 -0.612372 0.500000 0.433013 -0.750000 0.500000 0.224144 -0.836516 0.500000 -0.000000 -0.707107 0.707107 -0.183013 -0.683013 0.707107 -0.353553 -0.612372 0.707107 -0.500000 -0.500000 0.707107 -0.612372 -0.353553 0.707107 -0.683013 -0.183013 0.707107 -0.707107 0.000000 0.707107 -0.683013 0.183013 0.707107 -0.612372 0.353553 0.707107 -0.500000 0.500000 0.707107 -0.353553 0.612372 0.707107 -0.183013 0.683013 0.707107 0.000000 0.707107 0.707107 0.183013 0.683013 0.707107 0.353553 0.612372 0.707107 0.500000 0.500000 0.707107 0.612372 0.353553 0.707107 0.683013 0.183013 0.707107 0.707107 0.000000 0.707107 0.683013 -0.183013 0.707107 0.612372 -0.353553 0.707107 0.500000 -0.500000 0.707107 0.353553 -0.612372 0.707107 0.183013 -0.683013 0.707107 -0.000000 -0.500000 0.866025 -0.129410 -0.482963 0.866025 -0.250000 -0.433013 0.866025 -0.353553 -0.353553 0.866025 -0.433013 -0.250000 0.866025 -0.482963 -0.129410 0.866025 -0.500000 0.000000 0.866025 -0.482963 0.129410 0.866025 -0.433013 0.250000 0.866025 -0.353553 0.353553 0.866025 -0.250000 0.433013 0.866025 -0.129410 0.482963 0.866025 0.000000 0.500000 0.866025 0.129410 0.482963 0.866025 0.250000 0.433013 0.866025 0.353553 0.353553 0.866025 0.433013 0.250000 0.866025 0.482963 0.129410 0.866025 0.500000 0.000000 0.866025 0.482963 -0.129410 0.866025 0.433013 -0.250000 0.866025 0.353553 -0.353553 0.866025 0.250000 -0.433013 0.866025 0.129410 -0.482963 0.866025 0.258819 0.965926 -0.000000 0.000000 1.000000 -0.000000 -0.258819 0.965926 -0.000000 -0.500000 0.866025 -0.000000 -0.707107 0.707107 -0.000000 -0.866025 0.500000 -0.000000 -0.965926 0.258819 -0.000000 -1.000000 0.000000 0.000000 -0.965926 -0.258819 0.000000 -0.866025 -0.500000 0.000000 -0.707107 -0.707107 0.000000 -0.500000 -0.866025 0.000000 -0.258819 -0.965926 0.000000 0.000000 -1.000000 0.000000 0.258819 -0.965926 0.000000 0.500000 -0.866025 0.000000 0.707107 -0.707107 0.000000 0.866025 -0.500000 0.000000 0.965926 -0.258819 0.000000 1.000000 0.000000 -0.000000 0.965926 0.258819 -0.000000 0.866025 0.500000 -0.000000 0.707107 0.707107 -0.000000 0.500000 0.866025 -0.000000 0.000000 0.000000 1.000000 0.000000 0.000000 1.000000 0.000000 0.000000 1.000000 0.000000 0.000000 1.000000 0.000000 0.000000 1.000000 0.000000 0.000000 1.000000 0.000000 0.000000 1.000000 0.000000 0.000000 1.000000 0.000000 0.000000 1.000000 0.000000 0.000000 1.000000 0.000000 0.000000 1.000000 0.000000 0.000000 1.000000 -0.998630 0.000000 0.052336 -0.998630 0.000000 0.052336 -0.998630 0.000000 0.052336 -0.998630 0.000000 0.052336 0.000000 0.998630 0.052336 0.000000 0.998630 0.052336 0.000000 0.998630 0.052336 0.000000 0.998630 0.052336 -0.000000 -0.998630 0.052336 -0.000000 -0.998630 0.052336 -0.000000 -0.998630 0.052336 -0.000000 -0.998630 0.052336 0.000000 0.998630 0.052336 0.000000 0.998630 0.052336 0.000000 0.998630 0.052336 0.000000 0.998630 0.052336 0.998630 -0.000000 0.052336 0.998630 -0.000000 0.052336 0.998630 -0.000000 0.052336 0.998630 -0.000000 0.052336 -0.000000 -0.998630 0.052336 -0.000000 -0.998630 0.052336 -0.000000 -0.998630 0.052336 -0.000000 -0.998630 0.052336 0.000000 -0.998630 0.052336 0.000000 -0.998630 0.052336 0.000000 -0.998630 0.052336 0.000000 -0.998630 0.052336 -0.998630 0.000000 0.052336 -0.998630 0.000000 0.052336 -0.998630 0.000000 0.052336 -0.998630 0.000000 0.052336 0.998630 -0.000000 0.052336 0.998630 -0.000000 0.052336 0.998630 -0.000000 0.052336 0.998630 -0.000000 0.052336 -0.998630 0.000000 0.052336 -0.998630 0.000000 0.052336 -0.998630 0.000000 0.052336 -0.998630 0.000000 0.052336 0.000000 0.998630 0.052336 0.000000 0.998630 0.052336 0.000000 0.998630 0.052336 0.000000 0.998630 0.052336 0.998630 -0.000000 0.052336 0.998630 -0.000000 0.052336 0.998630 -0.000000 0.052336 0.998630 -0.000000 0.052336 0.000000 0.000000 1.000000 0.000000 0.000000 1.000000 0.000000 0.000000 1.000000 0.000000 0.000000 1.000000 0.000000 0.000000 1.000000 0.000000 0.000000 1.000000 0.000000 0.000000 1.000000 0.000000 0.000000 1.000000 0.000000 0.000000 1.000000 0.000000 0.000000 1.000000 0.000000 0.000000 1.000000 0.000000 0.000000 1.000000 -0.258819 0.965926 0.000000 -0.250000 0.933013 0.258819 0.000000 1.000000 0.000000 0.000000 0.965926 0.258819 0.258819 0.965926 0.000000 0.250000 0.933013 0.258819 0.500000 0.866025 0.000000 0.482963 0.836516 0.258819 0.707107 0.707107 0.000000 0.683013 0.683013 0.258819 0.866025 0.500000 0.000000 0.836516 0.482963 0.258819 0.965926 0.258819 0.000000 0.933013 0.250000 0.258819 1.000000 -0.000000 0.000000 0.965926 0.000000 0.258819 0.965926 -0.258819 -0.000000 0.933013 -0.250000 0.258819 0.866025 -0.500000 -0.000000 0.836516 -0.482963 0.258819 0.707107 -0.707107 -0.000000 0.683013 -0.683013 0.258819 0.500000 -0.866025 -0.000000 0.482963 -0.836516 0.258819 0.258819 -0.965926 -0.000000 0.250000 -0.933013 0.258819 -0.000000 -1.000000 -0.000000 -0.000000 -0.965926 0.258819 -0.258819 -0.965926 -0.000000 -0.250000 -0.933013 0.258819 -0.500000 -0.866025 -0.000000 -0.482963 -0.836516 0.258819 -0.707107 -0.707107 -0.000000 -0.683013 -0.683013 0.258819 -0.866025 -0.500000 -0.000000 -0.836516 -0.482963 0.258819 -0.965926 -0.258819 -0.000000 -0.933013 -0.250000 0.258819 -1.000000 -0.000000 -0.000000 -0.965926 0.000000 0.258819 -0.965926 0.258819 0.000000 -0.933013 0.250000 0.258819 -0.866025 0.500000 0.000000 -0.836516 0.482963 0.258819 -0.707107 0.707107 0.000000 -0.683013 0.683013 0.258819 -0.500000 0.866025 0.000000 -0.482963 0.836516 0.258819 0.000000 0.000000 1.000000 0.066987 0.250000 0.965926 0.000000 0.000000 1.000000 0.000000 0.258819 0.965926 -0.000000 0.000000 1.000000 -0.066987 0.250000 0.965926 -0.000000 0.000000 1.000000 -0.129410 0.224144 0.965926 -0.000000 0.000000 1.000000 -0.183013 0.183013 0.965926 0.000000 -0.000000 1.000000 -0.224144 0.129410 0.965926 0.000000 -0.000000 1.000000 -0.250000 0.066987 0.965926 -0.000000 0.000000 1.000000 -0.258819 0.000000 0.965926 0.000000 0.000000 1.000000 -0.250000 -0.066987 0.965926 0.000000 0.000000 1.000000 -0.224144 -0.129410 0.965926 -0.000000 -0.000000 1.000000 -0.183013 -0.183013 0.965926 -0.000000 -0.000000 1.000000 -0.129410 -0.224144 0.965926 -0.000000 -0.000000 1.000000 -0.066987 -0.250000 0.965926 0.000000 -0.000000 1.000000 -0.000000 -0.258819 0.965926 0.000000 -0.000000 1.000000 0.066987 -0.250000 0.965926 0.000000 -0.000000 1.000000 0.129410 -0.224144 0.965926 0.000000 -0.000000 1.000000 0.183013 -0.183013 0.965926 -0.000000 0.000000 1.000000 0.224144 -0.129410 0.965926 -0.000000 0.000000 1.000000 0.250000 -0.066987 0.965926 0.000000 0.000000 1.000000 0.258819 0.000000 0.965926 -0.000000 -0.000000 1.000000 0.250000 0.066987 0.965926 -0.000000 -0.000000 1.000000 0.224144 0.129410 0.965926 0.000000 0.000000 1.000000 0.183013 0.183013 0.965926 -0.000000 -0.000000 1.000000 0.129410 0.224144 0.965926 -0.000000 -0.866025 0.500000 -0.224144 -0.836516 0.500000 -0.433013 -0.750000 0.500000 -0.612372 -0.612372 0.500000 -0.750000 -0.433013 0.500000 -0.836516 -0.224144 0.500000 -0.866025 0.000000 0.500000 -0.836516 0.224144 0.500000 -0.750000 0.433013 0.500000 -0.612372 0.612372 0.500000 -0.433013 0.750000 0.500000 -0.224144 0.836516 0.500000 0.000000 0.866025 0.500000 0.224144 0.836516 0.500000 0.433013 0.750000 0.500000 0.612372 0.612372 0.500000 0.750000 0.433013 0.500000 0.836516 0.224144 0.500000 0.866025 0.000000 0.500000 0.836516 -0.224144 0.500000 0.750000 -0.433013 0.500000 0.612372 -0.612372 0.500000 0.433013 -0.750000 0.500000 0.224144 -0.836516 0.500000 -0.000000 -0.707107 0.707107 -0.183013 -0.683013 0.707107 -0.353553 -0.612372 0.707107 -0.500000 -0.500000 0.707107 -0.612372 -0.353553 0.707107 -0.683013 -0.183013 0.707107 -0.707107 0.000000 0.707107 -0.683013 0.183013 0.707107 -0.612372 0.353553 0.707107 -0.500000 0.500000 0.707107 -0.353553 0.612372 0.707107 -0.183013 0.683013 0.707107 0.000000 0.707107 0.707107 0.183013 0.683013 0.707107 0.353553 0.612372 0.707107 0.500000 0.500000 0.707107 0.612372 0.353553 0.707107 0.683013 0.183013 0.707107 0.707107 0.000000 0.707107 0.683013 -0.183013 0.707107 0.612372 -0.353553 0.707107 0.500000 -0.500000 0.707107 0.353553 -0.612372 0.707107 0.183013 -0.683013 0.707107 -0.000000 -0.500000 0.866025 -0.129410 -0.482963 0.866025 -0.250000 -0.433013 0.866025 -0.353553 -0.353553 0.866025 -0.433013 -0.250000 0.866025 -0.482963 -0.129410 0.866025 -0.500000 0.000000 0.866025 -0.482963 0.129410 0.866025 -0.433013 0.250000 0.866025 -0.353553 0.353553 0.866025 -0.250000 0.433013 0.866025 -0.129410 0.482963 0.866025 0.000000 0.500000 0.866025 0.129410 0.482963 0.866025 0.250000 0.433013 0.866025 0.353553 0.353553 0.866025 0.433013 0.250000 0.866025 0.482963 0.129410 0.866025 0.500000 0.000000 0.866025 0.482963 -0.129410 0.866025 0.433013 -0.250000 0.866025 0.353553 -0.353553 0.866025 0.250000 -0.433013 0.866025 0.129410 -0.482963 0.866025 0.258819 0.965926 -0.000000 0.000000 1.000000 -0.000000 -0.258819 0.965926 -0.000000 -0.500000 0.866025 -0.000000 -0.707107 0.707107 -0.000000 -0.866025 0.500000 -0.000000 -0.965926 0.258819 -0.000000 -1.000000 0.000000 0.000000 -0.965926 -0.258819 0.000000 -0.866025 -0.500000 0.000000 -0.707107 -0.707107 0.000000 -0.500000 -0.866025 0.000000 -0.258819 -0.965926 0.000000 0.000000 -1.000000 0.000000 0.258819 -0.965926 0.000000 0.500000 -0.866025 0.000000 0.707107 -0.707107 0.000000 0.866025 -0.500000 0.000000 0.965926 -0.258819 0.000000 1.000000 0.000000 -0.000000 0.965926 0.258819 -0.000000 0.866025 0.500000 -0.000000 0.707107 0.707107 -0.000000 0.500000 0.866025 -0.000000 0.000000 0.000000 1.000000 0.000000 0.000000 1.000000 0.000000 0.000000 1.000000 0.000000 0.000000 1.000000 0.000000 0.000000 1.000000 0.000000 0.000000 1.000000 0.000000 0.000000 1.000000 0.000000 0.000000 1.000000 0.000000 0.000000 1.000000 0.000000 0.000000 1.000000 0.000000 0.000000 1.000000 0.000000 0.000000 1.000000 0.998630 -0.000000 0.052336 0.998630 -0.000000 0.052336 0.998630 -0.000000 0.052336 0.998630 -0.000000 0.052336 0.000000 -0.998630 0.052336 0.000000 -0.998630 0.052336 0.000000 -0.998630 0.052336 0.000000 -0.998630 0.052336 0.000000 0.998630 0.052336 0.000000 0.998630 0.052336 0.000000 0.998630 0.052336 0.000000 0.998630 0.052336 0.000000 -0.998630 0.052336 0.000000 -0.998630 0.052336 0.000000 -0.998630 0.052336 0.000000 -0.998630 0.052336 -0.998630 0.000000 0.052336 -0.998630 0.000000 0.052336 -0.998630 0.000000 0.052336 -0.998630 0.000000 0.052336 0.000000 0.998630 0.052336 0.000000 0.998630 0.052336 0.000000 0.998630 0.052336 0.000000 0.998630 0.052336 -0.000000 -0.998630 0.052336 -0.000000 -0.998630 0.052336 -0.000000 -0.998630 0.052336 -0.000000 -0.998630 0.052336 -0.998630 0.000000 0.052336 -0.998630 0.000000 0.052336 -0.998630 0.000000 0.052336 -0.998630 0.000000 0.052336 0.998630 -0.000000 0.052336 0.998630 -0.000000 0.052336 0.998630 -0.000000 0.052336 0.998630 -0.000000 0.052336 0.000000 0.998630 0.052336 0.000000 0.998630 0.052336 0.000000 0.998630 0.052336 0.000000 0.998630 0.052336 0.998630 -0.000000 0.052336 0.998630 -0.000000 0.052336 0.998630 -0.000000 0.052336 0.998630 -0.000000 0.052336 -0.998630 0.000000 0.052336 -0.998630 0.000000 0.052336 -0.998630 0.000000 0.052336 -0.998630 0.000000 0.052336 0.000000 0.000000 1.000000 0.000000 0.000000 1.000000 0.000000 0.000000 1.000000 0.000000 0.000000 1.000000 0.000000 0.000000 1.000000 0.000000 0.000000 1.000000 0.000000 0.000000 1.000000 0.000000 0.000000 1.000000 0.000000 0.000000 1.000000 0.000000 0.000000 1.000000 0.000000 0.000000 1.000000 0.000000 0.000000 1.000000 -0.258819 0.965926 0.000000 -0.250000 0.933013 0.258819 0.000000 1.000000 0.000000 0.000000 0.965926 0.258819 0.258819 0.965926 0.000000 0.250000 0.933013 0.258819 0.500000 0.866025 0.000000 0.482963 0.836516 0.258819 0.707107 0.707107 0.000000 0.683013 0.683013 0.258819 0.866025 0.500000 0.000000 0.836516 0.482963 0.258819 0.965926 0.258819 0.000000 0.933013 0.250000 0.258819 1.000000 -0.000000 0.000000 0.965926 -0.000000 0.258819 0.965926 -0.258819 -0.000000 0.933013 -0.250000 0.258819 0.866025 -0.500000 -0.000000 0.836516 -0.482963 0.258819 0.707107 -0.707107 -0.000000 0.683013 -0.683013 0.258819 0.500000 -0.866025 -0.000000 0.482963 -0.836516 0.258819 0.258819 -0.965926 -0.000000 0.250000 -0.933013 0.258819 -0.000000 -1.000000 -0.000000 -0.000000 -0.965926 0.258819 -0.258819 -0.965926 -0.000000 -0.250000 -0.933013 0.258819 -0.500000 -0.866025 -0.000000 -0.482963 -0.836516 0.258819 -0.707107 -0.707107 -0.000000 -0.683013 -0.683013 0.258819 -0.866025 -0.500000 -0.000000 -0.836516 -0.482963 0.258819 -0.965926 -0.258819 -0.000000 -0.933013 -0.250000 0.258819 -1.000000 0.000000 -0.000000 -0.965926 0.000000 0.258819 -0.965926 0.258819 0.000000 -0.933013 0.250000 0.258819 -0.866025 0.500000 0.000000 -0.836516 0.482963 0.258819 -0.707107 0.707107 0.000000 -0.683013 0.683013 0.258819 -0.500000 0.866025 0.000000 -0.482963 0.836516 0.258819 -0.000000 -0.000000 1.000000 0.066987 0.250000 0.965926 0.000000 -0.000000 1.000000 0.000000 0.258819 0.965926 0.000000 -0.000000 1.000000 -0.066987 0.250000 0.965926 0.000000 0.000000 1.000000 -0.129410 0.224144 0.965926 -0.000000 0.000000 1.000000 -0.183013 0.183013 0.965926 -0.000000 0.000000 1.000000 -0.224144 0.129410 0.965926 0.000000 0.000000 1.000000 -0.250000 0.066987 0.965926 0.000000 0.000000 1.000000 -0.258819 0.000000 0.965926 0.000000 0.000000 1.000000 -0.250000 -0.066987 0.965926 -0.000000 -0.000000 1.000000 -0.224144 -0.129410 0.965926 -0.000000 -0.000000 1.000000 -0.183013 -0.183013 0.965926 -0.000000 -0.000000 1.000000 -0.129410 -0.224144 0.965926 0.000000 0.000000 1.000000 -0.066987 -0.250000 0.965926 0.000000 -0.000000 1.000000 -0.000000 -0.258819 0.965926 -0.000000 0.000000 1.000000 0.066987 -0.250000 0.965926 0.000000 -0.000000 1.000000 0.129410 -0.224144 0.965926 0.000000 -0.000000 1.000000 0.183013 -0.183013 0.965926 0.000000 -0.000000 1.000000 0.224144 -0.129410 0.965926 -0.000000 0.000000 1.000000 0.250000 -0.066987 0.965926 -0.000000 0.000000 1.000000 0.258819 0.000000 0.965926 -0.000000 -0.000000 1.000000 0.250000 0.066987 0.965926 0.000000 0.000000 1.000000 0.224144 0.129410 0.965926 0.000000 0.000000 1.000000 0.183013 0.183013 0.965926 0.000000 0.000000 1.000000 0.129410 0.224144 0.965926 -0.000000 -0.866025 0.500000 -0.224144 -0.836516 0.500000 -0.433013 -0.750000 0.500000 -0.612372 -0.612372 0.500000 -0.750000 -0.433013 0.500000 -0.836516 -0.224144 0.500000 -0.866025 0.000000 0.500000 -0.836516 0.224144 0.500000 -0.750000 0.433013 0.500000 -0.612372 0.612372 0.500000 -0.433013 0.750000 0.500000 -0.224144 0.836516 0.500000 0.000000 0.866025 0.500000 0.224144 0.836516 0.500000 0.433013 0.750000 0.500000 0.612372 0.612372 0.500000 0.750000 0.433013 0.500000 0.836516 0.224144 0.500000 0.866025 -0.000000 0.500000 0.836516 -0.224144 0.500000 0.750000 -0.433013 0.500000 0.612372 -0.612372 0.500000 0.433013 -0.750000 0.500000 0.224144 -0.836516 0.500000 -0.000000 -0.707107 0.707107 -0.183013 -0.683013 0.707107 -0.353553 -0.612372 0.707107 -0.500000 -0.500000 0.707107 -0.612372 -0.353553 0.707107 -0.683013 -0.183013 0.707107 -0.707107 0.000000 0.707107 -0.683013 0.183013 0.707107 -0.612372 0.353553 0.707107 -0.500000 0.500000 0.707107 -0.353553 0.612372 0.707107 -0.183013 0.683013 0.707107 0.000000 0.707107 0.707107 0.183013 0.683013 0.707107 0.353553 0.612372 0.707107 0.500000 0.500000 0.707107 0.612372 0.353553 0.707107 0.683013 0.183013 0.707107 0.707107 0.000000 0.707107 0.683013 -0.183013 0.707107 0.612372 -0.353553 0.707107 0.500000 -0.500000 0.707107 0.353553 -0.612372 0.707107 0.183013 -0.683013 0.707107 -0.000000 -0.500000 0.866025 -0.129410 -0.482963 0.866025 -0.250000 -0.433013 0.866025 -0.353553 -0.353553 0.866025 -0.433013 -0.250000 0.866025 -0.482963 -0.129410 0.866025 -0.500000 0.000000 0.866025 -0.482963 0.129410 0.866025 -0.433013 0.250000 0.866025 -0.353553 0.353553 0.866025 -0.250000 0.433013 0.866025 -0.129410 0.482963 0.866025 0.000000 0.500000 0.866025 0.129410 0.482963 0.866025 0.250000 0.433013 0.866025 0.353553 0.353553 0.866025 0.433013 0.250000 0.866025 0.482963 0.129410 0.866025 0.500000 0.000000 0.866025 0.482963 -0.129410 0.866025 0.433013 -0.250000 0.866025 0.353553 -0.353553 0.866025 0.250000 -0.433013 0.866025 0.129410 -0.482963 0.866025 0.258819 0.965926 -0.000000 0.000000 1.000000 -0.000000 -0.258819 0.965926 -0.000000 -0.500000 0.866025 -0.000000 -0.707107 0.707107 -0.000000 -0.866025 0.500000 -0.000000 -0.965926 0.258819 -0.000000 -1.000000 0.000000 0.000000 -0.965926 -0.258819 0.000000 -0.866025 -0.500000 0.000000 -0.707107 -0.707107 0.000000 -0.500000 -0.866025 0.000000 -0.258819 -0.965926 0.000000 0.000000 -1.000000 0.000000 0.258819 -0.965926 0.000000 0.500000 -0.866025 0.000000 0.707107 -0.707107 0.000000 0.866025 -0.500000 0.000000 0.965926 -0.258819 0.000000 1.000000 0.000000 -0.000000 0.965926 0.258819 -0.000000 0.866025 0.500000 -0.000000 0.707107 0.707107 -0.000000 0.500000 0.866025 -0.000000 0.000000 0.000000 1.000000 0.000000 0.000000 1.000000 0.000000 0.000000 1.000000 0.000000 0.000000 1.000000 0.000000 0.000000 1.000000 0.000000 0.000000 1.000000 0.000000 0.000000 1.000000 0.000000 0.000000 1.000000 0.000000 0.000000 1.000000 0.000000 0.000000 1.000000 0.000000 0.000000 1.000000 0.000000 0.000000 1.000000 0.000000 0.998630 0.052336 0.000000 0.998630 0.052336 0.000000 0.998630 0.052336 0.000000 0.998630 0.052336 0.998630 -0.000000 0.052336 0.998630 -0.000000 0.052336 0.998630 -0.000000 0.052336 0.998630 -0.000000 0.052336 -0.998630 0.000000 0.052336 -0.998630 0.000000 0.052336 -0.998630 0.000000 0.052336 -0.998630 0.000000 0.052336 0.998630 -0.000000 0.052336 0.998630 -0.000000 0.052336 0.998630 -0.000000 0.052336 0.998630 -0.000000 0.052336 -0.000000 -0.998630 0.052336 -0.000000 -0.998630 0.052336 -0.000000 -0.998630 0.052336 -0.000000 -0.998630 0.052336 -0.998630 0.000000 0.052336 -0.998630 0.000000 0.052336 -0.998630 0.000000 0.052336 -0.998630 0.000000 0.052336 -0.998630 0.000000 0.052336 -0.998630 0.000000 0.052336 -0.998630 0.000000 0.052336 -0.998630 0.000000 0.052336 -0.000000 0.998630 0.052336 -0.000000 0.998630 0.052336 -0.000000 0.998630 0.052336 -0.000000 0.998630 0.052336 -0.000000 -0.998630 0.052336 -0.000000 -0.998630 0.052336 -0.000000 -0.998630 0.052336 -0.000000 -0.998630 0.052336 -0.000000 0.998630 0.052336 -0.000000 0.998630 0.052336 -0.000000 0.998630 0.052336 -0.000000 0.998630 0.052336 0.998630 -0.000000 0.052336 0.998630 -0.000000 0.052336 0.998630 -0.000000 0.052336 0.998630 -0.000000 0.052336 -0.000000 -0.998630 0.052336 -0.000000 -0.998630 0.052336 -0.000000 -0.998630 0.052336 -0.000000 -0.998630 0.052336 0.000000 0.000000 1.000000 0.000000 0.000000 1.000000 0.000000 0.000000 1.000000 0.000000 0.000000 1.000000 0.000000 0.000000 1.000000 0.000000 0.000000 1.000000 0.000000 0.000000 1.000000 0.000000 0.000000 1.000000 0.000000 0.000000 1.000000 0.000000 0.000000 1.000000 0.000000 0.000000 1.000000 0.000000 0.000000 1.000000 1.000000 -0.000000 0.000000 1.000000 -0.000000 0.000000 1.000000 -0.000000 0.000000 1.000000 -0.000000 0.000000 1.000000 -0.000000 0.000000 1.000000 -0.000000 0.000000 1.000000 -0.000000 0.000000 1.000000 -0.000000 0.000000 1.000000 -0.000000 0.000000 1.000000 -0.000000 0.000000 1.000000 -0.000000 0.000000 1.000000 -0.000000 0.000000 1.000000 -0.000000 0.000000 1.000000 -0.000000 0.000000 -0.000000 -1.000000 0.000000 -0.000000 -1.000000 0.000000 -0.000000 -1.000000 0.000000 -0.000000 -1.000000 0.000000 -0.000000 -1.000000 0.000000 -0.000000 -1.000000 0.000000 -0.000000 -1.000000 0.000000 -0.000000 -1.000000 0.000000 -0.000000 -1.000000 0.000000 -0.000000 -1.000000 0.000000 -0.000000 -1.000000 0.000000 -0.000000 -1.000000 0.000000 -0.000000 -1.000000 0.000000 -0.000000 -1.000000 0.000000 -0.000000 -1.000000 0.000000 -0.000000 -1.000000 0.000000 -0.000000 -1.000000 0.000000 -0.000000 -1.000000 0.000000 -0.000000 -1.000000 0.000000 -0.000000 -1.000000 0.000000 -0.000000 -1.000000 0.000000 -0.000000 -1.000000 0.000000 -0.000000 -1.000000 0.000000 -0.000000 -1.000000 0.000000 -0.000000 -1.000000 0.000000 -0.000000 -1.000000 0.000000 -0.000000 -1.000000 0.000000 -0.000000 -1.000000 0.000000 -0.000000 -1.000000 0.000000 -0.000000 -1.000000 0.000000 -0.000000 -1.000000 0.000000 -0.000000 -1.000000 0.000000 -0.000000 -1.000000 0.000000 -0.000000 -1.000000 0.000000 -0.000000 -1.000000 0.000000 -0.000000 -1.000000 0.000000 -0.000000 -1.000000 0.000000 -0.000000 -1.000000 0.000000 -0.000000 -1.000000 0.000000 -0.000000 -1.000000 0.000000 -0.000000 -1.000000 0.000000 -0.000000 -1.000000 0.000000 -0.000000 -1.000000 0.000000 -0.000000 -1.000000 0.000000 -0.000000 -1.000000 0.000000 -0.000000 -1.000000 0.000000 -0.000000 -1.000000 0.000000 -0.000000 -1.000000 0.000000 -0.000000 -1.000000 0.000000 -0.000000 -1.000000 0.000000 -0.000000 -1.000000 0.000000 -0.000000 -1.000000 0.000000 -0.000000 -1.000000 0.000000 -0.000000 -1.000000 0.000000 -0.000000 -1.000000 0.000000 -0.000000 -1.000000 0.000000 -0.000000 -1.000000 0.000000 -0.000000 -1.000000 0.000000 -0.000000 -1.000000 0.000000 -0.000000 -1.000000 0.000000 -0.000000 -1.000000 0.000000 -0.000000 -1.000000 0.000000 -0.000000 -1.000000 0.000000 -0.000000 -1.000000 0.000000 -0.000000 -1.000000 0.000000 -0.000000 -1.000000 0.000000 -0.000000 -1.000000 0.000000 -0.000000 -1.000000 0.000000 -0.000000 -1.000000 0.000000 -0.000000 -1.000000 0.000000 -0.000000 -1.000000 0.000000 -0.000000 -1.000000 0.000000 -0.000000 -1.000000 0.000000 -0.000000 -1.000000 0.000000 -0.000000 -1.000000 0.000000 -0.000000 -1.000000 0.000000 -0.000000 -1.000000 0.000000 -0.000000 -1.000000 0.000000 -0.000000 -1.000000 0.000000 -0.000000 -1.000000 0.000000 -0.000000 -1.000000 0.000000 -0.000000 -1.000000 0.000000 -0.000000 -1.000000 0.000000 -0.000000 -1.000000 0.000000 -0.000000 -1.000000 0.000000 -0.000000 -1.000000 0.000000 -0.000000 -1.000000 0.000000 -1.000000 0.000000 -0.000000 -1.000000 0.000000 -0.000000 -1.000000 0.000000 -0.000000 -1.000000 0.000000 -0.000000 0.633187 -0.773999 -0.000000 0.633187 -0.773999 -0.000000 0.633187 -0.773999 -0.000000 0.633187 -0.773999 -0.000000 0.633187 -0.773999 -0.000000 0.633187 -0.773999 -0.000000 0.805780 0.592215 0.000000 0.805780 0.592215 0.000000 0.805780 0.592215 0.000000 0.805780 0.592215 0.000000 0.805780 0.592215 0.000000 0.805780 0.592215 0.000000 0.805780 -0.592215 -0.000000 0.805780 -0.592215 -0.000000 0.805780 -0.592215 -0.000000 0.805780 -0.592215 -0.000000 0.805780 -0.592215 -0.000000 0.805780 -0.592215 -0.000000 0.633187 0.773999 0.000000 0.633187 0.773999 0.000000 0.633187 0.773999 0.000000 0.633187 0.773999 0.000000 0.633187 0.773999 0.000000 0.633187 0.773999 0.000000 0.927743 -0.373220 -0.000000 0.927743 -0.373220 -0.000000 0.927743 -0.373220 -0.000000 0.927743 -0.373220 -0.000000 0.927743 -0.373220 -0.000000 0.927743 -0.373220 -0.000000 0.420809 0.907149 0.000000 0.420809 0.907149 0.000000 0.420809 0.907149 0.000000 0.420809 0.907149 0.000000 0.420809 0.907149 0.000000 0.420809 0.907149 0.000000 0.991412 -0.130774 0.000000 0.991412 -0.130774 0.000000 0.991412 -0.130774 0.000000 0.991412 -0.130774 0.000000 0.991412 -0.130774 0.000000 0.991412 -0.130774 0.000000 0.181990 0.983300 0.000000 0.181990 0.983300 0.000000 0.181990 0.983300 0.000000 0.181990 0.983300 0.000000 0.181990 0.983300 0.000000 0.181990 0.983300 0.000000 0.992787 0.119888 0.000000 0.992787 0.119888 0.000000 0.992787 0.119888 0.000000 0.992787 0.119888 0.000000 0.992787 0.119888 0.000000 0.992787 0.119888 0.000000 -0.068265 0.997667 0.000000 -0.068265 0.997667 0.000000 -0.068265 0.997667 0.000000 -0.068265 0.997667 0.000000 -0.068265 0.997667 0.000000 -0.068265 0.997667 0.000000 0.931782 0.363018 0.000000 0.931782 0.363018 0.000000 0.931782 0.363018 0.000000 0.931782 0.363018 0.000000 0.931782 0.363018 0.000000 0.931782 0.363018 0.000000 -0.314230 0.949347 0.000000 -0.314230 0.949347 0.000000 -0.314230 0.949347 0.000000 -0.314230 0.949347 0.000000 -0.314230 0.949347 0.000000 -0.314230 0.949347 0.000000 0.812230 0.583338 0.000000 0.812230 0.583338 0.000000 0.812230 0.583338 0.000000 0.812230 0.583338 0.000000 0.812230 0.583338 0.000000 0.812230 0.583338 0.000000 -0.540451 0.841376 0.000000 -0.540451 0.841376 0.000000 -0.540451 0.841376 0.000000 -0.540451 0.841376 0.000000 -0.540451 0.841376 0.000000 -0.540451 0.841376 0.000000 0.641642 0.767005 0.000000 0.641642 0.767005 0.000000 0.641642 0.767005 0.000000 0.641642 0.767005 0.000000 0.641642 0.767005 0.000000 0.641642 0.767005 0.000000 -0.732713 0.680538 0.000000 -0.732713 0.680538 0.000000 -0.732713 0.680538 0.000000 -0.732713 0.680538 0.000000 -0.732713 0.680538 0.000000 -0.732713 0.680538 0.000000 0.430737 0.902478 0.000000 0.430737 0.902478 0.000000 0.430737 0.902478 0.000000 0.430737 0.902478 0.000000 0.430737 0.902478 0.000000 0.430737 0.902478 0.000000 -0.878936 0.476939 0.000000 -0.878936 0.476939 0.000000 -0.878936 0.476939 0.000000 -0.878936 0.476939 0.000000 -0.878936 0.476939 0.000000 -0.878936 0.476939 0.000000 0.192767 0.981244 0.000000 0.192767 0.981244 0.000000 0.192767 0.981244 0.000000 0.192767 0.981244 0.000000 0.192767 0.981244 0.000000 0.192767 0.981244 0.000000 -0.969933 0.243372 0.000000 -0.969933 0.243372 0.000000 -0.969933 0.243372 0.000000 -0.969933 0.243372 0.000000 -0.969933 0.243372 0.000000 -0.969933 0.243372 0.000000 -0.057314 0.998356 0.000000 -0.057314 0.998356 0.000000 -0.057314 0.998356 0.000000 -0.057314 0.998356 0.000000 -0.057314 0.998356 0.000000 -0.057314 0.998356 0.000000 -0.999985 -0.005486 -0.000000 -0.999985 -0.005486 -0.000000 -0.999985 -0.005486 -0.000000 -0.999985 -0.005486 -0.000000 -0.999985 -0.005486 -0.000000 -0.999985 -0.005486 -0.000000 -0.303795 0.952738 0.000000 -0.303795 0.952738 0.000000 -0.303795 0.952738 0.000000 -0.303795 0.952738 0.000000 -0.303795 0.952738 0.000000 -0.303795 0.952738 0.000000 -0.967204 -0.254000 -0.000000 -0.967204 -0.254000 -0.000000 -0.967204 -0.254000 -0.000000 -0.967204 -0.254000 -0.000000 -0.967204 -0.254000 -0.000000 -0.967204 -0.254000 -0.000000 -0.531187 0.847255 0.000000 -0.531187 0.847255 0.000000 -0.531187 0.847255 0.000000 -0.531187 0.847255 0.000000 -0.531187 0.847255 0.000000 -0.531187 0.847255 0.000000 0.000000 0.000000 -1.000000 0.000000 0.000000 -1.000000 0.000000 0.000000 -1.000000 0.000000 0.000000 -1.000000 0.000000 0.000000 -1.000000 0.000000 0.000000 -1.000000 0.000000 0.000000 -1.000000 0.000000 0.000000 -1.000000 0.000000 0.000000 -1.000000 0.000000 0.000000 -1.000000 0.000000 0.000000 -1.000000 0.000000 0.000000 -1.000000 0.000000 0.000000 -1.000000 0.000000 0.000000 -1.000000 0.000000 0.000000 -1.000000 0.000000 0.000000 -1.000000 0.000000 0.000000 -1.000000 0.000000 0.000000 -1.000000 0.000000 0.000000 -1.000000 0.000000 0.000000 -1.000000 0.000000 0.000000 -1.000000 0.000000 0.000000 -1.000000 0.000000 0.000000 -1.000000 0.000000 0.000000 -1.000000 0.000000 0.000000 -1.000000 0.000000 0.000000 -1.000000 0.000000 0.000000 -1.000000 0.000000 0.000000 -1.000000 0.000000 0.000000 -1.000000 0.000000 0.000000 -1.000000 0.000000 0.000000 -1.000000 0.000000 0.000000 -1.000000 0.000000 0.000000 -1.000000 0.000000 0.000000 -1.000000 0.000000 0.000000 -1.000000 0.000000 0.000000 -1.000000 0.000000 0.000000 -1.000000 0.000000 0.000000 -1.000000 0.000000 0.000000 -1.000000 0.000000 0.000000 -1.000000 0.000000 0.000000 -1.000000 0.000000 0.000000 -1.000000 0.000000 0.000000 -1.000000 0.000000 0.000000 -1.000000 0.000000 0.000000 -1.000000 0.000000 0.000000 -1.000000 0.000000 0.000000 -1.000000 0.000000 0.000000 -1.000000 -0.965926 -0.258819 -0.000000 -0.965926 -0.258819 -0.000000 -1.000000 0.000000 -0.000000 -1.000000 0.000000 -0.000000 -0.965926 0.258819 0.000000 -0.965926 0.258819 0.000000 -0.866025 0.500000 0.000000 -0.866025 0.500000 0.000000 -0.707107 0.707107 0.000000 -0.707107 0.707107 0.000000 -0.500000 0.866025 0.000000 -0.500000 0.866025 0.000000 -0.258819 0.965926 0.000000 -0.258819 0.965926 0.000000 0.000000 1.000000 0.000000 0.000000 1.000000 0.000000 0.258819 0.965926 0.000000 0.258819 0.965926 0.000000 0.500000 0.866025 0.000000 0.500000 0.866025 0.000000 0.707107 0.707107 0.000000 0.707107 0.707107 0.000000 0.866025 0.500000 0.000000 0.866025 0.500000 0.000000 0.965926 0.258819 0.000000 0.965926 0.258819 0.000000 1.000000 -0.000000 0.000000 1.000000 -0.000000 0.000000 0.965926 -0.258819 -0.000000 0.965926 -0.258819 -0.000000 0.866025 -0.500000 -0.000000 0.866025 -0.500000 -0.000000 0.707107 -0.707107 -0.000000 0.707107 -0.707107 -0.000000 0.500000 -0.866025 -0.000000 0.500000 -0.866025 -0.000000 0.258819 -0.965926 -0.000000 0.258819 -0.965926 -0.000000 -0.000000 -1.000000 -0.000000 -0.000000 -1.000000 -0.000000 -0.258819 -0.965926 -0.000000 -0.258819 -0.965926 -0.000000 -0.500000 -0.866025 -0.000000 -0.500000 -0.866025 -0.000000 -0.707107 -0.707107 -0.000000 -0.707107 -0.707107 -0.000000 -0.866025 -0.500000 -0.000000 -0.866025 -0.500000 -0.000000 0.965926 -0.258819 -0.000000 0.992115 -0.125333 0.000000 1.000000 -0.000000 0.000000 0.999123 -0.041876 0.000000 0.999123 0.041876 0.000000 0.866025 -0.500000 -0.000000 0.929776 -0.368125 -0.000000 0.957319 -0.289032 -0.000000 0.978148 -0.207912 -0.000000 0.707107 -0.707107 -0.000000 0.809017 -0.587785 -0.000000 0.855364 -0.518027 -0.000000 0.895712 -0.444635 -0.000000 0.500000 -0.866025 -0.000000 0.637424 -0.770513 -0.000000 0.699663 -0.714473 -0.000000 0.756995 -0.653421 -0.000000 0.258819 -0.965926 -0.000000 0.348572 -0.937282 -0.000000 0.425779 -0.904827 -0.000000 0.500000 -0.866025 -0.000000 -0.000000 -1.000000 -0.000000 0.104528 -0.994522 -0.000000 0.187381 -0.982287 -0.000000 0.268920 -0.963163 -0.000000 -0.258819 -0.965926 -0.000000 -0.146083 -0.989272 -0.000000 -0.062791 -0.998027 -0.000000 0.020942 -0.999781 -0.000000 -0.500000 -0.866025 -0.000000 -0.387516 -0.921863 -0.000000 -0.309017 -0.951057 -0.000000 -0.228351 -0.973579 -0.000000 -0.707107 -0.707107 -0.000000 -0.604599 -0.796530 -0.000000 -0.535827 -0.844328 -0.000000 -0.463296 -0.886204 -0.000000 -0.866025 -0.500000 -0.000000 -0.783693 -0.621148 -0.000000 -0.728969 -0.684547 -0.000000 -0.669131 -0.743145 -0.000000 -0.965926 -0.258819 -0.000000 -0.913545 -0.406737 -0.000000 -0.876307 -0.481754 -0.000000 -0.832921 -0.553392 -0.000000 -1.000000 0.000000 -0.000000 -0.985996 -0.166769 -0.000000 -0.968583 -0.248690 -0.000000 -0.944376 -0.328867 -0.000000 -0.965926 0.258819 0.000000 -0.985996 0.166769 0.000000 -0.996493 0.083678 -0.000000 -1.000000 0.000000 -0.000000 -0.866025 0.500000 0.000000 -0.913545 0.406737 0.000000 -0.944376 0.328867 0.000000 -0.968583 0.248690 0.000000 -0.707107 0.707107 0.000000 -0.783693 0.621148 0.000000 -0.832921 0.553392 0.000000 -0.876307 0.481754 0.000000 -0.500000 0.866025 0.000000 -0.604599 0.796530 0.000000 -0.669131 0.743145 0.000000 -0.728969 0.684547 0.000000 -0.258819 0.965926 0.000000 -0.387516 0.921863 0.000000 -0.463296 0.886204 0.000000 -0.535827 0.844328 0.000000 0.000000 1.000000 0.000000 -0.146083 0.989272 0.000000 -0.228351 0.973579 0.000000 -0.309017 0.951057 0.000000 0.258819 0.965926 0.000000 0.104528 0.994522 0.000000 0.020942 0.999781 0.000000 -0.062791 0.998027 0.000000 0.500000 0.866025 0.000000 0.348572 0.937282 0.000000 0.268920 0.963163 0.000000 0.187381 0.982287 0.000000 0.707107 0.707107 0.000000 0.637424 0.770513 0.000000 0.570714 0.821149 0.000000 0.500000 0.866025 0.000000 0.866025 0.500000 0.000000 0.809017 0.587785 0.000000 0.756995 0.653421 0.000000 0.699663 0.714473 0.000000 0.965926 0.258819 0.000000 0.929776 0.368125 0.000000 0.895712 0.444635 0.000000 0.855364 0.518027 0.000000 0.992115 0.125333 0.000000 0.978148 0.207912 0.000000 0.957319 0.289032 0.000000 0.425779 0.904827 0.000000 -0.996493 -0.083678 -0.000000 0.570714 -0.821149 -0.000000 -0.000000 -0.000000 1.000000 -0.000000 -0.000000 1.000000 -0.000000 -0.000000 1.000000 -0.000000 -0.000000 1.000000 -0.000000 -0.000000 1.000000 -0.000000 -0.000000 1.000000 -0.000000 -0.000000 1.000000 -0.000000 -0.000000 1.000000 -0.000000 -0.000000 1.000000 -0.000000 -0.000000 1.000000 -0.000000 -0.000000 1.000000 -0.000000 -0.000000 1.000000 -0.000000 -0.000000 1.000000 -0.000000 -0.000000 1.000000 -0.000000 -0.000000 1.000000 -0.000000 -0.000000 1.000000 -0.000000 -0.000000 1.000000 -0.000000 -0.000000 1.000000 -0.000000 -0.000000 1.000000 -0.000000 -0.000000 1.000000 -0.000000 -0.000000 1.000000 -0.000000 -0.000000 1.000000 -0.000000 -0.000000 1.000000 -0.000000 -0.000000 1.000000 0.000000 0.000000 -1.000000 0.000000 0.000000 -1.000000 0.000000 0.000000 -1.000000 0.000000 0.000000 -1.000000 0.000000 0.000000 -1.000000 0.000000 0.000000 -1.000000 0.000000 0.000000 -1.000000 0.000000 0.000000 -1.000000 0.000000 0.000000 -1.000000 0.000000 0.000000 -1.000000 0.000000 0.000000 -1.000000 0.000000 0.000000 -1.000000 0.000000 0.000000 -1.000000 0.000000 0.000000 -1.000000 0.000000 0.000000 -1.000000 0.000000 0.000000 -1.000000 0.000000 0.000000 -1.000000 0.000000 0.000000 -1.000000 0.000000 0.000000 -1.000000 0.000000 0.000000 -1.000000 0.000000 0.000000 -1.000000 0.000000 0.000000 -1.000000 0.000000 0.000000 -1.000000 0.000000 0.000000 -1.000000 0.000000 0.000000 -1.000000 0.000000 0.000000 -1.000000 0.000000 0.000000 -1.000000 0.000000 0.000000 -1.000000 0.000000 0.000000 -1.000000 0.000000 0.000000 -1.000000 0.000000 0.000000 -1.000000 0.000000 0.000000 -1.000000 0.000000 0.000000 -1.000000 0.000000 0.000000 -1.000000 0.000000 0.000000 -1.000000 0.000000 0.000000 -1.000000 0.000000 0.000000 -1.000000 0.000000 0.000000 -1.000000 0.000000 0.000000 -1.000000 0.000000 0.000000 -1.000000 0.000000 0.000000 -1.000000 0.000000 0.000000 -1.000000 0.000000 0.000000 -1.000000 0.000000 0.000000 -1.000000 0.000000 0.000000 -1.000000 0.000000 0.000000 -1.000000 0.000000 0.000000 -1.000000 0.000000 0.000000 -1.000000 0.000000 0.000000 -1.000000 0.000000 0.000000 -1.000000 0.000000 0.000000 -1.000000 0.000000 0.000000 -1.000000 0.000000 0.000000 -1.000000 0.000000 0.000000 -1.000000 0.000000 0.000000 -1.000000 0.000000 0.000000 -1.000000 0.000000 0.000000 -1.000000 0.000000 0.000000 -1.000000 0.000000 0.000000 -1.000000 0.000000 0.000000 -1.000000 0.000000 0.000000 -1.000000 0.000000 0.000000 -1.000000 0.000000 0.000000 -1.000000 0.000000 0.000000 -1.000000 0.000000 0.000000 -1.000000 0.000000 0.000000 -1.000000 0.000000 0.000000 -1.000000 0.000000 0.000000 -1.000000 0.000000 0.000000 -1.000000 0.000000 0.000000 -1.000000 0.000000 0.000000 -1.000000 0.000000 0.000000 -1.000000 0.000000 0.000000 -1.000000 0.000000 0.000000 -1.000000 0.000000 0.000000 -1.000000 0.000000 0.000000 -1.000000 0.000000 0.000000 -1.000000 0.000000 0.000000 -1.000000 0.000000 0.000000 -1.000000 0.000000 0.000000 -1.000000 0.000000 0.000000 -1.000000 0.000000 0.000000 -1.000000 0.000000 0.000000 -1.000000 0.000000 0.000000 -1.000000 0.000000 0.000000 -1.000000 0.000000 0.000000 -1.000000 0.000000 0.000000 -1.000000 0.000000 0.000000 -1.000000 0.000000 0.000000 -1.000000 0.000000 0.000000 -1.000000 0.000000 0.000000 -1.000000 0.000000 0.000000 -1.000000 0.000000 0.000000 -1.000000 0.000000 0.000000 -1.000000 0.000000 0.000000 -1.000000 0.000000 0.000000 -1.000000 0.000000 0.000000 -1.000000 0.000000 0.000000 -1.000000 0.000000 0.000000 -1.000000 0.000000 0.000000 -1.000000 -0.725202 0.688536 0.000000 -0.725202 0.688536 0.000000 -0.725202 0.688536 0.000000 -0.725202 0.688536 0.000000 -0.725202 0.688536 0.000000 -0.725202 0.688536 0.000000 -0.725202 -0.688536 -0.000000 -0.725202 -0.688536 -0.000000 -0.725202 -0.688536 -0.000000 -0.725202 -0.688536 -0.000000 -0.725202 -0.688536 -0.000000 -0.725202 -0.688536 -0.000000 -0.873651 0.486554 0.000000 -0.873651 0.486554 0.000000 -0.873651 0.486554 0.000000 -0.873651 0.486554 0.000000 -0.873651 0.486554 0.000000 -0.873651 0.486554 0.000000 -0.531187 -0.847255 -0.000000 -0.531187 -0.847255 -0.000000 -0.531187 -0.847255 -0.000000 -0.531187 -0.847255 -0.000000 -0.531187 -0.847255 -0.000000 -0.531187 -0.847255 -0.000000 -0.967204 0.254000 0.000000 -0.967204 0.254000 0.000000 -0.967204 0.254000 0.000000 -0.967204 0.254000 0.000000 -0.967204 0.254000 0.000000 -0.967204 0.254000 0.000000 -0.303795 -0.952738 -0.000000 -0.303795 -0.952738 -0.000000 -0.303795 -0.952738 -0.000000 -0.303795 -0.952738 -0.000000 -0.303795 -0.952738 -0.000000 -0.303795 -0.952738 -0.000000 -0.999985 0.005486 -0.000000 -0.999985 0.005486 -0.000000 -0.999985 0.005486 -0.000000 -0.999985 0.005486 -0.000000 -0.999985 0.005486 -0.000000 -0.999985 0.005486 -0.000000 -0.057314 -0.998356 -0.000000 -0.057314 -0.998356 -0.000000 -0.057314 -0.998356 -0.000000 -0.057314 -0.998356 -0.000000 -0.057314 -0.998356 -0.000000 -0.057314 -0.998356 -0.000000 -0.969933 -0.243372 -0.000000 -0.969933 -0.243372 -0.000000 -0.969933 -0.243372 -0.000000 -0.969933 -0.243372 -0.000000 -0.969933 -0.243372 -0.000000 -0.969933 -0.243372 -0.000000 0.192767 -0.981244 -0.000000 0.192767 -0.981244 -0.000000 0.192767 -0.981244 -0.000000 0.192767 -0.981244 -0.000000 0.192767 -0.981244 -0.000000 0.192767 -0.981244 -0.000000 -0.878936 -0.476939 -0.000000 -0.878936 -0.476939 -0.000000 -0.878936 -0.476939 -0.000000 -0.878936 -0.476939 -0.000000 -0.878936 -0.476939 -0.000000 -0.878936 -0.476939 -0.000000 0.430737 -0.902478 -0.000000 0.430737 -0.902478 -0.000000 0.430737 -0.902478 -0.000000 0.430737 -0.902478 -0.000000 0.430737 -0.902478 -0.000000 0.430737 -0.902478 -0.000000 -0.732713 -0.680538 -0.000000 -0.732713 -0.680538 -0.000000 -0.732713 -0.680538 -0.000000 -0.732713 -0.680538 -0.000000 -0.732713 -0.680538 -0.000000 -0.732713 -0.680538 -0.000000 0.641642 -0.767005 -0.000000 0.641642 -0.767005 -0.000000 0.641642 -0.767005 -0.000000 0.641642 -0.767005 -0.000000 0.641642 -0.767005 -0.000000 0.641642 -0.767005 -0.000000 -0.540451 -0.841376 -0.000000 -0.540451 -0.841376 -0.000000 -0.540451 -0.841376 -0.000000 -0.540451 -0.841376 -0.000000 -0.540451 -0.841376 -0.000000 -0.540451 -0.841376 -0.000000 0.812230 -0.583338 -0.000000 0.812230 -0.583338 -0.000000 0.812230 -0.583338 -0.000000 0.812230 -0.583338 -0.000000 0.812230 -0.583338 -0.000000 0.812230 -0.583338 -0.000000 -0.314230 -0.949347 -0.000000 -0.314230 -0.949347 -0.000000 -0.314230 -0.949347 -0.000000 -0.314230 -0.949347 -0.000000 -0.314230 -0.949347 -0.000000 -0.314230 -0.949347 -0.000000 0.931782 -0.363018 -0.000000 0.931782 -0.363018 -0.000000 0.931782 -0.363018 -0.000000 0.931782 -0.363018 -0.000000 0.931782 -0.363018 -0.000000 0.931782 -0.363018 -0.000000 -0.068265 -0.997667 -0.000000 -0.068265 -0.997667 -0.000000 -0.068265 -0.997667 -0.000000 -0.068265 -0.997667 -0.000000 -0.068265 -0.997667 -0.000000 -0.068265 -0.997667 -0.000000 0.992787 -0.119888 0.000000 0.992787 -0.119888 0.000000 0.992787 -0.119888 0.000000 0.992787 -0.119888 0.000000 0.992787 -0.119888 0.000000 0.992787 -0.119888 0.000000 0.181990 -0.983300 -0.000000 0.181990 -0.983300 -0.000000 0.181990 -0.983300 -0.000000 0.181990 -0.983300 -0.000000 0.181990 -0.983300 -0.000000 0.181990 -0.983300 -0.000000 0.991412 0.130774 0.000000 0.991412 0.130774 0.000000 0.991412 0.130774 0.000000 0.991412 0.130774 0.000000 0.991412 0.130774 0.000000 0.991412 0.130774 0.000000 0.420809 -0.907149 -0.000000 0.420809 -0.907149 -0.000000 0.420809 -0.907149 -0.000000 0.420809 -0.907149 -0.000000 0.420809 -0.907149 -0.000000 0.420809 -0.907149 -0.000000 0.927743 0.373220 0.000000 0.927743 0.373220 0.000000 0.927743 0.373220 0.000000 0.927743 0.373220 0.000000 0.927743 0.373220 0.000000 0.927743 0.373220 0.000000 -0.873651 -0.486554 -0.000000 -0.873651 -0.486554 -0.000000 -0.873651 -0.486554 -0.000000 -0.873651 -0.486554 -0.000000 -0.873651 -0.486554 -0.000000 -0.873651 -0.486554 -0.000000 0.000000 0.000000 -1.000000 0.000000 0.000000 -1.000000 0.000000 0.000000 -1.000000 0.000000 0.000000 -1.000000 0.000000 0.000000 -1.000000 0.000000 0.000000 -1.000000 0.000000 0.000000 -1.000000 0.000000 0.000000 -1.000000 0.000000 0.000000 -1.000000 0.000000 0.000000 -1.000000 0.000000 0.000000 -1.000000 0.000000 0.000000 -1.000000 0.000000 0.000000 -1.000000 0.000000 0.000000 -1.000000 0.000000 0.000000 -1.000000 0.000000 0.000000 -1.000000 0.000000 0.000000 -1.000000 0.000000 0.000000 -1.000000 0.000000 0.000000 -1.000000 0.000000 0.000000 -1.000000 0.000000 0.000000 -1.000000 0.000000 0.000000 -1.000000 0.000000 0.000000 -1.000000 0.000000 0.000000 -1.000000 -0.583338 0.812230 0.000000 -0.583338 0.812230 0.000000 -0.583338 0.812230 0.000000 -0.583338 0.812230 0.000000 -0.764726 -0.644356 -0.000000 -0.764726 -0.644356 -0.000000 -0.764726 -0.644356 -0.000000 -0.764726 -0.644356 -0.000000 -0.900945 -0.433933 -0.000000 -0.900945 -0.433933 -0.000000 -0.900945 -0.433933 -0.000000 -0.900945 -0.433933 -0.000000 -0.363018 0.931782 0.000000 -0.363018 0.931782 0.000000 -0.363018 0.931782 0.000000 -0.363018 0.931782 0.000000 -0.580456 -0.814292 -0.000000 -0.580456 -0.814292 -0.000000 -0.580456 -0.814292 -0.000000 -0.580456 -0.814292 -0.000000 -0.980555 -0.196244 -0.000000 -0.980555 -0.196244 -0.000000 -0.980555 -0.196244 -0.000000 -0.980555 -0.196244 -0.000000 -0.119888 0.992787 0.000000 -0.119888 0.992787 0.000000 -0.119888 0.992787 0.000000 -0.119888 0.992787 0.000000 -0.359713 -0.933063 -0.000000 -0.359713 -0.933063 -0.000000 -0.359713 -0.933063 -0.000000 -0.359713 -0.933063 -0.000000 -0.998553 0.053775 0.000000 -0.998553 0.053775 0.000000 -0.998553 0.053775 0.000000 -0.998553 0.053775 0.000000 0.130774 0.991412 0.000000 0.130774 0.991412 0.000000 0.130774 0.991412 0.000000 0.130774 0.991412 0.000000 -0.116369 -0.993206 -0.000000 -0.116369 -0.993206 -0.000000 -0.116369 -0.993206 -0.000000 -0.116369 -0.993206 -0.000000 -0.953808 0.300416 0.000000 -0.953808 0.300416 0.000000 -0.953808 0.300416 0.000000 -0.953808 0.300416 0.000000 0.373220 0.927743 0.000000 0.373220 0.927743 0.000000 0.373220 0.927743 0.000000 0.373220 0.927743 0.000000 0.134287 -0.990942 -0.000000 0.134287 -0.990942 -0.000000 0.134287 -0.990942 -0.000000 0.134287 -0.990942 -0.000000 -0.849132 0.528180 0.000000 -0.849132 0.528180 0.000000 -0.849132 0.528180 0.000000 -0.849132 0.528180 0.000000 0.592215 0.805780 0.000000 0.592215 0.805780 0.000000 0.592215 0.805780 0.000000 0.592215 0.805780 0.000000 0.376506 -0.926414 -0.000000 0.376506 -0.926414 -0.000000 0.376506 -0.926414 -0.000000 0.376506 -0.926414 -0.000000 -0.691102 0.722757 0.000000 -0.691102 0.722757 0.000000 -0.691102 0.722757 0.000000 -0.691102 0.722757 0.000000 0.773999 0.633187 0.000000 0.773999 0.633187 0.000000 0.773999 0.633187 0.000000 0.773999 0.633187 0.000000 0.595067 -0.803676 -0.000000 0.595067 -0.803676 -0.000000 0.595067 -0.803676 -0.000000 0.595067 -0.803676 -0.000000 -0.489647 0.871921 0.000000 -0.489647 0.871921 0.000000 -0.489647 0.871921 0.000000 -0.489647 0.871921 0.000000 0.907149 0.420809 0.000000 0.907149 0.420809 0.000000 0.907149 0.420809 0.000000 0.907149 0.420809 0.000000 0.776238 -0.630440 -0.000000 0.776238 -0.630440 -0.000000 0.776238 -0.630440 -0.000000 0.776238 -0.630440 -0.000000 -0.257426 0.966298 0.000000 -0.257426 0.966298 0.000000 -0.257426 0.966298 0.000000 -0.257426 0.966298 0.000000 0.983300 0.181990 0.000000 0.983300 0.181990 0.000000 0.983300 0.181990 0.000000 0.983300 0.181990 0.000000 0.908635 -0.417591 -0.000000 0.908635 -0.417591 -0.000000 0.908635 -0.417591 -0.000000 0.908635 -0.417591 -0.000000 -0.009030 0.999959 0.000000 -0.009030 0.999959 0.000000 -0.009030 0.999959 0.000000 -0.009030 0.999959 0.000000 0.997667 -0.068265 -0.000000 0.997667 -0.068265 -0.000000 0.997667 -0.068265 -0.000000 0.997667 -0.068265 -0.000000 0.983939 -0.178503 -0.000000 0.983939 -0.178503 -0.000000 0.983939 -0.178503 -0.000000 0.983939 -0.178503 -0.000000 0.239933 0.970789 0.000000 0.239933 0.970789 0.000000 0.239933 0.970789 0.000000 0.239933 0.970789 0.000000 0.949347 -0.314230 -0.000000 0.949347 -0.314230 -0.000000 0.949347 -0.314230 -0.000000 0.949347 -0.314230 -0.000000 0.997419 0.071801 0.000000 0.997419 0.071801 0.000000 0.997419 0.071801 0.000000 0.997419 0.071801 0.000000 0.473821 0.880621 0.000000 0.473821 0.880621 0.000000 0.473821 0.880621 0.000000 0.473821 0.880621 0.000000 0.841376 -0.540451 -0.000000 0.841376 -0.540451 -0.000000 0.841376 -0.540451 -0.000000 0.841376 -0.540451 -0.000000 0.948227 0.317593 0.000000 0.948227 0.317593 0.000000 0.948227 0.317593 0.000000 0.948227 0.317593 0.000000 0.677936 0.735121 0.000000 0.677936 0.735121 0.000000 0.677936 0.735121 0.000000 0.677936 0.735121 0.000000 -0.000000 -0.000000 1.000000 -0.000000 -0.000000 1.000000 -0.000000 -0.000000 1.000000 -0.000000 -0.000000 1.000000 -0.000000 -0.000000 1.000000 -0.000000 -0.000000 1.000000 -0.000000 -0.000000 1.000000 -0.000000 -0.000000 1.000000 -0.000000 -0.000000 1.000000 -0.000000 -0.000000 1.000000 -0.000000 -0.000000 1.000000 -0.000000 -0.000000 1.000000 -0.000000 -0.000000 1.000000 -0.000000 -0.000000 1.000000 -0.000000 -0.000000 1.000000 -0.000000 -0.000000 1.000000 -0.000000 -0.000000 1.000000 -0.000000 -0.000000 1.000000 -0.000000 -0.000000 1.000000 -0.000000 -0.000000 1.000000 -0.000000 -0.000000 1.000000 -0.000000 -0.000000 1.000000 -0.000000 -0.000000 1.000000 -0.000000 -0.000000 1.000000 -0.000000 -0.000000 1.000000 -0.000000 -0.000000 1.000000 -0.000000 -0.000000 1.000000 -0.000000 -0.000000 1.000000 -0.000000 -0.000000 1.000000 -0.000000 -0.000000 1.000000 -0.000000 -0.000000 1.000000 -0.000000 -0.000000 1.000000 -0.000000 -0.000000 1.000000 -0.000000 -0.000000 1.000000 -0.000000 -0.000000 1.000000 -0.000000 -0.000000 1.000000 -0.000000 -0.000000 1.000000 -0.000000 -0.000000 1.000000 -0.000000 -0.000000 1.000000 -0.000000 -0.000000 1.000000 -0.000000 -0.000000 1.000000 -0.000000 -0.000000 1.000000 -0.000000 -0.000000 1.000000 -0.000000 -0.000000 1.000000 -0.000000 -0.000000 1.000000 -0.000000 -0.000000 1.000000 -0.000000 -0.000000 1.000000 -0.000000 -0.000000 1.000000 -0.000000 -0.000000 1.000000 -0.000000 -0.000000 1.000000 -0.000000 -0.000000 1.000000 -0.000000 -0.000000 1.000000 -0.000000 -0.000000 1.000000 -0.000000 -0.000000 1.000000 -0.000000 -0.000000 1.000000 -0.000000 -0.000000 1.000000 -0.000000 -0.000000 1.000000 -0.000000 -0.000000 1.000000 -0.000000 -0.000000 1.000000 -0.000000 -0.000000 1.000000 -0.000000 -0.000000 1.000000 -0.000000 -0.000000 1.000000 -0.000000 -0.000000 1.000000 -0.000000 -0.000000 1.000000 -0.000000 -0.000000 1.000000 -0.000000 -0.000000 1.000000 -0.000000 -0.000000 1.000000 -0.000000 -0.000000 1.000000 -0.000000 -0.000000 1.000000 -0.000000 -0.000000 1.000000 -0.000000 -0.000000 1.000000 -0.000000 -0.000000 1.000000 -0.000000 -0.000000 1.000000 -0.000000 -0.000000 1.000000 -0.000000 -0.000000 1.000000 -0.000000 -0.000000 1.000000 -0.000000 -0.000000 1.000000 -0.000000 -0.000000 1.000000 -0.000000 -0.000000 1.000000 -0.000000 -0.000000 1.000000 -0.000000 -0.000000 1.000000 -0.000000 -0.000000 1.000000 -0.000000 -0.000000 1.000000 -0.000000 -0.000000 1.000000 -0.000000 -0.000000 1.000000 -0.000000 -0.000000 1.000000 -0.000000 -0.000000 1.000000 -0.000000 -0.000000 1.000000 -0.000000 -0.000000 1.000000 -0.000000 -0.000000 1.000000 -0.000000 -0.000000 1.000000 -0.000000 -0.000000 1.000000 -0.000000 -0.000000 1.000000 -0.000000 -0.000000 1.000000 -0.000000 -0.000000 1.000000 -0.000000 -0.000000 1.000000 -0.000000 -0.000000 1.000000 -0.000000 -0.000000 1.000000 -0.000000 -0.000000 1.000000 -0.000000 -0.000000 1.000000 -0.000000 -0.000000 1.000000 -0.000000 -0.000000 1.000000 -0.000000 -0.000000 1.000000 -0.000000 -0.000000 1.000000 -0.000000 -0.000000 1.000000 -0.000000 -0.000000 1.000000 -0.000000 -0.000000 1.000000 -0.000000 -0.000000 1.000000 -0.000000 -0.000000 1.000000 -0.000000 -0.000000 1.000000 -0.000000 -0.000000 1.000000 -0.000000 -0.000000 1.000000 -0.000000 -0.000000 1.000000 -0.000000 -0.000000 1.000000 -0.000000 -0.000000 1.000000 -0.000000 -0.000000 1.000000 -0.000000 -0.000000 1.000000 -0.000000 -0.000000 1.000000 -0.000000 -0.000000 1.000000 -0.000000 -0.000000 1.000000 -0.000000 -0.000000 1.000000 -0.000000 -0.000000 1.000000 -0.000000 -0.000000 1.000000 -0.000000 -0.000000 1.000000 -0.000000 -0.000000 1.000000 0.680538 -0.732713 -0.000000 0.680538 -0.732713 -0.000000 0.680538 -0.732713 -0.000000 0.680538 -0.732713 -0.000000 -0.000000 0.000000 -1.000000 -0.000000 0.000000 -1.000000 -0.000000 0.000000 -1.000000 -0.000000 0.000000 -1.000000 -0.000000 0.000000 -1.000000 -0.000000 0.000000 -1.000000 -0.000000 0.000000 -1.000000 -0.000000 0.000000 -1.000000 -0.000000 0.000000 -1.000000 -0.000000 0.000000 -1.000000 -0.000000 0.000000 -1.000000 -0.000000 0.000000 -1.000000 -0.000000 0.000000 -1.000000 -0.000000 0.000000 -1.000000 -0.000000 0.000000 -1.000000 -0.000000 0.000000 -1.000000 -0.000000 0.000000 -1.000000 -0.000000 0.000000 -1.000000 -0.000000 0.000000 -1.000000 -0.000000 0.000000 -1.000000 -0.000000 0.000000 -1.000000 -0.000000 0.000000 -1.000000 -0.000000 0.000000 -1.000000 -0.000000 0.000000 -1.000000 -0.000000 0.000000 -1.000000 -0.000000 0.000000 -1.000000 -0.000000 0.000000 -1.000000 -0.000000 0.000000 -1.000000 -0.000000 0.000000 -1.000000 -0.000000 0.000000 -1.000000 -0.000000 0.000000 -1.000000 -0.000000 0.000000 -1.000000 -0.000000 0.000000 -1.000000 -0.000000 0.000000 -1.000000 -0.000000 0.000000 -1.000000 -0.000000 0.000000 -1.000000 -0.000000 0.000000 -1.000000 -0.000000 0.000000 -1.000000 -0.000000 0.000000 -1.000000 -0.000000 0.000000 -1.000000 -0.000000 0.000000 -1.000000 -0.000000 0.000000 -1.000000 -0.000000 0.000000 -1.000000 -0.000000 0.000000 -1.000000 -0.000000 0.000000 -1.000000 -0.000000 0.000000 -1.000000 -0.000000 0.000000 -1.000000 -0.000000 0.000000 -1.000000 -0.000000 0.000000 -1.000000 -0.000000 -0.000000 1.000000 -0.000000 -0.000000 1.000000 -0.000000 -0.000000 1.000000 -0.000000 -0.000000 1.000000 -0.000000 -0.000000 1.000000 -0.000000 -0.000000 1.000000 -0.000000 -0.000000 1.000000 -0.000000 -0.000000 1.000000 -0.000000 -0.000000 1.000000 -0.000000 -0.000000 1.000000 -0.000000 -0.000000 1.000000 -0.000000 -0.000000 1.000000 -0.000000 -0.000000 1.000000 -0.000000 -0.000000 1.000000 -0.000000 -0.000000 1.000000 -0.000000 -0.000000 1.000000 -0.000000 -0.000000 1.000000 -0.000000 -0.000000 1.000000 -0.000000 -0.000000 1.000000 -0.000000 -0.000000 1.000000 -0.000000 -0.000000 1.000000 -0.000000 -0.000000 1.000000 -0.000000 -0.000000 1.000000 -0.000000 -0.000000 1.000000 -0.000000 -0.000000 1.000000 -0.000000 -0.000000 1.000000 -0.000000 -0.000000 1.000000 -0.000000 -0.000000 1.000000 -0.000000 -0.000000 1.000000 -0.000000 -0.000000 1.000000 -0.000000 -0.000000 1.000000 -0.000000 -0.000000 1.000000 -0.000000 -0.000000 1.000000 -0.000000 -0.000000 1.000000 -0.000000 -0.000000 1.000000 -0.000000 -0.000000 1.000000 -0.000000 -0.000000 1.000000 -0.000000 -0.000000 1.000000 -0.000000 -0.000000 1.000000 -0.000000 -0.000000 1.000000 -0.000000 -0.000000 1.000000 -0.000000 -0.000000 1.000000 -0.000000 -0.000000 1.000000 -0.000000 -0.000000 1.000000 -0.000000 -0.000000 1.000000 -0.000000 -0.000000 1.000000 -0.000000 -0.000000 1.000000 -0.000000 -0.000000 1.000000 -0.000000 -0.000000 1.000000 -0.000000 -0.000000 1.000000 -0.000000 -0.000000 1.000000 -0.000000 -0.000000 1.000000 -0.000000 -0.000000 1.000000 -0.000000 -0.000000 1.000000 -0.000000 -0.000000 1.000000 -0.000000 -0.000000 1.000000 -0.000000 -0.000000 1.000000 -0.000000 -0.000000 1.000000 -0.000000 -0.000000 1.000000 -0.000000 -0.000000 1.000000 -0.000000 -0.000000 1.000000 -0.000000 -0.000000 1.000000 -0.000000 -0.000000 1.000000 -0.000000 -0.000000 1.000000 -0.000000 -0.000000 1.000000 -0.000000 -0.000000 1.000000 -0.000000 -0.000000 1.000000 -0.000000 -0.000000 1.000000 -0.000000 -0.000000 1.000000 -0.000000 -0.000000 1.000000 -0.000000 -0.000000 1.000000 -0.000000 -0.000000 1.000000 -0.000000 -0.000000 1.000000 -0.000000 -0.000000 1.000000 -0.000000 -0.000000 1.000000 -0.000000 -0.000000 1.000000 -0.000000 -0.000000 1.000000 -0.000000 -0.000000 1.000000 -0.000000 -0.000000 1.000000 -0.000000 -0.000000 1.000000 -0.000000 -0.000000 1.000000 -0.000000 -0.000000 1.000000 -0.000000 -0.000000 1.000000 -0.000000 -0.000000 1.000000 -0.000000 -0.000000 1.000000 -0.000000 -0.000000 1.000000 -0.000000 -0.000000 1.000000 -0.000000 -0.000000 1.000000 -0.000000 -0.000000 1.000000 -0.000000 -0.000000 1.000000 -0.000000 -0.000000 1.000000 -0.000000 -0.000000 1.000000 -0.000000 -0.000000 1.000000 -0.000000 -0.000000 1.000000 -0.000000 -0.000000 1.000000 -0.000000 -0.000000 1.000000 -0.000000 -0.000000 1.000000 -0.000000 -0.000000 1.000000 -0.000000 -0.000000 1.000000 -0.000000 -0.000000 1.000000 -0.000000 -0.000000 1.000000 -0.000000 -0.000000 1.000000 -0.000000 -0.000000 1.000000 -0.000000 -0.000000 1.000000 -0.000000 -0.000000 1.000000 -0.000000 -0.000000 1.000000 -0.000000 -0.000000 1.000000 -0.000000 -0.000000 1.000000 -0.000000 -0.000000 1.000000 -0.000000 -0.000000 1.000000 -0.000000 -0.000000 1.000000 -0.000000 -0.000000 1.000000 -0.000000 -0.000000 1.000000 -0.000000 -0.000000 1.000000 -0.000000 -0.000000 1.000000 -0.000000 -0.000000 1.000000 -0.000000 -0.000000 1.000000 -0.000000 -0.000000 1.000000 -0.000000 -0.000000 1.000000 -0.000000 -0.000000 1.000000 -0.000000 -0.000000 1.000000 -0.000000 -0.000000 1.000000 -0.000000 -0.000000 1.000000 -0.000000 -0.000000 1.000000 -0.000000 -0.000000 1.000000 -0.000000 -0.000000 1.000000 -0.000000 -0.000000 1.000000 -0.000000 -0.000000 1.000000 -0.000000 -0.000000 1.000000 -0.000000 -0.000000 1.000000 -0.000000 -0.000000 1.000000 -0.000000 -0.000000 1.000000 -0.000000 -0.000000 1.000000 -0.000000 -0.000000 1.000000 -0.000000 -0.000000 1.000000 -0.000000 -0.000000 1.000000 -0.000000 -0.000000 1.000000 -0.000000 -0.000000 1.000000 -0.000000 -0.000000 1.000000 -0.000000 -0.000000 1.000000 -0.000000 -0.000000 1.000000 -0.000000 -0.000000 1.000000 -0.000000 -0.000000 1.000000 -0.000000 -0.000000 1.000000 -0.000000 -0.000000 1.000000 -0.000000 -0.000000 1.000000 -0.000000 -0.000000 1.000000 -0.000000 -0.000000 1.000000 -0.000000 -0.000000 1.000000 -0.000000 -0.000000 1.000000 -0.000000 -0.000000 1.000000 -0.000000 -0.000000 1.000000 -0.000000 -0.000000 1.000000 -0.000000 -0.000000 1.000000 -0.000000 -0.000000 1.000000 -0.000000 -0.000000 1.000000 -0.000000 -0.000000 1.000000 -0.000000 -0.000000 1.000000 -0.000000 -0.000000 1.000000 -0.000000 -0.000000 1.000000 -0.000000 -0.000000 1.000000 -0.000000 -0.000000 1.000000 -0.000000 -0.000000 1.000000 -0.000000 -0.000000 1.000000 -0.000000 -0.000000 1.000000 -0.000000 -0.000000 1.000000 -0.000000 -0.000000 1.000000 -0.000000 -0.000000 1.000000 -0.000000 -0.000000 1.000000 -0.000000 -0.000000 1.000000 -0.000000 -0.000000 1.000000 -0.000000 -0.000000 1.000000 -0.000000 -0.000000 1.000000 -0.000000 -0.000000 1.000000 -0.000000 -0.000000 1.000000 -0.000000 -0.000000 1.000000 -0.000000 -0.000000 1.000000 -0.000000 -0.000000 1.000000 -0.000000 -0.000000 1.000000 -0.000000 -0.000000 1.000000 -0.000000 -0.000000 1.000000 -0.000000 -0.000000 1.000000 -0.000000 -0.000000 1.000000 -0.000000 -0.000000 1.000000 -0.000000 -0.000000 1.000000 -0.000000 -0.000000 1.000000 -0.000000 -0.000000 1.000000 -0.000000 -0.000000 1.000000 -0.000000 -0.000000 1.000000 -0.000000 -0.000000 1.000000 -0.000000 -0.000000 1.000000 -0.000000 -0.000000 1.000000 -0.000000 -0.000000 1.000000 -0.000000 -0.000000 1.000000 -0.000000 -0.000000 1.000000 -0.000000 -0.000000 1.000000 -0.000000 -0.000000 1.000000 -0.000000 -0.000000 1.000000 -0.000000 -0.000000 1.000000 -0.000000 -0.000000 1.000000 -0.000000 -0.000000 1.000000 -0.000000 -0.000000 1.000000 -0.000000 -0.000000 1.000000 -0.000000 -0.000000 1.000000 -0.000000 -0.000000 1.000000 -0.000000 -0.000000 1.000000 -0.000000 -0.000000 1.000000 -0.000000 -0.000000 1.000000 -0.000000 -0.000000 1.000000 -0.000000 -0.000000 1.000000 -0.000000 -0.000000 1.000000 -0.000000 -0.000000 1.000000 -0.000000 -0.000000 1.000000 -0.000000 -0.000000 1.000000 -0.000000 -0.000000 1.000000 -0.000000 -0.000000 1.000000 -0.000000 -0.000000 1.000000 -0.000000 -0.000000 1.000000 -0.000000 -0.000000 1.000000 -0.000000 -0.000000 1.000000 -0.000000 -0.000000 1.000000 -0.000000 -0.000000 1.000000 -0.000000 -0.000000 1.000000 -0.000000 -0.000000 1.000000 -0.000000 -0.000000 1.000000 -0.000000 -0.000000 1.000000 -0.000000 -0.000000 1.000000 -0.000000 -0.000000 1.000000 -0.000000 -0.000000 1.000000 -0.000000 -0.000000 1.000000 -0.000000 -0.000000 1.000000 -0.000000 -0.000000 1.000000 -0.000000 -0.000000 1.000000 -0.000000 -0.000000 1.000000 -0.000000 -0.000000 1.000000 -0.000000 -0.000000 1.000000 -0.000000 -0.000000 1.000000 -0.000000 -0.000000 1.000000 -0.000000 -0.000000 1.000000 -0.000000 -0.000000 1.000000 -0.000000 -0.000000 1.000000 -0.000000 -0.000000 1.000000 -0.000000 -0.000000 1.000000 -0.000000 -0.000000 1.000000 -0.000000 -0.000000 1.000000 -0.000000 -0.000000 1.000000 -0.000000 -0.000000 1.000000 -0.000000 -0.000000 1.000000 -0.000000 -0.000000 1.000000 -0.000000 -0.000000 1.000000 -0.000000 -0.000000 1.000000 -0.000000 -0.000000 1.000000 -0.000000 -0.000000 1.000000 -0.000000 -0.000000 1.000000 -0.000000 -0.000000 1.000000 -0.000000 -0.000000 1.000000 -0.000000 -0.000000 1.000000 -0.000000 -0.000000 1.000000 -0.000000 -0.000000 1.000000 -0.000000 -0.000000 1.000000 -0.000000 -0.000000 1.000000 -0.595067 -0.803676 -0.000000 -0.595067 -0.803676 -0.000000 -0.595067 -0.803676 -0.000000 -0.595067 -0.803676 -0.000000 -0.376506 -0.926414 -0.000000 -0.376506 -0.926414 -0.000000 -0.376506 -0.926414 -0.000000 -0.376506 -0.926414 -0.000000 -0.134287 -0.990942 -0.000000 -0.134287 -0.990942 -0.000000 -0.134287 -0.990942 -0.000000 -0.134287 -0.990942 -0.000000 0.116369 -0.993206 -0.000000 0.116369 -0.993206 -0.000000 0.116369 -0.993206 -0.000000 0.116369 -0.993206 -0.000000 0.359713 -0.933063 -0.000000 0.359713 -0.933063 -0.000000 0.359713 -0.933063 -0.000000 0.359713 -0.933063 -0.000000 0.580456 -0.814292 -0.000000 0.580456 -0.814292 -0.000000 0.580456 -0.814292 -0.000000 0.580456 -0.814292 -0.000000 0.764726 -0.644356 -0.000000 0.764726 -0.644356 -0.000000 0.764726 -0.644356 -0.000000 0.764726 -0.644356 -0.000000 0.900945 -0.433933 -0.000000 0.900945 -0.433933 -0.000000 0.900945 -0.433933 -0.000000 0.900945 -0.433933 -0.000000 0.980555 -0.196244 -0.000000 0.980555 -0.196244 -0.000000 0.980555 -0.196244 -0.000000 0.980555 -0.196244 -0.000000 0.998553 0.053775 0.000000 0.998553 0.053775 0.000000 0.998553 0.053775 0.000000 0.998553 0.053775 0.000000 0.953808 0.300416 0.000000 0.953808 0.300416 0.000000 0.953808 0.300416 0.000000 0.953808 0.300416 0.000000 0.849132 0.528180 0.000000 0.849132 0.528180 0.000000 0.849132 0.528180 0.000000 0.849132 0.528180 0.000000 0.691102 0.722757 0.000000 0.691102 0.722757 0.000000 0.691102 0.722757 0.000000 0.691102 0.722757 0.000000 0.489647 0.871921 0.000000 0.489647 0.871921 0.000000 0.489647 0.871921 0.000000 0.489647 0.871921 0.000000 0.257426 0.966298 0.000000 0.257426 0.966298 0.000000 0.257426 0.966298 0.000000 0.257426 0.966298 0.000000 0.009030 0.999959 0.000000 0.009030 0.999959 0.000000 0.009030 0.999959 0.000000 0.009030 0.999959 0.000000 -0.239933 0.970789 0.000000 -0.239933 0.970789 0.000000 -0.239933 0.970789 0.000000 -0.239933 0.970789 0.000000 -0.473821 0.880621 0.000000 -0.473821 0.880621 0.000000 -0.473821 0.880621 0.000000 -0.473821 0.880621 0.000000 -0.677936 0.735121 0.000000 -0.677936 0.735121 0.000000 -0.677936 0.735121 0.000000 -0.677936 0.735121 0.000000 -0.839455 0.543430 0.000000 -0.839455 0.543430 0.000000 -0.839455 0.543430 0.000000 -0.839455 0.543430 0.000000 -0.948227 0.317593 0.000000 -0.948227 0.317593 0.000000 -0.948227 0.317593 0.000000 -0.948227 0.317593 0.000000 -0.997419 0.071801 0.000000 -0.997419 0.071801 0.000000 -0.997419 0.071801 0.000000 -0.997419 0.071801 0.000000 -0.983939 -0.178503 -0.000000 -0.983939 -0.178503 -0.000000 -0.983939 -0.178503 -0.000000 -0.983939 -0.178503 -0.000000 -0.908635 -0.417591 -0.000000 -0.908635 -0.417591 -0.000000 -0.908635 -0.417591 -0.000000 -0.908635 -0.417591 -0.000000 -0.776238 -0.630440 -0.000000 -0.776238 -0.630440 -0.000000 -0.776238 -0.630440 -0.000000 -0.776238 -0.630440 -0.000000 0.839455 0.543430 0.000000 0.839455 0.543430 0.000000 0.839455 0.543430 0.000000 0.839455 0.543430 0.000000 0.476939 -0.878936 -0.000000 0.476939 -0.878936 -0.000000 0.476939 -0.878936 -0.000000 0.476939 -0.878936 -0.000000 0.243372 -0.969933 -0.000000 0.243372 -0.969933 -0.000000 0.243372 -0.969933 -0.000000 0.243372 -0.969933 -0.000000 -0.005486 -0.999985 -0.000000 -0.005486 -0.999985 -0.000000 -0.005486 -0.999985 -0.000000 -0.005486 -0.999985 -0.000000 -0.254000 -0.967204 -0.000000 -0.254000 -0.967204 -0.000000 -0.254000 -0.967204 -0.000000 -0.254000 -0.967204 -0.000000 -0.486554 -0.873651 -0.000000 -0.486554 -0.873651 -0.000000 -0.486554 -0.873651 -0.000000 -0.486554 -0.873651 -0.000000 -0.767005 0.641642 0.000000 -0.767005 0.641642 0.000000 -0.767005 0.641642 0.000000 -0.767005 0.641642 0.000000 -0.902478 0.430737 0.000000 -0.902478 0.430737 0.000000 -0.902478 0.430737 0.000000 -0.902478 0.430737 0.000000 -0.981244 0.192767 0.000000 -0.981244 0.192767 0.000000 -0.981244 0.192767 0.000000 -0.981244 0.192767 0.000000 -0.998356 -0.057314 0.000000 -0.998356 -0.057314 0.000000 -0.998356 -0.057314 0.000000 -0.998356 -0.057314 0.000000 -0.952738 -0.303795 -0.000000 -0.952738 -0.303795 -0.000000 -0.952738 -0.303795 -0.000000 -0.952738 -0.303795 -0.000000 -0.847255 -0.531187 -0.000000 -0.847255 -0.531187 -0.000000 -0.847255 -0.531187 -0.000000 -0.847255 -0.531187 -0.000000 -0.688536 -0.725202 -0.000000 -0.688536 -0.725202 -0.000000 -0.688536 -0.725202 -0.000000 -0.688536 -0.725202 -0.000000 0.978148 -0.207912 -0.000000 0.978148 -0.207912 -0.000000 1.000000 -0.000000 0.000000 1.000000 -0.000000 0.000000 0.978148 0.207912 0.000000 0.978148 0.207912 0.000000 0.913545 0.406737 0.000000 0.913545 0.406737 0.000000 0.809017 0.587785 0.000000 0.809017 0.587785 0.000000 0.669131 0.743145 0.000000 0.669131 0.743145 0.000000 0.500000 0.866025 0.000000 0.500000 0.866025 0.000000 0.309017 0.951057 0.000000 0.309017 0.951057 0.000000 0.104528 0.994522 0.000000 0.104528 0.994522 0.000000 -0.104528 0.994522 0.000000 -0.104528 0.994522 0.000000 -0.309017 0.951057 0.000000 -0.309017 0.951057 0.000000 -0.500000 0.866025 0.000000 -0.500000 0.866025 0.000000 -0.669131 0.743145 0.000000 -0.669131 0.743145 0.000000 -0.809017 0.587785 0.000000 -0.809017 0.587785 0.000000 -0.913545 0.406737 0.000000 -0.913545 0.406737 0.000000 -0.978148 0.207912 0.000000 -0.978148 0.207912 0.000000 -1.000000 0.000000 -0.000000 -1.000000 0.000000 -0.000000 -0.978148 -0.207912 -0.000000 -0.978148 -0.207912 -0.000000 -0.913545 -0.406737 -0.000000 -0.913545 -0.406737 -0.000000 -0.809017 -0.587785 -0.000000 -0.809017 -0.587785 -0.000000 -0.669131 -0.743145 -0.000000 -0.669131 -0.743145 -0.000000 -0.500000 -0.866025 -0.000000 -0.500000 -0.866025 -0.000000 -0.309017 -0.951057 -0.000000 -0.309017 -0.951057 -0.000000 -0.104528 -0.994522 -0.000000 -0.104528 -0.994522 -0.000000 0.104528 -0.994522 -0.000000 0.104528 -0.994522 -0.000000 0.309017 -0.951057 -0.000000 0.309017 -0.951057 -0.000000 0.500000 -0.866025 -0.000000 0.500000 -0.866025 -0.000000 0.669131 -0.743145 -0.000000 0.669131 -0.743145 -0.000000 0.809017 -0.587785 -0.000000 0.809017 -0.587785 -0.000000 0.913545 -0.406737 -0.000000 0.913545 -0.406737 -0.000000 0.970942 -0.239316 -0.000000 0.970942 -0.239316 -0.000000 1.000000 -0.000000 0.000000 1.000000 -0.000000 0.000000 0.970942 0.239316 0.000000 0.970942 0.239316 0.000000 0.885456 0.464723 0.000000 0.885456 0.464723 0.000000 0.748511 0.663123 0.000000 0.748511 0.663123 0.000000 0.568065 0.822984 0.000000 0.568065 0.822984 0.000000 0.354605 0.935016 0.000000 0.354605 0.935016 0.000000 0.120537 0.992709 0.000000 0.120537 0.992709 0.000000 -0.120537 0.992709 0.000000 -0.120537 0.992709 0.000000 -0.354605 0.935016 0.000000 -0.354605 0.935016 0.000000 -0.568065 0.822984 0.000000 -0.568065 0.822984 0.000000 -0.748511 0.663123 0.000000 -0.748511 0.663123 0.000000 -0.885456 0.464723 0.000000 -0.885456 0.464723 0.000000 -0.970942 0.239316 0.000000 -0.970942 0.239316 0.000000 -1.000000 0.000000 -0.000000 -1.000000 0.000000 -0.000000 -0.970942 -0.239316 -0.000000 -0.970942 -0.239316 -0.000000 -0.885456 -0.464723 -0.000000 -0.885456 -0.464723 -0.000000 -0.748511 -0.663123 -0.000000 -0.748511 -0.663123 -0.000000 -0.568065 -0.822984 -0.000000 -0.568065 -0.822984 -0.000000 -0.354605 -0.935016 -0.000000 -0.354605 -0.935016 -0.000000 -0.120537 -0.992709 -0.000000 -0.120537 -0.992709 -0.000000 0.120537 -0.992709 -0.000000 0.120537 -0.992709 -0.000000 0.354605 -0.935016 -0.000000 0.354605 -0.935016 -0.000000 0.568065 -0.822984 -0.000000 0.568065 -0.822984 -0.000000 0.748511 -0.663123 -0.000000 0.748511 -0.663123 -0.000000 0.885456 -0.464723 -0.000000 0.885456 -0.464723 -0.000000 0.000000 1.000000 0.000000 -0.000000 1.000000 0.000000 -0.156434 0.987688 0.000000 -0.156434 0.987688 0.000000 -0.309017 0.951057 0.000000 -0.309017 0.951057 0.000000 -0.453990 0.891007 0.000000 -0.453990 0.891007 0.000000 -0.587785 0.809017 0.000000 -0.587785 0.809017 0.000000 -0.707107 0.707107 0.000000 -0.707107 0.707107 0.000000 -0.809017 0.587785 0.000000 -0.809017 0.587785 0.000000 -0.891007 0.453990 0.000000 -0.891007 0.453990 0.000000 -0.951057 0.309017 0.000000 -0.951057 0.309017 0.000000 -0.987688 0.156434 0.000000 -0.987688 0.156434 0.000000 -1.000000 0.000000 -0.000000 -1.000000 0.000000 -0.000000 0.965926 0.258819 0.000000 0.965926 0.258819 0.000000 1.000000 -0.000000 0.000000 1.000000 -0.000000 0.000000 0.965926 -0.258819 -0.000000 0.965926 -0.258819 -0.000000 0.866025 -0.500000 -0.000000 0.866025 -0.500000 -0.000000 0.707107 -0.707107 -0.000000 0.707107 -0.707107 -0.000000 0.500000 -0.866025 -0.000000 0.500000 -0.866025 -0.000000 0.258819 -0.965926 -0.000000 0.258819 -0.965926 -0.000000 -0.000000 -1.000000 -0.000000 -0.000000 -1.000000 -0.000000 -0.258819 -0.965926 -0.000000 -0.258819 -0.965926 -0.000000 -0.500000 -0.866025 -0.000000 -0.500000 -0.866025 -0.000000 -0.707107 -0.707107 -0.000000 -0.707107 -0.707107 -0.000000 -0.866025 -0.500000 -0.000000 -0.866025 -0.500000 -0.000000 -0.965926 -0.258819 -0.000000 -0.965926 -0.258819 -0.000000 -1.000000 0.000000 -0.000000 -1.000000 0.000000 -0.000000 -0.965926 0.258819 0.000000 -0.965926 0.258819 0.000000 -0.866025 0.500000 0.000000 -0.866025 0.500000 0.000000 -0.707107 0.707107 0.000000 -0.707107 0.707107 0.000000 -0.500000 0.866025 0.000000 -0.500000 0.866025 0.000000 -0.258819 0.965926 0.000000 -0.258819 0.965926 0.000000 0.000000 1.000000 0.000000 0.000000 1.000000 0.000000 0.258819 0.965926 0.000000 0.258819 0.965926 0.000000 0.500000 0.866025 0.000000 0.500000 0.866025 0.000000 0.707107 0.707107 0.000000 0.707107 0.707107 0.000000 0.866025 0.500000 0.000000 0.866025 0.500000 0.000000 -1.000000 0.000000 -0.000000 -1.000000 0.000000 -0.000000 0.000000 0.000000 -1.000000 0.000000 0.000000 -1.000000 0.000000 0.000000 -1.000000 0.000000 0.000000 -1.000000 0.000000 0.000000 -1.000000 0.000000 0.000000 -1.000000 0.000000 0.000000 -1.000000 0.000000 0.000000 -1.000000 0.000000 0.000000 -1.000000 0.000000 0.000000 -1.000000 0.000000 0.000000 -1.000000 0.000000 0.000000 -1.000000 0.000000 0.000000 -1.000000 0.000000 0.000000 -1.000000 0.000000 0.000000 -1.000000 0.000000 0.000000 -1.000000 0.000000 0.000000 -1.000000 0.000000 0.000000 -1.000000 0.000000 0.000000 -1.000000 0.000000 0.000000 -1.000000 0.000000 0.000000 -1.000000 0.000000 0.000000 -1.000000 0.000000 0.000000 -1.000000 0.000000 0.000000 -1.000000 0.000000 0.000000 -1.000000 0.000000 0.000000 -1.000000 0.000000 0.000000 -1.000000 0.000000 0.000000 -1.000000 0.000000 0.000000 -1.000000 0.000000 0.000000 -1.000000 0.000000 0.000000 -1.000000 0.000000 0.000000 -1.000000 0.000000 0.000000 -1.000000 0.000000 0.000000 -1.000000 0.000000 0.000000 -1.000000 0.000000 0.000000 -1.000000 0.000000 0.000000 -1.000000 0.000000 0.000000 -1.000000 0.000000 0.000000 -1.000000 0.000000 0.000000 -1.000000 0.000000 0.000000 -1.000000 0.000000 0.000000 -1.000000 0.000000 0.000000 -1.000000 0.000000 0.000000 -1.000000 0.000000 0.000000 -1.000000 0.000000 0.000000 -1.000000 0.000000 0.000000 -1.000000 0.000000 0.000000 -1.000000 0.000000 0.000000 -1.000000 0.000000 0.000000 -1.000000 0.000000 0.000000 -1.000000 0.000000 0.000000 -1.000000 0.000000 0.000000 -1.000000 0.000000 0.000000 -1.000000 0.000000 0.000000 -1.000000 0.000000 0.000000 -1.000000 0.000000 0.000000 -1.000000 0.000000 0.000000 -1.000000 0.000000 0.000000 -1.000000 0.000000 0.000000 -1.000000 0.000000 0.000000 -1.000000 0.000000 0.000000 -1.000000 0.000000 0.000000 -1.000000 0.000000 0.000000 -1.000000 0.000000 0.000000 -1.000000 0.000000 0.000000 -1.000000 0.000000 0.000000 -1.000000 0.000000 0.000000 -1.000000 0.000000 0.000000 -1.000000 0.000000 0.000000 -1.000000 0.000000 0.000000 -1.000000 0.000000 0.000000 -1.000000 0.000000 0.000000 -1.000000 0.000000 0.000000 -1.000000 0.000000 0.000000 -1.000000 0.000000 0.000000 -1.000000 0.000000 0.000000 -1.000000 0.000000 0.000000 -1.000000 0.000000 0.000000 -1.000000 0.000000 0.000000 -1.000000 0.000000 0.000000 -1.000000 0.000000 0.000000 -1.000000 0.000000 0.000000 -1.000000 0.000000 0.000000 -1.000000 0.000000 0.000000 -1.000000 0.000000 0.000000 -1.000000 0.000000 0.000000 -1.000000 0.000000 0.000000 -1.000000 0.000000 0.000000 -1.000000 0.000000 0.000000 -1.000000 0.000000 0.000000 -1.000000 0.000000 0.000000 -1.000000 0.000000 0.000000 -1.000000 0.000000 0.000000 -1.000000 0.000000 0.000000 -1.000000 0.000000 0.000000 -1.000000 -0.987688 -0.156434 -0.000000 -0.987688 -0.156434 -0.000000 -0.951057 -0.309017 -0.000000 -0.951057 -0.309017 -0.000000 -0.891007 -0.453990 -0.000000 -0.891007 -0.453990 -0.000000 -0.809017 -0.587785 -0.000000 -0.809017 -0.587785 -0.000000 -0.707107 -0.707107 -0.000000 -0.707107 -0.707107 -0.000000 -0.587785 -0.809017 -0.000000 -0.587785 -0.809017 -0.000000 -0.453990 -0.891007 -0.000000 -0.453990 -0.891007 -0.000000 -0.309017 -0.951057 -0.000000 -0.309017 -0.951057 -0.000000 -0.156434 -0.987688 -0.000000 -0.156434 -0.987688 -0.000000 -0.000000 -0.000000 1.000000 -0.000000 -0.000000 1.000000 -0.000000 -0.000000 1.000000 -0.000000 -0.000000 1.000000 -0.000000 -0.000000 1.000000 -0.000000 -0.000000 1.000000 -0.000000 -0.000000 1.000000 -0.000000 -0.000000 1.000000 -0.000000 -0.000000 1.000000 -0.000000 -0.000000 1.000000 -0.000000 -0.000000 1.000000 -0.000000 -0.000000 1.000000 -0.000000 -0.000000 1.000000 -0.000000 -0.000000 1.000000 -0.000000 -0.000000 1.000000 -0.000000 -0.000000 1.000000 -0.000000 -0.000000 1.000000 -0.000000 -0.000000 1.000000 -0.000000 -0.000000 1.000000 -0.000000 -0.000000 1.000000 -0.000000 -0.000000 1.000000 -0.000000 -0.000000 1.000000 -0.000000 -0.000000 1.000000 -0.000000 -0.000000 1.000000 -0.000000 -0.000000 1.000000 -0.000000 -0.000000 1.000000 -0.000000 -0.000000 1.000000 -0.000000 -0.000000 1.000000 -0.000000 -0.000000 1.000000 -0.000000 -0.000000 1.000000 -0.000000 -0.000000 1.000000 -0.000000 -0.000000 1.000000 -0.000000 -0.000000 1.000000 -0.000000 -0.000000 1.000000 -0.000000 -0.000000 1.000000 -0.000000 -0.000000 1.000000 -0.000000 -0.000000 1.000000 -0.000000 -0.000000 1.000000 -0.000000 -0.000000 1.000000 -0.000000 -0.000000 1.000000 -0.000000 -0.000000 1.000000 -0.000000 -0.000000 1.000000 -0.000000 -0.000000 1.000000 -0.000000 -0.000000 1.000000 -0.000000 -0.000000 1.000000 -0.000000 -0.000000 1.000000 -0.000000 -0.000000 1.000000 -0.000000 -0.000000 1.000000 0.965926 0.258819 0.000000 0.965926 0.258819 0.000000 1.000000 -0.000000 0.000000 1.000000 -0.000000 0.000000 0.965926 -0.258819 -0.000000 0.965926 -0.258819 -0.000000 0.866025 -0.500000 -0.000000 0.866025 -0.500000 -0.000000 0.707107 -0.707107 -0.000000 0.707107 -0.707107 -0.000000 0.500000 -0.866025 -0.000000 0.500000 -0.866025 -0.000000 0.258819 -0.965926 -0.000000 0.258819 -0.965926 -0.000000 -0.000000 -1.000000 -0.000000 -0.000000 -1.000000 -0.000000 -0.258819 -0.965926 -0.000000 -0.258819 -0.965926 -0.000000 -0.500000 -0.866025 -0.000000 -0.500000 -0.866025 -0.000000 -0.707107 -0.707107 -0.000000 -0.707107 -0.707107 -0.000000 -0.866025 -0.500000 -0.000000 -0.866025 -0.500000 -0.000000 -0.965926 -0.258819 -0.000000 -0.965926 -0.258819 -0.000000 -1.000000 0.000000 -0.000000 -1.000000 0.000000 -0.000000 -0.965926 0.258819 0.000000 -0.965926 0.258819 0.000000 -0.866025 0.500000 0.000000 -0.866025 0.500000 0.000000 -0.707107 0.707107 0.000000 -0.707107 0.707107 0.000000 -0.500000 0.866025 0.000000 -0.500000 0.866025 0.000000 -0.258819 0.965926 0.000000 -0.258819 0.965926 0.000000 0.000000 1.000000 0.000000 0.000000 1.000000 0.000000 0.258819 0.965926 0.000000 0.258819 0.965926 0.000000 0.500000 0.866025 0.000000 0.500000 0.866025 0.000000 0.707107 0.707107 0.000000 0.707107 0.707107 0.000000 0.866025 0.500000 0.000000 0.866025 0.500000 0.000000 0.000000 -0.000000 1.000000 0.000000 -0.000000 1.000000 0.000000 -0.000000 1.000000 0.000000 -0.000000 1.000000 0.000000 -0.000000 1.000000 0.000000 -0.000000 1.000000 0.000000 -0.000000 1.000000 0.000000 -0.000000 1.000000 0.000000 -0.000000 1.000000 0.000000 -0.000000 1.000000 0.000000 -0.000000 1.000000 0.000000 -0.000000 1.000000 0.000000 -0.000000 1.000000 0.000000 -0.000000 1.000000 0.000000 -0.000000 1.000000 0.000000 -0.000000 1.000000 0.000000 -0.000000 1.000000 0.000000 -0.000000 1.000000 0.000000 -0.000000 1.000000 0.000000 -0.000000 1.000000 0.000000 -0.000000 1.000000 0.000000 -0.000000 1.000000 0.000000 -0.000000 1.000000 0.000000 -0.000000 1.000000 0.000000 -0.000000 1.000000 0.000000 -0.000000 1.000000 0.000000 -0.000000 1.000000 0.000000 -0.000000 1.000000 0.000000 -0.000000 1.000000 0.000000 -0.000000 1.000000 0.000000 -0.000000 1.000000 0.000000 -0.000000 1.000000 0.000000 -0.000000 1.000000 0.000000 -0.000000 1.000000 0.000000 -0.000000 1.000000 0.000000 -0.000000 1.000000 0.000000 -0.000000 1.000000 0.000000 -0.000000 1.000000 0.000000 -0.000000 1.000000 0.000000 -0.000000 1.000000 0.000000 -0.000000 1.000000 0.000000 -0.000000 1.000000 0.000000 -0.000000 1.000000 0.000000 -0.000000 1.000000 0.000000 -0.000000 1.000000 0.000000 -0.000000 1.000000 0.000000 -0.000000 1.000000 0.000000 -0.000000 1.000000 0.258819 0.965926 0.000000 0.258819 0.965926 0.000000 0.000000 1.000000 0.000000 0.000000 1.000000 0.000000 -0.258819 0.965926 0.000000 -0.258819 0.965926 0.000000 -0.500000 0.866025 0.000000 -0.500000 0.866025 0.000000 -0.707107 0.707107 0.000000 -0.707107 0.707107 0.000000 -0.866025 0.500000 0.000000 -0.866025 0.500000 0.000000 -0.965926 0.258819 0.000000 -0.965926 0.258819 0.000000 -1.000000 0.000000 0.000000 -1.000000 0.000000 0.000000 -0.965926 -0.258819 0.000000 -0.965926 -0.258819 0.000000 -0.866025 -0.500000 0.000000 -0.866025 -0.500000 0.000000 -0.707107 -0.707107 0.000000 -0.707107 -0.707107 0.000000 -0.500000 -0.866025 -0.000000 -0.500000 -0.866025 -0.000000 -0.258819 -0.965926 -0.000000 -0.258819 -0.965926 -0.000000 -0.000000 -1.000000 -0.000000 -0.000000 -1.000000 -0.000000 0.258819 -0.965926 -0.000000 0.258819 -0.965926 -0.000000 0.500000 -0.866025 -0.000000 0.500000 -0.866025 -0.000000 0.707107 -0.707107 -0.000000 0.707107 -0.707107 -0.000000 0.866025 -0.500000 -0.000000 0.866025 -0.500000 -0.000000 0.965926 -0.258819 -0.000000 0.965926 -0.258819 -0.000000 1.000000 -0.000000 -0.000000 1.000000 -0.000000 -0.000000 0.965926 0.258819 -0.000000 0.965926 0.258819 -0.000000 0.866025 0.500000 -0.000000 0.866025 0.500000 -0.000000 0.707107 0.707107 -0.000000 0.707107 0.707107 -0.000000 0.500000 0.866025 0.000000 0.500000 0.866025 0.000000 -0.258819 0.965926 0.000000 0.000000 1.000000 0.000000 0.258819 0.965926 0.000000 0.500000 0.866025 0.000000 0.707107 0.707107 -0.000000 0.866025 0.500000 -0.000000 0.965926 0.258819 -0.000000 1.000000 -0.000000 -0.000000 0.965926 -0.258819 -0.000000 0.866025 -0.500000 -0.000000 0.707107 -0.707107 -0.000000 0.500000 -0.866025 -0.000000 0.258819 -0.965926 -0.000000 0.000000 -1.000000 -0.000000 -0.258819 -0.965926 -0.000000 -0.500000 -0.866025 -0.000000 -0.707107 -0.707107 0.000000 -0.866025 -0.500000 0.000000 -0.965926 -0.258819 0.000000 -1.000000 0.000000 0.000000 -0.965926 0.258819 0.000000 -0.866025 0.500000 0.000000 -0.707107 0.707107 0.000000 -0.500000 0.866025 0.000000 0.248690 -0.968583 -0.000000 0.248690 -0.968583 -0.000000 -0.000000 -1.000000 -0.000000 -0.000000 -1.000000 -0.000000 -0.248690 -0.968583 -0.000000 -0.248690 -0.968583 -0.000000 -0.481754 -0.876307 -0.000000 -0.481754 -0.876307 -0.000000 -0.684547 -0.728969 -0.000000 -0.684547 -0.728969 -0.000000 -0.844328 -0.535827 0.000000 -0.844328 -0.535827 0.000000 -0.951057 -0.309017 0.000000 -0.951057 -0.309017 0.000000 -0.998027 -0.062791 0.000000 -0.998027 -0.062791 0.000000 -0.982287 0.187381 0.000000 -0.982287 0.187381 0.000000 -0.904827 0.425779 0.000000 -0.904827 0.425779 0.000000 -0.770513 0.637424 0.000000 -0.770513 0.637424 0.000000 -0.587785 0.809017 0.000000 -0.587785 0.809017 0.000000 -0.368125 0.929776 0.000000 -0.368125 0.929776 0.000000 -0.125333 0.992115 0.000000 -0.125333 0.992115 0.000000 0.125333 0.992115 0.000000 0.125333 0.992115 0.000000 0.368125 0.929776 0.000000 0.368125 0.929776 0.000000 0.587785 0.809017 0.000000 0.587785 0.809017 0.000000 0.770513 0.637424 -0.000000 0.770513 0.637424 -0.000000 0.904827 0.425779 -0.000000 0.904827 0.425779 -0.000000 0.982287 0.187381 -0.000000 0.982287 0.187381 -0.000000 0.998027 -0.062791 -0.000000 0.998027 -0.062791 -0.000000 0.951057 -0.309017 -0.000000 0.951057 -0.309017 -0.000000 0.844328 -0.535827 -0.000000 0.844328 -0.535827 -0.000000 0.684547 -0.728969 -0.000000 0.684547 -0.728969 -0.000000 0.481754 -0.876307 -0.000000 0.481754 -0.876307 -0.000000 -0.207912 0.978148 0.000000 -0.207912 0.978148 0.000000 0.000000 1.000000 0.000000 0.000000 1.000000 0.000000 0.207912 0.978148 0.000000 0.207912 0.978148 0.000000 0.406737 0.913545 0.000000 0.406737 0.913545 0.000000 0.587785 0.809017 0.000000 0.587785 0.809017 0.000000 0.743145 0.669131 -0.000000 0.743145 0.669131 -0.000000 0.866025 0.500000 -0.000000 0.866025 0.500000 -0.000000 0.951057 0.309017 -0.000000 0.951057 0.309017 -0.000000 0.994522 0.104528 -0.000000 0.994522 0.104528 -0.000000 0.994522 -0.104528 -0.000000 0.994522 -0.104528 -0.000000 0.951057 -0.309017 -0.000000 0.951057 -0.309017 -0.000000 0.866025 -0.500000 -0.000000 0.866025 -0.500000 -0.000000 0.743145 -0.669131 -0.000000 0.743145 -0.669131 -0.000000 0.587785 -0.809017 -0.000000 0.587785 -0.809017 -0.000000 0.406737 -0.913545 -0.000000 0.406737 -0.913545 -0.000000 0.207912 -0.978148 -0.000000 0.207912 -0.978148 -0.000000 -0.000000 -1.000000 -0.000000 -0.000000 -1.000000 -0.000000 -0.207912 -0.978148 -0.000000 -0.207912 -0.978148 -0.000000 -0.406737 -0.913545 -0.000000 -0.406737 -0.913545 -0.000000 -0.587785 -0.809017 -0.000000 -0.587785 -0.809017 -0.000000 -0.743145 -0.669131 0.000000 -0.743145 -0.669131 0.000000 -0.866025 -0.500000 0.000000 -0.866025 -0.500000 0.000000 -0.951057 -0.309017 0.000000 -0.951057 -0.309017 0.000000 -0.994522 -0.104528 0.000000 -0.994522 -0.104528 0.000000 -0.994522 0.104528 0.000000 -0.994522 0.104528 0.000000 -0.951057 0.309017 0.000000 -0.951057 0.309017 0.000000 -0.866025 0.500000 0.000000 -0.866025 0.500000 0.000000 -0.743145 0.669131 0.000000 -0.743145 0.669131 0.000000 -0.587785 0.809017 0.000000 -0.587785 0.809017 0.000000 -0.406737 0.913545 0.000000 -0.406737 0.913545 0.000000 -0.000000 0.000000 -1.000000 -0.000000 0.000000 -1.000000 -0.000000 0.000000 -1.000000 -0.000000 0.000000 -1.000000 -0.000000 0.000000 -1.000000 -0.000000 0.000000 -1.000000 -0.000000 0.000000 -1.000000 -0.000000 0.000000 -1.000000 -0.000000 0.000000 -1.000000 -0.000000 0.000000 -1.000000 -0.000000 0.000000 -1.000000 -0.000000 0.000000 -1.000000 -0.000000 0.000000 -1.000000 -0.000000 0.000000 -1.000000 -0.000000 0.000000 -1.000000 -0.000000 0.000000 -1.000000 -0.000000 0.000000 -1.000000 -0.000000 0.000000 -1.000000 -0.000000 0.000000 -1.000000 -0.000000 0.000000 -1.000000 -0.000000 0.000000 -1.000000 -0.000000 0.000000 -1.000000 -0.000000 0.000000 -1.000000 -0.000000 0.000000 -1.000000 -0.000000 0.000000 -1.000000 -0.000000 0.000000 -1.000000 -0.000000 0.000000 -1.000000 -0.000000 0.000000 -1.000000 -0.000000 0.000000 -1.000000 -0.000000 0.000000 -1.000000 -0.000000 0.000000 -1.000000 -0.000000 0.000000 -1.000000 -0.000000 0.000000 -1.000000 -0.000000 0.000000 -1.000000 -0.000000 0.000000 -1.000000 -0.000000 0.000000 -1.000000 -0.000000 0.000000 -1.000000 -0.000000 0.000000 -1.000000 -0.000000 0.000000 -1.000000 -0.000000 0.000000 -1.000000 -0.000000 0.000000 -1.000000 -0.000000 0.000000 -1.000000 -0.000000 0.000000 -1.000000 -0.000000 0.000000 -1.000000 -0.000000 0.000000 -1.000000 -0.000000 0.000000 -1.000000 -0.000000 0.000000 -1.000000 -0.000000 0.000000 -1.000000 -0.000000 0.000000 -1.000000 -0.000000 0.000000 -1.000000 -0.000000 0.000000 -1.000000 -0.000000 0.000000 -1.000000 -0.000000 0.000000 -1.000000 -0.000000 0.000000 -1.000000 -0.000000 0.000000 -1.000000 1.000000 -0.000000 0.000000 1.000000 -0.000000 0.000000 1.000000 -0.000000 0.000000 1.000000 -0.000000 0.000000 1.000000 -0.000000 0.000000 1.000000 -0.000000 0.000000 1.000000 -0.000000 0.000000 1.000000 -0.000000 0.000000 -0.965926 0.258819 0.000000 -0.965926 0.258819 0.000000 -1.000000 0.000000 -0.000000 -1.000000 0.000000 -0.000000 -0.965926 -0.258819 -0.000000 -0.965926 -0.258819 -0.000000 -0.866025 -0.500000 -0.000000 -0.866025 -0.500000 -0.000000 -0.707107 -0.707107 -0.000000 -0.707107 -0.707107 -0.000000 -0.500000 -0.866025 -0.000000 -0.500000 -0.866025 -0.000000 -0.258819 -0.965926 -0.000000 -0.258819 -0.965926 -0.000000 -0.000000 -1.000000 -0.000000 -0.000000 -1.000000 -0.000000 0.258819 -0.965926 -0.000000 0.258819 -0.965926 -0.000000 0.500000 -0.866025 -0.000000 0.500000 -0.866025 -0.000000 0.707107 -0.707107 -0.000000 0.707107 -0.707107 -0.000000 0.866025 -0.500000 -0.000000 0.866025 -0.500000 -0.000000 0.965926 -0.258819 -0.000000 0.965926 -0.258819 -0.000000 1.000000 0.000000 0.000000 1.000000 -0.000000 0.000000 0.965926 0.258819 0.000000 0.965926 0.258819 0.000000 0.866025 0.500000 0.000000 0.866025 0.500000 0.000000 0.707107 0.707107 0.000000 0.707107 0.707107 0.000000 0.500000 0.866025 0.000000 0.500000 0.866025 0.000000 0.258819 0.965926 0.000000 0.258819 0.965926 0.000000 0.000000 1.000000 0.000000 0.000000 1.000000 0.000000 -0.258819 0.965926 0.000000 -0.258819 0.965926 0.000000 -0.500000 0.866025 0.000000 -0.500000 0.866025 0.000000 -0.707107 0.707107 0.000000 -0.707107 0.707107 0.000000 -0.866025 0.500000 0.000000 -0.866025 0.500000 0.000000 -1.000000 0.000000 -0.000000 -1.000000 0.000000 -0.000000 -1.000000 0.000000 -0.000000 -1.000000 0.000000 -0.000000 -1.000000 0.000000 -0.000000 -1.000000 0.000000 -0.000000 -0.987688 -0.156434 0.000000 -0.987688 -0.156434 0.000000 -0.951057 -0.309017 0.000000 -0.951057 -0.309017 0.000000 -0.891007 -0.453990 0.000000 -0.891007 -0.453990 0.000000 -0.809017 -0.587785 0.000000 -0.809017 -0.587785 0.000000 -0.707107 -0.707107 0.000000 -0.707107 -0.707107 0.000000 -0.587785 -0.809017 0.000000 -0.587785 -0.809017 0.000000 -0.453990 -0.891007 0.000000 -0.453990 -0.891007 0.000000 -0.309017 -0.951057 0.000000 -0.309017 -0.951057 0.000000 -0.156434 -0.987688 0.000000 -0.156434 -0.987688 0.000000 -0.000000 0.000000 1.000000 -0.000000 0.000000 1.000000 -0.000000 0.000000 1.000000 -0.000000 0.000000 1.000000 -0.000000 0.000000 1.000000 -0.000000 0.000000 1.000000 -0.000000 0.000000 1.000000 -0.000000 0.000000 1.000000 -0.000000 0.000000 1.000000 -0.000000 0.000000 1.000000 -0.000000 0.000000 1.000000 -0.000000 0.000000 1.000000 -0.000000 0.000000 1.000000 -0.000000 0.000000 1.000000 -0.000000 0.000000 1.000000 -0.000000 0.000000 1.000000 -0.000000 0.000000 1.000000 -0.000000 0.000000 1.000000 -0.000000 0.000000 1.000000 -0.000000 0.000000 1.000000 -0.000000 0.000000 1.000000 -0.000000 0.000000 1.000000 -0.000000 0.000000 1.000000 -0.000000 0.000000 1.000000 -0.000000 0.000000 1.000000 -0.000000 0.000000 1.000000 -0.000000 0.000000 1.000000 -0.000000 0.000000 1.000000 -0.000000 0.000000 1.000000 -0.000000 0.000000 1.000000 -0.000000 0.000000 1.000000 -0.000000 0.000000 1.000000 -0.000000 0.000000 1.000000 -0.000000 0.000000 1.000000 -0.000000 0.000000 1.000000 -0.000000 0.000000 1.000000 -0.000000 0.000000 1.000000 -0.000000 0.000000 1.000000 -0.000000 0.000000 1.000000 -0.000000 0.000000 1.000000 -0.000000 0.000000 1.000000 -0.000000 0.000000 1.000000 -0.000000 0.000000 1.000000 -0.000000 0.000000 1.000000 -0.000000 0.000000 1.000000 -0.000000 0.000000 1.000000 -0.000000 0.000000 1.000000 -0.000000 0.000000 1.000000 -1.000000 0.000000 -0.000000 -1.000000 0.000000 -0.000000 0.000000 1.000000 -0.000000 0.000000 1.000000 -0.000000 -0.156434 0.987688 -0.000000 -0.156434 0.987688 -0.000000 -0.309017 0.951057 -0.000000 -0.309017 0.951057 -0.000000 -0.453990 0.891007 -0.000000 -0.453990 0.891007 -0.000000 -0.587785 0.809017 -0.000000 -0.587785 0.809017 -0.000000 -0.707107 0.707107 -0.000000 -0.707107 0.707107 -0.000000 -0.809017 0.587785 -0.000000 -0.809017 0.587785 -0.000000 -0.891007 0.453990 -0.000000 -0.891007 0.453990 -0.000000 -0.951057 0.309017 -0.000000 -0.951057 0.309017 -0.000000 -0.987688 0.156434 -0.000000 -0.987688 0.156434 -0.000000 0.000000 -0.000000 -1.000000 0.000000 -0.000000 -1.000000 0.000000 -0.000000 -1.000000 0.000000 -0.000000 -1.000000 0.000000 -0.000000 -1.000000 0.000000 -0.000000 -1.000000 0.000000 -0.000000 -1.000000 0.000000 -0.000000 -1.000000 0.000000 -0.000000 -1.000000 0.000000 -0.000000 -1.000000 0.000000 -0.000000 -1.000000 0.000000 -0.000000 -1.000000 0.000000 -0.000000 -1.000000 0.000000 -0.000000 -1.000000 0.000000 -0.000000 -1.000000 0.000000 -0.000000 -1.000000 0.000000 -0.000000 -1.000000 0.000000 -0.000000 -1.000000 0.000000 -0.000000 -1.000000 0.000000 -0.000000 -1.000000 0.000000 -0.000000 -1.000000 0.000000 -0.000000 -1.000000 0.000000 -0.000000 -1.000000 0.000000 -0.000000 -1.000000 0.000000 -0.000000 -1.000000 0.000000 -0.000000 -1.000000 0.000000 -0.000000 -1.000000 0.000000 -0.000000 -1.000000 0.000000 -0.000000 -1.000000 0.000000 -0.000000 -1.000000 0.000000 -0.000000 -1.000000 0.000000 -0.000000 -1.000000 0.000000 -0.000000 -1.000000 0.000000 -0.000000 -1.000000 0.000000 -0.000000 -1.000000 0.000000 -0.000000 -1.000000 0.000000 -0.000000 -1.000000 0.000000 -0.000000 -1.000000 0.000000 -0.000000 -1.000000 0.000000 -0.000000 -1.000000 0.000000 -0.000000 -1.000000 0.000000 -0.000000 -1.000000 0.000000 -0.000000 -1.000000 0.000000 -0.000000 -1.000000 0.000000 -0.000000 -1.000000 0.000000 -0.000000 -1.000000 0.000000 -0.000000 -1.000000 0.000000 -0.000000 -1.000000 0.000000 -0.000000 -1.000000 0.000000 -0.000000 -1.000000 0.000000 -0.000000 -1.000000 0.000000 -0.000000 -1.000000 0.000000 -0.000000 -1.000000 0.000000 -0.000000 -1.000000 0.000000 0.000000 -1.000000 0.000000 0.000000 -1.000000 0.000000 0.000000 -1.000000 0.000000 0.000000 -1.000000 0.000000 0.000000 -1.000000 0.000000 0.000000 -1.000000 0.000000 0.000000 -1.000000 0.000000 0.000000 -1.000000 0.000000 0.000000 -1.000000 0.000000 0.000000 -1.000000 0.000000 0.000000 -1.000000 0.000000 0.000000 -1.000000 0.000000 0.000000 -1.000000 0.000000 0.000000 -1.000000 0.000000 0.000000 -1.000000 0.000000 0.000000 -1.000000 0.000000 0.000000 -1.000000 0.000000 0.000000 -1.000000 0.000000 0.000000 -1.000000 0.000000 0.000000 -1.000000 0.000000 0.000000 -1.000000 0.000000 0.000000 -1.000000 0.000000 0.000000 -1.000000 0.000000 0.000000 -1.000000 0.965926 -0.258819 -0.000000 0.965926 -0.258819 -0.000000 1.000000 -0.000000 0.000000 1.000000 -0.000000 0.000000 0.965926 0.258819 0.000000 0.965926 0.258819 0.000000 0.866025 0.500000 0.000000 0.866025 0.500000 0.000000 0.707107 0.707107 0.000000 0.707107 0.707107 0.000000 0.500000 0.866025 0.000000 0.500000 0.866025 0.000000 0.258819 0.965926 0.000000 0.258819 0.965926 0.000000 -0.000000 1.000000 0.000000 -0.000000 1.000000 0.000000 -0.258819 0.965926 0.000000 -0.258819 0.965926 0.000000 -0.500000 0.866025 0.000000 -0.500000 0.866025 0.000000 -0.707107 0.707107 0.000000 -0.707107 0.707107 0.000000 -0.866025 0.500000 0.000000 -0.866025 0.500000 0.000000 -0.965926 0.258819 0.000000 -0.965926 0.258819 0.000000 -1.000000 -0.000000 -0.000000 -1.000000 -0.000000 -0.000000 -0.965926 -0.258819 -0.000000 -0.965926 -0.258819 -0.000000 -0.866025 -0.500000 -0.000000 -0.866025 -0.500000 -0.000000 -0.707107 -0.707107 -0.000000 -0.707107 -0.707107 -0.000000 -0.500000 -0.866025 -0.000000 -0.500000 -0.866025 -0.000000 -0.258819 -0.965926 -0.000000 -0.258819 -0.965926 -0.000000 -0.000000 -1.000000 -0.000000 -0.000000 -1.000000 -0.000000 0.258819 -0.965926 -0.000000 0.258819 -0.965926 -0.000000 0.500000 -0.866025 -0.000000 0.500000 -0.866025 -0.000000 0.707107 -0.707107 -0.000000 0.707107 -0.707107 -0.000000 0.866025 -0.500000 -0.000000 0.866025 -0.500000 -0.000000 0.965926 0.258819 0.000000 0.965926 0.258819 0.000000 1.000000 -0.000000 0.000000 1.000000 -0.000000 0.000000 0.965926 -0.258819 -0.000000 0.965926 -0.258819 -0.000000 0.866025 -0.500000 -0.000000 0.866025 -0.500000 -0.000000 0.707107 -0.707107 -0.000000 0.707107 -0.707107 -0.000000 0.500000 -0.866025 -0.000000 0.500000 -0.866025 -0.000000 0.258819 -0.965926 -0.000000 0.258819 -0.965926 -0.000000 -0.000000 -1.000000 -0.000000 -0.000000 -1.000000 -0.000000 -0.258819 -0.965926 -0.000000 -0.258819 -0.965926 -0.000000 -0.500000 -0.866025 -0.000000 -0.500000 -0.866025 -0.000000 -0.707107 -0.707107 -0.000000 -0.707107 -0.707107 -0.000000 -0.866025 -0.500000 -0.000000 -0.866025 -0.500000 -0.000000 -0.965926 -0.258819 -0.000000 -0.965926 -0.258819 -0.000000 -1.000000 0.000000 -0.000000 -1.000000 -0.000000 -0.000000 -0.965926 0.258819 0.000000 -0.965926 0.258819 0.000000 -0.866025 0.500000 0.000000 -0.866025 0.500000 0.000000 -0.707107 0.707107 0.000000 -0.707107 0.707107 0.000000 -0.500000 0.866025 0.000000 -0.500000 0.866025 0.000000 -0.258819 0.965926 0.000000 -0.258819 0.965926 0.000000 -0.000000 1.000000 0.000000 -0.000000 1.000000 0.000000 0.258819 0.965926 0.000000 0.258819 0.965926 0.000000 0.500000 0.866025 0.000000 0.500000 0.866025 0.000000 0.707107 0.707107 0.000000 0.707107 0.707107 0.000000 0.866025 0.500000 0.000000 0.866025 0.500000 0.000000 0.000000 0.000000 -1.000000 0.000000 0.000000 -1.000000 0.000000 0.000000 -1.000000 0.000000 0.000000 -1.000000 0.000000 0.000000 -1.000000 0.000000 0.000000 -1.000000 0.000000 0.000000 -1.000000 0.000000 0.000000 -1.000000 0.000000 0.000000 -1.000000 0.000000 0.000000 -1.000000 0.000000 0.000000 -1.000000 0.000000 0.000000 -1.000000 0.000000 0.000000 -1.000000 0.000000 0.000000 -1.000000 0.000000 0.000000 -1.000000 0.000000 0.000000 -1.000000 0.000000 0.000000 -1.000000 0.000000 0.000000 -1.000000 0.000000 0.000000 -1.000000 0.000000 0.000000 -1.000000 0.000000 0.000000 -1.000000 0.000000 0.000000 -1.000000 0.000000 0.000000 -1.000000 0.000000 0.000000 -1.000000 0.965926 -0.258819 -0.000000 0.965926 -0.258819 -0.000000 1.000000 -0.000000 0.000000 1.000000 -0.000000 0.000000 0.965926 0.258819 0.000000 0.965926 0.258819 0.000000 0.866025 0.500000 0.000000 0.866025 0.500000 0.000000 0.707107 0.707107 0.000000 0.707107 0.707107 0.000000 0.500000 0.866025 0.000000 0.500000 0.866025 0.000000 0.258819 0.965926 0.000000 0.258819 0.965926 0.000000 -0.000000 1.000000 0.000000 -0.000000 1.000000 0.000000 -0.258819 0.965926 0.000000 -0.258819 0.965926 0.000000 -0.500000 0.866025 0.000000 -0.500000 0.866025 0.000000 -0.707107 0.707107 0.000000 -0.707107 0.707107 0.000000 -0.866025 0.500000 0.000000 -0.866025 0.500000 0.000000 -0.965926 0.258819 0.000000 -0.965926 0.258819 0.000000 -1.000000 -0.000000 -0.000000 -1.000000 -0.000000 -0.000000 -0.965926 -0.258819 -0.000000 -0.965926 -0.258819 -0.000000 -0.866025 -0.500000 -0.000000 -0.866025 -0.500000 -0.000000 -0.707107 -0.707107 -0.000000 -0.707107 -0.707107 -0.000000 -0.500000 -0.866025 -0.000000 -0.500000 -0.866025 -0.000000 -0.258819 -0.965926 -0.000000 -0.258819 -0.965926 -0.000000 -0.000000 -1.000000 -0.000000 -0.000000 -1.000000 -0.000000 0.258819 -0.965926 -0.000000 0.258819 -0.965926 -0.000000 0.500000 -0.866025 -0.000000 0.500000 -0.866025 -0.000000 0.707107 -0.707107 -0.000000 0.707107 -0.707107 -0.000000 0.866025 -0.500000 -0.000000 0.866025 -0.500000 -0.000000 0.965926 0.258819 0.000000 0.965926 0.258819 0.000000 1.000000 -0.000000 0.000000 1.000000 -0.000000 0.000000 0.965926 -0.258819 -0.000000 0.965926 -0.258819 -0.000000 0.866025 -0.500000 -0.000000 0.866025 -0.500000 -0.000000 0.707107 -0.707107 -0.000000 0.707107 -0.707107 -0.000000 0.500000 -0.866025 -0.000000 0.500000 -0.866025 -0.000000 0.258819 -0.965926 -0.000000 0.258819 -0.965926 -0.000000 -0.000000 -1.000000 -0.000000 -0.000000 -1.000000 -0.000000 -0.258819 -0.965926 -0.000000 -0.258819 -0.965926 -0.000000 -0.500000 -0.866025 -0.000000 -0.500000 -0.866025 -0.000000 -0.707107 -0.707107 -0.000000 -0.707107 -0.707107 -0.000000 -0.866025 -0.500000 -0.000000 -0.866025 -0.500000 -0.000000 -0.965926 -0.258819 -0.000000 -0.965926 -0.258819 -0.000000 -1.000000 0.000000 -0.000000 -1.000000 0.000000 -0.000000 -0.965926 0.258819 0.000000 -0.965926 0.258819 0.000000 -0.866025 0.500000 0.000000 -0.866025 0.500000 0.000000 -0.707107 0.707107 0.000000 -0.707107 0.707107 0.000000 -0.500000 0.866025 0.000000 -0.500000 0.866025 0.000000 -0.258819 0.965926 0.000000 -0.258819 0.965926 0.000000 -0.000000 1.000000 0.000000 -0.000000 1.000000 0.000000 0.258819 0.965926 0.000000 0.258819 0.965926 0.000000 0.500000 0.866025 0.000000 0.500000 0.866025 0.000000 0.707107 0.707107 0.000000 0.707107 0.707107 0.000000 0.866025 0.500000 0.000000 0.866025 0.500000 0.000000 -0.965926 0.258819 0.000000 -0.965926 0.258819 0.000000 -1.000000 0.000000 -0.000000 -1.000000 0.000000 -0.000000 -0.965926 -0.258819 -0.000000 -0.965926 -0.258819 -0.000000 -0.866025 -0.500000 -0.000000 -0.866025 -0.500000 -0.000000 -0.707107 -0.707107 -0.000000 -0.707107 -0.707107 -0.000000 -0.500000 -0.866025 -0.000000 -0.500000 -0.866025 -0.000000 -0.258819 -0.965926 -0.000000 -0.258819 -0.965926 -0.000000 -0.000000 -1.000000 -0.000000 -0.000000 -1.000000 -0.000000 0.258819 -0.965926 -0.000000 0.258819 -0.965926 -0.000000 0.500000 -0.866025 -0.000000 0.500000 -0.866025 -0.000000 0.707107 -0.707107 -0.000000 0.707107 -0.707107 -0.000000 0.866025 -0.500000 -0.000000 0.866025 -0.500000 -0.000000 0.965926 -0.258819 -0.000000 0.965926 -0.258819 -0.000000 1.000000 -0.000000 0.000000 1.000000 -0.000000 0.000000 0.965926 0.258819 0.000000 0.965926 0.258819 0.000000 0.866025 0.500000 0.000000 0.866025 0.500000 0.000000 0.707107 0.707107 0.000000 0.707107 0.707107 0.000000 0.500000 0.866025 0.000000 0.500000 0.866025 0.000000 0.258819 0.965926 0.000000 0.258819 0.965926 0.000000 0.000000 1.000000 0.000000 -0.000000 1.000000 0.000000 -0.258819 0.965926 0.000000 -0.258819 0.965926 0.000000 -0.500000 0.866025 0.000000 -0.500000 0.866025 0.000000 -0.707107 0.707107 0.000000 -0.707107 0.707107 0.000000 -0.866025 0.500000 0.000000 -0.866025 0.500000 0.000000 1.000000 -0.000000 0.000000 1.000000 -0.000000 0.000000 1.000000 -0.000000 0.000000 1.000000 -0.000000 0.000000 -0.000000 0.000000 1.000000 -0.000000 0.000000 1.000000 -0.000000 0.000000 1.000000 -0.000000 0.000000 1.000000 -0.000000 0.000000 1.000000 -0.000000 0.000000 1.000000 -0.000000 0.000000 1.000000 -0.000000 0.000000 1.000000 -0.000000 0.000000 1.000000 -0.000000 0.000000 1.000000 -0.000000 0.000000 1.000000 -0.000000 0.000000 1.000000 -0.000000 0.000000 1.000000 -0.000000 0.000000 1.000000 -0.000000 0.000000 1.000000 -0.000000 0.000000 1.000000 -0.000000 0.000000 1.000000 -0.000000 0.000000 1.000000 -0.000000 0.000000 1.000000 -0.000000 0.000000 1.000000 -0.000000 0.000000 1.000000 -0.000000 0.000000 1.000000 -0.000000 0.000000 1.000000 -0.000000 0.000000 1.000000 -0.000000 0.000000 1.000000 -0.000000 0.000000 1.000000 -0.000000 0.000000 1.000000 -0.000000 0.000000 1.000000 1.000000 -0.000000 0.000000 1.000000 -0.000000 0.000000 1.000000 -0.000000 0.000000 1.000000 -0.000000 0.000000 0.000000 1.000000 0.000000 0.000000 1.000000 0.000000 0.000000 1.000000 0.000000 0.000000 1.000000 0.000000 0.000000 1.000000 0.000000 0.000000 1.000000 0.000000 0.000000 1.000000 0.000000 0.000000 1.000000 0.000000 0.000000 1.000000 0.000000 0.000000 1.000000 0.000000 0.000000 1.000000 0.000000 0.000000 1.000000 0.000000 0.000000 1.000000 0.000000 0.000000 1.000000 0.000000 0.000000 1.000000 0.000000 0.000000 1.000000 0.000000 0.000000 1.000000 0.000000 0.000000 1.000000 0.000000 0.000000 1.000000 0.000000 0.000000 1.000000 0.000000 0.000000 1.000000 0.000000 0.000000 1.000000 0.000000 0.000000 1.000000 0.000000 0.000000 1.000000 0.000000 0.000000 1.000000 0.000000 0.000000 1.000000 0.000000 0.000000 1.000000 0.000000 0.000000 1.000000 0.000000 0.000000 1.000000 0.000000 0.000000 1.000000 0.000000 0.000000 1.000000 0.000000 0.000000 1.000000 0.000000 0.000000 1.000000 0.000000 0.000000 1.000000 0.000000 0.000000 1.000000 0.000000 0.000000 1.000000 0.000000 0.000000 1.000000 0.000000 0.000000 1.000000 0.000000 0.000000 1.000000 0.000000 0.000000 1.000000 0.000000 0.000000 1.000000 0.000000 0.000000 1.000000 0.000000 0.000000 1.000000 0.000000 0.000000 1.000000 0.000000 0.000000 1.000000 0.000000 0.000000 1.000000 0.000000 0.000000 1.000000 0.000000 0.000000 1.000000 0.000000 0.000000 1.000000 0.000000 0.000000 1.000000 0.000000 0.000000 1.000000 0.000000 0.000000 1.000000 0.000000 0.000000 1.000000 0.000000 0.000000 1.000000 0.000000 0.000000 1.000000 0.000000 0.000000 1.000000 0.000000 0.000000 1.000000 0.000000 0.000000 1.000000 0.000000 0.000000 1.000000 0.000000 0.000000 1.000000 0.000000 0.000000 1.000000 0.000000 0.000000 1.000000 0.000000 0.000000 1.000000 0.000000 0.000000 1.000000 0.000000 0.000000 1.000000 0.000000 0.000000 1.000000 0.000000 0.000000 1.000000 0.000000 0.000000 1.000000 0.000000 0.000000 1.000000 0.000000 0.000000 1.000000 0.000000 0.000000 1.000000 0.000000 0.000000 1.000000 0.000000 0.000000 1.000000 0.000000 0.000000 1.000000 0.000000 0.000000 1.000000 0.000000 0.000000 1.000000 0.000000 0.000000 -0.000000 -1.000000 0.000000 -0.000000 -1.000000 0.000000 -0.000000 -1.000000 0.000000 -0.000000 -1.000000 0.000000 -0.000000 -1.000000 0.000000 -0.000000 -1.000000 0.000000 -0.000000 -1.000000 0.000000 -0.000000 -1.000000 0.000000 -0.000000 -1.000000 0.000000 -0.000000 -1.000000 0.000000 -0.000000 -1.000000 0.000000 -0.000000 -1.000000 0.000000 -0.000000 -1.000000 0.000000 -0.000000 -1.000000 0.000000 -0.000000 -1.000000 0.000000 -0.000000 -1.000000 0.000000 -0.000000 -1.000000 0.000000 -0.000000 -1.000000 0.000000 -0.000000 -1.000000 0.000000 -0.000000 -1.000000 0.000000 -0.000000 -1.000000 0.000000 -0.000000 -1.000000 0.000000 -0.000000 -1.000000 0.000000 -0.000000 -1.000000 0.000000 -0.000000 -1.000000 0.000000 -0.000000 -1.000000 0.000000 -0.000000 -1.000000 0.000000 -0.000000 -1.000000 0.000000 -0.000000 -1.000000 0.000000 -0.000000 -1.000000 0.000000 -0.000000 -1.000000 0.000000 -0.000000 -1.000000 0.000000 -0.000000 -1.000000 0.000000 -0.000000 -1.000000 0.000000 -0.000000 -1.000000 0.000000 -0.000000 -1.000000 0.000000 -0.000000 -1.000000 0.000000 -0.000000 -1.000000 0.000000 -0.000000 -1.000000 0.000000 -0.000000 -1.000000 0.000000 -0.000000 -1.000000 0.000000 -0.000000 -1.000000 0.000000 -0.000000 -1.000000 0.000000 -0.000000 -1.000000 0.000000 -0.000000 -1.000000 0.000000 -0.000000 -1.000000 0.000000 -0.000000 -1.000000 0.000000 -0.000000 -1.000000 0.000000 -0.000000 -1.000000 0.000000 -0.000000 -1.000000 0.000000 -0.000000 -1.000000 0.000000 -0.000000 -1.000000 0.000000 -0.000000 -1.000000 0.000000 -0.000000 -1.000000 0.000000 -0.000000 -1.000000 0.000000 -0.000000 -1.000000 0.000000 -0.000000 -1.000000 0.000000 -0.000000 -1.000000 0.000000 -0.000000 -1.000000 0.000000 -0.000000 -1.000000 0.000000 -0.000000 -1.000000 0.000000 -0.000000 -1.000000 0.000000 -0.000000 -1.000000 0.000000 -0.000000 -1.000000 0.000000 -0.000000 -1.000000 0.000000 -0.000000 -1.000000 0.000000 -0.000000 -1.000000 0.000000 -0.000000 -1.000000 0.000000 -0.000000 -1.000000 0.000000 -0.000000 -1.000000 0.000000 -0.000000 -1.000000 0.000000 -0.000000 -1.000000 0.000000 -0.000000 -1.000000 0.000000 -0.000000 -1.000000 0.000000 -0.000000 -1.000000 0.000000 -0.000000 -1.000000 0.000000 -0.000000 -1.000000 0.000000 -0.000000 -1.000000 0.000000 -0.000000 -1.000000 0.000000 -0.000000 -1.000000 0.000000 -0.000000 -1.000000 0.000000 -0.000000 -1.000000 0.000000 -0.000000 -1.000000 0.000000 -0.000000 -1.000000 0.000000 -0.000000 -1.000000 0.000000 -0.000000 -1.000000 0.000000 -0.000000 -1.000000 0.000000 -0.000000 -1.000000 0.000000 -0.000000 -1.000000 0.000000 -0.000000 -1.000000 0.000000 -0.000000 -1.000000 0.000000 -0.000000 -1.000000 0.000000 -0.000000 -1.000000 0.000000 -0.000000 -1.000000 0.000000 -0.000000 -1.000000 0.000000 -0.000000 -1.000000 0.000000 -0.000000 -1.000000 0.000000 -0.000000 -1.000000 0.000000 -0.000000 -1.000000 0.000000 -0.000000 -1.000000 0.000000 -0.000000 -1.000000 0.000000 -0.000000 -1.000000 0.000000 -0.000000 -1.000000 0.000000 -0.000000 -1.000000 0.000000 -0.000000 -1.000000 0.000000 -0.000000 -1.000000 0.000000 -0.000000 -1.000000 0.000000 -0.000000 -1.000000 0.000000 -0.000000 -1.000000 0.000000 -0.000000 -1.000000 0.000000 -0.000000 -1.000000 0.000000 -0.000000 -1.000000 0.000000 -0.000000 -1.000000 0.000000 -0.000000 -1.000000 0.000000 -0.000000 -1.000000 0.000000 -0.000000 -1.000000 0.000000 -0.000000 -1.000000 0.000000 -0.000000 -1.000000 0.000000 -0.000000 -1.000000 0.000000 -0.000000 -1.000000 0.000000 -0.000000 -1.000000 0.000000 -0.000000 -1.000000 0.000000 -0.000000 -1.000000 0.000000 -0.000000 -1.000000 0.000000 -0.000000 -1.000000 0.000000 -0.000000 -1.000000 0.000000 -0.000000 -1.000000 0.000000 -0.000000 -1.000000 0.000000 -0.000000 -1.000000 0.000000 -0.000000 -1.000000 0.000000 -0.000000 -1.000000 0.000000 -0.000000 -1.000000 0.000000 -0.000000 -1.000000 0.000000 -0.000000 -1.000000 0.000000 -0.000000 -1.000000 0.000000 -0.000000 -1.000000 0.000000 -0.000000 -1.000000 0.000000 -0.000000 -1.000000 0.000000 -0.000000 -1.000000 0.000000 -0.000000 -1.000000 0.000000 -0.000000 -1.000000 0.000000 -0.000000 -1.000000 0.000000 -0.000000 -1.000000 0.000000 -0.000000 -1.000000 0.000000 -0.000000 -1.000000 0.000000 -0.000000 -1.000000 0.000000 -0.000000 -1.000000 0.000000 -0.000000 -1.000000 0.000000 -0.000000 -1.000000 0.000000 -0.000000 -1.000000 0.000000 -0.000000 -1.000000 0.000000 -0.000000 -1.000000 0.000000 -0.000000 -1.000000 0.000000 -0.000000 -1.000000 0.000000 -0.000000 -1.000000 0.000000 -0.000000 -1.000000 0.000000 -0.000000 -1.000000 0.000000 -0.000000 -1.000000 0.000000 -0.000000 -1.000000 0.000000 -0.000000 -1.000000 0.000000 -0.000000 -1.000000 0.000000 -0.000000 -1.000000 0.000000 -0.000000 -1.000000 0.000000 -0.000000 -1.000000 0.000000 -0.000000 -1.000000 0.000000 -0.000000 -1.000000 0.000000 -0.000000 -1.000000 0.000000 -0.000000 -1.000000 0.000000 -0.000000 -1.000000 0.000000 -0.000000 -1.000000 0.000000 -0.000000 -1.000000 0.000000 -0.000000 -1.000000 0.000000 -0.000000 -1.000000 0.000000 -0.000000 -1.000000 0.000000 -0.000000 -1.000000 0.000000 -0.000000 -1.000000 0.000000 -0.000000 -1.000000 0.000000 -0.000000 -1.000000 0.000000 -0.000000 -1.000000 0.000000 -0.000000 -1.000000 0.000000 -0.000000 -1.000000 0.000000 -0.000000 -1.000000 0.000000 -0.000000 -1.000000 0.000000 -0.000000 -1.000000 0.000000 -0.000000 -1.000000 0.000000 -0.000000 -1.000000 0.000000 -0.000000 -1.000000 0.000000 -0.000000 -1.000000 0.000000 -0.000000 -1.000000 0.000000 -0.000000 -1.000000 0.000000 -0.000000 -1.000000 0.000000 -0.000000 -1.000000 0.000000 -0.000000 -1.000000 0.000000 -0.000000 -1.000000 0.000000 -0.000000 -1.000000 0.000000 -0.000000 -1.000000 0.000000 -0.000000 -1.000000 0.000000 -0.000000 -1.000000 0.000000 -0.000000 -1.000000 0.000000 -0.000000 -1.000000 0.000000 -0.000000 -1.000000 -0.000000 0.000000 1.000000 -0.000000 0.000000 1.000000 -0.000000 0.000000 1.000000 -0.000000 0.000000 1.000000 -0.000000 0.000000 1.000000 -0.000000 0.000000 1.000000 -0.000000 0.000000 1.000000 -0.000000 0.000000 1.000000 -0.000000 0.000000 1.000000 -0.000000 0.000000 1.000000 -0.000000 0.000000 1.000000 -0.000000 0.000000 1.000000 -0.000000 0.000000 1.000000 -0.000000 0.000000 1.000000 -0.000000 0.000000 1.000000 -0.000000 0.000000 1.000000 -0.000000 0.000000 1.000000 -0.000000 0.000000 1.000000 -0.000000 0.000000 1.000000 -0.000000 0.000000 1.000000 -0.000000 0.000000 1.000000 -0.000000 0.000000 1.000000 -0.000000 0.000000 1.000000 -0.000000 0.000000 1.000000 -0.000000 0.000000 1.000000 -0.000000 0.000000 1.000000 -0.000000 0.000000 1.000000 -0.000000 0.000000 1.000000 -0.000000 0.000000 1.000000 -0.000000 0.000000 1.000000 -0.000000 0.000000 1.000000 -0.000000 0.000000 1.000000 -0.000000 0.000000 1.000000 -0.000000 0.000000 1.000000 -0.000000 0.000000 1.000000 -0.000000 0.000000 1.000000 -0.000000 0.000000 1.000000 -0.000000 0.000000 1.000000 -0.000000 0.000000 1.000000 -0.000000 0.000000 1.000000 -0.000000 0.000000 1.000000 -0.000000 0.000000 1.000000 -0.000000 0.000000 1.000000 -0.000000 0.000000 1.000000 -0.000000 0.000000 1.000000 -0.000000 0.000000 1.000000 -0.000000 0.000000 1.000000 -0.000000 0.000000 1.000000 -0.000000 0.000000 1.000000 -0.000000 0.000000 1.000000 -0.000000 0.000000 1.000000 -0.000000 0.000000 1.000000 1.000000 -0.000000 0.000000 1.000000 -0.000000 0.000000 1.000000 -0.000000 0.000000 1.000000 -0.000000 0.000000 -1.000000 0.000000 -0.000000 -1.000000 0.000000 -0.000000 -1.000000 0.000000 -0.000000 -1.000000 0.000000 -0.000000 -1.000000 0.000000 -0.000000 -1.000000 0.000000 -0.000000 -1.000000 0.000000 -0.000000 -1.000000 0.000000 -0.000000 0.000000 0.000000 1.000000 0.000000 0.000000 1.000000 -0.222521 0.000000 0.974928 -0.222521 0.000000 0.974928 -0.433884 0.000000 0.900969 -0.433884 0.000000 0.900969 -0.623490 0.000000 0.781831 -0.623490 0.000000 0.781831 -0.781831 0.000000 0.623490 -0.781831 0.000000 0.623490 -0.900969 0.000000 0.433884 -0.900969 0.000000 0.433884 -0.974928 0.000000 0.222521 -0.974928 0.000000 0.222521 -0.974928 0.000000 0.222521 -0.900969 0.000000 0.433884 -0.781831 0.000000 0.623490 -0.623490 0.000000 0.781831 -0.433884 0.000000 0.900969 -0.222521 0.000000 0.974928 0.000000 0.000000 1.000000 0.000000 0.000000 1.000000 1.000000 -0.000000 -0.000000 1.000000 -0.000000 0.000000 0.974928 -0.000000 0.222521 0.974928 -0.000000 0.222521 0.900969 -0.000000 0.433884 0.900969 -0.000000 0.433884 0.781831 -0.000000 0.623490 0.781831 -0.000000 0.623490 0.623490 -0.000000 0.781831 0.623490 -0.000000 0.781831 0.433884 -0.000000 0.900969 0.433884 -0.000000 0.900969 0.222521 0.000000 0.974928 0.222521 0.000000 0.974928 0.222521 0.000000 0.974928 0.433884 -0.000000 0.900969 0.623490 -0.000000 0.781831 0.781831 -0.000000 0.623490 0.900969 -0.000000 0.433884 0.974928 -0.000000 0.222521 1.000000 -0.000000 0.000000 1.000000 -0.000000 0.000000 -0.000000 -0.000000 -1.000000 -0.000000 -0.000000 -1.000000 0.222521 -0.000000 -0.974928 0.222521 -0.000000 -0.974928 0.433884 -0.000000 -0.900969 0.433884 -0.000000 -0.900969 0.623490 -0.000000 -0.781831 0.623490 -0.000000 -0.781831 0.781831 -0.000000 -0.623490 0.781831 -0.000000 -0.623490 0.900969 -0.000000 -0.433884 0.900969 -0.000000 -0.433884 0.974928 -0.000000 -0.222521 0.974928 -0.000000 -0.222521 0.974928 -0.000000 -0.222521 0.900969 -0.000000 -0.433884 0.781831 -0.000000 -0.623490 0.623490 -0.000000 -0.781831 0.433884 -0.000000 -0.900969 0.222521 -0.000000 -0.974928 0.000000 -0.000000 -1.000000 0.000000 -0.000000 -1.000000 -0.974928 0.000000 -0.222521 -0.974928 0.000000 -0.222521 -0.900969 0.000000 -0.433884 -0.900969 0.000000 -0.433884 -0.781831 0.000000 -0.623490 -0.781831 0.000000 -0.623490 -0.623490 0.000000 -0.781831 -0.623490 0.000000 -0.781831 -0.433884 0.000000 -0.900969 -0.433884 0.000000 -0.900969 -0.222521 -0.000000 -0.974928 -0.222521 -0.000000 -0.974928 -0.222521 -0.000000 -0.974928 -0.433884 0.000000 -0.900969 -0.623490 0.000000 -0.781831 -0.781831 0.000000 -0.623490 -0.900969 0.000000 -0.433884 -0.974928 0.000000 -0.222521 1.000000 -0.000000 0.000000 1.000000 -0.000000 0.000000 1.000000 -0.000000 0.000000 1.000000 -0.000000 0.000000 1.000000 -0.000000 0.000000 1.000000 -0.000000 0.000000 1.000000 -0.000000 0.000000 1.000000 -0.000000 0.000000 1.000000 -0.000000 0.000000 0.000000 -0.000000 -1.000000 0.000000 -0.000000 -1.000000 0.000000 -0.000000 -1.000000 0.000000 -0.000000 -1.000000 -0.000000 0.000000 1.000000 -0.000000 0.000000 1.000000 -0.000000 0.000000 1.000000 -0.000000 0.000000 1.000000 0.195090 -0.000000 -0.980785 0.195090 -0.000000 -0.980785 0.382683 -0.000000 -0.923880 0.382683 -0.000000 -0.923880 0.555570 -0.000000 -0.831470 0.555570 -0.000000 -0.831470 0.707107 -0.000000 -0.707107 0.707107 -0.000000 -0.707107 0.831470 -0.000000 -0.555570 0.831470 -0.000000 -0.555570 0.923880 -0.000000 -0.382683 0.923880 -0.000000 -0.382683 0.980785 -0.000000 -0.195090 0.980785 -0.000000 -0.195090 0.980785 -0.000000 -0.195090 0.923880 -0.000000 -0.382683 0.831470 -0.000000 -0.555570 0.707107 -0.000000 -0.707107 0.555570 -0.000000 -0.831470 0.382683 -0.000000 -0.923880 0.195090 -0.000000 -0.980785 0.195090 0.000000 0.980785 0.195090 0.000000 0.980785 0.382683 -0.000000 0.923880 0.382683 -0.000000 0.923880 0.555570 -0.000000 0.831470 0.555570 -0.000000 0.831470 0.707107 -0.000000 0.707107 0.707107 -0.000000 0.707107 0.831470 -0.000000 0.555570 0.831470 -0.000000 0.555570 0.923880 -0.000000 0.382683 0.923880 -0.000000 0.382683 0.980785 -0.000000 0.195090 0.980785 -0.000000 0.195090 0.980785 -0.000000 0.195090 0.923880 -0.000000 0.382683 0.831470 -0.000000 0.555570 0.707107 -0.000000 0.707107 0.555570 -0.000000 0.831470 0.382683 -0.000000 0.923880 0.195090 0.000000 0.980785 -0.979619 0.000000 0.200864 -0.999977 0.000000 0.006732 -0.979619 0.000000 0.200864 -0.999977 0.000000 0.006732 -0.979619 0.000000 0.200864 -0.921936 0.000000 0.387343 -0.921936 0.000000 0.387343 -0.829125 0.000000 0.559064 -0.829125 0.000000 0.559064 -0.704723 0.000000 0.709483 -0.704723 0.000000 0.709483 -0.553469 0.000000 0.832869 -0.553469 0.000000 0.832869 -0.381128 0.000000 0.924522 -0.381128 0.000000 0.924522 -0.194265 0.000000 0.980949 -0.194265 0.000000 0.980949 -0.194265 0.000000 0.980949 -0.381128 0.000000 0.924522 -0.553469 0.000000 0.832869 -0.704723 0.000000 0.709483 -0.829125 0.000000 0.559064 -0.921936 0.000000 0.387343 -0.000000 0.000000 1.000000 -0.000000 0.000000 1.000000 -0.000000 0.000000 1.000000 -0.000000 0.000000 1.000000 -0.000000 0.000000 1.000000 -0.000000 0.000000 1.000000 -0.000000 0.000000 1.000000 -0.000000 0.000000 1.000000 -0.000000 0.000000 1.000000 -0.000000 0.000000 1.000000 -0.000000 0.000000 1.000000 -0.000000 0.000000 1.000000 -0.000000 0.000000 1.000000 -0.000000 0.000000 1.000000 -0.000000 0.000000 1.000000 -0.000000 0.000000 1.000000 -0.000000 0.000000 1.000000 -0.000000 0.000000 1.000000 -0.000000 0.000000 1.000000 -0.000000 0.000000 1.000000 -0.000000 0.000000 1.000000 -0.000000 0.000000 1.000000 -0.000000 0.000000 1.000000 -0.000000 0.000000 1.000000 -0.000000 0.000000 1.000000 -0.000000 0.000000 1.000000 -0.000000 0.000000 1.000000 -0.000000 0.000000 1.000000 -0.000000 0.000000 1.000000 -0.000000 0.000000 1.000000 -0.000000 0.000000 1.000000 -0.000000 0.000000 1.000000 -0.000000 0.000000 1.000000 -0.000000 0.000000 1.000000 -0.000000 0.000000 1.000000 -0.000000 0.000000 1.000000 -0.000000 0.000000 1.000000 -0.000000 0.000000 1.000000 -0.000000 0.000000 1.000000 -0.000000 0.000000 1.000000 -0.000000 0.000000 1.000000 -0.000000 0.000000 1.000000 -0.000000 0.000000 1.000000 -0.000000 0.000000 1.000000 -0.000000 0.000000 1.000000 -0.000000 0.000000 1.000000 -0.000000 0.000000 1.000000 -0.000000 0.000000 1.000000 -0.000000 0.000000 1.000000 -0.000000 0.000000 1.000000 -0.000000 0.000000 1.000000 -0.000000 0.000000 1.000000 -0.000000 0.000000 1.000000 -0.000000 0.000000 1.000000 -0.000000 0.000000 1.000000 -0.000000 0.000000 1.000000 -0.000000 0.000000 1.000000 -0.000000 0.000000 1.000000 -0.000000 0.000000 1.000000 -0.000000 0.000000 1.000000 -0.000000 0.000000 1.000000 -0.000000 0.000000 1.000000 -0.000000 0.000000 1.000000 -0.000000 0.000000 1.000000 -0.000000 0.000000 1.000000 -0.000000 0.000000 1.000000 -0.000000 0.000000 1.000000 -0.000000 0.000000 1.000000 -0.000000 0.000000 1.000000 -0.000000 0.000000 1.000000 -0.000000 0.000000 1.000000 -0.000000 0.000000 1.000000 -0.000000 0.000000 1.000000 -0.000000 0.000000 1.000000 -0.000000 0.000000 1.000000 -0.000000 0.000000 1.000000 -0.000000 0.000000 1.000000 -0.000000 0.000000 1.000000 -0.000000 0.000000 1.000000 -0.000000 0.000000 1.000000 -0.000000 0.000000 1.000000 -0.000000 0.000000 1.000000 -0.000000 0.000000 1.000000 -1.000000 0.000000 -0.000000 -1.000000 0.000000 -0.000000 -1.000000 0.000000 -0.000000 -1.000000 0.000000 -0.000000 -1.000000 0.000000 -0.000000 -1.000000 0.000000 -0.000000 -1.000000 0.000000 -0.000000 -1.000000 0.000000 -0.000000 -1.000000 0.000000 -0.000000 -1.000000 0.000000 -0.000000 -1.000000 0.000000 -0.000000 -1.000000 0.000000 -0.000000 -1.000000 0.000000 -0.000000 -1.000000 0.000000 -0.000000 -1.000000 0.000000 -0.000000 -1.000000 0.000000 -0.000000 -1.000000 0.000000 -0.000000 -1.000000 0.000000 -0.000000 -1.000000 0.000000 -0.000000 0.000000 1.000000 0.000000 0.000000 1.000000 0.000000 0.000000 1.000000 0.000000 0.000000 1.000000 0.000000 -0.000000 -1.000000 -0.000000 -0.000000 -1.000000 -0.000000 -0.000000 -1.000000 -0.000000 -0.000000 -1.000000 -0.000000 -0.000000 -0.000000 1.000000 -0.000000 -0.000000 1.000000 -0.000000 -0.000000 1.000000 -0.000000 -0.000000 1.000000 -1.000000 0.000000 -0.000000 -1.000000 0.000000 -0.000000 -1.000000 0.000000 -0.000000 -1.000000 0.000000 -0.000000 -1.000000 0.000000 -0.000000 -0.000000 -1.000000 0.000000 -0.000000 -1.000000 0.000000 -0.173648 -0.984808 0.000000 -0.173648 -0.984808 0.000000 -0.342020 -0.939693 0.000000 -0.342020 -0.939693 0.000000 -0.500000 -0.866025 0.000000 -0.500000 -0.866025 0.000000 -0.642788 -0.766044 0.000000 -0.642788 -0.766044 0.000000 -0.766044 -0.642788 0.000000 -0.766044 -0.642788 0.000000 -0.866025 -0.500000 0.000000 -0.866025 -0.500000 0.000000 -0.939693 -0.342020 0.000000 -0.939693 -0.342020 0.000000 -0.984808 -0.173648 0.000000 -0.984808 -0.173648 0.000000 0.984808 -0.173648 0.000000 0.984808 -0.173648 0.000000 0.939693 -0.342020 0.000000 0.939693 -0.342020 0.000000 0.866025 -0.500000 0.000000 0.866025 -0.500000 0.000000 0.766044 -0.642788 0.000000 0.766044 -0.642788 0.000000 0.642788 -0.766044 0.000000 0.642788 -0.766044 0.000000 0.500000 -0.866025 0.000000 0.500000 -0.866025 0.000000 0.342020 -0.939693 0.000000 0.342020 -0.939693 0.000000 0.173648 -0.984808 0.000000 0.173648 -0.984808 0.000000 0.000000 -1.000000 0.000000 0.000000 -1.000000 0.000000 1.000000 -0.000000 0.000000 1.000000 -0.000000 0.000000 1.000000 -0.000000 0.000000 1.000000 -0.000000 0.000000 -0.000000 -1.000000 -0.000000 -0.000000 -1.000000 -0.000000 -0.000000 -1.000000 -0.000000 -0.000000 -1.000000 -0.000000 -1.000000 0.000000 -0.000000 -1.000000 0.000000 -0.000000 -1.000000 0.000000 -0.000000 -1.000000 0.000000 -0.000000 -0.258819 0.965926 0.000000 -0.258819 0.965926 0.000000 -0.500000 0.866025 0.000000 -0.500000 0.866025 0.000000 -0.707107 0.707107 0.000000 0.000000 1.000000 0.000000 0.000000 1.000000 0.000000 0.258819 0.965926 0.000000 0.258819 0.965926 0.000000 0.500000 0.866025 0.000000 0.500000 0.866025 0.000000 0.707107 0.707107 0.000000 0.707107 0.707107 0.000000 0.866025 0.500000 0.000000 0.866025 0.500000 0.000000 0.965926 0.258819 0.000000 0.965926 0.258819 0.000000 1.000000 0.000000 0.000000 1.000000 0.000000 0.000000 0.965926 -0.258819 -0.000000 0.965926 -0.258819 -0.000000 0.866025 -0.500000 -0.000000 0.866025 -0.500000 -0.000000 0.707107 -0.707107 -0.000000 0.707107 -0.707107 -0.000000 0.500000 -0.866025 -0.000000 0.500000 -0.866025 -0.000000 0.258819 -0.965926 -0.000000 0.258819 -0.965926 -0.000000 0.000000 -1.000000 -0.000000 0.000000 -1.000000 -0.000000 -0.258819 -0.965926 -0.000000 -0.258819 -0.965926 -0.000000 -0.500000 -0.866025 -0.000000 -0.500000 -0.866025 -0.000000 -0.707107 -0.707107 -0.000000 -0.707107 -0.707107 -0.000000 -0.866025 -0.500000 -0.000000 -0.866025 -0.500000 -0.000000 -0.965926 -0.258819 -0.000000 -0.965926 -0.258819 -0.000000 -1.000000 0.000000 -0.000000 -1.000000 0.000000 -0.000000 -0.965926 0.258819 0.000000 -0.965926 0.258819 0.000000 -0.866025 0.500000 0.000000 -0.866025 0.500000 0.000000 -0.707107 0.707107 0.000000 -0.500000 0.866025 0.000000 0.500000 0.866025 0.000000 -0.258819 0.965926 0.000000 -0.258819 0.965926 0.000000 -0.500000 0.866025 0.000000 -0.500000 0.866025 0.000000 -0.707107 0.707107 0.000000 0.000000 1.000000 0.000000 0.000000 1.000000 0.000000 0.258819 0.965926 0.000000 0.258819 0.965926 0.000000 0.500000 0.866025 0.000000 0.500000 0.866025 0.000000 0.707107 0.707107 0.000000 0.707107 0.707107 0.000000 0.866025 0.500000 0.000000 0.866025 0.500000 0.000000 0.965926 0.258819 0.000000 0.965926 0.258819 0.000000 1.000000 0.000000 0.000000 1.000000 0.000000 0.000000 0.965926 -0.258819 -0.000000 0.965926 -0.258819 -0.000000 0.866025 -0.500000 -0.000000 0.866025 -0.500000 -0.000000 0.707107 -0.707107 -0.000000 0.707107 -0.707107 -0.000000 0.500000 -0.866025 -0.000000 0.500000 -0.866025 -0.000000 0.258819 -0.965926 -0.000000 0.258819 -0.965926 -0.000000 0.000000 -1.000000 -0.000000 0.000000 -1.000000 -0.000000 -0.258819 -0.965926 -0.000000 -0.258819 -0.965926 -0.000000 -0.500000 -0.866025 -0.000000 -0.500000 -0.866025 -0.000000 -0.707107 -0.707107 -0.000000 -0.707107 -0.707107 -0.000000 -0.866025 -0.500000 -0.000000 -0.866025 -0.500000 -0.000000 -0.965926 -0.258819 -0.000000 -0.965926 -0.258819 -0.000000 -1.000000 0.000000 -0.000000 -1.000000 0.000000 -0.000000 -0.965926 0.258819 0.000000 -0.965926 0.258819 0.000000 -0.866025 0.500000 0.000000 -0.866025 0.500000 0.000000 -0.707107 0.707107 0.000000 -0.500000 0.866025 0.000000 0.500000 0.866025 0.000000 0.258819 -0.965926 -0.000000 0.293819 -0.955861 -0.000000 0.500000 -0.866025 -0.000000 0.520488 -0.853869 -0.000000 0.707107 -0.707107 -0.000000 0.715000 -0.699124 -0.000000 0.715000 -0.699124 -0.000000 0.048998 -0.998799 -0.000000 0.000000 -1.000000 -0.000000 -0.198850 -0.980030 -0.000000 -0.258819 -0.965926 -0.000000 -0.434413 -0.900714 -0.000000 -0.500000 -0.866025 -0.000000 -0.643138 -0.765751 -0.000000 -0.500000 -0.866025 -0.000000 -0.707107 -0.707107 -0.000000 -0.812129 -0.583479 -0.000000 -0.866025 -0.500000 -0.000000 -0.930945 -0.365159 -0.000000 -0.965926 -0.258819 -0.000000 -0.992247 -0.124279 -0.000000 -1.000000 0.000000 -0.000000 -0.992247 0.124279 0.000000 -0.965926 0.258819 0.000000 -0.930945 0.365159 0.000000 -0.866025 0.500000 0.000000 -0.812129 0.583479 0.000000 -0.707107 0.707107 0.000000 -0.643138 0.765751 0.000000 -0.500000 0.866025 0.000000 -0.434413 0.900714 0.000000 -0.258819 0.965926 0.000000 -0.198850 0.980030 0.000000 0.000000 1.000000 0.000000 0.048998 0.998799 0.000000 0.258819 0.965926 0.000000 0.293819 0.955861 0.000000 0.500000 0.866025 0.000000 0.520488 0.853869 0.000000 0.707107 0.707107 0.000000 0.715000 0.699124 0.000000 0.715000 0.699124 0.000000 0.866025 0.500000 0.000000 0.869743 0.493505 0.000000 0.965926 0.258819 0.000000 0.966888 0.255203 0.000000 1.000000 0.000000 0.000000 1.000000 0.000000 0.000000 0.966888 -0.255203 -0.000000 0.965926 -0.258819 -0.000000 0.869743 -0.493505 -0.000000 0.866025 -0.500000 -0.000000 0.500000 -0.866025 -0.000000 -0.715000 -0.699124 -0.000000 -0.707107 -0.707107 -0.000000 -0.715000 -0.699124 -0.000000 -0.866025 -0.500000 -0.000000 -0.869743 -0.493505 -0.000000 -0.965926 -0.258819 -0.000000 -0.966888 -0.255203 -0.000000 -1.000000 0.000000 -0.000000 -1.000000 0.000000 -0.000000 -0.966888 0.255203 0.000000 -0.965926 0.258819 0.000000 -0.869743 0.493505 0.000000 -0.866025 0.500000 0.000000 -0.715000 0.699124 0.000000 -0.707107 0.707107 0.000000 -0.715000 0.699124 0.000000 -0.520488 0.853869 0.000000 -0.500000 0.866025 0.000000 -0.293819 0.955861 0.000000 -0.258819 0.965926 0.000000 -0.048998 0.998799 0.000000 0.000000 1.000000 0.000000 0.198850 0.980030 0.000000 0.258819 0.965926 0.000000 0.434413 0.900714 0.000000 0.500000 0.866025 0.000000 0.643138 0.765751 0.000000 0.707107 0.707107 0.000000 0.812129 0.583479 0.000000 0.866025 0.500000 0.000000 0.930945 0.365159 0.000000 0.965926 0.258819 0.000000 0.992247 0.124279 0.000000 1.000000 0.000000 0.000000 0.992247 -0.124279 -0.000000 0.965926 -0.258819 -0.000000 0.930945 -0.365159 -0.000000 0.866025 -0.500000 -0.000000 0.812129 -0.583479 -0.000000 0.707107 -0.707107 -0.000000 0.643138 -0.765751 -0.000000 0.500000 -0.866025 -0.000000 0.434413 -0.900714 -0.000000 0.258819 -0.965926 -0.000000 0.198850 -0.980030 -0.000000 0.000000 -1.000000 -0.000000 -0.048998 -0.998799 -0.000000 -0.258819 -0.965926 -0.000000 -0.293819 -0.955861 -0.000000 -0.500000 -0.866025 -0.000000 -0.520488 -0.853869 -0.000000 -0.500000 -0.866025 -0.000000 0.500000 -0.866025 -0.000000 -1.000000 0.000000 -0.000000 -1.000000 0.000000 -0.000000 -1.000000 0.000000 -0.000000 -1.000000 0.000000 -0.000000 1.000000 -0.000000 0.000000 1.000000 -0.000000 0.000000 1.000000 -0.000000 0.000000 1.000000 -0.000000 0.000000 -0.000000 -1.000000 -0.000000 -0.000000 -1.000000 -0.000000 -0.000000 -1.000000 -0.000000 -0.000000 -1.000000 -0.000000 -0.000000 -1.000000 -0.000000 -0.000000 -1.000000 -0.000000 -0.000000 -1.000000 -0.000000 -0.000000 -1.000000 -0.000000 -0.000000 -1.000000 -0.000000 -0.000000 -1.000000 -0.000000 0.000000 1.000000 0.000000 0.000000 1.000000 0.000000 0.000000 1.000000 0.000000 0.000000 1.000000 0.000000 0.000000 1.000000 0.000000 0.000000 1.000000 0.000000 -0.000000 -1.000000 -0.000000 -0.000000 -1.000000 -0.000000 -0.000000 -1.000000 -0.000000 -0.000000 -1.000000 -0.000000 0.000000 0.000000 -1.000000 0.000000 0.000000 -1.000000 0.000000 0.000000 -1.000000 0.000000 0.000000 -1.000000 0.000000 -0.000000 -1.000000 0.000000 -0.000000 -1.000000 0.000000 -0.000000 -1.000000 0.000000 -0.000000 -1.000000 0.000000 -0.000000 -1.000000 0.000000 -0.000000 -1.000000 0.000000 -0.000000 -1.000000 0.000000 -0.000000 -1.000000 0.000000 -0.000000 -1.000000 0.000000 -0.000000 -1.000000 0.000000 -0.000000 -1.000000 0.000000 -0.000000 -1.000000 0.000000 -0.000000 -1.000000 0.000000 -0.000000 -1.000000 0.000000 -0.000000 -1.000000 0.000000 -0.000000 -1.000000 0.000000 -0.000000 -1.000000 0.000000 -0.000000 -1.000000 0.000000 -0.000000 -1.000000 0.000000 -0.000000 -1.000000 0.000000 -0.000000 -1.000000 0.000000 -0.000000 -1.000000 0.000000 -0.000000 -1.000000 0.000000 -0.000000 -1.000000 0.000000 -0.000000 -1.000000 0.000000 -0.000000 -1.000000 0.000000 -0.000000 -1.000000 0.000000 -0.000000 -1.000000 -0.000000 -0.000000 1.000000 -0.000000 -0.000000 1.000000 -0.000000 -0.000000 1.000000 -0.000000 -0.000000 1.000000 -0.000000 -0.000000 1.000000 -0.000000 -0.000000 1.000000 -0.000000 -0.000000 1.000000 -0.000000 -0.000000 1.000000 -0.000000 -0.000000 1.000000 -0.000000 -0.000000 1.000000 -0.000000 -0.000000 1.000000 -0.000000 -0.000000 1.000000 -0.000000 -0.000000 1.000000 -0.000000 -0.000000 1.000000 -0.000000 -0.000000 1.000000 -0.000000 -0.000000 1.000000 -0.000000 -0.000000 1.000000 -0.000000 -0.000000 1.000000 -0.000000 -0.000000 1.000000 -0.000000 -0.000000 1.000000 -0.000000 -0.000000 1.000000 -0.000000 -0.000000 1.000000 -0.000000 -0.000000 1.000000 -0.000000 -0.000000 1.000000 -0.000000 -0.000000 1.000000 -0.000000 -0.000000 1.000000 -0.000000 -0.000000 1.000000 -0.000000 -0.000000 1.000000 -0.000000 -0.000000 1.000000 -0.000000 -0.000000 1.000000 -0.000000 -0.000000 1.000000 -0.000000 -0.000000 1.000000 -0.000000 -0.000000 1.000000 -0.000000 -0.000000 1.000000 -0.000000 -0.000000 1.000000 -0.000000 -0.000000 1.000000 -0.000000 -0.000000 1.000000 -0.000000 -0.000000 1.000000 -0.000000 -0.000000 1.000000 -0.000000 -0.000000 1.000000 -0.000000 -0.000000 1.000000 -0.000000 -0.000000 1.000000 -0.000000 -0.000000 1.000000 -0.000000 -0.000000 1.000000 -0.000000 -0.000000 1.000000 -0.000000 -0.000000 1.000000 -0.000000 -0.000000 1.000000 -0.000000 -0.000000 1.000000 -0.000000 -0.000000 1.000000 -0.000000 -0.000000 1.000000 0.000000 0.000000 -1.000000 0.000000 0.000000 -1.000000 0.000000 0.000000 -1.000000 0.000000 0.000000 -1.000000 0.000000 0.000000 -1.000000 0.000000 0.000000 -1.000000 0.000000 0.000000 -1.000000 0.000000 0.000000 -1.000000 0.000000 0.000000 -1.000000 0.000000 0.000000 -1.000000 0.000000 0.000000 -1.000000 0.000000 0.000000 -1.000000 0.000000 0.000000 -1.000000 0.000000 0.000000 -1.000000 0.000000 0.000000 -1.000000 0.000000 0.000000 -1.000000 0.000000 0.000000 -1.000000 0.000000 0.000000 -1.000000 0.000000 0.000000 -1.000000 0.000000 0.000000 -1.000000 0.000000 0.000000 -1.000000 0.000000 0.000000 -1.000000 0.000000 0.000000 -1.000000 0.000000 0.000000 -1.000000 0.000000 0.000000 -1.000000 0.000000 0.000000 -1.000000 0.000000 0.000000 -1.000000 0.000000 0.000000 -1.000000 0.000000 0.000000 -1.000000 0.000000 0.000000 -1.000000 0.000000 0.000000 -1.000000 0.000000 0.000000 -1.000000 0.000000 0.000000 -1.000000 0.000000 0.000000 -1.000000 0.000000 0.000000 -1.000000 0.000000 0.000000 -1.000000 0.000000 0.000000 -1.000000 0.000000 0.000000 -1.000000 0.000000 0.000000 -1.000000 0.000000 0.000000 -1.000000 0.000000 0.000000 -1.000000 0.000000 0.000000 -1.000000 0.000000 0.000000 -1.000000 0.000000 0.000000 -1.000000 0.000000 0.000000 -1.000000 0.000000 0.000000 -1.000000 0.000000 0.000000 -1.000000 0.000000 0.000000 -1.000000 0.000000 0.000000 -1.000000 0.000000 0.000000 -1.000000 -0.970942 -0.239316 -0.000000 -0.970942 -0.239316 -0.000000 -1.000000 0.000000 -0.000000 -1.000000 0.000000 -0.000000 -0.970942 0.239316 0.000000 -0.970942 0.239316 0.000000 -0.885456 0.464723 0.000000 -0.885456 0.464723 0.000000 -0.748511 0.663123 0.000000 -0.748511 0.663123 0.000000 -0.568065 0.822984 0.000000 -0.568065 0.822984 0.000000 -0.354605 0.935016 0.000000 -0.354605 0.935016 0.000000 -0.120537 0.992709 0.000000 -0.120537 0.992709 0.000000 0.120537 0.992709 0.000000 0.120537 0.992709 0.000000 0.354605 0.935016 0.000000 0.354605 0.935016 0.000000 0.568065 0.822984 0.000000 0.568065 0.822984 0.000000 0.748511 0.663123 0.000000 0.748511 0.663123 0.000000 0.885456 0.464723 0.000000 0.885456 0.464723 0.000000 0.970942 0.239316 0.000000 0.970942 0.239316 0.000000 1.000000 -0.000000 0.000000 1.000000 -0.000000 0.000000 0.970942 -0.239316 -0.000000 0.970942 -0.239316 -0.000000 0.885456 -0.464723 -0.000000 0.885456 -0.464723 -0.000000 0.748511 -0.663123 -0.000000 0.748511 -0.663123 -0.000000 0.568065 -0.822984 -0.000000 0.568065 -0.822984 -0.000000 0.354605 -0.935016 -0.000000 0.354605 -0.935016 -0.000000 0.120537 -0.992709 -0.000000 0.120537 -0.992709 -0.000000 -0.120537 -0.992709 -0.000000 -0.120537 -0.992709 -0.000000 -0.354605 -0.935016 -0.000000 -0.354605 -0.935016 -0.000000 -0.568065 -0.822984 -0.000000 -0.568065 -0.822984 -0.000000 -0.748511 -0.663123 -0.000000 -0.748511 -0.663123 -0.000000 -0.885456 -0.464723 -0.000000 -0.885456 -0.464723 -0.000000 -0.965926 0.258819 0.000000 -0.965926 0.258819 0.000000 -1.000000 0.000000 -0.000000 -1.000000 0.000000 -0.000000 -0.965926 -0.258819 -0.000000 -0.965926 -0.258819 -0.000000 -0.866025 -0.500000 -0.000000 -0.866025 -0.500000 -0.000000 -0.707107 -0.707107 -0.000000 -0.707107 -0.707107 -0.000000 -0.500000 -0.866025 -0.000000 -0.500000 -0.866025 -0.000000 -0.258819 -0.965926 -0.000000 -0.258819 -0.965926 -0.000000 -0.000000 -1.000000 -0.000000 -0.000000 -1.000000 -0.000000 0.258819 -0.965926 -0.000000 0.258819 -0.965926 -0.000000 0.500000 -0.866025 -0.000000 0.500000 -0.866025 -0.000000 0.707107 -0.707107 -0.000000 0.707107 -0.707107 -0.000000 0.866025 -0.500000 -0.000000 0.866025 -0.500000 -0.000000 0.965926 -0.258819 -0.000000 0.965926 -0.258819 -0.000000 1.000000 -0.000000 0.000000 1.000000 -0.000000 0.000000 0.965926 0.258819 0.000000 0.965926 0.258819 0.000000 0.866025 0.500000 0.000000 0.866025 0.500000 0.000000 0.707107 0.707107 0.000000 0.707107 0.707107 0.000000 0.500000 0.866025 0.000000 0.500000 0.866025 0.000000 0.258819 0.965926 0.000000 0.258819 0.965926 0.000000 0.000000 1.000000 0.000000 0.000000 1.000000 0.000000 -0.258819 0.965926 0.000000 -0.258819 0.965926 0.000000 -0.500000 0.866025 0.000000 -0.500000 0.866025 0.000000 -0.707107 0.707107 0.000000 -0.707107 0.707107 0.000000 -0.866025 0.500000 0.000000 -0.866025 0.500000 0.000000</float_array>
          <technique_common>
            <accessor source="#robot_arm_link-mesh-normals-array" count="7424" stride="3">
              <param name="X" type="float"/>
              <param name="Y" type="float"/>
              <param name="Z" type="float"/>
            </accessor>
          </technique_common>
        </source>
        <vertices id="robot_arm_link-mesh-vertices">
          <input semantic="POSITION" source="#robot_arm_link-mesh-positions"/>
        </vertices>
        <triangles material="Opaque_202_209_238_" count="7896">
          <input semantic="VERTEX" source="#robot_arm_link-mesh-vertices" offset="0"/>
          <input semantic="NORMAL" source="#robot_arm_link-mesh-normals" offset="1"/>
          <p>0 0 1 1 3 2 3 2 1 1 2 3 4 4 19 5 2 3 2 3 19 5 20 6 2 3 20 6 21 7 21 7 20 6 28 8 21 7 28 8 29 9 29 9 28 8 36 10 29 9 36 10 37 11 37 11 36 10 44 12 37 11 44 12 15 13 15 13 44 12 14 14 14 14 44 12 51 15 14 14 51 15 13 16 13 16 51 15 50 17 13 16 50 17 49 18 49 18 50 17 42 19 49 18 42 19 41 20 41 20 42 19 34 21 41 20 34 21 33 22 33 22 34 21 26 23 33 22 26 23 25 24 25 24 26 23 6 25 25 24 6 25 24 26 24 26 6 25 7 27 24 26 7 27 8 28 4 4 5 29 19 5 19 5 5 29 6 25 19 5 6 25 26 23 24 26 8 28 31 30 31 30 8 28 9 31 31 30 9 31 38 32 38 32 9 31 10 33 38 32 10 33 45 34 45 34 10 33 11 35 45 34 11 35 46 36 46 36 11 35 13 16 46 36 13 16 47 37 47 37 13 16 48 38 47 37 48 38 40 39 40 39 48 38 41 20 40 39 41 20 33 22 11 35 12 40 13 16 15 13 16 41 37 11 37 11 16 41 30 42 37 11 30 42 29 9 29 9 30 42 22 43 29 9 22 43 21 7 21 7 22 43 3 2 21 7 3 2 2 3 16 41 17 44 30 42 30 42 17 44 23 45 30 42 23 45 22 43 22 43 23 45 3 2 17 44 18 46 23 45 23 45 18 46 3 2 20 6 19 5 27 47 27 47 19 5 26 23 27 47 26 23 34 21 25 24 24 26 32 48 32 48 24 26 31 30 32 48 31 30 39 49 39 49 31 30 38 32 39 49 38 32 46 36 46 36 38 32 45 34 20 6 27 47 28 8 28 8 27 47 35 50 28 8 35 50 36 10 36 10 35 50 43 51 36 10 43 51 44 12 44 12 43 51 51 15 35 50 27 47 34 21 40 39 33 22 32 48 32 48 33 22 25 24 40 39 32 48 39 49 43 51 35 50 42 19 42 19 35 50 34 21 47 37 40 39 39 49 47 37 39 49 46 36 49 18 41 20 48 38 51 15 43 51 50 17 50 17 43 51 42 19 13 16 49 18 48 38 52 52 53 53 57 54 57 54 53 53 56 55 56 55 53 53 55 56 55 56 53 53 54 57 54 57 58 58 55 56 55 56 58 58 70 59 70 59 58 58 59 60 70 59 59 60 69 61 69 61 59 60 60 62 69 61 60 62 68 63 68 63 60 62 61 64 68 63 61 64 67 65 67 65 61 64 62 66 67 65 62 66 66 67 66 67 62 66 63 68 66 67 63 68 65 69 65 69 63 68 64 70 71 71 81 72 59 73 59 73 81 72 82 74 59 73 82 74 83 75 83 75 82 74 91 76 83 75 91 76 92 77 92 77 91 76 100 78 92 77 100 78 62 79 62 79 100 78 63 80 63 80 100 78 108 81 63 80 108 81 64 82 64 82 108 81 107 83 64 82 107 83 106 84 106 84 107 83 98 85 106 84 98 85 97 86 97 86 98 85 89 87 97 86 89 87 88 88 88 88 89 87 80 89 88 88 80 89 79 90 79 90 80 89 71 71 79 90 71 71 78 91 78 91 71 71 77 92 78 91 77 92 86 93 86 93 77 92 85 94 86 93 85 94 94 95 94 95 85 94 93 96 94 95 93 96 102 97 102 97 93 96 101 98 102 97 101 98 76 99 76 99 101 98 75 100 75 100 101 98 74 101 74 101 101 98 93 96 74 101 93 96 73 102 73 102 93 96 85 94 73 102 85 94 72 103 72 103 85 94 77 92 72 103 77 92 71 71 64 82 104 104 76 99 76 99 104 104 103 105 76 99 103 105 102 97 102 97 103 105 94 95 62 79 61 106 92 77 92 77 61 106 84 107 92 77 84 107 83 75 83 75 84 107 59 73 61 106 60 108 84 107 84 107 60 108 59 73 81 72 71 71 80 89 79 90 78 91 87 109 87 109 78 91 86 93 87 109 86 93 95 110 95 110 86 93 94 95 95 110 94 95 103 105 80 89 89 87 81 72 81 72 89 87 90 111 81 72 90 111 82 74 82 74 90 111 91 76 79 90 87 109 88 88 88 88 87 109 96 112 88 88 96 112 97 86 97 86 96 112 105 113 97 86 105 113 106 84 106 84 105 113 64 82 96 112 87 109 95 110 89 87 98 85 90 111 90 111 98 85 99 114 90 111 99 114 91 76 91 76 99 114 100 78 103 105 104 104 95 110 95 110 104 104 96 112 108 81 100 78 99 114 108 81 99 114 107 83 107 83 99 114 98 85 64 82 105 113 104 104 104 104 105 113 96 112 110 115 111 116 109 117 109 117 111 116 112 118 114 119 148 120 113 121 113 121 148 120 149 122 113 121 149 122 150 123 115 124 119 125 114 119 114 119 119 125 120 126 114 119 120 126 121 127 119 125 115 124 118 128 118 128 115 124 116 129 118 128 116 129 117 130 122 131 142 132 121 127 121 127 142 132 143 133 121 127 143 133 144 134 123 135 137 136 122 131 122 131 137 136 138 137 122 131 138 137 139 138 124 139 135 140 123 135 123 135 135 140 136 141 123 135 136 141 137 136 135 140 124 139 134 142 134 142 124 139 125 143 134 142 125 143 133 144 133 144 125 143 126 145 133 144 126 145 132 146 132 146 126 145 127 147 132 146 127 147 131 148 131 148 127 147 128 149 131 148 128 149 130 150 130 150 128 149 129 151 130 150 129 151 153 152 153 152 129 151 113 121 153 152 113 121 152 153 152 153 113 121 151 154 151 154 113 121 150 123 139 138 140 155 122 131 122 131 140 155 141 156 122 131 141 156 142 132 144 134 145 157 121 127 121 127 145 157 114 119 145 157 146 158 114 119 114 119 146 158 147 159 114 119 147 159 148 120 155 160 177 161 154 162 154 162 177 161 178 163 154 162 178 163 179 164 156 165 160 166 155 160 155 160 160 166 161 167 155 160 161 167 162 168 160 166 156 165 159 169 159 169 156 165 157 170 159 169 157 170 158 171 163 172 171 173 162 168 162 168 171 173 172 174 162 168 172 174 173 175 164 176 190 177 163 172 163 172 190 177 191 178 163 172 191 178 192 179 165 180 188 181 164 176 164 176 188 181 189 182 164 176 189 182 190 177 188 181 165 180 187 183 187 183 165 180 166 184 187 183 166 184 186 185 186 185 166 184 167 186 186 185 167 186 185 187 185 187 167 186 168 188 185 187 168 188 184 189 184 189 168 188 169 190 184 189 169 190 183 191 183 191 169 190 170 192 183 191 170 192 182 193 182 193 170 192 154 162 182 193 154 162 181 194 181 194 154 162 180 195 180 195 154 162 179 164 173 175 174 196 162 168 162 168 174 196 155 160 174 196 175 197 155 160 155 160 175 197 176 198 155 160 176 198 177 161 192 179 193 199 163 172 163 172 193 199 194 200 163 172 194 200 171 173 196 201 224 202 195 203 195 203 224 202 225 204 195 203 225 204 226 205 197 206 203 207 196 201 196 201 203 207 221 208 196 201 221 208 222 209 197 206 198 210 203 207 203 207 198 210 202 211 202 211 198 210 199 212 202 211 199 212 201 213 201 213 199 212 200 214 204 215 218 216 203 207 203 207 218 216 219 217 203 207 219 217 220 218 205 219 213 220 204 215 204 215 213 220 214 221 204 215 214 221 215 222 213 220 205 219 212 223 212 223 205 219 206 224 212 223 206 224 235 225 235 225 206 224 207 226 235 225 207 226 234 227 234 227 207 226 208 228 234 227 208 228 233 229 233 229 208 228 209 230 233 229 209 230 232 231 232 231 209 230 210 232 232 231 210 232 231 233 231 233 210 232 211 234 231 233 211 234 230 235 230 235 211 234 229 236 229 236 211 234 195 203 229 236 195 203 228 237 228 237 195 203 227 238 227 238 195 203 226 205 215 222 216 239 204 215 204 215 216 239 217 240 204 215 217 240 218 216 220 218 221 208 203 207 222 209 223 241 196 201 196 201 223 241 224 202 237 242 253 243 236 244 236 244 253 243 254 245 236 244 254 245 255 246 238 247 244 248 237 242 237 242 244 248 274 249 237 242 274 249 275 250 238 247 239 251 244 248 244 248 239 251 243 252 243 252 239 251 240 253 243 252 240 253 242 254 242 254 240 253 241 255 245 256 271 257 244 248 244 248 271 257 272 258 244 248 272 258 273 259 246 260 266 261 245 256 245 256 266 261 267 262 245 256 267 262 268 263 266 261 246 260 265 264 265 264 246 260 247 265 265 264 247 265 264 266 264 266 247 265 248 267 264 266 248 267 263 268 263 268 248 267 249 269 263 268 249 269 262 270 262 270 249 269 250 271 262 270 250 271 261 272 261 272 250 271 251 273 261 272 251 273 260 274 260 274 251 273 252 275 260 274 252 275 259 276 259 276 252 275 258 277 258 277 252 275 236 244 258 277 236 244 257 278 257 278 236 244 256 279 256 279 236 244 255 246 268 263 269 280 245 256 245 256 269 280 270 281 245 256 270 281 271 257 273 259 274 249 244 248 275 250 276 282 237 242 237 242 276 282 253 243 278 283 324 284 277 285 277 285 324 284 301 286 277 285 301 286 300 287 300 287 301 286 302 288 300 287 302 288 299 289 299 289 302 288 303 290 299 289 303 290 298 291 298 291 303 290 304 292 298 291 304 292 297 293 297 293 304 292 305 294 297 293 305 294 296 295 296 295 305 294 306 296 296 295 306 296 295 297 295 297 306 296 307 298 295 297 307 298 294 299 294 299 307 298 308 300 294 299 308 300 293 301 293 301 308 300 309 302 293 301 309 302 292 303 292 303 309 302 310 304 292 303 310 304 291 305 291 305 310 304 311 306 291 305 311 306 290 307 290 307 311 306 312 308 290 307 312 308 289 309 289 309 312 308 313 310 289 309 313 310 288 311 288 311 313 310 314 312 288 311 314 312 287 313 287 313 314 312 315 314 287 313 315 314 286 315 286 315 315 314 316 316 286 315 316 316 285 317 285 317 316 316 317 318 285 317 317 318 284 319 284 319 317 318 318 320 284 319 318 320 283 321 283 321 318 320 319 322 283 321 319 322 282 323 282 323 319 322 320 324 282 323 320 324 281 325 281 325 320 324 321 326 281 325 321 326 280 327 280 327 321 326 322 328 280 327 322 328 279 329 279 329 322 328 323 330 279 329 323 330 278 283 278 283 323 330 324 284 326 331 372 332 325 333 325 333 372 332 349 334 325 333 349 334 348 335 348 335 349 334 350 336 348 335 350 336 347 337 347 337 350 336 351 338 347 337 351 338 346 339 346 339 351 338 352 340 346 339 352 340 345 341 345 341 352 340 353 342 345 341 353 342 344 343 344 343 353 342 354 344 344 343 354 344 343 345 343 345 354 344 355 346 343 345 355 346 342 347 342 347 355 346 356 348 342 347 356 348 341 349 341 349 356 348 357 350 341 349 357 350 340 351 340 351 357 350 358 352 340 351 358 352 339 353 339 353 358 352 359 354 339 353 359 354 338 355 338 355 359 354 360 356 338 355 360 356 337 357 337 357 360 356 361 358 337 357 361 358 336 359 336 359 361 358 362 360 336 359 362 360 335 361 335 361 362 360 363 362 335 361 363 362 334 363 334 363 363 362 364 364 334 363 364 364 333 365 333 365 364 364 365 366 333 365 365 366 332 367 332 367 365 366 366 368 332 367 366 368 331 369 331 369 366 368 367 370 331 369 367 370 330 371 330 371 367 370 368 372 330 371 368 372 329 373 329 373 368 372 369 374 329 373 369 374 328 375 328 375 369 374 370 376 328 375 370 376 327 377 327 377 370 376 371 378 327 377 371 378 326 331 326 331 371 378 372 332 374 379 420 380 373 381 373 381 420 380 397 382 373 381 397 382 396 383 396 383 397 382 398 384 396 383 398 384 395 385 395 385 398 384 399 386 395 385 399 386 394 387 394 387 399 386 400 388 394 387 400 388 393 389 393 389 400 388 401 390 393 389 401 390 392 391 392 391 401 390 402 392 392 391 402 392 391 393 391 393 402 392 403 394 391 393 403 394 390 395 390 395 403 394 404 396 390 395 404 396 389 397 389 397 404 396 405 398 389 397 405 398 388 399 388 399 405 398 406 400 388 399 406 400 387 401 387 401 406 400 407 402 387 401 407 402 386 403 386 403 407 402 408 404 386 403 408 404 385 405 385 405 408 404 409 406 385 405 409 406 384 407 384 407 409 406 410 408 384 407 410 408 383 409 383 409 410 408 411 410 383 409 411 410 382 411 382 411 411 410 412 412 382 411 412 412 381 413 381 413 412 412 413 414 381 413 413 414 380 415 380 415 413 414 414 416 380 415 414 416 379 417 379 417 414 416 415 418 379 417 415 418 378 419 378 419 415 418 416 420 378 419 416 420 377 421 377 421 416 420 417 422 377 421 417 422 376 423 376 423 417 422 418 424 376 423 418 424 375 425 375 425 418 424 419 426 375 425 419 426 374 379 374 379 419 426 420 380 446 427 421 428 445 429 445 429 421 428 422 430 445 429 422 430 444 431 444 431 422 430 423 432 444 431 423 432 443 433 443 433 423 432 424 434 443 433 424 434 442 435 442 435 424 434 425 436 442 435 425 436 441 437 441 437 425 436 426 438 441 437 426 438 440 439 440 439 426 438 427 440 440 439 427 440 439 441 439 441 427 440 428 442 439 441 428 442 438 443 438 443 428 442 429 444 438 443 429 444 437 445 437 445 429 444 430 446 437 445 430 446 436 447 436 447 430 446 431 448 436 447 431 448 435 449 435 449 431 448 432 450 435 449 432 450 434 451 434 451 432 450 433 452 448 453 494 454 447 455 447 455 494 454 471 456 447 455 471 456 470 457 470 457 471 456 472 458 470 457 472 458 469 459 469 459 472 458 473 460 469 459 473 460 468 461 468 461 473 460 474 462 468 461 474 462 467 463 467 463 474 462 475 464 467 463 475 464 466 465 466 465 475 464 476 466 466 465 476 466 465 467 465 467 476 466 477 468 465 467 477 468 464 469 464 469 477 468 478 470 464 469 478 470 463 471 463 471 478 470 479 472 463 471 479 472 462 473 462 473 479 472 480 474 462 473 480 474 461 475 461 475 480 474 481 476 461 475 481 476 460 477 460 477 481 476 482 478 460 477 482 478 459 479 459 479 482 478 483 480 459 479 483 480 458 481 458 481 483 480 484 482 458 481 484 482 457 483 457 483 484 482 485 484 457 483 485 484 456 485 456 485 485 484 486 486 456 485 486 486 455 487 455 487 486 486 487 488 455 487 487 488 454 489 454 489 487 488 488 490 454 489 488 490 453 491 453 491 488 490 489 492 453 491 489 492 452 493 452 493 489 492 490 494 452 493 490 494 451 495 451 495 490 494 491 496 451 495 491 496 450 497 450 497 491 496 492 498 450 497 492 498 449 499 449 499 492 498 493 500 449 499 493 500 448 453 448 453 493 500 494 454 496 501 550 502 495 503 495 503 550 502 523 504 495 503 523 504 522 505 522 505 523 504 524 506 522 505 524 506 521 507 521 507 524 506 525 508 521 507 525 508 520 509 520 509 525 508 526 510 520 509 526 510 519 511 519 511 526 510 527 512 519 511 527 512 518 513 518 513 527 512 528 514 518 513 528 514 517 515 517 515 528 514 529 516 517 515 529 516 516 517 516 517 529 516 530 518 516 517 530 518 515 519 515 519 530 518 531 520 515 519 531 520 514 521 514 521 531 520 532 522 514 521 532 522 513 523 513 523 532 522 533 524 513 523 533 524 512 525 512 525 533 524 534 526 512 525 534 526 511 527 511 527 534 526 535 528 511 527 535 528 510 529 510 529 535 528 536 530 510 529 536 530 509 531 509 531 536 530 537 532 509 531 537 532 508 533 508 533 537 532 538 534 508 533 538 534 507 535 507 535 538 534 539 536 507 535 539 536 506 537 506 537 539 536 540 538 506 537 540 538 505 539 505 539 540 538 541 540 505 539 541 540 504 541 504 541 541 540 542 542 504 541 542 542 503 543 503 543 542 542 543 544 503 543 543 544 502 545 502 545 543 544 544 546 502 545 544 546 501 547 501 547 544 546 545 548 501 547 545 548 500 549 500 549 545 548 546 550 500 549 546 550 499 551 499 551 546 550 547 552 499 551 547 552 498 553 498 553 547 552 548 554 498 553 548 554 497 555 497 555 548 554 549 556 497 555 549 556 496 501 496 501 549 556 550 502 552 557 582 558 551 559 551 559 582 558 583 560 551 559 583 560 581 561 581 561 583 560 584 562 581 561 584 562 580 563 580 563 584 562 585 564 580 563 585 564 579 565 579 565 585 564 586 566 579 565 586 566 578 567 578 567 586 566 587 568 578 567 587 568 577 569 577 569 587 568 588 570 577 569 588 570 576 571 576 571 588 570 589 572 576 571 589 572 575 573 575 573 589 572 590 574 575 573 590 574 574 575 574 575 590 574 591 576 574 575 591 576 573 577 573 577 591 576 592 578 573 577 592 578 572 579 572 579 592 578 593 580 572 579 593 580 571 581 571 581 593 580 594 582 571 581 594 582 570 583 570 583 594 582 595 584 570 583 595 584 569 585 569 585 595 584 596 586 569 585 596 586 568 587 568 587 596 586 597 588 568 587 597 588 567 589 567 589 597 588 598 590 567 589 598 590 566 591 566 591 598 590 599 592 566 591 599 592 565 593 565 593 599 592 600 594 565 593 600 594 564 595 564 595 600 594 601 596 564 595 601 596 563 597 563 597 601 596 602 598 563 597 602 598 562 599 562 599 602 598 603 600 562 599 603 600 561 601 561 601 603 600 604 602 561 601 604 602 560 603 560 603 604 602 605 604 560 603 605 604 559 605 559 605 605 604 606 606 559 605 606 606 558 607 558 607 606 606 607 608 558 607 607 608 557 609 557 609 607 608 608 610 557 609 608 610 556 611 556 611 608 610 609 612 556 611 609 612 555 613 555 613 609 612 610 614 555 613 610 614 554 615 554 615 610 614 611 616 554 615 611 616 553 617 553 617 611 616 612 618 553 617 612 618 552 557 552 557 612 618 582 558 664 619 613 620 663 621 663 621 613 620 614 622 663 621 614 622 662 623 662 623 614 622 615 624 662 623 615 624 661 625 661 625 615 624 616 626 661 625 616 626 660 627 660 627 616 626 617 628 660 627 617 628 659 629 659 629 617 628 618 630 659 629 618 630 658 631 658 631 618 630 619 632 658 631 619 632 657 633 657 633 619 632 620 634 657 633 620 634 656 635 656 635 620 634 621 636 656 635 621 636 655 637 655 637 621 636 622 638 655 637 622 638 654 639 654 639 622 638 623 640 654 639 623 640 653 641 653 641 623 640 624 642 653 641 624 642 652 643 652 643 624 642 625 644 652 643 625 644 651 645 651 645 625 644 650 646 650 646 625 644 626 647 650 646 626 647 649 648 649 648 626 647 627 649 649 648 627 649 648 650 648 650 627 649 628 651 648 650 628 651 647 652 647 652 628 651 629 653 647 652 629 653 646 654 646 654 629 653 630 655 646 654 630 655 645 656 645 656 630 655 631 657 645 656 631 657 644 658 644 658 631 657 632 659 644 658 632 659 643 660 643 660 632 659 633 661 643 660 633 661 642 662 642 662 633 661 634 663 642 662 634 663 641 664 641 664 634 663 635 665 641 664 635 665 640 666 640 666 635 665 636 667 640 666 636 667 639 668 639 668 636 667 637 669 639 668 637 669 638 670 666 671 65 69 665 672 665 672 65 69 671 673 671 673 65 69 64 70 671 673 64 70 670 674 670 674 64 70 669 675 669 675 64 70 668 676 668 676 64 70 667 677 666 678 673 679 65 680 65 680 673 679 674 681 65 680 674 681 675 682 666 678 672 683 673 679 65 680 675 682 66 684 66 684 675 682 676 685 66 684 676 685 67 686 67 686 676 685 68 687 68 687 676 685 677 688 68 687 677 688 69 689 69 689 677 688 70 690 70 690 677 688 55 691 55 691 677 688 678 692 55 691 678 692 679 693 679 693 680 694 55 691 55 691 680 694 56 695 56 695 680 694 681 696 56 695 681 696 682 697 683 698 720 699 682 697 682 697 720 699 721 700 682 697 721 700 722 701 684 702 718 703 683 698 683 698 718 703 719 704 683 698 719 704 720 699 718 703 684 702 717 705 717 705 684 702 685 706 717 705 685 706 686 707 686 707 687 708 717 705 717 705 687 708 716 709 716 709 687 708 688 710 716 709 688 710 689 711 716 709 689 711 715 712 715 712 689 711 690 713 715 712 690 713 714 714 714 714 690 713 713 715 713 715 690 713 691 716 713 715 691 716 712 717 712 717 691 716 711 718 711 718 691 716 710 719 710 719 691 716 692 720 710 719 692 720 693 721 693 721 694 722 710 719 710 719 694 722 709 723 709 723 694 722 695 724 709 723 695 724 696 725 697 726 706 727 696 725 696 725 706 727 707 728 696 725 707 728 708 729 698 730 704 731 697 726 697 726 704 731 705 732 697 726 705 732 706 727 704 731 698 730 703 733 703 733 698 730 699 734 703 733 699 734 700 735 701 736 702 737 700 735 700 735 702 737 703 733 708 729 709 723 696 725 722 701 56 695 682 697 724 738 743 739 723 740 723 740 743 739 744 741 723 740 744 741 745 742 725 743 738 744 724 738 724 738 738 744 739 745 724 738 739 745 740 746 726 747 734 748 725 743 725 743 734 748 735 749 725 743 735 749 736 750 727 751 728 752 726 747 726 747 728 752 729 753 726 747 729 753 730 754 730 754 731 755 726 747 726 747 731 755 732 756 726 747 732 756 734 748 734 748 732 756 733 757 736 750 737 758 725 743 725 743 737 758 738 744 740 746 741 759 724 738 724 738 741 759 742 760 724 738 742 760 743 739 745 742 746 761 723 740 723 740 746 761 747 762 723 740 747 762 748 763 723 740 748 763 767 764 767 764 748 763 749 765 767 764 749 765 750 766 750 766 751 767 767 764 767 764 751 767 766 768 766 768 751 767 765 769 765 769 751 767 764 770 764 770 751 767 763 771 763 771 751 767 762 772 762 772 751 767 761 773 761 773 751 767 752 774 761 773 752 774 760 775 760 775 752 774 754 776 760 775 754 776 755 777 752 774 753 778 754 776 755 777 756 779 760 775 760 775 756 779 757 780 760 775 757 780 758 781 758 781 759 782 760 775 769 783 782 784 768 785 768 785 782 784 783 786 768 785 783 786 784 787 770 788 778 789 769 783 769 783 778 789 779 790 769 783 779 790 780 791 771 792 772 793 770 788 770 788 772 793 773 794 770 788 773 794 774 795 774 795 775 796 770 788 770 788 775 796 776 797 770 788 776 797 778 789 778 789 776 797 777 798 780 791 781 799 769 783 769 783 781 799 782 784 784 787 785 800 768 785 768 785 785 800 786 801 768 785 786 801 787 802 768 785 787 802 812 803 812 803 787 802 788 804 812 803 788 804 789 805 789 805 790 806 812 803 812 803 790 806 791 807 812 803 791 807 792 808 812 803 792 808 811 809 811 809 792 808 793 810 811 809 793 810 794 811 794 811 795 812 811 809 811 809 795 812 810 813 810 813 795 812 809 814 809 814 795 812 808 815 808 815 795 812 807 816 807 816 795 812 806 817 806 817 795 812 805 818 805 818 795 812 796 819 805 818 796 819 804 820 804 820 796 819 798 821 804 820 798 821 799 822 796 819 797 823 798 821 799 822 800 824 804 820 804 820 800 824 801 825 804 820 801 825 802 826 802 826 803 827 804 820 814 828 827 829 813 830 813 830 827 829 640 831 813 830 640 831 639 832 814 828 815 833 827 829 827 829 815 833 816 834 827 829 816 834 817 835 817 835 818 836 827 829 827 829 818 836 819 837 827 829 819 837 826 838 826 838 819 837 820 839 826 838 820 839 821 840 821 840 822 841 826 838 826 838 822 841 823 842 826 838 823 842 824 843 824 843 825 844 826 838 826 838 825 844 662 845 826 838 662 845 661 846 664 847 663 848 825 844 825 844 663 848 662 845 827 829 641 849 640 831 639 832 638 850 813 830 814 851 813 852 828 853 828 853 813 852 829 854 828 853 829 854 830 855 828 853 830 855 831 856 831 856 830 855 825 857 831 856 825 857 824 858 446 859 445 860 832 861 832 861 445 860 595 862 832 861 595 862 594 863 445 860 444 864 595 862 595 862 444 864 443 865 595 862 443 865 596 866 596 866 443 865 442 867 596 866 442 867 597 868 597 868 442 867 441 869 597 868 441 869 440 870 597 868 440 870 598 871 598 871 440 870 439 872 598 871 439 872 438 873 598 871 438 873 599 874 599 874 438 873 437 875 599 874 437 875 600 876 600 876 437 875 436 877 600 876 436 877 435 878 434 879 833 880 435 878 435 878 833 880 600 876 600 876 833 880 601 881 601 881 833 880 637 882 601 881 637 882 602 883 602 883 637 882 603 884 603 884 637 882 604 885 604 885 637 882 636 886 604 885 636 886 635 887 604 885 635 887 605 888 605 888 635 887 634 889 605 888 634 889 606 890 606 890 634 889 633 891 606 890 633 891 607 892 607 892 633 891 632 893 607 892 632 893 608 894 608 894 632 893 631 895 608 894 631 895 630 896 608 894 630 896 609 897 609 897 630 896 629 898 609 897 629 898 610 899 610 899 629 898 628 900 610 899 628 900 611 901 611 901 628 900 627 902 611 901 627 902 612 903 612 903 627 902 626 904 612 903 626 904 582 905 582 905 626 904 625 906 582 905 625 906 624 907 582 905 624 907 583 908 583 908 624 907 623 909 583 908 623 909 584 910 584 910 623 909 622 911 584 910 622 911 585 912 585 912 622 911 621 913 585 912 621 913 586 914 586 914 621 913 620 915 586 914 620 915 587 916 587 916 620 915 619 917 587 916 619 917 618 918 587 916 618 918 588 919 588 919 618 918 617 920 588 919 617 920 589 921 589 921 617 920 616 922 589 921 616 922 590 923 590 923 616 922 615 924 590 923 615 924 591 925 591 925 615 924 614 926 591 925 614 926 613 927 832 861 594 863 613 927 613 927 594 863 593 928 613 927 593 928 592 929 592 929 591 925 613 927 446 930 832 931 421 932 421 932 832 931 834 933 421 932 834 933 433 934 433 934 834 933 835 935 433 934 835 935 833 936 833 936 434 937 433 934 661 846 660 938 836 939 836 939 660 938 659 940 836 939 659 940 658 941 658 941 657 942 836 939 836 939 657 942 656 943 836 939 656 943 655 944 655 944 654 945 836 939 836 939 654 945 653 946 805 947 804 948 838 949 838 949 804 948 837 950 770 951 769 952 842 953 842 953 769 952 839 954 842 953 839 954 841 955 841 955 839 954 840 956 761 957 760 958 844 959 844 959 760 958 843 960 726 961 725 962 848 963 848 963 725 962 845 964 848 963 845 964 847 965 847 965 845 964 846 966 850 967 878 968 849 969 849 969 878 968 879 970 849 969 879 970 876 971 876 971 879 970 875 972 875 972 879 970 874 973 874 973 879 970 873 974 873 974 879 970 872 975 872 975 879 970 871 976 871 976 879 970 880 977 871 976 880 977 870 978 870 978 880 977 869 979 869 979 880 977 868 980 868 980 880 977 867 981 867 981 880 977 866 982 866 982 880 977 865 983 865 983 880 977 864 984 864 984 880 977 877 985 864 984 877 985 863 986 863 986 877 985 862 987 862 987 877 985 861 988 861 988 877 985 860 989 860 989 877 985 859 990 859 990 877 985 858 991 858 991 877 985 857 992 857 992 877 985 878 968 857 992 878 968 856 993 856 993 878 968 855 994 855 994 878 968 854 995 854 995 878 968 853 996 853 996 878 968 852 997 852 997 878 968 851 998 851 998 878 968 850 967 881 999 882 1000 723 1001 723 1001 882 1000 864 1002 723 1001 864 1002 888 1003 888 1003 864 1002 863 1004 888 1003 863 1004 887 1005 887 1005 863 1004 885 1006 887 1005 885 1006 886 1007 863 1004 883 1008 885 1006 885 1006 883 1008 884 1009 888 1003 724 1010 723 1001 889 1011 890 1012 812 1013 812 1013 890 1012 850 1014 812 1013 850 1014 896 1015 896 1015 850 1014 895 1016 895 1016 850 1014 849 1017 895 1016 849 1017 893 1018 893 1018 849 1017 891 1019 893 1018 891 1019 892 1020 893 1018 894 1021 895 1016 896 1015 768 1022 812 1013 897 1023 898 1024 111 1025 111 1025 898 1024 112 1026 112 1026 898 1024 13 16 112 1026 13 16 12 40 909 1027 899 1028 908 1029 908 1029 899 1028 900 1030 908 1029 900 1030 901 1031 901 1031 902 1032 908 1029 908 1029 902 1032 903 1033 908 1029 903 1033 907 1034 907 1034 903 1033 904 1035 907 1034 904 1035 905 1036 905 1036 906 1037 907 1034 907 1034 906 1037 667 1038 907 1034 667 1038 64 82 64 82 76 99 907 1034 52 1039 57 1040 910 1041 910 1041 57 1040 911 1042 913 1043 871 1044 912 1045 912 1045 871 1044 870 1046 857 1047 856 1048 915 1049 915 1049 856 1048 914 1050 916 1051 917 1052 919 1053 919 1053 917 1052 918 1054 894 1055 947 1056 839 1057 839 1057 947 1056 948 1058 839 1057 948 1058 949 1059 893 1060 942 1061 894 1055 894 1055 942 1061 943 1062 894 1055 943 1062 944 1063 920 1064 937 1065 893 1060 893 1060 937 1065 938 1066 893 1060 938 1066 939 1067 921 1068 934 1069 920 1064 920 1064 934 1069 935 1070 920 1064 935 1070 936 1071 921 1068 922 1072 934 1069 934 1069 922 1072 923 1073 934 1069 923 1073 924 1074 924 1074 925 1075 934 1069 934 1069 925 1075 919 1076 934 1069 919 1076 933 1077 933 1077 919 1076 918 1078 933 1077 918 1078 931 1079 931 1079 918 1078 930 1080 930 1080 918 1078 929 1081 929 1081 918 1078 928 1082 928 1082 918 1078 927 1083 927 1083 918 1078 926 1084 931 1079 932 1085 933 1077 936 1071 937 1065 920 1064 939 1067 940 1086 893 1060 893 1060 940 1086 941 1087 893 1060 941 1087 942 1061 944 1063 945 1088 894 1055 894 1055 945 1088 946 1089 894 1055 946 1089 947 1056 949 1059 950 1090 839 1057 839 1057 950 1090 951 1091 839 1057 951 1091 840 1092 840 1092 951 1091 953 1093 840 1092 953 1093 954 1094 951 1091 952 1095 953 1093 954 1094 955 1096 840 1092 840 1092 955 1096 956 1097 840 1092 956 1097 957 1098 957 1098 958 1099 840 1092 811 1100 960 1101 812 1102 812 1102 960 1101 907 1103 812 1102 907 1103 889 1104 811 1100 959 1105 960 1101 892 1106 908 1107 893 1108 893 1108 908 1107 961 1109 893 1108 961 1109 920 1110 920 1110 961 1109 962 1111 963 1112 964 1113 980 1114 980 1114 964 1113 979 1115 979 1115 964 1113 978 1116 978 1116 964 1113 965 1117 978 1116 965 1117 977 1118 977 1118 965 1117 966 1119 977 1118 966 1119 967 1120 968 1121 975 1122 967 1120 967 1120 975 1122 976 1123 967 1120 976 1123 977 1118 968 1121 969 1124 975 1122 975 1122 969 1124 974 1125 974 1125 969 1124 973 1126 973 1126 969 1124 970 1127 973 1126 970 1127 971 1128 961 1129 908 1130 971 1128 971 1128 908 1130 907 1131 971 1128 907 1131 972 1132 972 1132 907 1131 960 1133 972 1132 973 1126 971 1128 767 1134 109 1135 723 1136 723 1136 109 1135 112 1137 723 1136 112 1137 881 1138 767 1134 981 1139 109 1135 884 1140 111 1141 885 1142 885 1142 111 1141 110 1143 885 1142 110 1143 983 1144 983 1144 110 1143 982 1145 886 1146 1012 1147 845 1148 845 1148 1012 1147 1013 1149 845 1148 1013 1149 1014 1150 885 1151 1007 1152 886 1146 886 1146 1007 1152 1008 1153 886 1146 1008 1153 1009 1154 983 1155 1002 1156 885 1151 885 1151 1002 1156 1003 1157 885 1151 1003 1157 1004 1158 984 1159 999 1160 983 1155 983 1155 999 1160 1000 1161 983 1155 1000 1161 1001 1162 984 1159 985 1163 999 1160 999 1160 985 1163 986 1164 999 1160 986 1164 987 1165 987 1165 988 1166 999 1160 999 1160 988 1166 989 1167 999 1160 989 1167 998 1168 998 1168 989 1167 990 1169 998 1168 990 1169 996 1170 996 1170 990 1169 995 1171 995 1171 990 1169 994 1172 994 1172 990 1169 993 1173 993 1173 990 1169 992 1174 992 1174 990 1169 991 1175 996 1170 997 1176 998 1168 1001 1162 1002 1156 983 1155 1004 1158 1005 1177 885 1151 885 1151 1005 1177 1006 1178 885 1151 1006 1178 1007 1152 1009 1154 1010 1179 886 1146 886 1146 1010 1179 1011 1180 886 1146 1011 1180 1012 1147 1014 1150 1015 1181 845 1148 845 1148 1015 1181 1016 1182 845 1148 1016 1182 846 1183 846 1183 1016 1182 1018 1184 846 1183 1018 1184 1019 1185 1016 1182 1017 1186 1018 1184 1019 1185 1020 1187 846 1183 846 1183 1020 1187 1021 1188 846 1183 1021 1188 1022 1189 1022 1189 1023 1190 846 1183 1024 1191 1025 1192 989 1193 989 1193 1025 1192 990 1194 672 1195 1026 1196 673 1197 673 1197 1026 1196 1037 1198 1037 1198 1026 1196 1027 1199 1037 1198 1027 1199 1028 1200 1028 1200 1029 1201 1037 1198 1037 1198 1029 1201 1030 1202 1037 1198 1030 1202 1031 1203 1037 1198 1031 1203 1036 1204 1036 1204 1031 1203 1032 1205 1036 1204 1032 1205 1033 1206 1033 1206 1034 1207 1036 1204 1036 1204 1034 1207 1035 1208 1036 1204 1035 1208 700 1209 700 1209 1035 1208 701 1210 1039 1211 694 1212 1038 1213 1038 1213 694 1212 693 1214 1040 1215 1041 1216 686 1217 686 1217 1041 1216 687 1218 680 1219 679 1220 1043 1221 1043 1221 679 1220 1042 1222 1044 1223 1045 1224 1079 1225 1079 1225 1045 1224 1078 1226 1078 1226 1045 1224 1046 1227 1078 1226 1046 1227 1077 1228 1077 1228 1046 1227 1047 1229 1077 1228 1047 1229 1076 1230 1076 1230 1047 1229 1058 1231 1076 1230 1058 1231 1065 1232 1065 1232 1058 1231 1064 1233 1064 1233 1058 1231 1059 1234 1064 1233 1059 1234 1063 1235 1063 1235 1059 1234 1060 1236 1063 1235 1060 1236 1061 1237 1058 1231 1047 1229 1057 1238 1057 1238 1047 1229 1048 1239 1057 1238 1048 1239 1056 1240 1056 1240 1048 1239 1049 1241 1056 1240 1049 1241 1055 1242 1055 1242 1049 1241 1050 1243 1055 1242 1050 1243 1054 1244 1054 1244 1050 1243 1051 1245 1054 1244 1051 1245 1053 1246 1053 1246 1051 1245 1052 1247 1061 1237 1062 1248 1063 1235 1076 1230 1065 1232 1075 1249 1075 1249 1065 1232 1066 1250 1075 1249 1066 1250 1074 1251 1074 1251 1066 1250 1067 1252 1074 1251 1067 1252 1073 1253 1073 1253 1067 1252 1068 1254 1073 1253 1068 1254 1072 1255 1072 1255 1068 1254 1069 1256 1072 1255 1069 1256 1071 1257 1071 1257 1069 1256 1070 1258 1080 1259 879 1260 649 1261 649 1261 879 1260 878 1262 649 1261 878 1262 653 1263 653 1263 878 1262 836 1264 836 1265 878 1266 661 625 661 625 878 1266 877 1267 661 625 877 1267 826 1268 880 1269 827 1270 877 1271 877 1271 827 1270 826 1272 827 1273 880 1274 641 664 641 664 880 1274 879 1275 641 664 879 1275 1080 1276 649 1277 648 1278 1080 1279 1080 1279 648 1278 647 1280 1080 1279 647 1280 646 1281 646 1281 645 1282 1080 1279 1080 1279 645 1282 644 1283 1080 1279 644 1283 643 1284 643 1284 642 1285 1080 1279 1080 1279 642 1285 641 849 1082 1286 1018 1287 1081 1288 1081 1288 1018 1287 1017 1289 997 1290 996 1291 1084 1292 1084 1292 996 1291 1083 1293 1085 1294 1086 1295 753 1296 753 1296 1086 1295 754 1297 732 1298 1087 1299 733 1300 733 1300 1087 1299 1088 1301 1090 1302 953 1303 1089 1304 1089 1304 953 1303 952 1305 932 1306 931 1307 1092 1308 1092 1308 931 1307 1091 1309 1093 1310 1094 1311 797 1312 797 1312 1094 1311 798 1313 776 1314 1095 1315 777 1316 777 1316 1095 1315 1096 1317 1024 1191 989 1193 1101 1318 1101 1318 989 1193 988 1319 1101 1318 988 1319 1100 1320 1100 1320 988 1319 987 1321 1100 1320 987 1321 1099 1322 1099 1322 987 1321 986 1323 1099 1322 986 1323 1098 1324 1098 1324 986 1323 985 1325 1098 1324 985 1325 1097 1326 1097 1326 985 1325 984 1327 1097 1326 984 1327 982 1145 982 1145 984 1327 983 1144 981 1139 767 1134 1106 1328 1106 1328 767 1134 766 1329 1106 1328 766 1329 1105 1330 1105 1330 766 1329 765 1331 1105 1330 765 1331 1104 1332 1104 1332 765 1331 764 1333 1104 1332 764 1333 1103 1334 1103 1334 764 1333 763 1335 1103 1334 763 1335 1102 1336 1102 1336 763 1335 762 1337 1102 1336 762 1337 844 959 844 959 762 1337 761 957 959 1105 811 1100 1111 1338 1111 1338 811 1100 810 1339 1111 1338 810 1339 1110 1340 1110 1340 810 1339 809 1341 1110 1340 809 1341 1109 1342 1109 1342 809 1341 808 1343 1109 1342 808 1343 1108 1344 1108 1344 808 1343 807 1345 1108 1344 807 1345 1107 1346 1107 1346 807 1345 806 1347 1107 1346 806 1347 838 949 838 949 806 1347 805 947 916 1051 919 1053 1116 1348 1116 1348 919 1053 925 1349 1116 1348 925 1349 1115 1350 1115 1350 925 1349 924 1351 1115 1350 924 1351 1114 1352 1114 1352 924 1351 923 1353 1114 1352 923 1353 1113 1354 1113 1354 923 1353 922 1355 1113 1354 922 1355 1112 1356 1112 1356 922 1355 921 1357 1112 1356 921 1357 962 1111 962 1111 921 1357 920 1110 990 1194 1025 1192 991 1358 991 1358 1025 1192 1117 1359 991 1358 1117 1359 992 1360 992 1360 1117 1359 1118 1361 992 1360 1118 1361 993 1362 993 1362 1118 1361 1119 1363 993 1362 1119 1363 994 1364 994 1364 1119 1363 1120 1365 994 1364 1120 1365 995 1366 995 1366 1120 1365 1121 1367 995 1366 1121 1367 996 1291 996 1291 1121 1367 1083 1293 847 965 846 966 1126 1368 1126 1368 846 966 1023 1369 1126 1368 1023 1369 1125 1370 1125 1370 1023 1369 1022 1371 1125 1370 1022 1371 1124 1372 1124 1372 1022 1371 1021 1373 1124 1372 1021 1373 1123 1374 1123 1374 1021 1373 1020 1375 1123 1374 1020 1375 1122 1376 1122 1376 1020 1375 1019 1377 1122 1376 1019 1377 1082 1286 1082 1286 1019 1377 1018 1287 726 961 848 963 727 1378 727 1378 848 963 1127 1379 727 1378 1127 1379 728 1380 728 1380 1127 1379 1128 1381 728 1380 1128 1381 729 1382 729 1382 1128 1381 1129 1383 729 1382 1129 1383 730 1384 730 1384 1129 1383 1130 1385 730 1384 1130 1385 731 1386 731 1386 1130 1385 1131 1387 731 1386 1131 1387 732 1298 732 1298 1131 1387 1087 1299 843 960 760 958 1136 1388 1136 1388 760 958 759 1389 1136 1388 759 1389 1135 1390 1135 1390 759 1389 758 1391 1135 1390 758 1391 1134 1392 1134 1392 758 1391 757 1393 1134 1392 757 1393 1133 1394 1133 1394 757 1393 756 1395 1133 1394 756 1395 1132 1396 1132 1396 756 1395 755 1397 1132 1396 755 1397 1086 1295 1086 1295 755 1397 754 1297 837 950 804 948 1141 1398 1141 1398 804 948 803 1399 1141 1398 803 1399 1140 1400 1140 1400 803 1399 802 1401 1140 1400 802 1401 1139 1402 1139 1402 802 1401 801 1403 1139 1402 801 1403 1138 1404 1138 1404 801 1403 800 1405 1138 1404 800 1405 1137 1406 1137 1406 800 1405 799 1407 1137 1406 799 1407 1094 1311 1094 1311 799 1407 798 1313 770 951 842 953 771 1408 771 1408 842 953 1142 1409 771 1408 1142 1409 772 1410 772 1410 1142 1409 1143 1411 772 1410 1143 1411 773 1412 773 1412 1143 1411 1144 1413 773 1412 1144 1413 774 1414 774 1414 1144 1413 1145 1415 774 1414 1145 1415 775 1416 775 1416 1145 1415 1146 1417 775 1416 1146 1417 776 1314 776 1314 1146 1417 1095 1315 841 955 840 956 1151 1418 1151 1418 840 956 958 1419 1151 1418 958 1419 1150 1420 1150 1420 958 1419 957 1421 1150 1420 957 1421 1149 1422 1149 1422 957 1421 956 1423 1149 1422 956 1423 1148 1424 1148 1424 956 1423 955 1425 1148 1424 955 1425 1147 1426 1147 1426 955 1425 954 1427 1147 1426 954 1427 1090 1302 1090 1302 954 1427 953 1303 918 1054 917 1052 926 1428 926 1428 917 1052 1152 1429 926 1428 1152 1429 927 1430 927 1430 1152 1429 1153 1431 927 1430 1153 1431 928 1432 928 1432 1153 1431 1154 1433 928 1432 1154 1433 929 1434 929 1434 1154 1433 1155 1435 929 1434 1155 1435 930 1436 930 1436 1155 1435 1156 1437 930 1436 1156 1437 931 1307 931 1307 1156 1437 1091 1309 829 1438 813 1439 833 1440 833 1440 813 1439 638 1441 833 1440 638 1441 637 1442 833 1440 835 1443 829 1438 613 1444 664 1445 832 1446 832 1446 664 1445 825 1447 832 1446 825 1447 830 1448 830 1448 834 1449 832 1446 649 1450 653 1451 650 1452 650 1452 653 1451 652 1453 650 1452 652 1453 651 1454 829 1455 1157 1456 830 1457 830 1457 1157 1456 1158 1458 830 1457 1158 1458 1159 1459 829 1455 835 1460 1157 1456 1157 1456 835 1460 1160 1461 1160 1461 835 1460 834 1462 1160 1461 834 1462 1159 1459 1159 1459 834 1462 830 1457 1162 1463 1158 1464 1161 1465 1161 1465 1158 1464 1157 1466 1161 1467 1157 1468 1163 1469 1163 1469 1157 1468 1160 1470 1164 1471 1163 1472 1159 1473 1159 1473 1163 1472 1160 1474 1162 1475 1164 1476 1158 1477 1158 1477 1164 1476 1159 1478 1161 1479 1163 1480 1162 1481 1162 1481 1163 1480 1164 1482 552 1483 551 1484 523 1485 523 1485 551 1484 581 1486 523 1485 581 1486 524 1487 524 1487 581 1486 580 1488 524 1487 580 1488 525 1489 525 1489 580 1488 579 1490 525 1489 579 1490 526 1491 526 1491 579 1490 578 1492 526 1491 578 1492 527 1493 527 1493 578 1492 577 1494 527 1493 577 1494 528 1495 528 1495 577 1494 576 1496 528 1495 576 1496 529 1497 529 1497 576 1496 575 1498 529 1497 575 1498 530 1499 530 1499 575 1498 574 1500 530 1499 574 1500 531 1501 531 1501 574 1500 573 1502 531 1501 573 1502 532 1503 532 1503 573 1502 572 1504 532 1503 572 1504 571 1505 532 1503 571 1505 533 1506 533 1506 571 1505 570 1507 533 1506 570 1507 534 1508 534 1508 570 1507 569 1509 534 1508 569 1509 535 1510 535 1510 569 1509 568 1511 535 1510 568 1511 536 1512 536 1512 568 1511 567 1513 536 1512 567 1513 537 1514 537 1514 567 1513 566 1515 537 1514 566 1515 538 1516 538 1516 566 1515 565 1517 538 1516 565 1517 539 1518 539 1518 565 1517 564 1519 539 1518 564 1519 540 1520 540 1520 564 1519 563 1521 540 1520 563 1521 541 1522 541 1522 563 1521 562 1523 541 1522 562 1523 542 1524 542 1524 562 1523 561 1525 542 1524 561 1525 560 1526 542 1524 560 1526 543 1527 543 1527 560 1526 559 1528 543 1527 559 1528 544 1529 544 1529 559 1528 558 1530 544 1529 558 1530 545 1531 545 1531 558 1530 557 1532 545 1531 557 1532 546 1533 546 1533 557 1532 556 1534 546 1533 556 1534 547 1535 547 1535 556 1534 555 1536 547 1535 555 1536 548 1537 548 1537 555 1536 554 1538 548 1537 554 1538 549 1539 549 1539 554 1538 553 1540 549 1539 553 1540 550 1541 550 1541 553 1540 552 1483 550 1541 552 1483 523 1485 496 1542 495 1543 483 1544 483 1544 495 1543 522 1545 483 1544 522 1545 484 1546 484 1546 522 1545 521 1547 484 1546 521 1547 485 1548 485 1548 521 1547 520 1549 485 1548 520 1549 486 1550 486 1550 520 1549 519 1551 486 1550 519 1551 487 1552 487 1552 519 1551 518 1553 487 1552 518 1553 488 1554 488 1554 518 1553 517 1555 488 1554 517 1555 489 1556 489 1556 517 1555 516 1557 489 1556 516 1557 515 1558 489 1556 515 1558 490 1559 490 1559 515 1558 514 1560 490 1559 514 1560 491 1561 491 1561 514 1560 513 1562 491 1561 513 1562 492 1563 492 1563 513 1562 512 1564 492 1563 512 1564 493 1565 493 1565 512 1564 511 1566 493 1565 511 1566 494 1567 494 1567 511 1566 510 1568 494 1567 510 1568 471 1569 471 1569 510 1568 509 1570 471 1569 509 1570 508 1571 471 1569 508 1571 472 1572 472 1572 508 1571 507 1573 472 1572 507 1573 473 1574 473 1574 507 1573 506 1575 473 1574 506 1575 474 1576 474 1576 506 1575 505 1577 474 1576 505 1577 475 1578 475 1578 505 1577 504 1579 475 1578 504 1579 476 1580 476 1580 504 1579 503 1581 476 1580 503 1581 477 1582 477 1582 503 1581 502 1583 477 1582 502 1583 501 1584 477 1582 501 1584 478 1585 478 1585 501 1584 500 1586 478 1585 500 1586 479 1587 479 1587 500 1586 499 1588 479 1587 499 1588 480 1589 480 1589 499 1588 498 1590 480 1589 498 1590 481 1591 481 1591 498 1590 497 1592 481 1591 497 1592 482 1593 482 1593 497 1592 496 1542 482 1593 496 1542 483 1544 470 1594 460 1595 447 1596 447 1596 460 1595 459 1597 447 1596 459 1597 448 1598 448 1598 459 1597 458 1599 448 1598 458 1599 449 1600 449 1600 458 1599 457 1601 449 1600 457 1601 450 1602 450 1602 457 1601 456 1603 450 1602 456 1603 451 1604 451 1604 456 1603 455 1605 451 1604 455 1605 452 1606 452 1606 455 1605 454 1607 452 1606 454 1607 453 1608 460 1595 470 1594 461 1609 461 1609 470 1594 469 1610 461 1609 469 1610 462 1611 462 1611 469 1610 468 1612 462 1611 468 1612 463 1613 463 1613 468 1612 467 1614 463 1613 467 1614 464 1615 464 1615 467 1614 466 1616 464 1615 466 1616 465 1617 433 1618 432 1619 421 1620 421 1620 432 1619 422 1621 422 1621 432 1619 423 1622 423 1622 432 1619 431 1623 423 1622 431 1623 424 1624 424 1624 431 1623 430 1625 424 1624 430 1625 425 1626 425 1626 430 1625 429 1627 425 1626 429 1627 426 1628 426 1628 429 1627 428 1629 426 1628 428 1629 427 1630 828 1631 831 1632 1173 1633 1173 1633 831 1632 1165 1634 1173 1633 1165 1634 1166 1635 1173 1633 1166 1635 1172 1636 1172 1636 1166 1635 1167 1637 1172 1636 1167 1637 1171 1638 1171 1638 1167 1637 1168 1639 1171 1638 1168 1639 1170 1640 1170 1640 1168 1639 1169 1641 831 1642 824 1643 1165 1644 1165 1644 824 1643 823 1645 1165 1644 823 1645 1166 1646 1166 1646 823 1645 822 1647 1166 1646 822 1647 1167 1648 1167 1648 822 1647 821 1649 1167 1648 821 1649 1168 1650 1168 1650 821 1649 820 1651 1168 1650 820 1651 1169 1652 1169 1652 820 1651 819 1653 1169 1652 819 1653 1170 1654 1170 1654 819 1653 818 1655 1170 1654 818 1655 1171 1656 1171 1656 818 1655 817 1657 1171 1656 817 1657 1172 1658 1172 1658 817 1657 816 1659 1172 1658 816 1659 1173 1660 1173 1660 816 1659 815 1661 1173 1660 815 1661 828 1662 828 1662 815 1661 814 1663 768 1664 896 1665 769 1666 894 1667 839 1668 895 1669 886 1670 845 1671 887 1672 724 1673 888 1674 725 1675 839 1676 769 1677 895 1678 895 1678 769 1677 896 1679 888 1680 887 1681 725 1682 725 1682 887 1681 845 1683 855 1684 1179 1685 856 1048 856 1048 1179 1685 1180 1686 856 1048 1180 1686 914 1050 914 1050 1180 1686 1178 1687 1178 1687 1180 1686 1177 1688 1177 1688 1180 1686 1182 1689 1177 1688 1182 1689 1176 1690 1176 1690 1182 1689 1184 1691 1176 1690 1184 1691 1175 1692 1175 1692 1184 1691 1186 1693 1175 1692 1186 1693 1174 1694 1174 1694 1186 1693 1188 1695 1174 1694 1188 1695 890 1012 890 1012 1188 1695 1187 1696 890 1012 1187 1696 850 1014 850 1014 1187 1696 851 1697 851 1697 1187 1696 852 1698 852 1698 1187 1696 1185 1699 852 1698 1185 1699 853 1700 853 1700 1185 1699 1183 1701 853 1700 1183 1701 854 1702 854 1702 1183 1701 1181 1703 854 1702 1181 1703 855 1684 855 1684 1181 1703 1179 1685 1182 1689 1180 1686 1179 1685 1182 1689 1179 1685 1181 1703 1184 1691 1182 1689 1181 1703 1184 1691 1181 1703 1183 1701 1186 1693 1184 1691 1183 1701 1186 1693 1183 1701 1185 1699 1188 1695 1186 1693 1185 1699 1188 1695 1185 1699 1187 1696 876 1704 1194 1705 849 1017 849 1017 1194 1705 1195 1706 849 1017 1195 1706 891 1019 891 1019 1195 1706 1193 1707 1193 1707 1195 1706 1192 1708 1192 1708 1195 1706 1197 1709 1192 1708 1197 1709 1191 1710 1191 1710 1197 1709 1199 1711 1191 1710 1199 1711 1190 1712 1190 1712 1199 1711 1201 1713 1190 1712 1201 1713 1189 1714 1189 1714 1201 1713 1203 1715 1189 1714 1203 1715 913 1043 913 1043 1203 1715 1202 1716 913 1043 1202 1716 871 1044 871 1044 1202 1716 872 1717 872 1717 1202 1716 873 1718 873 1718 1202 1716 1200 1719 873 1718 1200 1719 874 1720 874 1720 1200 1719 1198 1721 874 1720 1198 1721 875 1722 875 1722 1198 1721 1196 1723 875 1722 1196 1723 876 1704 876 1704 1196 1723 1194 1705 1197 1709 1195 1706 1194 1705 1197 1709 1194 1705 1196 1723 1199 1711 1197 1709 1196 1723 1199 1711 1196 1723 1198 1721 1201 1713 1199 1711 1198 1721 1201 1713 1198 1721 1200 1719 1203 1715 1201 1713 1200 1719 1203 1715 1200 1719 1202 1716 1205 1724 1218 1725 1204 1726 1204 1726 1218 1725 1219 1727 1204 1726 1219 1727 1220 1728 1220 1728 1219 1727 1228 1729 1220 1728 1228 1729 1229 1730 1229 1730 1228 1729 1237 1731 1229 1730 1237 1731 1211 1732 1211 1732 1237 1731 1210 1733 1210 1733 1237 1731 1245 1734 1210 1733 1245 1734 909 1027 909 1027 1245 1734 1244 1735 909 1027 1244 1735 1243 1736 1243 1736 1244 1735 1235 1737 1243 1736 1235 1737 1234 1738 1234 1738 1235 1737 1226 1739 1234 1738 1226 1739 1225 1740 1225 1740 1226 1739 1217 1741 1225 1740 1217 1741 1216 1742 1216 1742 1217 1741 1205 1724 1216 1742 1205 1724 1215 1743 1215 1743 1205 1724 1214 1744 1215 1743 1214 1744 1223 1745 1223 1745 1214 1744 1222 1746 1223 1745 1222 1746 1231 1747 1231 1747 1222 1746 1230 1748 1231 1747 1230 1748 1239 1749 1239 1749 1230 1748 1238 1750 1239 1749 1238 1750 899 1028 899 1028 1238 1750 1209 1751 1209 1751 1238 1750 1208 1752 1208 1752 1238 1750 1230 1748 1208 1752 1230 1748 1207 1753 1207 1753 1230 1748 1222 1746 1207 1753 1222 1746 1206 1754 1206 1754 1222 1746 1214 1744 1206 1754 1214 1744 1205 1724 909 1027 1241 1755 899 1028 899 1028 1241 1755 1240 1756 899 1028 1240 1756 1239 1749 1239 1749 1240 1756 1231 1747 1211 1732 1212 1757 1229 1730 1229 1730 1212 1757 1221 1758 1229 1730 1221 1758 1220 1728 1220 1728 1221 1758 1204 1726 1212 1757 1213 1759 1221 1758 1221 1758 1213 1759 1204 1726 1218 1725 1205 1724 1217 1741 1216 1742 1215 1743 1224 1760 1224 1760 1215 1743 1223 1745 1224 1760 1223 1745 1232 1761 1232 1761 1223 1745 1231 1747 1232 1761 1231 1747 1240 1756 1217 1741 1226 1739 1218 1725 1218 1725 1226 1739 1227 1762 1218 1725 1227 1762 1219 1727 1219 1727 1227 1762 1228 1729 1216 1742 1224 1760 1225 1740 1225 1740 1224 1760 1233 1763 1225 1740 1233 1763 1234 1738 1234 1738 1233 1763 1242 1764 1234 1738 1242 1764 1243 1736 1243 1736 1242 1764 909 1027 1233 1763 1224 1760 1232 1761 1226 1739 1235 1737 1227 1762 1227 1762 1235 1737 1236 1765 1227 1762 1236 1765 1228 1729 1228 1729 1236 1765 1237 1731 1240 1756 1241 1755 1232 1761 1232 1761 1241 1755 1233 1763 1245 1734 1237 1731 1236 1765 1245 1734 1236 1765 1244 1735 1244 1735 1236 1765 1235 1737 909 1027 1242 1764 1241 1755 1241 1755 1242 1764 1233 1763 869 1766 1251 1767 870 1046 870 1046 1251 1767 1252 1768 870 1046 1252 1768 912 1045 912 1045 1252 1768 1250 1769 1250 1769 1252 1768 1249 1770 1249 1770 1252 1768 1254 1771 1249 1770 1254 1771 1248 1772 1248 1772 1254 1771 1256 1773 1248 1772 1256 1773 1247 1774 1247 1774 1256 1773 1258 1775 1247 1774 1258 1775 1246 1776 1246 1776 1258 1775 1260 1777 1246 1776 1260 1777 882 1000 882 1000 1260 1777 1259 1778 882 1000 1259 1778 864 1002 864 1002 1259 1778 865 1779 865 1779 1259 1778 866 1780 866 1780 1259 1778 1257 1781 866 1780 1257 1781 867 1782 867 1782 1257 1781 1255 1783 867 1782 1255 1783 868 1784 868 1784 1255 1783 1253 1785 868 1784 1253 1785 869 1766 869 1766 1253 1785 1251 1767 1254 1771 1252 1768 1251 1767 1254 1771 1251 1767 1253 1785 1256 1773 1254 1771 1253 1785 1256 1773 1253 1785 1255 1783 1258 1775 1256 1773 1255 1783 1258 1775 1255 1783 1257 1781 1260 1777 1258 1775 1257 1781 1260 1777 1257 1781 1259 1778 1262 1786 1274 1787 1261 1788 1261 1788 1274 1787 1283 1789 1261 1788 1283 1789 1284 1790 1284 1790 1283 1789 1291 1791 1284 1790 1291 1791 1292 1792 1292 1792 1291 1791 1299 1793 1292 1792 1299 1793 1271 1794 1271 1794 1299 1793 1270 1795 1270 1795 1299 1793 1306 1796 1270 1795 1306 1796 1269 1797 1269 1797 1306 1796 897 1023 897 1023 1306 1796 1305 1798 897 1023 1305 1798 1304 1799 1304 1799 1305 1798 1297 1800 1304 1799 1297 1800 1296 1801 1296 1801 1297 1800 1289 1802 1296 1801 1289 1802 1288 1803 1288 1803 1289 1802 1281 1804 1288 1803 1281 1804 1280 1805 1280 1805 1281 1804 1277 1806 1280 1805 1277 1806 1278 1807 1278 1807 1277 1806 57 1040 1278 1807 57 1040 1264 1808 1262 1786 1263 1809 1274 1787 1274 1787 1263 1809 1275 1810 1274 1787 1275 1810 1283 1789 1283 1789 1275 1810 1282 1811 1283 1789 1282 1811 1290 1812 1290 1812 1282 1811 1289 1802 1290 1812 1289 1802 1297 1800 911 1042 57 1040 1263 1809 1263 1809 57 1040 1276 1813 1263 1809 1276 1813 1275 1810 1275 1810 1276 1813 1282 1811 1278 1807 1264 1808 1279 1814 1279 1814 1264 1808 1265 1815 1279 1814 1265 1815 1286 1816 1286 1816 1265 1815 1266 1817 1286 1816 1266 1817 1293 1818 1293 1818 1266 1817 1267 1819 1293 1818 1267 1819 1300 1820 1300 1820 1267 1819 1268 1821 1300 1820 1268 1821 898 1024 897 1023 1303 1822 898 1024 898 1024 1303 1822 1302 1823 898 1024 1302 1823 1301 1824 1301 1824 1302 1823 1294 1825 1301 1824 1294 1825 1293 1818 1293 1818 1294 1825 1286 1816 1271 1794 1272 1826 1292 1792 1292 1792 1272 1826 1285 1827 1292 1792 1285 1827 1284 1790 1284 1790 1285 1827 1261 1788 1272 1826 1273 1828 1285 1827 1285 1827 1273 1828 1261 1788 1282 1811 1276 1813 1281 1804 1281 1804 1276 1813 1277 1806 1277 1806 1276 1813 57 1040 1280 1805 1278 1807 1279 1814 1280 1805 1279 1814 1287 1829 1287 1829 1279 1814 1286 1816 1287 1829 1286 1816 1294 1825 1289 1802 1282 1811 1281 1804 1291 1791 1283 1789 1290 1812 1280 1805 1287 1829 1288 1803 1288 1803 1287 1829 1295 1830 1288 1803 1295 1830 1296 1801 1296 1801 1295 1830 1303 1822 1296 1801 1303 1822 1304 1799 1304 1799 1303 1822 897 1023 1295 1830 1287 1829 1294 1825 1291 1791 1290 1812 1298 1831 1298 1831 1290 1812 1297 1800 1298 1831 1297 1800 1305 1798 1301 1824 1293 1818 1300 1820 1303 1822 1295 1830 1302 1823 1302 1823 1295 1830 1294 1825 1306 1796 1299 1793 1298 1831 1298 1831 1299 1793 1291 1791 1306 1796 1298 1831 1305 1798 898 1024 1301 1824 1300 1820 862 1832 1312 1833 863 1004 863 1004 1312 1833 1313 1834 863 1004 1313 1834 883 1008 883 1008 1313 1834 1311 1835 1311 1835 1313 1834 1310 1836 1310 1836 1313 1834 1315 1837 1310 1836 1315 1837 1309 1838 1309 1838 1315 1837 1317 1839 1309 1838 1317 1839 1308 1840 1308 1840 1317 1839 1319 1841 1308 1840 1319 1841 1307 1842 1307 1842 1319 1841 1321 1843 1307 1842 1321 1843 915 1049 915 1049 1321 1843 1320 1844 915 1049 1320 1844 857 1047 857 1047 1320 1844 858 1845 858 1845 1320 1844 859 1846 859 1846 1320 1844 1318 1847 859 1846 1318 1847 860 1848 860 1848 1318 1847 1316 1849 860 1848 1316 1849 861 1850 861 1850 1316 1849 1314 1851 861 1850 1314 1851 862 1832 862 1832 1314 1851 1312 1833 1315 1837 1313 1834 1312 1833 1315 1837 1312 1833 1314 1851 1317 1839 1315 1837 1314 1851 1317 1839 1314 1851 1316 1849 1319 1841 1317 1839 1316 1849 1319 1841 1316 1849 1318 1847 1321 1843 1319 1841 1318 1847 1321 1843 1318 1847 1320 1844 57 54 56 55 1264 1852 1264 1852 56 55 722 1853 1264 1852 722 1853 1265 1854 1265 1854 722 1853 721 1855 1265 1854 721 1855 1266 1856 1266 1856 721 1855 720 1857 1266 1856 720 1857 1267 1858 1267 1858 720 1857 719 1859 1267 1858 719 1859 1268 1860 1268 1860 719 1859 718 1861 1268 1860 718 1861 898 1862 898 1862 718 1861 717 1863 717 1863 716 1864 898 1862 898 1862 716 1864 13 1865 702 1866 1322 1867 703 1868 703 1868 1322 1867 1323 1869 703 1868 1323 1869 899 1870 899 1870 1323 1869 1324 1871 899 1870 1324 1871 1325 1872 1325 1872 1326 1873 899 1870 899 1870 1326 1873 900 1874 13 1865 716 1864 14 1875 14 1875 716 1864 715 1876 14 1875 715 1876 15 1877 15 1877 715 1876 714 1878 15 1877 714 1878 16 1879 16 1879 714 1878 713 1880 16 1879 713 1880 17 1881 17 1881 713 1880 712 1882 17 1881 712 1882 18 1883 18 1883 712 1882 711 1884 18 1883 711 1884 3 1885 3 1885 711 1884 710 1886 1327 1887 708 1888 1205 1889 1205 1889 708 1888 707 1890 1205 1889 707 1890 1206 1891 1206 1891 707 1890 706 1892 1206 1891 706 1892 1207 1893 1207 1893 706 1892 705 1894 1207 1893 705 1894 1208 1895 1208 1895 705 1894 704 1896 1208 1895 704 1896 1209 1897 1209 1897 704 1896 703 1868 1209 1897 703 1868 899 1870 1328 1898 709 1899 1327 1887 1327 1887 709 1899 708 1888 0 1900 3 1885 1329 1901 1329 1901 3 1885 710 1886 1329 1901 710 1886 709 1899 709 1899 1328 1898 1329 1901 1331 1902 1332 1903 1330 1904 1330 1904 1332 1903 1039 1905 1330 1904 1039 1905 1038 1906 1332 1903 1333 1907 1039 1905 1334 1908 1335 1909 1038 1906 1038 1906 1335 1909 1337 1910 1038 1906 1337 1910 1330 1904 1330 1904 1337 1910 1070 1911 1070 1911 1337 1910 1071 1912 1335 1909 1336 1913 1337 1910 162 1914 1338 1915 163 1916 163 1916 1338 1915 1041 1917 163 1916 1041 1917 1040 1918 1338 1915 1339 1919 1041 1917 1340 1920 1341 1921 1040 1918 1040 1918 1341 1921 236 1922 1040 1918 236 1922 163 1916 163 1916 236 1922 1079 1923 1079 1923 236 1922 1044 1924 1341 1921 237 1925 236 1922 1342 1926 1343 1927 1036 1928 1036 1928 1343 1927 195 1929 1036 1928 195 1929 122 1930 122 1930 195 1929 1061 1931 1061 1931 195 1929 1062 1932 1343 1927 196 1933 195 1929 121 1934 1344 1935 122 1930 122 1930 1344 1935 1037 1936 122 1930 1037 1936 1036 1928 1344 1935 1345 1937 1037 1936 1042 1938 1350 1939 1043 1940 1043 1940 1350 1939 1352 1941 1043 1940 1352 1941 1353 1942 1346 1943 1347 1944 1042 1938 1042 1938 1347 1944 1349 1945 1042 1938 1349 1945 1350 1939 1350 1939 1349 1945 1052 1946 1052 1946 1349 1945 1053 1947 1347 1944 1348 1948 1349 1945 1350 1939 1351 1949 1352 1941 1348 1950 1354 1951 1349 1952 1349 1952 1354 1951 113 1953 113 1953 1354 1951 114 1954 113 1955 129 1956 1349 1957 1349 1957 129 1956 1053 1958 1053 1958 129 1956 1054 1959 1060 1960 123 1961 1061 1962 1061 1962 123 1961 122 1963 244 1964 1355 1965 245 1966 245 1966 1355 1965 1350 1967 1350 1967 1355 1965 1351 1968 236 1969 252 1970 1044 1971 1044 1971 252 1970 1045 1972 1051 1973 246 1974 1052 1975 1052 1975 246 1974 1350 1976 1350 1976 246 1974 245 1977 1069 1978 205 1979 1070 1980 1070 1980 205 1979 1330 1981 1330 1981 205 1979 204 1982 203 1983 1356 1984 204 1985 204 1985 1356 1984 1330 1986 1330 1986 1356 1984 1331 1987 195 1988 211 1989 1062 1990 1062 1990 211 1989 1063 1991 154 1992 170 1993 1337 1994 1337 1994 170 1993 1071 1995 1071 1995 170 1993 1072 1996 1078 1997 164 1998 1079 1999 1079 1999 164 1998 163 2000 1336 2001 1357 2002 1337 2003 1337 2003 1357 2002 154 2004 154 2004 1357 2002 155 2005 1045 1972 252 1970 1046 2006 1046 2006 252 1970 251 2007 1046 2006 251 2007 1047 2008 1047 2008 251 2007 250 2009 1047 2008 250 2009 1048 2010 1048 2010 250 2009 249 2011 1048 2010 249 2011 1049 2012 1049 2012 249 2011 248 2013 1049 2012 248 2013 1050 2014 1050 2014 248 2013 247 2015 1050 2014 247 2015 1051 1973 1051 1973 247 2015 246 1974 1054 1959 129 1956 1055 2016 1055 2016 129 1956 128 2017 1055 2016 128 2017 1056 2018 1056 2018 128 2017 127 2019 1056 2018 127 2019 1057 2020 1057 2020 127 2019 126 2021 1057 2020 126 2021 1058 2022 1058 2022 126 2021 125 2023 1058 2022 125 2023 1059 2024 1059 2024 125 2023 124 2025 1059 2024 124 2025 1060 1960 1060 1960 124 2025 123 1961 1063 1991 211 1989 1064 2026 1064 2026 211 1989 210 2027 1064 2026 210 2027 1065 2028 1065 2028 210 2027 209 2029 1065 2028 209 2029 1066 2030 1066 2030 209 2029 208 2031 1066 2030 208 2031 1067 2032 1067 2032 208 2031 207 2033 1067 2032 207 2033 1068 2034 1068 2034 207 2033 206 2035 1068 2034 206 2035 1069 1978 1069 1978 206 2035 205 1979 1072 1996 170 1993 1073 2036 1073 2036 170 1993 169 2037 1073 2036 169 2037 1074 2038 1074 2038 169 2037 168 2039 1074 2038 168 2039 1075 2040 1075 2040 168 2039 167 2041 1075 2040 167 2041 1076 2042 1076 2042 167 2041 166 2043 1076 2042 166 2043 1077 2044 1077 2044 166 2043 165 2045 1077 2044 165 2045 1078 1997 1078 1997 165 2045 164 1998 1039 1211 1333 2046 694 1212 694 1212 1333 2046 695 2047 695 2047 1333 2046 1362 2048 695 2047 1362 2048 1363 2049 1363 2049 1362 2048 1358 2050 1363 2049 1358 2050 1359 2051 1333 2046 1332 2052 1362 2048 1362 2048 1332 2052 1358 2050 1363 2049 1359 2051 1364 2053 1364 2053 1359 2051 1360 2054 1364 2053 1360 2054 1365 2055 1365 2055 1360 2054 1361 2056 1365 2055 1361 2056 1366 2057 1366 2057 1361 2056 1343 2058 1366 2057 1343 2058 1342 2059 1036 1204 700 1209 1342 2059 1342 2059 700 1209 1366 2057 700 1209 699 2060 1366 2057 1366 2057 699 2060 1365 2055 699 2060 698 2061 1365 2055 1365 2055 698 2061 1364 2053 698 2061 697 2062 1364 2053 1364 2053 697 2062 696 2063 1364 2053 696 2063 1363 2049 1363 2049 696 2063 695 2047 196 1933 1343 1927 197 2064 197 2064 1343 1927 1361 2065 197 2064 1361 2065 198 2066 198 2066 1361 2065 1360 2067 198 2066 1360 2067 199 2068 199 2068 1360 2067 200 2069 200 2069 1360 2067 201 2070 201 2070 1360 2067 1359 2071 201 2070 1359 2071 202 2072 202 2072 1359 2071 203 2073 203 2073 1359 2071 1358 2074 203 2073 1358 2074 1356 2075 1356 2075 1358 2074 1332 1903 1356 2075 1332 1903 1331 1902 1354 2076 1367 2077 114 2078 114 2078 1367 2077 1368 2079 114 2078 1368 2079 115 2080 115 2080 1368 2079 116 2081 116 2081 1368 2079 1369 2082 116 2081 1369 2082 117 2083 117 2083 1369 2082 118 2084 118 2084 1369 2082 119 2085 119 2085 1369 2082 1370 2086 119 2085 1370 2086 120 2087 120 2087 1370 2086 1344 1935 120 2087 1344 1935 121 1934 1348 1948 1347 1944 1354 2076 1354 2076 1347 1944 1367 2077 1367 2088 1347 2089 1371 2090 1371 2090 1347 2089 1346 2091 1371 2090 1346 2091 679 1220 679 1220 1346 2091 1042 1222 679 1220 678 2092 1371 2090 1371 2090 678 2092 1372 2093 1371 2090 1372 2093 1367 2088 1367 2088 1372 2093 1368 2094 1368 2094 1372 2093 1373 2095 1368 2094 1373 2095 1369 2096 1369 2096 1373 2095 1374 2097 1369 2096 1374 2097 1370 2098 1370 2098 1374 2097 1375 2099 1370 2098 1375 2099 1344 2100 1344 2100 1375 2099 1345 2101 1345 2101 1375 2099 674 2102 1345 2101 674 2102 673 1197 678 2092 677 2103 1372 2093 1372 2093 677 2103 1373 2095 677 2103 676 2104 1373 2095 1373 2095 676 2104 675 2105 1373 2095 675 2105 1374 2097 1374 2097 675 2105 674 2102 1374 2097 674 2102 1375 2099 673 1197 1037 1198 1345 2101 1357 2106 1376 2107 155 2108 155 2108 1376 2107 1377 2109 155 2108 1377 2109 156 2110 156 2110 1377 2109 157 2111 157 2111 1377 2109 1378 2112 157 2111 1378 2112 158 2113 158 2113 1378 2112 159 2114 159 2114 1378 2112 160 2115 160 2115 1378 2112 1379 2116 160 2115 1379 2116 161 2117 161 2117 1379 2116 1338 1915 161 2117 1338 1915 162 1914 1336 1913 1335 1909 1357 2106 1357 2106 1335 1909 1376 2107 1376 2118 1335 2119 1380 2120 1380 2120 1335 2119 1334 2121 1380 2120 1334 2121 693 1214 693 1214 1334 2121 1038 1213 693 1214 692 2122 1380 2120 1380 2120 692 2122 1381 2123 1380 2120 1381 2123 1376 2118 1376 2118 1381 2123 1377 2124 1377 2124 1381 2123 1382 2125 1377 2124 1382 2125 1378 2126 1378 2126 1382 2125 1383 2127 1378 2126 1383 2127 1379 2128 1379 2128 1383 2127 1384 2129 1379 2128 1384 2129 1338 2130 1338 2130 1384 2129 1339 2131 1339 2131 1384 2129 688 2132 1339 2131 688 2132 687 1218 692 2122 691 2133 1381 2123 1381 2123 691 2133 1382 2125 691 2133 690 2134 1382 2125 1382 2125 690 2134 689 2135 1382 2125 689 2135 1383 2127 1383 2127 689 2135 688 2132 1383 2127 688 2132 1384 2129 687 1218 1041 1216 1339 2131 243 2136 1387 2137 244 2138 244 2138 1387 2137 1388 2139 244 2138 1388 2139 1355 2140 1355 2140 1388 2139 1352 1941 1355 2140 1352 1941 1351 1949 243 2136 242 2141 1387 2137 1387 2137 242 2141 1386 2142 1386 2142 242 2141 241 2143 1386 2142 241 2143 240 2144 240 2144 239 2145 1386 2142 1386 2142 239 2145 1385 2146 1385 2146 239 2145 238 2147 1385 2146 238 2147 1341 1921 1341 1921 238 2147 237 1925 1385 2148 1341 2149 1389 2150 1389 2150 1341 2149 1340 2151 1389 2150 1340 2151 686 1217 686 1217 1340 2151 1040 1215 686 1217 685 2152 1389 2150 1389 2150 685 2152 1390 2153 1389 2150 1390 2153 1385 2148 1385 2148 1390 2153 1386 2154 1386 2154 1390 2153 1391 2155 1386 2154 1391 2155 1387 2156 1387 2156 1391 2155 1392 2157 1387 2156 1392 2157 1388 2158 1388 2158 1392 2157 1393 2159 1388 2158 1393 2159 1352 2160 1352 2160 1393 2159 1353 2161 1353 2161 1393 2159 681 2162 1353 2161 681 2162 680 1219 685 2152 684 2163 1390 2153 1390 2153 684 2163 1391 2155 684 2163 683 2164 1391 2155 1391 2155 683 2164 682 2165 1391 2155 682 2165 1392 2157 1392 2157 682 2165 681 2162 1392 2157 681 2162 1393 2159 680 1219 1043 1221 1353 2161 1031 2166 1030 2167 1409 2168 1409 2168 1030 2167 1394 2169 1409 2168 1394 2169 1395 2170 1409 2168 1395 2170 1408 2171 1408 2171 1395 2170 1396 2172 1408 2171 1396 2172 1407 2173 1407 2173 1396 2172 1397 2174 1407 2173 1397 2174 1406 2175 1406 2175 1397 2174 1401 2176 1406 2175 1401 2176 1402 2177 1397 2174 1398 2178 1401 2176 1401 2176 1398 2178 1399 2179 1401 2176 1399 2179 1400 2180 1403 2181 1404 2182 1402 2177 1402 2177 1404 2182 1405 2183 1402 2177 1405 2183 1406 2175 1411 2184 1416 2185 1410 2186 1410 2186 1416 2185 1421 2187 1410 2186 1421 2187 1422 2188 1412 2189 1413 2190 1411 2184 1411 2184 1413 2190 1414 2191 1411 2184 1414 2191 1415 2192 1415 2192 1416 2185 1411 2184 1421 2187 1416 2185 1420 2193 1420 2193 1416 2185 1417 2194 1420 2193 1417 2194 1419 2195 1419 2195 1417 2194 1418 2196 1419 2195 1418 2196 665 2197 665 2197 1418 2196 666 2198 666 2198 1418 2196 1026 2199 666 2198 1026 2199 672 2200 1422 2188 1423 2201 1410 2186 1410 2186 1423 2201 1424 2202 1426 2203 1435 2204 1425 2205 1425 2205 1435 2204 1436 2206 1425 2205 1436 2206 1437 2207 1427 2208 1428 2209 1426 2203 1426 2203 1428 2209 1429 2210 1426 2203 1429 2210 1430 2211 1426 2203 1430 2211 1435 2204 1435 2204 1430 2211 1431 2212 1435 2204 1431 2212 1434 2213 1434 2213 1431 2212 1432 2214 1434 2213 1432 2214 1433 2215 1433 2215 1432 2214 1322 2216 1433 2215 1322 2216 702 2217 701 2218 1035 2219 702 2217 702 2217 1035 2219 1433 2215 1437 2207 1438 2220 1425 2205 1425 2205 1438 2220 1439 2221 1441 2222 904 2223 1440 2224 1440 2224 904 2223 903 2225 1442 2226 1443 2227 1425 2228 1425 2228 1443 2227 1426 2229 1402 2230 1401 2231 1445 2232 1445 2232 1401 2231 1444 2233 1447 2234 1411 2235 1446 2236 1446 2236 1411 2235 1410 2237 1444 2238 397 2239 1445 2240 1445 2240 397 2239 420 2241 1445 2240 420 2241 350 2242 350 2242 420 2241 351 2243 351 2243 420 2241 419 2244 351 2243 419 2244 352 2245 352 2245 419 2244 418 2246 352 2245 418 2246 353 2247 353 2247 418 2246 417 2248 353 2247 417 2248 354 2249 354 2249 417 2248 416 2250 354 2249 416 2250 355 2251 355 2251 416 2250 415 2252 355 2251 415 2252 414 2253 1448 2254 1449 2255 1444 2238 1444 2238 1449 2255 1450 2256 1444 2238 1450 2256 1451 2257 1451 2257 1452 2258 1444 2238 1444 2238 1452 2258 1447 2259 1444 2238 1447 2259 302 2260 302 2260 1447 2259 303 2261 303 2261 1447 2259 304 2262 304 2262 1447 2259 305 2263 305 2263 1447 2259 306 2264 306 2264 1447 2259 307 2265 307 2265 1447 2259 1446 2266 307 2265 1446 2266 308 2267 308 2267 1446 2266 309 2268 309 2268 1446 2266 310 2269 310 2269 1446 2266 311 2270 311 2270 1446 2266 312 2271 312 2271 1446 2266 1441 2272 312 2271 1441 2272 313 2273 313 2273 1441 2272 314 2274 314 2274 1441 2272 408 2275 314 2274 408 2275 315 2276 315 2276 408 2275 407 2277 315 2276 407 2277 406 2278 1446 2266 1453 2279 1441 2272 1441 2272 1453 2279 1454 2280 1441 2272 1454 2280 1455 2281 1455 2281 1456 2282 1441 2272 1441 2272 1456 2282 1457 2283 408 2275 1441 2272 409 2284 409 2284 1441 2272 1440 2285 409 2284 1440 2285 410 2286 410 2286 1440 2285 360 2287 410 2286 360 2287 359 2288 1458 2289 1459 2290 1440 2285 1440 2285 1459 2290 1460 2291 1440 2285 1460 2291 1461 2292 1461 2292 1462 2293 1440 2285 1440 2285 1462 2293 1443 2294 1440 2285 1443 2294 362 2295 362 2295 1443 2294 363 2296 363 2296 1443 2294 364 2297 364 2297 1443 2294 365 2298 365 2298 1443 2294 366 2299 366 2299 1443 2294 367 2300 367 2300 1443 2294 1442 2301 367 2300 1442 2301 368 2302 368 2302 1442 2301 369 2303 369 2303 1442 2301 370 2304 370 2304 1442 2301 371 2305 371 2305 1442 2301 372 2306 372 2306 1442 2301 1445 2240 372 2306 1445 2240 349 2307 349 2307 1445 2240 350 2242 1442 2301 1463 2308 1445 2240 1445 2240 1463 2308 1464 2309 1445 2240 1464 2309 1465 2310 1465 2310 1466 2311 1445 2240 1445 2240 1466 2311 1467 2312 302 2260 301 2313 1444 2238 1444 2238 301 2313 324 2314 1444 2238 324 2314 398 2315 398 2315 324 2314 323 2316 398 2315 323 2316 399 2317 399 2317 323 2316 400 2318 400 2318 323 2316 322 2319 400 2318 322 2319 401 2320 401 2320 322 2319 321 2321 401 2320 321 2321 402 2322 402 2322 321 2321 320 2323 402 2322 320 2323 403 2324 403 2324 320 2323 319 2325 403 2324 319 2325 318 2326 403 2324 318 2326 404 2327 404 2327 318 2326 317 2328 404 2327 317 2328 405 2329 405 2329 317 2328 316 2330 405 2329 316 2330 406 2278 406 2278 316 2330 315 2276 362 2295 361 2331 1440 2285 1440 2285 361 2331 360 2287 410 2286 359 2288 411 2332 411 2332 359 2288 358 2333 411 2332 358 2333 412 2334 412 2334 358 2333 357 2335 412 2334 357 2335 413 2336 413 2336 357 2335 356 2337 413 2336 356 2337 414 2253 414 2253 356 2337 355 2251 398 2315 397 2239 1444 2238 1452 2338 1468 2339 1447 2234 1447 2234 1468 2339 1469 2340 1447 2234 1469 2340 1417 2341 1417 2341 1469 2340 1418 2342 1418 2342 1469 2340 1026 2343 1026 2343 1469 2340 1471 2344 1026 2343 1471 2344 1027 2345 1027 2345 1471 2344 1473 2346 1027 2345 1473 2346 1028 2347 1028 2347 1473 2346 1029 2348 1029 2348 1473 2346 1475 2349 1029 2348 1475 2349 1030 2350 1030 2350 1475 2349 1477 2351 1030 2350 1477 2351 1394 2352 1394 2352 1477 2351 1395 2353 1395 2353 1477 2351 1396 2354 1396 2354 1477 2351 1397 2355 1397 2355 1477 2351 1398 2356 1398 2356 1477 2351 1399 2357 1399 2357 1477 2351 1400 2358 1400 2358 1477 2351 1401 2231 1401 2231 1477 2351 1476 2359 1401 2231 1476 2359 1444 2233 1444 2233 1476 2359 1448 2360 1448 2360 1476 2359 1449 2361 1449 2361 1476 2359 1474 2362 1449 2361 1474 2362 1450 2363 1450 2363 1474 2362 1472 2364 1450 2363 1472 2364 1451 2365 1451 2365 1472 2364 1470 2366 1451 2365 1470 2366 1468 2339 1468 2339 1470 2366 1471 2344 1468 2339 1471 2344 1469 2340 1452 2338 1451 2365 1468 2339 1417 2341 1416 2367 1447 2234 1447 2234 1416 2367 1415 2368 1447 2234 1415 2368 1414 2369 1414 2369 1413 2370 1447 2234 1447 2234 1413 2370 1412 2371 1447 2234 1412 2371 1411 2235 1473 2346 1471 2344 1470 2366 1473 2346 1470 2366 1472 2364 1475 2349 1473 2346 1472 2364 1475 2349 1472 2364 1474 2362 1477 2351 1475 2349 1474 2362 1477 2351 1474 2362 1476 2359 1457 2372 1478 2373 1441 2222 1441 2222 1478 2373 1479 2374 1441 2222 1479 2374 905 2375 905 2375 1479 2374 906 2376 906 2376 1479 2374 667 2377 667 2377 1479 2374 668 2378 668 2378 1479 2374 1481 2379 668 2378 1481 2379 669 2380 669 2380 1481 2379 1483 2381 669 2380 1483 2381 670 2382 670 2382 1483 2381 671 2383 671 2383 1483 2381 1485 2384 671 2383 1485 2384 665 2385 665 2385 1485 2384 1487 2386 665 2385 1487 2386 1419 2387 1419 2387 1487 2386 1420 2388 1420 2388 1487 2386 1421 2389 1421 2389 1487 2386 1422 2390 1422 2390 1487 2386 1423 2391 1423 2391 1487 2386 1424 2392 1424 2392 1487 2386 1410 2237 1410 2237 1487 2386 1486 2393 1410 2237 1486 2393 1446 2236 1446 2236 1486 2393 1453 2394 1453 2394 1486 2393 1454 2395 1454 2395 1486 2393 1484 2396 1454 2395 1484 2396 1482 2397 1482 2397 1484 2396 1483 2381 1482 2397 1483 2381 1481 2379 1457 2372 1456 2398 1478 2373 1478 2373 1456 2398 1480 2399 1478 2373 1480 2399 1481 2379 1481 2379 1480 2399 1482 2397 1456 2398 1455 2400 1480 2399 1480 2399 1455 2400 1482 2397 1455 2400 1454 2395 1482 2397 905 2375 904 2223 1441 2222 1481 2379 1479 2374 1478 2373 1485 2384 1483 2381 1484 2396 1487 2386 1485 2384 1484 2396 1487 2386 1484 2396 1486 2393 1462 2401 1488 2402 1443 2403 1443 2403 1488 2402 1489 2404 1443 2403 1489 2404 1432 2405 1432 2405 1489 2404 1322 2406 1322 2406 1489 2404 1491 2407 1322 2406 1491 2407 1323 2408 1323 2408 1491 2407 1324 2409 1324 2409 1491 2407 1493 2410 1324 2409 1493 2410 1325 2411 1325 2411 1493 2410 1495 2412 1325 2411 1495 2412 1326 2413 1326 2413 1495 2412 1497 2414 1326 2413 1497 2414 900 2415 900 2415 1497 2414 901 2416 901 2416 1497 2414 902 2417 902 2417 1497 2414 903 2225 903 2225 1497 2414 1496 2418 903 2225 1496 2418 1440 2224 1440 2224 1496 2418 1458 2419 1458 2419 1496 2418 1459 2420 1459 2420 1496 2418 1494 2421 1459 2420 1494 2421 1460 2422 1460 2422 1494 2421 1492 2423 1460 2422 1492 2423 1461 2424 1461 2424 1492 2423 1490 2425 1461 2424 1490 2425 1488 2402 1488 2402 1490 2425 1491 2407 1488 2402 1491 2407 1489 2404 1462 2401 1461 2424 1488 2402 1432 2405 1431 2426 1443 2403 1443 2403 1431 2426 1430 2427 1443 2403 1430 2427 1429 2428 1429 2428 1428 2429 1443 2403 1443 2403 1428 2429 1427 2430 1443 2403 1427 2430 1426 2431 1493 2410 1491 2407 1490 2425 1493 2410 1490 2425 1492 2423 1495 2412 1493 2410 1492 2423 1495 2412 1492 2423 1494 2421 1497 2414 1495 2412 1494 2421 1497 2414 1494 2421 1496 2418 1467 2432 1498 2433 1445 2232 1445 2232 1498 2433 1499 2434 1445 2232 1499 2434 1408 2435 1408 2435 1499 2434 1409 2436 1409 2436 1499 2434 1031 2437 1031 2437 1499 2434 1501 2438 1031 2437 1501 2438 1032 2439 1032 2439 1501 2438 1503 2440 1032 2439 1503 2440 1033 2441 1033 2441 1503 2440 1034 2442 1034 2442 1503 2440 1505 2443 1034 2442 1505 2443 1035 2444 1035 2444 1505 2443 1507 2445 1035 2444 1507 2445 1433 2446 1433 2446 1507 2445 1434 2447 1434 2447 1507 2445 1435 2448 1435 2448 1507 2445 1436 2449 1436 2449 1507 2445 1437 2450 1437 2450 1507 2445 1438 2451 1438 2451 1507 2445 1439 2452 1439 2452 1507 2445 1425 2228 1425 2228 1507 2445 1506 2453 1425 2228 1506 2453 1442 2226 1442 2226 1506 2453 1463 2454 1463 2454 1506 2453 1464 2455 1464 2455 1506 2453 1504 2456 1464 2455 1504 2456 1502 2457 1502 2457 1504 2456 1503 2440 1502 2457 1503 2440 1501 2438 1467 2432 1466 2458 1498 2433 1498 2433 1466 2458 1500 2459 1498 2433 1500 2459 1501 2438 1501 2438 1500 2459 1502 2457 1466 2458 1465 2460 1500 2459 1500 2459 1465 2460 1502 2457 1465 2460 1464 2455 1502 2457 1408 2435 1407 2461 1445 2232 1445 2232 1407 2461 1406 2462 1445 2232 1406 2462 1405 2463 1405 2463 1404 2464 1445 2232 1445 2232 1404 2464 1403 2465 1445 2232 1403 2465 1402 2230 1501 2438 1499 2434 1498 2433 1505 2443 1503 2440 1504 2456 1507 2445 1505 2443 1504 2456 1507 2445 1504 2456 1506 2453 396 2466 386 2467 373 2468 373 2468 386 2467 385 2469 373 2468 385 2469 374 2470 374 2470 385 2469 384 2471 374 2470 384 2471 375 2472 375 2472 384 2471 383 2473 375 2472 383 2473 376 2474 376 2474 383 2473 382 2475 376 2474 382 2475 377 2476 377 2476 382 2475 381 2477 377 2476 381 2477 378 2478 378 2478 381 2477 380 2479 378 2478 380 2479 379 2480 386 2467 396 2466 387 2481 387 2481 396 2466 395 2482 387 2481 395 2482 388 2483 388 2483 395 2482 394 2484 388 2483 394 2484 389 2485 389 2485 394 2484 393 2486 389 2485 393 2486 390 2487 390 2487 393 2486 392 2488 390 2487 392 2488 391 2489 348 2490 338 2491 325 2492 325 2492 338 2491 337 2493 325 2492 337 2493 326 2494 326 2494 337 2493 336 2495 326 2494 336 2495 327 2496 327 2496 336 2495 335 2497 327 2496 335 2497 328 2498 328 2498 335 2497 334 2499 328 2498 334 2499 329 2500 329 2500 334 2499 333 2501 329 2500 333 2501 330 2502 330 2502 333 2501 332 2503 330 2502 332 2503 331 2504 338 2491 348 2490 339 2505 339 2505 348 2490 347 2506 339 2505 347 2506 340 2507 340 2507 347 2506 346 2508 340 2507 346 2508 341 2509 341 2509 346 2508 345 2510 341 2509 345 2510 342 2511 342 2511 345 2510 344 2512 342 2511 344 2512 343 2513 300 2514 290 2515 277 2516 277 2516 290 2515 289 2517 277 2516 289 2517 278 2518 278 2518 289 2517 288 2519 278 2518 288 2519 279 2520 279 2520 288 2519 287 2521 279 2520 287 2521 280 2522 280 2522 287 2521 286 2523 280 2522 286 2523 281 2524 281 2524 286 2523 285 2525 281 2524 285 2525 282 2526 282 2526 285 2525 284 2527 282 2526 284 2527 283 2528 290 2515 300 2514 291 2529 291 2529 300 2514 299 2530 291 2529 299 2530 292 2531 292 2531 299 2530 298 2532 292 2531 298 2532 293 2533 293 2533 298 2532 297 2534 293 2533 297 2534 294 2535 294 2535 297 2534 296 2536 294 2535 296 2536 295 2537 1509 2538 1561 2539 1508 2540 1508 2540 1561 2539 1570 2541 1508 2540 1570 2541 1531 2542 1531 2542 1570 2541 1671 2543 1531 2542 1671 2543 1530 2544 1530 2544 1671 2543 1666 2545 1530 2544 1666 2545 1529 2546 1529 2546 1666 2545 1661 2547 1529 2546 1661 2547 1528 2548 1528 2548 1661 2547 1656 2549 1528 2548 1656 2549 1527 2550 1527 2550 1656 2549 1651 2551 1527 2550 1651 2551 1526 2552 1526 2552 1651 2551 1646 2553 1526 2552 1646 2553 1525 2554 1525 2554 1646 2553 1641 2555 1525 2554 1641 2555 1524 2556 1524 2556 1641 2555 1636 2557 1524 2556 1636 2557 1523 2558 1523 2558 1636 2557 1631 2559 1523 2558 1631 2559 1522 2560 1522 2560 1631 2559 1626 2561 1522 2560 1626 2561 1521 2562 1521 2562 1626 2561 1621 2563 1521 2562 1621 2563 1520 2564 1520 2564 1621 2563 1556 2565 1520 2564 1556 2565 1519 2566 1519 2566 1556 2565 1616 2567 1519 2566 1616 2567 1518 2568 1518 2568 1616 2567 1611 2569 1518 2568 1611 2569 1517 2570 1517 2570 1611 2569 1606 2571 1517 2570 1606 2571 1516 2572 1516 2572 1606 2571 1601 2573 1516 2572 1601 2573 1515 2574 1515 2574 1601 2573 1596 2575 1515 2574 1596 2575 1514 2576 1514 2576 1596 2575 1591 2577 1514 2576 1591 2577 1513 2578 1513 2578 1591 2577 1586 2579 1513 2578 1586 2579 1512 2580 1512 2580 1586 2579 1581 2581 1512 2580 1581 2581 1511 2582 1511 2582 1581 2581 1576 2583 1511 2582 1576 2583 1510 2584 1510 2584 1576 2583 1571 2585 1510 2584 1571 2585 1509 2538 1509 2538 1571 2585 1561 2539 1533 2586 1675 2587 1532 2588 1532 2588 1675 2587 1566 2589 1532 2588 1566 2589 1555 2590 1555 2590 1566 2589 1565 2591 1555 2590 1565 2591 1554 2592 1554 2592 1565 2591 1575 2593 1554 2592 1575 2593 1553 2594 1553 2594 1575 2593 1580 2595 1553 2594 1580 2595 1552 2596 1552 2596 1580 2595 1585 2597 1552 2596 1585 2597 1551 2598 1551 2598 1585 2597 1590 2599 1551 2598 1590 2599 1550 2600 1550 2600 1590 2599 1595 2601 1550 2600 1595 2601 1549 2602 1549 2602 1595 2601 1600 2603 1549 2602 1600 2603 1548 2604 1548 2604 1600 2603 1605 2605 1548 2604 1605 2605 1547 2606 1547 2606 1605 2605 1610 2607 1547 2606 1610 2607 1546 2608 1546 2608 1610 2607 1615 2609 1546 2608 1615 2609 1545 2610 1545 2610 1615 2609 1620 2611 1545 2610 1620 2611 1544 2612 1544 2612 1620 2611 1560 2613 1544 2612 1560 2613 1543 2614 1543 2614 1560 2613 1625 2615 1543 2614 1625 2615 1542 2616 1542 2616 1625 2615 1630 2617 1542 2616 1630 2617 1541 2618 1541 2618 1630 2617 1635 2619 1541 2618 1635 2619 1540 2620 1540 2620 1635 2619 1640 2621 1540 2620 1640 2621 1539 2622 1539 2622 1640 2621 1645 2623 1539 2622 1645 2623 1538 2624 1538 2624 1645 2623 1650 2625 1538 2624 1650 2625 1537 2626 1537 2626 1650 2625 1655 2627 1537 2626 1655 2627 1536 2628 1536 2628 1655 2627 1660 2629 1536 2628 1660 2629 1535 2630 1535 2630 1660 2629 1665 2631 1535 2630 1665 2631 1534 2632 1534 2632 1665 2631 1670 2633 1534 2632 1670 2633 1533 2586 1533 2586 1670 2633 1675 2587 1556 2565 1557 2634 1616 2567 1616 2567 1557 2634 1617 2635 1616 2567 1617 2635 1611 2569 1611 2569 1617 2635 1612 2636 1611 2569 1612 2636 1606 2571 1606 2571 1612 2636 1607 2637 1606 2571 1607 2637 1601 2573 1601 2573 1607 2637 1602 2638 1601 2573 1602 2638 1596 2575 1596 2575 1602 2638 1597 2639 1596 2575 1597 2639 1591 2577 1591 2577 1597 2639 1592 2640 1591 2577 1592 2640 1586 2579 1586 2579 1592 2640 1587 2641 1586 2579 1587 2641 1581 2581 1581 2581 1587 2641 1582 2642 1581 2581 1582 2642 1576 2583 1576 2583 1582 2642 1577 2643 1576 2583 1577 2643 1571 2585 1571 2585 1577 2643 1572 2644 1571 2585 1572 2644 1561 2539 1561 2539 1572 2644 1562 2645 1561 2539 1562 2645 1570 2541 1570 2541 1562 2645 1569 2646 1570 2541 1569 2646 1671 2543 1671 2543 1569 2646 1672 2647 1671 2543 1672 2647 1666 2545 1666 2545 1672 2647 1667 2648 1666 2545 1667 2648 1661 2547 1661 2547 1667 2648 1662 2649 1661 2547 1662 2649 1656 2549 1656 2549 1662 2649 1657 2650 1656 2549 1657 2650 1651 2551 1651 2551 1657 2650 1652 2651 1651 2551 1652 2651 1646 2553 1646 2553 1652 2651 1647 2652 1646 2553 1647 2652 1641 2555 1641 2555 1647 2652 1642 2653 1641 2555 1642 2653 1636 2557 1636 2557 1642 2653 1637 2654 1636 2557 1637 2654 1631 2559 1631 2559 1637 2654 1632 2655 1631 2559 1632 2655 1626 2561 1626 2561 1632 2655 1627 2656 1626 2561 1627 2656 1621 2563 1621 2563 1627 2656 1622 2657 1621 2563 1622 2657 1556 2565 1556 2565 1622 2657 1557 2634 1557 2634 1558 2658 1617 2635 1617 2635 1558 2658 1618 2659 1617 2635 1618 2659 1612 2636 1612 2636 1618 2659 1613 2660 1612 2636 1613 2660 1607 2637 1607 2637 1613 2660 1608 2661 1607 2637 1608 2661 1602 2638 1602 2638 1608 2661 1603 2662 1602 2638 1603 2662 1597 2639 1597 2639 1603 2662 1598 2663 1597 2639 1598 2663 1592 2640 1592 2640 1598 2663 1593 2664 1592 2640 1593 2664 1587 2641 1587 2641 1593 2664 1588 2665 1587 2641 1588 2665 1582 2642 1582 2642 1588 2665 1583 2666 1582 2642 1583 2666 1577 2643 1577 2643 1583 2666 1578 2667 1577 2643 1578 2667 1572 2644 1572 2644 1578 2667 1573 2668 1572 2644 1573 2668 1562 2645 1562 2645 1573 2668 1563 2669 1562 2645 1563 2669 1569 2646 1569 2646 1563 2669 1568 2670 1569 2646 1568 2670 1672 2647 1672 2647 1568 2670 1673 2671 1672 2647 1673 2671 1667 2648 1667 2648 1673 2671 1668 2672 1667 2648 1668 2672 1662 2649 1662 2649 1668 2672 1663 2673 1662 2649 1663 2673 1657 2650 1657 2650 1663 2673 1658 2674 1657 2650 1658 2674 1652 2651 1652 2651 1658 2674 1653 2675 1652 2651 1653 2675 1647 2652 1647 2652 1653 2675 1648 2676 1647 2652 1648 2676 1642 2653 1642 2653 1648 2676 1643 2677 1642 2653 1643 2677 1637 2654 1637 2654 1643 2677 1638 2678 1637 2654 1638 2678 1632 2655 1632 2655 1638 2678 1633 2679 1632 2655 1633 2679 1627 2656 1627 2656 1633 2679 1628 2680 1627 2656 1628 2680 1622 2657 1622 2657 1628 2680 1623 2681 1622 2657 1623 2681 1557 2634 1557 2634 1623 2681 1558 2658 1558 2658 1559 2682 1618 2659 1618 2659 1559 2682 1619 2683 1618 2659 1619 2683 1613 2660 1613 2660 1619 2683 1614 2684 1613 2660 1614 2684 1608 2661 1608 2661 1614 2684 1609 2685 1608 2661 1609 2685 1603 2662 1603 2662 1609 2685 1604 2686 1603 2662 1604 2686 1598 2663 1598 2663 1604 2686 1599 2687 1598 2663 1599 2687 1593 2664 1593 2664 1599 2687 1594 2688 1593 2664 1594 2688 1588 2665 1588 2665 1594 2688 1589 2689 1588 2665 1589 2689 1583 2666 1583 2666 1589 2689 1584 2690 1583 2666 1584 2690 1578 2667 1578 2667 1584 2690 1579 2691 1578 2667 1579 2691 1573 2668 1573 2668 1579 2691 1574 2692 1573 2668 1574 2692 1563 2669 1563 2669 1574 2692 1564 2693 1563 2669 1564 2693 1568 2670 1568 2670 1564 2693 1567 2694 1568 2670 1567 2694 1673 2671 1673 2671 1567 2694 1674 2695 1673 2671 1674 2695 1668 2672 1668 2672 1674 2695 1669 2696 1668 2672 1669 2696 1663 2673 1663 2673 1669 2696 1664 2697 1663 2673 1664 2697 1658 2674 1658 2674 1664 2697 1659 2698 1658 2674 1659 2698 1653 2675 1653 2675 1659 2698 1654 2699 1653 2675 1654 2699 1648 2676 1648 2676 1654 2699 1649 2700 1648 2676 1649 2700 1643 2677 1643 2677 1649 2700 1644 2701 1643 2677 1644 2701 1638 2678 1638 2678 1644 2701 1639 2702 1638 2678 1639 2702 1633 2679 1633 2679 1639 2702 1634 2703 1633 2679 1634 2703 1628 2680 1628 2680 1634 2703 1629 2704 1628 2680 1629 2704 1623 2681 1623 2681 1629 2704 1624 2705 1623 2681 1624 2705 1558 2658 1558 2658 1624 2705 1559 2682 1559 2682 1560 2613 1619 2683 1619 2683 1560 2613 1620 2611 1619 2683 1620 2611 1614 2684 1614 2684 1620 2611 1615 2609 1614 2684 1615 2609 1609 2685 1609 2685 1615 2609 1610 2607 1609 2685 1610 2607 1604 2686 1604 2686 1610 2607 1605 2605 1604 2686 1605 2605 1599 2687 1599 2687 1605 2605 1600 2603 1599 2687 1600 2603 1594 2688 1594 2688 1600 2603 1595 2601 1594 2688 1595 2601 1589 2689 1589 2689 1595 2601 1590 2599 1589 2689 1590 2599 1584 2690 1584 2690 1590 2599 1585 2597 1584 2690 1585 2597 1579 2691 1579 2691 1585 2597 1580 2595 1579 2691 1580 2595 1574 2692 1574 2692 1580 2595 1575 2593 1574 2692 1575 2593 1564 2693 1564 2693 1575 2593 1565 2591 1564 2693 1565 2591 1567 2694 1567 2694 1565 2591 1566 2589 1567 2694 1566 2589 1674 2695 1674 2695 1566 2589 1675 2587 1674 2695 1675 2587 1669 2696 1669 2696 1675 2587 1670 2633 1669 2696 1670 2633 1664 2697 1664 2697 1670 2633 1665 2631 1664 2697 1665 2631 1659 2698 1659 2698 1665 2631 1660 2629 1659 2698 1660 2629 1654 2699 1654 2699 1660 2629 1655 2627 1654 2699 1655 2627 1649 2700 1649 2700 1655 2627 1650 2625 1649 2700 1650 2625 1644 2701 1644 2701 1650 2625 1645 2623 1644 2701 1645 2623 1639 2702 1639 2702 1645 2623 1640 2621 1639 2702 1640 2621 1634 2703 1634 2703 1640 2621 1635 2619 1634 2703 1635 2619 1629 2704 1629 2704 1635 2619 1630 2617 1629 2704 1630 2617 1624 2705 1624 2705 1630 2617 1625 2615 1624 2705 1625 2615 1559 2682 1559 2682 1625 2615 1560 2613 1531 2542 266 2706 1508 2540 1508 2540 266 2706 265 2707 1508 2540 265 2707 1509 2538 1509 2538 265 2707 264 2708 1509 2538 264 2708 1510 2584 1510 2584 264 2708 263 2709 1510 2584 263 2709 1511 2582 1511 2582 263 2709 262 2710 1511 2582 262 2710 1512 2580 1512 2580 262 2710 261 2711 1512 2580 261 2711 1513 2578 1513 2578 261 2711 260 2712 1513 2578 260 2712 1514 2576 1514 2576 260 2712 259 2713 1514 2576 259 2713 1515 2574 1515 2574 259 2713 258 2714 1515 2574 258 2714 1516 2572 1516 2572 258 2714 257 2715 1516 2572 257 2715 1517 2570 1517 2570 257 2715 256 2716 1517 2570 256 2716 1518 2568 1518 2568 256 2716 255 2717 1518 2568 255 2717 1519 2566 1519 2566 255 2717 254 2718 1519 2566 254 2718 1520 2564 1520 2564 254 2718 253 2719 1520 2564 253 2719 1521 2562 1521 2562 253 2719 276 2720 1521 2562 276 2720 1522 2560 1522 2560 276 2720 275 2721 1522 2560 275 2721 1523 2558 1523 2558 275 2721 274 2722 1523 2558 274 2722 1524 2556 1524 2556 274 2722 273 2723 1524 2556 273 2723 1525 2554 1525 2554 273 2723 272 2724 1525 2554 272 2724 1526 2552 1526 2552 272 2724 271 2725 1526 2552 271 2725 1527 2550 1527 2550 271 2725 270 2726 1527 2550 270 2726 1528 2548 1528 2548 270 2726 269 2727 1528 2548 269 2727 1529 2546 1529 2546 269 2727 268 2728 1529 2546 268 2728 1530 2544 1530 2544 268 2728 267 2729 1530 2544 267 2729 1531 2542 1531 2542 267 2729 266 2706 1555 2590 1680 2730 1532 2588 1532 2588 1680 2730 1681 2731 1532 2588 1681 2731 1533 2586 1533 2586 1681 2731 1534 2632 1534 2632 1681 2731 1535 2630 1535 2630 1681 2731 1682 2732 1535 2630 1682 2732 1683 2733 1555 2590 1554 2592 1680 2730 1680 2730 1554 2592 1553 2594 1680 2730 1553 2594 1679 2734 1679 2734 1553 2594 1678 2735 1678 2735 1553 2594 1552 2596 1678 2735 1552 2596 1551 2598 1551 2598 1550 2600 1678 2735 1678 2735 1550 2600 1677 2736 1677 2736 1550 2600 1549 2602 1677 2736 1549 2602 1548 2604 1548 2604 1547 2606 1677 2736 1677 2736 1547 2606 1676 2737 1676 2737 1547 2606 1687 2738 1687 2738 1547 2606 1546 2608 1687 2738 1546 2608 1545 2610 1545 2610 1544 2612 1687 2738 1687 2738 1544 2612 1686 2739 1686 2739 1544 2612 1543 2614 1686 2739 1543 2614 1542 2616 1542 2616 1541 2618 1686 2739 1686 2739 1541 2618 1685 2740 1685 2740 1541 2618 1684 2741 1684 2741 1541 2618 1540 2620 1684 2741 1540 2620 1539 2622 1539 2622 1538 2624 1684 2741 1684 2741 1538 2624 1683 2733 1683 2733 1538 2624 1537 2626 1683 2733 1537 2626 1536 2628 1536 2628 1535 2630 1683 2733 1683 2742 1682 2743 1689 2744 1689 2744 1682 2743 1688 2745 1684 2746 1683 2747 1690 2748 1690 2748 1683 2747 1689 2749 1684 2750 1690 2751 1685 2752 1685 2752 1690 2751 1691 2753 1677 2754 1692 2755 1678 2756 1678 2756 1692 2755 1693 2757 1678 2758 1693 2759 1679 2760 1679 2760 1693 2759 1694 2761 1695 2762 1692 2763 1676 2764 1676 2764 1692 2763 1677 2765 1696 2766 1694 2767 1688 2768 1688 2768 1694 2767 1695 2769 1688 2768 1695 2769 1691 2770 1691 2770 1695 2769 1698 2771 1691 2770 1698 2771 1699 2772 1696 2766 1697 2773 1694 2767 1693 2774 1692 2775 1694 2767 1694 2767 1692 2775 1695 2769 1690 2776 1689 2777 1691 2770 1691 2770 1689 2777 1688 2768 1694 2778 1697 2779 1679 2780 1679 2780 1697 2779 1680 2781 1680 2782 1697 2783 1681 2784 1681 2784 1697 2783 1696 2785 1681 2786 1696 2787 1682 2788 1682 2788 1696 2787 1688 2789 1687 2790 1698 2791 1676 2792 1676 2792 1698 2791 1695 2793 1686 2794 1685 2795 1699 2796 1699 2796 1685 2795 1691 2797 1699 2798 1698 2799 1686 2800 1686 2800 1698 2799 1687 2801 1701 2802 1753 2803 1700 2804 1700 2804 1753 2803 1762 2805 1700 2804 1762 2805 1723 2806 1723 2806 1762 2805 1863 2807 1723 2806 1863 2807 1722 2808 1722 2808 1863 2807 1858 2809 1722 2808 1858 2809 1721 2810 1721 2810 1858 2809 1853 2811 1721 2810 1853 2811 1720 2812 1720 2812 1853 2811 1848 2813 1720 2812 1848 2813 1719 2814 1719 2814 1848 2813 1843 2815 1719 2814 1843 2815 1718 2816 1718 2816 1843 2815 1838 2817 1718 2816 1838 2817 1717 2818 1717 2818 1838 2817 1833 2819 1717 2818 1833 2819 1716 2820 1716 2820 1833 2819 1828 2821 1716 2820 1828 2821 1715 2822 1715 2822 1828 2821 1823 2823 1715 2822 1823 2823 1714 2824 1714 2824 1823 2823 1818 2825 1714 2824 1818 2825 1713 2826 1713 2826 1818 2825 1813 2827 1713 2826 1813 2827 1712 2828 1712 2828 1813 2827 1748 2829 1712 2828 1748 2829 1711 2830 1711 2830 1748 2829 1808 2831 1711 2830 1808 2831 1710 2832 1710 2832 1808 2831 1803 2833 1710 2832 1803 2833 1709 2834 1709 2834 1803 2833 1798 2835 1709 2834 1798 2835 1708 2836 1708 2836 1798 2835 1793 2837 1708 2836 1793 2837 1707 2838 1707 2838 1793 2837 1788 2839 1707 2838 1788 2839 1706 2840 1706 2840 1788 2839 1783 2841 1706 2840 1783 2841 1705 2842 1705 2842 1783 2841 1778 2843 1705 2842 1778 2843 1704 2844 1704 2844 1778 2843 1773 2845 1704 2844 1773 2845 1703 2846 1703 2846 1773 2845 1768 2847 1703 2846 1768 2847 1702 2848 1702 2848 1768 2847 1763 2849 1702 2848 1763 2849 1701 2802 1701 2802 1763 2849 1753 2803 1725 2850 1867 2851 1724 2852 1724 2852 1867 2851 1758 2853 1724 2852 1758 2853 1747 2854 1747 2854 1758 2853 1757 2855 1747 2854 1757 2855 1746 2856 1746 2856 1757 2855 1767 2857 1746 2856 1767 2857 1745 2858 1745 2858 1767 2857 1772 2859 1745 2858 1772 2859 1744 2860 1744 2860 1772 2859 1777 2861 1744 2860 1777 2861 1743 2862 1743 2862 1777 2861 1782 2863 1743 2862 1782 2863 1742 2864 1742 2864 1782 2863 1787 2865 1742 2864 1787 2865 1741 2866 1741 2866 1787 2865 1792 2867 1741 2866 1792 2867 1740 2868 1740 2868 1792 2867 1797 2869 1740 2868 1797 2869 1739 2870 1739 2870 1797 2869 1802 2871 1739 2870 1802 2871 1738 2872 1738 2872 1802 2871 1807 2873 1738 2872 1807 2873 1737 2874 1737 2874 1807 2873 1812 2875 1737 2874 1812 2875 1736 2876 1736 2876 1812 2875 1752 2877 1736 2876 1752 2877 1735 2878 1735 2878 1752 2877 1817 2879 1735 2878 1817 2879 1734 2880 1734 2880 1817 2879 1822 2881 1734 2880 1822 2881 1733 2882 1733 2882 1822 2881 1827 2883 1733 2882 1827 2883 1732 2884 1732 2884 1827 2883 1832 2885 1732 2884 1832 2885 1731 2886 1731 2886 1832 2885 1837 2887 1731 2886 1837 2887 1730 2888 1730 2888 1837 2887 1842 2889 1730 2888 1842 2889 1729 2890 1729 2890 1842 2889 1847 2891 1729 2890 1847 2891 1728 2892 1728 2892 1847 2891 1852 2893 1728 2892 1852 2893 1727 2894 1727 2894 1852 2893 1857 2895 1727 2894 1857 2895 1726 2896 1726 2896 1857 2895 1862 2897 1726 2896 1862 2897 1725 2850 1725 2850 1862 2897 1867 2851 1748 2829 1749 2898 1808 2831 1808 2831 1749 2898 1809 2899 1808 2831 1809 2899 1803 2833 1803 2833 1809 2899 1804 2900 1803 2833 1804 2900 1798 2835 1798 2835 1804 2900 1799 2901 1798 2835 1799 2901 1793 2837 1793 2837 1799 2901 1794 2902 1793 2837 1794 2902 1788 2839 1788 2839 1794 2902 1789 2903 1788 2839 1789 2903 1783 2841 1783 2841 1789 2903 1784 2904 1783 2841 1784 2904 1778 2843 1778 2843 1784 2904 1779 2905 1778 2843 1779 2905 1773 2845 1773 2845 1779 2905 1774 2906 1773 2845 1774 2906 1768 2847 1768 2847 1774 2906 1769 2907 1768 2847 1769 2907 1763 2849 1763 2849 1769 2907 1764 2908 1763 2849 1764 2908 1753 2803 1753 2803 1764 2908 1754 2909 1753 2803 1754 2909 1762 2805 1762 2805 1754 2909 1761 2910 1762 2805 1761 2910 1863 2807 1863 2807 1761 2910 1864 2911 1863 2807 1864 2911 1858 2809 1858 2809 1864 2911 1859 2912 1858 2809 1859 2912 1853 2811 1853 2811 1859 2912 1854 2913 1853 2811 1854 2913 1848 2813 1848 2813 1854 2913 1849 2914 1848 2813 1849 2914 1843 2815 1843 2815 1849 2914 1844 2915 1843 2815 1844 2915 1838 2817 1838 2817 1844 2915 1839 2916 1838 2817 1839 2916 1833 2819 1833 2819 1839 2916 1834 2917 1833 2819 1834 2917 1828 2821 1828 2821 1834 2917 1829 2918 1828 2821 1829 2918 1823 2823 1823 2823 1829 2918 1824 2919 1823 2823 1824 2919 1818 2825 1818 2825 1824 2919 1819 2920 1818 2825 1819 2920 1813 2827 1813 2827 1819 2920 1814 2921 1813 2827 1814 2921 1748 2829 1748 2829 1814 2921 1749 2898 1749 2898 1750 2922 1809 2899 1809 2899 1750 2922 1810 2923 1809 2899 1810 2923 1804 2900 1804 2900 1810 2923 1805 2924 1804 2900 1805 2924 1799 2901 1799 2901 1805 2924 1800 2925 1799 2901 1800 2925 1794 2902 1794 2902 1800 2925 1795 2926 1794 2902 1795 2926 1789 2903 1789 2903 1795 2926 1790 2927 1789 2903 1790 2927 1784 2904 1784 2904 1790 2927 1785 2928 1784 2904 1785 2928 1779 2905 1779 2905 1785 2928 1780 2929 1779 2905 1780 2929 1774 2906 1774 2906 1780 2929 1775 2930 1774 2906 1775 2930 1769 2907 1769 2907 1775 2930 1770 2931 1769 2907 1770 2931 1764 2908 1764 2908 1770 2931 1765 2932 1764 2908 1765 2932 1754 2909 1754 2909 1765 2932 1755 2933 1754 2909 1755 2933 1761 2910 1761 2910 1755 2933 1760 2934 1761 2910 1760 2934 1864 2911 1864 2911 1760 2934 1865 2935 1864 2911 1865 2935 1859 2912 1859 2912 1865 2935 1860 2936 1859 2912 1860 2936 1854 2913 1854 2913 1860 2936 1855 2937 1854 2913 1855 2937 1849 2914 1849 2914 1855 2937 1850 2938 1849 2914 1850 2938 1844 2915 1844 2915 1850 2938 1845 2939 1844 2915 1845 2939 1839 2916 1839 2916 1845 2939 1840 2940 1839 2916 1840 2940 1834 2917 1834 2917 1840 2940 1835 2941 1834 2917 1835 2941 1829 2918 1829 2918 1835 2941 1830 2942 1829 2918 1830 2942 1824 2919 1824 2919 1830 2942 1825 2943 1824 2919 1825 2943 1819 2920 1819 2920 1825 2943 1820 2944 1819 2920 1820 2944 1814 2921 1814 2921 1820 2944 1815 2945 1814 2921 1815 2945 1749 2898 1749 2898 1815 2945 1750 2922 1750 2922 1751 2946 1810 2923 1810 2923 1751 2946 1811 2947 1810 2923 1811 2947 1805 2924 1805 2924 1811 2947 1806 2948 1805 2924 1806 2948 1800 2925 1800 2925 1806 2948 1801 2949 1800 2925 1801 2949 1795 2926 1795 2926 1801 2949 1796 2950 1795 2926 1796 2950 1790 2927 1790 2927 1796 2950 1791 2951 1790 2927 1791 2951 1785 2928 1785 2928 1791 2951 1786 2952 1785 2928 1786 2952 1780 2929 1780 2929 1786 2952 1781 2953 1780 2929 1781 2953 1775 2930 1775 2930 1781 2953 1776 2954 1775 2930 1776 2954 1770 2931 1770 2931 1776 2954 1771 2955 1770 2931 1771 2955 1765 2932 1765 2932 1771 2955 1766 2956 1765 2932 1766 2956 1755 2933 1755 2933 1766 2956 1756 2957 1755 2933 1756 2957 1760 2934 1760 2934 1756 2957 1759 2958 1760 2934 1759 2958 1865 2935 1865 2935 1759 2958 1866 2959 1865 2935 1866 2959 1860 2936 1860 2936 1866 2959 1861 2960 1860 2936 1861 2960 1855 2937 1855 2937 1861 2960 1856 2961 1855 2937 1856 2961 1850 2938 1850 2938 1856 2961 1851 2962 1850 2938 1851 2962 1845 2939 1845 2939 1851 2962 1846 2963 1845 2939 1846 2963 1840 2940 1840 2940 1846 2963 1841 2964 1840 2940 1841 2964 1835 2941 1835 2941 1841 2964 1836 2965 1835 2941 1836 2965 1830 2942 1830 2942 1836 2965 1831 2966 1830 2942 1831 2966 1825 2943 1825 2943 1831 2966 1826 2967 1825 2943 1826 2967 1820 2944 1820 2944 1826 2967 1821 2968 1820 2944 1821 2968 1815 2945 1815 2945 1821 2968 1816 2969 1815 2945 1816 2969 1750 2922 1750 2922 1816 2969 1751 2946 1751 2946 1752 2877 1811 2947 1811 2947 1752 2877 1812 2875 1811 2947 1812 2875 1806 2948 1806 2948 1812 2875 1807 2873 1806 2948 1807 2873 1801 2949 1801 2949 1807 2873 1802 2871 1801 2949 1802 2871 1796 2950 1796 2950 1802 2871 1797 2869 1796 2950 1797 2869 1791 2951 1791 2951 1797 2869 1792 2867 1791 2951 1792 2867 1786 2952 1786 2952 1792 2867 1787 2865 1786 2952 1787 2865 1781 2953 1781 2953 1787 2865 1782 2863 1781 2953 1782 2863 1776 2954 1776 2954 1782 2863 1777 2861 1776 2954 1777 2861 1771 2955 1771 2955 1777 2861 1772 2859 1771 2955 1772 2859 1766 2956 1766 2956 1772 2859 1767 2857 1766 2956 1767 2857 1756 2957 1756 2957 1767 2857 1757 2855 1756 2957 1757 2855 1759 2958 1759 2958 1757 2855 1758 2853 1759 2958 1758 2853 1866 2959 1866 2959 1758 2853 1867 2851 1866 2959 1867 2851 1861 2960 1861 2960 1867 2851 1862 2897 1861 2960 1862 2897 1856 2961 1856 2961 1862 2897 1857 2895 1856 2961 1857 2895 1851 2962 1851 2962 1857 2895 1852 2893 1851 2962 1852 2893 1846 2963 1846 2963 1852 2893 1847 2891 1846 2963 1847 2891 1841 2964 1841 2964 1847 2891 1842 2889 1841 2964 1842 2889 1836 2965 1836 2965 1842 2889 1837 2887 1836 2965 1837 2887 1831 2966 1831 2966 1837 2887 1832 2885 1831 2966 1832 2885 1826 2967 1826 2967 1832 2885 1827 2883 1826 2967 1827 2883 1821 2968 1821 2968 1827 2883 1822 2881 1821 2968 1822 2881 1816 2969 1816 2969 1822 2881 1817 2879 1816 2969 1817 2879 1751 2946 1751 2946 1817 2879 1752 2877 1723 2806 225 2970 1700 2804 1700 2804 225 2970 224 2971 1700 2804 224 2971 1701 2802 1701 2802 224 2971 223 2972 1701 2802 223 2972 1702 2848 1702 2848 223 2972 222 2973 1702 2848 222 2973 1703 2846 1703 2846 222 2973 221 2974 1703 2846 221 2974 1704 2844 1704 2844 221 2974 220 2975 1704 2844 220 2975 1705 2842 1705 2842 220 2975 219 2976 1705 2842 219 2976 1706 2840 1706 2840 219 2976 218 2977 1706 2840 218 2977 1707 2838 1707 2838 218 2977 217 2978 1707 2838 217 2978 1708 2836 1708 2836 217 2978 216 2979 1708 2836 216 2979 1709 2834 1709 2834 216 2979 215 2980 1709 2834 215 2980 1710 2832 1710 2832 215 2980 214 2981 1710 2832 214 2981 1711 2830 1711 2830 214 2981 213 2982 1711 2830 213 2982 1712 2828 1712 2828 213 2982 212 2983 1712 2828 212 2983 1713 2826 1713 2826 212 2983 235 2984 1713 2826 235 2984 1714 2824 1714 2824 235 2984 234 2985 1714 2824 234 2985 1715 2822 1715 2822 234 2985 233 2986 1715 2822 233 2986 1716 2820 1716 2820 233 2986 232 2987 1716 2820 232 2987 1717 2818 1717 2818 232 2987 231 2988 1717 2818 231 2988 1718 2816 1718 2816 231 2988 230 2989 1718 2816 230 2989 1719 2814 1719 2814 230 2989 229 2990 1719 2814 229 2990 1720 2812 1720 2812 229 2990 228 2991 1720 2812 228 2991 1721 2810 1721 2810 228 2991 227 2992 1721 2810 227 2992 1722 2808 1722 2808 227 2992 226 2993 1722 2808 226 2993 1723 2806 1723 2806 226 2993 225 2970 1747 2854 1869 2994 1724 2852 1724 2852 1869 2994 1870 2995 1724 2852 1870 2995 1725 2850 1725 2850 1870 2995 1726 2896 1726 2896 1870 2995 1727 2894 1727 2894 1870 2995 1871 2996 1727 2894 1871 2996 1872 2997 1747 2854 1746 2856 1869 2994 1869 2994 1746 2856 1745 2858 1869 2994 1745 2858 1868 2998 1868 2998 1745 2858 1879 2999 1879 2999 1745 2858 1744 2860 1879 2999 1744 2860 1743 2862 1743 2862 1742 2864 1879 2999 1879 2999 1742 2864 1878 3000 1878 3000 1742 2864 1741 2866 1878 3000 1741 2866 1740 2868 1740 2868 1739 2870 1878 3000 1878 3000 1739 2870 1877 3001 1877 3001 1739 2870 1876 3002 1876 3002 1739 2870 1738 2872 1876 3002 1738 2872 1737 2874 1737 2874 1736 2876 1876 3002 1876 3002 1736 2876 1875 3003 1875 3003 1736 2876 1735 2878 1875 3003 1735 2878 1734 2880 1734 2880 1733 2882 1875 3003 1875 3003 1733 2882 1874 3004 1874 3004 1733 2882 1873 3005 1873 3005 1733 2882 1732 2884 1873 3005 1732 2884 1731 2886 1731 2886 1730 2888 1873 3005 1873 3005 1730 2888 1872 2997 1872 2997 1730 2888 1729 2890 1872 2997 1729 2890 1728 2892 1728 2892 1727 2894 1872 2997 1880 3006 1881 3007 1872 3008 1872 3008 1881 3007 1873 3009 1873 3010 1881 3011 1874 3012 1874 3012 1881 3011 1882 3013 1883 3014 1880 3015 1871 3016 1871 3016 1880 3015 1872 3017 1878 3018 1877 3019 1885 3020 1885 3020 1877 3019 1884 3021 1878 3022 1885 3023 1879 3024 1879 3024 1885 3023 1886 3025 1879 3026 1886 3027 1868 3028 1868 3028 1886 3027 1887 3029 1869 3030 1888 3031 1870 3032 1870 3032 1888 3031 1889 3033 1870 3034 1889 3035 1871 3036 1871 3036 1889 3035 1883 3037 1869 3038 1868 3039 1888 3040 1888 3040 1868 3039 1887 3041 1882 3042 1890 3043 1874 3044 1874 3044 1890 3043 1875 3045 1876 3046 1875 3047 1891 3048 1891 3048 1875 3047 1890 3049 1876 3050 1891 3051 1877 3052 1877 3052 1891 3051 1884 3053 1886 3054 1885 3055 1887 3056 1887 3056 1885 3055 1884 3057 1887 3056 1884 3057 1883 3058 1883 3058 1884 3057 1882 3059 1883 3058 1882 3059 1880 3060 1880 3060 1882 3059 1881 3061 1884 3057 1891 3062 1882 3059 1882 3059 1891 3062 1890 3063 1883 3058 1889 3064 1887 3056 1887 3056 1889 3064 1888 3065 1893 3066 1945 3067 1892 3068 1892 3068 1945 3067 1954 3069 1892 3068 1954 3069 1915 3070 1915 3070 1954 3069 2055 3071 1915 3070 2055 3071 1914 3072 1914 3072 2055 3071 2050 3073 1914 3072 2050 3073 1913 3074 1913 3074 2050 3073 2045 3075 1913 3074 2045 3075 1912 3076 1912 3076 2045 3075 2040 3077 1912 3076 2040 3077 1911 3078 1911 3078 2040 3077 2035 3079 1911 3078 2035 3079 1910 3080 1910 3080 2035 3079 2030 3081 1910 3080 2030 3081 1909 3082 1909 3082 2030 3081 2025 3083 1909 3082 2025 3083 1908 3084 1908 3084 2025 3083 2020 3085 1908 3084 2020 3085 1907 3086 1907 3086 2020 3085 2015 3087 1907 3086 2015 3087 1906 3088 1906 3088 2015 3087 2010 3089 1906 3088 2010 3089 1905 3090 1905 3090 2010 3089 2005 3091 1905 3090 2005 3091 1904 3092 1904 3092 2005 3091 1940 3093 1904 3092 1940 3093 1903 3094 1903 3094 1940 3093 2000 3095 1903 3094 2000 3095 1902 3096 1902 3096 2000 3095 1995 3097 1902 3096 1995 3097 1901 3098 1901 3098 1995 3097 1990 3099 1901 3098 1990 3099 1900 3100 1900 3100 1990 3099 1985 3101 1900 3100 1985 3101 1899 3102 1899 3102 1985 3101 1980 3103 1899 3102 1980 3103 1898 3104 1898 3104 1980 3103 1975 3105 1898 3104 1975 3105 1897 3106 1897 3106 1975 3105 1970 3107 1897 3106 1970 3107 1896 3108 1896 3108 1970 3107 1965 3109 1896 3108 1965 3109 1895 3110 1895 3110 1965 3109 1960 3111 1895 3110 1960 3111 1894 3112 1894 3112 1960 3111 1955 3113 1894 3112 1955 3113 1893 3066 1893 3066 1955 3113 1945 3067 1917 3114 2059 3115 1916 3116 1916 3116 2059 3115 1950 3117 1916 3116 1950 3117 1939 3118 1939 3118 1950 3117 1949 3119 1939 3118 1949 3119 1938 3120 1938 3120 1949 3119 1959 3121 1938 3120 1959 3121 1937 3122 1937 3122 1959 3121 1964 3123 1937 3122 1964 3123 1936 3124 1936 3124 1964 3123 1969 3125 1936 3124 1969 3125 1935 3126 1935 3126 1969 3125 1974 3127 1935 3126 1974 3127 1934 3128 1934 3128 1974 3127 1979 3129 1934 3128 1979 3129 1933 3130 1933 3130 1979 3129 1984 3131 1933 3130 1984 3131 1932 3132 1932 3132 1984 3131 1989 3133 1932 3132 1989 3133 1931 3134 1931 3134 1989 3133 1994 3135 1931 3134 1994 3135 1930 3136 1930 3136 1994 3135 1999 3137 1930 3136 1999 3137 1929 3138 1929 3138 1999 3137 2004 3139 1929 3138 2004 3139 1928 3140 1928 3140 2004 3139 1944 3141 1928 3140 1944 3141 1927 3142 1927 3142 1944 3141 2009 3143 1927 3142 2009 3143 1926 3144 1926 3144 2009 3143 2014 3145 1926 3144 2014 3145 1925 3146 1925 3146 2014 3145 2019 3147 1925 3146 2019 3147 1924 3148 1924 3148 2019 3147 2024 3149 1924 3148 2024 3149 1923 3150 1923 3150 2024 3149 2029 3151 1923 3150 2029 3151 1922 3152 1922 3152 2029 3151 2034 3153 1922 3152 2034 3153 1921 3154 1921 3154 2034 3153 2039 3155 1921 3154 2039 3155 1920 3156 1920 3156 2039 3155 2044 3157 1920 3156 2044 3157 1919 3158 1919 3158 2044 3157 2049 3159 1919 3158 2049 3159 1918 3160 1918 3160 2049 3159 2054 3161 1918 3160 2054 3161 1917 3114 1917 3114 2054 3161 2059 3115 1940 3093 1941 3162 2000 3095 2000 3095 1941 3162 2001 3163 2000 3095 2001 3163 1995 3097 1995 3097 2001 3163 1996 3164 1995 3097 1996 3164 1990 3099 1990 3099 1996 3164 1991 3165 1990 3099 1991 3165 1985 3101 1985 3101 1991 3165 1986 3166 1985 3101 1986 3166 1980 3103 1980 3103 1986 3166 1981 3167 1980 3103 1981 3167 1975 3105 1975 3105 1981 3167 1976 3168 1975 3105 1976 3168 1970 3107 1970 3107 1976 3168 1971 3169 1970 3107 1971 3169 1965 3109 1965 3109 1971 3169 1966 3170 1965 3109 1966 3170 1960 3111 1960 3111 1966 3170 1961 3171 1960 3111 1961 3171 1955 3113 1955 3113 1961 3171 1956 3172 1955 3113 1956 3172 1945 3067 1945 3067 1956 3172 1946 3173 1945 3067 1946 3173 1954 3069 1954 3069 1946 3173 1953 3174 1954 3069 1953 3174 2055 3071 2055 3071 1953 3174 2056 3175 2055 3071 2056 3175 2050 3073 2050 3073 2056 3175 2051 3176 2050 3073 2051 3176 2045 3075 2045 3075 2051 3176 2046 3177 2045 3075 2046 3177 2040 3077 2040 3077 2046 3177 2041 3178 2040 3077 2041 3178 2035 3079 2035 3079 2041 3178 2036 3179 2035 3079 2036 3179 2030 3081 2030 3081 2036 3179 2031 3180 2030 3081 2031 3180 2025 3083 2025 3083 2031 3180 2026 3181 2025 3083 2026 3181 2020 3085 2020 3085 2026 3181 2021 3182 2020 3085 2021 3182 2015 3087 2015 3087 2021 3182 2016 3183 2015 3087 2016 3183 2010 3089 2010 3089 2016 3183 2011 3184 2010 3089 2011 3184 2005 3091 2005 3091 2011 3184 2006 3185 2005 3091 2006 3185 1940 3093 1940 3093 2006 3185 1941 3162 1941 3162 1942 3186 2001 3163 2001 3163 1942 3186 2002 3187 2001 3163 2002 3187 1996 3164 1996 3164 2002 3187 1997 3188 1996 3164 1997 3188 1991 3165 1991 3165 1997 3188 1992 3189 1991 3165 1992 3189 1986 3166 1986 3166 1992 3189 1987 3190 1986 3166 1987 3190 1981 3167 1981 3167 1987 3190 1982 3191 1981 3167 1982 3191 1976 3168 1976 3168 1982 3191 1977 3192 1976 3168 1977 3192 1971 3169 1971 3169 1977 3192 1972 3193 1971 3169 1972 3193 1966 3170 1966 3170 1972 3193 1967 3194 1966 3170 1967 3194 1961 3171 1961 3171 1967 3194 1962 3195 1961 3171 1962 3195 1956 3172 1956 3172 1962 3195 1957 3196 1956 3172 1957 3196 1946 3173 1946 3173 1957 3196 1947 3197 1946 3173 1947 3197 1953 3174 1953 3174 1947 3197 1952 3198 1953 3174 1952 3198 2056 3175 2056 3175 1952 3198 2057 3199 2056 3175 2057 3199 2051 3176 2051 3176 2057 3199 2052 3200 2051 3176 2052 3200 2046 3177 2046 3177 2052 3200 2047 3201 2046 3177 2047 3201 2041 3178 2041 3178 2047 3201 2042 3202 2041 3178 2042 3202 2036 3179 2036 3179 2042 3202 2037 3203 2036 3179 2037 3203 2031 3180 2031 3180 2037 3203 2032 3204 2031 3180 2032 3204 2026 3181 2026 3181 2032 3204 2027 3205 2026 3181 2027 3205 2021 3182 2021 3182 2027 3205 2022 3206 2021 3182 2022 3206 2016 3183 2016 3183 2022 3206 2017 3207 2016 3183 2017 3207 2011 3184 2011 3184 2017 3207 2012 3208 2011 3184 2012 3208 2006 3185 2006 3185 2012 3208 2007 3209 2006 3185 2007 3209 1941 3162 1941 3162 2007 3209 1942 3186 1942 3186 1943 3210 2002 3187 2002 3187 1943 3210 2003 3211 2002 3187 2003 3211 1997 3188 1997 3188 2003 3211 1998 3212 1997 3188 1998 3212 1992 3189 1992 3189 1998 3212 1993 3213 1992 3189 1993 3213 1987 3190 1987 3190 1993 3213 1988 3214 1987 3190 1988 3214 1982 3191 1982 3191 1988 3214 1983 3215 1982 3191 1983 3215 1977 3192 1977 3192 1983 3215 1978 3216 1977 3192 1978 3216 1972 3193 1972 3193 1978 3216 1973 3217 1972 3193 1973 3217 1967 3194 1967 3194 1973 3217 1968 3218 1967 3194 1968 3218 1962 3195 1962 3195 1968 3218 1963 3219 1962 3195 1963 3219 1957 3196 1957 3196 1963 3219 1958 3220 1957 3196 1958 3220 1947 3197 1947 3197 1958 3220 1948 3221 1947 3197 1948 3221 1952 3198 1952 3198 1948 3221 1951 3222 1952 3198 1951 3222 2057 3199 2057 3199 1951 3222 2058 3223 2057 3199 2058 3223 2052 3200 2052 3200 2058 3223 2053 3224 2052 3200 2053 3224 2047 3201 2047 3201 2053 3224 2048 3225 2047 3201 2048 3225 2042 3202 2042 3202 2048 3225 2043 3226 2042 3202 2043 3226 2037 3203 2037 3203 2043 3226 2038 3227 2037 3203 2038 3227 2032 3204 2032 3204 2038 3227 2033 3228 2032 3204 2033 3228 2027 3205 2027 3205 2033 3228 2028 3229 2027 3205 2028 3229 2022 3206 2022 3206 2028 3229 2023 3230 2022 3206 2023 3230 2017 3207 2017 3207 2023 3230 2018 3231 2017 3207 2018 3231 2012 3208 2012 3208 2018 3231 2013 3232 2012 3208 2013 3232 2007 3209 2007 3209 2013 3232 2008 3233 2007 3209 2008 3233 1942 3186 1942 3186 2008 3233 1943 3210 1943 3210 1944 3141 2003 3211 2003 3211 1944 3141 2004 3139 2003 3211 2004 3139 1998 3212 1998 3212 2004 3139 1999 3137 1998 3212 1999 3137 1993 3213 1993 3213 1999 3137 1994 3135 1993 3213 1994 3135 1988 3214 1988 3214 1994 3135 1989 3133 1988 3214 1989 3133 1983 3215 1983 3215 1989 3133 1984 3131 1983 3215 1984 3131 1978 3216 1978 3216 1984 3131 1979 3129 1978 3216 1979 3129 1973 3217 1973 3217 1979 3129 1974 3127 1973 3217 1974 3127 1968 3218 1968 3218 1974 3127 1969 3125 1968 3218 1969 3125 1963 3219 1963 3219 1969 3125 1964 3123 1963 3219 1964 3123 1958 3220 1958 3220 1964 3123 1959 3121 1958 3220 1959 3121 1948 3221 1948 3221 1959 3121 1949 3119 1948 3221 1949 3119 1951 3222 1951 3222 1949 3119 1950 3117 1951 3222 1950 3117 2058 3223 2058 3223 1950 3117 2059 3115 2058 3223 2059 3115 2053 3224 2053 3224 2059 3115 2054 3161 2053 3224 2054 3161 2048 3225 2048 3225 2054 3161 2049 3159 2048 3225 2049 3159 2043 3226 2043 3226 2049 3159 2044 3157 2043 3226 2044 3157 2038 3227 2038 3227 2044 3157 2039 3155 2038 3227 2039 3155 2033 3228 2033 3228 2039 3155 2034 3153 2033 3228 2034 3153 2028 3229 2028 3229 2034 3153 2029 3151 2028 3229 2029 3151 2023 3230 2023 3230 2029 3151 2024 3149 2023 3230 2024 3149 2018 3231 2018 3231 2024 3149 2019 3147 2018 3231 2019 3147 2013 3232 2013 3232 2019 3147 2014 3145 2013 3232 2014 3145 2008 3233 2008 3233 2014 3145 2009 3143 2008 3233 2009 3143 1943 3210 1943 3210 2009 3143 1944 3141 1915 3070 184 3234 1892 3068 1892 3068 184 3234 183 3235 1892 3068 183 3235 1893 3066 1893 3066 183 3235 182 3236 1893 3066 182 3236 1894 3112 1894 3112 182 3236 181 3237 1894 3112 181 3237 1895 3110 1895 3110 181 3237 180 3238 1895 3110 180 3238 1896 3108 1896 3108 180 3238 179 3239 1896 3108 179 3239 1897 3106 1897 3106 179 3239 178 3240 1897 3106 178 3240 1898 3104 1898 3104 178 3240 177 3241 1898 3104 177 3241 1899 3102 1899 3102 177 3241 176 3242 1899 3102 176 3242 1900 3100 1900 3100 176 3242 175 3243 1900 3100 175 3243 1901 3098 1901 3098 175 3243 174 3244 1901 3098 174 3244 1902 3096 1902 3096 174 3244 173 3245 1902 3096 173 3245 1903 3094 1903 3094 173 3245 172 3246 1903 3094 172 3246 1904 3092 1904 3092 172 3246 171 3247 1904 3092 171 3247 1905 3090 1905 3090 171 3247 194 3248 1905 3090 194 3248 1906 3088 1906 3088 194 3248 193 3249 1906 3088 193 3249 1907 3086 1907 3086 193 3249 192 3250 1907 3086 192 3250 1908 3084 1908 3084 192 3250 191 3251 1908 3084 191 3251 1909 3082 1909 3082 191 3251 190 3252 1909 3082 190 3252 1910 3080 1910 3080 190 3252 189 3253 1910 3080 189 3253 1911 3078 1911 3078 189 3253 188 3254 1911 3078 188 3254 1912 3076 1912 3076 188 3254 187 3255 1912 3076 187 3255 1913 3074 1913 3074 187 3255 186 3256 1913 3074 186 3256 1914 3072 1914 3072 186 3256 185 3257 1914 3072 185 3257 1915 3070 1915 3070 185 3257 184 3234 1939 3118 2062 3258 1916 3116 1916 3116 2062 3258 2063 3259 1916 3116 2063 3259 1917 3114 1917 3114 2063 3259 1918 3160 1918 3160 2063 3259 1919 3158 1919 3158 2063 3259 2064 3260 1919 3158 2064 3260 2065 3261 1939 3118 1938 3120 2062 3258 2062 3258 1938 3120 1937 3122 2062 3258 1937 3122 2061 3262 2061 3262 1937 3122 2060 3263 2060 3263 1937 3122 1936 3124 2060 3263 1936 3124 1935 3126 1935 3126 1934 3128 2060 3263 2060 3263 1934 3128 2071 3264 2071 3264 1934 3128 1933 3130 2071 3264 1933 3130 1932 3132 1932 3132 1931 3134 2071 3264 2071 3264 1931 3134 2070 3265 2070 3265 1931 3134 2069 3266 2069 3266 1931 3134 1930 3136 2069 3266 1930 3136 1929 3138 1929 3138 1928 3140 2069 3266 2069 3266 1928 3140 2068 3267 2068 3267 1928 3140 1927 3142 2068 3267 1927 3142 1926 3144 1926 3144 1925 3146 2068 3267 2068 3267 1925 3146 2067 3268 2067 3268 1925 3146 2066 3269 2066 3269 1925 3146 1924 3148 2066 3269 1924 3148 1923 3150 1923 3150 1922 3152 2066 3269 2066 3269 1922 3152 2065 3261 2065 3261 1922 3152 1921 3154 2065 3261 1921 3154 1920 3156 1920 3156 1919 3158 2065 3261 2071 3270 2072 3271 2060 3272 2060 3272 2072 3271 2073 3273 2060 3274 2073 3275 2061 3276 2061 3276 2073 3275 2074 3277 2071 3278 2070 3279 2072 3280 2072 3280 2070 3279 2075 3281 2076 3282 2077 3283 2064 3284 2064 3284 2077 3283 2065 3285 2066 3286 2065 3287 2078 3288 2078 3288 2065 3287 2077 3289 2066 3290 2078 3291 2067 3292 2067 3292 2078 3291 2079 3293 2062 3294 2080 3295 2063 3296 2063 3296 2080 3295 2081 3297 2063 3298 2081 3299 2064 3300 2064 3300 2081 3299 2076 3301 2074 3302 2080 3303 2061 3304 2061 3304 2080 3303 2062 3305 2069 3306 2068 3307 2083 3308 2083 3308 2068 3307 2082 3309 2069 3310 2083 3311 2070 3312 2070 3312 2083 3311 2075 3313 2068 3314 2067 3315 2082 3316 2082 3316 2067 3315 2079 3317 2081 3318 2074 3319 2076 3320 2076 3320 2074 3319 2075 3321 2076 3320 2075 3321 2079 3322 2079 3322 2075 3321 2083 3323 2079 3322 2083 3323 2082 3324 2081 3318 2080 3325 2074 3319 2073 3326 2072 3327 2074 3319 2074 3319 2072 3327 2075 3321 2078 3328 2077 3329 2079 3322 2079 3322 2077 3329 2076 3320 2085 3330 2137 3331 2084 3332 2084 3332 2137 3331 2146 3333 2084 3332 2146 3333 2107 3334 2107 3334 2146 3333 2247 3335 2107 3334 2247 3335 2106 3336 2106 3336 2247 3335 2242 3337 2106 3336 2242 3337 2105 3338 2105 3338 2242 3337 2237 3339 2105 3338 2237 3339 2104 3340 2104 3340 2237 3339 2232 3341 2104 3340 2232 3341 2103 3342 2103 3342 2232 3341 2227 3343 2103 3342 2227 3343 2102 3344 2102 3344 2227 3343 2222 3345 2102 3344 2222 3345 2101 3346 2101 3346 2222 3345 2217 3347 2101 3346 2217 3347 2100 3348 2100 3348 2217 3347 2212 3349 2100 3348 2212 3349 2099 3350 2099 3350 2212 3349 2207 3351 2099 3350 2207 3351 2098 3352 2098 3352 2207 3351 2202 3353 2098 3352 2202 3353 2097 3354 2097 3354 2202 3353 2197 3355 2097 3354 2197 3355 2096 3356 2096 3356 2197 3355 2132 3357 2096 3356 2132 3357 2095 3358 2095 3358 2132 3357 2192 3359 2095 3358 2192 3359 2094 3360 2094 3360 2192 3359 2187 3361 2094 3360 2187 3361 2093 3362 2093 3362 2187 3361 2182 3363 2093 3362 2182 3363 2092 3364 2092 3364 2182 3363 2177 3365 2092 3364 2177 3365 2091 3366 2091 3366 2177 3365 2172 3367 2091 3366 2172 3367 2090 3368 2090 3368 2172 3367 2167 3369 2090 3368 2167 3369 2089 3370 2089 3370 2167 3369 2162 3371 2089 3370 2162 3371 2088 3372 2088 3372 2162 3371 2157 3373 2088 3372 2157 3373 2087 3374 2087 3374 2157 3373 2152 3375 2087 3374 2152 3375 2086 3376 2086 3376 2152 3375 2147 3377 2086 3376 2147 3377 2085 3330 2085 3330 2147 3377 2137 3331 2109 3378 2251 3379 2108 3380 2108 3380 2251 3379 2142 3381 2108 3380 2142 3381 2131 3382 2131 3382 2142 3381 2141 3383 2131 3382 2141 3383 2130 3384 2130 3384 2141 3383 2151 3385 2130 3384 2151 3385 2129 3386 2129 3386 2151 3385 2156 3387 2129 3386 2156 3387 2128 3388 2128 3388 2156 3387 2161 3389 2128 3388 2161 3389 2127 3390 2127 3390 2161 3389 2166 3391 2127 3390 2166 3391 2126 3392 2126 3392 2166 3391 2171 3393 2126 3392 2171 3393 2125 3394 2125 3394 2171 3393 2176 3395 2125 3394 2176 3395 2124 3396 2124 3396 2176 3395 2181 3397 2124 3396 2181 3397 2123 3398 2123 3398 2181 3397 2186 3399 2123 3398 2186 3399 2122 3400 2122 3400 2186 3399 2191 3401 2122 3400 2191 3401 2121 3402 2121 3402 2191 3401 2196 3403 2121 3402 2196 3403 2120 3404 2120 3404 2196 3403 2136 3405 2120 3404 2136 3405 2119 3406 2119 3406 2136 3405 2201 3407 2119 3406 2201 3407 2118 3408 2118 3408 2201 3407 2206 3409 2118 3408 2206 3409 2117 3410 2117 3410 2206 3409 2211 3411 2117 3410 2211 3411 2116 3412 2116 3412 2211 3411 2216 3413 2116 3412 2216 3413 2115 3414 2115 3414 2216 3413 2221 3415 2115 3414 2221 3415 2114 3416 2114 3416 2221 3415 2226 3417 2114 3416 2226 3417 2113 3418 2113 3418 2226 3417 2231 3419 2113 3418 2231 3419 2112 3420 2112 3420 2231 3419 2236 3421 2112 3420 2236 3421 2111 3422 2111 3422 2236 3421 2241 3423 2111 3422 2241 3423 2110 3424 2110 3424 2241 3423 2246 3425 2110 3424 2246 3425 2109 3378 2109 3378 2246 3425 2251 3379 2132 3357 2133 3426 2192 3359 2192 3359 2133 3426 2193 3427 2192 3359 2193 3427 2187 3361 2187 3361 2193 3427 2188 3428 2187 3361 2188 3428 2182 3363 2182 3363 2188 3428 2183 3429 2182 3363 2183 3429 2177 3365 2177 3365 2183 3429 2178 3430 2177 3365 2178 3430 2172 3367 2172 3367 2178 3430 2173 3431 2172 3367 2173 3431 2167 3369 2167 3369 2173 3431 2168 3432 2167 3369 2168 3432 2162 3371 2162 3371 2168 3432 2163 3433 2162 3371 2163 3433 2157 3373 2157 3373 2163 3433 2158 3434 2157 3373 2158 3434 2152 3375 2152 3375 2158 3434 2153 3435 2152 3375 2153 3435 2147 3377 2147 3377 2153 3435 2148 3436 2147 3377 2148 3436 2137 3331 2137 3331 2148 3436 2138 3437 2137 3331 2138 3437 2146 3333 2146 3333 2138 3437 2145 3438 2146 3333 2145 3438 2247 3335 2247 3335 2145 3438 2248 3439 2247 3335 2248 3439 2242 3337 2242 3337 2248 3439 2243 3440 2242 3337 2243 3440 2237 3339 2237 3339 2243 3440 2238 3441 2237 3339 2238 3441 2232 3341 2232 3341 2238 3441 2233 3442 2232 3341 2233 3442 2227 3343 2227 3343 2233 3442 2228 3443 2227 3343 2228 3443 2222 3345 2222 3345 2228 3443 2223 3444 2222 3345 2223 3444 2217 3347 2217 3347 2223 3444 2218 3445 2217 3347 2218 3445 2212 3349 2212 3349 2218 3445 2213 3446 2212 3349 2213 3446 2207 3351 2207 3351 2213 3446 2208 3447 2207 3351 2208 3447 2202 3353 2202 3353 2208 3447 2203 3448 2202 3353 2203 3448 2197 3355 2197 3355 2203 3448 2198 3449 2197 3355 2198 3449 2132 3357 2132 3357 2198 3449 2133 3426 2133 3426 2134 3450 2193 3427 2193 3427 2134 3450 2194 3451 2193 3427 2194 3451 2188 3428 2188 3428 2194 3451 2189 3452 2188 3428 2189 3452 2183 3429 2183 3429 2189 3452 2184 3453 2183 3429 2184 3453 2178 3430 2178 3430 2184 3453 2179 3454 2178 3430 2179 3454 2173 3431 2173 3431 2179 3454 2174 3455 2173 3431 2174 3455 2168 3432 2168 3432 2174 3455 2169 3456 2168 3432 2169 3456 2163 3433 2163 3433 2169 3456 2164 3457 2163 3433 2164 3457 2158 3434 2158 3434 2164 3457 2159 3458 2158 3434 2159 3458 2153 3435 2153 3435 2159 3458 2154 3459 2153 3435 2154 3459 2148 3436 2148 3436 2154 3459 2149 3460 2148 3436 2149 3460 2138 3437 2138 3437 2149 3460 2139 3461 2138 3437 2139 3461 2145 3438 2145 3438 2139 3461 2144 3462 2145 3438 2144 3462 2248 3439 2248 3439 2144 3462 2249 3463 2248 3439 2249 3463 2243 3440 2243 3440 2249 3463 2244 3464 2243 3440 2244 3464 2238 3441 2238 3441 2244 3464 2239 3465 2238 3441 2239 3465 2233 3442 2233 3442 2239 3465 2234 3466 2233 3442 2234 3466 2228 3443 2228 3443 2234 3466 2229 3467 2228 3443 2229 3467 2223 3444 2223 3444 2229 3467 2224 3468 2223 3444 2224 3468 2218 3445 2218 3445 2224 3468 2219 3469 2218 3445 2219 3469 2213 3446 2213 3446 2219 3469 2214 3470 2213 3446 2214 3470 2208 3447 2208 3447 2214 3470 2209 3471 2208 3447 2209 3471 2203 3448 2203 3448 2209 3471 2204 3472 2203 3448 2204 3472 2198 3449 2198 3449 2204 3472 2199 3473 2198 3449 2199 3473 2133 3426 2133 3426 2199 3473 2134 3450 2134 3450 2135 3474 2194 3451 2194 3451 2135 3474 2195 3475 2194 3451 2195 3475 2189 3452 2189 3452 2195 3475 2190 3476 2189 3452 2190 3476 2184 3453 2184 3453 2190 3476 2185 3477 2184 3453 2185 3477 2179 3454 2179 3454 2185 3477 2180 3478 2179 3454 2180 3478 2174 3455 2174 3455 2180 3478 2175 3479 2174 3455 2175 3479 2169 3456 2169 3456 2175 3479 2170 3480 2169 3456 2170 3480 2164 3457 2164 3457 2170 3480 2165 3481 2164 3457 2165 3481 2159 3458 2159 3458 2165 3481 2160 3482 2159 3458 2160 3482 2154 3459 2154 3459 2160 3482 2155 3483 2154 3459 2155 3483 2149 3460 2149 3460 2155 3483 2150 3484 2149 3460 2150 3484 2139 3461 2139 3461 2150 3484 2140 3485 2139 3461 2140 3485 2144 3462 2144 3462 2140 3485 2143 3486 2144 3462 2143 3486 2249 3463 2249 3463 2143 3486 2250 3487 2249 3463 2250 3487 2244 3464 2244 3464 2250 3487 2245 3488 2244 3464 2245 3488 2239 3465 2239 3465 2245 3488 2240 3489 2239 3465 2240 3489 2234 3466 2234 3466 2240 3489 2235 3490 2234 3466 2235 3490 2229 3467 2229 3467 2235 3490 2230 3491 2229 3467 2230 3491 2224 3468 2224 3468 2230 3491 2225 3492 2224 3468 2225 3492 2219 3469 2219 3469 2225 3492 2220 3493 2219 3469 2220 3493 2214 3470 2214 3470 2220 3493 2215 3494 2214 3470 2215 3494 2209 3471 2209 3471 2215 3494 2210 3495 2209 3471 2210 3495 2204 3472 2204 3472 2210 3495 2205 3496 2204 3472 2205 3496 2199 3473 2199 3473 2205 3496 2200 3497 2199 3473 2200 3497 2134 3450 2134 3450 2200 3497 2135 3474 2135 3474 2136 3405 2195 3475 2195 3475 2136 3405 2196 3403 2195 3475 2196 3403 2190 3476 2190 3476 2196 3403 2191 3401 2190 3476 2191 3401 2185 3477 2185 3477 2191 3401 2186 3399 2185 3477 2186 3399 2180 3478 2180 3478 2186 3399 2181 3397 2180 3478 2181 3397 2175 3479 2175 3479 2181 3397 2176 3395 2175 3479 2176 3395 2170 3480 2170 3480 2176 3395 2171 3393 2170 3480 2171 3393 2165 3481 2165 3481 2171 3393 2166 3391 2165 3481 2166 3391 2160 3482 2160 3482 2166 3391 2161 3389 2160 3482 2161 3389 2155 3483 2155 3483 2161 3389 2156 3387 2155 3483 2156 3387 2150 3484 2150 3484 2156 3387 2151 3385 2150 3484 2151 3385 2140 3485 2140 3485 2151 3385 2141 3383 2140 3485 2141 3383 2143 3486 2143 3486 2141 3383 2142 3381 2143 3486 2142 3381 2250 3487 2250 3487 2142 3381 2251 3379 2250 3487 2251 3379 2245 3488 2245 3488 2251 3379 2246 3425 2245 3488 2246 3425 2240 3489 2240 3489 2246 3425 2241 3423 2240 3489 2241 3423 2235 3490 2235 3490 2241 3423 2236 3421 2235 3490 2236 3421 2230 3491 2230 3491 2236 3421 2231 3419 2230 3491 2231 3419 2225 3492 2225 3492 2231 3419 2226 3417 2225 3492 2226 3417 2220 3493 2220 3493 2226 3417 2221 3415 2220 3493 2221 3415 2215 3494 2215 3494 2221 3415 2216 3413 2215 3494 2216 3413 2210 3495 2210 3495 2216 3413 2211 3411 2210 3495 2211 3411 2205 3496 2205 3496 2211 3411 2206 3409 2205 3496 2206 3409 2200 3497 2200 3497 2206 3409 2201 3407 2200 3497 2201 3407 2135 3474 2135 3474 2201 3407 2136 3405 2107 3334 143 3498 2084 3332 2084 3332 143 3498 142 3499 2084 3332 142 3499 2085 3330 2085 3330 142 3499 141 3500 2085 3330 141 3500 2086 3376 2086 3376 141 3500 140 3501 2086 3376 140 3501 2087 3374 2087 3374 140 3501 139 3502 2087 3374 139 3502 2088 3372 2088 3372 139 3502 138 3503 2088 3372 138 3503 2089 3370 2089 3370 138 3503 137 3504 2089 3370 137 3504 2090 3368 2090 3368 137 3504 136 3505 2090 3368 136 3505 2091 3366 2091 3366 136 3505 135 3506 2091 3366 135 3506 2092 3364 2092 3364 135 3506 134 3507 2092 3364 134 3507 2093 3362 2093 3362 134 3507 133 3508 2093 3362 133 3508 2094 3360 2094 3360 133 3508 132 3509 2094 3360 132 3509 2095 3358 2095 3358 132 3509 131 3510 2095 3358 131 3510 2096 3356 2096 3356 131 3510 130 3511 2096 3356 130 3511 2097 3354 2097 3354 130 3511 153 3512 2097 3354 153 3512 2098 3352 2098 3352 153 3512 152 3513 2098 3352 152 3513 2099 3350 2099 3350 152 3513 151 3514 2099 3350 151 3514 2100 3348 2100 3348 151 3514 150 3515 2100 3348 150 3515 2101 3346 2101 3346 150 3515 149 3516 2101 3346 149 3516 2102 3344 2102 3344 149 3516 148 3517 2102 3344 148 3517 2103 3342 2103 3342 148 3517 147 3518 2103 3342 147 3518 2104 3340 2104 3340 147 3518 146 3519 2104 3340 146 3519 2105 3338 2105 3338 146 3519 145 3520 2105 3338 145 3520 2106 3336 2106 3336 145 3520 144 3521 2106 3336 144 3521 2107 3334 2107 3334 144 3521 143 3498 2131 3382 2262 3522 2108 3380 2108 3380 2262 3522 2263 3523 2108 3380 2263 3523 2109 3378 2109 3378 2263 3523 2110 3424 2110 3424 2263 3523 2111 3422 2111 3422 2263 3523 2252 3524 2111 3422 2252 3524 2253 3525 2131 3382 2130 3384 2262 3522 2262 3522 2130 3384 2129 3386 2262 3522 2129 3386 2261 3526 2261 3526 2129 3386 2260 3527 2260 3527 2129 3386 2128 3388 2260 3527 2128 3388 2127 3390 2127 3390 2126 3392 2260 3527 2260 3527 2126 3392 2259 3528 2259 3528 2126 3392 2125 3394 2259 3528 2125 3394 2124 3396 2124 3396 2123 3398 2259 3528 2259 3528 2123 3398 2258 3529 2258 3529 2123 3398 2257 3530 2257 3530 2123 3398 2122 3400 2257 3530 2122 3400 2121 3402 2121 3402 2120 3404 2257 3530 2257 3530 2120 3404 2256 3531 2256 3531 2120 3404 2119 3406 2256 3531 2119 3406 2118 3408 2118 3408 2117 3410 2256 3531 2256 3531 2117 3410 2255 3532 2255 3532 2117 3410 2254 3533 2254 3533 2117 3410 2116 3412 2254 3533 2116 3412 2115 3414 2115 3414 2114 3416 2254 3533 2254 3533 2114 3416 2253 3525 2253 3525 2114 3416 2113 3418 2253 3525 2113 3418 2112 3420 2112 3420 2111 3422 2253 3525 2264 3534 2265 3535 2256 3536 2256 3536 2265 3535 2257 3537 2257 3538 2265 3539 2258 3540 2258 3540 2265 3539 2266 3541 2267 3542 2264 3543 2255 3544 2255 3544 2264 3543 2256 3545 2262 3546 2261 3547 2269 3548 2269 3548 2261 3547 2268 3549 2262 3550 2269 3551 2263 3552 2263 3552 2269 3551 2270 3553 2263 3554 2270 3555 2252 3556 2252 3556 2270 3555 2271 3557 2272 3558 2273 3559 2253 3560 2253 3560 2273 3559 2254 3561 2254 3562 2273 3563 2255 3564 2255 3564 2273 3563 2267 3565 2253 3566 2252 3567 2272 3568 2272 3568 2252 3567 2271 3569 2266 3570 2274 3571 2258 3572 2258 3572 2274 3571 2259 3573 2259 3574 2274 3575 2260 3576 2260 3576 2274 3575 2275 3577 2260 3578 2275 3579 2261 3580 2261 3580 2275 3579 2268 3581 2275 3582 2274 3583 2268 3584 2268 3584 2274 3583 2266 3585 2268 3584 2266 3585 2271 3586 2271 3586 2266 3585 2267 3587 2271 3586 2267 3587 2272 3588 2272 3588 2267 3587 2273 3589 2266 3585 2265 3590 2267 3587 2267 3587 2265 3590 2264 3591 2271 3586 2270 3592 2268 3584 2268 3584 2270 3592 2269 3593 6 3594 2276 3595 7 3596 7 3596 2276 3595 2277 3597 1329 3598 1328 3599 2282 3600 2282 3600 1328 3599 2281 3601 2281 3601 1328 3599 1327 3602 2281 3601 1327 3602 1205 3603 1204 3604 2279 3605 1205 3603 1205 3603 2279 3605 2280 3606 1205 3603 2280 3606 2281 3601 1204 3604 2278 3607 2279 3605 2284 3608 2358 3609 2283 3610 2283 3610 2358 3609 2359 3611 2283 3610 2359 3611 2314 3612 2314 3612 2359 3611 2313 3613 2313 3613 2359 3611 2312 3614 2312 3614 2359 3611 2311 3615 2311 3615 2359 3611 2326 3616 2311 3615 2326 3616 2310 3617 2310 3617 2326 3616 2327 3618 2310 3617 2327 3618 2309 3619 2309 3619 2327 3618 2328 3620 2309 3619 2328 3620 2329 3621 2358 3609 2284 3608 2357 3622 2357 3622 2284 3608 2285 3623 2357 3622 2285 3623 2286 3624 2286 3624 2287 3625 2357 3622 2357 3622 2287 3625 2288 3626 2357 3622 2288 3626 2356 3627 2356 3627 2288 3626 2289 3628 2356 3627 2289 3628 2290 3629 2290 3629 2291 3630 2356 3627 2356 3627 2291 3630 2355 3631 2355 3631 2291 3630 2292 3632 2355 3631 2292 3632 2293 3633 2355 3631 2293 3633 2354 3634 2354 3634 2293 3633 2294 3635 2354 3634 2294 3635 2353 3636 2353 3636 2294 3635 2295 3637 2353 3636 2295 3637 2352 3638 2352 3638 2295 3637 2296 3639 2352 3638 2296 3639 2297 3640 2352 3638 2297 3640 2351 3641 2351 3641 2297 3640 2298 3642 2351 3641 2298 3642 2350 3643 2350 3643 2298 3642 2299 3644 2350 3643 2299 3644 2349 3645 2349 3645 2299 3644 2336 3646 2349 3645 2336 3646 2342 3647 2342 3647 2336 3646 2337 3648 2342 3647 2337 3648 2338 3649 2299 3644 2300 3650 2336 3646 2336 3646 2300 3650 2335 3651 2335 3651 2300 3650 2301 3652 2335 3651 2301 3652 2334 3653 2334 3653 2301 3652 2302 3654 2334 3653 2302 3654 2333 3655 2333 3655 2302 3654 2303 3656 2333 3655 2303 3656 2304 3657 2333 3655 2304 3657 2332 3658 2332 3658 2304 3657 2305 3659 2332 3658 2305 3659 2331 3660 2331 3660 2305 3659 2306 3661 2331 3660 2306 3661 2330 3662 2330 3662 2306 3661 2307 3663 2330 3662 2307 3663 2329 3621 2329 3621 2307 3663 2308 3664 2329 3621 2308 3664 2309 3619 1 3665 0 3666 2362 3667 2362 3667 0 3666 2361 3668 2361 3668 0 3666 1329 3669 2361 3668 1329 3669 2282 3670 2315 3671 2319 3672 2282 3670 2282 3670 2319 3672 2320 3673 2282 3670 2320 3673 2361 3668 2361 3668 2320 3673 2360 3674 2360 3674 2320 3673 2321 3675 2360 3674 2321 3675 2322 3676 53 3677 52 3678 2315 3671 2315 3671 52 3678 2319 3672 910 3679 2316 3680 52 3678 52 3678 2316 3680 2319 3672 2317 3681 2318 3682 2316 3680 2316 3680 2318 3682 2319 3672 2322 3676 2323 3683 2360 3674 2360 3674 2323 3683 2359 3611 2359 3611 2323 3683 2324 3684 2359 3611 2324 3684 2325 3685 2325 3685 2326 3616 2359 3611 2338 3649 2339 3686 2342 3647 2342 3647 2339 3686 2340 3687 2342 3647 2340 3687 2341 3688 2342 3647 2343 3689 2349 3645 2349 3645 2343 3689 2348 3690 2348 3690 2343 3689 2347 3691 2347 3691 2343 3689 2346 3692 2346 3692 2343 3689 2345 3693 2345 3693 2343 3689 2344 3694 1273 3695 2363 3696 1261 3697 1261 3697 2363 3696 2364 3698 2365 3699 2366 3700 2370 3701 2370 3701 2366 3700 2369 3702 2369 3702 2366 3700 2368 3703 2368 3703 2366 3700 2367 3704 2367 3705 2371 3706 2368 3707 2368 3707 2371 3706 2374 3708 2374 3708 2371 3706 2373 3709 2373 3709 2371 3706 2372 3710 2375 3711 2376 3712 2373 3713 2373 3713 2376 3712 2374 3714 2374 3714 2376 3712 2378 3715 2378 3715 2376 3712 2377 3716 2377 3717 2379 3718 2378 3719 2378 3719 2379 3718 2382 3720 2382 3720 2379 3718 2381 3721 2381 3721 2379 3718 2380 3722 2383 3723 2384 3724 2381 3725 2381 3725 2384 3724 2382 3726 2382 3726 2384 3724 2386 3727 2386 3727 2384 3724 2385 3728 2385 3729 2387 3730 2386 3731 2386 3731 2387 3730 2390 3732 2390 3732 2387 3730 2389 3733 2389 3733 2387 3730 2388 3734 2391 3735 2392 3736 2389 3737 2389 3737 2392 3736 2390 3738 2390 3738 2392 3736 2394 3739 2394 3739 2392 3736 2393 3740 2393 3741 2395 3742 2394 3743 2394 3743 2395 3742 2398 3744 2398 3744 2395 3742 2397 3745 2397 3745 2395 3742 2396 3746 2399 3747 2400 3748 2397 3749 2397 3749 2400 3748 2398 3750 2398 3750 2400 3748 2402 3751 2402 3751 2400 3748 2401 3752 2401 3753 2403 3754 2402 3755 2402 3755 2403 3754 2406 3756 2406 3756 2403 3754 2405 3757 2405 3757 2403 3754 2404 3758 2407 3759 2408 3760 2405 3761 2405 3761 2408 3760 2406 3762 2406 3762 2408 3760 2410 3763 2410 3763 2408 3760 2409 3764 2409 3765 2411 3766 2410 3767 2410 3767 2411 3766 2414 3768 2414 3768 2411 3766 2413 3769 2413 3769 2411 3766 2412 3770 2415 3771 2416 3772 2413 3773 2413 3773 2416 3772 2414 3774 2414 3774 2416 3772 2418 3775 2418 3775 2416 3772 2417 3776 2417 3777 2419 3778 2418 3779 2418 3779 2419 3778 2422 3780 2422 3780 2419 3778 2421 3781 2421 3781 2419 3778 2420 3782 2423 3783 2424 3784 2421 3785 2421 3785 2424 3784 2422 3786 2422 3786 2424 3784 2426 3787 2426 3787 2424 3784 2425 3788 2425 3789 2427 3790 2426 3791 2426 3791 2427 3790 2430 3792 2430 3792 2427 3790 2429 3793 2429 3793 2427 3790 2428 3794 2431 3795 2432 3796 2429 3797 2429 3797 2432 3796 2430 3798 2430 3798 2432 3796 2434 3799 2434 3799 2432 3796 2433 3800 2433 3801 2435 3802 2434 3803 2434 3803 2435 3802 2438 3804 2438 3804 2435 3802 2437 3805 2437 3805 2435 3802 2436 3806 2439 3807 2440 3808 2437 3809 2437 3809 2440 3808 2438 3810 2438 3810 2440 3808 2442 3811 2442 3811 2440 3808 2441 3812 2441 3813 2443 3814 2442 3815 2442 3815 2443 3814 2446 3816 2446 3816 2443 3814 2445 3817 2445 3817 2443 3814 2444 3818 2447 3819 2448 3820 2445 3821 2445 3821 2448 3820 2446 3822 2446 3822 2448 3820 2450 3823 2450 3823 2448 3820 2449 3824 2449 3825 2451 3826 2450 3827 2450 3827 2451 3826 2454 3828 2454 3828 2451 3826 2453 3829 2453 3829 2451 3826 2452 3830 2455 3831 2456 3832 2453 3833 2453 3833 2456 3832 2454 3834 2454 3834 2456 3832 2458 3835 2458 3835 2456 3832 2457 3836 2457 3837 2459 3838 2458 3839 2458 3839 2459 3838 2462 3840 2462 3840 2459 3838 2461 3841 2461 3841 2459 3838 2460 3842 2463 3843 2464 3844 2461 3845 2461 3845 2464 3844 2462 3846 2462 3846 2464 3844 2466 3847 2466 3847 2464 3844 2465 3848 2468 3849 2502 3850 2467 3851 2467 3851 2502 3850 2503 3852 2467 3851 2503 3852 2504 3853 2502 3850 2468 3849 2501 3854 2501 3854 2468 3849 2469 3855 2501 3854 2469 3855 2500 3856 2500 3856 2469 3855 2470 3857 2500 3856 2470 3857 2499 3858 2499 3858 2470 3857 2471 3859 2499 3858 2471 3859 2498 3860 2498 3860 2471 3859 2472 3861 2498 3860 2472 3861 2497 3862 2497 3862 2472 3861 2473 3863 2497 3862 2473 3863 2474 3864 2497 3862 2474 3864 2496 3865 2496 3865 2474 3864 2475 3866 2496 3865 2475 3866 2495 3867 2495 3867 2475 3866 2476 3868 2495 3867 2476 3868 2494 3869 2494 3869 2476 3868 2477 3870 2494 3869 2477 3870 2493 3871 2493 3871 2477 3870 2478 3872 2493 3871 2478 3872 2492 3873 2492 3873 2478 3872 2491 3874 2491 3874 2478 3872 2479 3875 2491 3874 2479 3875 2514 3876 2514 3876 2479 3875 2480 3877 2514 3876 2480 3877 2513 3878 2513 3878 2480 3877 2481 3879 2513 3878 2481 3879 2512 3880 2512 3880 2481 3879 2482 3881 2512 3880 2482 3881 2511 3882 2511 3882 2482 3881 2483 3883 2511 3882 2483 3883 2510 3884 2510 3884 2483 3883 2484 3885 2510 3884 2484 3885 2509 3886 2509 3886 2484 3885 2485 3887 2509 3886 2485 3887 2486 3888 2509 3886 2486 3888 2508 3889 2508 3889 2486 3888 2487 3890 2508 3889 2487 3890 2507 3891 2507 3891 2487 3890 2488 3892 2507 3891 2488 3892 2506 3893 2506 3893 2488 3892 2489 3894 2506 3893 2489 3894 2505 3895 2505 3895 2489 3894 2490 3896 2505 3895 2490 3896 2504 3853 2504 3853 2490 3896 2467 3851 2516 3897 2492 3898 2515 3899 2515 3899 2492 3898 2491 3900 2515 3899 2491 3900 2538 3901 2538 3901 2491 3900 2514 3902 2538 3901 2514 3902 2537 3903 2537 3903 2514 3902 2513 3904 2537 3903 2513 3904 2536 3905 2536 3905 2513 3904 2512 3906 2536 3905 2512 3906 2535 3907 2535 3907 2512 3906 2511 3908 2535 3907 2511 3908 2534 3909 2534 3909 2511 3908 2510 3910 2534 3909 2510 3910 2533 3911 2533 3911 2510 3910 2509 3912 2533 3911 2509 3912 2532 3913 2532 3913 2509 3912 2508 3914 2532 3913 2508 3914 2531 3915 2531 3915 2508 3914 2507 3916 2531 3915 2507 3916 2530 3917 2530 3917 2507 3916 2506 3918 2530 3917 2506 3918 2529 3919 2529 3919 2506 3918 2505 3920 2529 3919 2505 3920 2528 3921 2528 3921 2505 3920 2504 3922 2528 3921 2504 3922 2527 3923 2527 3923 2504 3922 2503 3924 2527 3923 2503 3924 2526 3925 2526 3925 2503 3924 2502 3926 2526 3925 2502 3926 2525 3927 2525 3927 2502 3926 2501 3928 2525 3927 2501 3928 2524 3929 2524 3929 2501 3928 2500 3930 2524 3929 2500 3930 2523 3931 2523 3931 2500 3930 2499 3932 2523 3931 2499 3932 2522 3933 2522 3933 2499 3932 2498 3934 2522 3933 2498 3934 2521 3935 2521 3935 2498 3934 2497 3936 2521 3935 2497 3936 2520 3937 2520 3937 2497 3936 2496 3938 2520 3937 2496 3938 2519 3939 2519 3939 2496 3938 2495 3940 2519 3939 2495 3940 2518 3941 2518 3941 2495 3940 2494 3942 2518 3941 2494 3942 2517 3943 2517 3943 2494 3942 2493 3944 2517 3943 2493 3944 2516 3897 2516 3897 2493 3944 2492 3898 2540 3945 2368 3946 2539 3947 2539 3947 2368 3946 2563 3948 2539 3947 2563 3948 2564 3949 2541 3950 2622 3951 2540 3945 2540 3945 2622 3951 2623 3952 2540 3945 2623 3952 2624 3953 2542 3954 2619 3955 2541 3950 2541 3950 2619 3955 2620 3956 2541 3950 2620 3956 2621 3957 2543 3958 2616 3959 2542 3954 2542 3954 2616 3959 2617 3960 2542 3954 2617 3960 2618 3961 2544 3962 2612 3963 2543 3958 2543 3958 2612 3963 2613 3964 2543 3958 2613 3964 2614 3965 2545 3966 2609 3967 2544 3962 2544 3962 2609 3967 2610 3968 2544 3962 2610 3968 2611 3969 2546 3970 2606 3971 2545 3966 2545 3966 2606 3971 2607 3972 2545 3966 2607 3972 2608 3973 2547 3974 2603 3975 2546 3970 2546 3970 2603 3975 2604 3976 2546 3970 2604 3976 2605 3977 2548 3978 2600 3979 2547 3974 2547 3974 2600 3979 2601 3980 2547 3974 2601 3980 2602 3981 2549 3982 2597 3983 2548 3978 2548 3978 2597 3983 2598 3984 2548 3978 2598 3984 2599 3985 2550 3986 2594 3987 2549 3982 2549 3982 2594 3987 2595 3988 2549 3982 2595 3988 2596 3989 2551 3990 2591 3991 2550 3986 2550 3986 2591 3991 2592 3992 2550 3986 2592 3992 2593 3993 2552 3994 2587 3995 2551 3990 2551 3990 2587 3995 2588 3996 2551 3990 2588 3996 2589 3997 2553 3998 2585 3999 2552 3994 2552 3994 2585 3999 2586 4000 2552 3994 2586 4000 2466 4001 2554 4002 2583 4003 2553 3998 2553 3998 2583 4003 2584 4004 2553 3998 2584 4004 2458 4005 2555 4006 2581 4007 2554 4002 2554 4002 2581 4007 2582 4008 2554 4002 2582 4008 2450 4009 2556 4010 2579 4011 2555 4006 2555 4006 2579 4011 2580 4012 2555 4006 2580 4012 2442 4013 2557 4014 2577 4015 2556 4010 2556 4010 2577 4015 2578 4016 2556 4010 2578 4016 2434 4017 2558 4018 2575 4019 2557 4014 2557 4014 2575 4019 2576 4020 2557 4014 2576 4020 2426 4021 2559 4022 2573 4023 2558 4018 2558 4018 2573 4023 2574 4024 2558 4018 2574 4024 2418 4025 2560 4026 2402 4027 2559 4022 2559 4022 2402 4027 2571 4028 2559 4022 2571 4028 2572 4029 2561 4030 2394 4031 2560 4026 2560 4026 2394 4031 2569 4032 2560 4026 2569 4032 2570 4033 2562 4034 2386 4035 2561 4030 2561 4030 2386 4035 2567 4036 2561 4030 2567 4036 2568 4037 2539 3947 2378 4038 2562 4034 2562 4034 2378 4038 2565 4039 2562 4034 2565 4039 2566 4040 2564 3949 2378 4038 2539 3947 2566 4040 2386 4035 2562 4034 2568 4037 2394 4031 2561 4030 2570 4033 2402 4027 2560 4026 2572 4029 2410 4041 2559 4022 2559 4022 2410 4041 2573 4023 2418 4025 2575 4019 2558 4018 2426 4021 2577 4015 2557 4014 2434 4017 2579 4011 2556 4010 2442 4013 2581 4007 2555 4006 2450 4009 2583 4003 2554 4002 2458 4005 2585 3999 2553 3998 2466 4001 2587 3995 2552 3994 2589 3997 2590 4042 2551 3990 2551 3990 2590 4042 2591 3991 2593 3993 2594 3987 2550 3986 2596 3989 2597 3983 2549 3982 2599 3985 2600 3979 2548 3978 2602 3981 2603 3975 2547 3974 2605 3977 2606 3971 2546 3970 2608 3973 2609 3967 2545 3966 2611 3969 2612 3963 2544 3962 2614 3965 2615 4043 2543 3958 2543 3958 2615 4043 2616 3959 2618 3961 2619 3955 2542 3954 2621 3957 2622 3951 2541 3950 2624 3953 2368 3946 2540 3945 2562 4044 2552 4045 2539 4046 2539 4046 2552 4045 2551 4047 2539 4046 2551 4047 2540 4048 2540 4048 2551 4047 2550 4049 2540 4048 2550 4049 2541 4050 2541 4050 2550 4049 2549 4051 2541 4050 2549 4051 2542 4052 2542 4052 2549 4051 2548 4053 2542 4052 2548 4053 2543 4054 2543 4054 2548 4053 2547 4055 2543 4054 2547 4055 2544 4056 2544 4056 2547 4055 2546 4057 2544 4056 2546 4057 2545 4058 2552 4045 2562 4044 2553 4059 2553 4059 2562 4044 2561 4060 2553 4059 2561 4060 2554 4061 2554 4061 2561 4060 2560 4062 2554 4061 2560 4062 2555 4063 2555 4063 2560 4062 2559 4064 2555 4063 2559 4064 2556 4065 2556 4065 2559 4064 2558 4066 2556 4065 2558 4066 2557 4067 2378 4068 2382 4069 2565 4070 2565 4070 2382 4069 2566 4071 2566 4071 2382 4069 2386 4072 2386 4072 2390 4073 2567 4074 2567 4074 2390 4073 2568 4075 2568 4075 2390 4073 2394 4076 2394 4076 2398 4077 2569 4078 2569 4078 2398 4077 2570 4079 2570 4079 2398 4077 2402 4080 2402 4080 2406 4081 2571 4082 2571 4082 2406 4081 2572 4083 2572 4083 2406 4081 2410 4084 2410 4084 2414 4085 2573 4086 2573 4086 2414 4085 2574 4087 2574 4087 2414 4085 2418 4088 2418 4088 2422 4089 2575 4090 2575 4090 2422 4089 2576 4091 2576 4091 2422 4089 2426 4092 2426 4092 2430 4093 2577 4094 2577 4094 2430 4093 2578 4095 2578 4095 2430 4093 2434 4096 2434 4096 2438 4097 2579 4098 2579 4098 2438 4097 2580 4099 2580 4099 2438 4097 2442 4100 2442 4100 2446 4101 2581 4102 2581 4102 2446 4101 2582 4103 2582 4103 2446 4101 2450 4104 2450 4104 2454 4105 2583 4106 2583 4106 2454 4105 2584 4107 2584 4107 2454 4105 2458 4108 2458 4108 2462 4109 2585 4110 2585 4110 2462 4109 2586 4111 2586 4111 2462 4109 2466 4112 2466 4112 2625 4113 2587 4114 2587 4114 2625 4113 2588 4115 2588 4115 2625 4113 2589 4116 2589 4116 2626 4117 2590 4118 2590 4118 2626 4117 2591 4119 2591 4119 2626 4117 2592 4120 2592 4120 2627 4121 2593 4122 2593 4122 2627 4121 2594 4123 2594 4123 2627 4121 2595 4124 2595 4124 2628 4125 2596 4126 2596 4126 2628 4125 2597 4127 2597 4127 2628 4125 2598 4128 2598 4128 2629 4129 2599 4130 2599 4130 2629 4129 2600 4131 2600 4131 2629 4129 2601 4132 2601 4132 2630 4133 2602 4134 2602 4134 2630 4133 2603 4135 2603 4135 2630 4133 2604 4136 2604 4136 2631 4137 2605 4138 2605 4138 2631 4137 2606 4139 2606 4139 2631 4137 2607 4140 2607 4140 2632 4141 2608 4142 2608 4142 2632 4141 2609 4143 2609 4143 2632 4141 2610 4144 2610 4144 2633 4145 2611 4146 2611 4146 2633 4145 2612 4147 2612 4147 2633 4145 2613 4148 2613 4148 2634 4149 2614 4150 2614 4150 2634 4149 2615 4151 2615 4151 2634 4149 2616 4152 2616 4152 2635 4153 2617 4154 2617 4154 2635 4153 2618 4155 2618 4155 2635 4153 2619 4156 2619 4156 2636 4157 2620 4158 2620 4158 2636 4157 2621 4159 2621 4159 2636 4157 2622 4160 2622 4160 2369 4161 2623 4162 2623 4162 2369 4161 2624 4163 2624 4163 2369 4161 2368 4164 2368 4164 2374 4165 2563 4166 2563 4166 2374 4165 2564 4167 2564 4167 2374 4165 2378 4068 2638 4168 2589 4169 2637 4170 2637 4170 2589 4169 2625 4171 2637 4170 2625 4171 2639 4172 2639 4172 2640 4173 2637 4170 2642 4174 2643 4175 2641 4176 2641 4176 2643 4175 2626 4177 2641 4176 2626 4177 2589 4178 2589 4178 2638 4179 2641 4176 2645 4180 2592 4181 2644 4182 2644 4182 2592 4181 2626 4183 2644 4182 2626 4183 2643 4184 2643 4184 2646 4185 2644 4182 2648 4186 2649 4187 2647 4188 2647 4188 2649 4187 2627 4189 2647 4188 2627 4189 2592 4190 2592 4190 2645 4191 2647 4188 2651 4192 2595 4193 2650 4194 2650 4194 2595 4193 2627 4195 2650 4194 2627 4195 2649 4196 2649 4196 2652 4197 2650 4194 2654 4198 2655 4199 2653 4200 2653 4200 2655 4199 2628 4201 2653 4200 2628 4201 2595 4202 2595 4202 2651 4203 2653 4200 2657 4204 2598 4205 2656 4206 2656 4206 2598 4205 2628 4207 2656 4206 2628 4207 2655 4208 2655 4208 2658 4209 2656 4206 2660 4210 2661 4211 2659 4212 2659 4212 2661 4211 2629 4213 2659 4212 2629 4213 2598 4214 2598 4214 2657 4215 2659 4212 2663 4216 2601 4217 2662 4218 2662 4218 2601 4217 2629 4219 2662 4218 2629 4219 2661 4220 2661 4220 2664 4221 2662 4218 2666 4222 2667 4223 2665 4224 2665 4224 2667 4223 2630 4225 2665 4224 2630 4225 2601 4226 2601 4226 2663 4227 2665 4224 2669 4228 2604 4229 2668 4230 2668 4230 2604 4229 2630 4231 2668 4230 2630 4231 2667 4232 2667 4232 2670 4233 2668 4230 2672 4234 2673 4235 2671 4236 2671 4236 2673 4235 2631 4237 2671 4236 2631 4237 2604 4238 2604 4238 2669 4239 2671 4236 2675 4240 2607 4241 2674 4242 2674 4242 2607 4241 2631 4243 2674 4242 2631 4243 2673 4244 2673 4244 2676 4245 2674 4242 2678 4246 2679 4247 2677 4248 2677 4248 2679 4247 2632 4249 2677 4248 2632 4249 2607 4250 2607 4250 2675 4251 2677 4248 2681 4252 2610 4253 2680 4254 2680 4254 2610 4253 2632 4255 2680 4254 2632 4255 2679 4256 2679 4256 2682 4257 2680 4254 2684 4258 2685 4259 2683 4260 2683 4260 2685 4259 2633 4261 2683 4260 2633 4261 2610 4262 2610 4262 2681 4263 2683 4260 2687 4264 2613 4265 2686 4266 2686 4266 2613 4265 2633 4267 2686 4266 2633 4267 2685 4268 2685 4268 2688 4269 2686 4266 2690 4270 2691 4271 2689 4272 2689 4272 2691 4271 2634 4273 2689 4272 2634 4273 2613 4274 2613 4274 2687 4275 2689 4272 2693 4276 2616 4277 2692 4278 2692 4278 2616 4277 2634 4279 2692 4278 2634 4279 2691 4280 2691 4280 2694 4281 2692 4278 2696 4282 2697 4283 2695 4284 2695 4284 2697 4283 2635 4285 2695 4284 2635 4285 2616 4286 2616 4286 2693 4287 2695 4284 2699 4288 2619 4289 2698 4290 2698 4290 2619 4289 2635 4291 2698 4290 2635 4291 2697 4292 2697 4292 2700 4293 2698 4290 2702 4294 2703 4295 2701 4296 2701 4296 2703 4295 2636 4297 2701 4296 2636 4297 2619 4298 2619 4298 2699 4299 2701 4296 2705 4300 2622 4301 2704 4302 2704 4302 2622 4301 2636 4303 2704 4302 2636 4303 2703 4304 2703 4304 2706 4305 2704 4302 2708 4306 2370 4307 2707 4308 2707 4308 2370 4307 2369 4309 2707 4308 2369 4309 2622 4310 2622 4310 2705 4311 2707 4308 2710 4312 2639 4313 2709 4314 2709 4314 2639 4313 2625 4315 2709 4314 2625 4315 2466 4316 2466 4316 2465 4317 2709 4314 2538 4318 2528 4319 2515 4320 2515 4320 2528 4319 2527 4321 2515 4320 2527 4321 2516 4322 2516 4322 2527 4321 2526 4323 2516 4322 2526 4323 2517 4324 2517 4324 2526 4323 2525 4325 2517 4324 2525 4325 2518 4326 2518 4326 2525 4325 2524 4327 2518 4326 2524 4327 2519 4328 2519 4328 2524 4327 2523 4329 2519 4328 2523 4329 2520 4330 2520 4330 2523 4329 2522 4331 2520 4330 2522 4331 2521 4332 2528 4319 2538 4318 2529 4333 2529 4333 2538 4318 2537 4334 2529 4333 2537 4334 2530 4335 2530 4335 2537 4334 2536 4336 2530 4335 2536 4336 2531 4337 2531 4337 2536 4336 2535 4338 2531 4337 2535 4338 2532 4339 2532 4339 2535 4338 2534 4340 2532 4339 2534 4340 2533 4341 2708 4342 2707 4343 2712 4344 2712 4344 2707 4343 2711 4345 2365 4346 2713 4347 2366 4348 2366 4348 2713 4347 2714 4349 2706 4350 2715 4351 2704 4352 2704 4352 2715 4351 2716 4353 2702 4354 2701 4355 2718 4356 2718 4356 2701 4355 2717 4357 2375 4358 2719 4359 2376 4360 2376 4360 2719 4359 2720 4361 2700 4362 2721 4363 2698 4364 2698 4364 2721 4363 2722 4365 2696 4366 2695 4367 2724 4368 2724 4368 2695 4367 2723 4369 2383 4370 2725 4371 2384 4372 2384 4372 2725 4371 2726 4373 2692 4374 2694 4375 2728 4376 2728 4376 2694 4375 2727 4377 2689 4378 2729 4379 2690 4380 2690 4380 2729 4379 2730 4381 2391 4382 2731 4383 2392 4384 2392 4384 2731 4383 2732 4385 2686 4386 2688 4387 2734 4388 2734 4388 2688 4387 2733 4389 2683 4390 2735 4391 2684 4392 2684 4392 2735 4391 2736 4393 2400 4394 2399 4395 2738 4396 2738 4396 2399 4395 2737 4397 2680 4398 2682 4399 2740 4400 2740 4400 2682 4399 2739 4401 2677 4402 2741 4403 2678 4404 2678 4404 2741 4403 2742 4405 2408 4406 2407 4407 2744 4408 2744 4408 2407 4407 2743 4409 2674 4410 2676 4411 2746 4412 2746 4412 2676 4411 2745 4413 2671 4414 2747 4415 2672 4416 2672 4416 2747 4415 2748 4417 2416 4418 2415 4419 2750 4420 2750 4420 2415 4419 2749 4421 2668 4422 2670 4423 2752 4424 2752 4424 2670 4423 2751 4425 2665 4426 2753 4427 2666 4428 2666 4428 2753 4427 2754 4429 2424 4430 2423 4431 2756 4432 2756 4432 2423 4431 2755 4433 2662 4434 2664 4435 2758 4436 2758 4436 2664 4435 2757 4437 2659 4438 2759 4439 2660 4440 2660 4440 2759 4439 2760 4441 2432 4442 2431 4443 2762 4444 2762 4444 2431 4443 2761 4445 2656 4446 2658 4447 2764 4448 2764 4448 2658 4447 2763 4449 2654 4450 2653 4451 2766 4452 2766 4452 2653 4451 2765 4453 2440 4454 2439 4455 2768 4456 2768 4456 2439 4455 2767 4457 2650 4458 2652 4459 2770 4460 2770 4460 2652 4459 2769 4461 2648 4462 2647 4463 2772 4464 2772 4464 2647 4463 2771 4465 2448 4466 2447 4467 2774 4468 2774 4468 2447 4467 2773 4469 2644 4470 2646 4471 2776 4472 2776 4472 2646 4471 2775 4473 2642 4474 2641 4475 2778 4476 2778 4476 2641 4475 2777 4477 2456 4478 2455 4479 2780 4480 2780 4480 2455 4479 2779 4481 2637 4482 2640 4483 2782 4484 2782 4484 2640 4483 2781 4485 2781 4486 2640 4487 2783 4488 2783 4488 2640 4487 2639 4489 2783 4488 2639 4489 2710 4490 2460 4491 2784 4492 2461 4493 2461 4493 2784 4492 2463 4494 2463 4494 2784 4492 2785 4495 2775 4496 2646 4497 2778 4498 2778 4498 2646 4497 2643 4499 2778 4498 2643 4499 2642 4500 2452 4501 2786 4502 2453 4503 2453 4503 2786 4502 2455 4504 2455 4504 2786 4502 2779 4505 2769 4506 2652 4507 2772 4508 2772 4508 2652 4507 2649 4509 2772 4508 2649 4509 2648 4510 2444 4511 2787 4512 2445 4513 2445 4513 2787 4512 2447 4514 2447 4514 2787 4512 2773 4515 2763 4516 2658 4517 2766 4518 2766 4518 2658 4517 2655 4519 2766 4518 2655 4519 2654 4520 2436 4521 2788 4522 2437 4523 2437 4523 2788 4522 2439 4524 2439 4524 2788 4522 2767 4525 2757 4526 2664 4527 2760 4528 2760 4528 2664 4527 2661 4529 2760 4528 2661 4529 2660 4530 2428 4531 2789 4532 2429 4533 2429 4533 2789 4532 2431 4534 2431 4534 2789 4532 2761 4535 2751 4536 2670 4537 2754 4538 2754 4538 2670 4537 2667 4539 2754 4538 2667 4539 2666 4540 2420 4541 2790 4542 2421 4543 2421 4543 2790 4542 2423 4544 2423 4544 2790 4542 2755 4545 2745 4546 2676 4547 2748 4548 2748 4548 2676 4547 2673 4549 2748 4548 2673 4549 2672 4550 2412 4551 2791 4552 2413 4553 2413 4553 2791 4552 2415 4554 2415 4554 2791 4552 2749 4555 2739 4556 2682 4557 2742 4558 2742 4558 2682 4557 2679 4559 2742 4558 2679 4559 2678 4560 2404 4561 2792 4562 2405 4563 2405 4563 2792 4562 2407 4564 2407 4564 2792 4562 2743 4565 2733 4566 2688 4567 2736 4568 2736 4568 2688 4567 2685 4569 2736 4568 2685 4569 2684 4570 2396 4571 2793 4572 2397 4573 2397 4573 2793 4572 2399 4574 2399 4574 2793 4572 2737 4575 2727 4576 2694 4577 2730 4578 2730 4578 2694 4577 2691 4579 2730 4578 2691 4579 2690 4580 2388 4581 2794 4582 2389 4583 2389 4583 2794 4582 2391 4584 2391 4584 2794 4582 2731 4585 2721 4586 2700 4587 2724 4588 2724 4588 2700 4587 2697 4589 2724 4588 2697 4589 2696 4590 2380 4591 2795 4592 2381 4593 2381 4593 2795 4592 2383 4594 2383 4594 2795 4592 2725 4595 2715 4596 2706 4597 2718 4598 2718 4598 2706 4597 2703 4599 2718 4598 2703 4599 2702 4600 2372 4601 2796 4602 2373 4603 2373 4603 2796 4602 2375 4604 2375 4604 2796 4602 2719 4605 2708 4606 2712 4607 2370 4608 2370 4608 2712 4607 2365 4609 2365 4609 2712 4607 2713 4610 2710 4611 2709 4612 2783 4613 2783 4613 2709 4612 2797 4614 2799 4615 2846 4616 2798 4617 2798 4617 2846 4616 2822 4618 2798 4617 2822 4618 2823 4619 2846 4616 2799 4615 2845 4620 2845 4620 2799 4615 2800 4621 2845 4620 2800 4621 2844 4622 2844 4622 2800 4621 2801 4623 2844 4622 2801 4623 2843 4624 2843 4624 2801 4623 2802 4625 2843 4624 2802 4625 2842 4626 2842 4626 2802 4625 2803 4627 2842 4626 2803 4627 2841 4628 2841 4628 2803 4627 2804 4629 2841 4628 2804 4629 2840 4630 2840 4630 2804 4629 2805 4631 2840 4630 2805 4631 2839 4632 2839 4632 2805 4631 2806 4633 2839 4632 2806 4633 2838 4634 2838 4634 2806 4633 2807 4635 2838 4634 2807 4635 2837 4636 2837 4636 2807 4635 2808 4637 2837 4636 2808 4637 2836 4638 2836 4638 2808 4637 2809 4639 2836 4638 2809 4639 2835 4640 2835 4640 2809 4639 2810 4641 2835 4640 2810 4641 2834 4642 2834 4642 2810 4641 2811 4643 2834 4642 2811 4643 2833 4644 2833 4644 2811 4643 2812 4645 2833 4644 2812 4645 2832 4646 2832 4646 2812 4645 2813 4647 2832 4646 2813 4647 2831 4648 2831 4648 2813 4647 2814 4649 2831 4648 2814 4649 2830 4650 2830 4650 2814 4649 2815 4651 2830 4650 2815 4651 2829 4652 2829 4652 2815 4651 2816 4653 2829 4652 2816 4653 2828 4654 2828 4654 2816 4653 2817 4655 2828 4654 2817 4655 2827 4656 2827 4656 2817 4655 2818 4657 2827 4656 2818 4657 2826 4658 2826 4658 2818 4657 2819 4659 2826 4658 2819 4659 2825 4660 2825 4660 2819 4659 2820 4661 2825 4660 2820 4661 2824 4662 2824 4662 2820 4661 2821 4663 2824 4662 2821 4663 2823 4619 2823 4619 2821 4663 2798 4617 2876 4664 2847 4665 2343 4666 2343 4666 2847 4665 2848 4667 2343 4666 2848 4667 2849 4668 2849 4668 2850 4669 2343 4666 2343 4666 2850 4669 2851 4670 2343 4666 2851 4670 2852 4671 2343 4666 2852 4671 2344 4672 2344 4672 2852 4671 2853 4673 2344 4672 2853 4673 2854 4674 2854 4674 2855 4675 2344 4672 2344 4672 2855 4675 2856 4676 2344 4672 2856 4676 2898 4677 2898 4677 2856 4676 2897 4678 2897 4678 2856 4676 2857 4679 2897 4678 2857 4679 2896 4680 2896 4680 2857 4679 2895 4681 2895 4681 2857 4679 2894 4682 2894 4682 2857 4679 2858 4683 2894 4682 2858 4683 2893 4684 2893 4684 2858 4683 2892 4685 2892 4685 2858 4683 2859 4686 2892 4685 2859 4686 2891 4687 2891 4687 2859 4686 2860 4688 2891 4687 2860 4688 2890 4689 2890 4689 2860 4688 2889 4690 2889 4690 2860 4688 2861 4691 2889 4690 2861 4691 2862 4692 2862 4692 2863 4693 2889 4690 2889 4690 2863 4693 2888 4694 2888 4694 2863 4693 2864 4695 2888 4694 2864 4695 2865 4696 2865 4696 2866 4697 2888 4694 2888 4694 2866 4697 2887 4698 2887 4698 2866 4697 2867 4699 2887 4698 2867 4699 2886 4700 2886 4700 2867 4699 2885 4701 2885 4701 2867 4699 2868 4702 2885 4701 2868 4702 2884 4703 2884 4703 2868 4702 2883 4704 2883 4704 2868 4702 2882 4705 2882 4705 2868 4702 2881 4706 2881 4706 2868 4702 2880 4707 2880 4707 2868 4702 2879 4708 2879 4708 2868 4702 2878 4709 2878 4709 2868 4702 2869 4710 2878 4709 2869 4710 2870 4711 2870 4711 2871 4712 2878 4709 2878 4709 2871 4712 2872 4713 2878 4709 2872 4713 2877 4714 2877 4714 2872 4713 2873 4715 2877 4714 2873 4715 2874 4716 2874 4716 2875 4717 2877 4714 2877 4714 2875 4717 2876 4664 2877 4714 2876 4664 2343 4666 2928 4718 2899 4719 2929 4720 2929 4720 2899 4719 2900 4721 2929 4720 2900 4721 2954 4722 2954 4722 2900 4721 2901 4723 2954 4722 2901 4723 2953 4724 2953 4724 2901 4723 2902 4725 2953 4724 2902 4725 2952 4726 2952 4726 2902 4725 2903 4727 2952 4726 2903 4727 2951 4728 2951 4728 2903 4727 2904 4729 2951 4728 2904 4729 2950 4730 2950 4730 2904 4729 2905 4731 2950 4730 2905 4731 2949 4732 2949 4732 2905 4731 2906 4733 2949 4732 2906 4733 2948 4734 2948 4734 2906 4733 2907 4735 2948 4734 2907 4735 2908 4736 2948 4734 2908 4736 2947 4737 2947 4737 2908 4736 2909 4738 2947 4737 2909 4738 2946 4739 2946 4739 2909 4738 2910 4740 2946 4739 2910 4740 2945 4741 2945 4741 2910 4740 2911 4742 2945 4741 2911 4742 2944 4743 2944 4743 2911 4742 2912 4744 2944 4743 2912 4744 2943 4745 2943 4745 2912 4744 2913 4746 2943 4745 2913 4746 2942 4747 2942 4747 2913 4746 2914 4748 2942 4747 2914 4748 2915 4749 2942 4747 2915 4749 2941 4750 2941 4750 2915 4749 2916 4751 2941 4750 2916 4751 2940 4752 2940 4752 2916 4751 2917 4753 2940 4752 2917 4753 2939 4754 2939 4754 2917 4753 2918 4755 2939 4754 2918 4755 2938 4756 2938 4756 2918 4755 2919 4757 2938 4756 2919 4757 2937 4758 2937 4758 2919 4757 2920 4759 2937 4758 2920 4759 2936 4760 2936 4760 2920 4759 2921 4761 2936 4760 2921 4761 2922 4762 2936 4760 2922 4762 2935 4763 2935 4763 2922 4762 2923 4764 2935 4763 2923 4764 2934 4765 2934 4765 2923 4764 2924 4766 2934 4765 2924 4766 2933 4767 2933 4767 2924 4766 2925 4768 2933 4767 2925 4768 2932 4769 2932 4769 2925 4768 2926 4770 2932 4769 2926 4770 2931 4771 2931 4771 2926 4770 2927 4772 2931 4771 2927 4772 2930 4773 2930 4773 2927 4772 2928 4718 2930 4773 2928 4718 2929 4720 2956 4774 2720 4775 2955 4776 2955 4776 2720 4775 2367 4777 2955 4776 2367 4777 2714 4778 2714 4778 2367 4777 2366 4779 2957 4780 2726 4781 2956 4774 2956 4774 2726 4781 2377 4782 2956 4774 2377 4782 2720 4775 2720 4775 2377 4782 2376 4783 2958 4784 2732 4785 2957 4780 2957 4780 2732 4785 2385 4786 2957 4780 2385 4786 2726 4781 2726 4781 2385 4786 2384 4787 2959 4788 2738 4789 2958 4784 2958 4784 2738 4789 2393 4790 2958 4784 2393 4790 2732 4785 2732 4785 2393 4790 2392 4791 2960 4792 2744 4793 2959 4788 2959 4788 2744 4793 2401 4794 2959 4788 2401 4794 2738 4789 2738 4789 2401 4794 2400 4795 2961 4796 2750 4797 2960 4792 2960 4792 2750 4797 2409 4798 2960 4792 2409 4798 2744 4793 2744 4793 2409 4798 2408 4799 2962 4800 2756 4801 2961 4796 2961 4796 2756 4801 2417 4802 2961 4796 2417 4802 2750 4797 2750 4797 2417 4802 2416 4803 2963 4804 2762 4805 2962 4800 2962 4800 2762 4805 2425 4806 2962 4800 2425 4806 2756 4801 2756 4801 2425 4806 2424 4807 2964 4808 2768 4809 2963 4804 2963 4804 2768 4809 2433 4810 2963 4804 2433 4810 2762 4805 2762 4805 2433 4810 2432 4811 2965 4812 2774 4813 2964 4808 2964 4808 2774 4813 2441 4814 2964 4808 2441 4814 2768 4809 2768 4809 2441 4814 2440 4815 2966 4816 2780 4817 2965 4812 2965 4812 2780 4817 2449 4818 2965 4812 2449 4818 2774 4813 2774 4813 2449 4818 2448 4819 2967 4820 2981 4821 2966 4816 2966 4816 2981 4821 2457 4822 2966 4816 2457 4822 2780 4817 2780 4817 2457 4822 2456 4823 2968 4824 2782 4825 2967 4820 2967 4820 2782 4825 2465 4826 2967 4820 2465 4826 2981 4821 2981 4821 2465 4826 2464 4827 2969 4828 2776 4829 2968 4824 2968 4824 2776 4829 2638 4830 2968 4824 2638 4830 2782 4825 2782 4825 2638 4830 2637 4831 2970 4832 2770 4833 2969 4828 2969 4828 2770 4833 2645 4834 2969 4828 2645 4834 2776 4829 2776 4829 2645 4834 2644 4835 2971 4836 2764 4837 2970 4832 2970 4832 2764 4837 2651 4838 2970 4832 2651 4838 2770 4833 2770 4833 2651 4838 2650 4839 2972 4840 2758 4841 2971 4836 2971 4836 2758 4841 2657 4842 2971 4836 2657 4842 2764 4837 2764 4837 2657 4842 2656 4843 2973 4844 2752 4845 2972 4840 2972 4840 2752 4845 2663 4846 2972 4840 2663 4846 2758 4841 2758 4841 2663 4846 2662 4847 2752 4845 2973 4844 2669 4848 2669 4848 2973 4844 2974 4849 2669 4848 2974 4849 2746 4850 2746 4850 2974 4849 2675 4851 2746 4850 2675 4851 2674 4852 2974 4849 2975 4853 2675 4851 2675 4851 2975 4853 2740 4854 2675 4851 2740 4854 2741 4855 2740 4854 2975 4853 2681 4856 2681 4856 2975 4853 2976 4857 2681 4856 2976 4857 2734 4858 2734 4858 2976 4857 2687 4859 2734 4858 2687 4859 2686 4860 2976 4857 2977 4861 2687 4859 2687 4859 2977 4861 2728 4862 2687 4859 2728 4862 2729 4863 2728 4862 2977 4861 2693 4864 2693 4864 2977 4861 2978 4865 2693 4864 2978 4865 2722 4866 2722 4866 2978 4865 2699 4867 2722 4866 2699 4867 2698 4868 2978 4865 2979 4869 2699 4867 2699 4867 2979 4869 2716 4870 2699 4867 2716 4870 2717 4871 2979 4869 2980 4872 2716 4870 2716 4870 2980 4872 2705 4873 2716 4870 2705 4873 2704 4874 2705 4873 2980 4872 2714 4778 2714 4778 2980 4872 2955 4776 2707 4875 2705 4873 2711 4876 2711 4876 2705 4873 2714 4778 2717 4871 2701 4877 2699 4867 2722 4866 2723 4878 2693 4864 2693 4864 2723 4878 2695 4879 2693 4864 2692 4880 2728 4862 2729 4863 2689 4881 2687 4859 2734 4858 2735 4882 2681 4856 2681 4856 2735 4882 2683 4883 2681 4856 2680 4884 2740 4854 2741 4855 2677 4885 2675 4851 2746 4850 2747 4886 2669 4848 2669 4848 2747 4886 2671 4887 2669 4848 2668 4888 2752 4845 2752 4845 2753 4889 2663 4846 2663 4846 2753 4889 2665 4890 2758 4841 2759 4891 2657 4842 2657 4842 2759 4891 2659 4892 2764 4837 2765 4893 2651 4838 2651 4838 2765 4893 2653 4894 2770 4833 2771 4895 2645 4834 2645 4834 2771 4895 2647 4896 2776 4829 2777 4897 2638 4830 2638 4830 2777 4897 2641 4898 2782 4825 2797 4899 2465 4826 2465 4826 2797 4899 2709 4900 2981 4821 2982 4901 2457 4822 2457 4822 2982 4901 2459 4902 2780 4817 2983 4903 2449 4818 2449 4818 2983 4903 2451 4904 2774 4813 2984 4905 2441 4814 2441 4814 2984 4905 2443 4906 2768 4809 2985 4907 2433 4810 2433 4810 2985 4907 2435 4908 2762 4805 2986 4909 2425 4806 2425 4806 2986 4909 2427 4910 2756 4801 2987 4911 2417 4802 2417 4802 2987 4911 2419 4912 2750 4797 2988 4913 2409 4798 2409 4798 2988 4913 2411 4914 2744 4793 2989 4915 2401 4794 2401 4794 2989 4915 2403 4916 2738 4789 2990 4917 2393 4790 2393 4790 2990 4917 2395 4918 2732 4785 2991 4919 2385 4786 2385 4786 2991 4919 2387 4920 2726 4781 2992 4921 2377 4782 2377 4782 2992 4921 2379 4922 2720 4775 2993 4923 2367 4777 2367 4777 2993 4923 2371 4924 2986 4925 2762 4926 2789 4927 2789 4927 2762 4926 2761 4928 2985 4929 2768 4930 2788 4931 2788 4931 2768 4930 2767 4932 2984 4933 2774 4934 2787 4935 2787 4935 2774 4934 2773 4936 2786 4937 2983 4938 2779 4939 2779 4939 2983 4938 2780 4940 2784 4941 2982 4942 2785 4943 2785 4943 2982 4942 2981 4944 2783 4945 2797 4946 2781 4947 2781 4947 2797 4946 2782 4948 2778 4949 2777 4950 2775 4951 2775 4951 2777 4950 2776 4952 2772 4953 2771 4954 2769 4955 2769 4955 2771 4954 2770 4956 2766 4957 2765 4958 2763 4959 2763 4959 2765 4958 2764 4960 2760 4961 2759 4962 2757 4963 2757 4963 2759 4962 2758 4964 2754 4965 2753 4966 2751 4967 2751 4967 2753 4966 2752 4968 2748 4969 2747 4970 2745 4971 2745 4971 2747 4970 2746 4972 2742 4973 2741 4974 2739 4975 2739 4975 2741 4974 2740 4976 2736 4977 2735 4978 2733 4979 2733 4979 2735 4978 2734 4980 2730 4981 2729 4982 2727 4983 2727 4983 2729 4982 2728 4984 2724 4985 2723 4986 2721 4987 2721 4987 2723 4986 2722 4988 2718 4989 2717 4990 2715 4991 2715 4991 2717 4990 2716 4992 2712 4993 2711 4994 2713 4995 2713 4995 2711 4994 2714 4996 2796 4997 2993 4998 2719 4999 2719 4999 2993 4998 2720 5000 2795 5001 2992 5002 2725 5003 2725 5003 2992 5002 2726 5004 2794 5005 2991 5006 2731 5007 2731 5007 2991 5006 2732 5008 2793 5009 2990 5010 2737 5011 2737 5011 2990 5010 2738 5012 2989 5013 2744 5014 2792 5015 2792 5015 2744 5014 2743 5016 2988 5017 2750 5018 2791 5019 2791 5019 2750 5018 2749 5020 2987 5021 2756 5022 2790 5023 2790 5023 2756 5022 2755 5024 2464 5025 2463 5026 2981 5027 2981 5027 2463 5026 2785 5028 2460 5029 2459 5030 2784 5031 2784 5031 2459 5030 2982 5032 2452 5033 2451 5034 2786 5035 2786 5035 2451 5034 2983 5036 2444 5037 2443 5038 2787 5039 2787 5039 2443 5038 2984 5040 2436 5041 2435 5042 2788 5043 2788 5043 2435 5042 2985 5044 2428 5045 2427 5046 2789 5047 2789 5047 2427 5046 2986 5048 2372 5049 2371 5050 2796 5051 2796 5051 2371 5050 2993 5052 2380 5053 2379 5054 2795 5055 2795 5055 2379 5054 2992 5056 2388 5057 2387 5058 2794 5059 2794 5059 2387 5058 2991 5060 2396 5061 2395 5062 2793 5063 2793 5063 2395 5062 2990 5064 2404 5065 2403 5066 2792 5067 2792 5067 2403 5066 2989 5068 2412 5069 2411 5070 2791 5071 2791 5071 2411 5070 2988 5072 2420 5073 2419 5074 2790 5075 2790 5075 2419 5074 2987 5076 2928 5077 2848 5078 2899 5079 2899 5079 2848 5078 2847 5080 2899 5079 2847 5080 2900 5081 2900 5081 2847 5080 2876 5082 2900 5081 2876 5082 2901 5083 2901 5083 2876 5082 2875 5084 2901 5083 2875 5084 2902 5085 2902 5085 2875 5084 2874 5086 2902 5085 2874 5086 2903 5087 2903 5087 2874 5086 2873 5088 2903 5087 2873 5088 2904 5089 2904 5089 2873 5088 2872 5090 2904 5089 2872 5090 2905 5091 2905 5091 2872 5090 2871 5092 2905 5091 2871 5092 2906 5093 2906 5093 2871 5092 2870 5094 2906 5093 2870 5094 2907 5095 2907 5095 2870 5094 2869 5096 2907 5095 2869 5096 2908 5097 2908 5097 2869 5096 2868 5098 2908 5097 2868 5098 2909 5099 2909 5099 2868 5098 2867 5100 2909 5099 2867 5100 2910 5101 2910 5101 2867 5100 2866 5102 2910 5101 2866 5102 2911 5103 2911 5103 2866 5102 2865 5104 2911 5103 2865 5104 2912 5105 2912 5105 2865 5104 2864 5106 2912 5105 2864 5106 2913 5107 2913 5107 2864 5106 2863 5108 2913 5107 2863 5108 2914 5109 2914 5109 2863 5108 2862 5110 2914 5109 2862 5110 2915 5111 2915 5111 2862 5110 2861 5112 2915 5111 2861 5112 2916 5113 2916 5113 2861 5112 2860 5114 2916 5113 2860 5114 2917 5115 2917 5115 2860 5114 2859 5116 2917 5115 2859 5116 2918 5117 2918 5117 2859 5116 2858 5118 2918 5117 2858 5118 2919 5119 2919 5119 2858 5118 2857 5120 2919 5119 2857 5120 2920 5121 2920 5121 2857 5120 2856 5122 2920 5121 2856 5122 2921 5123 2921 5123 2856 5122 2855 5124 2921 5123 2855 5124 2922 5125 2922 5125 2855 5124 2854 5126 2922 5125 2854 5126 2923 5127 2923 5127 2854 5126 2853 5128 2923 5127 2853 5128 2924 5129 2924 5129 2853 5128 2852 5130 2924 5129 2852 5130 2925 5131 2925 5131 2852 5130 2851 5132 2925 5131 2851 5132 2926 5133 2926 5133 2851 5132 2850 5134 2926 5133 2850 5134 2927 5135 2927 5135 2850 5134 2849 5136 2927 5135 2849 5136 2928 5077 2928 5077 2849 5136 2848 5078 2980 5137 2930 5138 2955 5139 2955 5139 2930 5138 2929 5140 2955 5139 2929 5140 2956 5141 2956 5141 2929 5140 2954 5142 2956 5141 2954 5142 2957 5143 2957 5143 2954 5142 2953 5144 2957 5143 2953 5144 2958 5145 2958 5145 2953 5144 2952 5146 2958 5145 2952 5146 2959 5147 2959 5147 2952 5146 2951 5148 2959 5147 2951 5148 2960 5149 2960 5149 2951 5148 2950 5150 2960 5149 2950 5150 2961 5151 2961 5151 2950 5150 2949 5152 2961 5151 2949 5152 2962 5153 2962 5153 2949 5152 2948 5154 2962 5153 2948 5154 2963 5155 2963 5155 2948 5154 2947 5156 2963 5155 2947 5156 2964 5157 2964 5157 2947 5156 2946 5158 2964 5157 2946 5158 2965 5159 2965 5159 2946 5158 2945 5160 2965 5159 2945 5160 2966 5161 2966 5161 2945 5160 2944 5162 2966 5161 2944 5162 2967 5163 2967 5163 2944 5162 2943 5164 2967 5163 2943 5164 2968 5165 2968 5165 2943 5164 2942 5166 2968 5165 2942 5166 2969 5167 2969 5167 2942 5166 2941 5168 2969 5167 2941 5168 2970 5169 2970 5169 2941 5168 2940 5170 2970 5169 2940 5170 2971 5171 2971 5171 2940 5170 2939 5172 2971 5171 2939 5172 2972 5173 2972 5173 2939 5172 2938 5174 2972 5173 2938 5174 2973 5175 2973 5175 2938 5174 2937 5176 2973 5175 2937 5176 2974 5177 2974 5177 2937 5176 2936 5178 2974 5177 2936 5178 2975 5179 2975 5179 2936 5178 2935 5180 2975 5179 2935 5180 2976 5181 2976 5181 2935 5180 2934 5182 2976 5181 2934 5182 2977 5183 2977 5183 2934 5182 2933 5184 2977 5183 2933 5184 2978 5185 2978 5185 2933 5184 2932 5186 2978 5185 2932 5186 2979 5187 2979 5187 2932 5186 2931 5188 2979 5187 2931 5188 2980 5137 2980 5137 2931 5188 2930 5138 2878 5189 2994 5190 2879 5191 2879 5191 2994 5190 2995 5192 2879 5191 2995 5192 2880 5193 2880 5193 2995 5192 2996 5194 2880 5193 2996 5194 2881 5195 2881 5195 2996 5194 2997 5196 2881 5195 2997 5196 2882 5197 2882 5197 2997 5196 2998 5198 2882 5197 2998 5198 2883 5199 2883 5199 2998 5198 2999 5200 2883 5199 2999 5200 2884 5201 2884 5201 2999 5200 3000 5202 2884 5201 3000 5202 2885 5203 2885 5203 3000 5202 3001 5204 2885 5203 3001 5204 2886 5205 2886 5205 3001 5204 3002 5206 2886 5205 3002 5206 2887 5207 2887 5207 3002 5206 3003 5208 2887 5207 3003 5208 2888 5209 2888 5209 3003 5208 3004 5210 3006 5211 3052 5212 3005 5213 3005 5213 3052 5212 3029 5214 3005 5213 3029 5214 3028 5215 3028 5215 3029 5214 3030 5216 3028 5215 3030 5216 3027 5217 3027 5217 3030 5216 3031 5218 3027 5217 3031 5218 3026 5219 3026 5219 3031 5218 3032 5220 3026 5219 3032 5220 3025 5221 3025 5221 3032 5220 3033 5222 3025 5221 3033 5222 3024 5223 3024 5223 3033 5222 3034 5224 3024 5223 3034 5224 3023 5225 3023 5225 3034 5224 3035 5226 3023 5225 3035 5226 3022 5227 3022 5227 3035 5226 3036 5228 3022 5227 3036 5228 3021 5229 3021 5229 3036 5228 3037 5230 3021 5229 3037 5230 3020 5231 3020 5231 3037 5230 3038 5232 3020 5231 3038 5232 3019 5233 3019 5233 3038 5232 3039 5234 3019 5233 3039 5234 3018 5235 3018 5235 3039 5234 3040 5236 3018 5235 3040 5236 3017 5237 3017 5237 3040 5236 3041 5238 3017 5237 3041 5238 3016 5239 3016 5239 3041 5238 3042 5240 3016 5239 3042 5240 3015 5241 3015 5241 3042 5240 3043 5242 3015 5241 3043 5242 3014 5243 3014 5243 3043 5242 3044 5244 3014 5243 3044 5244 3013 5245 3013 5245 3044 5244 3045 5246 3013 5245 3045 5246 3012 5247 3012 5247 3045 5246 3046 5248 3012 5247 3046 5248 3011 5249 3011 5249 3046 5248 3047 5250 3011 5249 3047 5250 3010 5251 3010 5251 3047 5250 3048 5252 3010 5251 3048 5252 3009 5253 3009 5253 3048 5252 3049 5254 3009 5253 3049 5254 3008 5255 3008 5255 3049 5254 3050 5256 3008 5255 3050 5256 3007 5257 3007 5257 3050 5256 3051 5258 3007 5257 3051 5258 3006 5211 3006 5211 3051 5258 3052 5212 3004 5210 3053 5259 2888 5209 2888 5209 3053 5259 2889 5260 3003 5261 3034 5262 3004 5263 3004 5263 3034 5262 3033 5264 3004 5263 3033 5264 3032 5265 3003 5261 3002 5266 3034 5262 3034 5262 3002 5266 3035 5267 3035 5267 3002 5266 3001 5268 3035 5267 3001 5268 3000 5269 3035 5267 3000 5269 2994 5270 2994 5270 3000 5269 2999 5271 2994 5270 2999 5271 2998 5272 2998 5272 2997 5273 2994 5270 2994 5270 2997 5273 2996 5274 2994 5270 2996 5274 2995 5275 3054 5276 3108 5277 2994 5270 2994 5270 3108 5277 3109 5278 2994 5270 3109 5278 3110 5279 2346 5280 3099 5281 3054 5276 3054 5276 3099 5281 3100 5282 3054 5276 3100 5282 3101 5283 2345 5284 3068 5285 2346 5280 2346 5280 3068 5285 3069 5286 2346 5280 3069 5286 3070 5287 3055 5288 3048 5289 2345 5284 2345 5284 3048 5289 3047 5290 2345 5284 3047 5290 3046 5291 3055 5288 3056 5292 3048 5289 3048 5289 3056 5292 3057 5293 3048 5289 3057 5293 3058 5294 3058 5294 3059 5295 3048 5289 3048 5289 3059 5295 3060 5296 3048 5289 3060 5296 3049 5297 3049 5297 3060 5296 3061 5298 3049 5297 3061 5298 3062 5299 3049 5297 3062 5299 3050 5300 3050 5300 3062 5299 3063 5301 3050 5300 3063 5301 3051 5302 3051 5302 3063 5301 3053 5303 3051 5302 3053 5303 3052 5304 3052 5304 3053 5303 3029 5305 3029 5305 3053 5303 3030 5306 3030 5306 3053 5303 3031 5307 3031 5307 3053 5303 3004 5263 3031 5307 3004 5263 3032 5265 3065 5308 3045 5309 3064 5310 3064 5310 3045 5309 3044 5311 3064 5310 3044 5311 3087 5312 3087 5312 3044 5311 3043 5313 3087 5312 3043 5313 3086 5314 3086 5314 3043 5313 3042 5315 3086 5314 3042 5315 3085 5316 3085 5316 3042 5315 3041 5317 3085 5316 3041 5317 3084 5318 3084 5318 3041 5317 3040 5319 3084 5318 3040 5319 3092 5320 3092 5320 3040 5319 3039 5321 3092 5320 3039 5321 3091 5322 3091 5322 3039 5321 3038 5323 3091 5322 3038 5323 3090 5324 3090 5324 3038 5323 3037 5325 3090 5324 3037 5325 3089 5326 3089 5326 3037 5325 3088 5327 3088 5327 3037 5325 2994 5270 3088 5327 2994 5270 3111 5328 3111 5328 2994 5270 3110 5279 3045 5309 3065 5308 2345 5284 2345 5284 3065 5308 3066 5329 2345 5284 3066 5329 3067 5330 3067 5330 3068 5285 2345 5284 3070 5287 3071 5331 2346 5280 2346 5280 3071 5331 3072 5332 2346 5280 3072 5332 3073 5333 3073 5333 3074 5334 2346 5280 2346 5280 3074 5334 3075 5335 2346 5280 3075 5335 3076 5336 3076 5336 3077 5337 2346 5280 2346 5280 3077 5337 3099 5281 3077 5337 3078 5338 3099 5281 3099 5281 3078 5338 3098 5339 3098 5339 3078 5338 3097 5340 3097 5340 3078 5338 3079 5341 3097 5340 3079 5341 3096 5342 3096 5342 3079 5341 3080 5343 3096 5342 3080 5343 3095 5344 3095 5344 3080 5343 3081 5345 3095 5344 3081 5345 3094 5346 3094 5346 3081 5345 3082 5347 3094 5346 3082 5347 3083 5348 3094 5346 3083 5348 3093 5349 3093 5349 3083 5348 3084 5318 3093 5349 3084 5318 3092 5320 3101 5283 3102 5350 3054 5276 3054 5276 3102 5350 3103 5351 3054 5276 3103 5351 3104 5352 3104 5352 3105 5353 3054 5276 3054 5276 3105 5353 3106 5354 3054 5276 3106 5354 3107 5355 3107 5355 3108 5277 3054 5276 3046 5291 3045 5309 2345 5284 3037 5325 3036 5356 2994 5270 2994 5270 3036 5356 3035 5267 2889 5260 3053 5259 2890 5357 2890 5357 3053 5259 3063 5358 2890 5357 3063 5358 2891 5359 2891 5359 3063 5358 3062 5360 2891 5359 3062 5360 2892 5361 2892 5361 3062 5360 3061 5362 2892 5361 3061 5362 2893 5363 2893 5363 3061 5362 3060 5364 2893 5363 3060 5364 2894 5365 2894 5365 3060 5364 3059 5366 2894 5365 3059 5366 2895 5367 2895 5367 3059 5366 3058 5368 2895 5367 3058 5368 2896 5369 2896 5369 3058 5368 3057 5370 2896 5369 3057 5370 2897 5371 2897 5371 3057 5370 3056 5372 2897 5371 3056 5372 2898 5373 2898 5373 3056 5372 3055 5374 2898 5373 3055 5374 2344 3694 2344 3694 3055 5374 2345 3693 3113 5375 3006 5376 3112 5377 3112 5377 3006 5376 3005 5378 3112 5377 3005 5378 3028 5379 3006 5376 3113 5375 3007 5380 3007 5380 3113 5375 3114 5381 3007 5380 3114 5381 3008 5382 3008 5382 3114 5381 3115 5383 3008 5382 3115 5383 3009 5384 3009 5384 3115 5383 3116 5385 3009 5384 3116 5385 3010 5386 3010 5386 3116 5385 3117 5387 3010 5386 3117 5387 3011 5388 3011 5388 3117 5387 3118 5389 3011 5388 3118 5389 3119 5390 3011 5388 3119 5390 3012 5391 3012 5391 3119 5390 3120 5392 3012 5391 3120 5392 3013 5393 3013 5393 3120 5392 3121 5394 3013 5393 3121 5394 3014 5395 3014 5395 3121 5394 3122 5396 3014 5395 3122 5396 3015 5397 3015 5397 3122 5396 3123 5398 3015 5397 3123 5398 3016 5399 3016 5399 3123 5398 3017 5400 3017 5400 3123 5398 3124 5401 3017 5400 3124 5401 3018 5402 3018 5402 3124 5401 3125 5403 3018 5402 3125 5403 3019 5404 3019 5404 3125 5403 3126 5405 3019 5404 3126 5405 3020 5406 3020 5406 3126 5405 3127 5407 3020 5406 3127 5407 3021 5408 3021 5408 3127 5407 3128 5409 3021 5408 3128 5409 3022 5410 3022 5410 3128 5409 3129 5411 3022 5410 3129 5411 3023 5412 3023 5412 3129 5411 3130 5413 3023 5412 3130 5413 3131 5414 3023 5412 3131 5414 3024 5415 3024 5415 3131 5414 3132 5416 3024 5415 3132 5416 3025 5417 3025 5417 3132 5416 3133 5418 3025 5417 3133 5418 3026 5419 3026 5419 3133 5418 3134 5420 3026 5419 3134 5420 3027 5421 3027 5421 3134 5420 3135 5422 3027 5421 3135 5422 3028 5379 3028 5379 3135 5422 3112 5377 2490 5423 3113 5424 2467 5425 2467 5425 3113 5424 3112 5426 2467 5425 3112 5426 2468 5427 2468 5427 3112 5426 3135 5428 2468 5427 3135 5428 2469 5429 2469 5429 3135 5428 3134 5430 2469 5429 3134 5430 2470 5431 2470 5431 3134 5430 3133 5432 2470 5431 3133 5432 2471 5433 2471 5433 3133 5432 3132 5434 2471 5433 3132 5434 2472 5435 2472 5435 3132 5434 3131 5436 2472 5435 3131 5436 2473 5437 2473 5437 3131 5436 3130 5438 2473 5437 3130 5438 2474 5439 2474 5439 3130 5438 3129 5440 2474 5439 3129 5440 2475 5441 2475 5441 3129 5440 3128 5442 2475 5441 3128 5442 2476 5443 2476 5443 3128 5442 3127 5444 2476 5443 3127 5444 2477 5445 2477 5445 3127 5444 3126 5446 2477 5445 3126 5446 2478 5447 2478 5447 3126 5446 3125 5448 2478 5447 3125 5448 2479 5449 2479 5449 3125 5448 3124 5450 2479 5449 3124 5450 2480 5451 2480 5451 3124 5450 3123 5452 2480 5451 3123 5452 2481 5453 2481 5453 3123 5452 3122 5454 2481 5453 3122 5454 2482 5455 2482 5455 3122 5454 3121 5456 2482 5455 3121 5456 2483 5457 2483 5457 3121 5456 3120 5458 2483 5457 3120 5458 2484 5459 2484 5459 3120 5458 3119 5460 2484 5459 3119 5460 2485 5461 2485 5461 3119 5460 3118 5462 2485 5461 3118 5462 2486 5463 2486 5463 3118 5462 3117 5464 2486 5463 3117 5464 2487 5465 2487 5465 3117 5464 3116 5466 2487 5465 3116 5466 2488 5467 2488 5467 3116 5466 3115 5468 2488 5467 3115 5468 2489 5469 2489 5469 3115 5468 3114 5470 2489 5469 3114 5470 2490 5423 2490 5423 3114 5470 3113 5424 3159 5471 3136 5472 3178 5473 3178 5473 3136 5472 3137 5474 3178 5473 3137 5474 3177 5475 3177 5475 3137 5474 3138 5476 3177 5475 3138 5476 3176 5477 3176 5477 3138 5476 3139 5478 3176 5477 3139 5478 3175 5479 3175 5479 3139 5478 3140 5480 3175 5479 3140 5480 3174 5481 3174 5481 3140 5480 3141 5482 3174 5481 3141 5482 3173 5483 3173 5483 3141 5482 3142 5484 3173 5483 3142 5484 3172 5485 3172 5485 3142 5484 3171 5486 3171 5486 3142 5484 3143 5487 3171 5486 3143 5487 3170 5488 3170 5488 3143 5487 3144 5489 3170 5488 3144 5489 3169 5490 3169 5490 3144 5489 3145 5491 3169 5490 3145 5491 3168 5492 3168 5492 3145 5491 3146 5493 3168 5492 3146 5493 3167 5494 3167 5494 3146 5493 3147 5495 3167 5494 3147 5495 3166 5496 3166 5496 3147 5495 3148 5497 3166 5496 3148 5497 3165 5498 3165 5498 3148 5497 3149 5499 3165 5498 3149 5499 3150 5500 3165 5498 3150 5500 3164 5501 3164 5501 3150 5500 3151 5502 3164 5501 3151 5502 3163 5503 3163 5503 3151 5502 3152 5504 3163 5503 3152 5504 3162 5505 3162 5505 3152 5504 3153 5506 3162 5505 3153 5506 3161 5507 3161 5507 3153 5506 3154 5508 3161 5507 3154 5508 3160 5509 3160 5509 3154 5508 3183 5510 3183 5510 3154 5508 3155 5511 3183 5510 3155 5511 3182 5512 3182 5512 3155 5511 3156 5513 3182 5512 3156 5513 3181 5514 3181 5514 3156 5513 3157 5515 3181 5514 3157 5515 3180 5516 3180 5516 3157 5515 3158 5517 3180 5516 3158 5517 3179 5518 3179 5518 3158 5517 3159 5471 3179 5518 3159 5471 3178 5473 2821 5519 3185 5520 2798 5521 2798 5521 3185 5520 3184 5522 2798 5521 3184 5522 2799 5523 2799 5523 3184 5522 3207 5524 2799 5523 3207 5524 2800 5525 2800 5525 3207 5524 3206 5526 2800 5525 3206 5526 2801 5527 2801 5527 3206 5526 3205 5528 2801 5527 3205 5528 2802 5529 2802 5529 3205 5528 3204 5530 2802 5529 3204 5530 2803 5531 2803 5531 3204 5530 3203 5532 2803 5531 3203 5532 2804 5533 2804 5533 3203 5532 3202 5534 2804 5533 3202 5534 2805 5535 2805 5535 3202 5534 3201 5536 2805 5535 3201 5536 2806 5537 2806 5537 3201 5536 3200 5538 2806 5537 3200 5538 2807 5539 2807 5539 3200 5538 3199 5540 2807 5539 3199 5540 2808 5541 2808 5541 3199 5540 3198 5542 2808 5541 3198 5542 2809 5543 2809 5543 3198 5542 3197 5544 2809 5543 3197 5544 2810 5545 2810 5545 3197 5544 3196 5546 2810 5545 3196 5546 2811 5547 2811 5547 3196 5546 3195 5548 2811 5547 3195 5548 2812 5549 2812 5549 3195 5548 3194 5550 2812 5549 3194 5550 2813 5551 2813 5551 3194 5550 3193 5552 2813 5551 3193 5552 2814 5553 2814 5553 3193 5552 3192 5554 2814 5553 3192 5554 2815 5555 2815 5555 3192 5554 3191 5556 2815 5555 3191 5556 2816 5557 2816 5557 3191 5556 3190 5558 2816 5557 3190 5558 2817 5559 2817 5559 3190 5558 3189 5560 2817 5559 3189 5560 2818 5561 2818 5561 3189 5560 3188 5562 2818 5561 3188 5562 2819 5563 2819 5563 3188 5562 3187 5564 2819 5563 3187 5564 2820 5565 2820 5565 3187 5564 3186 5566 2820 5565 3186 5566 2821 5519 2821 5519 3186 5566 3185 5520 3159 5567 3207 5524 3136 5568 3136 5568 3207 5524 3184 5522 3136 5568 3184 5522 3137 5569 3137 5569 3184 5522 3185 5520 3137 5569 3185 5520 3138 5570 3138 5570 3185 5520 3186 5566 3138 5570 3186 5566 3139 5571 3139 5571 3186 5566 3187 5564 3139 5571 3187 5564 3140 5572 3140 5572 3187 5564 3188 5562 3140 5572 3188 5562 3141 5573 3141 5573 3188 5562 3189 5560 3141 5573 3189 5560 3142 5574 3142 5574 3189 5560 3190 5558 3142 5574 3190 5558 3143 5575 3143 5575 3190 5558 3191 5556 3143 5575 3191 5556 3144 5576 3144 5576 3191 5556 3192 5554 3144 5576 3192 5554 3145 5577 3145 5577 3192 5554 3193 5552 3145 5577 3193 5552 3146 5578 3146 5578 3193 5552 3194 5550 3146 5578 3194 5550 3147 5579 3147 5579 3194 5550 3195 5548 3147 5579 3195 5548 3148 5580 3148 5580 3195 5548 3196 5546 3148 5580 3196 5546 3149 5581 3149 5581 3196 5546 3197 5544 3149 5581 3197 5544 3150 5582 3150 5582 3197 5544 3198 5542 3150 5582 3198 5542 3151 5583 3151 5583 3198 5542 3199 5540 3151 5583 3199 5540 3152 5584 3152 5584 3199 5540 3200 5538 3152 5584 3200 5538 3153 5585 3153 5585 3200 5538 3201 5536 3153 5585 3201 5536 3154 5586 3154 5586 3201 5536 3202 5534 3154 5586 3202 5534 3155 5587 3155 5587 3202 5534 3203 5532 3155 5587 3203 5532 3156 5588 3156 5588 3203 5532 3204 5530 3156 5588 3204 5530 3157 5589 3157 5589 3204 5530 3205 5528 3157 5589 3205 5528 3158 5590 3158 5590 3205 5528 3206 5526 3158 5590 3206 5526 3159 5567 3159 5567 3206 5526 3207 5524 2846 5591 3232 5592 2822 5593 2822 5593 3232 5592 3208 5594 2822 5593 3208 5594 2823 5595 2823 5595 3208 5594 3209 5596 2823 5595 3209 5596 2824 5597 2824 5597 3209 5596 3210 5598 2824 5597 3210 5598 2825 5599 2825 5599 3210 5598 3211 5600 2825 5599 3211 5600 2826 5601 2826 5601 3211 5600 3212 5602 2826 5601 3212 5602 2827 5603 2827 5603 3212 5602 3213 5604 2827 5603 3213 5604 2828 5605 2828 5605 3213 5604 3214 5606 2828 5605 3214 5606 2829 5607 2829 5607 3214 5606 3215 5608 2829 5607 3215 5608 2830 5609 2830 5609 3215 5608 3216 5610 2830 5609 3216 5610 2831 5611 2831 5611 3216 5610 3217 5612 2831 5611 3217 5612 2832 5613 2832 5613 3217 5612 3218 5614 2832 5613 3218 5614 2833 5615 2833 5615 3218 5614 3219 5616 2833 5615 3219 5616 2834 5617 2834 5617 3219 5616 3220 5618 2834 5617 3220 5618 2835 5619 2835 5619 3220 5618 3221 5620 2835 5619 3221 5620 2836 5621 2836 5621 3221 5620 3222 5622 2836 5621 3222 5622 2837 5623 2837 5623 3222 5622 3223 5624 2837 5623 3223 5624 2838 5625 2838 5625 3223 5624 3224 5626 2838 5625 3224 5626 2839 5627 2839 5627 3224 5626 3225 5628 2839 5627 3225 5628 2840 5629 2840 5629 3225 5628 3226 5630 2840 5629 3226 5630 2841 5631 2841 5631 3226 5630 3227 5632 2841 5631 3227 5632 2842 5633 2842 5633 3227 5632 3228 5634 2842 5633 3228 5634 2843 5635 2843 5635 3228 5634 3229 5636 2843 5635 3229 5636 2844 5637 2844 5637 3229 5636 3230 5638 2844 5637 3230 5638 2845 5639 2845 5639 3230 5638 3231 5640 2845 5639 3231 5640 2846 5591 2846 5591 3231 5640 3232 5592 3234 5641 3292 5642 3233 5643 3233 5643 3292 5642 3263 5644 3233 5643 3263 5644 3262 5645 3262 5645 3263 5644 3264 5646 3262 5645 3264 5646 3261 5647 3261 5647 3264 5646 3265 5648 3261 5647 3265 5648 3260 5649 3260 5649 3265 5648 3266 5650 3260 5649 3266 5650 3259 5651 3259 5651 3266 5650 3267 5652 3259 5651 3267 5652 3258 5653 3258 5653 3267 5652 3268 5654 3258 5653 3268 5654 3257 5655 3257 5655 3268 5654 3269 5656 3257 5655 3269 5656 3256 5657 3256 5657 3269 5656 3270 5658 3256 5657 3270 5658 3255 5659 3255 5659 3270 5658 3271 5660 3255 5659 3271 5660 3254 5661 3254 5661 3271 5660 3272 5662 3254 5661 3272 5662 3253 5663 3253 5663 3272 5662 3273 5664 3253 5663 3273 5664 3252 5665 3252 5665 3273 5664 3274 5666 3252 5665 3274 5666 3251 5667 3251 5667 3274 5666 3275 5668 3251 5667 3275 5668 3250 5669 3250 5669 3275 5668 3276 5670 3250 5669 3276 5670 3249 5671 3249 5671 3276 5670 3277 5672 3249 5671 3277 5672 3248 5673 3248 5673 3277 5672 3278 5674 3248 5673 3278 5674 3247 5675 3247 5675 3278 5674 3279 5676 3247 5675 3279 5676 3246 5677 3246 5677 3279 5676 3280 5678 3246 5677 3280 5678 3245 5679 3245 5679 3280 5678 3281 5680 3245 5679 3281 5680 3244 5681 3244 5681 3281 5680 3282 5682 3244 5681 3282 5682 3243 5683 3243 5683 3282 5682 3283 5684 3243 5683 3283 5684 3242 5685 3242 5685 3283 5684 3284 5686 3242 5685 3284 5686 3241 5687 3241 5687 3284 5686 3285 5688 3241 5687 3285 5688 3240 5689 3240 5689 3285 5688 3286 5690 3240 5689 3286 5690 3239 5691 3239 5691 3286 5690 3287 5692 3239 5691 3287 5692 3238 5693 3238 5693 3287 5692 3288 5694 3238 5693 3288 5694 3237 5695 3237 5695 3288 5694 3289 5696 3237 5695 3289 5696 3236 5697 3236 5697 3289 5696 3290 5698 3236 5697 3290 5698 3235 5699 3235 5699 3290 5698 3291 5700 3235 5699 3291 5700 3234 5641 3234 5641 3291 5700 3292 5642 3232 5701 3249 5702 3208 5703 3208 5703 3249 5702 3248 5704 3208 5703 3248 5704 3247 5705 3249 5702 3232 5701 3250 5706 3250 5706 3232 5701 3231 5707 3250 5706 3231 5707 3251 5708 3251 5708 3231 5707 3230 5709 3251 5708 3230 5709 3252 5710 3252 5710 3230 5709 3229 5711 3252 5710 3229 5711 3253 5712 3253 5712 3229 5711 3228 5713 3253 5712 3228 5713 3254 5714 3254 5714 3228 5713 3255 5715 3255 5715 3228 5713 3227 5716 3255 5715 3227 5716 3256 5717 3256 5717 3227 5716 3226 5718 3256 5717 3226 5718 3257 5719 3257 5719 3226 5718 3225 5720 3257 5719 3225 5720 3258 5721 3258 5721 3225 5720 3224 5722 3258 5721 3224 5722 3259 5723 3259 5723 3224 5722 3223 5724 3259 5723 3223 5724 3260 5725 3260 5725 3223 5724 3261 5726 3261 5726 3223 5724 3222 5727 3261 5726 3222 5727 3262 5728 3262 5728 3222 5727 3221 5729 3262 5728 3221 5729 3233 5730 3233 5730 3221 5729 3220 5731 3233 5730 3220 5731 3234 5732 3234 5732 3220 5731 3219 5733 3234 5732 3219 5733 3235 5734 3235 5734 3219 5733 3218 5735 3235 5734 3218 5735 3236 5736 3236 5736 3218 5735 3237 5737 3237 5737 3218 5735 3217 5738 3237 5737 3217 5738 3238 5739 3238 5739 3217 5738 3216 5740 3238 5739 3216 5740 3239 5741 3239 5741 3216 5740 3215 5742 3239 5741 3215 5742 3240 5743 3240 5743 3215 5742 3214 5744 3240 5743 3214 5744 3241 5745 3241 5745 3214 5744 3213 5746 3241 5745 3213 5746 3242 5747 3242 5747 3213 5746 3243 5748 3243 5748 3213 5746 3212 5749 3243 5748 3212 5749 3244 5750 3244 5750 3212 5749 3211 5751 3244 5750 3211 5751 3245 5752 3245 5752 3211 5751 3210 5753 3245 5752 3210 5753 3246 5754 3246 5754 3210 5753 3209 5755 3246 5754 3209 5755 3247 5705 3247 5705 3209 5755 3208 5703 2347 5756 2346 5757 3293 5758 3293 5758 2346 5757 3054 5759 3294 5760 3295 5761 2338 5762 2338 5762 3295 5761 2339 5763 3183 5764 3319 5765 3160 5766 3160 5766 3319 5765 3296 5767 3160 5766 3296 5767 3161 5768 3161 5768 3296 5767 3297 5769 3161 5768 3297 5769 3162 5770 3162 5770 3297 5769 3298 5771 3162 5770 3298 5771 3163 5772 3163 5772 3298 5771 3299 5773 3163 5772 3299 5773 3164 5774 3164 5774 3299 5773 3300 5775 3164 5774 3300 5775 3165 5776 3165 5776 3300 5775 3301 5777 3165 5776 3301 5777 3166 5778 3166 5778 3301 5777 3302 5779 3166 5778 3302 5779 3167 5780 3167 5780 3302 5779 3303 5781 3167 5780 3303 5781 3168 5782 3168 5782 3303 5781 3304 5783 3168 5782 3304 5783 3169 5784 3169 5784 3304 5783 3305 5785 3169 5784 3305 5785 3170 5786 3170 5786 3305 5785 3306 5787 3170 5786 3306 5787 3171 5788 3171 5788 3306 5787 3307 5789 3171 5788 3307 5789 3172 5790 3172 5790 3307 5789 3308 5791 3172 5790 3308 5791 3173 5792 3173 5792 3308 5791 3309 5793 3173 5792 3309 5793 3174 5794 3174 5794 3309 5793 3310 5795 3174 5794 3310 5795 3175 5796 3175 5796 3310 5795 3311 5797 3175 5796 3311 5797 3176 5798 3176 5798 3311 5797 3312 5799 3176 5798 3312 5799 3177 5800 3177 5800 3312 5799 3313 5801 3177 5800 3313 5801 3178 5802 3178 5802 3313 5801 3314 5803 3178 5802 3314 5803 3179 5804 3179 5804 3314 5803 3315 5805 3179 5804 3315 5805 3180 5806 3180 5806 3315 5805 3316 5807 3180 5806 3316 5807 3181 5808 3181 5808 3316 5807 3317 5809 3181 5808 3317 5809 3182 5810 3182 5810 3317 5809 3318 5811 3182 5810 3318 5811 3183 5764 3183 5764 3318 5811 3319 5765 2343 5812 2342 5813 2877 5814 2877 5814 2342 5813 3320 5815 3340 5816 3321 5817 3339 5818 3339 5818 3321 5817 3322 5819 3339 5818 3322 5819 3338 5820 3338 5820 3322 5819 3323 5821 3338 5820 3323 5821 3337 5822 3337 5822 3323 5821 3324 5823 3337 5822 3324 5823 3336 5824 3336 5824 3324 5823 3325 5825 3336 5824 3325 5825 3335 5826 3335 5826 3325 5825 3326 5827 3335 5826 3326 5827 3334 5828 3334 5828 3326 5827 3327 5829 3334 5828 3327 5829 3333 5830 3333 5830 3327 5829 3328 5831 3333 5830 3328 5831 3332 5832 3332 5832 3328 5831 3329 5833 3332 5832 3329 5833 3331 5834 3331 5834 3329 5833 3330 5835 3331 5834 3330 5835 2340 3687 2340 3687 3330 5835 2341 3688 3339 5836 3310 5837 3340 5838 3340 5838 3310 5837 3309 5839 3340 5838 3309 5839 3308 5840 3339 5836 3338 5841 3310 5837 3310 5837 3338 5841 3337 5842 3310 5837 3337 5842 3336 5843 3336 5843 3335 5844 3310 5837 3310 5837 3335 5844 3311 5845 3311 5845 3335 5844 3312 5846 3312 5846 3335 5844 3313 5847 3313 5847 3335 5844 3334 5848 3313 5847 3334 5848 3333 5849 3313 5847 3333 5849 2340 5850 2340 5850 3333 5849 3332 5851 2340 5850 3332 5851 3331 5852 2339 5853 3316 5854 2340 5850 2340 5850 3316 5854 3315 5855 2340 5850 3315 5855 3314 5856 3295 5857 3297 5858 2339 5853 2339 5853 3297 5858 3296 5859 2339 5853 3296 5859 3319 5860 3341 5861 3300 5862 3295 5857 3295 5857 3300 5862 3299 5863 3295 5857 3299 5863 3298 5864 3342 5865 3343 5866 3341 5861 3341 5861 3343 5866 3344 5867 3341 5861 3344 5867 3345 5868 3345 5868 3346 5869 3341 5861 3341 5861 3346 5869 3347 5870 3341 5861 3347 5870 3348 5871 3341 5861 3348 5871 3302 5872 3302 5872 3348 5871 3349 5873 3302 5872 3349 5873 3350 5874 3302 5872 3350 5874 3303 5875 3303 5875 3350 5874 3351 5876 3303 5875 3351 5876 3304 5877 3304 5877 3351 5876 3305 5878 3305 5878 3351 5876 3306 5879 3306 5879 3351 5876 3340 5838 3306 5879 3340 5838 3307 5880 3307 5880 3340 5838 3308 5840 3319 5860 3318 5881 2339 5853 2339 5853 3318 5881 3317 5882 2339 5853 3317 5882 3316 5854 3314 5856 3313 5847 2340 5850 3302 5872 3301 5883 3341 5861 3341 5861 3301 5883 3300 5862 3298 5864 3297 5858 3295 5857 3352 5884 3321 5817 3351 5885 3351 5885 3321 5817 3340 5816 3341 5886 3353 5887 3342 5888 3342 5888 3353 5887 3354 5889 3342 5888 3354 5889 3343 5890 3343 5890 3354 5889 3355 5891 3343 5890 3355 5891 3344 5892 3344 5892 3355 5891 3356 5893 3344 5892 3356 5893 3345 5894 3345 5894 3356 5893 3357 5895 3345 5894 3357 5895 3346 5896 3346 5896 3357 5895 3358 5897 3346 5896 3358 5897 3347 5898 3347 5898 3358 5897 3359 5899 3347 5898 3359 5899 3348 5900 3348 5900 3359 5899 3360 5901 3348 5900 3360 5901 3349 5902 3349 5902 3360 5901 3361 5903 3349 5902 3361 5903 3350 5904 3350 5904 3361 5903 3362 5905 3350 5904 3362 5905 3351 5885 3351 5885 3362 5905 3352 5884 3264 5906 3263 5907 3353 5908 3353 5908 3263 5907 3292 5909 3353 5908 3292 5909 3354 5910 3354 5910 3292 5909 3355 5911 3355 5911 3292 5909 3356 5912 3356 5912 3292 5909 3357 5913 3357 5913 3292 5909 3358 5914 3358 5914 3292 5909 3291 5915 3358 5914 3291 5915 3359 5916 3359 5916 3291 5915 3360 5917 3360 5917 3291 5915 3361 5918 3361 5918 3291 5915 3290 5919 3361 5918 3290 5919 3362 5920 3362 5920 3290 5919 3352 5921 3352 5921 3290 5919 3289 5922 3352 5921 3289 5922 3288 5923 3288 5923 3287 5924 3352 5921 3352 5921 3287 5924 3321 5925 3321 5925 3287 5924 3286 5926 3321 5925 3286 5926 3285 5927 3285 5927 3284 5928 3321 5925 3321 5925 3284 5928 3322 5929 3322 5929 3284 5928 3283 5930 3322 5929 3283 5930 3323 5931 3323 5931 3283 5930 3282 5932 3323 5931 3282 5932 3324 5933 3324 5933 3282 5932 3325 5934 3325 5934 3282 5932 3281 5935 3325 5934 3281 5935 3326 5936 3326 5936 3281 5935 3327 5937 3327 5937 3281 5935 3328 5938 3328 5938 3281 5935 3280 5939 3328 5938 3280 5939 3329 5940 3329 5940 3280 5939 3330 5941 3330 5941 3280 5939 2341 5942 2341 5942 3280 5939 3279 5943 2341 5942 3279 5943 3278 5944 3278 5944 3277 5945 2341 5942 2341 5942 3277 5945 3276 5946 2341 5942 3276 5946 2342 5947 2342 5947 3276 5946 3275 5948 2342 5947 3275 5948 3274 5949 3274 5949 3273 5950 2342 5947 2342 5947 3273 5950 3272 5951 2342 5947 3272 5951 3271 5952 3271 5952 3270 5953 2342 5947 2342 5947 3270 5953 3320 5954 3320 5954 3270 5953 3269 5955 3320 5954 3269 5955 3268 5956 3268 5956 3267 5957 3320 5954 3320 5954 3267 5957 3266 5958 3320 5954 3266 5958 3265 5959 3320 5954 3265 5959 3353 5908 3353 5908 3265 5959 3264 5906 3364 5960 3374 5961 3363 5962 3363 5962 3374 5961 3375 5963 3363 5962 3375 5963 3386 5964 3386 5964 3375 5963 3376 5965 3386 5964 3376 5965 3385 5966 3385 5966 3376 5965 3377 5967 3385 5966 3377 5967 3384 5968 3384 5968 3377 5967 3378 5969 3384 5968 3378 5969 3383 5970 3383 5970 3378 5969 3379 5971 3383 5970 3379 5971 3382 5972 3382 5972 3379 5971 3380 5973 3382 5972 3380 5973 3381 5974 3374 5961 3364 5960 3373 5975 3373 5975 3364 5960 3365 5976 3373 5975 3365 5976 3372 5977 3372 5977 3365 5976 3366 5978 3372 5977 3366 5978 3371 5979 3371 5979 3366 5978 3367 5980 3371 5979 3367 5980 3370 5981 3370 5981 3367 5980 3368 5982 3370 5981 3368 5982 3369 5983 3111 5984 3389 5985 3088 5986 3088 5986 3389 5985 3387 5987 3088 5986 3387 5987 3089 5988 3089 5988 3387 5987 3433 5989 3089 5988 3433 5989 3090 5990 3090 5990 3433 5989 3431 5991 3090 5990 3431 5991 3091 5992 3091 5992 3431 5991 3429 5993 3091 5992 3429 5993 3092 5994 3092 5994 3429 5993 3427 5995 3092 5994 3427 5995 3093 5996 3093 5996 3427 5995 3425 5997 3093 5996 3425 5997 3094 5998 3094 5998 3425 5997 3423 5999 3094 5998 3423 5999 3095 6000 3095 6000 3423 5999 3421 6001 3095 6000 3421 6001 3096 6002 3096 6002 3421 6001 3419 6003 3096 6002 3419 6003 3097 6004 3097 6004 3419 6003 3417 6005 3097 6004 3417 6005 3098 6006 3098 6006 3417 6005 3415 6007 3098 6006 3415 6007 3099 6008 3099 6008 3415 6007 3413 6009 3099 6008 3413 6009 3100 6010 3100 6010 3413 6009 3411 6011 3100 6010 3411 6011 3101 6012 3101 6012 3411 6011 3409 6013 3101 6012 3409 6013 3102 6014 3102 6014 3409 6013 3407 6015 3102 6014 3407 6015 3103 6016 3103 6016 3407 6015 3405 6017 3103 6016 3405 6017 3104 6018 3104 6018 3405 6017 3403 6019 3104 6018 3403 6019 3105 6020 3105 6020 3403 6019 3401 6021 3105 6020 3401 6021 3106 6022 3106 6022 3401 6021 3399 6023 3106 6022 3399 6023 3107 6024 3107 6024 3399 6023 3397 6025 3107 6024 3397 6025 3108 6026 3108 6026 3397 6025 3395 6027 3108 6026 3395 6027 3109 6028 3109 6028 3395 6027 3393 6029 3109 6028 3393 6029 3110 6030 3110 6030 3393 6029 3391 6031 3110 6030 3391 6031 3111 5984 3111 5984 3391 6031 3389 5985 3386 6032 3434 6033 3363 6034 3363 6034 3434 6033 3388 6035 3363 6034 3388 6035 3364 6036 3364 6036 3388 6035 3390 6037 3364 6036 3390 6037 3365 6038 3365 6038 3390 6037 3392 6039 3365 6038 3392 6039 3366 6040 3366 6040 3392 6039 3394 6041 3366 6040 3394 6041 3367 6042 3367 6042 3394 6041 3396 6043 3367 6042 3396 6043 3368 6044 3368 6044 3396 6043 3398 6045 3368 6044 3398 6045 3369 6046 3369 6046 3398 6045 3400 6047 3369 6046 3400 6047 3370 6048 3370 6048 3400 6047 3402 6049 3370 6048 3402 6049 3371 6050 3371 6050 3402 6049 3404 6051 3371 6050 3404 6051 3372 6052 3372 6052 3404 6051 3406 6053 3372 6052 3406 6053 3373 6054 3373 6054 3406 6053 3408 6055 3373 6054 3408 6055 3374 6056 3374 6056 3408 6055 3410 6057 3374 6056 3410 6057 3375 6058 3375 6058 3410 6057 3412 6059 3375 6058 3412 6059 3376 6060 3376 6060 3412 6059 3414 6061 3376 6060 3414 6061 3377 6062 3377 6062 3414 6061 3416 6063 3377 6062 3416 6063 3378 6064 3378 6064 3416 6063 3418 6065 3378 6064 3418 6065 3379 6066 3379 6066 3418 6065 3420 6067 3379 6066 3420 6067 3380 6068 3380 6068 3420 6067 3422 6069 3380 6068 3422 6069 3381 6070 3381 6070 3422 6069 3424 6071 3381 6070 3424 6071 3382 6072 3382 6072 3424 6071 3426 6073 3382 6072 3426 6073 3383 6074 3383 6074 3426 6073 3428 6075 3383 6074 3428 6075 3384 6076 3384 6076 3428 6075 3430 6077 3384 6076 3430 6077 3385 6078 3385 6078 3430 6077 3432 6079 3385 6078 3432 6079 3386 6032 3386 6032 3432 6079 3434 6033 3387 5987 3388 6035 3433 5989 3433 5989 3388 6035 3434 6033 3433 5989 3434 6033 3431 5991 3431 5991 3434 6033 3432 6079 3431 5991 3432 6079 3429 5993 3429 5993 3432 6079 3430 6077 3429 5993 3430 6077 3427 5995 3427 5995 3430 6077 3428 6075 3427 5995 3428 6075 3425 5997 3425 5997 3428 6075 3426 6073 3425 5997 3426 6073 3423 5999 3423 5999 3426 6073 3424 6071 3423 5999 3424 6071 3421 6001 3421 6001 3424 6071 3422 6069 3421 6001 3422 6069 3419 6003 3419 6003 3422 6069 3420 6067 3419 6003 3420 6067 3417 6005 3417 6005 3420 6067 3418 6065 3417 6005 3418 6065 3415 6007 3415 6007 3418 6065 3416 6063 3415 6007 3416 6063 3413 6009 3413 6009 3416 6063 3414 6061 3413 6009 3414 6061 3411 6011 3411 6011 3414 6061 3412 6059 3411 6011 3412 6059 3409 6013 3409 6013 3412 6059 3410 6057 3409 6013 3410 6057 3407 6015 3407 6015 3410 6057 3408 6055 3407 6015 3408 6055 3405 6017 3405 6017 3408 6055 3406 6053 3405 6017 3406 6053 3403 6019 3403 6019 3406 6053 3404 6051 3403 6019 3404 6051 3401 6021 3401 6021 3404 6051 3402 6049 3401 6021 3402 6049 3399 6023 3399 6023 3402 6049 3400 6047 3399 6023 3400 6047 3397 6025 3397 6025 3400 6047 3398 6045 3397 6025 3398 6045 3395 6027 3395 6027 3398 6045 3396 6043 3395 6027 3396 6043 3393 6029 3393 6029 3396 6043 3394 6041 3393 6029 3394 6041 3391 6031 3391 6031 3394 6041 3392 6039 3391 6031 3392 6039 3389 5985 3389 5985 3392 6039 3390 6037 3389 5985 3390 6037 3387 5987 3387 5987 3390 6037 3388 6035 3436 6080 3446 6081 3435 6082 3435 6082 3446 6081 3447 6083 3435 6082 3447 6083 3458 6084 3458 6084 3447 6083 3448 6085 3458 6084 3448 6085 3457 6086 3457 6086 3448 6085 3449 6087 3457 6086 3449 6087 3456 6088 3456 6088 3449 6087 3450 6089 3456 6088 3450 6089 3455 6090 3455 6090 3450 6089 3451 6091 3455 6090 3451 6091 3454 6092 3454 6092 3451 6091 3452 6093 3454 6092 3452 6093 3453 6094 3446 6081 3436 6080 3445 6095 3445 6095 3436 6080 3437 6096 3445 6095 3437 6096 3444 6097 3444 6097 3437 6096 3438 6098 3444 6097 3438 6098 3443 6099 3443 6099 3438 6098 3439 6100 3443 6099 3439 6100 3442 6101 3442 6101 3439 6100 3440 6102 3442 6101 3440 6102 3441 6103 3087 6104 3461 6105 3064 6106 3064 6106 3461 6105 3459 6107 3064 6106 3459 6107 3065 6108 3065 6108 3459 6107 3505 6109 3065 6108 3505 6109 3066 6110 3066 6110 3505 6109 3503 6111 3066 6110 3503 6111 3067 6112 3067 6112 3503 6111 3501 6113 3067 6112 3501 6113 3068 6114 3068 6114 3501 6113 3499 6115 3068 6114 3499 6115 3069 6116 3069 6116 3499 6115 3497 6117 3069 6116 3497 6117 3070 6118 3070 6118 3497 6117 3495 6119 3070 6118 3495 6119 3071 6120 3071 6120 3495 6119 3493 6121 3071 6120 3493 6121 3072 6122 3072 6122 3493 6121 3491 6123 3072 6122 3491 6123 3073 6124 3073 6124 3491 6123 3489 6125 3073 6124 3489 6125 3074 6126 3074 6126 3489 6125 3487 6127 3074 6126 3487 6127 3075 6128 3075 6128 3487 6127 3485 6129 3075 6128 3485 6129 3076 6130 3076 6130 3485 6129 3483 6131 3076 6130 3483 6131 3077 6132 3077 6132 3483 6131 3481 6133 3077 6132 3481 6133 3078 6134 3078 6134 3481 6133 3479 6135 3078 6134 3479 6135 3079 6136 3079 6136 3479 6135 3477 6137 3079 6136 3477 6137 3080 6138 3080 6138 3477 6137 3475 6139 3080 6138 3475 6139 3081 6140 3081 6140 3475 6139 3473 6141 3081 6140 3473 6141 3082 6142 3082 6142 3473 6141 3471 6143 3082 6142 3471 6143 3083 6144 3083 6144 3471 6143 3469 6145 3083 6144 3469 6145 3084 6146 3084 6146 3469 6145 3467 6147 3084 6146 3467 6147 3085 6148 3085 6148 3467 6147 3465 6149 3085 6148 3465 6149 3086 6150 3086 6150 3465 6149 3463 6151 3086 6150 3463 6151 3087 6104 3087 6104 3463 6151 3461 6105 3458 6152 3506 6153 3435 6154 3435 6154 3506 6153 3460 6155 3435 6154 3460 6155 3436 6156 3436 6156 3460 6155 3462 6157 3436 6156 3462 6157 3437 6158 3437 6158 3462 6157 3464 6159 3437 6158 3464 6159 3438 6160 3438 6160 3464 6159 3466 6161 3438 6160 3466 6161 3439 6162 3439 6162 3466 6161 3468 6163 3439 6162 3468 6163 3440 6164 3440 6164 3468 6163 3470 6165 3440 6164 3470 6165 3441 6166 3441 6166 3470 6165 3472 6167 3441 6166 3472 6167 3442 6168 3442 6168 3472 6167 3474 6169 3442 6168 3474 6169 3443 6170 3443 6170 3474 6169 3476 6171 3443 6170 3476 6171 3444 6172 3444 6172 3476 6171 3478 6173 3444 6172 3478 6173 3445 6174 3445 6174 3478 6173 3480 6175 3445 6174 3480 6175 3446 6176 3446 6176 3480 6175 3482 6177 3446 6176 3482 6177 3447 6178 3447 6178 3482 6177 3484 6179 3447 6178 3484 6179 3448 6180 3448 6180 3484 6179 3486 6181 3448 6180 3486 6181 3449 6182 3449 6182 3486 6181 3488 6183 3449 6182 3488 6183 3450 6184 3450 6184 3488 6183 3490 6185 3450 6184 3490 6185 3451 6186 3451 6186 3490 6185 3492 6187 3451 6186 3492 6187 3452 6188 3452 6188 3492 6187 3494 6189 3452 6188 3494 6189 3453 6190 3453 6190 3494 6189 3496 6191 3453 6190 3496 6191 3454 6192 3454 6192 3496 6191 3498 6193 3454 6192 3498 6193 3455 6194 3455 6194 3498 6193 3500 6195 3455 6194 3500 6195 3456 6196 3456 6196 3500 6195 3502 6197 3456 6196 3502 6197 3457 6198 3457 6198 3502 6197 3504 6199 3457 6198 3504 6199 3458 6152 3458 6152 3504 6199 3506 6153 3459 6107 3460 6155 3505 6109 3505 6109 3460 6155 3506 6153 3505 6109 3506 6153 3503 6111 3503 6111 3506 6153 3504 6199 3503 6111 3504 6199 3501 6113 3501 6113 3504 6199 3502 6197 3501 6113 3502 6197 3499 6115 3499 6115 3502 6197 3500 6195 3499 6115 3500 6195 3497 6117 3497 6117 3500 6195 3498 6193 3497 6117 3498 6193 3495 6119 3495 6119 3498 6193 3496 6191 3495 6119 3496 6191 3493 6121 3493 6121 3496 6191 3494 6189 3493 6121 3494 6189 3491 6123 3491 6123 3494 6189 3492 6187 3491 6123 3492 6187 3489 6125 3489 6125 3492 6187 3490 6185 3489 6125 3490 6185 3487 6127 3487 6127 3490 6185 3488 6183 3487 6127 3488 6183 3485 6129 3485 6129 3488 6183 3486 6181 3485 6129 3486 6181 3483 6131 3483 6131 3486 6181 3484 6179 3483 6131 3484 6179 3481 6133 3481 6133 3484 6179 3482 6177 3481 6133 3482 6177 3479 6135 3479 6135 3482 6177 3480 6175 3479 6135 3480 6175 3477 6137 3477 6137 3480 6175 3478 6173 3477 6137 3478 6173 3475 6139 3475 6139 3478 6173 3476 6171 3475 6139 3476 6171 3473 6141 3473 6141 3476 6171 3474 6169 3473 6141 3474 6169 3471 6143 3471 6143 3474 6169 3472 6167 3471 6143 3472 6167 3469 6145 3469 6145 3472 6167 3470 6165 3469 6145 3470 6165 3467 6147 3467 6147 3470 6165 3468 6163 3467 6147 3468 6163 3465 6149 3465 6149 3468 6163 3466 6161 3465 6149 3466 6161 3463 6151 3463 6151 3466 6161 3464 6159 3463 6151 3464 6159 3461 6105 3461 6105 3464 6159 3462 6157 3461 6105 3462 6157 3459 6107 3459 6107 3462 6157 3460 6155 3508 6200 3554 6201 3507 6202 3507 6202 3554 6201 3531 6203 3507 6202 3531 6203 3530 6204 3530 6204 3531 6203 3532 6205 3530 6204 3532 6205 3529 6206 3529 6206 3532 6205 3533 6207 3529 6206 3533 6207 3528 6208 3528 6208 3533 6207 3534 6209 3528 6208 3534 6209 3527 6210 3527 6210 3534 6209 3535 6211 3527 6210 3535 6211 3526 6212 3526 6212 3535 6211 3536 6213 3526 6212 3536 6213 3525 6214 3525 6214 3536 6213 3537 6215 3525 6214 3537 6215 3524 6216 3524 6216 3537 6215 3538 6217 3524 6216 3538 6217 3523 6218 3523 6218 3538 6217 3539 6219 3523 6218 3539 6219 3522 6220 3522 6220 3539 6219 3540 6221 3522 6220 3540 6221 3521 6222 3521 6222 3540 6221 3541 6223 3521 6222 3541 6223 3520 6224 3520 6224 3541 6223 3542 6225 3520 6224 3542 6225 3519 6226 3519 6226 3542 6225 3543 6227 3519 6226 3543 6227 3518 6228 3518 6228 3543 6227 3544 6229 3518 6228 3544 6229 3517 6230 3517 6230 3544 6229 3545 6231 3517 6230 3545 6231 3516 6232 3516 6232 3545 6231 3546 6233 3516 6232 3546 6233 3515 6234 3515 6234 3546 6233 3547 6235 3515 6234 3547 6235 3514 6236 3514 6236 3547 6235 3548 6237 3514 6236 3548 6237 3513 6238 3513 6238 3548 6237 3549 6239 3513 6238 3549 6239 3512 6240 3512 6240 3549 6239 3550 6241 3512 6240 3550 6241 3511 6242 3511 6242 3550 6241 3551 6243 3511 6242 3551 6243 3510 6244 3510 6244 3551 6243 3552 6245 3510 6244 3552 6245 3509 6246 3509 6246 3552 6245 3553 6247 3509 6246 3553 6247 3508 6200 3508 6200 3553 6247 3554 6201 2317 6248 2316 6249 3556 6250 3556 6250 2316 6249 3555 6251 3557 6252 3532 6253 2319 6254 2319 6254 3532 6253 3531 6255 2319 6254 3531 6255 3554 6256 3558 6257 3538 6258 3557 6252 3557 6252 3538 6258 3537 6259 3557 6252 3537 6259 3536 6260 2320 6261 3542 6262 3558 6257 3558 6257 3542 6262 3541 6263 3558 6257 3541 6263 3540 6264 2319 6254 3548 6265 2320 6261 2320 6261 3548 6265 3547 6266 2320 6261 3547 6266 3546 6267 3554 6256 3553 6268 2319 6254 2319 6254 3553 6268 3552 6269 2319 6254 3552 6269 3551 6270 3551 6270 3550 6271 2319 6254 2319 6254 3550 6271 3549 6272 2319 6254 3549 6272 3548 6265 3546 6267 3545 6273 2320 6261 2320 6261 3545 6273 3544 6274 2320 6261 3544 6274 3543 6275 3543 6275 3542 6262 2320 6261 3540 6264 3539 6276 3558 6257 3558 6257 3539 6276 3538 6258 3536 6260 3535 6277 3557 6252 3557 6252 3535 6277 3534 6278 3557 6252 3534 6278 3533 6279 3533 6279 3532 6253 3557 6252 2318 6280 3559 6281 2319 6282 2319 6282 3559 6281 3557 6283 3560 6284 2280 6285 3559 6286 3559 6286 2280 6285 3587 6287 3559 6286 3587 6287 3557 6288 3557 6288 3587 6287 3588 6289 3557 6288 3588 6289 2281 6290 3561 6291 3605 6292 3560 6284 3560 6284 3605 6292 3606 6293 3560 6284 3606 6293 3607 6294 3562 6295 3602 6296 3561 6291 3561 6291 3602 6296 3603 6297 3561 6291 3603 6297 3604 6298 3563 6299 3600 6300 3562 6295 3562 6295 3600 6300 3601 6301 3562 6295 3601 6301 3602 6296 3600 6300 3563 6299 3599 6302 3599 6302 3563 6299 3564 6303 3599 6302 3564 6303 3598 6304 3598 6304 3564 6303 3565 6305 3598 6304 3565 6305 3597 6306 3597 6306 3565 6305 3596 6307 3596 6307 3565 6305 3566 6308 3596 6307 3566 6308 3595 6309 3595 6309 3566 6308 3567 6310 3595 6309 3567 6310 3594 6311 3594 6311 3567 6310 3568 6312 3594 6311 3568 6312 3571 6313 3571 6313 3568 6312 3320 6314 3571 6313 3320 6314 3570 6315 3570 6315 3320 6314 3294 6316 3294 6316 3320 6314 3295 6317 3295 6317 3320 6314 3341 5886 3341 5886 3320 6314 3353 5887 3320 6314 3568 6312 2877 6318 2877 6318 3568 6312 3569 6319 2877 6318 3569 6319 3293 6320 3293 6320 3054 6321 2877 6318 2877 6318 3054 6321 2994 5190 2877 6318 2994 5190 2878 5189 3594 6311 3571 6313 3593 6322 3593 6322 3571 6313 3572 6323 3593 6322 3572 6323 3624 6324 3624 6324 3572 6323 3573 6325 3624 6324 3573 6325 3623 6326 3623 6326 3573 6325 3574 6327 3623 6326 3574 6327 3622 6328 3622 6328 3574 6327 3621 6329 3621 6329 3574 6327 3575 6330 3621 6329 3575 6330 3620 6331 3620 6331 3575 6330 3576 6332 3620 6331 3576 6332 3619 6333 3619 6333 3576 6332 3577 6334 3619 6333 3577 6334 3618 6335 3618 6335 3577 6334 3578 6336 3618 6335 3578 6336 3617 6337 3617 6337 3578 6336 3616 6338 3616 6338 3578 6336 3579 6339 3616 6338 3579 6339 3580 6340 3616 6338 3580 6340 3615 6341 3615 6341 3580 6340 3581 6342 3615 6341 3581 6342 3614 6343 3614 6343 3581 6342 3591 6344 3614 6343 3591 6344 3613 6345 3613 6345 3591 6344 3612 6346 3612 6346 3591 6344 3611 6347 3611 6347 3591 6344 3610 6348 3610 6348 3591 6344 3609 6349 3609 6349 3591 6344 3560 6284 3609 6349 3560 6284 3608 6350 3608 6350 3560 6284 3607 6294 3581 6342 3582 6351 3591 6344 3591 6344 3582 6351 3583 6352 3591 6344 3583 6352 3584 6353 3591 6344 3584 6353 3590 6354 3590 6354 3584 6353 3585 6355 3590 6354 3585 6355 3586 6356 3586 6356 3558 6357 3590 6354 3590 6354 3558 6357 3589 6358 3589 6358 3558 6357 2281 6290 3589 6358 2281 6290 3592 6359 3592 6359 2281 6290 2280 6285 3592 6359 2280 6285 3560 6284 3558 6357 3557 6288 2281 6290 3591 6344 3592 6359 3560 6284 3604 6298 3605 6292 3561 6291 1089 6360 3625 6361 1090 6362 1090 6362 3625 6361 1147 6363 1147 6363 3625 6361 1148 6364 1148 6364 3625 6361 3626 6365 1148 6364 3626 6365 1149 6366 1149 6366 3626 6365 1154 6367 1149 6366 1154 6367 1153 6368 1154 6367 3626 6365 1155 6369 1155 6369 3626 6365 3627 6370 1155 6369 3627 6370 1156 6371 1156 6371 3627 6370 1091 6372 1091 6372 3627 6370 1092 6373 1149 6366 1153 6368 1150 6374 1150 6374 1153 6368 1152 6375 1150 6374 1152 6375 1151 6376 1151 6376 1152 6375 917 6377 1151 6376 917 6377 841 6378 841 6378 917 6377 3560 6379 841 6378 3560 6379 3559 6380 917 6377 916 6381 3560 6379 3560 6379 916 6381 1116 6382 3560 6379 1116 6382 1115 6383 1115 6383 1114 6384 3560 6379 3560 6379 1114 6384 1113 6385 3560 6379 1113 6385 1112 6386 1112 6386 962 6387 3560 6379 3560 6379 962 6387 2278 6388 3560 6379 2278 6388 1204 6389 962 6387 961 6390 2278 6388 1213 6391 1191 6392 1204 6389 1204 6389 1191 6392 1190 6393 1204 6389 1190 6393 1189 6394 1213 6391 1212 6395 1191 6392 1191 6392 1212 6395 1211 6396 1191 6392 1211 6396 1192 6397 1192 6397 1211 6396 1210 6398 1192 6397 1210 6398 909 6399 908 6400 891 6401 909 6399 909 6399 891 6401 1193 6402 909 6399 1193 6402 1192 6397 908 6400 892 6403 891 6401 1189 6394 913 6404 1204 6389 1204 6389 913 6404 3560 6379 3560 6379 913 6404 2357 6405 2357 6405 913 6404 912 6406 2357 6405 912 6406 3656 6407 3656 6407 912 6406 7 6408 3656 6407 7 6408 3655 6409 3655 6409 7 6408 3654 6410 3654 6410 7 6408 3653 6411 3653 6411 7 6408 3652 6412 3652 6412 7 6408 3651 6413 3651 6413 7 6408 3650 6414 3650 6414 7 6408 3649 6415 3649 6415 7 6408 2277 6416 3649 6415 2277 6416 3648 6417 3648 6417 2277 6416 3647 6418 3647 6418 2277 6416 981 6419 3647 6418 981 6419 1106 6420 912 6406 1250 6421 7 6408 7 6408 1250 6421 1249 6422 7 6408 1249 6422 1248 6423 1247 6424 10 6425 1248 6423 1248 6423 10 6425 9 6426 1248 6423 9 6426 8 6427 1246 6428 12 6429 1247 6424 1247 6424 12 6429 11 6430 1247 6424 11 6430 10 6425 1246 6428 882 6431 12 6429 12 6429 882 6431 112 6432 112 6432 882 6431 881 6433 8 6427 7 6408 1248 6423 2277 6416 109 6434 981 6419 1106 6420 1105 6435 3647 6418 3647 6418 1105 6435 1104 6436 3647 6418 1104 6436 1103 6437 1103 6437 1102 6438 3647 6418 3647 6418 1102 6438 844 6439 3647 6418 844 6439 843 6440 1136 6441 1127 6442 843 6440 843 6440 1127 6442 848 6443 843 6440 848 6443 3647 6418 3647 6418 848 6443 3646 6444 3646 6444 848 6443 847 6445 3646 6444 847 6445 1025 6446 1025 6446 847 6445 1117 6447 1117 6447 847 6445 1126 6448 1117 6447 1126 6448 1118 6449 1118 6449 1126 6448 1125 6450 1118 6449 1125 6450 1119 6451 1119 6451 1125 6450 1124 6452 1119 6451 1124 6452 3632 6453 3632 6453 1124 6452 1123 6454 3632 6453 1123 6454 3631 6455 3631 6455 1123 6454 1122 6456 3631 6455 1122 6456 1082 6457 1127 6442 1136 6441 1128 6458 1128 6458 1136 6441 1135 6459 1128 6458 1135 6459 1129 6460 1129 6460 1135 6459 1134 6461 1129 6460 1134 6461 3629 6462 3629 6462 1134 6461 1133 6463 3629 6462 1133 6463 3628 6464 3628 6464 1133 6463 1132 6465 3628 6464 1132 6465 1086 6466 1086 6466 1085 6467 3628 6464 1129 6460 3629 6462 1130 6468 1130 6468 3629 6462 3630 6469 1130 6468 3630 6469 1131 6470 1131 6470 3630 6469 1087 6471 1087 6471 3630 6469 1088 6472 1082 6457 1081 6473 3631 6455 1119 6451 3632 6453 1120 6474 1120 6474 3632 6453 3633 6475 1120 6474 3633 6475 1121 6476 1121 6476 3633 6475 1083 6477 1083 6477 3633 6475 1084 6478 1025 6446 1024 6479 3646 6444 3646 6444 1024 6479 1101 6480 3646 6444 1101 6480 1100 6481 1100 6481 1099 6482 3646 6444 3646 6444 1099 6482 1098 6483 3646 6444 1098 6483 3645 6484 3645 6484 1098 6483 1097 6485 3645 6484 1097 6485 982 6486 110 6487 2363 6488 982 6486 982 6486 2363 6488 3644 6489 982 6486 3644 6489 3645 6484 1273 6490 3640 6491 2363 6488 2363 6488 3640 6491 3641 6492 2363 6488 3641 6492 3642 6493 1272 6494 1309 6495 1273 6490 1273 6490 1309 6495 1308 6496 1273 6490 1308 6496 1307 6497 1272 6494 1271 6498 1309 6495 1309 6495 1271 6498 1270 6499 1309 6495 1270 6499 1310 6500 1310 6500 1270 6499 1269 6501 1310 6500 1269 6501 897 6502 111 6503 883 6504 897 6502 897 6502 883 6504 1311 6505 897 6502 1311 6505 1310 6500 111 6503 884 6506 883 6504 1307 6497 915 6507 1273 6490 1273 6490 915 6507 3556 6508 1273 6490 3556 6508 3638 6509 3556 6508 915 6507 2317 6510 2317 6510 915 6507 914 6511 2317 6510 914 6511 2318 6512 2318 6512 914 6511 3559 6380 3559 6380 914 6511 71 6513 3559 6380 71 6513 3634 6514 914 6511 1178 6515 71 6513 71 6513 1178 6515 1177 6516 71 6513 1177 6516 1176 6517 1175 6518 74 6519 1176 6517 1176 6517 74 6519 73 6520 1176 6517 73 6520 72 6521 1174 6522 76 6523 1175 6518 1175 6518 76 6523 75 6524 1175 6518 75 6524 74 6519 1174 6522 890 6525 76 6523 76 6523 890 6525 907 6526 907 6526 890 6525 889 6527 72 6521 71 6513 1176 6517 960 6528 959 6529 3634 6514 3634 6514 959 6529 3559 6380 959 6529 1111 6530 3559 6380 3559 6380 1111 6530 1110 6531 3559 6380 1110 6531 1109 6532 1109 6532 1108 6533 3559 6380 3559 6380 1108 6533 1107 6534 3559 6380 1107 6534 838 6535 838 6535 837 6536 3559 6380 3559 6380 837 6536 842 6537 3559 6380 842 6537 841 6378 837 6536 1141 6538 842 6537 842 6537 1141 6538 1142 6539 1142 6539 1141 6538 1140 6540 1142 6539 1140 6540 1143 6541 1143 6541 1140 6540 1139 6542 1143 6541 1139 6542 1144 6543 1144 6543 1139 6542 3636 6544 1144 6543 3636 6544 1145 6545 1145 6545 3636 6544 3637 6546 1145 6545 3637 6546 1146 6547 1146 6547 3637 6546 1095 6548 1095 6548 3637 6546 1096 6549 1139 6542 1138 6550 3636 6544 3636 6544 1138 6550 3635 6551 3635 6551 1138 6550 1137 6552 3635 6551 1137 6552 1094 6553 1094 6553 1093 6554 3635 6551 3638 6509 3639 6555 1273 6490 1273 6490 3639 6555 3640 6491 3642 6493 3643 6556 2363 6488 2363 6488 3643 6556 3644 6489 3657 6557 3658 6558 3589 6559 3589 6559 3658 6558 3590 6560 2280 6561 3680 6562 3587 6563 3587 6563 3680 6562 3681 6564 3587 6563 3681 6564 3685 6565 3685 6565 3681 6564 3684 6566 3684 6566 3681 6564 3683 6567 3683 6567 3681 6564 3682 6568 2279 6569 3669 6570 2280 6561 2280 6561 3669 6570 3670 6571 2280 6561 3670 6571 3671 6572 3659 6573 3664 6574 2279 6569 2279 6569 3664 6574 3665 6575 2279 6569 3665 6575 3666 6576 3660 6577 3661 6578 3659 6573 3659 6573 3661 6578 3662 6579 3659 6573 3662 6579 3663 6580 3663 6580 3664 6574 3659 6573 3666 6576 3667 6581 2279 6569 2279 6569 3667 6581 3668 6582 2279 6569 3668 6582 3669 6570 3671 6572 3672 6583 2280 6561 2280 6561 3672 6583 3673 6584 2280 6561 3673 6584 3674 6585 3674 6585 3675 6586 2280 6561 2280 6561 3675 6586 3676 6587 2280 6561 3676 6587 3680 6562 3680 6562 3676 6587 3677 6588 3680 6562 3677 6588 3678 6589 3678 6589 3679 6590 3680 6562 3685 6565 3686 6591 3587 6563 3587 6563 3686 6591 3687 6592 3587 6563 3687 6592 3688 6593 3688 6593 3689 6594 3587 6563 3587 6563 3689 6594 3690 6595 3587 6563 3690 6595 3691 6596 3691 6596 3692 6597 3587 6563 3587 6563 3692 6597 3703 6598 3703 6598 3692 6597 3693 6599 3703 6598 3693 6599 3694 6600 3694 6600 3695 6601 3703 6598 3703 6598 3695 6601 3696 6602 3703 6598 3696 6602 3697 6603 3703 6598 3697 6603 3702 6604 3702 6604 3697 6603 3698 6605 3702 6604 3698 6605 3699 6606 3699 6606 3700 6607 3702 6604 3702 6604 3700 6607 3701 6608 3704 6609 3592 6610 3705 6611 3705 6611 3592 6610 3591 6612 3560 6613 2357 6614 3561 6615 3561 6615 2357 6614 2356 6616 2320 6617 3558 6618 2321 6619 2321 6619 3558 6618 3586 6620 2283 6621 3610 6622 2284 6623 2284 6623 3610 6622 3609 6624 3602 6625 2291 6626 3706 6627 3706 6627 2291 6626 2290 6628 3706 6627 2290 6628 3707 6629 3707 6629 2290 6628 2289 6630 3707 6629 2289 6630 3708 6631 3708 6631 2289 6630 2288 6632 3708 6631 2288 6632 3709 6633 3709 6633 2288 6632 2287 6634 3709 6633 2287 6634 3710 6635 3710 6635 2287 6634 2286 6636 3710 6635 2286 6636 3711 6637 3711 6637 2286 6636 2285 6638 3711 6637 2285 6638 2284 6623 2284 6623 3609 6624 3711 6637 3711 6637 3609 6624 3608 6639 3711 6637 3608 6639 3710 6635 3710 6635 3608 6639 3607 6640 3710 6635 3607 6640 3709 6633 3709 6633 3607 6640 3606 6641 3709 6633 3606 6641 3708 6631 3708 6631 3606 6641 3605 6642 3708 6631 3605 6642 3707 6629 3707 6629 3605 6642 3604 6643 3707 6629 3604 6643 3706 6627 3706 6627 3604 6643 3603 6644 3706 6627 3603 6644 3602 6625 2292 6645 2291 6626 3601 6646 3601 6646 2291 6626 3602 6625 3594 6647 2299 6648 3712 6649 3712 6649 2299 6648 2298 6650 3712 6649 2298 6650 3713 6651 3713 6651 2298 6650 2297 6652 3713 6651 2297 6652 3714 6653 3714 6653 2297 6652 2296 6654 3714 6653 2296 6654 3715 6655 3715 6655 2296 6654 2295 6656 3715 6655 2295 6656 3716 6657 3716 6657 2295 6656 2294 6658 3716 6657 2294 6658 3717 6659 3717 6659 2294 6658 2293 6660 3717 6659 2293 6660 2292 6645 2292 6645 3601 6646 3717 6659 3717 6659 3601 6646 3600 6661 3717 6659 3600 6661 3716 6657 3716 6657 3600 6661 3599 6662 3716 6657 3599 6662 3715 6655 3715 6655 3599 6662 3598 6663 3715 6655 3598 6663 3714 6653 3714 6653 3598 6663 3597 6664 3714 6653 3597 6664 3713 6651 3713 6651 3597 6664 3596 6665 3713 6651 3596 6665 3712 6649 3712 6649 3596 6665 3595 6666 3712 6649 3595 6666 3594 6647 2300 6667 2299 6648 3593 6668 3593 6668 2299 6648 3594 6647 3618 6669 2307 6670 3718 6671 3718 6671 2307 6670 2306 6672 3718 6671 2306 6672 3719 6673 3719 6673 2306 6672 2305 6674 3719 6673 2305 6674 3720 6675 3720 6675 2305 6674 2304 6676 3720 6675 2304 6676 3721 6677 3721 6677 2304 6676 2303 6678 3721 6677 2303 6678 3722 6679 3722 6679 2303 6678 2302 6680 3722 6679 2302 6680 3723 6681 3723 6681 2302 6680 2301 6682 3723 6681 2301 6682 2300 6667 2300 6667 3593 6668 3723 6681 3723 6681 3593 6668 3624 6683 3723 6681 3624 6683 3722 6679 3722 6679 3624 6683 3623 6684 3722 6679 3623 6684 3721 6677 3721 6677 3623 6684 3622 6685 3721 6677 3622 6685 3720 6675 3720 6675 3622 6685 3621 6686 3720 6675 3621 6686 3719 6673 3719 6673 3621 6686 3620 6687 3719 6673 3620 6687 3718 6671 3718 6671 3620 6687 3619 6688 3718 6671 3619 6688 3618 6669 2308 6689 2307 6670 3617 6690 3617 6690 2307 6670 3618 6669 3610 6622 2283 6621 3724 6691 3724 6691 2283 6621 2314 6692 3724 6691 2314 6692 3725 6693 3725 6693 2314 6692 2313 6694 3725 6693 2313 6694 3726 6695 3726 6695 2313 6694 2312 6696 3726 6695 2312 6696 3727 6697 3727 6697 2312 6696 2311 6698 3727 6697 2311 6698 3728 6699 3728 6699 2311 6698 2310 6700 3728 6699 2310 6700 3729 6701 3729 6701 2310 6700 2309 6702 3729 6701 2309 6702 2308 6689 2308 6689 3617 6690 3729 6701 3729 6701 3617 6690 3616 6703 3729 6701 3616 6703 3728 6699 3728 6699 3616 6703 3615 6704 3728 6699 3615 6704 3727 6697 3727 6697 3615 6704 3614 6705 3727 6697 3614 6705 3726 6695 3726 6695 3614 6705 3613 6706 3726 6695 3613 6706 3725 6693 3725 6693 3613 6706 3612 6707 3725 6693 3612 6707 3724 6691 3724 6691 3612 6707 3611 6708 3724 6691 3611 6708 3610 6622 3591 6709 3658 6710 3705 6711 3705 6711 3658 6710 2359 6712 3705 6711 2359 6712 3731 6713 3731 6713 2359 6712 2358 6714 3591 6709 3590 6715 3658 6710 3730 6716 2360 6717 3658 6710 3658 6710 2360 6717 2359 6712 2356 6718 2355 6719 3561 6720 3561 6720 2355 6719 3562 6721 3577 6722 2330 6723 3578 6724 3578 6724 2330 6723 2329 6725 3562 6721 2355 6719 3732 6726 3732 6726 2355 6719 2354 6727 3732 6726 2354 6727 3733 6728 3733 6728 2354 6727 2353 6729 3733 6728 2353 6729 3734 6730 3734 6730 2353 6729 2352 6731 3734 6730 2352 6731 3735 6732 3735 6732 2352 6731 2351 6733 3735 6732 2351 6733 3736 6734 3736 6734 2351 6733 2350 6735 3736 6734 2350 6735 3737 6736 3737 6736 2350 6735 2349 6737 3737 6736 2349 6737 3738 6738 3738 6738 2349 6737 2348 6739 3738 6738 2348 6739 2347 5756 2347 5756 3293 5758 3738 6738 3738 6738 3293 5758 3569 6740 3738 6738 3569 6740 3737 6736 3737 6736 3569 6740 3568 6741 3737 6736 3568 6741 3736 6734 3736 6734 3568 6741 3567 6742 3736 6734 3567 6742 3735 6732 3735 6732 3567 6742 3566 6743 3735 6732 3566 6743 3734 6730 3734 6730 3566 6743 3565 6744 3734 6730 3565 6744 3733 6728 3733 6728 3565 6744 3564 6745 3733 6728 3564 6745 3732 6726 3732 6726 3564 6745 3563 6746 3732 6726 3563 6746 3562 6721 2330 6723 3577 6722 3739 6747 3739 6747 3577 6722 3576 6748 3739 6747 3576 6748 3740 6749 3740 6749 3576 6748 3575 6750 3740 6749 3575 6750 3741 6751 3741 6751 3575 6750 3574 6752 3741 6751 3574 6752 3742 6753 3742 6753 3574 6752 3573 6754 3742 6753 3573 6754 3743 6755 3743 6755 3573 6754 3572 6756 3743 6755 3572 6756 3744 6757 3744 6757 3572 6756 3571 6758 3744 6757 3571 6758 3745 6759 3745 6759 3571 6758 3570 6760 3745 6759 3570 6760 3294 5760 3294 5760 2338 5762 3745 6759 3745 6759 2338 5762 2337 6761 3745 6759 2337 6761 3744 6757 3744 6757 2337 6761 2336 6762 3744 6757 2336 6762 3743 6755 3743 6755 2336 6762 2335 6763 3743 6755 2335 6763 3742 6753 3742 6753 2335 6763 2334 6764 3742 6753 2334 6764 3741 6751 3741 6751 2334 6764 2333 6765 3741 6751 2333 6765 3740 6749 3740 6749 2333 6765 2332 6766 3740 6749 2332 6766 3739 6747 3739 6747 2332 6766 2331 6767 3739 6747 2331 6767 2330 6723 2322 6768 2321 6769 3746 6770 3746 6770 2321 6769 3586 6771 3746 6770 3586 6771 3585 6772 3746 6770 3585 6772 3747 6773 3747 6773 3585 6772 3584 6774 3747 6773 3584 6774 3748 6775 3748 6775 3584 6774 3583 6776 3748 6775 3583 6776 3749 6777 3749 6777 3583 6776 3582 6778 3749 6777 3582 6778 3750 6779 3750 6779 3582 6778 3581 6780 3750 6779 3581 6780 3751 6781 3751 6781 3581 6780 3580 6782 3751 6781 3580 6782 3752 6783 3752 6783 3580 6782 3579 6784 3752 6783 3579 6784 3578 6724 3578 6724 2329 6725 3752 6783 3752 6783 2329 6725 2328 6785 3752 6783 2328 6785 3751 6781 3751 6781 2328 6785 2327 6786 3751 6781 2327 6786 3750 6779 3750 6779 2327 6786 2326 6787 3750 6779 2326 6787 3749 6777 3749 6777 2326 6787 2325 6788 3749 6777 2325 6788 3748 6775 3748 6775 2325 6788 2324 6789 3748 6775 2324 6789 3747 6773 3747 6773 2324 6789 2323 6790 3747 6773 2323 6790 3746 6770 3746 6770 2323 6790 2322 6768 1 6791 2362 6792 2 6793 2 6793 2362 6792 3753 6794 2 6793 3753 6794 3754 6795 2362 6792 2359 6796 3753 6794 3755 6797 2276 6798 3754 6795 3754 6795 2276 6798 4 6799 3754 6795 4 6799 2 6793 3755 6797 3756 6800 2276 6798 2276 6798 3756 6800 3757 6801 2276 6798 3757 6801 3758 6802 3758 6802 3759 6803 2276 6798 2276 6798 3759 6803 3760 6804 2276 6798 3760 6804 3761 6805 3761 6805 3762 6806 2276 6798 2276 6798 3762 6806 3778 6807 2276 6798 3778 6807 3779 6808 3763 6809 3772 6810 3762 6806 3762 6806 3772 6810 3773 6811 3762 6806 3773 6811 3774 6812 3764 6813 3816 6814 3763 6809 3763 6809 3816 6814 3817 6815 3763 6809 3817 6815 3818 6816 3816 6814 3764 6813 3815 6817 3815 6817 3764 6813 3765 6818 3815 6817 3765 6818 3766 6819 3815 6817 3766 6819 3814 6820 3814 6820 3766 6819 3767 6821 3814 6820 3767 6821 3813 6822 3813 6822 3767 6821 3768 6823 3813 6822 3768 6823 2364 6824 2364 6824 3768 6823 3769 6825 2364 6824 3769 6825 3770 6826 3770 6826 3771 6827 2364 6824 2364 6824 3771 6827 1262 6828 2364 6824 1262 6828 1261 6829 3555 6830 911 6831 3771 6827 3771 6827 911 6831 1263 6832 3771 6827 1263 6832 1262 6828 2316 6833 910 6834 3555 6830 3555 6830 910 6834 911 6831 2276 6798 3785 6835 2364 6824 2364 6824 3785 6835 3807 6836 2364 6824 3807 6836 3808 6837 6 6838 5 6839 2276 6798 2276 6798 5 6839 4 6799 3774 6812 3775 6840 3762 6806 3762 6806 3775 6840 3776 6841 3762 6806 3776 6841 3777 6842 3777 6842 3778 6807 3762 6806 3779 6808 3780 6843 2276 6798 2276 6798 3780 6843 3781 6844 2276 6798 3781 6844 3782 6845 3782 6845 3783 6846 2276 6798 2276 6798 3783 6846 3784 6847 2276 6798 3784 6847 3785 6835 3785 6835 3786 6848 3807 6836 3807 6836 3786 6848 3806 6849 3806 6849 3786 6848 3787 6850 3806 6849 3787 6850 3805 6851 3805 6851 3787 6850 3788 6852 3805 6851 3788 6852 3804 6853 3804 6853 3788 6852 3789 6854 3804 6853 3789 6854 3803 6855 3803 6855 3789 6854 3790 6856 3803 6855 3790 6856 3802 6857 3802 6857 3790 6856 3801 6858 3801 6858 3790 6856 3791 6859 3801 6858 3791 6859 3800 6860 3800 6860 3791 6859 3792 6861 3800 6860 3792 6861 3799 6862 3799 6862 3792 6861 3793 6863 3799 6862 3793 6863 3798 6864 3798 6864 3793 6863 3794 6865 3798 6864 3794 6865 3797 6866 3797 6866 3794 6865 3795 6867 3797 6866 3795 6867 3763 6809 3763 6809 3795 6867 3772 6810 3819 6868 3796 6869 3763 6809 3763 6809 3796 6869 3797 6866 3808 6837 3809 6870 2364 6824 2364 6824 3809 6870 3810 6871 2364 6824 3810 6871 3811 6872 3811 6872 3812 6873 2364 6824 2364 6824 3812 6873 3813 6822 3818 6816 3819 6868 3763 6809 53 6874 2315 6875 54 6876 54 6876 2315 6875 3588 6877 54 6876 3588 6877 58 6878 58 6878 3588 6877 59 6879 59 6879 3588 6877 3587 6880 59 6879 3587 6880 3703 6881 3634 6882 71 6883 3703 6881 3703 6881 71 6883 59 6879 3820 6884 3821 6885 3704 6886 3704 6886 3821 6885 2362 6887 3704 6886 2362 6887 3657 6888 3657 6888 2362 6887 2361 6889 3657 6888 2361 6889 3822 6890 3657 6888 3589 6891 3704 6886 3704 6886 3589 6891 3592 6892 2359 6893 2362 6894 2358 6895 2358 6895 2362 6894 3821 6896 3704 6897 3705 6898 3820 6899 3820 6899 3705 6898 3731 6900 3821 6901 3820 6902 2358 6903 2358 6903 3820 6902 3731 6904 2357 6905 3656 6906 2358 6907 2358 6907 3656 6906 3753 6908 2358 6907 3753 6908 2359 6909 3647 6910 3762 6911 3648 6912 3648 6912 3762 6911 3761 6913 3648 6912 3761 6913 3649 6914 3649 6914 3761 6913 3760 6915 3649 6914 3760 6915 3650 6916 3650 6916 3760 6915 3759 6917 3650 6916 3759 6917 3651 6918 3651 6918 3759 6917 3758 6919 3651 6918 3758 6919 3652 6920 3652 6920 3758 6919 3757 6921 3652 6920 3757 6921 3653 6922 3653 6922 3757 6921 3756 6923 3653 6922 3756 6923 3654 6924 3654 6924 3756 6923 3755 6925 3654 6924 3755 6925 3655 6926 3655 6926 3755 6925 3754 6927 3655 6926 3754 6927 3656 6906 3656 6906 3754 6927 3753 6908 3556 6250 3555 6251 3638 6928 3638 6928 3555 6251 3771 6929 3638 6928 3771 6929 3639 6930 3639 6930 3771 6929 3770 6931 3639 6930 3770 6931 3640 6932 3640 6932 3770 6931 3769 6933 3640 6932 3769 6933 3641 6934 3641 6934 3769 6933 3768 6935 3641 6934 3768 6935 3642 6936 3642 6936 3768 6935 3767 6937 3642 6936 3767 6937 3643 6938 3643 6938 3767 6937 3766 6939 3643 6938 3766 6939 3644 6940 3644 6940 3766 6939 3765 6941 3644 6940 3765 6941 3645 6942 3645 6942 3765 6941 3764 6943 3645 6942 3764 6943 3646 6944 3646 6944 3764 6943 3763 6945 3679 6946 964 6947 3680 6948 3680 6948 964 6947 963 6949 3680 6950 963 6951 3681 6952 3681 6952 963 6951 980 6953 3681 6954 980 6955 3682 6956 3682 6956 980 6955 979 6957 3647 6910 3646 6944 3762 6911 3762 6911 3646 6944 3763 6945 3630 6958 3795 6959 1088 6960 1088 6960 3795 6959 3794 6961 1088 6960 3794 6961 3793 6962 3795 6959 3630 6958 3772 6963 3772 6963 3630 6958 3629 6964 3772 6963 3629 6964 3773 6965 3773 6965 3629 6964 3628 6966 3773 6965 3628 6966 3774 6967 3774 6967 3628 6966 1085 6968 3774 6967 1085 6968 3775 6969 3775 6969 1085 6968 752 6970 3775 6969 752 6970 3776 6971 3776 6971 752 6970 751 6972 3776 6971 751 6972 3777 6973 3777 6973 751 6972 750 6974 3777 6973 750 6974 3778 6975 3778 6975 750 6974 749 6976 3778 6975 749 6976 3779 6977 3779 6977 749 6976 748 6978 3779 6977 748 6978 3780 6979 3780 6979 748 6978 747 6980 3780 6979 747 6980 3781 6981 3781 6981 747 6980 746 6982 3781 6981 746 6982 3782 6983 3782 6983 746 6982 745 6984 3782 6983 745 6984 3783 6985 3783 6985 745 6984 744 6986 3783 6985 744 6986 3784 6987 3784 6987 744 6986 743 6988 3784 6987 743 6988 3785 6989 3785 6989 743 6988 742 6990 3785 6989 742 6990 3786 6991 3786 6991 742 6990 741 6992 3786 6991 741 6992 3787 6993 3787 6993 741 6992 740 6994 3787 6993 740 6994 3788 6995 3788 6995 740 6994 739 6996 3788 6995 739 6996 3789 6997 3789 6997 739 6996 738 6998 3789 6997 738 6998 3790 6999 3790 6999 738 6998 737 7000 3790 6999 737 7000 3791 7001 3791 7001 737 7000 736 7002 3791 7001 736 7002 3792 7003 3792 7003 736 7002 735 7004 3792 7003 735 7004 3793 6962 3793 6962 735 7004 734 7005 3793 6962 734 7005 1088 6960 1088 6960 734 7005 733 7006 1085 6968 753 7007 752 6970 3633 7008 3819 7009 1084 7010 1084 7010 3819 7009 3818 7011 1084 7010 3818 7011 3817 7012 3819 7009 3633 7008 3796 7013 3796 7013 3633 7008 3632 7014 3796 7013 3632 7014 3797 7015 3797 7015 3632 7014 3631 7016 3797 7015 3631 7016 3798 7017 3798 7017 3631 7016 1081 7018 3798 7017 1081 7018 3799 7019 3799 7019 1081 7018 1016 7020 3799 7019 1016 7020 3800 7021 3800 7021 1016 7020 1015 7022 3800 7021 1015 7022 3801 7023 3801 7023 1015 7022 1014 7024 3801 7023 1014 7024 3802 7025 3802 7025 1014 7024 1013 7026 3802 7025 1013 7026 3803 7027 3803 7027 1013 7026 1012 7028 3803 7027 1012 7028 3804 7029 3804 7029 1012 7028 1011 7030 3804 7029 1011 7030 3805 7031 3805 7031 1011 7030 1010 7032 3805 7031 1010 7032 3806 7033 3806 7033 1010 7032 1009 7034 3806 7033 1009 7034 3807 7035 3807 7035 1009 7034 1008 7036 3807 7035 1008 7036 3808 7037 3808 7037 1008 7036 1007 7038 3808 7037 1007 7038 3809 7039 3809 7039 1007 7038 1006 7040 3809 7039 1006 7040 3810 7041 3810 7041 1006 7040 1005 7042 3810 7041 1005 7042 3811 7043 3811 7043 1005 7042 1004 7044 3811 7043 1004 7044 3812 7045 3812 7045 1004 7044 1003 7046 3812 7045 1003 7046 3813 7047 3813 7047 1003 7046 1002 7048 3813 7047 1002 7048 3814 7049 3814 7049 1002 7048 1001 7050 3814 7049 1001 7050 3815 7051 3815 7051 1001 7050 1000 7052 3815 7051 1000 7052 3816 7053 3816 7053 1000 7052 999 7054 3816 7053 999 7054 3817 7012 3817 7012 999 7054 998 7055 3817 7012 998 7055 1084 7010 1084 7010 998 7055 997 7056 1081 7018 1017 7057 1016 7020 3637 7058 3684 7059 1096 7060 1096 7060 3684 7059 3683 7061 1096 7060 3683 7061 778 7062 778 7062 3683 7061 3682 7063 778 7062 3682 7063 979 7064 3684 7059 3637 7058 3685 7065 3685 7065 3637 7058 3636 7066 3685 7065 3636 7066 3686 7067 3686 7067 3636 7066 3635 7068 3686 7067 3635 7068 3687 7069 3687 7069 3635 7068 1093 7070 3687 7069 1093 7070 3688 7071 3688 7071 1093 7070 797 7072 3688 7071 797 7072 796 7073 3688 7071 796 7073 3689 7074 3689 7074 796 7073 795 7075 3689 7074 795 7075 3690 7076 3690 7076 795 7075 794 7077 3690 7076 794 7077 3691 7078 3691 7078 794 7077 793 7079 3691 7078 793 7079 3692 7080 3692 7080 793 7079 792 7081 3692 7080 792 7081 3693 7082 3693 7082 792 7081 791 7083 3693 7082 791 7083 3694 7084 3694 7084 791 7083 790 7085 3694 7084 790 7085 3695 7086 3695 7086 790 7085 789 7087 3695 7086 789 7087 3696 7088 3696 7088 789 7087 788 7089 3696 7088 788 7089 3697 7090 3697 7090 788 7089 787 7091 3697 7090 787 7091 3698 7092 3698 7092 787 7091 786 7093 3698 7092 786 7093 3699 7094 3699 7094 786 7093 785 7095 3699 7094 785 7095 3700 7096 3700 7096 785 7095 784 7097 3700 7096 784 7097 3701 7098 3701 7098 784 7097 973 7099 973 7099 784 7097 783 7100 973 7099 783 7100 974 7101 974 7101 783 7100 782 7102 974 7101 782 7102 975 7103 975 7103 782 7102 781 7104 975 7103 781 7104 976 7105 976 7105 781 7104 977 7106 977 7106 781 7104 780 7107 977 7106 780 7107 978 7108 978 7108 780 7107 779 7109 978 7108 779 7109 979 7064 979 7064 779 7109 778 7062 778 7062 777 7110 1096 7060 3679 7111 951 7112 964 7113 964 7113 951 7112 950 7114 964 7113 950 7114 965 7115 965 7115 950 7114 949 7116 965 7115 949 7116 966 7117 966 7117 949 7116 948 7118 966 7117 948 7118 967 7119 967 7119 948 7118 968 7120 968 7120 948 7118 947 7121 968 7120 947 7121 969 7122 969 7122 947 7121 946 7123 969 7122 946 7123 970 7124 970 7124 946 7123 945 7125 970 7124 945 7125 3660 7126 3660 7126 945 7125 3661 7127 3661 7127 945 7125 944 7128 3661 7127 944 7128 3662 7129 3662 7129 944 7128 943 7130 3662 7129 943 7130 3663 7131 3663 7131 943 7130 942 7132 3663 7131 942 7132 3664 7133 3664 7133 942 7132 941 7134 3664 7133 941 7134 3665 7135 3665 7135 941 7134 940 7136 3665 7135 940 7136 3666 7137 3666 7137 940 7136 939 7138 3666 7137 939 7138 3667 7139 3667 7139 939 7138 938 7140 3667 7139 938 7140 3668 7141 3668 7141 938 7140 937 7142 3668 7141 937 7142 3669 7143 3669 7143 937 7142 936 7144 3669 7143 936 7144 3670 7145 3670 7145 936 7144 935 7146 3670 7145 935 7146 3671 7147 3671 7147 935 7146 934 7148 3671 7147 934 7148 3672 7149 3672 7149 934 7148 933 7150 3672 7149 933 7150 3673 7151 3673 7151 933 7150 1092 7152 3673 7151 1092 7152 3674 7153 3674 7153 1092 7152 3627 7154 3674 7153 3627 7154 3675 7155 3675 7155 3627 7154 3626 7156 3675 7155 3626 7156 3676 7157 3676 7157 3626 7156 3625 7158 3676 7157 3625 7158 3677 7159 3677 7159 3625 7158 1089 7160 3677 7159 1089 7160 3678 7161 3678 7161 1089 7160 952 7162 3678 7161 952 7162 951 7112 3679 7111 3678 7161 951 7112 933 7150 932 7163 1092 7152 972 7164 3702 7165 973 7166 973 7166 3702 7165 3701 7167 3659 7168 971 7169 3660 7170 3660 7170 971 7169 970 7171 972 7172 960 7173 3702 7174 3702 7174 960 7173 3703 7175 3703 7175 960 7173 3634 7176 971 7177 3659 7178 961 7179 961 7179 3659 7178 2279 7180 961 7179 2279 7180 2278 7181 2277 7182 2276 7183 109 7184 109 7184 2276 7183 2364 7185 109 7184 2364 7185 110 7186 110 7186 2364 7185 2363 7187 3658 7188 3657 7189 3730 7190 3730 7190 3657 7189 3822 7191 3822 7192 2361 7193 3730 7194 3730 7194 2361 7193 2360 7195 2315 7196 3507 7197 3588 7198 3588 7198 3507 7197 3530 7199 3588 7198 3530 7199 3529 7200 2282 7201 3513 7202 2315 7196 2315 7196 3513 7202 3512 7203 2315 7196 3512 7203 3511 7204 2281 7205 3519 7206 2282 7201 2282 7201 3519 7206 3518 7207 2282 7201 3518 7207 3517 7208 3588 7198 3525 7209 2281 7205 2281 7205 3525 7209 3524 7210 2281 7205 3524 7210 3523 7211 3529 7200 3528 7212 3588 7198 3588 7198 3528 7212 3527 7213 3588 7198 3527 7213 3526 7214 3526 7214 3525 7209 3588 7198 3523 7211 3522 7215 2281 7205 2281 7205 3522 7215 3521 7216 2281 7205 3521 7216 3520 7217 3520 7217 3519 7206 2281 7205 3517 7208 3516 7218 2282 7201 2282 7201 3516 7218 3515 7219 2282 7201 3515 7219 3514 7220 3514 7220 3513 7202 2282 7201 3511 7204 3510 7221 2315 7196 2315 7196 3510 7221 3509 7222 2315 7196 3509 7222 3508 7223 3508 7223 3507 7197 2315 7196 3848 7224 3823 7225 3861 7226 3861 7226 3823 7225 3824 7227 3861 7226 3824 7227 3860 7228 3860 7228 3824 7227 3825 7229 3860 7228 3825 7229 3859 7230 3859 7230 3825 7229 3826 7231 3859 7230 3826 7231 3858 7232 3858 7232 3826 7231 3827 7233 3858 7232 3827 7233 3857 7234 3857 7234 3827 7233 3828 7235 3857 7234 3828 7235 3856 7236 3856 7236 3828 7235 3829 7237 3856 7236 3829 7237 3855 7238 3855 7238 3829 7237 3830 7239 3855 7238 3830 7239 3854 7240 3854 7240 3830 7239 3831 7241 3854 7240 3831 7241 3853 7242 3853 7242 3831 7241 3832 7243 3853 7242 3832 7243 3852 7244 3852 7244 3832 7243 3833 7245 3852 7244 3833 7245 3851 7246 3851 7246 3833 7245 3834 7247 3851 7246 3834 7247 3850 7248 3850 7248 3834 7247 3835 7249 3850 7248 3835 7249 3849 7250 3849 7250 3835 7249 3836 7251 3849 7250 3836 7251 3837 7252 3849 7250 3837 7252 3872 7253 3872 7253 3837 7252 3838 7254 3872 7253 3838 7254 3871 7255 3871 7255 3838 7254 3839 7256 3871 7255 3839 7256 3870 7257 3870 7257 3839 7256 3840 7258 3870 7257 3840 7258 3869 7259 3869 7259 3840 7258 3841 7260 3869 7259 3841 7260 3868 7261 3868 7261 3841 7260 3842 7262 3868 7261 3842 7262 3867 7263 3867 7263 3842 7262 3843 7264 3867 7263 3843 7264 3866 7265 3866 7265 3843 7264 3844 7266 3866 7265 3844 7266 3865 7267 3865 7267 3844 7266 3845 7268 3865 7267 3845 7268 3864 7269 3864 7269 3845 7268 3846 7270 3864 7269 3846 7270 3863 7271 3863 7271 3846 7270 3847 7272 3863 7271 3847 7272 3862 7273 3862 7273 3847 7272 3848 7224 3862 7273 3848 7224 3861 7226 3898 7274 3873 7275 3911 7276 3911 7276 3873 7275 3874 7277 3911 7276 3874 7277 3910 7278 3910 7278 3874 7277 3875 7279 3910 7278 3875 7279 3909 7280 3909 7280 3875 7279 3876 7281 3909 7280 3876 7281 3908 7282 3908 7282 3876 7281 3877 7283 3908 7282 3877 7283 3907 7284 3907 7284 3877 7283 3878 7285 3907 7284 3878 7285 3906 7286 3906 7286 3878 7285 3879 7287 3906 7286 3879 7287 3905 7288 3905 7288 3879 7287 3880 7289 3905 7288 3880 7289 3904 7290 3904 7290 3880 7289 3881 7291 3904 7290 3881 7291 3903 7292 3903 7292 3881 7291 3882 7293 3903 7292 3882 7293 3902 7294 3902 7294 3882 7293 3883 7295 3902 7294 3883 7295 3901 7296 3901 7296 3883 7295 3884 7297 3901 7296 3884 7297 3900 7298 3900 7298 3884 7297 3885 7299 3900 7298 3885 7299 3899 7300 3899 7300 3885 7299 3886 7301 3899 7300 3886 7301 3887 7302 3899 7300 3887 7302 3922 7303 3922 7303 3887 7302 3888 7304 3922 7303 3888 7304 3921 7305 3921 7305 3888 7304 3889 7306 3921 7305 3889 7306 3920 7307 3920 7307 3889 7306 3890 7308 3920 7307 3890 7308 3919 7309 3919 7309 3890 7308 3891 7310 3919 7309 3891 7310 3918 7311 3918 7311 3891 7310 3892 7312 3918 7311 3892 7312 3917 7313 3917 7313 3892 7312 3893 7314 3917 7313 3893 7314 3916 7315 3916 7315 3893 7314 3894 7316 3916 7315 3894 7316 3915 7317 3915 7317 3894 7316 3895 7318 3915 7317 3895 7318 3914 7319 3914 7319 3895 7318 3896 7320 3914 7319 3896 7320 3913 7321 3913 7321 3896 7320 3897 7322 3913 7321 3897 7322 3912 7323 3912 7323 3897 7322 3898 7274 3912 7323 3898 7274 3911 7276 3898 7324 3824 7325 3873 7326 3873 7326 3824 7325 3823 7327 3873 7326 3823 7327 3874 7328 3874 7328 3823 7327 3848 7329 3874 7328 3848 7329 3875 7330 3875 7330 3848 7329 3847 7331 3875 7330 3847 7331 3876 7332 3876 7332 3847 7331 3846 7333 3876 7332 3846 7333 3877 7334 3877 7334 3846 7333 3845 7335 3877 7334 3845 7335 3878 7336 3878 7336 3845 7335 3844 7337 3878 7336 3844 7337 3879 7338 3879 7338 3844 7337 3843 7339 3879 7338 3843 7339 3880 7340 3880 7340 3843 7339 3842 7341 3880 7340 3842 7341 3881 7342 3881 7342 3842 7341 3841 7343 3881 7342 3841 7343 3882 7344 3882 7344 3841 7343 3840 7345 3882 7344 3840 7345 3883 7346 3883 7346 3840 7345 3839 7347 3883 7346 3839 7347 3884 7348 3884 7348 3839 7347 3838 7349 3884 7348 3838 7349 3885 7350 3885 7350 3838 7349 3837 7351 3885 7350 3837 7351 3886 7352 3886 7352 3837 7351 3836 7353 3886 7352 3836 7353 3887 7354 3887 7354 3836 7353 3835 7355 3887 7354 3835 7355 3888 7356 3888 7356 3835 7355 3834 7357 3888 7356 3834 7357 3889 7358 3889 7358 3834 7357 3833 7359 3889 7358 3833 7359 3890 7360 3890 7360 3833 7359 3832 7361 3890 7360 3832 7361 3891 7362 3891 7362 3832 7361 3831 7363 3891 7362 3831 7363 3892 7364 3892 7364 3831 7363 3830 7365 3892 7364 3830 7365 3893 7366 3893 7366 3830 7365 3829 7367 3893 7366 3829 7367 3894 7368 3894 7368 3829 7367 3828 7369 3894 7368 3828 7369 3895 7370 3895 7370 3828 7369 3827 7371 3895 7370 3827 7371 3896 7372 3896 7372 3827 7371 3826 7373 3896 7372 3826 7373 3897 7374 3897 7374 3826 7373 3825 7375 3897 7374 3825 7375 3898 7324 3898 7324 3825 7375 3824 7325 3922 7376 3850 7377 3899 7378 3899 7378 3850 7377 3849 7379 3899 7378 3849 7379 3900 7380 3900 7380 3849 7379 3872 7381 3900 7380 3872 7381 3901 7382 3901 7382 3872 7381 3871 7383 3901 7382 3871 7383 3902 7384 3902 7384 3871 7383 3870 7385 3902 7384 3870 7385 3903 7386 3903 7386 3870 7385 3869 7387 3903 7386 3869 7387 3904 7388 3904 7388 3869 7387 3868 7389 3904 7388 3868 7389 3905 7390 3905 7390 3868 7389 3867 7391 3905 7390 3867 7391 3906 7392 3906 7392 3867 7391 3866 7393 3906 7392 3866 7393 3907 7394 3907 7394 3866 7393 3865 7395 3907 7394 3865 7395 3908 7396 3908 7396 3865 7395 3864 7397 3908 7396 3864 7397 3909 7398 3909 7398 3864 7397 3863 7399 3909 7398 3863 7399 3910 7400 3910 7400 3863 7399 3862 7401 3910 7400 3862 7401 3911 7402 3911 7402 3862 7401 3861 7403 3911 7402 3861 7403 3912 7404 3912 7404 3861 7403 3860 7405 3912 7404 3860 7405 3913 7406 3913 7406 3860 7405 3859 7407 3913 7406 3859 7407 3914 7408 3914 7408 3859 7407 3858 7409 3914 7408 3858 7409 3915 7410 3915 7410 3858 7409 3857 7411 3915 7410 3857 7411 3916 7412 3916 7412 3857 7411 3856 7413 3916 7412 3856 7413 3917 7414 3917 7414 3856 7413 3855 7415 3917 7414 3855 7415 3918 7416 3918 7416 3855 7415 3854 7417 3918 7416 3854 7417 3919 7418 3919 7418 3854 7417 3853 7419 3919 7418 3853 7419 3920 7420 3920 7420 3853 7419 3852 7421 3920 7420 3852 7421 3921 7422 3921 7422 3852 7421 3851 7423 3921 7422 3851 7423 3922 7376 3922 7376 3851 7423 3850 7377</p>
        </triangles>
      </mesh>
    </geometry>
  </library_geometries>
  <library_visual_scenes>
    <visual_scene id="Scene" name="Scene">
      <node id="robot_arm_link-node" name="robot_arm_link" type="NODE">
        <instance_geometry url="#robot_arm_link-mesh">
          <bind_material>
            <technique_common>
              <instance_material symbol="Opaque_202_209_238_" target="#Opaque_202_209_238_"/>
            </technique_common>
          </bind_material>
        </instance_geometry>
      </node>
    </visual_scene>
  </library_visual_scenes>
  <scene>
    <instance_visual_scene url="#Scene"/>
  </scene>
</COLLADA>
