<?xml version="1.0" encoding="utf-8"?>
<COLLADA xmlns="http://www.collada.org/2005/11/COLLADASchema" version="1.4.1">
  <asset>
    <contributor>
      <authoring_tool>Fusion URDF/XACRO Exporter</authoring_tool>
    </contributor>
    <created>2026-08-06T06:33:28Z</created>
    <modified>2026-08-06T06:33:28Z</modified>
    <unit name="meter" meter="1.0"/>
    <up_axis>Z_UP</up_axis>
  </asset>
  <library_effects>
    <effect id="Opaque_202_209_238_-effect">
      <profile_COMMON>
        <technique sid="common">
          <lambert>
            <emission><color>0 0 0 1</color></emission>
            <ambient><color>0.0000 0.0000 0.0000 1</color></ambient>
            <diffuse><color>0.7922 0.8196 0.9333 1</color></diffuse>
            <reflective><color>0 0 0 1</color></reflective>
            <transparent opaque="A_ONE"><color>1 1 1 1</color></transparent>
            <transparency><float>1</float></transparency>
          </lambert>
        </technique>
      </profile_COMMON>
    </effect>
  </library_effects>
  <library_materials>
    <material id="Opaque_202_209_238_" name="Opaque(202,209,238)">
      <instance_effect url="#Opaque_202_209_238_-effect"/>
    </material>
  </library_materials>
  <library_geometries>
    <geometry id="servo_left_gear-mesh" name="servo_left_gear">
      <mesh>
        <source id="servo_left_gear-mesh-positions">
          <float_array id="servo_left_gear-mesh-positions-array" count="5820">0.021911 0.046900 0.041669 0.021911 0.050100 0.041669 0.022161 0.050100 0.041799 0.022161 0.046900 0.041799 0.022544 0.046900 0.041346 0.022544 0.050100 0.041346 0.022819 0.050100 0.041410 0.022819 0.046900 0.041410 0.021217 0.046900 0.041824 0.021217 0.050100 0.041824 0.021427 0.050100 0.042012 0.021427 0.046900 0.042012 0.023078 0.046900 0.040876 0.023078 0.050100 0.040876 0.023360 0.050100 0.040869 0.023360 0.046900 0.040869 0.020506 0.046900 0.041802 0.020506 0.050100 0.041802 0.020663 0.050100 0.042036 0.020663 0.046900 0.042036 0.023477 0.046900 0.040288 0.023477 0.050100 0.040288 0.023749 0.050100 0.040211 0.023749 0.046900 0.040211 0.019824 0.046900 0.041603 0.019824 0.050100 0.041603 0.019917 0.050100 0.041870 0.019917 0.046900 0.041870 0.023718 0.046900 0.039619 0.023718 0.050100 0.039619 0.023962 0.050100 0.039477 0.023962 0.046900 0.039477 0.019212 0.046900 0.041241 0.019212 0.050100 0.041241 0.019236 0.050100 0.041523 0.019236 0.046900 0.041523 0.023785 0.046900 0.038911 0.023785 0.050100 0.038911 0.023986 0.050100 0.038713 0.023986 0.046900 0.038713 0.018709 0.046900 0.040739 0.018709 0.050100 0.040739 0.018662 0.050100 0.041017 0.018662 0.046900 0.041017 0.023674 0.046900 0.038209 0.023674 0.050100 0.038209 0.023820 0.050100 0.037967 0.023820 0.046900 0.037967 0.018347 0.046900 0.040127 0.018347 0.050100 0.040127 0.018232 0.050100 0.040385 0.018232 0.046900 0.040385 0.023391 0.046900 0.037556 0.023391 0.050100 0.037556 0.023473 0.050100 0.037286 0.023473 0.046900 0.037286 0.018149 0.046900 0.039444 0.018149 0.050100 0.039444 0.017973 0.050100 0.039665 0.017973 0.046900 0.039665 0.022956 0.046900 0.036994 0.022956 0.050100 0.036994 0.022967 0.050100 0.036712 0.022967 0.046900 0.036712 0.018126 0.046900 0.038733 0.018126 0.050100 0.038733 0.017902 0.050100 0.038904 0.017902 0.046900 0.038904 0.022394 0.046900 0.036559 0.022394 0.050100 0.036559 0.022335 0.050100 0.036282 0.022335 0.046900 0.036282 0.018281 0.046900 0.038039 0.018281 0.050100 0.038039 0.018021 0.050100 0.038149 0.018021 0.046900 0.038149 0.021741 0.046900 0.036276 0.021741 0.050100 0.036276 0.021615 0.050100 0.036023 0.021615 0.046900 0.036023 0.018604 0.046900 0.037406 0.018604 0.050100 0.037406 0.018325 0.050100 0.037447 0.018325 0.046900 0.037447 0.021039 0.046900 0.036165 0.021039 0.050100 0.036165 0.020854 0.050100 0.035951 0.020854 0.046900 0.035951 0.019074 0.046900 0.036872 0.019074 0.050100 0.036872 0.018793 0.050100 0.036843 0.018793 0.046900 0.036843 0.020331 0.046900 0.036232 0.020331 0.050100 0.036232 0.020099 0.050100 0.036071 0.020099 0.046900 0.036071 0.020197 0.050100 0.036407 0.019989 0.050100 0.036331 0.019576 0.050100 0.036676 0.019356 0.050100 0.036654 0.019397 0.050100 0.036375 0.019662 0.050100 0.036473 0.020865 0.050100 0.036301 0.020683 0.050100 0.036176 0.019041 0.050100 0.037091 0.018822 0.050100 0.037124 0.021539 0.050100 0.036365 0.021394 0.050100 0.036199 0.018626 0.050100 0.037626 0.018423 0.050100 0.037712 0.022176 0.050100 0.036594 0.022077 0.050100 0.036397 0.018357 0.050100 0.038247 0.018182 0.050100 0.038381 0.022736 0.050100 0.036975 0.022689 0.050100 0.036759 0.018251 0.050100 0.038915 0.018115 0.050100 0.039089 0.023183 0.050100 0.037482 0.023191 0.050100 0.037262 0.018315 0.050100 0.039589 0.018226 0.050100 0.039791 0.023490 0.050100 0.038085 0.023553 0.050100 0.037874 0.018544 0.050100 0.040226 0.018509 0.050100 0.040444 0.023638 0.050100 0.038746 0.023752 0.050100 0.038556 0.018925 0.050100 0.040786 0.018944 0.050100 0.041006 0.023617 0.050100 0.039422 0.023774 0.050100 0.039267 0.019432 0.050100 0.041233 0.019506 0.050100 0.041441 0.023428 0.050100 0.040072 0.023619 0.050100 0.039961 0.020035 0.050100 0.041540 0.020159 0.050100 0.041724 0.023083 0.050100 0.040655 0.023296 0.050100 0.040594 0.020696 0.050100 0.041688 0.020861 0.050100 0.041835 0.022605 0.050100 0.041133 0.022826 0.050100 0.041128 0.021372 0.050100 0.041667 0.021569 0.050100 0.041768 0.022022 0.050100 0.041478 0.022238 0.050100 0.041527 0.019989 0.046900 0.036331 0.018925 0.050200 0.046159 0.018903 0.050200 0.046506 0.018912 0.050200 0.046853 0.018952 0.050200 0.047199 0.019022 0.050200 0.047539 0.019122 0.050200 0.047872 0.019251 0.050200 0.048194 0.019251 0.053600 0.048194 0.019122 0.053600 0.047872 0.019022 0.053600 0.047539 0.018952 0.053600 0.047199 0.018912 0.053600 0.046853 0.018903 0.053600 0.046506 0.018925 0.053600 0.046159 0.016493 0.050200 0.030781 0.016470 0.050200 0.031128 0.016477 0.050200 0.031475 0.016516 0.050200 0.031820 0.016585 0.050200 0.032161 0.016684 0.050200 0.032494 0.016812 0.050200 0.032817 0.016812 0.053600 0.032817 0.016684 0.053600 0.032494 0.016585 0.053600 0.032161 0.016516 0.053600 0.031820 0.016477 0.053600 0.031475 0.016470 0.053600 0.031128 0.016493 0.053600 0.030781 0.011681 0.050200 0.040225 0.011703 0.050200 0.040384 0.011728 0.050200 0.040542 0.011756 0.050200 0.040699 0.011756 0.053600 0.040699 0.011728 0.053600 0.040542 0.011703 0.053600 0.040384 0.011681 0.053600 0.040225 0.016604 0.051400 0.039688 0.016560 0.051400 0.039290 0.016551 0.051400 0.038890 0.016580 0.051400 0.038490 0.016644 0.051400 0.038095 0.016744 0.051400 0.037707 0.016879 0.051400 0.037330 0.017048 0.051400 0.036967 0.017249 0.051400 0.036620 0.017481 0.051400 0.036294 0.017741 0.051400 0.035989 0.018028 0.051400 0.035710 0.018339 0.051400 0.035458 0.018672 0.051400 0.035235 0.019024 0.051400 0.035044 0.019392 0.051400 0.034885 0.019773 0.051400 0.034760 0.020163 0.051400 0.034671 0.020560 0.051400 0.034617 0.020960 0.051400 0.034600 0.021360 0.051400 0.034619 0.021757 0.051400 0.034675 0.022147 0.051400 0.034766 0.022527 0.051400 0.034892 0.022894 0.051400 0.035053 0.023245 0.051400 0.035246 0.023577 0.051400 0.035470 0.023887 0.051400 0.035723 0.024173 0.051400 0.036004 0.024432 0.051400 0.036310 0.024662 0.051400 0.036637 0.024861 0.051400 0.036985 0.025028 0.051400 0.037349 0.025162 0.051400 0.037726 0.025260 0.051400 0.038115 0.025323 0.051400 0.038510 0.025349 0.051400 0.038910 0.025339 0.051400 0.039310 0.025293 0.051400 0.039708 0.025210 0.051400 0.040100 0.025093 0.051400 0.040483 0.024941 0.051400 0.040853 0.024755 0.051400 0.041209 0.024539 0.051400 0.041546 0.024293 0.051400 0.041861 0.024018 0.051400 0.042153 0.023719 0.051400 0.042419 0.023397 0.051400 0.042657 0.023054 0.051400 0.042864 0.022694 0.051400 0.043040 0.022319 0.051400 0.043182 0.021933 0.051400 0.043289 0.021539 0.051400 0.043360 0.021140 0.051400 0.043396 0.020740 0.051400 0.043395 0.020341 0.051400 0.043358 0.019947 0.051400 0.043284 0.019562 0.051400 0.043175 0.019188 0.051400 0.043032 0.018829 0.051400 0.042855 0.018487 0.051400 0.042646 0.018165 0.051400 0.042407 0.017867 0.051400 0.042139 0.017594 0.051400 0.041846 0.017350 0.051400 0.041529 0.017134 0.051400 0.041191 0.016951 0.051400 0.040835 0.016801 0.051400 0.040464 0.016685 0.051400 0.040081 0.016604 0.053600 0.039688 0.016685 0.053600 0.040081 0.016801 0.053600 0.040464 0.016951 0.053600 0.040835 0.017134 0.053600 0.041191 0.017350 0.053600 0.041529 0.017594 0.053600 0.041846 0.017867 0.053600 0.042139 0.018165 0.053600 0.042407 0.018487 0.053600 0.042646 0.018829 0.053600 0.042855 0.019188 0.053600 0.043032 0.019562 0.053600 0.043175 0.019947 0.053600 0.043284 0.020341 0.053600 0.043358 0.020740 0.053600 0.043395 0.021140 0.053600 0.043396 0.021539 0.053600 0.043360 0.021933 0.053600 0.043289 0.022319 0.053600 0.043182 0.022694 0.053600 0.043040 0.023054 0.053600 0.042864 0.023397 0.053600 0.042657 0.023719 0.053600 0.042419 0.024018 0.053600 0.042153 0.024293 0.053600 0.041861 0.024539 0.053600 0.041546 0.024755 0.053600 0.041209 0.024941 0.053600 0.040853 0.025093 0.053600 0.040483 0.025210 0.053600 0.040100 0.025293 0.053600 0.039708 0.025339 0.053600 0.039310 0.025349 0.053600 0.038910 0.025323 0.053600 0.038510 0.025260 0.053600 0.038115 0.025162 0.053600 0.037726 0.025028 0.053600 0.037349 0.024861 0.053600 0.036985 0.024662 0.053600 0.036637 0.024432 0.053600 0.036310 0.024173 0.053600 0.036004 0.023887 0.053600 0.035723 0.023577 0.053600 0.035470 0.023245 0.053600 0.035246 0.022894 0.053600 0.035053 0.022527 0.053600 0.034892 0.022147 0.053600 0.034766 0.021757 0.053600 0.034675 0.021360 0.053600 0.034619 0.020960 0.053600 0.034600 0.020560 0.053600 0.034617 0.020163 0.053600 0.034671 0.019773 0.053600 0.034760 0.019392 0.053600 0.034885 0.019024 0.053600 0.035044 0.018672 0.053600 0.035235 0.018339 0.053600 0.035458 0.018028 0.053600 0.035710 0.017741 0.053600 0.035989 0.017481 0.053600 0.036294 0.017249 0.053600 0.036620 0.017048 0.053600 0.036967 0.016879 0.053600 0.037330 0.016744 0.053600 0.037707 0.016644 0.053600 0.038095 0.016580 0.053600 0.038490 0.016551 0.053600 0.038890 0.016560 0.053600 0.039290 0.017592 0.051400 0.039532 0.017664 0.051400 0.039874 0.017772 0.051400 0.040208 0.017913 0.051400 0.040528 0.018086 0.051400 0.040832 0.018289 0.051400 0.041117 0.018521 0.051400 0.041379 0.018779 0.051400 0.041616 0.019059 0.051400 0.041826 0.019360 0.051400 0.042005 0.019677 0.051400 0.042153 0.020008 0.051400 0.042267 0.020349 0.051400 0.042346 0.020696 0.051400 0.042391 0.021046 0.051400 0.042399 0.021395 0.051400 0.042371 0.021739 0.051400 0.042307 0.022075 0.051400 0.042208 0.022399 0.051400 0.042076 0.022708 0.051400 0.041910 0.022998 0.051400 0.041714 0.023266 0.051400 0.041489 0.023510 0.051400 0.041238 0.023726 0.051400 0.040963 0.023913 0.051400 0.040667 0.024069 0.051400 0.040354 0.024192 0.051400 0.040026 0.024280 0.051400 0.039687 0.024333 0.051400 0.039341 0.024350 0.051400 0.038991 0.024331 0.051400 0.038642 0.024276 0.051400 0.038296 0.024186 0.051400 0.037958 0.024062 0.051400 0.037630 0.023905 0.051400 0.037318 0.023716 0.051400 0.037023 0.023498 0.051400 0.036749 0.023253 0.051400 0.036499 0.022984 0.051400 0.036275 0.022693 0.051400 0.036081 0.022383 0.051400 0.035917 0.022059 0.051400 0.035786 0.021722 0.051400 0.035689 0.021378 0.051400 0.035627 0.021029 0.051400 0.035601 0.020679 0.051400 0.035611 0.020332 0.051400 0.035657 0.019991 0.051400 0.035738 0.019661 0.051400 0.035854 0.019344 0.051400 0.036003 0.019045 0.051400 0.036184 0.018765 0.051400 0.036395 0.018509 0.051400 0.036633 0.018279 0.051400 0.036897 0.018076 0.051400 0.037183 0.017905 0.051400 0.037488 0.017765 0.051400 0.037809 0.017660 0.051400 0.038143 0.017589 0.051400 0.038485 0.017554 0.051400 0.038834 0.017555 0.051400 0.039184 0.017592 0.052400 0.039532 0.017555 0.052400 0.039184 0.017554 0.052400 0.038834 0.017589 0.052400 0.038485 0.017660 0.052400 0.038143 0.017765 0.052400 0.037809 0.017905 0.052400 0.037488 0.018076 0.052400 0.037183 0.018279 0.052400 0.036897 0.018509 0.052400 0.036633 0.018765 0.052400 0.036395 0.019045 0.052400 0.036184 0.019344 0.052400 0.036003 0.019661 0.052400 0.035854 0.019991 0.052400 0.035738 0.020332 0.052400 0.035657 0.020679 0.052400 0.035611 0.021029 0.052400 0.035601 0.021378 0.052400 0.035627 0.021722 0.052400 0.035689 0.022059 0.052400 0.035786 0.022383 0.052400 0.035917 0.022693 0.052400 0.036081 0.022984 0.052400 0.036275 0.023253 0.052400 0.036499 0.023498 0.052400 0.036749 0.023716 0.052400 0.037023 0.023905 0.052400 0.037318 0.024062 0.052400 0.037630 0.024186 0.052400 0.037958 0.024276 0.052400 0.038296 0.024331 0.052400 0.038642 0.024350 0.052400 0.038991 0.024333 0.052400 0.039341 0.024280 0.052400 0.039687 0.024192 0.052400 0.040026 0.024069 0.052400 0.040354 0.023913 0.052400 0.040667 0.023726 0.052400 0.040963 0.023510 0.052400 0.041238 0.023266 0.052400 0.041489 0.022998 0.052400 0.041714 0.022708 0.052400 0.041910 0.022399 0.052400 0.042076 0.022075 0.052400 0.042208 0.021739 0.052400 0.042307 0.021395 0.052400 0.042371 0.021046 0.052400 0.042399 0.020696 0.052400 0.042391 0.020349 0.052400 0.042346 0.020008 0.052400 0.042267 0.019677 0.052400 0.042153 0.019360 0.052400 0.042005 0.019059 0.052400 0.041826 0.018779 0.052400 0.041616 0.018521 0.052400 0.041379 0.018289 0.052400 0.041117 0.018086 0.052400 0.040832 0.017913 0.052400 0.040528 0.017772 0.052400 0.040208 0.017664 0.052400 0.039874 0.018234 0.051400 0.039430 0.018203 0.051400 0.039118 0.018207 0.051400 0.038804 0.018247 0.051400 0.038492 0.018323 0.051400 0.038188 0.018432 0.051400 0.037893 0.018575 0.051400 0.037614 0.018749 0.051400 0.037352 0.018951 0.051400 0.037112 0.019179 0.051400 0.036896 0.019430 0.051400 0.036708 0.019702 0.051400 0.036550 0.019989 0.051400 0.036423 0.020289 0.051400 0.036331 0.020598 0.051400 0.036273 0.020911 0.051400 0.036250 0.021224 0.051400 0.036264 0.021535 0.051400 0.036313 0.021837 0.051400 0.036397 0.022128 0.051400 0.036515 0.022404 0.051400 0.036666 0.022660 0.051400 0.036846 0.022895 0.051400 0.037055 0.023104 0.051400 0.037290 0.023284 0.051400 0.037546 0.023435 0.051400 0.037822 0.023553 0.051400 0.038113 0.023637 0.051400 0.038415 0.023686 0.051400 0.038726 0.023700 0.051400 0.039039 0.023677 0.051400 0.039352 0.023619 0.051400 0.039661 0.023527 0.051400 0.039961 0.023400 0.051400 0.040248 0.023242 0.051400 0.040520 0.023054 0.051400 0.040771 0.022838 0.051400 0.040999 0.022598 0.051400 0.041201 0.022336 0.051400 0.041375 0.022057 0.051400 0.041518 0.021762 0.051400 0.041627 0.021458 0.051400 0.041703 0.021146 0.051400 0.041743 0.020832 0.051400 0.041747 0.020520 0.051400 0.041716 0.020213 0.051400 0.041649 0.019916 0.051400 0.041548 0.019632 0.051400 0.041414 0.019366 0.051400 0.041248 0.019120 0.051400 0.041052 0.018898 0.051400 0.040830 0.018702 0.051400 0.040584 0.018536 0.051400 0.040318 0.018402 0.051400 0.040034 0.018301 0.051400 0.039737 0.018234 0.052400 0.039430 0.018301 0.052400 0.039737 0.018402 0.052400 0.040034 0.018536 0.052400 0.040318 0.018702 0.052400 0.040584 0.018898 0.052400 0.040830 0.019120 0.052400 0.041052 0.019366 0.052400 0.041248 0.019632 0.052400 0.041414 0.019916 0.052400 0.041548 0.020213 0.052400 0.041649 0.020520 0.052400 0.041716 0.020832 0.052400 0.041747 0.021146 0.052400 0.041743 0.021458 0.052400 0.041703 0.021762 0.052400 0.041627 0.022057 0.052400 0.041518 0.022336 0.052400 0.041375 0.022598 0.052400 0.041201 0.022838 0.052400 0.040999 0.023054 0.052400 0.040771 0.023242 0.052400 0.040520 0.023400 0.052400 0.040248 0.023527 0.052400 0.039961 0.023619 0.052400 0.039661 0.023677 0.052400 0.039352 0.023700 0.052400 0.039039 0.023686 0.052400 0.038726 0.023637 0.052400 0.038415 0.023553 0.052400 0.038113 0.023435 0.052400 0.037822 0.023284 0.052400 0.037546 0.023104 0.052400 0.037290 0.022895 0.052400 0.037055 0.022660 0.052400 0.036846 0.022404 0.052400 0.036666 0.022128 0.052400 0.036515 0.021837 0.052400 0.036397 0.021535 0.052400 0.036313 0.021224 0.052400 0.036264 0.020911 0.052400 0.036250 0.020598 0.052400 0.036273 0.020289 0.052400 0.036331 0.019989 0.052400 0.036423 0.019702 0.052400 0.036550 0.019430 0.052400 0.036708 0.019179 0.052400 0.036896 0.018951 0.052400 0.037112 0.018749 0.052400 0.037352 0.018575 0.052400 0.037614 0.018432 0.052400 0.037893 0.018323 0.052400 0.038188 0.018247 0.052400 0.038492 0.018207 0.052400 0.038804 0.018203 0.052400 0.039118 0.016604 0.046900 0.039688 0.016685 0.046900 0.040081 0.016801 0.046900 0.040464 0.016951 0.046900 0.040835 0.017134 0.046900 0.041191 0.017350 0.046900 0.041529 0.017594 0.046900 0.041846 0.017867 0.046900 0.042139 0.018165 0.046900 0.042407 0.018487 0.046900 0.042646 0.018829 0.046900 0.042855 0.019188 0.046900 0.043032 0.019562 0.046900 0.043175 0.019947 0.046900 0.043284 0.020341 0.046900 0.043358 0.020740 0.046900 0.043395 0.021140 0.046900 0.043396 0.021539 0.046900 0.043360 0.021933 0.046900 0.043289 0.022319 0.046900 0.043182 0.022694 0.046900 0.043040 0.023054 0.046900 0.042864 0.023397 0.046900 0.042657 0.023719 0.046900 0.042419 0.024018 0.046900 0.042153 0.024293 0.046900 0.041861 0.024539 0.046900 0.041546 0.024755 0.046900 0.041209 0.024941 0.046900 0.040853 0.025093 0.046900 0.040483 0.025210 0.046900 0.040100 0.025293 0.046900 0.039708 0.025339 0.046900 0.039310 0.025349 0.046900 0.038910 0.025323 0.046900 0.038510 0.025260 0.046900 0.038115 0.025162 0.046900 0.037726 0.025028 0.046900 0.037349 0.024861 0.046900 0.036985 0.024662 0.046900 0.036637 0.024432 0.046900 0.036310 0.024173 0.046900 0.036004 0.023887 0.046900 0.035723 0.023577 0.046900 0.035470 0.023245 0.046900 0.035246 0.022894 0.046900 0.035053 0.022527 0.046900 0.034892 0.022147 0.046900 0.034766 0.021757 0.046900 0.034675 0.021360 0.046900 0.034619 0.020960 0.046900 0.034600 0.020560 0.046900 0.034617 0.020163 0.046900 0.034671 0.019773 0.046900 0.034760 0.019392 0.046900 0.034885 0.019024 0.046900 0.035044 0.018672 0.046900 0.035235 0.018339 0.046900 0.035458 0.018028 0.046900 0.035710 0.017741 0.046900 0.035989 0.017481 0.046900 0.036294 0.017249 0.046900 0.036620 0.017048 0.046900 0.036967 0.016879 0.046900 0.037330 0.016744 0.046900 0.037707 0.016644 0.046900 0.038095 0.016580 0.046900 0.038490 0.016551 0.046900 0.038890 0.016560 0.046900 0.039290 0.016604 0.050100 0.039688 0.016560 0.050100 0.039290 0.016551 0.050100 0.038890 0.016580 0.050100 0.038490 0.016644 0.050100 0.038095 0.016744 0.050100 0.037707 0.016879 0.050100 0.037330 0.017048 0.050100 0.036967 0.017249 0.050100 0.036620 0.017481 0.050100 0.036294 0.017741 0.050100 0.035989 0.018028 0.050100 0.035710 0.018339 0.050100 0.035458 0.018672 0.050100 0.035235 0.019024 0.050100 0.035044 0.019392 0.050100 0.034885 0.019773 0.050100 0.034760 0.020163 0.050100 0.034671 0.020560 0.050100 0.034617 0.020960 0.050100 0.034600 0.021360 0.050100 0.034619 0.021757 0.050100 0.034675 0.022147 0.050100 0.034766 0.022527 0.050100 0.034892 0.022894 0.050100 0.035053 0.023245 0.050100 0.035246 0.023577 0.050100 0.035470 0.023887 0.050100 0.035723 0.024173 0.050100 0.036004 0.024432 0.050100 0.036310 0.024662 0.050100 0.036637 0.024861 0.050100 0.036985 0.025028 0.050100 0.037349 0.025162 0.050100 0.037726 0.025260 0.050100 0.038115 0.025323 0.050100 0.038510 0.025349 0.050100 0.038910 0.025339 0.050100 0.039310 0.025293 0.050100 0.039708 0.025210 0.050100 0.040100 0.025093 0.050100 0.040483 0.024941 0.050100 0.040853 0.024755 0.050100 0.041209 0.024539 0.050100 0.041546 0.024293 0.050100 0.041861 0.024018 0.050100 0.042153 0.023719 0.050100 0.042419 0.023397 0.050100 0.042657 0.023054 0.050100 0.042864 0.022694 0.050100 0.043040 0.022319 0.050100 0.043182 0.021933 0.050100 0.043289 0.021539 0.050100 0.043360 0.021140 0.050100 0.043396 0.020740 0.050100 0.043395 0.020341 0.050100 0.043358 0.019947 0.050100 0.043284 0.019562 0.050100 0.043175 0.019188 0.050100 0.043032 0.018829 0.050100 0.042855 0.018487 0.050100 0.042646 0.018165 0.050100 0.042407 0.017867 0.050100 0.042139 0.017594 0.050100 0.041846 0.017350 0.050100 0.041529 0.017134 0.050100 0.041191 0.016951 0.050100 0.040835 0.016801 0.050100 0.040464 0.016685 0.050100 0.040081 0.019468 0.050100 0.039235 0.019450 0.050100 0.039006 0.019467 0.050100 0.038777 0.019518 0.050100 0.038553 0.019603 0.050100 0.038340 0.019720 0.050100 0.038142 0.019865 0.050100 0.037964 0.020036 0.050100 0.037811 0.020228 0.050100 0.037685 0.020438 0.050100 0.037590 0.020659 0.050100 0.037529 0.020887 0.050100 0.037501 0.021116 0.050100 0.037509 0.021342 0.050100 0.037552 0.021558 0.050100 0.037629 0.021761 0.050100 0.037738 0.021944 0.050100 0.037876 0.022104 0.050100 0.038041 0.022236 0.050100 0.038229 0.022339 0.050100 0.038434 0.022409 0.050100 0.038653 0.022445 0.050100 0.038879 0.022446 0.050100 0.039109 0.022412 0.050100 0.039336 0.022343 0.050100 0.039555 0.022242 0.050100 0.039762 0.022111 0.050100 0.039950 0.021952 0.050100 0.040116 0.021770 0.050100 0.040256 0.021569 0.050100 0.040366 0.021353 0.050100 0.040445 0.021128 0.050100 0.040489 0.020898 0.050100 0.040499 0.020670 0.050100 0.040474 0.020448 0.050100 0.040414 0.020238 0.050100 0.040321 0.020045 0.050100 0.040196 0.019873 0.050100 0.040044 0.019726 0.050100 0.039868 0.019608 0.050100 0.039671 0.019522 0.050100 0.039458 0.019468 0.051400 0.039235 0.019522 0.051400 0.039458 0.019608 0.051400 0.039671 0.019726 0.051400 0.039868 0.019873 0.051400 0.040044 0.020045 0.051400 0.040196 0.020238 0.051400 0.040321 0.020448 0.051400 0.040414 0.020670 0.051400 0.040474 0.020898 0.051400 0.040499 0.021128 0.051400 0.040489 0.021353 0.051400 0.040445 0.021569 0.051400 0.040366 0.021770 0.051400 0.040256 0.021952 0.051400 0.040116 0.022111 0.051400 0.039950 0.022242 0.051400 0.039762 0.022343 0.051400 0.039555 0.022412 0.051400 0.039336 0.022446 0.051400 0.039109 0.022445 0.051400 0.038879 0.022409 0.051400 0.038653 0.022339 0.051400 0.038434 0.022236 0.051400 0.038229 0.022104 0.051400 0.038041 0.021944 0.051400 0.037876 0.021761 0.051400 0.037738 0.021558 0.051400 0.037629 0.021342 0.051400 0.037552 0.021116 0.051400 0.037509 0.020887 0.051400 0.037501 0.020659 0.051400 0.037529 0.020438 0.051400 0.037590 0.020228 0.051400 0.037685 0.020036 0.051400 0.037811 0.019865 0.051400 0.037964 0.019720 0.051400 0.038142 0.019603 0.051400 0.038340 0.019518 0.051400 0.038553 0.019467 0.051400 0.038777 0.019450 0.051400 0.039006 0.015024 0.050100 0.039939 0.015114 0.050100 0.040395 0.015240 0.050100 0.040843 0.015400 0.050100 0.041280 0.015593 0.050100 0.041703 0.015819 0.050100 0.042110 0.016075 0.050100 0.042498 0.016361 0.050100 0.042866 0.016675 0.050100 0.043210 0.017014 0.050100 0.043528 0.017376 0.050100 0.043820 0.017761 0.050100 0.044082 0.018164 0.050100 0.044314 0.018584 0.050100 0.044514 0.019019 0.050100 0.044681 0.019465 0.050100 0.044813 0.019920 0.050100 0.044911 0.020381 0.050100 0.044973 0.020845 0.050100 0.044999 0.021310 0.050100 0.044989 0.021774 0.050100 0.044943 0.022232 0.050100 0.044862 0.022682 0.050100 0.044745 0.023122 0.050100 0.044593 0.023549 0.050100 0.044408 0.023960 0.050100 0.044190 0.024353 0.050100 0.043941 0.024726 0.050100 0.043663 0.025076 0.050100 0.043356 0.025401 0.050100 0.043023 0.025699 0.050100 0.042666 0.025969 0.050100 0.042287 0.026209 0.050100 0.041888 0.026417 0.050100 0.041472 0.026592 0.050100 0.041041 0.026733 0.050100 0.040598 0.026840 0.050100 0.040145 0.026911 0.050100 0.039685 0.026946 0.050100 0.039221 0.026945 0.050100 0.038756 0.026908 0.050100 0.038292 0.026835 0.050100 0.037832 0.026727 0.050100 0.037380 0.026584 0.050100 0.036937 0.026407 0.050100 0.036507 0.026198 0.050100 0.036091 0.025957 0.050100 0.035693 0.025685 0.050100 0.035315 0.025385 0.050100 0.034959 0.025059 0.050100 0.034628 0.024708 0.050100 0.034323 0.024334 0.050100 0.034045 0.023940 0.050100 0.033798 0.023528 0.050100 0.033582 0.023100 0.050100 0.033399 0.022660 0.050100 0.033249 0.022209 0.050100 0.033134 0.021750 0.050100 0.033054 0.021287 0.050100 0.033009 0.020822 0.050100 0.033001 0.020358 0.050100 0.033029 0.019897 0.050100 0.033093 0.019442 0.050100 0.033193 0.018997 0.050100 0.033327 0.018563 0.050100 0.033495 0.018143 0.050100 0.033697 0.017741 0.050100 0.033930 0.017358 0.050100 0.034194 0.016996 0.050100 0.034487 0.016658 0.050100 0.034807 0.016346 0.050100 0.035152 0.016062 0.050100 0.035521 0.015807 0.050100 0.035910 0.015583 0.050100 0.036318 0.015391 0.050100 0.036742 0.015233 0.050100 0.037179 0.015109 0.050100 0.037628 0.015020 0.050100 0.038084 0.014967 0.050100 0.038547 0.014950 0.050100 0.039012 0.014969 0.050100 0.039477 0.015024 0.050200 0.039939 0.014969 0.050200 0.039477 0.014950 0.050200 0.039012 0.014967 0.050200 0.038547 0.015020 0.050200 0.038084 0.015109 0.050200 0.037628 0.015233 0.050200 0.037179 0.015391 0.050200 0.036742 0.015583 0.050200 0.036318 0.015807 0.050200 0.035910 0.016062 0.050200 0.035521 0.016346 0.050200 0.035152 0.016658 0.050200 0.034807 0.016996 0.050200 0.034487 0.017358 0.050200 0.034194 0.017741 0.050200 0.033930 0.018143 0.050200 0.033697 0.018563 0.050200 0.033495 0.018997 0.050200 0.033327 0.019442 0.050200 0.033193 0.019897 0.050200 0.033093 0.020358 0.050200 0.033029 0.020822 0.050200 0.033001 0.021287 0.050200 0.033009 0.021750 0.050200 0.033054 0.022209 0.050200 0.033134 0.022660 0.050200 0.033249 0.023100 0.050200 0.033399 0.023528 0.050200 0.033582 0.023940 0.050200 0.033798 0.024334 0.050200 0.034045 0.024708 0.050200 0.034323 0.025059 0.050200 0.034628 0.025385 0.050200 0.034959 0.025685 0.050200 0.035315 0.025957 0.050200 0.035693 0.026198 0.050200 0.036091 0.026407 0.050200 0.036507 0.026584 0.050200 0.036937 0.026727 0.050200 0.037380 0.026835 0.050200 0.037832 0.026908 0.050200 0.038292 0.026945 0.050200 0.038756 0.026946 0.050200 0.039221 0.026911 0.050200 0.039685 0.026840 0.050200 0.040145 0.026733 0.050200 0.040598 0.026592 0.050200 0.041041 0.026417 0.050200 0.041472 0.026209 0.050200 0.041888 0.025969 0.050200 0.042287 0.025699 0.050200 0.042666 0.025401 0.050200 0.043023 0.025076 0.050200 0.043356 0.024726 0.050200 0.043663 0.024353 0.050200 0.043941 0.023960 0.050200 0.044190 0.023549 0.050200 0.044408 0.023122 0.050200 0.044593 0.022682 0.050200 0.044745 0.022232 0.050200 0.044862 0.021774 0.050200 0.044943 0.021310 0.050200 0.044989 0.020845 0.050200 0.044999 0.020381 0.050200 0.044973 0.019920 0.050200 0.044911 0.019465 0.050200 0.044813 0.019019 0.050200 0.044681 0.018584 0.050200 0.044514 0.018164 0.050200 0.044314 0.017761 0.050200 0.044082 0.017376 0.050200 0.043820 0.017014 0.050200 0.043528 0.016675 0.050200 0.043210 0.016361 0.050200 0.042866 0.016075 0.050200 0.042498 0.015819 0.050200 0.042110 0.015593 0.050200 0.041703 0.015400 0.050200 0.041280 0.015240 0.050200 0.040843 0.015114 0.050200 0.040395 0.022238 0.046900 0.041527 0.022477 0.046900 0.041582 0.022826 0.046900 0.041128 0.023071 0.046900 0.041121 0.023296 0.046900 0.040594 0.023532 0.046900 0.040527 0.023619 0.046900 0.039961 0.023831 0.046900 0.039837 0.023774 0.046900 0.039267 0.023949 0.046900 0.039094 0.023752 0.046900 0.038556 0.023878 0.046900 0.038346 0.023553 0.046900 0.037874 0.023623 0.046900 0.037638 0.023191 0.046900 0.037262 0.023200 0.046900 0.037016 0.022689 0.046900 0.036759 0.022636 0.046900 0.036519 0.022077 0.046900 0.036397 0.021966 0.046900 0.036177 0.021394 0.046900 0.036199 0.021232 0.046900 0.036013 0.020683 0.046900 0.036176 0.020481 0.046900 0.036037 0.019759 0.046900 0.036247 0.019662 0.046900 0.036473 0.019397 0.046900 0.036375 0.019356 0.046900 0.036654 0.019111 0.046900 0.036630 0.018822 0.046900 0.037124 0.018580 0.046900 0.037161 0.018423 0.046900 0.037712 0.018197 0.046900 0.037809 0.018182 0.046900 0.038381 0.017987 0.046900 0.038531 0.018115 0.046900 0.039089 0.017963 0.046900 0.039282 0.018226 0.046900 0.039791 0.018127 0.046900 0.040016 0.018509 0.046900 0.040444 0.018469 0.046900 0.040686 0.018944 0.046900 0.041006 0.018966 0.046900 0.041250 0.019506 0.046900 0.041441 0.019588 0.046900 0.041673 0.020159 0.046900 0.041724 0.020296 0.046900 0.041928 0.020861 0.046900 0.041835 0.021044 0.046900 0.041999 0.021569 0.046900 0.041768 0.021787 0.046900 0.041881 0.013968 0.050200 0.041570 0.013968 0.053600 0.041570 0.013904 0.053600 0.041390 0.013845 0.053600 0.041208 0.013791 0.053600 0.041025 0.013791 0.050200 0.041025 0.013845 0.050200 0.041208 0.013904 0.050200 0.041390 0.013444 0.053600 0.041047 0.013097 0.053600 0.041038 0.012751 0.053600 0.040998 0.012411 0.053600 0.040928 0.012078 0.053600 0.040828 0.012078 0.050200 0.040828 0.012411 0.050200 0.040928 0.012751 0.050200 0.040998 0.013097 0.050200 0.041038 0.013444 0.050200 0.041047 0.011948 0.053600 0.040003 0.012233 0.053600 0.039805 0.012535 0.053600 0.039633 0.012851 0.053600 0.039489 0.013179 0.053600 0.039373 0.013516 0.053600 0.039287 0.013516 0.050200 0.039287 0.013179 0.050200 0.039373 0.012851 0.050200 0.039489 0.012535 0.050200 0.039633 0.012233 0.050200 0.039805 0.011948 0.050200 0.040003 0.013511 0.053600 0.039096 0.013511 0.053600 0.038904 0.013516 0.053600 0.038713 0.013516 0.050200 0.038713 0.013511 0.050200 0.038904 0.013511 0.050200 0.039096 0.013179 0.053600 0.038627 0.012851 0.053600 0.038511 0.012535 0.053600 0.038367 0.012233 0.053600 0.038195 0.011948 0.053600 0.037997 0.011681 0.053600 0.037775 0.011681 0.050200 0.037775 0.011948 0.050200 0.037997 0.012233 0.050200 0.038195 0.012535 0.050200 0.038367 0.012851 0.050200 0.038511 0.013179 0.050200 0.038627 0.011703 0.053600 0.037616 0.011728 0.053600 0.037458 0.011756 0.053600 0.037301 0.011756 0.050200 0.037301 0.011728 0.050200 0.037458 0.011703 0.050200 0.037616 0.012078 0.053600 0.037172 0.012411 0.053600 0.037072 0.012751 0.053600 0.037002 0.013097 0.053600 0.036962 0.013444 0.053600 0.036953 0.013791 0.053600 0.036975 0.013791 0.050200 0.036975 0.013444 0.050200 0.036953 0.013097 0.050200 0.036962 0.012751 0.050200 0.037002 0.012411 0.050200 0.037072 0.012078 0.050200 0.037172 0.013845 0.053600 0.036792 0.013904 0.053600 0.036610 0.013968 0.053600 0.036430 0.013968 0.050200 0.036430 0.013904 0.050200 0.036610 0.013845 0.050200 0.036792 0.013674 0.053600 0.036244 0.013399 0.053600 0.036033 0.013143 0.053600 0.035798 0.012908 0.053600 0.035541 0.012698 0.053600 0.035265 0.012513 0.053600 0.034970 0.012513 0.050200 0.034970 0.012698 0.050200 0.035265 0.012908 0.050200 0.035541 0.013143 0.050200 0.035798 0.013399 0.050200 0.036033 0.013674 0.050200 0.036244 0.012583 0.053600 0.034827 0.012656 0.053600 0.034684 0.012731 0.053600 0.034543 0.012731 0.050200 0.034543 0.012656 0.050200 0.034684 0.012583 0.050200 0.034827 0.013078 0.053600 0.034520 0.013425 0.053600 0.034527 0.013770 0.053600 0.034566 0.014111 0.053600 0.034635 0.014444 0.053600 0.034734 0.014767 0.053600 0.034862 0.014767 0.050200 0.034862 0.014444 0.050200 0.034734 0.014111 0.050200 0.034635 0.013770 0.050200 0.034566 0.013425 0.050200 0.034527 0.013078 0.050200 0.034520 0.014875 0.053600 0.034705 0.014988 0.053600 0.034550 0.015104 0.053600 0.034398 0.015104 0.050200 0.034398 0.014988 0.050200 0.034550 0.014875 0.050200 0.034705 0.014882 0.053600 0.034131 0.014685 0.053600 0.033844 0.014514 0.053600 0.033542 0.014371 0.053600 0.033225 0.014256 0.053600 0.032897 0.014171 0.053600 0.032560 0.014171 0.050200 0.032560 0.014256 0.050200 0.032897 0.014371 0.050200 0.033225 0.014514 0.050200 0.033542 0.014685 0.050200 0.033844 0.014882 0.050200 0.034131 0.014282 0.053600 0.032445 0.014395 0.053600 0.032332 0.014510 0.053600 0.032221 0.014510 0.050200 0.032221 0.014395 0.050200 0.032332 0.014282 0.050200 0.032445 0.014847 0.053600 0.032306 0.015175 0.053600 0.032421 0.015492 0.053600 0.032564 0.015794 0.053600 0.032735 0.016081 0.053600 0.032932 0.016348 0.053600 0.033154 0.016348 0.050200 0.033154 0.016081 0.050200 0.032932 0.015794 0.050200 0.032735 0.015492 0.050200 0.032564 0.015175 0.050200 0.032421 0.014847 0.050200 0.032306 0.016500 0.053600 0.033038 0.016655 0.053600 0.032925 0.016655 0.050200 0.032925 0.016500 0.050200 0.033038 0.016634 0.053600 0.030706 0.016777 0.053600 0.030633 0.016920 0.053600 0.030563 0.016920 0.050200 0.030563 0.016777 0.050200 0.030633 0.016634 0.050200 0.030706 0.017215 0.053600 0.030748 0.017491 0.053600 0.030958 0.017748 0.053600 0.031193 0.017983 0.053600 0.031449 0.018194 0.053600 0.031724 0.018380 0.053600 0.032018 0.018380 0.050200 0.032018 0.018194 0.050200 0.031724 0.017983 0.050200 0.031449 0.017748 0.050200 0.031193 0.017491 0.050200 0.030958 0.017215 0.050200 0.030748 0.018560 0.053600 0.031954 0.018742 0.053600 0.031895 0.018925 0.053600 0.031841 0.018925 0.050200 0.031841 0.018742 0.050200 0.031895 0.018560 0.050200 0.031954 0.018903 0.053600 0.031494 0.018912 0.053600 0.031147 0.018952 0.053600 0.030801 0.019022 0.053600 0.030461 0.019122 0.053600 0.030128 0.019251 0.053600 0.029806 0.019251 0.050200 0.029806 0.019122 0.050200 0.030128 0.019022 0.050200 0.030461 0.018952 0.050200 0.030801 0.018912 0.050200 0.031147 0.018903 0.050200 0.031494 0.019408 0.053600 0.029778 0.019566 0.053600 0.029753 0.019725 0.053600 0.029731 0.019725 0.050200 0.029731 0.019566 0.050200 0.029753 0.019408 0.050200 0.029778 0.019947 0.053600 0.029998 0.020145 0.053600 0.030283 0.020317 0.053600 0.030585 0.020461 0.053600 0.030901 0.020577 0.053600 0.031229 0.020663 0.053600 0.031566 0.020663 0.050200 0.031566 0.020577 0.050200 0.031229 0.020461 0.050200 0.030901 0.020317 0.050200 0.030585 0.020145 0.050200 0.030283 0.019947 0.050200 0.029998 0.020854 0.053600 0.031561 0.021046 0.053600 0.031561 0.021237 0.053600 0.031566 0.021237 0.050200 0.031566 0.021046 0.050200 0.031561 0.020854 0.050200 0.031561 0.021323 0.053600 0.031229 0.021439 0.053600 0.030901 0.021583 0.053600 0.030585 0.021755 0.053600 0.030283 0.021953 0.053600 0.029998 0.022175 0.053600 0.029731 0.022175 0.050200 0.029731 0.021953 0.050200 0.029998 0.021755 0.050200 0.030283 0.021583 0.050200 0.030585 0.021439 0.050200 0.030901 0.021323 0.050200 0.031229 0.022334 0.053600 0.029753 0.022492 0.053600 0.029778 0.022649 0.053600 0.029806 0.022649 0.050200 0.029806 0.022492 0.050200 0.029778 0.022334 0.050200 0.029753 0.022778 0.053600 0.030128 0.022878 0.053600 0.030461 0.022948 0.053600 0.030801 0.022988 0.053600 0.031147 0.022997 0.053600 0.031494 0.022975 0.053600 0.031841 0.022975 0.050200 0.031841 0.022997 0.050200 0.031494 0.022988 0.050200 0.031147 0.022948 0.050200 0.030801 0.022878 0.050200 0.030461 0.022778 0.050200 0.030128 0.023158 0.053600 0.031895 0.023340 0.053600 0.031954 0.023520 0.053600 0.032018 0.023520 0.050200 0.032018 0.023340 0.050200 0.031954 0.023158 0.050200 0.031895 0.023706 0.053600 0.031724 0.023917 0.053600 0.031449 0.024152 0.053600 0.031193 0.024409 0.053600 0.030958 0.024685 0.053600 0.030748 0.024980 0.053600 0.030563 0.024980 0.050200 0.030563 0.024685 0.050200 0.030748 0.024409 0.050200 0.030958 0.024152 0.050200 0.031193 0.023917 0.050200 0.031449 0.023706 0.050200 0.031724 0.025123 0.053600 0.030633 0.025266 0.053600 0.030706 0.025407 0.053600 0.030781 0.025407 0.050200 0.030781 0.025266 0.050200 0.030706 0.025123 0.050200 0.030633 0.025430 0.053600 0.031128 0.025423 0.053600 0.031475 0.025384 0.053600 0.031820 0.025315 0.053600 0.032161 0.025216 0.053600 0.032494 0.025088 0.053600 0.032817 0.025088 0.050200 0.032817 0.025216 0.050200 0.032494 0.025315 0.050200 0.032161 0.025384 0.050200 0.031820 0.025423 0.050200 0.031475 0.025430 0.050200 0.031128 0.025245 0.053600 0.032925 0.025400 0.053600 0.033038 0.025552 0.053600 0.033154 0.025552 0.050200 0.033154 0.025400 0.050200 0.033038 0.025245 0.050200 0.032925 0.025819 0.053600 0.032932 0.026106 0.053600 0.032735 0.026408 0.053600 0.032564 0.026725 0.053600 0.032421 0.027053 0.053600 0.032306 0.027390 0.053600 0.032221 0.027390 0.050200 0.032221 0.027053 0.050200 0.032306 0.026725 0.050200 0.032421 0.026408 0.050200 0.032564 0.026106 0.050200 0.032735 0.025819 0.050200 0.032932 0.027505 0.053600 0.032332 0.027618 0.053600 0.032445 0.027729 0.053600 0.032560 0.027729 0.050200 0.032560 0.027618 0.050200 0.032445 0.027505 0.050200 0.032332 0.027644 0.053600 0.032897 0.027529 0.053600 0.033225 0.027386 0.053600 0.033542 0.027215 0.053600 0.033844 0.027018 0.053600 0.034131 0.026796 0.053600 0.034398 0.026796 0.050200 0.034398 0.027018 0.050200 0.034131 0.027215 0.050200 0.033844 0.027386 0.050200 0.033542 0.027529 0.050200 0.033225 0.027644 0.050200 0.032897 0.026912 0.053600 0.034550 0.027025 0.053600 0.034705 0.027133 0.053600 0.034862 0.027133 0.050200 0.034862 0.027025 0.050200 0.034705 0.026912 0.050200 0.034550 0.027456 0.053600 0.034734 0.027789 0.053600 0.034635 0.028130 0.053600 0.034566 0.028475 0.053600 0.034527 0.028822 0.053600 0.034520 0.029169 0.053600 0.034543 0.029169 0.050200 0.034543 0.028822 0.050200 0.034520 0.028475 0.050200 0.034527 0.028130 0.050200 0.034566 0.027789 0.050200 0.034635 0.027456 0.050200 0.034734 0.029244 0.053600 0.034684 0.029317 0.053600 0.034827 0.029387 0.053600 0.034970 0.029387 0.050200 0.034970 0.029317 0.050200 0.034827 0.029244 0.050200 0.034684 0.029202 0.053600 0.035265 0.028992 0.053600 0.035541 0.028757 0.053600 0.035798 0.028501 0.053600 0.036033 0.028226 0.053600 0.036244 0.027932 0.053600 0.036430 0.027932 0.050200 0.036430 0.028226 0.050200 0.036244 0.028501 0.050200 0.036033 0.028757 0.050200 0.035798 0.028992 0.050200 0.035541 0.029202 0.050200 0.035265 0.027996 0.053600 0.036610 0.028055 0.053600 0.036792 0.028109 0.053600 0.036975 0.028109 0.050200 0.036975 0.028055 0.050200 0.036792 0.027996 0.050200 0.036610 0.028456 0.053600 0.036953 0.028803 0.053600 0.036962 0.029149 0.053600 0.037002 0.029489 0.053600 0.037072 0.029822 0.053600 0.037172 0.030144 0.053600 0.037301 0.030144 0.050200 0.037301 0.029822 0.050200 0.037172 0.029489 0.050200 0.037072 0.029149 0.050200 0.037002 0.028803 0.050200 0.036962 0.028456 0.050200 0.036953 0.030172 0.053600 0.037458 0.030197 0.053600 0.037616 0.030219 0.053600 0.037775 0.030219 0.050200 0.037775 0.030197 0.050200 0.037616 0.030172 0.050200 0.037458 0.029952 0.053600 0.037997 0.029667 0.053600 0.038195 0.029365 0.053600 0.038367 0.029049 0.053600 0.038511 0.028721 0.053600 0.038627 0.028384 0.053600 0.038713 0.028384 0.050200 0.038713 0.028721 0.050200 0.038627 0.029049 0.050200 0.038511 0.029365 0.050200 0.038367 0.029667 0.050200 0.038195 0.029952 0.050200 0.037997 0.028389 0.053600 0.038904 0.028389 0.053600 0.039096 0.028384 0.053600 0.039287 0.028384 0.050200 0.039287 0.028389 0.050200 0.039096 0.028389 0.050200 0.038904 0.028721 0.053600 0.039373 0.029049 0.053600 0.039489 0.029365 0.053600 0.039633 0.029667 0.053600 0.039805 0.029952 0.053600 0.040003 0.030219 0.053600 0.040225 0.030219 0.050200 0.040225 0.029952 0.050200 0.040003 0.029667 0.050200 0.039805 0.029365 0.050200 0.039633 0.029049 0.050200 0.039489 0.028721 0.050200 0.039373 0.030197 0.053600 0.040384 0.030172 0.053600 0.040542 0.030144 0.053600 0.040699 0.030144 0.050200 0.040699 0.030172 0.050200 0.040542 0.030197 0.050200 0.040384 0.029822 0.053600 0.040828 0.029489 0.053600 0.040928 0.029149 0.053600 0.040998 0.028803 0.053600 0.041038 0.028456 0.053600 0.041047 0.028109 0.053600 0.041025 0.028109 0.050200 0.041025 0.028456 0.050200 0.041047 0.028803 0.050200 0.041038 0.029149 0.050200 0.040998 0.029489 0.050200 0.040928 0.029822 0.050200 0.040828 0.028055 0.053600 0.041208 0.027996 0.053600 0.041390 0.027932 0.053600 0.041570 0.027932 0.050200 0.041570 0.027996 0.050200 0.041390 0.028055 0.050200 0.041208 0.028226 0.053600 0.041756 0.028501 0.053600 0.041967 0.028757 0.053600 0.042202 0.028992 0.053600 0.042459 0.029202 0.053600 0.042735 0.029387 0.053600 0.043030 0.029387 0.050200 0.043030 0.029202 0.050200 0.042735 0.028992 0.050200 0.042459 0.028757 0.050200 0.042202 0.028501 0.050200 0.041967 0.028226 0.050200 0.041756 0.029317 0.053600 0.043173 0.029244 0.053600 0.043316 0.029169 0.053600 0.043457 0.029169 0.050200 0.043457 0.029244 0.050200 0.043316 0.029317 0.050200 0.043173 0.028822 0.053600 0.043480 0.028475 0.053600 0.043473 0.028130 0.053600 0.043434 0.027789 0.053600 0.043365 0.027456 0.053600 0.043266 0.027133 0.053600 0.043138 0.027133 0.050200 0.043138 0.027456 0.050200 0.043266 0.027789 0.050200 0.043365 0.028130 0.050200 0.043434 0.028475 0.050200 0.043473 0.028822 0.050200 0.043480 0.027025 0.053600 0.043295 0.026912 0.053600 0.043450 0.026796 0.053600 0.043602 0.026796 0.050200 0.043602 0.026912 0.050200 0.043450 0.027025 0.050200 0.043295 0.027018 0.053600 0.043869 0.027215 0.053600 0.044156 0.027386 0.053600 0.044458 0.027529 0.053600 0.044775 0.027644 0.053600 0.045103 0.027729 0.053600 0.045440 0.027729 0.050200 0.045440 0.027644 0.050200 0.045103 0.027529 0.050200 0.044775 0.027386 0.050200 0.044458 0.027215 0.050200 0.044156 0.027018 0.050200 0.043869 0.027618 0.053600 0.045555 0.027505 0.053600 0.045668 0.027390 0.053600 0.045779 0.027390 0.050200 0.045779 0.027505 0.050200 0.045668 0.027618 0.050200 0.045555 0.027053 0.053600 0.045694 0.026725 0.053600 0.045579 0.026408 0.053600 0.045436 0.026106 0.053600 0.045265 0.025819 0.053600 0.045068 0.025552 0.053600 0.044846 0.025552 0.050200 0.044846 0.025819 0.050200 0.045068 0.026106 0.050200 0.045265 0.026408 0.050200 0.045436 0.026725 0.050200 0.045579 0.027053 0.050200 0.045694 0.025400 0.053600 0.044962 0.025245 0.053600 0.045075 0.025088 0.053600 0.045183 0.025088 0.050200 0.045183 0.025245 0.050200 0.045075 0.025400 0.050200 0.044962 0.025216 0.053600 0.045506 0.025315 0.053600 0.045839 0.025384 0.053600 0.046180 0.025423 0.053600 0.046525 0.025430 0.053600 0.046872 0.025407 0.053600 0.047219 0.025407 0.050200 0.047219 0.025430 0.050200 0.046872 0.025423 0.050200 0.046525 0.025384 0.050200 0.046180 0.025315 0.050200 0.045839 0.025216 0.050200 0.045506 0.025266 0.053600 0.047294 0.025123 0.053600 0.047367 0.024980 0.053600 0.047437 0.024980 0.050200 0.047437 0.025123 0.050200 0.047367 0.025266 0.050200 0.047294 0.024685 0.053600 0.047252 0.024409 0.053600 0.047042 0.024152 0.053600 0.046807 0.023917 0.053600 0.046551 0.023706 0.053600 0.046276 0.023520 0.053600 0.045982 0.023520 0.050200 0.045982 0.023706 0.050200 0.046276 0.023917 0.050200 0.046551 0.024152 0.050200 0.046807 0.024409 0.050200 0.047042 0.024685 0.050200 0.047252 0.023340 0.053600 0.046046 0.023158 0.053600 0.046105 0.022975 0.053600 0.046159 0.022975 0.050200 0.046159 0.023158 0.050200 0.046105 0.023340 0.050200 0.046046 0.022997 0.053600 0.046506 0.022988 0.053600 0.046853 0.022948 0.053600 0.047199 0.022878 0.053600 0.047539 0.022778 0.053600 0.047872 0.022649 0.053600 0.048194 0.022649 0.050200 0.048194 0.022778 0.050200 0.047872 0.022878 0.050200 0.047539 0.022948 0.050200 0.047199 0.022988 0.050200 0.046853 0.022997 0.050200 0.046506 0.022492 0.053600 0.048222 0.022334 0.053600 0.048247 0.022175 0.053600 0.048269 0.022175 0.050200 0.048269 0.022334 0.050200 0.048247 0.022492 0.050200 0.048222 0.021953 0.053600 0.048002 0.021755 0.053600 0.047717 0.021583 0.053600 0.047415 0.021439 0.053600 0.047099 0.021323 0.053600 0.046771 0.021237 0.053600 0.046434 0.021237 0.050200 0.046434 0.021323 0.050200 0.046771 0.021439 0.050200 0.047099 0.021583 0.050200 0.047415 0.021755 0.050200 0.047717 0.021953 0.050200 0.048002 0.021046 0.053600 0.046439 0.020854 0.053600 0.046439 0.020663 0.053600 0.046434 0.020663 0.050200 0.046434 0.020854 0.050200 0.046439 0.021046 0.050200 0.046439 0.020577 0.053600 0.046771 0.020461 0.053600 0.047099 0.020317 0.053600 0.047415 0.020145 0.053600 0.047717 0.019947 0.053600 0.048002 0.019725 0.053600 0.048269 0.019725 0.050200 0.048269 0.019947 0.050200 0.048002 0.020145 0.050200 0.047717 0.020317 0.050200 0.047415 0.020461 0.050200 0.047099 0.020577 0.050200 0.046771 0.019566 0.053600 0.048247 0.019408 0.053600 0.048222 0.019408 0.050200 0.048222 0.019566 0.050200 0.048247 0.018742 0.053600 0.046105 0.018560 0.053600 0.046046 0.018380 0.053600 0.045982 0.018380 0.050200 0.045982 0.018560 0.050200 0.046046 0.018742 0.050200 0.046105 0.018194 0.053600 0.046276 0.017983 0.053600 0.046551 0.017748 0.053600 0.046807 0.017491 0.053600 0.047042 0.017215 0.053600 0.047252 0.016920 0.053600 0.047437 0.016920 0.050200 0.047437 0.017215 0.050200 0.047252 0.017491 0.050200 0.047042 0.017748 0.050200 0.046807 0.017983 0.050200 0.046551 0.018194 0.050200 0.046276 0.016777 0.053600 0.047367 0.016634 0.053600 0.047294 0.016493 0.053600 0.047219 0.016493 0.050200 0.047219 0.016634 0.050200 0.047294 0.016777 0.050200 0.047367 0.016470 0.053600 0.046872 0.016477 0.053600 0.046525 0.016516 0.053600 0.046180 0.016585 0.053600 0.045839 0.016684 0.053600 0.045506 0.016812 0.053600 0.045183 0.016812 0.050200 0.045183 0.016684 0.050200 0.045506 0.016585 0.050200 0.045839 0.016516 0.050200 0.046180 0.016477 0.050200 0.046525 0.016470 0.050200 0.046872 0.016655 0.053600 0.045075 0.016500 0.053600 0.044962 0.016348 0.053600 0.044846 0.016348 0.050200 0.044846 0.016500 0.050200 0.044962 0.016655 0.050200 0.045075 0.016081 0.053600 0.045068 0.015794 0.053600 0.045265 0.015492 0.053600 0.045436 0.015175 0.053600 0.045579 0.014847 0.053600 0.045694 0.014510 0.053600 0.045779 0.014510 0.050200 0.045779 0.014847 0.050200 0.045694 0.015175 0.050200 0.045579 0.015492 0.050200 0.045436 0.015794 0.050200 0.045265 0.016081 0.050200 0.045068 0.014395 0.053600 0.045668 0.014282 0.053600 0.045555 0.014171 0.053600 0.045440 0.014171 0.050200 0.045440 0.014282 0.050200 0.045555 0.014395 0.050200 0.045668 0.014256 0.053600 0.045103 0.014371 0.053600 0.044775 0.014514 0.053600 0.044458 0.014685 0.053600 0.044156 0.014882 0.053600 0.043869 0.015104 0.053600 0.043602 0.015104 0.050200 0.043602 0.014882 0.050200 0.043869 0.014685 0.050200 0.044156 0.014514 0.050200 0.044458 0.014371 0.050200 0.044775 0.014256 0.050200 0.045103 0.014988 0.053600 0.043450 0.014875 0.053600 0.043295 0.014767 0.053600 0.043138 0.014767 0.050200 0.043138 0.014875 0.050200 0.043295 0.014988 0.050200 0.043450 0.014444 0.053600 0.043266 0.014111 0.053600 0.043365 0.013770 0.053600 0.043434 0.013425 0.053600 0.043473 0.013078 0.053600 0.043480 0.012731 0.053600 0.043457 0.012731 0.050200 0.043457 0.013078 0.050200 0.043480 0.013425 0.050200 0.043473 0.013770 0.050200 0.043434 0.014111 0.050200 0.043365 0.014444 0.050200 0.043266 0.012656 0.053600 0.043316 0.012583 0.053600 0.043173 0.012513 0.053600 0.043030 0.012513 0.050200 0.043030 0.012583 0.050200 0.043173 0.012656 0.050200 0.043316 0.012698 0.053600 0.042735 0.012908 0.053600 0.042459 0.013143 0.053600 0.042202 0.013399 0.053600 0.041967 0.013674 0.053600 0.041756 0.013674 0.050200 0.041756 0.013399 0.050200 0.041967 0.013143 0.050200 0.042202 0.012908 0.050200 0.042459 0.012698 0.050200 0.042735 0.022022 0.046100 0.041478 0.022477 0.046100 0.041582 0.021787 0.046100 0.041881 0.021372 0.046100 0.041667 0.022605 0.046100 0.041133 0.023071 0.046100 0.041121 0.021044 0.046100 0.041999 0.020696 0.046100 0.041688 0.023083 0.046100 0.040655 0.023532 0.046100 0.040527 0.020296 0.046100 0.041928 0.020035 0.046100 0.041540 0.023428 0.046100 0.040072 0.023831 0.046100 0.039837 0.019588 0.046100 0.041673 0.019432 0.046100 0.041233 0.023617 0.046100 0.039422 0.023949 0.046100 0.039094 0.018966 0.046100 0.041250 0.018925 0.046100 0.040786 0.023638 0.046100 0.038746 0.023878 0.046100 0.038346 0.018469 0.046100 0.040686 0.018544 0.046100 0.040226 0.023490 0.046100 0.038085 0.023623 0.046100 0.037638 0.018127 0.046100 0.040016 0.018315 0.046100 0.039589 0.023183 0.046100 0.037482 0.023200 0.046100 0.037016 0.017963 0.046100 0.039282 0.018251 0.046100 0.038915 0.022736 0.046100 0.036975 0.022636 0.046100 0.036519 0.017987 0.046100 0.038531 0.018357 0.046100 0.038247 0.022176 0.046100 0.036594 0.021966 0.046100 0.036177 0.018197 0.046100 0.037809 0.018626 0.046100 0.037626 0.021539 0.046100 0.036365 0.021232 0.046100 0.036013 0.018580 0.046100 0.037161 0.019041 0.046100 0.037091 0.020865 0.046100 0.036301 0.020481 0.046100 0.036037 0.019111 0.046100 0.036630 0.019576 0.046100 0.036676 0.019759 0.046100 0.036247 0.021146 0.050100 0.040235 0.020934 0.050100 0.040250 0.020723 0.050100 0.040229 0.020519 0.050100 0.040173 0.020327 0.050100 0.040083 0.020152 0.050100 0.039962 0.020001 0.050100 0.039814 0.019877 0.050100 0.039642 0.019784 0.050100 0.039451 0.019725 0.050100 0.039248 0.019701 0.050100 0.039037 0.019712 0.050100 0.038825 0.019760 0.050100 0.038619 0.019841 0.050100 0.038423 0.019955 0.050100 0.038244 0.020097 0.050100 0.038087 0.020263 0.050100 0.037956 0.020450 0.050100 0.037854 0.020650 0.050100 0.037786 0.020860 0.050100 0.037753 0.021072 0.050100 0.037756 0.021280 0.050100 0.037794 0.021479 0.050100 0.037868 0.021663 0.050100 0.037973 0.021826 0.050100 0.038109 0.021964 0.050100 0.038270 0.022073 0.050100 0.038452 0.022150 0.050100 0.038649 0.022192 0.050100 0.038857 0.022198 0.050100 0.039069 0.022168 0.050100 0.039279 0.022104 0.050100 0.039481 0.022006 0.050100 0.039669 0.021878 0.050100 0.039838 0.021723 0.050100 0.039982 0.021546 0.050100 0.040099 0.021351 0.050100 0.040184 0.021146 0.043100 0.040235 0.020934 0.043100 0.040250 0.020723 0.043100 0.040229 0.020519 0.043100 0.040173 0.020327 0.043100 0.040083 0.020152 0.043100 0.039962 0.020001 0.043100 0.039814 0.019877 0.043100 0.039642 0.019784 0.043100 0.039451 0.019725 0.043100 0.039248 0.019701 0.043100 0.039037 0.019712 0.043100 0.038825 0.019760 0.043100 0.038619 0.019841 0.043100 0.038423 0.019955 0.043100 0.038244 0.020097 0.043100 0.038087 0.020263 0.043100 0.037956 0.020450 0.043100 0.037854 0.020650 0.043100 0.037786 0.020860 0.043100 0.037753 0.021072 0.043100 0.037756 0.021280 0.043100 0.037794 0.021479 0.043100 0.037868 0.021663 0.043100 0.037973 0.021826 0.043100 0.038109 0.021964 0.043100 0.038270 0.022073 0.043100 0.038452 0.022150 0.043100 0.038649 0.022192 0.043100 0.038857 0.022198 0.043100 0.039069 0.022168 0.043100 0.039279 0.022104 0.043100 0.039481 0.022006 0.043100 0.039669 0.021878 0.043100 0.039838 0.021723 0.043100 0.039982 0.021546 0.043100 0.040099 0.021351 0.043100 0.040184 0.021250 0.046600 0.040214 0.021040 0.046600 0.040247 0.020828 0.046600 0.040244 0.020620 0.046600 0.040206 0.020421 0.046600 0.040132 0.020237 0.046600 0.040027 0.020074 0.046600 0.039891 0.019936 0.046600 0.039730 0.019827 0.046600 0.039548 0.019750 0.046600 0.039351 0.019708 0.046600 0.039143 0.019702 0.046600 0.038931 0.019732 0.046600 0.038721 0.019796 0.046600 0.038519 0.019894 0.046600 0.038331 0.020022 0.046600 0.038162 0.020177 0.046600 0.038018 0.020354 0.046600 0.037901 0.020549 0.046600 0.037816 0.020754 0.046600 0.037765 0.020966 0.046600 0.037750 0.021177 0.046600 0.037771 0.021381 0.046600 0.037827 0.021573 0.046600 0.037917 0.021748 0.046600 0.038038 0.021899 0.046600 0.038186 0.022023 0.046600 0.038358 0.022116 0.046600 0.038549 0.022175 0.046600 0.038752 0.022199 0.046600 0.038963 0.022188 0.046600 0.039175 0.022140 0.046600 0.039381 0.022059 0.046600 0.039577 0.021945 0.046600 0.039756 0.021803 0.046600 0.039913 0.021637 0.046600 0.040044 0.021450 0.046600 0.040146 0.021419 0.041100 0.041963 0.021742 0.041100 0.041893 0.022056 0.041100 0.041789 0.022356 0.041100 0.041650 0.022639 0.041100 0.041479 0.022901 0.041100 0.041279 0.023140 0.041100 0.041050 0.023353 0.041100 0.040797 0.023536 0.041100 0.040521 0.023687 0.041100 0.040228 0.023806 0.041100 0.039919 0.023890 0.041100 0.039599 0.023938 0.041100 0.039272 0.023949 0.041100 0.038942 0.023925 0.041100 0.038613 0.023864 0.041100 0.038288 0.023768 0.041100 0.037971 0.023638 0.041100 0.037668 0.023475 0.041100 0.037380 0.023281 0.041100 0.037112 0.023060 0.041100 0.036867 0.022812 0.041100 0.036648 0.022542 0.041100 0.036457 0.022253 0.041100 0.036298 0.021948 0.041100 0.036171 0.021630 0.041100 0.036078 0.021305 0.041100 0.036021 0.020975 0.041100 0.036000 0.020645 0.041100 0.036016 0.020318 0.041100 0.036067 0.019999 0.041100 0.036155 0.019692 0.041100 0.036276 0.019400 0.041100 0.036431 0.019127 0.041100 0.036617 0.018876 0.041100 0.036832 0.018650 0.041100 0.037074 0.018452 0.041100 0.037338 0.018285 0.041100 0.037623 0.018149 0.041100 0.037925 0.018048 0.041100 0.038240 0.017982 0.041100 0.038563 0.017952 0.041100 0.038893 0.017958 0.041100 0.039223 0.018001 0.041100 0.039551 0.018079 0.041100 0.039872 0.018193 0.041100 0.040182 0.018340 0.041100 0.040478 0.018518 0.041100 0.040757 0.018726 0.041100 0.041014 0.018961 0.041100 0.041246 0.019220 0.041100 0.041451 0.019500 0.041100 0.041627 0.019798 0.041100 0.041770 0.020110 0.041100 0.041880 0.020432 0.041100 0.041955 0.020760 0.041100 0.041994 0.021090 0.041100 0.041997 0.021543 0.046100 0.041941 0.021295 0.046100 0.041980 0.020793 0.046100 0.041996 0.020543 0.046100 0.041972 0.020053 0.046100 0.041863 0.019816 0.046100 0.041778 0.019369 0.046100 0.041550 0.019161 0.046100 0.041408 0.018785 0.046100 0.041076 0.018619 0.046100 0.040888 0.018336 0.046100 0.040473 0.018222 0.046100 0.040249 0.018052 0.046100 0.039776 0.017997 0.046100 0.039531 0.017950 0.046100 0.039031 0.017958 0.046100 0.038780 0.018037 0.046100 0.038284 0.018107 0.046100 0.038043 0.018306 0.046100 0.037582 0.018434 0.046100 0.037366 0.018742 0.046100 0.036969 0.018919 0.046100 0.036792 0.019316 0.046100 0.036484 0.019532 0.046100 0.036356 0.019993 0.046100 0.036157 0.020234 0.046100 0.036087 0.020730 0.046100 0.036008 0.020981 0.046100 0.036000 0.021481 0.046100 0.036047 0.021726 0.046100 0.036102 0.022199 0.046100 0.036272 0.022423 0.046100 0.036386 0.022838 0.046100 0.036669 0.023026 0.046100 0.036835 0.023358 0.046100 0.037211 0.023500 0.046100 0.037419 0.023728 0.046100 0.037866 0.023813 0.046100 0.038103 0.023922 0.046100 0.038593 0.023946 0.046100 0.038843 0.023930 0.046100 0.039345 0.023891 0.046100 0.039593 0.023751 0.046100 0.040075 0.023651 0.046100 0.040306 0.023395 0.046100 0.040738 0.023241 0.046100 0.040936 0.022886 0.046100 0.041291 0.022688 0.046100 0.041445 0.022256 0.046100 0.041701 0.022025 0.046100 0.041801 0.020197 0.046100 0.036407</float_array>
          <technique_common>
            <accessor source="#servo_left_gear-mesh-positions-array" count="1940" stride="3">
              <param name="X" type="float"/>
              <param name="Y" type="float"/>
              <param name="Z" type="float"/>
            </accessor>
          </technique_common>
        </source>
        <source id="servo_left_gear-mesh-normals">
          <float_array id="servo_left_gear-mesh-normals-array" count="12834">0.462018 0.000000 -0.886870 0.462018 0.000000 -0.886870 0.462018 0.000000 -0.886870 0.462018 0.000000 -0.886870 0.226947 0.000000 -0.973907 0.226947 0.000000 -0.973907 0.226947 0.000000 -0.973907 0.226947 0.000000 -0.973907 0.668059 0.000000 -0.744109 0.668059 0.000000 -0.744109 0.668059 0.000000 -0.744109 0.668059 0.000000 -0.744109 -0.022384 0.000000 -0.999749 -0.022384 0.000000 -0.999749 -0.022384 0.000000 -0.999749 -0.022384 0.000000 -0.999749 0.832123 0.000000 -0.554592 0.832123 0.000000 -0.554592 0.832123 0.000000 -0.554592 0.832123 0.000000 -0.554592 -0.270308 0.000000 -0.962774 -0.270308 0.000000 -0.962774 -0.270308 0.000000 -0.962774 -0.270308 0.000000 -0.962774 0.943901 0.000000 -0.330228 0.943901 0.000000 -0.330228 0.943901 0.000000 -0.330228 0.943901 0.000000 -0.330228 -0.501248 0.000000 -0.865304 -0.501248 0.000000 -0.865304 -0.501248 0.000000 -0.865304 -0.501248 0.000000 -0.865304 0.996371 -0.000000 -0.085114 0.996371 -0.000000 -0.085114 0.996371 -0.000000 -0.085114 0.996371 -0.000000 -0.085114 -0.700692 0.000000 -0.713463 -0.700692 0.000000 -0.713463 -0.700692 0.000000 -0.713463 -0.700692 0.000000 -0.713463 0.986235 -0.000000 0.165347 0.986235 -0.000000 0.165347 0.986235 -0.000000 0.165347 0.986235 -0.000000 0.165347 -0.856110 0.000000 -0.516794 -0.856110 0.000000 -0.516794 -0.856110 0.000000 -0.516794 -0.856110 0.000000 -0.516794 0.914131 -0.000000 0.405419 0.914131 -0.000000 0.405419 0.914131 -0.000000 0.405419 0.914131 -0.000000 0.405419 -0.957735 0.000000 -0.287652 -0.957735 0.000000 -0.287652 -0.957735 0.000000 -0.287652 -0.957735 0.000000 -0.287652 0.784588 -0.000000 0.620017 0.784588 -0.000000 0.620017 0.784588 -0.000000 0.620017 0.784588 -0.000000 0.620017 -0.999182 0.000000 -0.040435 -0.999182 0.000000 -0.040435 -0.999182 0.000000 -0.040435 -0.999182 0.000000 -0.040435 0.605747 -0.000000 0.795658 0.605747 -0.000000 0.795658 0.605747 -0.000000 0.795658 0.605747 -0.000000 0.795658 -0.977847 -0.000000 0.209321 -0.977847 -0.000000 0.209321 -0.977847 -0.000000 0.209321 -0.977847 -0.000000 0.209321 0.388844 -0.000000 0.921304 0.388844 -0.000000 0.921304 0.388844 -0.000000 0.921304 0.388844 -0.000000 0.921304 -0.895070 -0.000000 0.445926 -0.895070 -0.000000 0.445926 -0.895070 -0.000000 0.445926 -0.895070 -0.000000 0.445926 0.147509 -0.000000 0.989061 0.147509 -0.000000 0.989061 0.147509 -0.000000 0.989061 0.147509 -0.000000 0.989061 -0.756052 -0.000000 0.654511 -0.756052 -0.000000 0.654511 -0.756052 -0.000000 0.654511 -0.756052 -0.000000 0.654511 -0.103095 -0.000000 0.994672 -0.103095 -0.000000 0.994672 -0.103095 -0.000000 0.994672 -0.103095 -0.000000 0.994672 -0.569529 -0.000000 0.821971 -0.569529 -0.000000 0.821971 -0.569529 -0.000000 0.821971 -0.569529 -0.000000 0.821971 -0.000000 -1.000000 -0.000000 -0.000000 -1.000000 -0.000000 -0.000000 -1.000000 -0.000000 -0.000000 -1.000000 -0.000000 -0.000000 -1.000000 -0.000000 -0.000000 -1.000000 -0.000000 -0.000000 -1.000000 -0.000000 -0.000000 -1.000000 -0.000000 -0.000000 -1.000000 -0.000000 -0.000000 -1.000000 -0.000000 -0.000000 -1.000000 -0.000000 -0.000000 -1.000000 -0.000000 -0.000000 -1.000000 -0.000000 -0.000000 -1.000000 -0.000000 -0.000000 -1.000000 -0.000000 -0.000000 -1.000000 -0.000000 -0.000000 -1.000000 -0.000000 -0.000000 -1.000000 -0.000000 -0.000000 -1.000000 -0.000000 -0.000000 -1.000000 -0.000000 -0.000000 -1.000000 -0.000000 -0.000000 -1.000000 -0.000000 -0.000000 -1.000000 -0.000000 -0.000000 -1.000000 -0.000000 -0.000000 -1.000000 -0.000000 -0.000000 -1.000000 -0.000000 -0.000000 -1.000000 -0.000000 -0.000000 -1.000000 -0.000000 -0.000000 -1.000000 -0.000000 -0.000000 -1.000000 -0.000000 -0.000000 -1.000000 -0.000000 -0.000000 -1.000000 -0.000000 -0.000000 -1.000000 -0.000000 -0.000000 -1.000000 -0.000000 -0.000000 -1.000000 -0.000000 -0.000000 -1.000000 -0.000000 -0.000000 -1.000000 -0.000000 -0.000000 -1.000000 -0.000000 -0.000000 -1.000000 -0.000000 -0.000000 -1.000000 -0.000000 -0.000000 -1.000000 -0.000000 -0.000000 -1.000000 -0.000000 -0.000000 -1.000000 -0.000000 -0.000000 -1.000000 -0.000000 -0.000000 -1.000000 -0.000000 -0.000000 -1.000000 -0.000000 -0.000000 -1.000000 -0.000000 -0.000000 -1.000000 -0.000000 -0.000000 -1.000000 -0.000000 -0.000000 -1.000000 -0.000000 -0.000000 -1.000000 -0.000000 -0.000000 -1.000000 -0.000000 -0.000000 -1.000000 -0.000000 -0.000000 -1.000000 -0.000000 -0.000000 -1.000000 -0.000000 -0.000000 -1.000000 -0.000000 -0.000000 -1.000000 -0.000000 -0.000000 -1.000000 -0.000000 -0.000000 -1.000000 -0.000000 -0.000000 -1.000000 -0.000000 -0.000000 -1.000000 -0.000000 -0.000000 -1.000000 -0.000000 -0.000000 -1.000000 -0.000000 -0.000000 -1.000000 -0.000000 -0.000000 -1.000000 -0.000000 -0.000000 -1.000000 -0.000000 -0.000000 -1.000000 -0.000000 -0.000000 -1.000000 -0.000000 -0.000000 -1.000000 -0.000000 -0.000000 -1.000000 -0.000000 -0.000000 -1.000000 -0.000000 -0.000000 -1.000000 -0.000000 -0.000000 -1.000000 -0.000000 -0.000000 -1.000000 -0.000000 -0.000000 -1.000000 -0.000000 -0.000000 -1.000000 -0.000000 -0.000000 -1.000000 -0.000000 -0.000000 -1.000000 -0.000000 -0.000000 -1.000000 -0.000000 -0.000000 -1.000000 -0.000000 -0.000000 -1.000000 -0.000000 -0.000000 -1.000000 -0.000000 -0.000000 -1.000000 -0.000000 -0.000000 -1.000000 -0.000000 -0.000000 -1.000000 -0.000000 -0.000000 -1.000000 -0.000000 -0.000000 -1.000000 -0.000000 -0.000000 -1.000000 -0.000000 -0.000000 -1.000000 -0.000000 -0.000000 -1.000000 -0.000000 -0.000000 -1.000000 -0.000000 -0.000000 -1.000000 -0.000000 -0.000000 -1.000000 -0.000000 -0.000000 -1.000000 -0.000000 -0.000000 -1.000000 -0.000000 -0.000000 -1.000000 -0.000000 -0.000000 -1.000000 -0.000000 -0.000000 -1.000000 -0.000000 -0.000000 -1.000000 -0.000000 -0.000000 -1.000000 -0.000000 0.921304 -0.000000 0.388844 0.921304 -0.000000 0.388844 0.921304 -0.000000 0.388844 0.921304 -0.000000 0.388844 -0.994196 0.000000 -0.107583 -0.994196 0.000000 -0.107583 -0.999820 0.000000 -0.018972 -0.999820 0.000000 -0.018972 -0.997562 0.000000 0.069789 -0.997562 0.000000 0.069789 -0.987439 -0.000000 0.158000 -0.987439 -0.000000 0.158000 -0.969532 -0.000000 0.244965 -0.969532 -0.000000 0.244965 -0.943981 -0.000000 0.329999 -0.943981 -0.000000 0.329999 -0.910989 -0.000000 0.412431 -0.910989 -0.000000 0.412431 -0.993850 0.000000 -0.110734 -0.993850 0.000000 -0.110734 -0.999755 0.000000 -0.022141 -0.999755 0.000000 -0.022141 -0.997778 0.000000 0.066626 -0.997778 0.000000 0.066626 -0.987935 0.000000 0.154869 -0.987935 0.000000 0.154869 -0.970304 -0.000000 0.241890 -0.970304 -0.000000 0.241890 -0.945023 -0.000000 0.327005 -0.945023 -0.000000 0.327005 -0.912292 -0.000000 0.409541 -0.912292 -0.000000 0.409541 -0.991378 0.000000 0.131030 -0.991378 0.000000 0.131030 -0.988991 0.000000 0.147977 -0.988991 0.000000 0.147977 -0.986314 -0.000000 0.164880 -0.986314 -0.000000 0.164880 -0.983347 -0.000000 0.181735 -0.983347 -0.000000 0.181735 0.997822 -0.000000 -0.065971 0.987688 -0.000000 -0.156434 0.987688 -0.000000 -0.156434 0.969371 0.000000 -0.245602 0.969371 0.000000 -0.245602 0.943021 0.000000 -0.332734 0.943021 0.000000 -0.332734 0.908857 0.000000 -0.417109 0.908857 0.000000 -0.417109 0.867161 0.000000 -0.498027 0.867161 0.000000 -0.498027 0.818281 0.000000 -0.574819 0.818281 0.000000 -0.574819 0.762619 0.000000 -0.646848 0.762619 0.000000 -0.646848 0.700639 0.000000 -0.713516 0.700639 0.000000 -0.713516 0.632852 0.000000 -0.774273 0.632852 0.000000 -0.774273 0.559822 0.000000 -0.828613 0.559822 0.000000 -0.828613 0.482153 0.000000 -0.876087 0.482153 0.000000 -0.876087 0.400488 0.000000 -0.916302 0.400488 0.000000 -0.916302 0.315505 0.000000 -0.948924 0.315505 0.000000 -0.948924 0.227908 0.000000 -0.973683 0.227908 0.000000 -0.973683 0.138422 0.000000 -0.990373 0.138422 0.000000 -0.990373 0.047789 0.000000 -0.998857 0.047789 0.000000 -0.998857 -0.043240 0.000000 -0.999065 -0.043240 0.000000 -0.999065 -0.133911 0.000000 -0.990993 -0.133911 0.000000 -0.990993 -0.223472 0.000000 -0.974710 -0.223472 0.000000 -0.974710 -0.311181 0.000000 -0.950351 -0.311181 0.000000 -0.950351 -0.396312 0.000000 -0.918116 -0.396312 0.000000 -0.918116 -0.478159 0.000000 -0.878273 -0.478159 0.000000 -0.878273 -0.556043 0.000000 -0.831153 -0.556043 0.000000 -0.831153 -0.629320 0.000000 -0.777146 -0.629320 0.000000 -0.777146 -0.697383 0.000000 -0.716699 -0.697383 0.000000 -0.716699 -0.759666 0.000000 -0.650313 -0.759666 0.000000 -0.650313 -0.815655 0.000000 -0.578539 -0.815655 0.000000 -0.578539 -0.864885 0.000000 -0.501970 -0.864885 0.000000 -0.501970 -0.906948 0.000000 -0.421242 -0.906948 0.000000 -0.421242 -0.941496 0.000000 -0.337024 -0.941496 0.000000 -0.337024 -0.968243 0.000000 -0.250013 -0.968243 0.000000 -0.250013 -0.986966 0.000000 -0.160930 -0.986966 0.000000 -0.160930 -0.997511 0.000000 -0.070513 -0.997511 0.000000 -0.070513 -0.999790 0.000000 0.020487 -0.999790 0.000000 0.020487 -0.993785 0.000000 0.111318 -0.993785 0.000000 0.111318 -0.979545 -0.000000 0.201227 -0.979545 -0.000000 0.201227 -0.957188 -0.000000 0.289468 -0.957188 -0.000000 0.289468 -0.926899 -0.000000 0.375310 -0.926899 -0.000000 0.375310 -0.888930 -0.000000 0.458043 -0.888930 -0.000000 0.458043 -0.843595 -0.000000 0.536980 -0.843595 -0.000000 0.536980 -0.791270 -0.000000 0.611467 -0.791270 -0.000000 0.611467 -0.732388 -0.000000 0.680888 -0.732388 -0.000000 0.680888 -0.667437 -0.000000 0.744666 -0.667437 -0.000000 0.744666 -0.596956 -0.000000 0.802274 -0.596956 -0.000000 0.802274 -0.521528 -0.000000 0.853234 -0.521528 -0.000000 0.853234 -0.441778 -0.000000 0.897124 -0.441778 -0.000000 0.897124 -0.358368 -0.000000 0.933580 -0.358368 -0.000000 0.933580 -0.271988 -0.000000 0.962301 -0.271988 -0.000000 0.962301 -0.183355 -0.000000 0.983047 -0.183355 -0.000000 0.983047 -0.093202 -0.000000 0.995647 -0.093202 -0.000000 0.995647 -0.002277 -0.000000 0.999997 -0.002277 -0.000000 0.999997 0.088668 -0.000000 0.996061 0.088668 -0.000000 0.996061 0.178877 -0.000000 0.983871 0.178877 -0.000000 0.983871 0.267604 -0.000000 0.963529 0.267604 -0.000000 0.963529 0.354114 -0.000000 0.935202 0.354114 -0.000000 0.935202 0.437689 -0.000000 0.899126 0.437689 -0.000000 0.899126 0.517638 -0.000000 0.855600 0.517638 -0.000000 0.855600 0.593297 -0.000000 0.804984 0.593297 -0.000000 0.804984 0.664040 -0.000000 0.747697 0.664040 -0.000000 0.747697 0.729280 -0.000000 0.684215 0.729280 -0.000000 0.684215 0.788478 -0.000000 0.615063 0.788478 -0.000000 0.615063 0.841142 -0.000000 0.540815 0.841142 -0.000000 0.540815 0.886836 -0.000000 0.462085 0.886836 -0.000000 0.462085 0.925181 -0.000000 0.379526 0.925181 -0.000000 0.379526 0.955860 -0.000000 0.293823 0.955860 -0.000000 0.293823 0.978618 -0.000000 0.205684 0.978618 -0.000000 0.205684 0.993268 -0.000000 0.115842 0.993268 -0.000000 0.115842 0.999686 -0.000000 0.025039 0.999686 -0.000000 0.025039 0.997822 -0.000000 -0.065971 -0.966369 -0.000000 0.257160 -0.987688 -0.000000 0.156434 -0.987688 -0.000000 0.156434 -0.998538 0.000000 0.054050 -0.998538 0.000000 0.054050 -0.998803 0.000000 -0.048907 -0.998803 0.000000 -0.048907 -0.988481 0.000000 -0.151346 -0.988481 0.000000 -0.151346 -0.967680 0.000000 -0.252180 -0.967680 0.000000 -0.252180 -0.936622 0.000000 -0.350341 -0.936622 0.000000 -0.350341 -0.895635 0.000000 -0.444789 -0.895635 0.000000 -0.444789 -0.845155 0.000000 -0.534522 -0.845155 0.000000 -0.534522 -0.785715 0.000000 -0.618588 -0.785715 0.000000 -0.618588 -0.717947 0.000000 -0.696098 -0.717947 0.000000 -0.696098 -0.642568 0.000000 -0.766228 -0.642568 0.000000 -0.766228 -0.560378 0.000000 -0.828237 -0.560378 0.000000 -0.828237 -0.472248 0.000000 -0.881466 -0.472248 0.000000 -0.881466 -0.379112 0.000000 -0.925351 -0.379112 0.000000 -0.925351 -0.281957 0.000000 -0.959427 -0.281957 0.000000 -0.959427 -0.181814 0.000000 -0.983333 -0.181814 0.000000 -0.983333 -0.079743 0.000000 -0.996815 -0.079743 0.000000 -0.996815 0.023174 0.000000 -0.999731 0.023174 0.000000 -0.999731 0.125844 0.000000 -0.992050 0.125844 0.000000 -0.992050 0.227181 0.000000 -0.973853 0.227181 0.000000 -0.973853 0.326109 0.000000 -0.945332 0.326109 0.000000 -0.945332 0.421581 0.000000 -0.906791 0.421581 0.000000 -0.906791 0.512583 0.000000 -0.858637 0.512583 0.000000 -0.858637 0.598153 0.000000 -0.801382 0.598153 0.000000 -0.801382 0.677381 0.000000 -0.735632 0.677381 0.000000 -0.735632 0.749430 0.000000 -0.662084 0.749430 0.000000 -0.662084 0.813534 0.000000 -0.581518 0.813534 0.000000 -0.581518 0.869014 0.000000 -0.494787 0.869014 0.000000 -0.494787 0.915283 0.000000 -0.402812 0.915283 0.000000 -0.402812 0.951849 0.000000 -0.306567 0.951849 0.000000 -0.306567 0.978326 0.000000 -0.207072 0.978326 0.000000 -0.207072 0.994432 -0.000000 -0.105382 0.994432 -0.000000 -0.105382 0.999997 -0.000000 -0.002575 0.999997 -0.000000 -0.002575 0.994961 -0.000000 0.100259 0.994961 -0.000000 0.100259 0.979379 -0.000000 0.202031 0.979379 -0.000000 0.202031 0.953415 -0.000000 0.301661 0.953415 -0.000000 0.301661 0.917345 -0.000000 0.398093 0.917345 -0.000000 0.398093 0.871551 -0.000000 0.490305 0.871551 -0.000000 0.490305 0.816518 -0.000000 0.577320 0.816518 -0.000000 0.577320 0.752829 -0.000000 0.658216 0.752829 -0.000000 0.658216 0.681161 -0.000000 0.732134 0.681161 -0.000000 0.732134 0.602272 -0.000000 0.798291 0.602272 -0.000000 0.798291 0.516999 -0.000000 0.855986 0.516999 -0.000000 0.855986 0.426245 -0.000000 0.904608 0.426245 -0.000000 0.904608 0.330973 -0.000000 0.943640 0.330973 -0.000000 0.943640 0.232193 -0.000000 0.972670 0.232193 -0.000000 0.972670 0.130952 -0.000000 0.991389 0.130952 -0.000000 0.991389 0.028322 -0.000000 0.999599 0.028322 -0.000000 0.999599 -0.074608 -0.000000 0.997213 -0.074608 -0.000000 0.997213 -0.176747 -0.000000 0.984256 -0.176747 -0.000000 0.984256 -0.277012 -0.000000 0.960866 -0.277012 -0.000000 0.960866 -0.374341 -0.000000 0.927291 -0.374341 -0.000000 0.927291 -0.467702 -0.000000 0.883886 -0.467702 -0.000000 0.883886 -0.556105 -0.000000 0.831112 -0.556105 -0.000000 0.831112 -0.638614 -0.000000 0.769527 -0.638614 -0.000000 0.769527 -0.714353 -0.000000 0.699786 -0.714353 -0.000000 0.699786 -0.782519 -0.000000 0.622627 -0.782519 -0.000000 0.622627 -0.842391 -0.000000 0.538867 -0.842391 -0.000000 0.538867 -0.893333 -0.000000 0.449396 -0.893333 -0.000000 0.449396 -0.934805 -0.000000 0.355160 -0.934805 -0.000000 0.355160 -0.966369 -0.000000 0.257160 0.999083 -0.000000 -0.042827 0.987688 0.000000 -0.156434 0.987688 0.000000 -0.156434 0.963418 0.000000 -0.268003 0.963418 0.000000 -0.268003 0.926588 0.000000 -0.376077 0.926588 0.000000 -0.376077 0.877679 0.000000 -0.479249 0.877679 0.000000 -0.479249 0.817328 0.000000 -0.576173 0.817328 0.000000 -0.576173 0.746321 0.000000 -0.665586 0.746321 0.000000 -0.665586 0.665586 0.000000 -0.746321 0.665586 0.000000 -0.746321 0.576173 0.000000 -0.817328 0.576173 0.000000 -0.817328 0.479249 0.000000 -0.877679 0.479249 0.000000 -0.877679 0.376077 0.000000 -0.926588 0.376077 0.000000 -0.926588 0.268003 0.000000 -0.963418 0.268003 0.000000 -0.963418 0.156434 0.000000 -0.987688 0.156434 0.000000 -0.987688 0.042827 0.000000 -0.999083 0.042827 0.000000 -0.999083 -0.071339 0.000000 -0.997452 -0.071339 0.000000 -0.997452 -0.184575 0.000000 -0.982818 -0.184575 0.000000 -0.982818 -0.295405 0.000000 -0.955372 -0.295405 0.000000 -0.955372 -0.402384 0.000000 -0.915471 -0.402384 0.000000 -0.915471 -0.504117 0.000000 -0.863636 -0.504117 0.000000 -0.863636 -0.599278 0.000000 -0.800541 -0.599278 0.000000 -0.800541 -0.686626 0.000000 -0.727011 -0.686626 0.000000 -0.727011 -0.765024 0.000000 -0.644002 -0.765024 0.000000 -0.644002 -0.833448 0.000000 -0.552598 -0.833448 0.000000 -0.552598 -0.891007 0.000000 -0.453990 -0.891007 0.000000 -0.453990 -0.936950 0.000000 -0.349464 -0.936950 0.000000 -0.349464 -0.970678 0.000000 -0.240382 -0.970678 0.000000 -0.240382 -0.991753 0.000000 -0.128166 -0.991753 0.000000 -0.128166 -0.999898 0.000000 -0.014279 -0.999898 0.000000 -0.014279 -0.995008 0.000000 0.099793 -0.995008 0.000000 0.099793 -0.977147 -0.000000 0.212565 -0.977147 -0.000000 0.212565 -0.946547 -0.000000 0.322566 -0.946547 -0.000000 0.322566 -0.903607 -0.000000 0.428362 -0.903607 -0.000000 0.428362 -0.848888 -0.000000 0.528573 -0.848888 -0.000000 0.528573 -0.783102 -0.000000 0.621894 -0.783102 -0.000000 0.621894 -0.707107 -0.000000 0.707107 -0.707107 -0.000000 0.707107 -0.621894 -0.000000 0.783102 -0.621894 -0.000000 0.783102 -0.528573 -0.000000 0.848888 -0.528573 -0.000000 0.848888 -0.428362 -0.000000 0.903607 -0.428362 -0.000000 0.903607 -0.322566 -0.000000 0.946547 -0.322566 -0.000000 0.946547 -0.212565 -0.000000 0.977147 -0.212565 -0.000000 0.977147 -0.099793 -0.000000 0.995008 -0.099793 -0.000000 0.995008 0.014279 -0.000000 0.999898 0.014279 -0.000000 0.999898 0.128166 -0.000000 0.991753 0.128166 -0.000000 0.991753 0.240382 -0.000000 0.970678 0.240382 -0.000000 0.970678 0.349464 -0.000000 0.936950 0.349464 -0.000000 0.936950 0.453990 -0.000000 0.891007 0.453990 -0.000000 0.891007 0.552598 -0.000000 0.833448 0.552598 -0.000000 0.833448 0.644002 -0.000000 0.765024 0.644002 -0.000000 0.765024 0.727011 -0.000000 0.686626 0.727011 -0.000000 0.686626 0.800541 -0.000000 0.599278 0.800541 -0.000000 0.599278 0.863636 -0.000000 0.504117 0.863636 -0.000000 0.504117 0.915471 -0.000000 0.402384 0.915471 -0.000000 0.402384 0.955372 -0.000000 0.295405 0.955372 -0.000000 0.295405 0.982818 -0.000000 0.184575 0.982818 -0.000000 0.184575 0.997452 -0.000000 0.071339 0.997452 -0.000000 0.071339 0.999083 -0.000000 -0.042827 -0.969371 -0.000000 0.245602 -0.987688 0.000000 0.156434 -0.987688 0.000000 0.156434 -0.997822 0.000000 0.065971 -0.997822 0.000000 0.065971 -0.999686 0.000000 -0.025039 -0.999686 0.000000 -0.025039 -0.993268 0.000000 -0.115842 -0.993268 0.000000 -0.115842 -0.978618 0.000000 -0.205684 -0.978618 0.000000 -0.205684 -0.955860 0.000000 -0.293823 -0.955860 0.000000 -0.293823 -0.925181 0.000000 -0.379526 -0.925181 0.000000 -0.379526 -0.886836 0.000000 -0.462085 -0.886836 0.000000 -0.462085 -0.841142 0.000000 -0.540815 -0.841142 0.000000 -0.540815 -0.788478 0.000000 -0.615063 -0.788478 0.000000 -0.615063 -0.729280 0.000000 -0.684215 -0.729280 0.000000 -0.684215 -0.664040 0.000000 -0.747697 -0.664040 0.000000 -0.747697 -0.593297 0.000000 -0.804984 -0.593297 0.000000 -0.804984 -0.517638 0.000000 -0.855600 -0.517638 0.000000 -0.855600 -0.437689 0.000000 -0.899126 -0.437689 0.000000 -0.899126 -0.354114 0.000000 -0.935202 -0.354114 0.000000 -0.935202 -0.267604 0.000000 -0.963529 -0.267604 0.000000 -0.963529 -0.178877 0.000000 -0.983871 -0.178877 0.000000 -0.983871 -0.088668 0.000000 -0.996061 -0.088668 0.000000 -0.996061 0.002277 0.000000 -0.999997 0.002277 0.000000 -0.999997 0.093202 0.000000 -0.995647 0.093202 0.000000 -0.995647 0.183355 0.000000 -0.983047 0.183355 0.000000 -0.983047 0.271988 0.000000 -0.962301 0.271988 0.000000 -0.962301 0.358368 0.000000 -0.933580 0.358368 0.000000 -0.933580 0.441778 0.000000 -0.897124 0.441778 0.000000 -0.897124 0.521528 0.000000 -0.853234 0.521528 0.000000 -0.853234 0.596956 0.000000 -0.802274 0.596956 0.000000 -0.802274 0.667437 0.000000 -0.744666 0.667437 0.000000 -0.744666 0.732388 0.000000 -0.680888 0.732388 0.000000 -0.680888 0.791270 0.000000 -0.611467 0.791270 0.000000 -0.611467 0.843595 0.000000 -0.536980 0.843595 0.000000 -0.536980 0.888930 0.000000 -0.458043 0.888930 0.000000 -0.458043 0.926899 0.000000 -0.375310 0.926899 0.000000 -0.375310 0.957188 0.000000 -0.289468 0.957188 0.000000 -0.289468 0.979545 0.000000 -0.201227 0.979545 0.000000 -0.201227 0.993785 -0.000000 -0.111318 0.993785 -0.000000 -0.111318 0.999790 -0.000000 -0.020487 0.999790 -0.000000 -0.020487 0.997511 -0.000000 0.070513 0.997511 -0.000000 0.070513 0.986966 -0.000000 0.160930 0.986966 -0.000000 0.160930 0.968243 -0.000000 0.250013 0.968243 -0.000000 0.250013 0.941496 -0.000000 0.337024 0.941496 -0.000000 0.337024 0.906948 -0.000000 0.421242 0.906948 -0.000000 0.421242 0.864885 -0.000000 0.501970 0.864885 -0.000000 0.501970 0.815655 -0.000000 0.578539 0.815655 -0.000000 0.578539 0.759666 -0.000000 0.650313 0.759666 -0.000000 0.650313 0.697383 -0.000000 0.716699 0.697383 -0.000000 0.716699 0.629320 -0.000000 0.777146 0.629320 -0.000000 0.777146 0.556043 -0.000000 0.831153 0.556043 -0.000000 0.831153 0.478159 -0.000000 0.878273 0.478159 -0.000000 0.878273 0.396312 -0.000000 0.918116 0.396312 -0.000000 0.918116 0.311181 -0.000000 0.950351 0.311181 -0.000000 0.950351 0.223472 -0.000000 0.974710 0.223472 -0.000000 0.974710 0.133911 -0.000000 0.990993 0.133911 -0.000000 0.990993 0.043240 -0.000000 0.999065 0.043240 -0.000000 0.999065 -0.047789 -0.000000 0.998857 -0.047789 -0.000000 0.998857 -0.138422 -0.000000 0.990373 -0.138422 -0.000000 0.990373 -0.227908 -0.000000 0.973683 -0.227908 -0.000000 0.973683 -0.315505 -0.000000 0.948924 -0.315505 -0.000000 0.948924 -0.400488 -0.000000 0.916302 -0.400488 -0.000000 0.916302 -0.482153 -0.000000 0.876087 -0.482153 -0.000000 0.876087 -0.559822 -0.000000 0.828613 -0.559822 -0.000000 0.828613 -0.632852 -0.000000 0.774273 -0.632852 -0.000000 0.774273 -0.700639 -0.000000 0.713516 -0.700639 -0.000000 0.713516 -0.762619 -0.000000 0.646848 -0.762619 -0.000000 0.646848 -0.818281 -0.000000 0.574819 -0.818281 -0.000000 0.574819 -0.867161 -0.000000 0.498027 -0.867161 -0.000000 0.498027 -0.908857 -0.000000 0.417109 -0.908857 -0.000000 0.417109 -0.943021 -0.000000 0.332734 -0.943021 -0.000000 0.332734 -0.969371 -0.000000 0.245602 0.999993 -0.000000 -0.003831 0.999993 -0.000000 -0.003831 0.987688 0.000000 -0.156434 0.987688 0.000000 -0.156434 0.952233 0.000000 -0.305371 0.952233 0.000000 -0.305371 0.894459 0.000000 -0.447150 0.988858 -0.000000 0.148862 0.988858 -0.000000 0.148862 0.954545 -0.000000 0.298066 0.954545 -0.000000 0.298066 0.897859 -0.000000 0.440283 0.897859 -0.000000 0.440283 0.820128 -0.000000 0.572181 0.820128 -0.000000 0.572181 0.723173 -0.000000 0.690667 0.723173 -0.000000 0.690667 0.609268 -0.000000 0.792964 0.609268 -0.000000 0.792964 0.481082 -0.000000 0.876676 0.481082 -0.000000 0.876676 0.341620 -0.000000 0.939838 0.341620 -0.000000 0.939838 0.194151 -0.000000 0.980972 0.194151 -0.000000 0.980972 0.042131 -0.000000 0.999112 0.042131 -0.000000 0.999112 -0.110877 -0.000000 0.993834 -0.110877 -0.000000 0.993834 -0.261285 -0.000000 0.965262 -0.261285 -0.000000 0.965262 -0.405570 -0.000000 0.914064 -0.405570 -0.000000 0.914064 -0.540348 -0.000000 0.841442 -0.540348 -0.000000 0.841442 -0.662461 -0.000000 0.749097 -0.662461 -0.000000 0.749097 -0.769046 -0.000000 0.639194 -0.769046 -0.000000 0.639194 -0.857605 -0.000000 0.514308 -0.857605 -0.000000 0.514308 -0.926063 -0.000000 0.377368 -0.926063 -0.000000 0.377368 -0.972815 -0.000000 0.231582 -0.972815 -0.000000 0.231582 -0.996765 0.000000 0.080369 -0.996765 0.000000 0.080369 -0.997352 0.000000 -0.072729 -0.997352 0.000000 -0.072729 -0.974561 0.000000 -0.224121 -0.974561 0.000000 -0.224121 -0.928928 0.000000 -0.370261 -0.928928 0.000000 -0.370261 -0.861521 0.000000 -0.507722 -0.861521 0.000000 -0.507722 -0.773921 0.000000 -0.633282 -0.773921 0.000000 -0.633282 -0.668181 0.000000 -0.743999 -0.668181 0.000000 -0.743999 -0.546779 0.000000 -0.837277 -0.546779 0.000000 -0.837277 -0.412562 0.000000 -0.910930 -0.412562 0.000000 -0.910930 -0.268674 0.000000 -0.963231 -0.268674 0.000000 -0.963231 -0.118489 0.000000 -0.992955 -0.118489 0.000000 -0.992955 0.034474 0.000000 -0.999406 0.034474 0.000000 -0.999406 0.186629 0.000000 -0.982431 0.186629 0.000000 -0.982431 0.334409 0.000000 -0.942428 0.334409 0.000000 -0.942428 0.474351 0.000000 -0.880336 0.474351 0.000000 -0.880336 0.603174 0.000000 -0.797610 0.603174 0.000000 -0.797610 0.717860 0.000000 -0.696188 0.717860 0.000000 -0.696188 0.815719 0.000000 -0.578448 0.815719 0.000000 -0.578448 0.894459 0.000000 -0.447150 -0.972596 -0.000000 0.232502 -0.987688 0.000000 0.156434 -0.987688 0.000000 0.156434 -0.996841 0.000000 0.079426 -0.996841 0.000000 0.079426 -0.999998 0.000000 0.001939 -0.999998 0.000000 0.001939 -0.997141 0.000000 -0.075559 -0.997141 0.000000 -0.075559 -0.988288 0.000000 -0.152603 -0.988288 0.000000 -0.152603 -0.973490 0.000000 -0.228728 -0.973490 0.000000 -0.228728 -0.952838 0.000000 -0.303479 -0.952838 0.000000 -0.303479 -0.926456 0.000000 -0.376404 -0.926456 0.000000 -0.376404 -0.894501 0.000000 -0.447065 -0.894501 0.000000 -0.447065 -0.857167 0.000000 -0.515038 -0.857167 0.000000 -0.515038 -0.814678 0.000000 -0.579913 -0.814678 0.000000 -0.579913 -0.767290 0.000000 -0.641301 -0.767290 0.000000 -0.641301 -0.715286 0.000000 -0.698832 -0.715286 0.000000 -0.698832 -0.658981 0.000000 -0.752159 -0.658981 0.000000 -0.752159 -0.598713 0.000000 -0.800964 -0.598713 0.000000 -0.800964 -0.534844 0.000000 -0.844951 -0.534844 0.000000 -0.844951 -0.467758 0.000000 -0.883856 -0.467758 0.000000 -0.883856 -0.397860 0.000000 -0.917446 -0.397860 0.000000 -0.917446 -0.325568 0.000000 -0.945519 -0.325568 0.000000 -0.945519 -0.251319 0.000000 -0.967904 -0.251319 0.000000 -0.967904 -0.175558 0.000000 -0.984469 -0.175558 0.000000 -0.984469 -0.098741 0.000000 -0.995113 -0.098741 0.000000 -0.995113 -0.021330 0.000000 -0.999772 -0.021330 0.000000 -0.999772 0.056209 0.000000 -0.998419 0.056209 0.000000 -0.998419 0.133410 0.000000 -0.991061 0.133410 0.000000 -0.991061 0.209808 0.000000 -0.977743 0.209808 0.000000 -0.977743 0.284945 0.000000 -0.958544 0.284945 0.000000 -0.958544 0.358368 0.000000 -0.933580 0.358368 0.000000 -0.933580 0.429636 0.000000 -0.903002 0.429636 0.000000 -0.903002 0.498320 0.000000 -0.866993 0.498320 0.000000 -0.866993 0.564007 0.000000 -0.825770 0.564007 0.000000 -0.825770 0.626301 0.000000 -0.779581 0.626301 0.000000 -0.779581 0.684830 0.000000 -0.728703 0.684830 0.000000 -0.728703 0.739239 0.000000 -0.673443 0.739239 0.000000 -0.673443 0.789203 0.000000 -0.614132 0.789203 0.000000 -0.614132 0.834421 0.000000 -0.551128 0.834421 0.000000 -0.551128 0.874620 0.000000 -0.484810 0.874620 0.000000 -0.484810 0.909559 0.000000 -0.415575 0.909559 0.000000 -0.415575 0.939028 0.000000 -0.343842 0.939028 0.000000 -0.343842 0.962849 0.000000 -0.270040 0.962849 0.000000 -0.270040 0.980880 0.000000 -0.194615 0.980880 0.000000 -0.194615 0.993011 -0.000000 -0.118019 0.993011 -0.000000 -0.118019 0.999171 -0.000000 -0.040713 0.999171 -0.000000 -0.040713 0.999321 -0.000000 0.036838 0.999321 -0.000000 0.036838 0.993462 -0.000000 0.114167 0.993462 -0.000000 0.114167 0.981627 -0.000000 0.190809 0.981627 -0.000000 0.190809 0.963889 -0.000000 0.266304 0.963889 -0.000000 0.266304 0.940354 -0.000000 0.340197 0.940354 -0.000000 0.340197 0.911164 -0.000000 0.412045 0.911164 -0.000000 0.412045 0.876493 -0.000000 0.481414 0.876493 -0.000000 0.481414 0.836552 -0.000000 0.547888 0.836552 -0.000000 0.547888 0.791579 -0.000000 0.611067 0.791579 -0.000000 0.611067 0.741846 -0.000000 0.670570 0.741846 -0.000000 0.670570 0.687651 -0.000000 0.726041 0.687651 -0.000000 0.726041 0.629320 -0.000000 0.777146 0.629320 -0.000000 0.777146 0.567205 -0.000000 0.823577 0.567205 -0.000000 0.823577 0.501679 -0.000000 0.865054 0.501679 -0.000000 0.865054 0.433135 -0.000000 0.901329 0.433135 -0.000000 0.901329 0.361986 -0.000000 0.932183 0.361986 -0.000000 0.932183 0.288660 -0.000000 0.957432 0.288660 -0.000000 0.957432 0.213599 -0.000000 0.976921 0.213599 -0.000000 0.976921 0.137252 -0.000000 0.990536 0.137252 -0.000000 0.990536 0.060081 -0.000000 0.998194 0.060081 -0.000000 0.998194 -0.017452 -0.000000 0.999848 -0.017452 -0.000000 0.999848 -0.094881 -0.000000 0.995489 -0.094881 -0.000000 0.995489 -0.171738 -0.000000 0.985143 -0.171738 -0.000000 0.985143 -0.247563 -0.000000 0.968872 -0.247563 -0.000000 0.968872 -0.321899 -0.000000 0.946774 -0.321899 -0.000000 0.946774 -0.394298 -0.000000 0.918982 -0.394298 -0.000000 0.918982 -0.464327 -0.000000 0.885664 -0.464327 -0.000000 0.885664 -0.531563 -0.000000 0.847019 -0.531563 -0.000000 0.847019 -0.595602 -0.000000 0.803280 -0.595602 -0.000000 0.803280 -0.656059 -0.000000 0.754710 -0.656059 -0.000000 0.754710 -0.712570 -0.000000 0.701601 -0.712570 -0.000000 0.701601 -0.764796 -0.000000 0.644272 -0.764796 -0.000000 0.644272 -0.812423 -0.000000 0.583069 -0.812423 -0.000000 0.583069 -0.855163 -0.000000 0.518359 -0.855163 -0.000000 0.518359 -0.892761 -0.000000 0.450531 -0.892761 -0.000000 0.450531 -0.924989 -0.000000 0.379994 -0.924989 -0.000000 0.379994 -0.951654 -0.000000 0.307172 -0.951654 -0.000000 0.307172 -0.972596 -0.000000 0.232502 -0.000000 -1.000000 -0.000000 -0.000000 -1.000000 -0.000000 -0.000000 -1.000000 -0.000000 -0.000000 -1.000000 -0.000000 -0.000000 -1.000000 -0.000000 -0.000000 -1.000000 -0.000000 -0.000000 -1.000000 -0.000000 -0.000000 -1.000000 -0.000000 -0.000000 -1.000000 -0.000000 -0.000000 -1.000000 -0.000000 -0.000000 -1.000000 -0.000000 -0.000000 -1.000000 -0.000000 -0.000000 -1.000000 -0.000000 -0.000000 -1.000000 -0.000000 -0.000000 -1.000000 -0.000000 -0.000000 -1.000000 -0.000000 -0.000000 -1.000000 -0.000000 -0.000000 -1.000000 -0.000000 -0.000000 -1.000000 -0.000000 -0.000000 -1.000000 -0.000000 -0.000000 -1.000000 -0.000000 -0.000000 -1.000000 -0.000000 -0.000000 -1.000000 -0.000000 -0.000000 -1.000000 -0.000000 -0.000000 -1.000000 -0.000000 -0.000000 -1.000000 -0.000000 -0.000000 -1.000000 -0.000000 -0.000000 -1.000000 -0.000000 -0.000000 -1.000000 -0.000000 -0.000000 -1.000000 -0.000000 -0.000000 -1.000000 -0.000000 -0.000000 -1.000000 -0.000000 -0.000000 -1.000000 -0.000000 -0.000000 -1.000000 -0.000000 -0.000000 -1.000000 -0.000000 -0.000000 -1.000000 -0.000000 -0.000000 -1.000000 -0.000000 -0.000000 -1.000000 -0.000000 -0.000000 -1.000000 -0.000000 -0.000000 -1.000000 -0.000000 -0.000000 -1.000000 -0.000000 -0.000000 -1.000000 -0.000000 -0.000000 -1.000000 -0.000000 -0.000000 -1.000000 -0.000000 -0.000000 -1.000000 -0.000000 -0.000000 -1.000000 -0.000000 -0.000000 -1.000000 -0.000000 -0.000000 -1.000000 -0.000000 -0.000000 -1.000000 -0.000000 -0.000000 -1.000000 -0.000000 -0.000000 -1.000000 -0.000000 -0.000000 -1.000000 -0.000000 -0.000000 -1.000000 -0.000000 -0.000000 -1.000000 -0.000000 -0.000000 -1.000000 -0.000000 -0.000000 -1.000000 -0.000000 -0.000000 -1.000000 -0.000000 -0.000000 -1.000000 -0.000000 -0.000000 -1.000000 -0.000000 -0.000000 -1.000000 -0.000000 -0.000000 -1.000000 -0.000000 -0.000000 -1.000000 -0.000000 -0.000000 -1.000000 -0.000000 -0.000000 -1.000000 -0.000000 -0.000000 -1.000000 -0.000000 -0.000000 -1.000000 -0.000000 -0.000000 -1.000000 -0.000000 -0.000000 -1.000000 -0.000000 -0.000000 -1.000000 -0.000000 -0.000000 -1.000000 -0.000000 -0.000000 -1.000000 -0.000000 -0.000000 -1.000000 -0.000000 -0.000000 -1.000000 -0.000000 -0.000000 -1.000000 -0.000000 -0.000000 -1.000000 -0.000000 -0.000000 -1.000000 -0.000000 -0.000000 -1.000000 -0.000000 -0.000000 -1.000000 -0.000000 -0.000000 -1.000000 -0.000000 -0.000000 -1.000000 -0.000000 -0.000000 -1.000000 -0.000000 -0.000000 -1.000000 -0.000000 -0.000000 -1.000000 -0.000000 -0.000000 -1.000000 -0.000000 -0.000000 -1.000000 -0.000000 -0.000000 -1.000000 -0.000000 -0.000000 -1.000000 -0.000000 -0.000000 -1.000000 -0.000000 -0.000000 -1.000000 -0.000000 -0.000000 -1.000000 -0.000000 -0.000000 -1.000000 -0.000000 -0.000000 -1.000000 -0.000000 -0.000000 -1.000000 -0.000000 -0.000000 -1.000000 -0.000000 -0.000000 -1.000000 -0.000000 -0.000000 -1.000000 -0.000000 -0.000000 -1.000000 -0.000000 -0.000000 -1.000000 -0.000000 -0.000000 -1.000000 -0.000000 -0.000000 -1.000000 -0.000000 -0.000000 -1.000000 -0.000000 -0.000000 -1.000000 -0.000000 -0.000000 -1.000000 -0.000000 -0.000000 -1.000000 -0.000000 -0.000000 -1.000000 -0.000000 -0.000000 -1.000000 -0.000000 -0.000000 -1.000000 -0.000000 -0.000000 -1.000000 -0.000000 -0.000000 -1.000000 -0.000000 -0.000000 -1.000000 -0.000000 -0.000000 -1.000000 -0.000000 -0.000000 -1.000000 -0.000000 -0.000000 -1.000000 -0.000000 -0.000000 -1.000000 -0.000000 -0.000000 -1.000000 -0.000000 -0.000000 -1.000000 -0.000000 -0.000000 -1.000000 -0.000000 -0.000000 -1.000000 -0.000000 -0.000000 -1.000000 -0.000000 -0.000000 -1.000000 -0.000000 -0.000000 -1.000000 -0.000000 -0.000000 -1.000000 -0.000000 -0.000000 -1.000000 -0.000000 -0.000000 -1.000000 -0.000000 -0.000000 -1.000000 -0.000000 -0.000000 -1.000000 -0.000000 -0.000000 -1.000000 -0.000000 -0.000000 -1.000000 -0.000000 -0.000000 -1.000000 -0.000000 -0.000000 -1.000000 -0.000000 -0.000000 -1.000000 -0.000000 -0.000000 -1.000000 -0.000000 -0.000000 -1.000000 -0.000000 -0.000000 -1.000000 -0.000000 -0.000000 -1.000000 -0.000000 -0.000000 -1.000000 -0.000000 -0.000000 -1.000000 -0.000000 -0.000000 -1.000000 -0.000000 -0.000000 -1.000000 -0.000000 -0.000000 -1.000000 -0.000000 -0.000000 -1.000000 -0.000000 -0.000000 -1.000000 -0.000000 -0.000000 -1.000000 -0.000000 -0.000000 -1.000000 -0.000000 -0.000000 -1.000000 -0.000000 -0.000000 -1.000000 -0.000000 -0.000000 -1.000000 -0.000000 -0.000000 -1.000000 -0.000000 -0.000000 -1.000000 -0.000000 -0.000000 -1.000000 -0.000000 -0.000000 -1.000000 -0.000000 -0.000000 -1.000000 -0.000000 -0.000000 -1.000000 -0.000000 -0.000000 -1.000000 -0.000000 -0.000000 -1.000000 -0.000000 -0.000000 -1.000000 -0.000000 -0.000000 -1.000000 -0.000000 -0.000000 -1.000000 -0.000000 -0.000000 -1.000000 -0.000000 -0.000000 -1.000000 -0.000000 -0.000000 -1.000000 -0.000000 -0.000000 -1.000000 -0.000000 -0.000000 -1.000000 -0.000000 -0.000000 -1.000000 -0.000000 -0.000000 -1.000000 -0.000000 -0.000000 -1.000000 -0.000000 -0.000000 -1.000000 -0.000000 -0.000000 -1.000000 -0.000000 -0.000000 -1.000000 -0.000000 -0.000000 -1.000000 -0.000000 -0.000000 -1.000000 -0.000000 -0.000000 -1.000000 -0.000000 -0.000000 -1.000000 -0.000000 -0.000000 -1.000000 -0.000000 -0.000000 -1.000000 -0.000000 -0.000000 -1.000000 -0.000000 -0.000000 -1.000000 -0.000000 -0.000000 -1.000000 -0.000000 -0.000000 -1.000000 -0.000000 -0.000000 -1.000000 -0.000000 -0.000000 -1.000000 -0.000000 -0.000000 -1.000000 -0.000000 -0.000000 -1.000000 -0.000000 -0.000000 -1.000000 -0.000000 -0.000000 -1.000000 -0.000000 -0.000000 -1.000000 -0.000000 -0.000000 -1.000000 -0.000000 -0.000000 -1.000000 -0.000000 -0.000000 -1.000000 -0.000000 -0.000000 -1.000000 -0.000000 -0.000000 -1.000000 -0.000000 -0.000000 -1.000000 -0.000000 -0.000000 -1.000000 -0.000000 -0.000000 -1.000000 -0.000000 -0.000000 -1.000000 -0.000000 -0.000000 -1.000000 -0.000000 -0.000000 -1.000000 -0.000000 -0.000000 -1.000000 -0.000000 -0.000000 -1.000000 -0.000000 -0.000000 -1.000000 -0.000000 -0.000000 -1.000000 -0.000000 -0.000000 -1.000000 -0.000000 -0.000000 -1.000000 -0.000000 -0.000000 -1.000000 -0.000000 -0.000000 -1.000000 -0.000000 -0.000000 -1.000000 -0.000000 -0.000000 -1.000000 -0.000000 -0.000000 -1.000000 -0.000000 -0.000000 -1.000000 -0.000000 -0.000000 -1.000000 -0.000000 -0.000000 -1.000000 -0.000000 -0.000000 -1.000000 -0.000000 -0.000000 -1.000000 -0.000000 -0.000000 -1.000000 -0.000000 -0.000000 -1.000000 -0.000000 -0.000000 -1.000000 -0.000000 -0.000000 -1.000000 -0.000000 -0.000000 -1.000000 -0.000000 -0.000000 -1.000000 -0.000000 -0.000000 -1.000000 -0.000000 -0.000000 -1.000000 -0.000000 -0.000000 -1.000000 -0.000000 -0.000000 -1.000000 -0.000000 -0.000000 -1.000000 -0.000000 -0.000000 -1.000000 -0.000000 -0.000000 -1.000000 -0.000000 -0.000000 -1.000000 -0.000000 -0.000000 -1.000000 -0.000000 -0.000000 -1.000000 -0.000000 -0.000000 -1.000000 -0.000000 -0.000000 -1.000000 -0.000000 -0.000000 -1.000000 -0.000000 -0.000000 -1.000000 -0.000000 -0.000000 -1.000000 -0.000000 -0.000000 -1.000000 -0.000000 -0.000000 -1.000000 -0.000000 -0.000000 -1.000000 -0.000000 -0.000000 -1.000000 -0.000000 -0.000000 -1.000000 -0.000000 -0.000000 -1.000000 -0.000000 -0.000000 -1.000000 -0.000000 -0.000000 -1.000000 -0.000000 -0.000000 -1.000000 -0.000000 -0.000000 -1.000000 -0.000000 -0.000000 -1.000000 -0.000000 -0.000000 -1.000000 -0.000000 -0.000000 -1.000000 -0.000000 -0.000000 -1.000000 -0.000000 -0.000000 -1.000000 -0.000000 -0.000000 -1.000000 -0.000000 -0.000000 -1.000000 -0.000000 -0.000000 -1.000000 -0.000000 -0.000000 -1.000000 -0.000000 -0.000000 -1.000000 -0.000000 -0.000000 -1.000000 -0.000000 -0.000000 -1.000000 -0.000000 -0.000000 -1.000000 -0.000000 -0.000000 -1.000000 -0.000000 -0.000000 -1.000000 -0.000000 -0.000000 -1.000000 -0.000000 -0.000000 -1.000000 -0.000000 -0.000000 -1.000000 -0.000000 -0.000000 -1.000000 -0.000000 -0.000000 -1.000000 -0.000000 -0.000000 -1.000000 -0.000000 -0.000000 -1.000000 -0.000000 -0.000000 -1.000000 -0.000000 -0.000000 -1.000000 -0.000000 -0.000000 -1.000000 -0.000000 -0.000000 -1.000000 -0.000000 -0.000000 -1.000000 -0.000000 -0.000000 -1.000000 -0.000000 -0.000000 -1.000000 -0.000000 -0.000000 -1.000000 -0.000000 -0.000000 -1.000000 -0.000000 -0.000000 -1.000000 -0.000000 -0.000000 -1.000000 -0.000000 -0.000000 -1.000000 -0.000000 -0.000000 -1.000000 -0.000000 -0.000000 -1.000000 -0.000000 -0.000000 -1.000000 -0.000000 -0.000000 -1.000000 -0.000000 -0.000000 -1.000000 -0.000000 -0.000000 -1.000000 -0.000000 -0.000000 -1.000000 -0.000000 -0.000000 -1.000000 -0.000000 -0.000000 -1.000000 -0.000000 -0.000000 -1.000000 -0.000000 -0.000000 -1.000000 -0.000000 -0.000000 -1.000000 -0.000000 -0.000000 -1.000000 -0.000000 -0.000000 -1.000000 -0.000000 -0.000000 -1.000000 -0.000000 -0.000000 -1.000000 -0.000000 -0.000000 -1.000000 -0.000000 -0.000000 -1.000000 -0.000000 -0.000000 -1.000000 -0.000000 -0.000000 -1.000000 -0.000000 -0.000000 -1.000000 -0.000000 -0.000000 -1.000000 -0.000000 -0.000000 -1.000000 -0.000000 -0.000000 -1.000000 -0.000000 -0.000000 -1.000000 -0.000000 -0.000000 -1.000000 -0.000000 -0.000000 -1.000000 -0.000000 -0.000000 -1.000000 -0.000000 -0.000000 -1.000000 -0.000000 -0.000000 -1.000000 -0.000000 -0.000000 -1.000000 -0.000000 -0.000000 -1.000000 -0.000000 -0.000000 -1.000000 -0.000000 -0.000000 -1.000000 -0.000000 -0.000000 -1.000000 -0.000000 -0.000000 -1.000000 -0.000000 -0.000000 -1.000000 -0.000000 -0.000000 -1.000000 -0.000000 -0.000000 -1.000000 -0.000000 -0.000000 -1.000000 -0.000000 -0.000000 -1.000000 -0.000000 -0.713463 0.000000 -0.700692 -0.713463 0.000000 -0.700692 -0.713463 0.000000 -0.700692 -0.713463 0.000000 -0.700692 -0.516794 0.000000 -0.856110 -0.516794 0.000000 -0.856110 -0.516794 0.000000 -0.856110 -0.516794 0.000000 -0.856110 -0.287652 0.000000 -0.957735 -0.287652 0.000000 -0.957735 -0.287652 0.000000 -0.957735 -0.287652 0.000000 -0.957735 -0.040435 0.000000 -0.999182 -0.040435 0.000000 -0.999182 -0.040435 0.000000 -0.999182 -0.040435 0.000000 -0.999182 0.209321 0.000000 -0.977847 0.209321 0.000000 -0.977847 0.209321 0.000000 -0.977847 0.209321 0.000000 -0.977847 0.445926 0.000000 -0.895070 0.445926 0.000000 -0.895070 0.445926 0.000000 -0.895070 0.445926 0.000000 -0.895070 0.654511 0.000000 -0.756052 0.654511 0.000000 -0.756052 0.654511 0.000000 -0.756052 0.654511 0.000000 -0.756052 0.821971 0.000000 -0.569529 0.821971 0.000000 -0.569529 0.821971 0.000000 -0.569529 0.821971 0.000000 -0.569529 0.937783 0.000000 -0.347221 0.937783 0.000000 -0.347221 0.937783 0.000000 -0.347221 0.937783 0.000000 -0.347221 0.994672 -0.000000 -0.103095 0.994672 -0.000000 -0.103095 0.994672 -0.000000 -0.103095 0.994672 -0.000000 -0.103095 0.989061 -0.000000 0.147509 0.989061 -0.000000 0.147509 0.989061 -0.000000 0.147509 0.989061 -0.000000 0.147509 -0.347221 -0.000000 0.937783 -0.347221 -0.000000 0.937783 -0.347221 -0.000000 0.937783 -0.347221 -0.000000 0.937783 0.795658 -0.000000 0.605747 0.795658 -0.000000 0.605747 0.795658 -0.000000 0.605747 0.795658 -0.000000 0.605747 0.620017 -0.000000 0.784588 0.620017 -0.000000 0.784588 0.620017 -0.000000 0.784588 0.620017 -0.000000 0.784588 0.405419 -0.000000 0.914131 0.405419 -0.000000 0.914131 0.405419 -0.000000 0.914131 0.405419 -0.000000 0.914131 0.165347 -0.000000 0.986235 0.165347 -0.000000 0.986235 0.165347 -0.000000 0.986235 0.165347 -0.000000 0.986235 -0.085114 -0.000000 0.996371 -0.085114 -0.000000 0.996371 -0.085114 -0.000000 0.996371 -0.085114 -0.000000 0.996371 -0.330228 -0.000000 0.943901 -0.330228 -0.000000 0.943901 -0.330228 -0.000000 0.943901 -0.330228 -0.000000 0.943901 -0.554592 -0.000000 0.832123 -0.554592 -0.000000 0.832123 -0.554592 -0.000000 0.832123 -0.554592 -0.000000 0.832123 -0.744109 -0.000000 0.668059 -0.744109 -0.000000 0.668059 -0.744109 -0.000000 0.668059 -0.744109 -0.000000 0.668059 -0.886870 -0.000000 0.462018 -0.886870 -0.000000 0.462018 -0.886870 -0.000000 0.462018 -0.886870 -0.000000 0.462018 -0.973907 -0.000000 0.226947 -0.973907 -0.000000 0.226947 -0.973907 -0.000000 0.226947 -0.973907 -0.000000 0.226947 -0.999749 0.000000 -0.022384 -0.999749 0.000000 -0.022384 -0.999749 0.000000 -0.022384 -0.999749 0.000000 -0.022384 -0.962774 0.000000 -0.270308 -0.962774 0.000000 -0.270308 -0.962774 0.000000 -0.270308 -0.962774 0.000000 -0.270308 -0.865304 0.000000 -0.501248 -0.865304 0.000000 -0.501248 -0.865304 0.000000 -0.501248 -0.865304 0.000000 -0.501248 0.000000 1.000000 0.000000 0.000000 1.000000 0.000000 0.000000 1.000000 0.000000 0.000000 1.000000 0.000000 0.000000 1.000000 0.000000 0.000000 1.000000 0.000000 0.000000 1.000000 0.000000 0.000000 1.000000 0.000000 0.000000 1.000000 0.000000 0.000000 1.000000 0.000000 0.000000 1.000000 0.000000 0.000000 1.000000 0.000000 0.000000 1.000000 0.000000 0.000000 1.000000 0.000000 0.000000 1.000000 0.000000 0.000000 1.000000 0.000000 0.000000 1.000000 0.000000 0.000000 1.000000 0.000000 0.000000 1.000000 0.000000 0.000000 1.000000 0.000000 0.000000 1.000000 0.000000 0.000000 1.000000 0.000000 0.000000 1.000000 0.000000 0.000000 1.000000 0.000000 0.000000 1.000000 0.000000 0.000000 1.000000 0.000000 0.000000 1.000000 0.000000 0.000000 1.000000 0.000000 0.000000 1.000000 0.000000 0.000000 1.000000 0.000000 0.000000 1.000000 0.000000 0.000000 1.000000 0.000000 0.000000 1.000000 0.000000 0.000000 1.000000 0.000000 0.000000 1.000000 0.000000 0.000000 1.000000 0.000000 0.000000 1.000000 0.000000 0.000000 1.000000 0.000000 0.000000 1.000000 0.000000 0.000000 1.000000 0.000000 0.000000 1.000000 0.000000 0.000000 1.000000 0.000000 0.000000 1.000000 0.000000 0.000000 1.000000 0.000000 0.000000 1.000000 0.000000 0.000000 1.000000 0.000000 0.000000 1.000000 0.000000 0.000000 1.000000 0.000000 0.000000 1.000000 0.000000 0.000000 1.000000 0.000000 0.000000 1.000000 0.000000 0.000000 1.000000 0.000000 0.000000 1.000000 0.000000 0.000000 1.000000 0.000000 0.000000 1.000000 0.000000 0.000000 1.000000 0.000000 0.000000 1.000000 0.000000 0.000000 1.000000 0.000000 0.000000 1.000000 0.000000 0.000000 1.000000 0.000000 0.000000 1.000000 0.000000 0.000000 1.000000 0.000000 0.000000 1.000000 0.000000 0.000000 1.000000 0.000000 0.000000 1.000000 0.000000 0.000000 1.000000 0.000000 0.000000 1.000000 0.000000 0.000000 1.000000 0.000000 0.000000 1.000000 0.000000 0.000000 1.000000 0.000000 0.000000 1.000000 0.000000 0.000000 1.000000 0.000000 0.000000 1.000000 0.000000 0.000000 1.000000 0.000000 0.000000 1.000000 0.000000 0.000000 1.000000 0.000000 0.000000 1.000000 0.000000 0.000000 1.000000 0.000000 0.000000 1.000000 0.000000 0.000000 1.000000 0.000000 0.000000 1.000000 0.000000 0.000000 1.000000 0.000000 0.000000 1.000000 0.000000 0.000000 1.000000 0.000000 0.000000 1.000000 0.000000 0.000000 1.000000 0.000000 0.000000 1.000000 0.000000 0.000000 1.000000 0.000000 0.000000 1.000000 0.000000 0.000000 1.000000 0.000000 0.000000 1.000000 0.000000 0.000000 1.000000 0.000000 0.000000 1.000000 0.000000 0.000000 1.000000 0.000000 0.000000 1.000000 0.000000 0.000000 1.000000 0.000000 0.000000 1.000000 0.000000 0.000000 1.000000 0.000000 0.000000 1.000000 0.000000 0.000000 1.000000 0.000000 0.000000 1.000000 0.000000 0.000000 1.000000 0.000000 0.000000 1.000000 0.000000 0.000000 1.000000 0.000000 0.000000 1.000000 0.000000 0.000000 1.000000 0.000000 0.000000 1.000000 0.000000 0.000000 1.000000 0.000000 0.000000 1.000000 0.000000 0.000000 1.000000 0.000000 0.000000 1.000000 0.000000 0.000000 1.000000 0.000000 0.000000 1.000000 0.000000 0.000000 1.000000 0.000000 0.000000 1.000000 0.000000 0.000000 1.000000 0.000000 0.000000 1.000000 0.000000 0.000000 1.000000 0.000000 0.000000 1.000000 0.000000 0.000000 1.000000 0.000000 0.000000 1.000000 0.000000 0.000000 1.000000 0.000000 0.000000 1.000000 0.000000 0.000000 1.000000 0.000000 0.000000 1.000000 0.000000 0.000000 1.000000 0.000000 0.000000 1.000000 0.000000 0.000000 1.000000 0.000000 0.000000 1.000000 0.000000 0.000000 1.000000 0.000000 0.000000 1.000000 0.000000 0.000000 1.000000 0.000000 0.000000 1.000000 0.000000 0.000000 1.000000 0.000000 0.000000 1.000000 0.000000 0.000000 1.000000 0.000000 0.000000 1.000000 0.000000 0.000000 1.000000 0.000000 0.000000 1.000000 0.000000 0.000000 1.000000 0.000000 0.000000 1.000000 0.000000 0.000000 1.000000 0.000000 0.000000 1.000000 0.000000 0.000000 1.000000 0.000000 0.000000 1.000000 0.000000 0.000000 1.000000 0.000000 0.000000 1.000000 0.000000 0.000000 1.000000 0.000000 0.000000 1.000000 0.000000 0.000000 1.000000 0.000000 0.000000 1.000000 0.000000 0.000000 1.000000 0.000000 0.000000 1.000000 0.000000 0.000000 1.000000 0.000000 0.000000 1.000000 0.000000 0.000000 1.000000 0.000000 0.000000 1.000000 0.000000 0.000000 1.000000 0.000000 0.000000 1.000000 0.000000 0.000000 1.000000 0.000000 0.000000 1.000000 0.000000 0.000000 1.000000 0.000000 0.000000 1.000000 0.000000 0.000000 1.000000 0.000000 0.000000 1.000000 0.000000 0.000000 1.000000 0.000000 0.000000 1.000000 0.000000 0.000000 1.000000 0.000000 0.000000 1.000000 0.000000 0.000000 1.000000 0.000000 0.000000 1.000000 0.000000 0.000000 1.000000 0.000000 0.000000 1.000000 0.000000 0.000000 1.000000 0.000000 0.000000 1.000000 0.000000 0.000000 1.000000 0.000000 0.000000 1.000000 0.000000 0.000000 1.000000 0.000000 0.000000 1.000000 0.000000 0.000000 1.000000 0.000000 0.000000 1.000000 0.000000 0.000000 1.000000 0.000000 0.000000 1.000000 0.000000 0.000000 1.000000 0.000000 0.000000 1.000000 0.000000 0.000000 1.000000 0.000000 0.000000 1.000000 0.000000 0.000000 1.000000 0.000000 0.000000 1.000000 0.000000 0.000000 1.000000 0.000000 0.000000 1.000000 0.000000 0.000000 1.000000 0.000000 0.000000 1.000000 0.000000 0.000000 1.000000 0.000000 0.000000 1.000000 0.000000 0.000000 1.000000 0.000000 0.000000 1.000000 0.000000 0.000000 1.000000 0.000000 0.000000 1.000000 0.000000 0.000000 1.000000 0.000000 0.000000 1.000000 0.000000 0.000000 1.000000 0.000000 0.000000 1.000000 0.000000 0.000000 1.000000 0.000000 0.000000 1.000000 0.000000 0.000000 1.000000 0.000000 0.000000 1.000000 0.000000 0.000000 1.000000 0.000000 0.000000 1.000000 0.000000 0.000000 1.000000 0.000000 0.000000 1.000000 0.000000 0.000000 1.000000 0.000000 0.000000 1.000000 0.000000 0.000000 1.000000 0.000000 0.000000 1.000000 0.000000 0.000000 1.000000 0.000000 0.000000 1.000000 0.000000 0.000000 1.000000 0.000000 0.000000 1.000000 0.000000 0.000000 1.000000 0.000000 0.000000 1.000000 0.000000 0.000000 1.000000 0.000000 0.000000 1.000000 0.000000 0.000000 1.000000 0.000000 0.000000 1.000000 0.000000 0.000000 1.000000 0.000000 0.000000 1.000000 0.000000 0.000000 1.000000 0.000000 0.000000 1.000000 0.000000 0.000000 1.000000 0.000000 0.000000 1.000000 0.000000 0.000000 1.000000 0.000000 0.000000 1.000000 0.000000 0.000000 1.000000 0.000000 0.000000 1.000000 0.000000 0.000000 1.000000 0.000000 0.000000 1.000000 0.000000 0.000000 1.000000 0.000000 0.000000 1.000000 0.000000 0.000000 1.000000 0.000000 0.000000 1.000000 0.000000 0.000000 1.000000 0.000000 0.000000 1.000000 0.000000 0.000000 1.000000 0.000000 0.000000 1.000000 0.000000 0.000000 1.000000 0.000000 0.000000 1.000000 0.000000 0.000000 1.000000 0.000000 0.000000 1.000000 0.000000 0.000000 1.000000 0.000000 0.000000 1.000000 0.000000 0.000000 1.000000 0.000000 0.000000 1.000000 0.000000 0.000000 1.000000 0.000000 0.000000 1.000000 0.000000 0.000000 1.000000 0.000000 0.000000 1.000000 0.000000 0.000000 1.000000 0.000000 0.000000 1.000000 0.000000 0.000000 1.000000 0.000000 0.000000 1.000000 0.000000 0.000000 1.000000 0.000000 0.000000 1.000000 0.000000 0.000000 1.000000 0.000000 0.000000 1.000000 0.000000 0.000000 1.000000 0.000000 0.000000 1.000000 0.000000 0.000000 1.000000 0.000000 0.000000 1.000000 0.000000 0.000000 1.000000 0.000000 0.000000 1.000000 0.000000 0.000000 1.000000 0.000000 0.000000 1.000000 0.000000 0.000000 1.000000 0.000000 0.000000 1.000000 0.000000 0.000000 1.000000 0.000000 0.000000 1.000000 0.000000 0.000000 1.000000 0.000000 0.000000 1.000000 0.000000 0.000000 1.000000 0.000000 0.000000 1.000000 0.000000 0.000000 1.000000 0.000000 0.000000 1.000000 0.000000 0.000000 1.000000 0.000000 0.000000 1.000000 0.000000 0.000000 1.000000 0.000000 0.000000 1.000000 0.000000 0.000000 1.000000 0.000000 0.000000 1.000000 0.000000 0.000000 1.000000 0.000000 0.000000 1.000000 0.000000 0.000000 1.000000 0.000000 0.000000 1.000000 0.000000 0.000000 1.000000 0.000000 0.000000 1.000000 0.000000 0.000000 1.000000 0.000000 0.000000 1.000000 0.000000 0.000000 1.000000 0.000000 0.000000 1.000000 0.000000 0.000000 1.000000 0.000000 0.000000 1.000000 0.000000 0.000000 1.000000 0.000000 0.000000 1.000000 0.000000 0.000000 1.000000 0.000000 0.000000 1.000000 0.000000 0.000000 1.000000 0.000000 0.000000 1.000000 0.000000 0.000000 1.000000 0.000000 0.000000 1.000000 0.000000 0.000000 1.000000 0.000000 0.000000 1.000000 0.000000 0.000000 1.000000 0.000000 0.000000 1.000000 0.000000 0.000000 1.000000 0.000000 0.000000 1.000000 0.000000 0.000000 1.000000 0.000000 0.000000 1.000000 0.000000 0.000000 1.000000 0.000000 0.000000 1.000000 0.000000 0.000000 1.000000 0.000000 0.000000 1.000000 0.000000 0.000000 1.000000 0.000000 0.000000 1.000000 0.000000 0.000000 1.000000 0.000000 0.000000 1.000000 0.000000 0.000000 1.000000 0.000000 0.000000 1.000000 0.000000 0.000000 1.000000 0.000000 0.000000 1.000000 0.000000 0.000000 1.000000 0.000000 0.000000 1.000000 0.000000 0.000000 1.000000 0.000000 0.000000 1.000000 0.000000 0.000000 1.000000 0.000000 0.000000 1.000000 0.000000 0.000000 1.000000 0.000000 0.000000 1.000000 0.000000 0.000000 1.000000 0.000000 0.000000 1.000000 0.000000 0.000000 1.000000 0.000000 0.000000 1.000000 0.000000 0.000000 1.000000 0.000000 -0.938450 -0.000000 0.345416 -0.938450 -0.000000 0.345416 -0.947010 -0.000000 0.321204 -0.947010 -0.000000 0.321204 -0.954946 -0.000000 0.296779 -0.954946 -0.000000 0.296779 -0.962252 -0.000000 0.272160 -0.962252 -0.000000 0.272160 0.107583 -0.000000 0.994196 0.107583 -0.000000 0.994196 0.018972 -0.000000 0.999820 0.018972 -0.000000 0.999820 -0.069789 -0.000000 0.997562 -0.069789 -0.000000 0.997562 -0.158000 -0.000000 0.987439 -0.158000 -0.000000 0.987439 -0.244965 -0.000000 0.969532 -0.244965 -0.000000 0.969532 -0.329999 -0.000000 0.943981 -0.329999 -0.000000 0.943981 -0.412431 -0.000000 0.910989 -0.412431 -0.000000 0.910989 -0.673756 0.000000 -0.738953 -0.673756 0.000000 -0.738953 -0.605554 0.000000 -0.795804 -0.605554 0.000000 -0.795804 -0.532577 0.000000 -0.846381 -0.532577 0.000000 -0.846381 -0.455402 0.000000 -0.890286 -0.455402 0.000000 -0.890286 -0.374637 0.000000 -0.927172 -0.374637 0.000000 -0.927172 -0.290918 0.000000 -0.956748 -0.290918 0.000000 -0.956748 -0.204906 0.000000 -0.978782 -0.204906 0.000000 -0.978782 -0.999258 0.000000 0.038513 -0.999258 0.000000 0.038513 -0.999918 0.000000 0.012840 -0.999918 0.000000 0.012840 -0.999918 0.000000 -0.012840 -0.999918 0.000000 -0.012840 -0.999258 0.000000 -0.038513 -0.999258 0.000000 -0.038513 -0.204906 -0.000000 0.978782 -0.204906 -0.000000 0.978782 -0.290918 -0.000000 0.956748 -0.290918 -0.000000 0.956748 -0.374637 -0.000000 0.927172 -0.374637 -0.000000 0.927172 -0.455402 -0.000000 0.890286 -0.455402 -0.000000 0.890286 -0.532577 -0.000000 0.846381 -0.532577 -0.000000 0.846381 -0.605554 -0.000000 0.795804 -0.605554 -0.000000 0.795804 -0.673756 -0.000000 0.738953 -0.673756 -0.000000 0.738953 -0.991378 0.000000 -0.131030 -0.991378 0.000000 -0.131030 -0.988991 0.000000 -0.147977 -0.988991 0.000000 -0.147977 -0.986314 0.000000 -0.164880 -0.986314 0.000000 -0.164880 -0.983347 0.000000 -0.181735 -0.983347 0.000000 -0.181735 -0.412431 0.000000 -0.910989 -0.412431 0.000000 -0.910989 -0.329999 0.000000 -0.943981 -0.329999 0.000000 -0.943981 -0.244965 0.000000 -0.969532 -0.244965 0.000000 -0.969532 -0.158000 0.000000 -0.987439 -0.158000 0.000000 -0.987439 -0.069789 0.000000 -0.997562 -0.069789 0.000000 -0.997562 0.018972 0.000000 -0.999820 0.018972 0.000000 -0.999820 0.107583 0.000000 -0.994196 0.107583 0.000000 -0.994196 -0.962252 0.000000 -0.272160 -0.962252 0.000000 -0.272160 -0.954946 0.000000 -0.296779 -0.954946 0.000000 -0.296779 -0.947010 0.000000 -0.321204 -0.947010 0.000000 -0.321204 -0.938450 0.000000 -0.345416 -0.938450 0.000000 -0.345416 -0.497337 -0.000000 0.867557 -0.497337 -0.000000 0.867557 -0.572331 -0.000000 0.820023 -0.572331 -0.000000 0.820023 -0.642813 -0.000000 0.766023 -0.642813 -0.000000 0.766023 -0.708227 -0.000000 0.705985 -0.708227 -0.000000 0.705985 -0.768057 -0.000000 0.640381 -0.768057 -0.000000 0.640381 -0.821833 -0.000000 0.569728 -0.821833 -0.000000 0.569728 -0.869130 -0.000000 0.494584 -0.869130 -0.000000 0.494584 -0.902366 0.000000 -0.430970 -0.902366 0.000000 -0.430970 -0.894859 0.000000 -0.446350 -0.894859 0.000000 -0.446350 -0.887089 0.000000 -0.461598 -0.887089 0.000000 -0.461598 -0.879060 0.000000 -0.476712 -0.879060 0.000000 -0.476712 -0.110734 0.000000 -0.993850 -0.110734 0.000000 -0.993850 -0.022141 0.000000 -0.999755 -0.022141 0.000000 -0.999755 0.066626 0.000000 -0.997778 0.066626 0.000000 -0.997778 0.154869 0.000000 -0.987935 0.154869 0.000000 -0.987935 0.241890 0.000000 -0.970304 0.241890 0.000000 -0.970304 0.327005 0.000000 -0.945023 0.327005 0.000000 -0.945023 0.409541 0.000000 -0.912292 0.409541 0.000000 -0.912292 -0.831054 0.000000 -0.556192 -0.831054 0.000000 -0.556192 -0.816498 0.000000 -0.577349 -0.816498 0.000000 -0.577349 -0.801403 0.000000 -0.598125 -0.801403 0.000000 -0.598125 -0.785779 0.000000 -0.618507 -0.785779 0.000000 -0.618507 -0.741086 -0.000000 0.671410 -0.741086 -0.000000 0.671410 -0.797720 -0.000000 0.603028 -0.797720 -0.000000 0.603028 -0.848065 -0.000000 0.529892 -0.848065 -0.000000 0.529892 -0.891725 -0.000000 0.452578 -0.891725 -0.000000 0.452578 -0.928355 -0.000000 0.371696 -0.928355 -0.000000 0.371696 -0.957665 -0.000000 0.287884 -0.957665 -0.000000 0.287884 -0.979426 -0.000000 0.201802 -0.979426 -0.000000 0.201802 -0.725024 0.000000 -0.688723 -0.725024 0.000000 -0.688723 -0.713132 0.000000 -0.701030 -0.713132 0.000000 -0.701030 -0.701030 0.000000 -0.713132 -0.701030 0.000000 -0.713132 -0.688723 0.000000 -0.725024 -0.688723 0.000000 -0.725024 0.201802 0.000000 -0.979426 0.201802 0.000000 -0.979426 0.287884 0.000000 -0.957665 0.287884 0.000000 -0.957665 0.371696 0.000000 -0.928355 0.371696 0.000000 -0.928355 0.452578 0.000000 -0.891725 0.452578 0.000000 -0.891725 0.529892 0.000000 -0.848065 0.529892 0.000000 -0.848065 0.603028 0.000000 -0.797720 0.603028 0.000000 -0.797720 0.671410 0.000000 -0.741086 0.671410 0.000000 -0.741086 -0.618507 0.000000 -0.785779 -0.618507 0.000000 -0.785779 -0.598125 0.000000 -0.801403 -0.598125 0.000000 -0.801403 -0.577349 0.000000 -0.816498 -0.577349 0.000000 -0.816498 -0.556192 0.000000 -0.831054 -0.556192 0.000000 -0.831054 -0.476712 0.000000 -0.879060 -0.476712 0.000000 -0.879060 -0.461598 0.000000 -0.887089 -0.461598 0.000000 -0.887089 -0.446350 0.000000 -0.894859 -0.446350 0.000000 -0.894859 -0.430970 0.000000 -0.902366 -0.430970 0.000000 -0.902366 0.494584 0.000000 -0.869130 0.494584 0.000000 -0.869130 0.569728 0.000000 -0.821833 0.569728 0.000000 -0.821833 0.640381 0.000000 -0.768057 0.640381 0.000000 -0.768057 0.705985 0.000000 -0.708227 0.705985 0.000000 -0.708227 0.766023 0.000000 -0.642813 0.766023 0.000000 -0.642813 0.820023 0.000000 -0.572331 0.820023 0.000000 -0.572331 0.867557 0.000000 -0.497337 0.867557 0.000000 -0.497337 -0.345416 0.000000 -0.938450 -0.345416 0.000000 -0.938450 -0.321204 0.000000 -0.947010 -0.321204 0.000000 -0.947010 -0.296779 0.000000 -0.954946 -0.296779 0.000000 -0.954946 -0.272160 0.000000 -0.962252 -0.272160 0.000000 -0.962252 -0.994196 0.000000 0.107583 -0.994196 0.000000 0.107583 -0.999820 0.000000 0.018972 -0.999820 0.000000 0.018972 -0.997562 0.000000 -0.069789 -0.997562 0.000000 -0.069789 -0.987439 0.000000 -0.158000 -0.987439 0.000000 -0.158000 -0.969532 0.000000 -0.244965 -0.969532 0.000000 -0.244965 -0.943981 0.000000 -0.329999 -0.943981 0.000000 -0.329999 -0.910989 0.000000 -0.412431 -0.910989 0.000000 -0.412431 -0.181735 0.000000 -0.983347 -0.181735 0.000000 -0.983347 -0.164880 0.000000 -0.986314 -0.164880 0.000000 -0.986314 -0.147977 0.000000 -0.988991 -0.147977 0.000000 -0.988991 -0.131030 0.000000 -0.991378 -0.131030 0.000000 -0.991378 0.738953 0.000000 -0.673756 0.738953 0.000000 -0.673756 0.795804 0.000000 -0.605554 0.795804 0.000000 -0.605554 0.846381 0.000000 -0.532577 0.846381 0.000000 -0.532577 0.890286 0.000000 -0.455402 0.890286 0.000000 -0.455402 0.927172 0.000000 -0.374637 0.927172 0.000000 -0.374637 0.956748 0.000000 -0.290918 0.956748 0.000000 -0.290918 0.978782 0.000000 -0.204906 0.978782 0.000000 -0.204906 -0.038513 0.000000 -0.999258 -0.038513 0.000000 -0.999258 -0.012840 0.000000 -0.999918 -0.012840 0.000000 -0.999918 0.012840 0.000000 -0.999918 0.012840 0.000000 -0.999918 0.038513 0.000000 -0.999258 0.038513 0.000000 -0.999258 -0.978782 0.000000 -0.204906 -0.978782 0.000000 -0.204906 -0.956748 0.000000 -0.290918 -0.956748 0.000000 -0.290918 -0.927172 0.000000 -0.374637 -0.927172 0.000000 -0.374637 -0.890286 0.000000 -0.455402 -0.890286 0.000000 -0.455402 -0.846381 0.000000 -0.532577 -0.846381 0.000000 -0.532577 -0.795804 0.000000 -0.605554 -0.795804 0.000000 -0.605554 -0.738953 0.000000 -0.673756 -0.738953 0.000000 -0.673756 0.131030 0.000000 -0.991378 0.131030 0.000000 -0.991378 0.147977 0.000000 -0.988991 0.147977 0.000000 -0.988991 0.164880 0.000000 -0.986314 0.164880 0.000000 -0.986314 0.181735 0.000000 -0.983347 0.181735 0.000000 -0.983347 0.910989 0.000000 -0.412431 0.910989 0.000000 -0.412431 0.943981 0.000000 -0.329999 0.943981 0.000000 -0.329999 0.969532 0.000000 -0.244965 0.969532 0.000000 -0.244965 0.987439 0.000000 -0.158000 0.987439 0.000000 -0.158000 0.997562 -0.000000 -0.069789 0.997562 -0.000000 -0.069789 0.999820 -0.000000 0.018972 0.999820 -0.000000 0.018972 0.994196 -0.000000 0.107583 0.994196 -0.000000 0.107583 0.272160 0.000000 -0.962252 0.272160 0.000000 -0.962252 0.296779 0.000000 -0.954946 0.296779 0.000000 -0.954946 0.321204 0.000000 -0.947010 0.321204 0.000000 -0.947010 0.345416 0.000000 -0.938450 0.345416 0.000000 -0.938450 -0.867557 0.000000 -0.497337 -0.867557 0.000000 -0.497337 -0.820023 0.000000 -0.572331 -0.820023 0.000000 -0.572331 -0.766023 0.000000 -0.642813 -0.766023 0.000000 -0.642813 -0.705985 0.000000 -0.708227 -0.705985 0.000000 -0.708227 -0.640381 0.000000 -0.768057 -0.640381 0.000000 -0.768057 -0.569728 0.000000 -0.821833 -0.569728 0.000000 -0.821833 -0.494584 0.000000 -0.869130 -0.494584 0.000000 -0.869130 0.430970 0.000000 -0.902366 0.430970 0.000000 -0.902366 0.446350 0.000000 -0.894859 0.446350 0.000000 -0.894859 0.461598 0.000000 -0.887089 0.461598 0.000000 -0.887089 0.476712 0.000000 -0.879060 0.476712 0.000000 -0.879060 0.993850 -0.000000 -0.110734 0.993850 -0.000000 -0.110734 0.999755 -0.000000 -0.022141 0.999755 -0.000000 -0.022141 0.997778 -0.000000 0.066626 0.997778 -0.000000 0.066626 0.987935 -0.000000 0.154869 0.987935 -0.000000 0.154869 0.970304 -0.000000 0.241890 0.970304 -0.000000 0.241890 0.945023 -0.000000 0.327005 0.945023 -0.000000 0.327005 0.912292 -0.000000 0.409541 0.912292 -0.000000 0.409541 0.556192 0.000000 -0.831054 0.556192 0.000000 -0.831054 0.577349 0.000000 -0.816498 0.577349 0.000000 -0.816498 0.598125 0.000000 -0.801403 0.598125 0.000000 -0.801403 0.618507 0.000000 -0.785779 0.618507 0.000000 -0.785779 -0.671410 0.000000 -0.741086 -0.671410 0.000000 -0.741086 -0.603028 0.000000 -0.797720 -0.603028 0.000000 -0.797720 -0.529892 0.000000 -0.848065 -0.529892 0.000000 -0.848065 -0.452578 0.000000 -0.891725 -0.452578 0.000000 -0.891725 -0.371696 0.000000 -0.928355 -0.371696 0.000000 -0.928355 -0.287884 0.000000 -0.957665 -0.287884 0.000000 -0.957665 -0.201802 0.000000 -0.979426 -0.201802 0.000000 -0.979426 0.688723 0.000000 -0.725024 0.688723 0.000000 -0.725024 0.701030 0.000000 -0.713132 0.701030 0.000000 -0.713132 0.713132 0.000000 -0.701030 0.713132 0.000000 -0.701030 0.725024 0.000000 -0.688723 0.725024 0.000000 -0.688723 0.979426 -0.000000 0.201802 0.979426 -0.000000 0.201802 0.957665 -0.000000 0.287884 0.957665 -0.000000 0.287884 0.928355 -0.000000 0.371696 0.928355 -0.000000 0.371696 0.891725 -0.000000 0.452578 0.891725 -0.000000 0.452578 0.848065 -0.000000 0.529892 0.848065 -0.000000 0.529892 0.797720 -0.000000 0.603028 0.797720 -0.000000 0.603028 0.741086 -0.000000 0.671410 0.741086 -0.000000 0.671410 0.785779 0.000000 -0.618507 0.785779 0.000000 -0.618507 0.801403 0.000000 -0.598125 0.801403 0.000000 -0.598125 0.816498 0.000000 -0.577349 0.816498 0.000000 -0.577349 0.831054 0.000000 -0.556192 0.831054 0.000000 -0.556192 -0.409541 0.000000 -0.912292 -0.409541 0.000000 -0.912292 -0.327005 0.000000 -0.945023 -0.327005 0.000000 -0.945023 -0.241890 0.000000 -0.970304 -0.241890 0.000000 -0.970304 -0.154869 0.000000 -0.987935 -0.154869 0.000000 -0.987935 -0.066626 0.000000 -0.997778 -0.066626 0.000000 -0.997778 0.022141 0.000000 -0.999755 0.022141 0.000000 -0.999755 0.110734 0.000000 -0.993850 0.110734 0.000000 -0.993850 0.879060 0.000000 -0.476712 0.879060 0.000000 -0.476712 0.887089 0.000000 -0.461598 0.887089 0.000000 -0.461598 0.894859 0.000000 -0.446350 0.894859 0.000000 -0.446350 0.902366 0.000000 -0.430970 0.902366 0.000000 -0.430970 0.869130 -0.000000 0.494584 0.869130 -0.000000 0.494584 0.821833 -0.000000 0.569728 0.821833 -0.000000 0.569728 0.768057 -0.000000 0.640381 0.768057 -0.000000 0.640381 0.708227 -0.000000 0.705985 0.708227 -0.000000 0.705985 0.642813 -0.000000 0.766023 0.642813 -0.000000 0.766023 0.572331 -0.000000 0.820023 0.572331 -0.000000 0.820023 0.497337 -0.000000 0.867557 0.497337 -0.000000 0.867557 0.938450 0.000000 -0.345416 0.938450 0.000000 -0.345416 0.947010 0.000000 -0.321204 0.947010 0.000000 -0.321204 0.954946 0.000000 -0.296779 0.954946 0.000000 -0.296779 0.962252 0.000000 -0.272160 0.962252 0.000000 -0.272160 -0.107583 0.000000 -0.994196 -0.107583 0.000000 -0.994196 -0.018972 0.000000 -0.999820 -0.018972 0.000000 -0.999820 0.069789 0.000000 -0.997562 0.069789 0.000000 -0.997562 0.158000 0.000000 -0.987439 0.158000 0.000000 -0.987439 0.244965 0.000000 -0.969532 0.244965 0.000000 -0.969532 0.329999 0.000000 -0.943981 0.329999 0.000000 -0.943981 0.412431 0.000000 -0.910989 0.412431 0.000000 -0.910989 0.983347 0.000000 -0.181735 0.983347 0.000000 -0.181735 0.986314 0.000000 -0.164880 0.986314 0.000000 -0.164880 0.988991 -0.000000 -0.147977 0.988991 -0.000000 -0.147977 0.991378 -0.000000 -0.131030 0.991378 -0.000000 -0.131030 0.673756 -0.000000 0.738953 0.673756 -0.000000 0.738953 0.605554 -0.000000 0.795804 0.605554 -0.000000 0.795804 0.532577 -0.000000 0.846381 0.532577 -0.000000 0.846381 0.455402 -0.000000 0.890286 0.455402 -0.000000 0.890286 0.374637 -0.000000 0.927172 0.374637 -0.000000 0.927172 0.290918 -0.000000 0.956748 0.290918 -0.000000 0.956748 0.204906 -0.000000 0.978782 0.204906 -0.000000 0.978782 0.999258 -0.000000 -0.038513 0.999258 -0.000000 -0.038513 0.999918 -0.000000 -0.012840 0.999918 -0.000000 -0.012840 0.999918 -0.000000 0.012840 0.999918 -0.000000 0.012840 0.999258 -0.000000 0.038513 0.999258 -0.000000 0.038513 0.204906 0.000000 -0.978782 0.204906 0.000000 -0.978782 0.290918 0.000000 -0.956748 0.290918 0.000000 -0.956748 0.374637 0.000000 -0.927172 0.374637 0.000000 -0.927172 0.455402 0.000000 -0.890286 0.455402 0.000000 -0.890286 0.532577 0.000000 -0.846381 0.532577 0.000000 -0.846381 0.605554 0.000000 -0.795804 0.605554 0.000000 -0.795804 0.673756 0.000000 -0.738953 0.673756 0.000000 -0.738953 0.991378 -0.000000 0.131030 0.991378 -0.000000 0.131030 0.988991 -0.000000 0.147977 0.988991 -0.000000 0.147977 0.986314 -0.000000 0.164880 0.986314 -0.000000 0.164880 0.983347 -0.000000 0.181735 0.983347 -0.000000 0.181735 0.412431 -0.000000 0.910989 0.412431 -0.000000 0.910989 0.329999 -0.000000 0.943981 0.329999 -0.000000 0.943981 0.244965 -0.000000 0.969532 0.244965 -0.000000 0.969532 0.158000 -0.000000 0.987439 0.158000 -0.000000 0.987439 0.069789 -0.000000 0.997562 0.069789 -0.000000 0.997562 -0.018972 -0.000000 0.999820 -0.018972 -0.000000 0.999820 -0.107583 -0.000000 0.994196 -0.107583 -0.000000 0.994196 0.962252 -0.000000 0.272160 0.962252 -0.000000 0.272160 0.954946 -0.000000 0.296779 0.954946 -0.000000 0.296779 0.947010 -0.000000 0.321204 0.947010 -0.000000 0.321204 0.938450 -0.000000 0.345416 0.938450 -0.000000 0.345416 0.497337 0.000000 -0.867557 0.497337 0.000000 -0.867557 0.572331 0.000000 -0.820023 0.572331 0.000000 -0.820023 0.642813 0.000000 -0.766023 0.642813 0.000000 -0.766023 0.708227 0.000000 -0.705985 0.708227 0.000000 -0.705985 0.768057 0.000000 -0.640381 0.768057 0.000000 -0.640381 0.821833 0.000000 -0.569728 0.821833 0.000000 -0.569728 0.869130 0.000000 -0.494584 0.869130 0.000000 -0.494584 0.902366 -0.000000 0.430970 0.902366 -0.000000 0.430970 0.894859 -0.000000 0.446350 0.894859 -0.000000 0.446350 0.887089 -0.000000 0.461598 0.887089 -0.000000 0.461598 0.879060 -0.000000 0.476712 0.879060 -0.000000 0.476712 0.110734 -0.000000 0.993850 0.110734 -0.000000 0.993850 0.022141 -0.000000 0.999755 0.022141 -0.000000 0.999755 -0.066626 -0.000000 0.997778 -0.066626 -0.000000 0.997778 -0.154869 -0.000000 0.987935 -0.154869 -0.000000 0.987935 -0.241890 -0.000000 0.970304 -0.241890 -0.000000 0.970304 -0.327005 -0.000000 0.945023 -0.327005 -0.000000 0.945023 -0.409541 -0.000000 0.912292 -0.409541 -0.000000 0.912292 0.831054 -0.000000 0.556192 0.831054 -0.000000 0.556192 0.816498 -0.000000 0.577349 0.816498 -0.000000 0.577349 0.801403 -0.000000 0.598125 0.801403 -0.000000 0.598125 0.785779 -0.000000 0.618507 0.785779 -0.000000 0.618507 0.741086 0.000000 -0.671410 0.741086 0.000000 -0.671410 0.797720 0.000000 -0.603028 0.797720 0.000000 -0.603028 0.848065 0.000000 -0.529892 0.848065 0.000000 -0.529892 0.891725 0.000000 -0.452578 0.891725 0.000000 -0.452578 0.928355 0.000000 -0.371696 0.928355 0.000000 -0.371696 0.957665 0.000000 -0.287884 0.957665 0.000000 -0.287884 0.979426 0.000000 -0.201802 0.979426 0.000000 -0.201802 0.725024 -0.000000 0.688723 0.725024 -0.000000 0.688723 0.713132 -0.000000 0.701030 0.713132 -0.000000 0.701030 0.701030 -0.000000 0.713132 0.701030 -0.000000 0.713132 0.688723 -0.000000 0.725024 0.688723 -0.000000 0.725024 -0.201802 -0.000000 0.979426 -0.201802 -0.000000 0.979426 -0.287884 -0.000000 0.957665 -0.287884 -0.000000 0.957665 -0.371696 -0.000000 0.928355 -0.371696 -0.000000 0.928355 -0.452578 -0.000000 0.891725 -0.452578 -0.000000 0.891725 -0.529892 -0.000000 0.848065 -0.529892 -0.000000 0.848065 -0.603028 -0.000000 0.797720 -0.603028 -0.000000 0.797720 -0.671410 -0.000000 0.741086 -0.671410 -0.000000 0.741086 0.618507 -0.000000 0.785779 0.618507 -0.000000 0.785779 0.598125 -0.000000 0.801403 0.598125 -0.000000 0.801403 0.577349 -0.000000 0.816498 0.577349 -0.000000 0.816498 0.556192 -0.000000 0.831054 0.556192 -0.000000 0.831054 0.912292 0.000000 -0.409541 0.912292 0.000000 -0.409541 0.945023 0.000000 -0.327005 0.945023 0.000000 -0.327005 0.970304 0.000000 -0.241890 0.970304 0.000000 -0.241890 0.987935 -0.000000 -0.154869 0.987935 -0.000000 -0.154869 0.997778 -0.000000 -0.066626 0.997778 -0.000000 -0.066626 0.999755 -0.000000 0.022141 0.999755 -0.000000 0.022141 0.993850 -0.000000 0.110734 0.993850 -0.000000 0.110734 0.476712 -0.000000 0.879060 0.476712 -0.000000 0.879060 0.461598 -0.000000 0.887089 0.461598 -0.000000 0.887089 0.446350 -0.000000 0.894859 0.446350 -0.000000 0.894859 0.430970 -0.000000 0.902366 0.430970 -0.000000 0.902366 -0.494584 -0.000000 0.869130 -0.494584 -0.000000 0.869130 -0.569728 -0.000000 0.821833 -0.569728 -0.000000 0.821833 -0.640381 -0.000000 0.768057 -0.640381 -0.000000 0.768057 -0.705985 -0.000000 0.708227 -0.705985 -0.000000 0.708227 -0.766023 -0.000000 0.642813 -0.766023 -0.000000 0.642813 -0.820023 -0.000000 0.572331 -0.820023 -0.000000 0.572331 -0.867557 -0.000000 0.497337 -0.867557 -0.000000 0.497337 0.345416 -0.000000 0.938450 0.345416 -0.000000 0.938450 0.321204 -0.000000 0.947010 0.321204 -0.000000 0.947010 0.296779 -0.000000 0.954946 0.296779 -0.000000 0.954946 0.272160 -0.000000 0.962252 0.272160 -0.000000 0.962252 0.994196 -0.000000 -0.107583 0.994196 -0.000000 -0.107583 0.999820 -0.000000 -0.018972 0.999820 -0.000000 -0.018972 0.997562 -0.000000 0.069789 0.997562 -0.000000 0.069789 0.987439 -0.000000 0.158000 0.987439 -0.000000 0.158000 0.969532 -0.000000 0.244965 0.969532 -0.000000 0.244965 0.943981 -0.000000 0.329999 0.943981 -0.000000 0.329999 0.910989 -0.000000 0.412431 0.910989 -0.000000 0.412431 0.181735 -0.000000 0.983347 0.181735 -0.000000 0.983347 0.164880 -0.000000 0.986314 0.164880 -0.000000 0.986314 0.147977 -0.000000 0.988991 0.147977 -0.000000 0.988991 0.131030 -0.000000 0.991378 0.131030 -0.000000 0.991378 -0.738953 -0.000000 0.673756 -0.738953 -0.000000 0.673756 -0.795804 -0.000000 0.605554 -0.795804 -0.000000 0.605554 -0.846381 -0.000000 0.532577 -0.846381 -0.000000 0.532577 -0.890286 -0.000000 0.455402 -0.890286 -0.000000 0.455402 -0.927172 -0.000000 0.374637 -0.927172 -0.000000 0.374637 -0.956748 -0.000000 0.290918 -0.956748 -0.000000 0.290918 -0.978782 -0.000000 0.204906 -0.978782 -0.000000 0.204906 0.038513 -0.000000 0.999258 0.038513 -0.000000 0.999258 0.012840 -0.000000 0.999918 0.012840 -0.000000 0.999918 -0.012840 -0.000000 0.999918 -0.012840 -0.000000 0.999918 -0.038513 -0.000000 0.999258 -0.038513 -0.000000 0.999258 0.978782 -0.000000 0.204906 0.978782 -0.000000 0.204906 0.956748 -0.000000 0.290918 0.956748 -0.000000 0.290918 0.927172 -0.000000 0.374637 0.927172 -0.000000 0.374637 0.890286 -0.000000 0.455402 0.890286 -0.000000 0.455402 0.846381 -0.000000 0.532577 0.846381 -0.000000 0.532577 0.795804 -0.000000 0.605554 0.795804 -0.000000 0.605554 0.738953 -0.000000 0.673756 0.738953 -0.000000 0.673756 -0.131030 -0.000000 0.991378 -0.131030 -0.000000 0.991378 -0.147977 -0.000000 0.988991 -0.147977 -0.000000 0.988991 -0.164880 -0.000000 0.986314 -0.164880 -0.000000 0.986314 -0.181735 -0.000000 0.983347 -0.181735 -0.000000 0.983347 -0.272160 -0.000000 0.962252 -0.272160 -0.000000 0.962252 -0.296779 -0.000000 0.954946 -0.296779 -0.000000 0.954946 -0.321204 -0.000000 0.947010 -0.321204 -0.000000 0.947010 -0.345416 -0.000000 0.938450 -0.345416 -0.000000 0.938450 0.867557 -0.000000 0.497337 0.867557 -0.000000 0.497337 0.820023 -0.000000 0.572331 0.820023 -0.000000 0.572331 0.766023 -0.000000 0.642813 0.766023 -0.000000 0.642813 0.705985 -0.000000 0.708227 0.705985 -0.000000 0.708227 0.640381 -0.000000 0.768057 0.640381 -0.000000 0.768057 0.569728 -0.000000 0.821833 0.569728 -0.000000 0.821833 0.494584 -0.000000 0.869130 0.494584 -0.000000 0.869130 -0.430970 -0.000000 0.902366 -0.430970 -0.000000 0.902366 -0.446350 -0.000000 0.894859 -0.446350 -0.000000 0.894859 -0.461598 -0.000000 0.887089 -0.461598 -0.000000 0.887089 -0.476712 -0.000000 0.879060 -0.476712 -0.000000 0.879060 -0.993850 0.000000 0.110734 -0.993850 0.000000 0.110734 -0.999755 0.000000 0.022141 -0.999755 0.000000 0.022141 -0.997778 0.000000 -0.066626 -0.997778 0.000000 -0.066626 -0.987935 0.000000 -0.154869 -0.987935 0.000000 -0.154869 -0.970304 0.000000 -0.241890 -0.970304 0.000000 -0.241890 -0.945023 0.000000 -0.327005 -0.945023 0.000000 -0.327005 -0.912292 0.000000 -0.409541 -0.912292 0.000000 -0.409541 -0.556192 -0.000000 0.831054 -0.556192 -0.000000 0.831054 -0.577349 -0.000000 0.816498 -0.577349 -0.000000 0.816498 -0.598125 -0.000000 0.801403 -0.598125 -0.000000 0.801403 -0.618507 -0.000000 0.785779 -0.618507 -0.000000 0.785779 0.671410 -0.000000 0.741086 0.671410 -0.000000 0.741086 0.603028 -0.000000 0.797720 0.603028 -0.000000 0.797720 0.529892 -0.000000 0.848065 0.529892 -0.000000 0.848065 0.452578 -0.000000 0.891725 0.452578 -0.000000 0.891725 0.371696 -0.000000 0.928355 0.371696 -0.000000 0.928355 0.287884 -0.000000 0.957665 0.287884 -0.000000 0.957665 0.201802 -0.000000 0.979426 0.201802 -0.000000 0.979426 -0.688723 -0.000000 0.725024 -0.688723 -0.000000 0.725024 -0.701030 -0.000000 0.713132 -0.701030 -0.000000 0.713132 -0.713132 -0.000000 0.701030 -0.713132 -0.000000 0.701030 -0.725024 -0.000000 0.688723 -0.725024 -0.000000 0.688723 -0.979426 0.000000 -0.201802 -0.979426 0.000000 -0.201802 -0.957665 0.000000 -0.287884 -0.957665 0.000000 -0.287884 -0.928355 0.000000 -0.371696 -0.928355 0.000000 -0.371696 -0.891725 0.000000 -0.452578 -0.891725 0.000000 -0.452578 -0.848065 0.000000 -0.529892 -0.848065 0.000000 -0.529892 -0.797720 0.000000 -0.603028 -0.797720 0.000000 -0.603028 -0.741086 0.000000 -0.671410 -0.741086 0.000000 -0.671410 -0.785779 -0.000000 0.618507 -0.785779 -0.000000 0.618507 -0.801403 -0.000000 0.598125 -0.801403 -0.000000 0.598125 -0.816498 -0.000000 0.577349 -0.816498 -0.000000 0.577349 -0.831054 -0.000000 0.556192 -0.831054 -0.000000 0.556192 0.409541 -0.000000 0.912292 0.409541 -0.000000 0.912292 0.327005 -0.000000 0.945023 0.327005 -0.000000 0.945023 0.241890 -0.000000 0.970304 0.241890 -0.000000 0.970304 0.154869 -0.000000 0.987935 0.154869 -0.000000 0.987935 0.066626 -0.000000 0.997778 0.066626 -0.000000 0.997778 -0.022141 -0.000000 0.999755 -0.022141 -0.000000 0.999755 -0.110734 -0.000000 0.993850 -0.110734 -0.000000 0.993850 -0.879060 -0.000000 0.476712 -0.879060 -0.000000 0.476712 -0.887089 -0.000000 0.461598 -0.887089 -0.000000 0.461598 -0.894859 -0.000000 0.446350 -0.894859 -0.000000 0.446350 -0.902366 -0.000000 0.430970 -0.902366 -0.000000 0.430970 -0.869130 0.000000 -0.494584 -0.869130 0.000000 -0.494584 -0.821833 0.000000 -0.569728 -0.821833 0.000000 -0.569728 -0.768057 0.000000 -0.640381 -0.768057 0.000000 -0.640381 -0.708227 0.000000 -0.705985 -0.708227 0.000000 -0.705985 -0.642813 0.000000 -0.766023 -0.642813 0.000000 -0.766023 -0.572331 0.000000 -0.820023 -0.572331 0.000000 -0.820023 -0.497337 0.000000 -0.867557 -0.497337 0.000000 -0.867557 -0.000000 -1.000000 -0.000000 -0.000000 -1.000000 -0.000000 -0.000000 -1.000000 -0.000000 -0.000000 -1.000000 -0.000000 -0.000000 -1.000000 -0.000000 -0.000000 -1.000000 -0.000000 -0.000000 -1.000000 -0.000000 -0.000000 -1.000000 -0.000000 -0.000000 -1.000000 -0.000000 -0.000000 -1.000000 -0.000000 -0.000000 -1.000000 -0.000000 -0.000000 -1.000000 -0.000000 -0.000000 -1.000000 -0.000000 -0.000000 -1.000000 -0.000000 -0.000000 -1.000000 -0.000000 -0.000000 -1.000000 -0.000000 -0.000000 -1.000000 -0.000000 -0.000000 -1.000000 -0.000000 -0.000000 -1.000000 -0.000000 -0.000000 -1.000000 -0.000000 -0.000000 -1.000000 -0.000000 -0.000000 -1.000000 -0.000000 -0.000000 -1.000000 -0.000000 -0.000000 -1.000000 -0.000000 -0.000000 -1.000000 -0.000000 -0.000000 -1.000000 -0.000000 -0.000000 -1.000000 -0.000000 -0.000000 -1.000000 -0.000000 -0.000000 -1.000000 -0.000000 -0.000000 -1.000000 -0.000000 -0.000000 -1.000000 -0.000000 -0.000000 -1.000000 -0.000000 -0.000000 -1.000000 -0.000000 -0.000000 -1.000000 -0.000000 -0.000000 -1.000000 -0.000000 -0.000000 -1.000000 -0.000000 -0.000000 -1.000000 -0.000000 -0.000000 -1.000000 -0.000000 -0.000000 -1.000000 -0.000000 -0.000000 -1.000000 -0.000000 -0.000000 -1.000000 -0.000000 -0.000000 -1.000000 -0.000000 -0.000000 -1.000000 -0.000000 -0.000000 -1.000000 -0.000000 -0.000000 -1.000000 -0.000000 -0.000000 -1.000000 -0.000000 -0.000000 -1.000000 -0.000000 -0.000000 -1.000000 -0.000000 -0.000000 -1.000000 -0.000000 -0.000000 -1.000000 -0.000000 -0.000000 -1.000000 -0.000000 -0.000000 -1.000000 -0.000000 -0.000000 -1.000000 -0.000000 -0.000000 -1.000000 -0.000000 -0.000000 -1.000000 -0.000000 -0.000000 -1.000000 -0.000000 -0.000000 -1.000000 -0.000000 -0.000000 -1.000000 -0.000000 -0.000000 -1.000000 -0.000000 -0.000000 -1.000000 -0.000000 -0.000000 -1.000000 -0.000000 -0.000000 -1.000000 -0.000000 -0.000000 -1.000000 -0.000000 -0.000000 -1.000000 -0.000000 -0.000000 -1.000000 -0.000000 -0.000000 -1.000000 -0.000000 -0.000000 -1.000000 -0.000000 -0.000000 -1.000000 -0.000000 -0.000000 -1.000000 -0.000000 -0.000000 -1.000000 -0.000000 -0.000000 -1.000000 -0.000000 -0.000000 -1.000000 -0.000000 -0.000000 -1.000000 -0.000000 -0.000000 -1.000000 -0.000000 -0.000000 -1.000000 -0.000000 -0.000000 -1.000000 -0.000000 -0.000000 -1.000000 -0.000000 -0.000000 -1.000000 -0.000000 -0.000000 -1.000000 -0.000000 -0.000000 -1.000000 -0.000000 -0.000000 -1.000000 -0.000000 -0.000000 -1.000000 -0.000000 -0.000000 -1.000000 -0.000000 -0.000000 -1.000000 -0.000000 -0.000000 -1.000000 -0.000000 -0.000000 -1.000000 -0.000000 -0.000000 -1.000000 -0.000000 -0.000000 -1.000000 -0.000000 -0.000000 -1.000000 -0.000000 -0.000000 -1.000000 -0.000000 -0.000000 -1.000000 -0.000000 -0.000000 -1.000000 -0.000000 -0.000000 -1.000000 -0.000000 -0.000000 -1.000000 -0.000000 -0.000000 -1.000000 -0.000000 -0.000000 -1.000000 -0.000000 -0.000000 -1.000000 -0.000000 -0.000000 -1.000000 -0.000000 -0.000000 -1.000000 -0.000000 -0.000000 -1.000000 -0.000000 -0.000000 -1.000000 -0.000000 -0.000000 -1.000000 -0.000000 -0.000000 -1.000000 -0.000000 -0.000000 -1.000000 -0.000000 -0.000000 -1.000000 -0.000000 -0.000000 -1.000000 -0.000000 -0.000000 -1.000000 -0.000000 -0.000000 -1.000000 -0.000000 -0.000000 -1.000000 -0.000000 -0.000000 -1.000000 -0.000000 -0.000000 -1.000000 -0.000000 -0.000000 -1.000000 -0.000000 -0.000000 -1.000000 -0.000000 -0.000000 -1.000000 -0.000000 -0.000000 -1.000000 -0.000000 -0.000000 -1.000000 -0.000000 -0.000000 -1.000000 -0.000000 -0.000000 -1.000000 -0.000000 -0.000000 -1.000000 -0.000000 -0.000000 -1.000000 -0.000000 -0.000000 -1.000000 -0.000000 -0.000000 -1.000000 -0.000000 -0.000000 -1.000000 -0.000000 -0.000000 -1.000000 -0.000000 -0.000000 -1.000000 -0.000000 -0.000000 -1.000000 -0.000000 -0.000000 -1.000000 -0.000000 -0.000000 -1.000000 -0.000000 -0.000000 -1.000000 -0.000000 -0.000000 -1.000000 -0.000000 -0.000000 -1.000000 -0.000000 -0.000000 -1.000000 -0.000000 -0.000000 -1.000000 -0.000000 -0.000000 -1.000000 -0.000000 -0.000000 -1.000000 -0.000000 -0.000000 -1.000000 -0.000000 -0.000000 -1.000000 -0.000000 -0.000000 -1.000000 -0.000000 -0.000000 -1.000000 -0.000000 -0.000000 -1.000000 -0.000000 -0.000000 -1.000000 -0.000000 -0.000000 -1.000000 -0.000000 -0.000000 -1.000000 -0.000000 -0.000000 -1.000000 -0.000000 -0.000000 -1.000000 -0.000000 -0.000000 -1.000000 -0.000000 -0.000000 -1.000000 -0.000000 -0.000000 -1.000000 -0.000000 -0.000000 -1.000000 -0.000000 -0.000000 -1.000000 -0.000000 -0.000000 -1.000000 -0.000000 -0.000000 -1.000000 -0.000000 -0.000000 -1.000000 -0.000000 -0.000000 -1.000000 -0.000000 -0.000000 -1.000000 -0.000000 -0.000000 -1.000000 -0.000000 -0.000000 -1.000000 -0.000000 -0.000000 -1.000000 -0.000000 -0.000000 -1.000000 -0.000000 -0.000000 -1.000000 -0.000000 -0.000000 -1.000000 -0.000000 -0.000000 -1.000000 -0.000000 -0.000000 -1.000000 -0.000000 -0.000000 -1.000000 -0.000000 -0.000000 -1.000000 -0.000000 -0.000000 -1.000000 -0.000000 -0.000000 -1.000000 -0.000000 -0.000000 -1.000000 -0.000000 -0.000000 -1.000000 -0.000000 -0.000000 -1.000000 -0.000000 -0.000000 -1.000000 -0.000000 -0.000000 -1.000000 -0.000000 -0.000000 -1.000000 -0.000000 -0.000000 -1.000000 -0.000000 -0.000000 -1.000000 -0.000000 -0.000000 -1.000000 -0.000000 -0.000000 -1.000000 -0.000000 -0.000000 -1.000000 -0.000000 -0.000000 -1.000000 -0.000000 -0.000000 -1.000000 -0.000000 -0.000000 -1.000000 -0.000000 -0.000000 -1.000000 -0.000000 -0.000000 -1.000000 -0.000000 -0.000000 -1.000000 -0.000000 -0.000000 -1.000000 -0.000000 -0.000000 -1.000000 -0.000000 -0.000000 -1.000000 -0.000000 -0.000000 -1.000000 -0.000000 -0.000000 -1.000000 -0.000000 -0.000000 -1.000000 -0.000000 -0.000000 -1.000000 -0.000000 -0.000000 -1.000000 -0.000000 -0.000000 -1.000000 -0.000000 -0.000000 -1.000000 -0.000000 -0.000000 -1.000000 -0.000000 -0.000000 -1.000000 -0.000000 -0.000000 -1.000000 -0.000000 -0.000000 -1.000000 -0.000000 -0.000000 -1.000000 -0.000000 -0.000000 -1.000000 -0.000000 -0.000000 -1.000000 -0.000000 -0.000000 -1.000000 -0.000000 -0.000000 -1.000000 -0.000000 -0.000000 -1.000000 -0.000000 -0.000000 -1.000000 -0.000000 -0.000000 -1.000000 -0.000000 -0.000000 -1.000000 -0.000000 -0.000000 -1.000000 -0.000000 -0.000000 -1.000000 -0.000000 -0.000000 -1.000000 -0.000000 -0.000000 -1.000000 -0.000000 -0.000000 -1.000000 -0.000000 -0.000000 -1.000000 -0.000000 -0.000000 -1.000000 -0.000000 -0.000000 -1.000000 -0.000000 -0.000000 -1.000000 -0.000000 -0.000000 -1.000000 -0.000000 -0.000000 -1.000000 -0.000000 -0.000000 -1.000000 -0.000000 -0.000000 -1.000000 -0.000000 -0.000000 -1.000000 -0.000000 -0.000000 -1.000000 -0.000000 -0.000000 -1.000000 -0.000000 -0.000000 -1.000000 -0.000000 -0.000000 -1.000000 -0.000000 -0.000000 -1.000000 -0.000000 -0.000000 -1.000000 -0.000000 -0.000000 -1.000000 -0.000000 -0.000000 -1.000000 -0.000000 -0.000000 -1.000000 -0.000000 -0.000000 -1.000000 -0.000000 -0.000000 -1.000000 -0.000000 -0.000000 -1.000000 -0.000000 -0.000000 -1.000000 -0.000000 -0.000000 -1.000000 -0.000000 -0.000000 -1.000000 -0.000000 -0.000000 -1.000000 -0.000000 -0.000000 -1.000000 -0.000000 -0.000000 -1.000000 -0.000000 -0.000000 -1.000000 -0.000000 -0.000000 -1.000000 -0.000000 -0.000000 -1.000000 -0.000000 -0.000000 -1.000000 -0.000000 -0.000000 -1.000000 -0.000000 -0.000000 -1.000000 -0.000000 -0.000000 -1.000000 -0.000000 -0.000000 -1.000000 -0.000000 -0.000000 -1.000000 -0.000000 -0.000000 -1.000000 -0.000000 -0.000000 -1.000000 -0.000000 -0.000000 -1.000000 -0.000000 -0.000000 -1.000000 -0.000000 -0.000000 -1.000000 -0.000000 -0.000000 -1.000000 -0.000000 -0.000000 -1.000000 -0.000000 -0.000000 -1.000000 -0.000000 -0.000000 -1.000000 -0.000000 -0.000000 -1.000000 -0.000000 -0.000000 -1.000000 -0.000000 -0.000000 -1.000000 -0.000000 -0.000000 -1.000000 -0.000000 -0.000000 -1.000000 -0.000000 -0.000000 -1.000000 -0.000000 -0.000000 -1.000000 -0.000000 -0.000000 -1.000000 -0.000000 -0.000000 -1.000000 -0.000000 -0.000000 -1.000000 -0.000000 -0.000000 -1.000000 -0.000000 -0.000000 -1.000000 -0.000000 -0.000000 -1.000000 -0.000000 -0.000000 -1.000000 -0.000000 -0.000000 -1.000000 -0.000000 -0.000000 -1.000000 -0.000000 -0.000000 -1.000000 -0.000000 -0.000000 -1.000000 -0.000000 -0.000000 -1.000000 -0.000000 -0.000000 -1.000000 -0.000000 -0.000000 -1.000000 -0.000000 -0.000000 -1.000000 -0.000000 -0.000000 -1.000000 -0.000000 -0.000000 -1.000000 -0.000000 -0.000000 -1.000000 -0.000000 -0.000000 -1.000000 -0.000000 -0.000000 -1.000000 -0.000000 -0.000000 -1.000000 -0.000000 -0.000000 -1.000000 -0.000000 -0.000000 -1.000000 -0.000000 -0.000000 -1.000000 -0.000000 -0.000000 -1.000000 -0.000000 -0.000000 -1.000000 -0.000000 -0.000000 -1.000000 -0.000000 -0.000000 -1.000000 -0.000000 -0.000000 -1.000000 -0.000000 -0.000000 -1.000000 -0.000000 -0.000000 -1.000000 -0.000000 -0.000000 -1.000000 -0.000000 -0.000000 -1.000000 -0.000000 -0.000000 -1.000000 -0.000000 -0.000000 -1.000000 -0.000000 -0.000000 -1.000000 -0.000000 -0.000000 -1.000000 -0.000000 -0.000000 -1.000000 -0.000000 -0.000000 -1.000000 -0.000000 -0.000000 -1.000000 -0.000000 -0.000000 -1.000000 -0.000000 -0.000000 -1.000000 -0.000000 -0.000000 -1.000000 -0.000000 -0.000000 -1.000000 -0.000000 -0.000000 -1.000000 -0.000000 -0.000000 -1.000000 -0.000000 -0.000000 -1.000000 -0.000000 -0.000000 -1.000000 -0.000000 -0.000000 -1.000000 -0.000000 -0.000000 -1.000000 -0.000000 -0.000000 -1.000000 -0.000000 -0.000000 -1.000000 -0.000000 -0.000000 -1.000000 -0.000000 -0.000000 -1.000000 -0.000000 -0.000000 -1.000000 -0.000000 -0.000000 -1.000000 -0.000000 -0.000000 -1.000000 -0.000000 -0.000000 -1.000000 -0.000000 -0.000000 -1.000000 -0.000000 -0.000000 -1.000000 -0.000000 -0.000000 -1.000000 -0.000000 -0.000000 -1.000000 -0.000000 -0.000000 -1.000000 -0.000000 -0.000000 -1.000000 -0.000000 -0.000000 -1.000000 -0.000000 -0.000000 -1.000000 -0.000000 -0.000000 -1.000000 -0.000000 -0.000000 -1.000000 -0.000000 -0.000000 -1.000000 -0.000000 -0.000000 -1.000000 -0.000000 -0.000000 -1.000000 -0.000000 -0.000000 -1.000000 -0.000000 -0.000000 -1.000000 -0.000000 -0.000000 -1.000000 -0.000000 -0.000000 -1.000000 -0.000000 -0.000000 -1.000000 -0.000000 -0.000000 -1.000000 -0.000000 -0.000000 -1.000000 -0.000000 -0.000000 -1.000000 -0.000000 -0.000000 -1.000000 -0.000000 -0.000000 -1.000000 -0.000000 -0.000000 -1.000000 -0.000000 -0.000000 -1.000000 -0.000000 -0.000000 -1.000000 -0.000000 -0.000000 -1.000000 -0.000000 -0.000000 -1.000000 -0.000000 -0.000000 -1.000000 -0.000000 -0.000000 -1.000000 -0.000000 -0.000000 -1.000000 -0.000000 -0.000000 -1.000000 -0.000000 -0.000000 -1.000000 -0.000000 -0.000000 -1.000000 -0.000000 -0.000000 -1.000000 -0.000000 -0.000000 -1.000000 -0.000000 -0.000000 -1.000000 -0.000000 -0.000000 -1.000000 -0.000000 -0.000000 -1.000000 -0.000000 -0.000000 -1.000000 -0.000000 -0.000000 -1.000000 -0.000000 -0.000000 -1.000000 -0.000000 -0.000000 -1.000000 -0.000000 -0.000000 -1.000000 -0.000000 -0.000000 -1.000000 -0.000000 -0.000000 -1.000000 -0.000000 -0.000000 -1.000000 -0.000000 -0.000000 -1.000000 -0.000000 -0.000000 -1.000000 -0.000000 -0.000000 -1.000000 -0.000000 -0.000000 -1.000000 -0.000000 -0.000000 -1.000000 -0.000000 -0.000000 -1.000000 -0.000000 -0.000000 -1.000000 -0.000000 -0.000000 -1.000000 -0.000000 -0.000000 -1.000000 -0.000000 -0.000000 -1.000000 -0.000000 -0.000000 -1.000000 -0.000000 -0.000000 -1.000000 -0.000000 -0.000000 -1.000000 -0.000000 -0.000000 -1.000000 -0.000000 -0.000000 -1.000000 -0.000000 -0.000000 -1.000000 -0.000000 -0.000000 -1.000000 -0.000000 -0.000000 -1.000000 -0.000000 -0.000000 -1.000000 -0.000000 -0.000000 -1.000000 -0.000000 -0.000000 -1.000000 -0.000000 -0.000000 -1.000000 -0.000000 -0.000000 -1.000000 -0.000000 -0.000000 -1.000000 -0.000000 -0.000000 -1.000000 -0.000000 -0.000000 -1.000000 -0.000000 -0.000000 -1.000000 -0.000000 -0.000000 -1.000000 -0.000000 -0.000000 -1.000000 -0.000000 -0.000000 -1.000000 -0.000000 -0.000000 -1.000000 -0.000000 -0.000000 -1.000000 -0.000000 -0.000000 -1.000000 -0.000000 -0.000000 -1.000000 -0.000000 -0.000000 -1.000000 -0.000000 -0.000000 -1.000000 -0.000000 -0.000000 -1.000000 -0.000000 -0.000000 -1.000000 -0.000000 -0.000000 -1.000000 -0.000000 -0.000000 -1.000000 -0.000000 -0.000000 -1.000000 -0.000000 -0.000000 -1.000000 -0.000000 -0.000000 -1.000000 -0.000000 -0.000000 -1.000000 -0.000000 -0.000000 -1.000000 -0.000000 -0.000000 -1.000000 -0.000000 -0.000000 -1.000000 -0.000000 -0.000000 -1.000000 -0.000000 -0.000000 -1.000000 -0.000000 -0.000000 -1.000000 -0.000000 -0.000000 -1.000000 -0.000000 -0.000000 -1.000000 -0.000000 -0.000000 -1.000000 -0.000000 -0.000000 -1.000000 -0.000000 -0.000000 -1.000000 -0.000000 -0.000000 -1.000000 -0.000000 -0.000000 -1.000000 -0.000000 -0.000000 -1.000000 -0.000000 -0.000000 -1.000000 -0.000000 -0.000000 -1.000000 -0.000000 -0.000000 -1.000000 -0.000000 -0.000000 -1.000000 -0.000000 -0.000000 -1.000000 -0.000000 -0.000000 -1.000000 -0.000000 -0.000000 -1.000000 -0.000000 -0.000000 -1.000000 -0.000000 -0.000000 -1.000000 -0.000000 -0.000000 -1.000000 -0.000000 -0.000000 -1.000000 -0.000000 -0.000000 -1.000000 -0.000000 -0.000000 -1.000000 -0.000000 -0.000000 -1.000000 -0.000000 0.000000 1.000000 0.000000 0.000000 1.000000 0.000000 0.000000 1.000000 0.000000 0.000000 1.000000 0.000000 0.000000 1.000000 0.000000 0.000000 1.000000 0.000000 0.000000 1.000000 0.000000 0.000000 1.000000 0.000000 0.000000 1.000000 0.000000 0.000000 1.000000 0.000000 0.000000 1.000000 0.000000 0.000000 1.000000 0.000000 0.000000 1.000000 0.000000 0.000000 1.000000 0.000000 0.000000 1.000000 0.000000 0.000000 1.000000 0.000000 0.000000 1.000000 0.000000 0.000000 1.000000 0.000000 0.000000 1.000000 0.000000 0.000000 1.000000 0.000000 0.000000 1.000000 0.000000 0.000000 1.000000 0.000000 0.000000 1.000000 0.000000 0.000000 1.000000 0.000000 0.000000 1.000000 0.000000 0.000000 1.000000 0.000000 0.000000 1.000000 0.000000 0.000000 1.000000 0.000000 0.000000 1.000000 0.000000 0.000000 1.000000 0.000000 0.000000 1.000000 0.000000 0.000000 1.000000 0.000000 0.000000 1.000000 0.000000 0.000000 1.000000 0.000000 0.000000 1.000000 0.000000 0.000000 1.000000 0.000000 0.000000 1.000000 0.000000 0.000000 1.000000 0.000000 0.000000 1.000000 0.000000 0.000000 1.000000 0.000000 0.000000 1.000000 0.000000 0.000000 1.000000 0.000000 0.000000 1.000000 0.000000 0.000000 1.000000 0.000000 0.000000 1.000000 0.000000 0.000000 1.000000 0.000000 0.000000 1.000000 0.000000 0.000000 1.000000 0.000000 0.000000 1.000000 0.000000 0.000000 1.000000 0.000000 0.000000 1.000000 0.000000 0.000000 1.000000 0.000000 0.000000 1.000000 0.000000 0.000000 1.000000 0.000000 0.000000 1.000000 0.000000 0.000000 1.000000 0.000000 0.000000 1.000000 0.000000 0.000000 1.000000 0.000000 0.000000 1.000000 0.000000 0.000000 1.000000 0.000000 0.000000 1.000000 0.000000 0.000000 1.000000 0.000000 0.000000 1.000000 0.000000 0.000000 1.000000 0.000000 0.000000 1.000000 0.000000 0.000000 1.000000 0.000000 0.000000 1.000000 0.000000 0.000000 1.000000 0.000000 0.000000 1.000000 0.000000 0.000000 1.000000 0.000000 0.000000 1.000000 0.000000 0.000000 1.000000 0.000000 0.000000 1.000000 0.000000 0.000000 1.000000 0.000000 0.000000 1.000000 0.000000 0.000000 1.000000 0.000000 0.000000 1.000000 0.000000 0.000000 1.000000 0.000000 0.000000 1.000000 0.000000 0.000000 1.000000 0.000000 0.000000 1.000000 0.000000 0.000000 1.000000 0.000000 0.000000 1.000000 0.000000 0.000000 1.000000 0.000000 0.000000 1.000000 0.000000 0.000000 1.000000 0.000000 0.000000 1.000000 0.000000 0.000000 1.000000 0.000000 0.000000 1.000000 0.000000 0.000000 1.000000 0.000000 0.000000 1.000000 0.000000 0.000000 1.000000 0.000000 0.000000 1.000000 0.000000 0.000000 1.000000 0.000000 0.000000 1.000000 0.000000 0.000000 1.000000 0.000000 0.000000 1.000000 0.000000 0.000000 1.000000 0.000000 0.000000 1.000000 0.000000 0.000000 1.000000 0.000000 0.000000 1.000000 0.000000 0.000000 1.000000 0.000000 0.000000 1.000000 0.000000 0.000000 1.000000 0.000000 0.000000 1.000000 0.000000 0.000000 1.000000 0.000000 0.000000 1.000000 0.000000 0.000000 1.000000 0.000000 0.000000 1.000000 0.000000 0.000000 1.000000 0.000000 0.000000 1.000000 0.000000 0.000000 1.000000 0.000000 0.000000 1.000000 0.000000 0.000000 1.000000 0.000000 0.000000 1.000000 0.000000 0.000000 1.000000 0.000000 0.000000 1.000000 0.000000 0.000000 1.000000 0.000000 0.000000 1.000000 0.000000 0.000000 1.000000 0.000000 0.000000 1.000000 0.000000 0.000000 1.000000 0.000000 0.000000 1.000000 0.000000 0.000000 1.000000 0.000000 0.000000 1.000000 0.000000 0.000000 1.000000 0.000000 0.000000 1.000000 0.000000 0.000000 1.000000 0.000000 0.000000 1.000000 0.000000 0.000000 1.000000 0.000000 0.000000 1.000000 0.000000 0.000000 1.000000 0.000000 0.000000 1.000000 0.000000 0.000000 1.000000 0.000000 0.000000 1.000000 0.000000 0.000000 1.000000 0.000000 0.000000 1.000000 0.000000 0.000000 1.000000 0.000000 0.000000 1.000000 0.000000 0.000000 1.000000 0.000000 0.000000 1.000000 0.000000 0.000000 1.000000 0.000000 0.000000 1.000000 0.000000 0.000000 1.000000 0.000000 0.000000 1.000000 0.000000 0.000000 1.000000 0.000000 0.000000 1.000000 0.000000 0.000000 1.000000 0.000000 0.000000 1.000000 0.000000 0.000000 1.000000 0.000000 0.000000 1.000000 0.000000 0.000000 1.000000 0.000000 0.000000 1.000000 0.000000 0.000000 1.000000 0.000000 0.000000 1.000000 0.000000 0.000000 1.000000 0.000000 0.000000 1.000000 0.000000 0.000000 1.000000 0.000000 0.000000 1.000000 0.000000 0.000000 1.000000 0.000000 0.000000 1.000000 0.000000 0.000000 1.000000 0.000000 0.000000 1.000000 0.000000 0.000000 1.000000 0.000000 0.000000 1.000000 0.000000 0.000000 1.000000 0.000000 0.000000 1.000000 0.000000 0.000000 1.000000 0.000000 0.000000 1.000000 0.000000 0.000000 1.000000 0.000000 0.000000 1.000000 0.000000 0.000000 1.000000 0.000000 0.000000 1.000000 0.000000 0.000000 1.000000 0.000000 0.000000 1.000000 0.000000 0.000000 1.000000 0.000000 0.000000 1.000000 0.000000 0.000000 1.000000 0.000000 0.000000 1.000000 0.000000 0.000000 1.000000 0.000000 0.000000 1.000000 0.000000 0.000000 1.000000 0.000000 0.000000 1.000000 0.000000 0.000000 1.000000 0.000000 0.000000 1.000000 0.000000 0.000000 1.000000 0.000000 0.000000 1.000000 0.000000 0.000000 1.000000 0.000000 0.000000 1.000000 0.000000 0.000000 1.000000 0.000000 0.000000 1.000000 0.000000 0.000000 1.000000 0.000000 0.000000 1.000000 0.000000 0.000000 1.000000 0.000000 0.000000 1.000000 0.000000 0.000000 1.000000 0.000000 0.000000 1.000000 0.000000 0.000000 1.000000 0.000000 0.000000 1.000000 0.000000 0.000000 1.000000 0.000000 0.000000 1.000000 0.000000 0.000000 1.000000 0.000000 0.000000 1.000000 0.000000 0.000000 1.000000 0.000000 0.000000 1.000000 0.000000 0.000000 1.000000 0.000000 0.000000 1.000000 0.000000 0.000000 1.000000 0.000000 0.000000 1.000000 0.000000 0.000000 1.000000 0.000000 0.000000 1.000000 0.000000 0.000000 1.000000 0.000000 0.000000 1.000000 0.000000 0.000000 1.000000 0.000000 0.000000 1.000000 0.000000 0.000000 1.000000 0.000000 0.000000 1.000000 0.000000 0.000000 1.000000 0.000000 0.000000 1.000000 0.000000 0.000000 1.000000 0.000000 0.000000 1.000000 0.000000 0.000000 1.000000 0.000000 0.000000 1.000000 0.000000 0.000000 1.000000 0.000000 0.000000 1.000000 0.000000 0.000000 1.000000 0.000000 0.000000 1.000000 0.000000 0.000000 1.000000 0.000000 0.000000 1.000000 0.000000 0.000000 1.000000 0.000000 0.000000 1.000000 0.000000 0.000000 1.000000 0.000000 0.000000 1.000000 0.000000 0.000000 1.000000 0.000000 0.000000 1.000000 0.000000 0.000000 1.000000 0.000000 0.000000 1.000000 0.000000 0.000000 1.000000 0.000000 0.000000 1.000000 0.000000 0.000000 1.000000 0.000000 0.000000 1.000000 0.000000 0.000000 1.000000 0.000000 0.000000 1.000000 0.000000 0.000000 1.000000 0.000000 0.000000 1.000000 0.000000 0.000000 1.000000 0.000000 0.000000 1.000000 0.000000 0.000000 1.000000 0.000000 0.000000 1.000000 0.000000 0.000000 1.000000 0.000000 0.000000 1.000000 0.000000 0.000000 1.000000 0.000000 0.000000 1.000000 0.000000 0.000000 1.000000 0.000000 0.000000 1.000000 0.000000 0.000000 1.000000 0.000000 0.000000 1.000000 0.000000 0.000000 1.000000 0.000000 0.000000 1.000000 0.000000 0.000000 1.000000 0.000000 0.000000 1.000000 0.000000 0.000000 1.000000 0.000000 0.000000 1.000000 0.000000 0.000000 1.000000 0.000000 0.000000 1.000000 0.000000 0.000000 1.000000 0.000000 0.000000 1.000000 0.000000 0.000000 1.000000 0.000000 0.000000 1.000000 0.000000 0.000000 1.000000 0.000000 0.000000 1.000000 0.000000 0.000000 1.000000 0.000000 0.000000 1.000000 0.000000 0.000000 1.000000 0.000000 0.000000 1.000000 0.000000 0.000000 1.000000 0.000000 0.000000 1.000000 0.000000 0.000000 1.000000 0.000000 0.000000 1.000000 0.000000 0.000000 1.000000 0.000000 0.000000 1.000000 0.000000 0.000000 1.000000 0.000000 0.000000 1.000000 0.000000 0.000000 1.000000 0.000000 0.000000 1.000000 0.000000 0.000000 1.000000 0.000000 0.000000 1.000000 0.000000 0.000000 1.000000 0.000000 0.000000 1.000000 0.000000 0.000000 1.000000 0.000000 0.000000 1.000000 0.000000 0.000000 1.000000 0.000000 0.000000 1.000000 0.000000 0.000000 1.000000 0.000000 0.000000 1.000000 0.000000 0.000000 1.000000 0.000000 0.000000 1.000000 0.000000 0.000000 1.000000 0.000000 0.000000 1.000000 0.000000 0.000000 1.000000 0.000000 0.000000 1.000000 0.000000 0.000000 1.000000 0.000000 0.000000 1.000000 0.000000 0.000000 1.000000 0.000000 0.000000 1.000000 0.000000 0.000000 1.000000 0.000000 0.000000 1.000000 0.000000 0.000000 1.000000 0.000000 0.000000 1.000000 0.000000 0.000000 1.000000 0.000000 0.000000 1.000000 0.000000 0.000000 1.000000 0.000000 0.000000 1.000000 0.000000 0.000000 1.000000 0.000000 0.000000 1.000000 0.000000 0.000000 1.000000 0.000000 0.000000 1.000000 0.000000 0.000000 1.000000 0.000000 0.000000 1.000000 0.000000 0.000000 1.000000 0.000000 0.000000 1.000000 0.000000 0.000000 1.000000 0.000000 0.000000 1.000000 0.000000 0.000000 1.000000 0.000000 0.000000 1.000000 0.000000 0.000000 1.000000 0.000000 0.000000 1.000000 0.000000 0.000000 1.000000 0.000000 0.000000 1.000000 0.000000 0.000000 1.000000 0.000000 0.000000 1.000000 0.000000 0.000000 1.000000 0.000000 0.000000 1.000000 0.000000 0.000000 1.000000 0.000000 0.000000 1.000000 0.000000 0.000000 1.000000 0.000000 0.000000 1.000000 0.000000 0.000000 1.000000 0.000000 0.000000 1.000000 0.000000 0.000000 1.000000 0.000000 0.000000 1.000000 0.000000 0.000000 1.000000 0.000000 0.000000 1.000000 0.000000 0.000000 1.000000 0.000000 0.000000 1.000000 0.000000 0.000000 1.000000 0.000000 0.000000 1.000000 0.000000 0.000000 1.000000 0.000000 0.000000 1.000000 0.000000 0.000000 1.000000 0.000000 0.000000 1.000000 0.000000 0.000000 1.000000 0.000000 0.000000 1.000000 0.000000 0.000000 1.000000 0.000000 0.000000 1.000000 0.000000 0.000000 1.000000 0.000000 0.000000 1.000000 0.000000 0.000000 1.000000 0.000000 0.000000 1.000000 0.000000 0.000000 1.000000 0.000000 0.000000 1.000000 0.000000 0.000000 1.000000 0.000000 0.000000 1.000000 0.000000 0.000000 1.000000 0.000000 0.000000 1.000000 0.000000 0.000000 1.000000 0.000000 0.000000 1.000000 0.000000 0.000000 1.000000 0.000000 0.000000 1.000000 0.000000 0.000000 1.000000 0.000000 0.000000 1.000000 0.000000 0.000000 1.000000 0.000000 0.000000 1.000000 0.000000 0.000000 1.000000 0.000000 0.000000 1.000000 0.000000 0.000000 1.000000 0.000000 0.000000 1.000000 0.000000 0.000000 1.000000 0.000000 0.000000 1.000000 0.000000 0.000000 1.000000 0.000000 0.000000 1.000000 0.000000 0.000000 1.000000 0.000000 0.000000 1.000000 0.000000 0.000000 1.000000 0.000000 0.000000 1.000000 0.000000 0.000000 1.000000 0.000000 0.000000 1.000000 0.000000 0.000000 1.000000 0.000000 0.000000 1.000000 0.000000 0.000000 1.000000 0.000000 0.000000 1.000000 0.000000 0.000000 1.000000 0.000000 0.000000 1.000000 0.000000 0.000000 1.000000 0.000000 0.000000 1.000000 0.000000 0.000000 1.000000 0.000000 0.000000 1.000000 0.000000 0.000000 1.000000 0.000000 0.000000 1.000000 0.000000 0.000000 1.000000 0.000000 0.000000 1.000000 0.000000 0.000000 1.000000 0.000000 0.000000 1.000000 0.000000 0.000000 1.000000 0.000000 0.000000 1.000000 0.000000 0.000000 1.000000 0.000000 0.000000 1.000000 0.000000 0.000000 1.000000 0.000000 0.000000 1.000000 0.000000 0.000000 1.000000 0.000000 0.000000 1.000000 0.000000 0.000000 1.000000 0.000000 0.000000 1.000000 0.000000 0.000000 1.000000 0.000000 0.000000 1.000000 0.000000 0.000000 1.000000 0.000000 0.000000 1.000000 0.000000 0.000000 1.000000 0.000000 0.000000 1.000000 0.000000 0.000000 1.000000 0.000000 0.000000 1.000000 0.000000 0.000000 1.000000 0.000000 0.000000 1.000000 0.000000 0.000000 1.000000 0.000000 0.000000 1.000000 0.000000 0.000000 1.000000 0.000000 0.000000 1.000000 0.000000 0.000000 1.000000 0.000000 0.000000 1.000000 0.000000 -0.223494 -0.000000 0.974705 -0.223494 -0.000000 0.974705 -0.223494 -0.000000 0.974705 -0.223494 -0.000000 0.974705 -0.223494 -0.000000 0.974705 -0.223494 -0.000000 0.974705 0.863522 0.000000 0.504312 0.863522 0.000000 0.504312 0.863522 0.000000 0.504312 0.863522 0.000000 0.504312 0.863522 0.000000 0.504312 0.863522 0.000000 0.504312 -0.458872 -0.000000 0.888502 -0.458872 -0.000000 0.888502 -0.458872 -0.000000 0.888502 -0.458872 -0.000000 0.888502 -0.458872 -0.000000 0.888502 -0.458872 -0.000000 0.888502 0.025927 0.000000 0.999664 0.025927 0.000000 0.999664 0.025927 0.000000 0.999664 0.025927 0.000000 0.999664 0.025927 0.000000 0.999664 0.025927 0.000000 0.999664 0.710975 0.000000 0.703217 0.710975 0.000000 0.703217 0.710975 0.000000 0.703217 0.710975 0.000000 0.703217 0.710975 0.000000 0.703217 0.710975 0.000000 0.703217 -0.665417 -0.000000 0.746472 -0.665417 -0.000000 0.746472 -0.665417 -0.000000 0.746472 -0.665417 -0.000000 0.746472 -0.665417 -0.000000 0.746472 -0.665417 -0.000000 0.746472 0.273719 0.000000 0.961810 0.273719 0.000000 0.961810 0.273719 0.000000 0.961810 0.273719 0.000000 0.961810 0.273719 0.000000 0.961810 0.273719 0.000000 0.961810 0.513756 0.000000 0.857936 0.513756 0.000000 0.857936 0.513756 0.000000 0.857936 0.513756 0.000000 0.857936 0.513756 0.000000 0.857936 0.513756 0.000000 0.857936 -0.830152 -0.000000 0.557537 -0.830152 -0.000000 0.557537 -0.830152 -0.000000 0.557537 -0.830152 -0.000000 0.557537 -0.830152 -0.000000 0.557537 -0.830152 -0.000000 0.557537 0.504312 0.000000 0.863522 0.504312 0.000000 0.863522 0.504312 0.000000 0.863522 0.504312 0.000000 0.863522 0.504312 0.000000 0.863522 0.504312 0.000000 0.863522 0.284255 0.000000 0.958749 0.284255 0.000000 0.958749 0.284255 0.000000 0.958749 0.284255 0.000000 0.958749 0.284255 0.000000 0.958749 0.284255 0.000000 0.958749 -0.942725 -0.000000 0.333571 -0.942725 -0.000000 0.333571 -0.942725 -0.000000 0.333571 -0.942725 -0.000000 0.333571 -0.942725 -0.000000 0.333571 -0.942725 -0.000000 0.333571 0.703217 0.000000 0.710975 0.703217 0.000000 0.710975 0.703217 0.000000 0.710975 0.703217 0.000000 0.710975 0.703217 0.000000 0.710975 0.703217 0.000000 0.710975 0.036894 0.000000 0.999319 0.036894 0.000000 0.999319 0.036894 0.000000 0.999319 0.036894 0.000000 0.999319 0.036894 0.000000 0.999319 0.036894 0.000000 0.999319 -0.996063 -0.000000 0.088645 -0.996063 -0.000000 0.088645 -0.996063 -0.000000 0.088645 -0.996063 -0.000000 0.088645 -0.996063 -0.000000 0.088645 -0.996063 -0.000000 0.088645 0.857936 0.000000 0.513756 0.857936 0.000000 0.513756 0.857936 0.000000 0.513756 0.857936 0.000000 0.513756 0.857936 0.000000 0.513756 0.857936 0.000000 0.513756 -0.212786 -0.000000 0.977099 -0.212786 -0.000000 0.977099 -0.212786 -0.000000 0.977099 -0.212786 -0.000000 0.977099 -0.212786 -0.000000 0.977099 -0.212786 -0.000000 0.977099 -0.986815 -0.000000 -0.161851 -0.986815 -0.000000 -0.161851 -0.986815 -0.000000 -0.161851 -0.986815 -0.000000 -0.161851 -0.986815 -0.000000 -0.161851 -0.986815 -0.000000 -0.161851 0.958749 0.000000 0.284255 0.958749 0.000000 0.284255 0.958749 0.000000 0.284255 0.958749 0.000000 0.284255 0.958749 0.000000 0.284255 0.958749 0.000000 0.284255 -0.449095 -0.000000 0.893484 -0.449095 -0.000000 0.893484 -0.449095 -0.000000 0.893484 -0.449095 -0.000000 0.893484 -0.449095 -0.000000 0.893484 -0.449095 -0.000000 0.893484 -0.915562 -0.000000 -0.402177 -0.915562 -0.000000 -0.402177 -0.915562 -0.000000 -0.402177 -0.915562 -0.000000 -0.402177 -0.915562 -0.000000 -0.402177 -0.915562 -0.000000 -0.402177 0.999319 0.000000 0.036894 0.999319 0.000000 0.036894 0.999319 0.000000 0.036894 0.999319 0.000000 0.036894 0.999319 0.000000 0.036894 0.999319 0.000000 0.036894 -0.657187 -0.000000 0.753728 -0.657187 -0.000000 0.753728 -0.657187 -0.000000 0.753728 -0.657187 -0.000000 0.753728 -0.657187 -0.000000 0.753728 -0.657187 -0.000000 0.753728 -0.786781 -0.000000 -0.617233 -0.786781 -0.000000 -0.617233 -0.786781 -0.000000 -0.617233 -0.786781 -0.000000 -0.617233 -0.786781 -0.000000 -0.617233 -0.786781 -0.000000 -0.617233 0.977099 0.000000 -0.212786 0.977099 0.000000 -0.212786 0.977099 0.000000 -0.212786 0.977099 0.000000 -0.212786 0.977099 0.000000 -0.212786 0.977099 0.000000 -0.212786 -0.823984 -0.000000 0.566612 -0.823984 -0.000000 0.566612 -0.823984 -0.000000 0.566612 -0.823984 -0.000000 0.566612 -0.823984 -0.000000 0.566612 -0.823984 -0.000000 0.566612 -0.608563 -0.000000 -0.793506 -0.608563 -0.000000 -0.793506 -0.608563 -0.000000 -0.793506 -0.608563 -0.000000 -0.793506 -0.608563 -0.000000 -0.793506 -0.608563 -0.000000 -0.793506 0.893484 0.000000 -0.449095 0.893484 0.000000 -0.449095 0.893484 0.000000 -0.449095 0.893484 0.000000 -0.449095 0.893484 0.000000 -0.449095 0.893484 0.000000 -0.449095 -0.939008 -0.000000 0.343895 -0.939008 -0.000000 0.343895 -0.939008 -0.000000 0.343895 -0.939008 -0.000000 0.343895 -0.939008 -0.000000 0.343895 -0.939008 -0.000000 0.343895 -0.392107 -0.000000 -0.919920 -0.392107 -0.000000 -0.919920 -0.392107 -0.000000 -0.919920 -0.392107 -0.000000 -0.919920 -0.392107 -0.000000 -0.919920 -0.392107 -0.000000 -0.919920 0.753728 0.000000 -0.657187 0.753728 0.000000 -0.657187 0.753728 0.000000 -0.657187 0.753728 0.000000 -0.657187 0.753728 0.000000 -0.657187 0.753728 0.000000 -0.657187 -0.995031 -0.000000 0.099569 -0.995031 -0.000000 0.099569 -0.995031 -0.000000 0.099569 -0.995031 -0.000000 0.099569 -0.995031 -0.000000 0.099569 -0.995031 -0.000000 0.099569 -0.151013 -0.000000 -0.988532 -0.151013 -0.000000 -0.988532 -0.151013 -0.000000 -0.988532 -0.151013 -0.000000 -0.988532 -0.151013 -0.000000 -0.988532 -0.151013 -0.000000 -0.988532 0.566612 0.000000 -0.823984 0.566612 0.000000 -0.823984 0.566612 0.000000 -0.823984 0.566612 0.000000 -0.823984 0.566612 0.000000 -0.823984 0.566612 0.000000 -0.823984 -0.988532 -0.000000 -0.151013 -0.988532 -0.000000 -0.151013 -0.988532 -0.000000 -0.151013 -0.988532 -0.000000 -0.151013 -0.988532 -0.000000 -0.151013 -0.988532 -0.000000 -0.151013 0.099569 0.000000 -0.995031 0.099569 0.000000 -0.995031 0.099569 0.000000 -0.995031 0.099569 0.000000 -0.995031 0.099569 0.000000 -0.995031 0.099569 0.000000 -0.995031 -0.919920 -0.000000 -0.392107 -0.919920 -0.000000 -0.392107 -0.919920 -0.000000 -0.392107 -0.919920 -0.000000 -0.392107 -0.919920 -0.000000 -0.392107 -0.919920 -0.000000 -0.392107 -0.000000 1.000000 0.000000 -0.000000 1.000000 0.000000 -0.000000 1.000000 0.000000 -0.000000 1.000000 0.000000 -0.000000 1.000000 0.000000 -0.000000 1.000000 0.000000 -0.000000 1.000000 0.000000 -0.000000 1.000000 0.000000 -0.000000 1.000000 0.000000 -0.000000 1.000000 0.000000 -0.000000 1.000000 0.000000 -0.000000 1.000000 0.000000 -0.000000 1.000000 0.000000 -0.000000 1.000000 0.000000 -0.000000 1.000000 0.000000 -0.000000 1.000000 0.000000 -0.000000 1.000000 0.000000 -0.000000 1.000000 0.000000 -0.000000 1.000000 0.000000 -0.000000 1.000000 0.000000 -0.000000 1.000000 0.000000 -0.000000 1.000000 0.000000 -0.000000 1.000000 0.000000 -0.000000 1.000000 0.000000 -0.000000 1.000000 0.000000 -0.000000 1.000000 0.000000 -0.000000 1.000000 0.000000 -0.000000 1.000000 0.000000 -0.000000 1.000000 0.000000 -0.000000 1.000000 0.000000 -0.000000 1.000000 0.000000 -0.000000 1.000000 0.000000 -0.000000 1.000000 0.000000 -0.000000 1.000000 0.000000 -0.000000 1.000000 0.000000 -0.000000 1.000000 0.000000 -0.000000 1.000000 0.000000 -0.000000 1.000000 0.000000 -0.000000 1.000000 0.000000 -0.000000 1.000000 0.000000 -0.000000 1.000000 0.000000 -0.000000 1.000000 0.000000 -0.000000 1.000000 0.000000 -0.000000 1.000000 0.000000 -0.000000 1.000000 0.000000 -0.000000 1.000000 0.000000 -0.000000 1.000000 0.000000 -0.000000 1.000000 0.000000 -0.000000 1.000000 0.000000 -0.000000 1.000000 0.000000 -0.000000 1.000000 0.000000 -0.000000 1.000000 0.000000 -0.000000 1.000000 0.000000 -0.000000 1.000000 0.000000 -0.000000 1.000000 0.000000 -0.000000 1.000000 0.000000 -0.000000 1.000000 0.000000 -0.000000 1.000000 0.000000 -0.000000 1.000000 0.000000 -0.000000 1.000000 0.000000 -0.000000 1.000000 0.000000 -0.000000 1.000000 0.000000 -0.000000 1.000000 0.000000 -0.000000 1.000000 0.000000 -0.000000 1.000000 0.000000 -0.000000 1.000000 0.000000 -0.000000 1.000000 0.000000 -0.000000 1.000000 0.000000 -0.000000 1.000000 0.000000 -0.000000 1.000000 0.000000 -0.000000 1.000000 0.000000 -0.000000 1.000000 0.000000 -0.000000 1.000000 0.000000 -0.000000 1.000000 0.000000 -0.000000 1.000000 0.000000 -0.000000 1.000000 0.000000 -0.000000 1.000000 0.000000 -0.000000 1.000000 0.000000 0.012736 0.000000 -0.999919 -0.072109 -0.000000 -0.997397 -0.156434 -0.000000 -0.987688 -0.239633 -0.000000 -0.970864 -0.321104 -0.000000 -0.947044 -0.400263 -0.000000 -0.916400 -0.476537 -0.000000 -0.879155 -0.549378 -0.000000 -0.835574 -0.618260 -0.000000 -0.785974 -0.682688 -0.000000 -0.730710 -0.742197 -0.000000 -0.670182 -0.796359 -0.000000 -0.604825 -0.844783 -0.000000 -0.535110 -0.887120 -0.000000 -0.461539 -0.923065 -0.000000 -0.384644 -0.952360 -0.000000 -0.304977 -0.974793 -0.000000 -0.223112 -0.990202 -0.000000 -0.139640 -0.998477 -0.000000 -0.055162 -0.999558 -0.000000 0.029713 -0.993438 -0.000000 0.114375 -0.980159 -0.000000 0.198212 -0.959819 -0.000000 0.280621 -0.932562 -0.000000 0.361009 -0.898587 -0.000000 0.438795 -0.858138 -0.000000 0.513420 -0.811505 -0.000000 0.584345 -0.759026 -0.000000 0.651061 -0.701077 -0.000000 0.713085 -0.638078 -0.000000 0.769972 -0.570481 -0.000000 0.821311 -0.498774 -0.000000 0.866732 -0.423473 -0.000000 0.905909 -0.345121 -0.000000 0.938558 -0.264283 -0.000000 0.964445 -0.181540 -0.000000 0.983384 -0.097489 -0.000000 0.995237 -0.012736 -0.000000 0.999919 0.072109 0.000000 0.997397 0.156434 0.000000 0.987688 0.239633 0.000000 0.970864 0.321104 0.000000 0.947044 0.400263 0.000000 0.916400 0.476537 0.000000 0.879155 0.549378 0.000000 0.835574 0.618260 0.000000 0.785974 0.682688 0.000000 0.730710 0.742197 0.000000 0.670182 0.796359 0.000000 0.604825 0.844783 0.000000 0.535110 0.887120 0.000000 0.461539 0.923065 0.000000 0.384644 0.952360 0.000000 0.304977 0.974793 0.000000 0.223112 0.990202 0.000000 0.139640 0.998477 0.000000 0.055162 0.999558 0.000000 -0.029713 0.993438 0.000000 -0.114375 0.980159 0.000000 -0.198212 0.959819 0.000000 -0.280621 0.932562 0.000000 -0.361009 0.898587 0.000000 -0.438795 0.858138 0.000000 -0.513420 0.811505 0.000000 -0.584345 0.759026 0.000000 -0.651061 0.701077 0.000000 -0.713085 0.638078 0.000000 -0.769972 0.570481 0.000000 -0.821311 0.498774 0.000000 -0.866732 0.423473 0.000000 -0.905909 0.345121 0.000000 -0.938558 0.264283 0.000000 -0.964445 0.181540 0.000000 -0.983384 0.097489 0.000000 -0.995237 -0.321104 -0.000000 -0.947044 -0.156434 -0.000000 -0.987688 0.012736 0.000000 -0.999919 0.181540 0.000000 -0.983384 0.345121 0.000000 -0.938558 0.498774 0.000000 -0.866732 0.638078 0.000000 -0.769972 0.759026 0.000000 -0.651061 0.858138 0.000000 -0.513420 0.932562 0.000000 -0.361009 0.980159 0.000000 -0.198212 0.999558 0.000000 -0.029713 0.990202 0.000000 0.139640 0.952360 0.000000 0.304977 0.887120 0.000000 0.461539 0.796359 0.000000 0.604825 0.682688 0.000000 0.730710 0.549378 0.000000 0.835574 0.400263 0.000000 0.916400 0.239633 0.000000 0.970864 0.072109 0.000000 0.997397 -0.097489 -0.000000 0.995237 -0.264283 -0.000000 0.964445 -0.423473 -0.000000 0.905909 -0.570481 -0.000000 0.821311 -0.701077 -0.000000 0.713085 -0.811505 -0.000000 0.584345 -0.898587 -0.000000 0.438795 -0.959819 -0.000000 0.280621 -0.993438 -0.000000 0.114375 -0.998477 -0.000000 -0.055162 -0.974793 -0.000000 -0.223112 -0.923065 -0.000000 -0.384644 -0.844783 -0.000000 -0.535110 -0.742197 -0.000000 -0.670182 -0.618260 -0.000000 -0.785974 -0.476537 -0.000000 -0.879155 0.264139 0.000000 0.964485 0.197657 0.000000 0.980271 0.156434 0.000000 0.987688 0.114937 0.000000 0.993373 0.046831 0.000000 0.998903 0.031411 0.000000 0.999507 -0.063341 -0.000000 0.997992 -0.052336 -0.000000 0.998630 -0.135716 -0.000000 0.990748 0.278991 0.000000 0.960294 0.368637 0.000000 0.929573 0.358368 0.000000 0.933580 0.435231 0.000000 0.900319 0.468660 0.000000 0.883378 0.509041 0.000000 0.860742 0.562995 0.000000 0.826460 0.579281 0.000000 0.815128 0.650495 0.000000 0.759510 0.645458 0.000000 0.763796 0.707107 0.000000 0.707107 0.730100 0.000000 0.683341 0.763796 0.000000 0.645458 0.800841 0.000000 0.598876 0.815128 0.000000 0.579281 0.861862 0.000000 0.507143 0.860742 0.000000 0.509041 0.900319 0.000000 0.435231 0.912421 0.000000 0.409253 0.933580 0.000000 0.358368 0.951904 0.000000 0.306395 0.960294 0.000000 0.278991 0.979833 0.000000 0.199818 0.980271 0.000000 0.197657 0.993373 0.000000 0.114937 0.995868 0.000000 0.090816 0.999507 0.000000 0.031411 0.999814 0.000000 -0.019289 0.998630 0.000000 -0.052336 0.991624 0.000000 -0.129160 0.990748 0.000000 -0.135716 0.975917 0.000000 -0.218143 0.971397 0.000000 -0.237463 0.954240 0.000000 -0.299041 0.939378 0.000000 -0.342883 0.925871 0.000000 -0.377841 0.895957 0.000000 -0.444141 0.891007 0.000000 -0.453990 0.849893 0.000000 -0.526956 0.841660 0.000000 -0.540008 0.802817 0.000000 -0.596225 0.777146 0.000000 -0.629320 0.750111 0.000000 -0.661312 0.703199 0.000000 -0.710993 0.692143 0.000000 -0.721760 0.620716 0.000000 -0.784036 0.629320 0.000000 -0.777146 0.562083 0.000000 -0.827081 0.530698 0.000000 -0.847561 0.490904 0.000000 -0.871214 0.434238 0.000000 -0.900798 0.416281 0.000000 -0.909236 0.332508 0.000000 -0.943101 0.338738 0.000000 -0.940881 0.258819 0.000000 -0.965926 0.226741 0.000000 -0.973955 0.177085 0.000000 -0.984196 0.118222 0.000000 -0.992987 0.094108 0.000000 -0.995562 0.008267 0.000000 -0.999966 0.010472 0.000000 -0.999945 -0.073238 -0.000000 -0.997314 -0.101787 -0.000000 -0.994806 -0.156434 -0.000000 -0.987688 -0.210606 -0.000000 -0.977571 -0.238533 -0.000000 -0.971134 -0.316869 -0.000000 -0.948469 -0.318959 -0.000000 -0.947768 -0.397148 -0.000000 -0.917755 -0.419285 -0.000000 -0.907855 -0.472551 -0.000000 -0.881303 -0.516612 -0.000000 -0.856220 -0.544639 -0.000000 -0.838671 -0.607668 -0.000000 -0.794191 -0.612907 -0.000000 -0.790155 -0.676876 -0.000000 -0.736097 -0.691347 -0.000000 -0.722523 -0.736097 -0.000000 -0.676876 -0.766635 -0.000000 -0.642084 -0.790155 -0.000000 -0.612907 -0.832616 -0.000000 -0.553851 -0.838671 -0.000000 -0.544639 -0.881303 -0.000000 -0.472551 -0.888491 -0.000000 -0.458894 -0.917755 -0.000000 -0.397148 -0.933580 -0.000000 -0.358368 -0.947768 -0.000000 -0.318959 -0.967338 -0.000000 -0.253491 -0.971134 -0.000000 -0.238533 -0.989353 -0.000000 -0.145538 -0.987688 -0.000000 -0.156434 -0.997314 -0.000000 -0.073238 -0.999358 -0.000000 -0.035818 -0.999945 -0.000000 0.010472 -0.997233 -0.000000 0.074338 -0.995562 -0.000000 0.094108 -0.983003 -0.000000 0.183590 -0.984196 -0.000000 0.177085 -0.965926 -0.000000 0.258819 -0.956840 -0.000000 0.290614 -0.940881 -0.000000 0.338738 -0.919063 -0.000000 0.394111 -0.909236 -0.000000 0.416281 -0.870129 -0.000000 0.492823 -0.871214 -0.000000 0.490904 -0.827081 -0.000000 0.562083 -0.810634 -0.000000 0.585554 -0.777146 -0.000000 0.629320 -0.741298 -0.000000 0.671176 -0.721760 -0.000000 0.692143 -0.662964 -0.000000 0.748651 -0.661312 -0.000000 0.750111 -0.596225 -0.000000 0.802817 -0.576582 -0.000000 0.817039 -0.526956 -0.000000 0.849893 -0.483202 -0.000000 0.875509 -0.453990 -0.000000 0.891007 -0.383956 -0.000000 0.923351 -0.377841 -0.000000 0.925871 -0.299041 -0.000000 0.954240 -0.280049 -0.000000 0.959986 -0.218143 -0.000000 0.975917 -0.172743 -0.000000 0.984967 0.000000 -1.000000 -0.000000 0.000000 -1.000000 -0.000000 0.000000 -1.000000 -0.000000 0.000000 -1.000000 -0.000000 0.000000 -1.000000 -0.000000 0.000000 -1.000000 -0.000000 0.000000 -1.000000 -0.000000 0.000000 -1.000000 -0.000000 0.000000 -1.000000 -0.000000 0.000000 -1.000000 -0.000000 0.000000 -1.000000 -0.000000 0.000000 -1.000000 -0.000000 0.000000 -1.000000 -0.000000 0.000000 -1.000000 -0.000000 0.000000 -1.000000 -0.000000 0.000000 -1.000000 -0.000000 0.000000 -1.000000 -0.000000 0.000000 -1.000000 -0.000000 0.000000 -1.000000 -0.000000 0.000000 -1.000000 -0.000000 0.000000 -1.000000 -0.000000 0.000000 -1.000000 -0.000000 0.000000 -1.000000 -0.000000 0.000000 -1.000000 -0.000000 0.000000 -1.000000 -0.000000 0.000000 -1.000000 -0.000000 0.000000 -1.000000 -0.000000 0.000000 -1.000000 -0.000000 0.000000 -1.000000 -0.000000 0.000000 -1.000000 -0.000000 0.000000 -1.000000 -0.000000 0.000000 -1.000000 -0.000000 0.000000 -1.000000 -0.000000 0.000000 -1.000000 -0.000000 0.000000 -1.000000 -0.000000 0.000000 -1.000000 -0.000000 0.000000 -1.000000 -0.000000 0.000000 -1.000000 -0.000000 0.000000 -1.000000 -0.000000 0.000000 -1.000000 -0.000000 0.000000 -1.000000 -0.000000 0.000000 -1.000000 -0.000000 0.000000 -1.000000 -0.000000 0.000000 -1.000000 -0.000000 0.000000 -1.000000 -0.000000 0.000000 -1.000000 -0.000000 0.000000 -1.000000 -0.000000 0.000000 -1.000000 -0.000000 0.000000 -1.000000 -0.000000 0.000000 -1.000000 -0.000000 0.000000 -1.000000 -0.000000 0.000000 -1.000000 -0.000000 0.000000 -1.000000 -0.000000 0.000000 -1.000000 -0.000000 0.000000 -1.000000 -0.000000 0.000000 -1.000000 -0.000000 0.000000 -1.000000 -0.000000 -0.000000 1.000000 0.000000 -0.000000 1.000000 0.000000 -0.000000 1.000000 0.000000 -0.000000 1.000000 0.000000 -0.000000 1.000000 0.000000 -0.000000 1.000000 0.000000 -0.000000 1.000000 0.000000 -0.000000 1.000000 0.000000 -0.000000 1.000000 0.000000 -0.000000 1.000000 0.000000 -0.000000 1.000000 0.000000 -0.000000 1.000000 0.000000 -0.000000 1.000000 0.000000 -0.000000 1.000000 0.000000 -0.000000 1.000000 0.000000 -0.000000 1.000000 0.000000 -0.000000 1.000000 0.000000 -0.000000 1.000000 0.000000 -0.000000 1.000000 0.000000 -0.000000 1.000000 0.000000 -0.000000 1.000000 0.000000 -0.000000 1.000000 0.000000 -0.000000 1.000000 0.000000 -0.000000 1.000000 0.000000 -0.000000 1.000000 0.000000 -0.000000 1.000000 0.000000 -0.000000 1.000000 0.000000 -0.000000 1.000000 0.000000 -0.000000 1.000000 0.000000 -0.000000 1.000000 0.000000 -0.000000 1.000000 0.000000 -0.000000 1.000000 0.000000 -0.000000 1.000000 0.000000 -0.000000 1.000000 0.000000 -0.000000 1.000000 0.000000 -0.000000 1.000000 0.000000 -0.000000 1.000000 0.000000 -0.000000 1.000000 0.000000 -0.000000 1.000000 0.000000 -0.000000 1.000000 0.000000 -0.000000 1.000000 0.000000 -0.000000 1.000000 0.000000 -0.000000 1.000000 0.000000 -0.000000 1.000000 0.000000 -0.000000 1.000000 0.000000 -0.000000 1.000000 0.000000 -0.000000 1.000000 0.000000 -0.000000 1.000000 0.000000 -0.000000 1.000000 0.000000 -0.000000 1.000000 0.000000 -0.000000 1.000000 0.000000 -0.000000 1.000000 0.000000 -0.000000 1.000000 0.000000 -0.000000 1.000000 0.000000 -0.000000 1.000000 0.000000 -0.000000 1.000000 0.000000 -0.000000 1.000000 0.000000 -0.000000 1.000000 0.000000 -0.000000 1.000000 0.000000 -0.000000 1.000000 0.000000 -0.000000 1.000000 0.000000 -0.000000 1.000000 0.000000 -0.000000 1.000000 0.000000 -0.000000 1.000000 0.000000 -0.000000 1.000000 0.000000 -0.000000 1.000000 0.000000 -0.000000 1.000000 0.000000 -0.000000 1.000000 0.000000 -0.000000 1.000000 0.000000 -0.000000 1.000000 0.000000 -0.000000 1.000000 0.000000 -0.000000 1.000000 0.000000 -0.000000 1.000000 0.000000 -0.000000 1.000000 0.000000 -0.000000 1.000000 0.000000 -0.000000 1.000000 0.000000 -0.000000 1.000000 0.000000 -0.000000 1.000000 0.000000 -0.000000 1.000000 0.000000 -0.000000 1.000000 0.000000 -0.000000 1.000000 0.000000 -0.000000 1.000000 0.000000 -0.000000 1.000000 0.000000 -0.000000 1.000000 0.000000 -0.000000 1.000000 0.000000 -0.000000 1.000000 0.000000 -0.000000 1.000000 0.000000 -0.000000 1.000000 0.000000 -0.000000 1.000000 0.000000 -0.000000 1.000000 0.000000 -0.000000 1.000000 0.000000 -0.000000 1.000000 0.000000 -0.000000 1.000000 0.000000 -0.000000 1.000000 0.000000 -0.000000 1.000000 0.000000 -0.000000 1.000000 0.000000 -0.000000 1.000000 0.000000 -0.000000 1.000000 0.000000 -0.000000 1.000000 0.000000 -0.000000 1.000000 0.000000 -0.793506 -0.000000 -0.608563 -0.793506 -0.000000 -0.608563 -0.793506 -0.000000 -0.608563 -0.793506 -0.000000 -0.608563 -0.793506 -0.000000 -0.608563 -0.793506 -0.000000 -0.608563 -0.617233 -0.000000 -0.786781 -0.617233 -0.000000 -0.786781 -0.617233 -0.000000 -0.786781 -0.617233 -0.000000 -0.786781 -0.617233 -0.000000 -0.786781 -0.617233 -0.000000 -0.786781 -0.402177 -0.000000 -0.915562 -0.402177 -0.000000 -0.915562 -0.402177 -0.000000 -0.915562 -0.402177 -0.000000 -0.915562 -0.402177 -0.000000 -0.915562 -0.402177 -0.000000 -0.915562 -0.161851 -0.000000 -0.986815 -0.161851 -0.000000 -0.986815 -0.161851 -0.000000 -0.986815 -0.161851 -0.000000 -0.986815 -0.161851 -0.000000 -0.986815 -0.161851 -0.000000 -0.986815 0.088645 0.000000 -0.996063 0.088645 0.000000 -0.996063 0.088645 0.000000 -0.996063 0.088645 0.000000 -0.996063 0.088645 0.000000 -0.996063 0.088645 0.000000 -0.996063 0.333571 0.000000 -0.942725 0.333571 0.000000 -0.942725 0.333571 0.000000 -0.942725 0.333571 0.000000 -0.942725 0.333571 0.000000 -0.942725 0.333571 0.000000 -0.942725 0.557537 0.000000 -0.830152 0.557537 0.000000 -0.830152 0.557537 0.000000 -0.830152 0.557537 0.000000 -0.830152 0.557537 0.000000 -0.830152 0.557537 0.000000 -0.830152 0.746472 0.000000 -0.665417 0.746472 0.000000 -0.665417 0.746472 0.000000 -0.665417 0.746472 0.000000 -0.665417 0.746472 0.000000 -0.665417 0.746472 0.000000 -0.665417 0.888502 0.000000 -0.458872 0.888502 0.000000 -0.458872 0.888502 0.000000 -0.458872 0.888502 0.000000 -0.458872 0.888502 0.000000 -0.458872 0.888502 0.000000 -0.458872 0.974705 0.000000 -0.223494 0.974705 0.000000 -0.223494 0.974705 0.000000 -0.223494 0.974705 0.000000 -0.223494 0.974705 0.000000 -0.223494 0.974705 0.000000 -0.223494 0.999664 0.000000 0.025927 0.999664 0.000000 0.025927 0.999664 0.000000 0.025927 0.999664 0.000000 0.025927 0.999664 0.000000 0.025927 0.999664 0.000000 0.025927 0.961810 0.000000 0.273719 0.961810 0.000000 0.273719 0.961810 0.000000 0.273719 0.961810 0.000000 0.273719 0.961810 0.000000 0.273719 0.961810 0.000000 0.273719 0.343895 0.000000 -0.939008 0.343895 0.000000 -0.939008 0.343895 0.000000 -0.939008 0.343895 0.000000 -0.939008 0.343895 0.000000 -0.939008 0.343895 0.000000 -0.939008 -0.000000 1.000000 0.000000 -0.000000 1.000000 0.000000 -0.000000 1.000000 0.000000 -0.000000 1.000000 0.000000 -0.000000 1.000000 0.000000 -0.000000 1.000000 0.000000 -0.000000 1.000000 0.000000 -0.000000 1.000000 0.000000 -0.000000 1.000000 0.000000 -0.000000 1.000000 0.000000 -0.000000 1.000000 0.000000 -0.000000 1.000000 0.000000 -0.000000 1.000000 0.000000 -0.000000 1.000000 0.000000 -0.000000 1.000000 0.000000 -0.000000 1.000000 0.000000 -0.000000 1.000000 0.000000 -0.000000 1.000000 0.000000 -0.000000 1.000000 0.000000 -0.000000 1.000000 0.000000 -0.000000 1.000000 0.000000 -0.000000 1.000000 0.000000 -0.000000 1.000000 0.000000 -0.000000 1.000000 0.000000 -0.000000 1.000000 0.000000 -0.000000 1.000000 0.000000 -0.000000 1.000000 0.000000 -0.000000 1.000000 0.000000 -0.000000 1.000000 0.000000 -0.000000 1.000000 0.000000 -0.000000 1.000000 0.000000 -0.000000 1.000000 0.000000 -0.000000 1.000000 0.000000 -0.000000 1.000000 0.000000 -0.000000 1.000000 0.000000 -0.000000 1.000000 0.000000 -0.000000 1.000000 0.000000</float_array>
          <technique_common>
            <accessor source="#servo_left_gear-mesh-normals-array" count="4278" stride="3">
              <param name="X" type="float"/>
              <param name="Y" type="float"/>
              <param name="Z" type="float"/>
            </accessor>
          </technique_common>
        </source>
        <vertices id="servo_left_gear-mesh-vertices">
          <input semantic="POSITION" source="#servo_left_gear-mesh-positions"/>
        </vertices>
        <triangles material="Opaque_202_209_238_" count="3876">
          <input semantic="VERTEX" source="#servo_left_gear-mesh-vertices" offset="0"/>
          <input semantic="NORMAL" source="#servo_left_gear-mesh-normals" offset="1"/>
          <p>1 0 2 1 0 2 0 2 2 1 3 3 5 4 6 5 4 6 4 6 6 5 7 7 9 8 10 9 8 10 8 10 10 9 11 11 13 12 14 13 12 14 12 14 14 13 15 15 17 16 18 17 16 18 16 18 18 17 19 19 21 20 22 21 20 22 20 22 22 21 23 23 25 24 26 25 24 26 24 26 26 25 27 27 29 28 30 29 28 30 28 30 30 29 31 31 33 32 34 33 32 34 32 34 34 33 35 35 37 36 38 37 36 38 36 38 38 37 39 39 41 40 42 41 40 42 40 42 42 41 43 43 45 44 46 45 44 46 44 46 46 45 47 47 49 48 50 49 48 50 48 50 50 49 51 51 53 52 54 53 52 54 52 54 54 53 55 55 57 56 58 57 56 58 56 58 58 57 59 59 61 60 62 61 60 62 60 62 62 61 63 63 65 64 66 65 64 66 64 66 66 65 67 67 69 68 70 69 68 70 68 70 70 69 71 71 73 72 74 73 72 74 72 74 74 73 75 75 77 76 78 77 76 78 76 78 78 77 79 79 81 80 82 81 80 82 80 82 82 81 83 83 85 84 86 85 84 86 84 86 86 85 87 87 89 88 90 89 88 90 88 90 90 89 91 91 93 92 94 93 92 94 92 94 94 93 95 95 93 96 96 97 94 98 94 98 96 97 97 99 99 100 100 101 98 102 98 102 100 101 101 103 85 104 102 105 86 106 86 106 102 105 103 107 105 108 90 109 104 110 104 110 90 109 89 111 77 112 106 113 78 114 78 114 106 113 107 115 109 116 82 117 108 118 108 118 82 117 81 119 69 120 110 121 70 122 70 122 110 121 111 123 113 124 74 125 112 126 112 126 74 125 73 127 61 128 114 129 62 130 62 130 114 129 115 131 117 132 66 133 116 134 116 134 66 133 65 135 53 136 118 137 54 138 54 138 118 137 119 139 121 140 58 141 120 142 120 142 58 141 57 143 45 144 122 145 46 146 46 146 122 145 123 147 125 148 50 149 124 150 124 150 50 149 49 151 37 152 126 153 38 154 38 154 126 153 127 155 129 156 42 157 128 158 128 158 42 157 41 159 29 160 130 161 30 162 30 162 130 161 131 163 133 164 34 165 132 166 132 166 34 165 33 167 21 168 134 169 22 170 22 170 134 169 135 171 137 172 26 173 136 174 136 174 26 173 25 175 13 176 138 177 14 178 14 178 138 177 139 179 141 180 18 181 140 182 140 182 18 181 17 183 5 184 142 185 6 186 6 186 142 185 143 187 145 188 10 189 144 190 144 190 10 189 9 191 147 192 2 193 146 194 146 194 2 193 1 195 148 196 95 197 97 198 97 198 95 197 94 199 162 200 149 201 161 202 161 202 149 201 150 203 161 202 150 203 160 204 160 204 150 203 151 205 160 204 151 205 159 206 159 206 151 205 152 207 159 206 152 207 158 208 158 208 152 207 153 209 158 208 153 209 157 210 157 210 153 209 154 211 157 210 154 211 156 212 156 212 154 211 155 213 176 214 163 215 175 216 175 216 163 215 164 217 175 216 164 217 174 218 174 218 164 217 165 219 174 218 165 219 173 220 173 220 165 219 166 221 173 220 166 221 172 222 172 222 166 221 167 223 172 222 167 223 171 224 171 224 167 223 168 225 171 224 168 225 170 226 170 226 168 225 169 227 184 228 177 229 183 230 183 230 177 229 178 231 183 230 178 231 182 232 182 232 178 231 179 233 182 232 179 233 181 234 181 234 179 233 180 235 186 236 254 237 185 238 185 238 254 237 255 239 185 238 255 239 253 240 253 240 255 239 256 241 253 240 256 241 252 242 252 242 256 241 257 243 252 242 257 243 251 244 251 244 257 243 258 245 251 244 258 245 250 246 250 246 258 245 259 247 250 246 259 247 249 248 249 248 259 247 260 249 249 248 260 249 248 250 248 250 260 249 261 251 248 250 261 251 247 252 247 252 261 251 262 253 247 252 262 253 246 254 246 254 262 253 263 255 246 254 263 255 245 256 245 256 263 255 264 257 245 256 264 257 244 258 244 258 264 257 265 259 244 258 265 259 243 260 243 260 265 259 266 261 243 260 266 261 242 262 242 262 266 261 267 263 242 262 267 263 241 264 241 264 267 263 268 265 241 264 268 265 240 266 240 266 268 265 269 267 240 266 269 267 239 268 239 268 269 267 270 269 239 268 270 269 238 270 238 270 270 269 271 271 238 270 271 271 237 272 237 272 271 271 272 273 237 272 272 273 236 274 236 274 272 273 273 275 236 274 273 275 235 276 235 276 273 275 274 277 235 276 274 277 234 278 234 278 274 277 275 279 234 278 275 279 233 280 233 280 275 279 276 281 233 280 276 281 232 282 232 282 276 281 277 283 232 282 277 283 231 284 231 284 277 283 278 285 231 284 278 285 230 286 230 286 278 285 279 287 230 286 279 287 229 288 229 288 279 287 280 289 229 288 280 289 228 290 228 290 280 289 281 291 228 290 281 291 227 292 227 292 281 291 282 293 227 292 282 293 226 294 226 294 282 293 283 295 226 294 283 295 225 296 225 296 283 295 284 297 225 296 284 297 224 298 224 298 284 297 285 299 224 298 285 299 223 300 223 300 285 299 286 301 223 300 286 301 222 302 222 302 286 301 287 303 222 302 287 303 221 304 221 304 287 303 288 305 221 304 288 305 220 306 220 306 288 305 289 307 220 306 289 307 219 308 219 308 289 307 290 309 219 308 290 309 218 310 218 310 290 309 291 311 218 310 291 311 217 312 217 312 291 311 292 313 217 312 292 313 216 314 216 314 292 313 293 315 216 314 293 315 215 316 215 316 293 315 294 317 215 316 294 317 214 318 214 318 294 317 295 319 214 318 295 319 213 320 213 320 295 319 296 321 213 320 296 321 212 322 212 322 296 321 297 323 212 322 297 323 211 324 211 324 297 323 298 325 211 324 298 325 210 326 210 326 298 325 299 327 210 326 299 327 209 328 209 328 299 327 300 329 209 328 300 329 208 330 208 330 300 329 301 331 208 330 301 331 207 332 207 332 301 331 302 333 207 332 302 333 206 334 206 334 302 333 303 335 206 334 303 335 205 336 205 336 303 335 304 337 205 336 304 337 204 338 204 338 304 337 305 339 204 338 305 339 203 340 203 340 305 339 306 341 203 340 306 341 202 342 202 342 306 341 307 343 202 342 307 343 201 344 201 344 307 343 308 345 201 344 308 345 200 346 200 346 308 345 309 347 200 346 309 347 199 348 199 348 309 347 310 349 199 348 310 349 198 350 198 350 310 349 311 351 198 350 311 351 197 352 197 352 311 351 312 353 197 352 312 353 196 354 196 354 312 353 313 355 196 354 313 355 195 356 195 356 313 355 314 357 195 356 314 357 194 358 194 358 314 357 315 359 194 358 315 359 193 360 193 360 315 359 316 361 193 360 316 361 192 362 192 362 316 361 317 363 192 362 317 363 191 364 191 364 317 363 318 365 191 364 318 365 190 366 190 366 318 365 319 367 190 366 319 367 189 368 189 368 319 367 320 369 189 368 320 369 188 370 188 370 320 369 321 371 188 370 321 371 187 372 187 372 321 371 322 373 187 372 322 373 186 236 186 236 322 373 254 237 324 374 384 375 323 376 323 376 384 375 385 377 323 376 385 377 383 378 383 378 385 377 386 379 383 378 386 379 382 380 382 380 386 379 387 381 382 380 387 381 381 382 381 382 387 381 388 383 381 382 388 383 380 384 380 384 388 383 389 385 380 384 389 385 379 386 379 386 389 385 390 387 379 386 390 387 378 388 378 388 390 387 391 389 378 388 391 389 377 390 377 390 391 389 392 391 377 390 392 391 376 392 376 392 392 391 393 393 376 392 393 393 375 394 375 394 393 393 394 395 375 394 394 395 374 396 374 396 394 395 395 397 374 396 395 397 373 398 373 398 395 397 396 399 373 398 396 399 372 400 372 400 396 399 397 401 372 400 397 401 371 402 371 402 397 401 398 403 371 402 398 403 370 404 370 404 398 403 399 405 370 404 399 405 369 406 369 406 399 405 400 407 369 406 400 407 368 408 368 408 400 407 401 409 368 408 401 409 367 410 367 410 401 409 402 411 367 410 402 411 366 412 366 412 402 411 403 413 366 412 403 413 365 414 365 414 403 413 404 415 365 414 404 415 364 416 364 416 404 415 405 417 364 416 405 417 363 418 363 418 405 417 406 419 363 418 406 419 362 420 362 420 406 419 407 421 362 420 407 421 361 422 361 422 407 421 408 423 361 422 408 423 360 424 360 424 408 423 409 425 360 424 409 425 359 426 359 426 409 425 410 427 359 426 410 427 358 428 358 428 410 427 411 429 358 428 411 429 357 430 357 430 411 429 412 431 357 430 412 431 356 432 356 432 412 431 413 433 356 432 413 433 355 434 355 434 413 433 414 435 355 434 414 435 354 436 354 436 414 435 415 437 354 436 415 437 353 438 353 438 415 437 416 439 353 438 416 439 352 440 352 440 416 439 417 441 352 440 417 441 351 442 351 442 417 441 418 443 351 442 418 443 350 444 350 444 418 443 419 445 350 444 419 445 349 446 349 446 419 445 420 447 349 446 420 447 348 448 348 448 420 447 421 449 348 448 421 449 347 450 347 450 421 449 422 451 347 450 422 451 346 452 346 452 422 451 423 453 346 452 423 453 345 454 345 454 423 453 424 455 345 454 424 455 344 456 344 456 424 455 425 457 344 456 425 457 343 458 343 458 425 457 426 459 343 458 426 459 342 460 342 460 426 459 427 461 342 460 427 461 341 462 341 462 427 461 428 463 341 462 428 463 340 464 340 464 428 463 429 465 340 464 429 465 339 466 339 466 429 465 430 467 339 466 430 467 338 468 338 468 430 467 431 469 338 468 431 469 337 470 337 470 431 469 432 471 337 470 432 471 336 472 336 472 432 471 433 473 336 472 433 473 335 474 335 474 433 473 434 475 335 474 434 475 334 476 334 476 434 475 435 477 334 476 435 477 333 478 333 478 435 477 436 479 333 478 436 479 332 480 332 480 436 479 437 481 332 480 437 481 331 482 331 482 437 481 438 483 331 482 438 483 330 484 330 484 438 483 439 485 330 484 439 485 329 486 329 486 439 485 440 487 329 486 440 487 328 488 328 488 440 487 441 489 328 488 441 489 327 490 327 490 441 489 442 491 327 490 442 491 326 492 326 492 442 491 443 493 326 492 443 493 325 494 325 494 443 493 444 495 325 494 444 495 324 374 324 374 444 495 384 375 446 496 500 497 445 498 445 498 500 497 501 499 445 498 501 499 499 500 499 500 501 499 502 501 499 500 502 501 498 502 498 502 502 501 503 503 498 502 503 503 497 504 497 504 503 503 504 505 497 504 504 505 496 506 496 506 504 505 505 507 496 506 505 507 495 508 495 508 505 507 506 509 495 508 506 509 494 510 494 510 506 509 507 511 494 510 507 511 493 512 493 512 507 511 508 513 493 512 508 513 492 514 492 514 508 513 509 515 492 514 509 515 491 516 491 516 509 515 510 517 491 516 510 517 490 518 490 518 510 517 511 519 490 518 511 519 489 520 489 520 511 519 512 521 489 520 512 521 488 522 488 522 512 521 513 523 488 522 513 523 487 524 487 524 513 523 514 525 487 524 514 525 486 526 486 526 514 525 515 527 486 526 515 527 485 528 485 528 515 527 516 529 485 528 516 529 484 530 484 530 516 529 517 531 484 530 517 531 483 532 483 532 517 531 518 533 483 532 518 533 482 534 482 534 518 533 519 535 482 534 519 535 481 536 481 536 519 535 520 537 481 536 520 537 480 538 480 538 520 537 521 539 480 538 521 539 479 540 479 540 521 539 522 541 479 540 522 541 478 542 478 542 522 541 523 543 478 542 523 543 477 544 477 544 523 543 524 545 477 544 524 545 476 546 476 546 524 545 525 547 476 546 525 547 475 548 475 548 525 547 526 549 475 548 526 549 474 550 474 550 526 549 527 551 474 550 527 551 473 552 473 552 527 551 528 553 473 552 528 553 472 554 472 554 528 553 529 555 472 554 529 555 471 556 471 556 529 555 530 557 471 556 530 557 470 558 470 558 530 557 531 559 470 558 531 559 469 560 469 560 531 559 532 561 469 560 532 561 468 562 468 562 532 561 533 563 468 562 533 563 467 564 467 564 533 563 534 565 467 564 534 565 466 566 466 566 534 565 535 567 466 566 535 567 465 568 465 568 535 567 536 569 465 568 536 569 464 570 464 570 536 569 537 571 464 570 537 571 463 572 463 572 537 571 538 573 463 572 538 573 462 574 462 574 538 573 539 575 462 574 539 575 461 576 461 576 539 575 540 577 461 576 540 577 460 578 460 578 540 577 541 579 460 578 541 579 459 580 459 580 541 579 542 581 459 580 542 581 458 582 458 582 542 581 543 583 458 582 543 583 457 584 457 584 543 583 544 585 457 584 544 585 456 586 456 586 544 585 545 587 456 586 545 587 455 588 455 588 545 587 546 589 455 588 546 589 454 590 454 590 546 589 547 591 454 590 547 591 453 592 453 592 547 591 548 593 453 592 548 593 452 594 452 594 548 593 549 595 452 594 549 595 451 596 451 596 549 595 550 597 451 596 550 597 450 598 450 598 550 597 551 599 450 598 551 599 449 600 449 600 551 599 552 601 449 600 552 601 448 602 448 602 552 601 553 603 448 602 553 603 447 604 447 604 553 603 554 605 447 604 554 605 446 496 446 496 554 605 500 497 556 606 624 607 555 608 555 608 624 607 625 609 555 608 625 609 623 610 623 610 625 609 626 611 623 610 626 611 622 612 622 612 626 611 627 613 622 612 627 613 621 614 621 614 627 613 628 615 621 614 628 615 620 616 620 616 628 615 629 617 620 616 629 617 619 618 619 618 629 617 630 619 619 618 630 619 618 620 618 620 630 619 631 621 618 620 631 621 617 622 617 622 631 621 632 623 617 622 632 623 616 624 616 624 632 623 633 625 616 624 633 625 615 626 615 626 633 625 634 627 615 626 634 627 614 628 614 628 634 627 635 629 614 628 635 629 613 630 613 630 635 629 636 631 613 630 636 631 612 632 612 632 636 631 637 633 612 632 637 633 611 634 611 634 637 633 638 635 611 634 638 635 610 636 610 636 638 635 639 637 610 636 639 637 609 638 609 638 639 637 640 639 609 638 640 639 608 640 608 640 640 639 641 641 608 640 641 641 607 642 607 642 641 641 642 643 607 642 642 643 606 644 606 644 642 643 643 645 606 644 643 645 605 646 605 646 643 645 644 647 605 646 644 647 604 648 604 648 644 647 645 649 604 648 645 649 603 650 603 650 645 649 646 651 603 650 646 651 602 652 602 652 646 651 647 653 602 652 647 653 601 654 601 654 647 653 648 655 601 654 648 655 600 656 600 656 648 655 649 657 600 656 649 657 599 658 599 658 649 657 650 659 599 658 650 659 598 660 598 660 650 659 651 661 598 660 651 661 597 662 597 662 651 661 652 663 597 662 652 663 596 664 596 664 652 663 653 665 596 664 653 665 595 666 595 666 653 665 654 667 595 666 654 667 594 668 594 668 654 667 655 669 594 668 655 669 593 670 593 670 655 669 656 671 593 670 656 671 592 672 592 672 656 671 657 673 592 672 657 673 591 674 591 674 657 673 658 675 591 674 658 675 590 676 590 676 658 675 659 677 590 676 659 677 589 678 589 678 659 677 660 679 589 678 660 679 588 680 588 680 660 679 661 681 588 680 661 681 587 682 587 682 661 681 662 683 587 682 662 683 586 684 586 684 662 683 663 685 586 684 663 685 585 686 585 686 663 685 664 687 585 686 664 687 584 688 584 688 664 687 665 689 584 688 665 689 583 690 583 690 665 689 666 691 583 690 666 691 582 692 582 692 666 691 667 693 582 692 667 693 581 694 581 694 667 693 668 695 581 694 668 695 580 696 580 696 668 695 669 697 580 696 669 697 579 698 579 698 669 697 670 699 579 698 670 699 578 700 578 700 670 699 671 701 578 700 671 701 577 702 577 702 671 701 672 703 577 702 672 703 576 704 576 704 672 703 673 705 576 704 673 705 575 706 575 706 673 705 674 707 575 706 674 707 574 708 574 708 674 707 675 709 574 708 675 709 573 710 573 710 675 709 676 711 573 710 676 711 572 712 572 712 676 711 677 713 572 712 677 713 571 714 571 714 677 713 678 715 571 714 678 715 570 716 570 716 678 715 679 717 570 716 679 717 569 718 569 718 679 717 680 719 569 718 680 719 568 720 568 720 680 719 681 721 568 720 681 721 567 722 567 722 681 721 682 723 567 722 682 723 566 724 566 724 682 723 683 725 566 724 683 725 565 726 565 726 683 725 684 727 565 726 684 727 564 728 564 728 684 727 685 729 564 728 685 729 563 730 563 730 685 729 686 731 563 730 686 731 562 732 562 732 686 731 687 733 562 732 687 733 561 734 561 734 687 733 688 735 561 734 688 735 560 736 560 736 688 735 689 737 560 736 689 737 559 738 559 738 689 737 690 739 559 738 690 739 558 740 558 740 690 739 691 741 558 740 691 741 557 742 557 742 691 741 692 743 557 742 692 743 556 606 556 606 692 743 624 607 694 744 774 745 693 746 693 746 774 745 734 747 693 746 734 747 733 748 733 748 734 747 735 749 733 748 735 749 736 750 694 744 695 751 774 745 774 745 695 751 773 752 773 752 695 751 696 753 773 752 696 753 772 754 772 754 696 753 697 755 772 754 697 755 771 756 771 756 697 755 698 757 771 756 698 757 770 758 770 758 698 757 699 759 770 758 699 759 769 760 769 760 699 759 700 761 769 760 700 761 768 762 768 762 700 761 701 763 768 762 701 763 767 764 767 764 701 763 702 765 767 764 702 765 766 766 766 766 702 765 703 767 766 766 703 767 765 768 765 768 703 767 704 769 765 768 704 769 764 770 764 770 704 769 705 771 764 770 705 771 763 772 763 772 705 771 706 773 763 772 706 773 762 774 762 774 706 773 707 775 762 774 707 775 761 776 761 776 707 775 708 777 761 776 708 777 760 778 760 778 708 777 709 779 760 778 709 779 759 780 759 780 709 779 710 781 759 780 710 781 758 782 758 782 710 781 711 783 758 782 711 783 757 784 757 784 711 783 712 785 757 784 712 785 756 786 756 786 712 785 713 787 756 786 713 787 755 788 755 788 713 787 714 789 755 788 714 789 754 790 754 790 714 789 715 791 754 790 715 791 753 792 753 792 715 791 716 793 753 792 716 793 752 794 752 794 716 793 717 795 752 794 717 795 751 796 751 796 717 795 718 797 751 796 718 797 750 798 750 798 718 797 719 799 750 798 719 799 749 800 749 800 719 799 720 801 749 800 720 801 748 802 748 802 720 801 721 803 748 802 721 803 747 804 747 804 721 803 722 805 747 804 722 805 746 806 746 806 722 805 723 807 746 806 723 807 745 808 745 808 723 807 724 809 745 808 724 809 744 810 744 810 724 809 725 811 744 810 725 811 743 812 743 812 725 811 726 813 743 812 726 813 742 814 742 814 726 813 727 815 742 814 727 815 741 816 741 816 727 815 728 817 741 816 728 817 740 818 740 818 728 817 729 819 740 818 729 819 739 820 739 820 729 819 730 821 739 820 730 821 738 822 738 822 730 821 731 823 738 822 731 823 737 824 737 824 731 823 732 825 737 824 732 825 736 750 736 750 732 825 733 748 776 826 856 827 775 828 775 828 856 827 857 829 775 828 857 829 855 830 855 830 857 829 858 831 855 830 858 831 854 832 854 832 858 831 859 833 854 832 859 833 853 834 853 834 859 833 860 835 853 834 860 835 852 836 852 836 860 835 861 837 852 836 861 837 851 838 851 838 861 837 862 839 851 838 862 839 850 840 850 840 862 839 863 841 850 840 863 841 849 842 849 842 863 841 864 843 849 842 864 843 848 844 848 844 864 843 865 845 848 844 865 845 847 846 847 846 865 845 866 847 847 846 866 847 846 848 846 848 866 847 867 849 846 848 867 849 845 850 845 850 867 849 868 851 845 850 868 851 844 852 844 852 868 851 869 853 844 852 869 853 843 854 843 854 869 853 870 855 843 854 870 855 842 856 842 856 870 855 871 857 842 856 871 857 841 858 841 858 871 857 872 859 841 858 872 859 840 860 840 860 872 859 873 861 840 860 873 861 839 862 839 862 873 861 874 863 839 862 874 863 838 864 838 864 874 863 875 865 838 864 875 865 837 866 837 866 875 865 876 867 837 866 876 867 836 868 836 868 876 867 877 869 836 868 877 869 835 870 835 870 877 869 878 871 835 870 878 871 834 872 834 872 878 871 879 873 834 872 879 873 833 874 833 874 879 873 880 875 833 874 880 875 832 876 832 876 880 875 881 877 832 876 881 877 831 878 831 878 881 877 882 879 831 878 882 879 830 880 830 880 882 879 883 881 830 880 883 881 829 882 829 882 883 881 884 883 829 882 884 883 828 884 828 884 884 883 885 885 828 884 885 885 827 886 827 886 885 885 886 887 827 886 886 887 826 888 826 888 886 887 887 889 826 888 887 889 825 890 825 890 887 889 888 891 825 890 888 891 824 892 824 892 888 891 889 893 824 892 889 893 823 894 823 894 889 893 890 895 823 894 890 895 822 896 822 896 890 895 891 897 822 896 891 897 821 898 821 898 891 897 892 899 821 898 892 899 820 900 820 900 892 899 893 901 820 900 893 901 819 902 819 902 893 901 894 903 819 902 894 903 818 904 818 904 894 903 895 905 818 904 895 905 817 906 817 906 895 905 896 907 817 906 896 907 816 908 816 908 896 907 897 909 816 908 897 909 815 910 815 910 897 909 898 911 815 910 898 911 814 912 814 912 898 911 899 913 814 912 899 913 813 914 813 914 899 913 900 915 813 914 900 915 812 916 812 916 900 915 901 917 812 916 901 917 811 918 811 918 901 917 902 919 811 918 902 919 810 920 810 920 902 919 903 921 810 920 903 921 809 922 809 922 903 921 904 923 809 922 904 923 808 924 808 924 904 923 905 925 808 924 905 925 807 926 807 926 905 925 906 927 807 926 906 927 806 928 806 928 906 927 907 929 806 928 907 929 805 930 805 930 907 929 908 931 805 930 908 931 804 932 804 932 908 931 909 933 804 932 909 933 803 934 803 934 909 933 910 935 803 934 910 935 802 936 802 936 910 935 911 937 802 936 911 937 801 938 801 938 911 937 912 939 801 938 912 939 800 940 800 940 912 939 913 941 800 940 913 941 799 942 799 942 913 941 914 943 799 942 914 943 798 944 798 944 914 943 915 945 798 944 915 945 797 946 797 946 915 945 916 947 797 946 916 947 796 948 796 948 916 947 917 949 796 948 917 949 795 950 795 950 917 949 918 951 795 950 918 951 794 952 794 952 918 951 919 953 794 952 919 953 793 954 793 954 919 953 920 955 793 954 920 955 792 956 792 956 920 955 921 957 792 956 921 957 791 958 791 958 921 957 922 959 791 958 922 959 790 960 790 960 922 959 923 961 790 960 923 961 789 962 789 962 923 961 924 963 789 962 924 963 788 964 788 964 924 963 925 965 788 964 925 965 787 966 787 966 925 965 926 967 787 966 926 967 786 968 786 968 926 967 927 969 786 968 927 969 785 970 785 970 927 969 928 971 785 970 928 971 784 972 784 972 928 971 929 973 784 972 929 973 783 974 783 974 929 973 930 975 783 974 930 975 782 976 782 976 930 975 931 977 782 976 931 977 781 978 781 978 931 977 932 979 781 978 932 979 780 980 780 980 932 979 933 981 780 980 933 981 779 982 779 982 933 981 934 983 779 982 934 983 778 984 778 984 934 983 935 985 778 984 935 985 777 986 777 986 935 985 936 987 777 986 936 987 776 826 776 826 936 987 856 827 776 988 775 989 624 990 624 990 775 989 855 991 624 990 855 991 625 992 625 992 855 991 854 993 625 992 854 993 626 994 626 994 854 993 853 995 626 994 853 995 627 996 627 996 853 995 852 997 627 996 852 997 628 998 628 998 852 997 851 999 628 998 851 999 629 1000 629 1000 851 999 850 1001 629 1000 850 1001 630 1002 630 1002 850 1001 849 1003 630 1002 849 1003 848 1004 630 1002 848 1004 631 1005 631 1005 848 1004 847 1006 631 1005 847 1006 632 1007 632 1007 847 1006 846 1008 632 1007 846 1008 633 1009 633 1009 846 1008 845 1010 633 1009 845 1010 634 1011 634 1011 845 1010 844 1012 634 1011 844 1012 635 1013 635 1013 844 1012 843 1014 635 1013 843 1014 842 1015 635 1013 842 1015 636 1016 636 1016 842 1015 841 1017 636 1016 841 1017 637 1018 637 1018 841 1017 840 1019 637 1018 840 1019 638 1020 638 1020 840 1019 839 1021 638 1020 839 1021 639 1022 639 1022 839 1021 838 1023 639 1022 838 1023 640 1024 640 1024 838 1023 837 1025 640 1024 837 1025 641 1026 641 1026 837 1025 836 1027 641 1026 836 1027 835 1028 641 1026 835 1028 642 1029 642 1029 835 1028 834 1030 642 1029 834 1030 643 1031 643 1031 834 1030 833 1032 643 1031 833 1032 644 1033 644 1033 833 1032 832 1034 644 1033 832 1034 645 1035 645 1035 832 1034 831 1036 645 1035 831 1036 646 1037 646 1037 831 1036 830 1038 646 1037 830 1038 647 1039 647 1039 830 1038 829 1040 647 1039 829 1040 828 1041 647 1039 828 1041 648 1042 648 1042 828 1041 827 1043 648 1042 827 1043 649 1044 649 1044 827 1043 826 1045 649 1044 826 1045 650 1046 650 1046 826 1045 825 1047 650 1046 825 1047 651 1048 651 1048 825 1047 824 1049 651 1048 824 1049 652 1050 652 1050 824 1049 823 1051 652 1050 823 1051 653 1052 653 1052 823 1051 822 1053 653 1052 822 1053 821 1054 653 1052 821 1054 654 1055 654 1055 821 1054 820 1056 654 1055 820 1056 655 1057 655 1057 820 1056 819 1058 655 1057 819 1058 656 1059 656 1059 819 1058 818 1060 656 1059 818 1060 657 1061 657 1061 818 1060 817 1062 657 1061 817 1062 658 1063 658 1063 817 1062 816 1064 658 1063 816 1064 659 1065 659 1065 816 1064 815 1066 659 1065 815 1066 814 1067 659 1065 814 1067 660 1068 660 1068 814 1067 813 1069 660 1068 813 1069 661 1070 661 1070 813 1069 812 1071 661 1070 812 1071 662 1072 662 1072 812 1071 811 1073 662 1072 811 1073 663 1074 663 1074 811 1073 810 1075 663 1074 810 1075 664 1076 664 1076 810 1075 809 1077 664 1076 809 1077 808 1078 664 1076 808 1078 665 1079 665 1079 808 1078 807 1080 665 1079 807 1080 666 1081 666 1081 807 1080 806 1082 666 1081 806 1082 667 1083 667 1083 806 1082 805 1084 667 1083 805 1084 668 1085 668 1085 805 1084 804 1086 668 1085 804 1086 669 1087 669 1087 804 1086 803 1088 669 1087 803 1088 670 1089 670 1089 803 1088 802 1090 670 1089 802 1090 801 1091 670 1089 801 1091 671 1092 671 1092 801 1091 800 1093 671 1092 800 1093 672 1094 672 1094 800 1093 799 1095 672 1094 799 1095 673 1096 673 1096 799 1095 798 1097 673 1096 798 1097 674 1098 674 1098 798 1097 797 1099 674 1098 797 1099 675 1100 675 1100 797 1099 796 1101 675 1100 796 1101 676 1102 676 1102 796 1101 795 1103 676 1102 795 1103 794 1104 676 1102 794 1104 677 1105 677 1105 794 1104 793 1106 677 1105 793 1106 678 1107 678 1107 793 1106 792 1108 678 1107 792 1108 679 1109 679 1109 792 1108 791 1110 679 1109 791 1110 680 1111 680 1111 791 1110 790 1112 680 1111 790 1112 681 1113 681 1113 790 1112 789 1114 681 1113 789 1114 682 1115 682 1115 789 1114 788 1116 682 1115 788 1116 787 1117 682 1115 787 1117 683 1118 683 1118 787 1117 786 1119 683 1118 786 1119 684 1120 684 1120 786 1119 785 1121 684 1120 785 1121 685 1122 685 1122 785 1121 784 1123 685 1122 784 1123 686 1124 686 1124 784 1123 783 1125 686 1124 783 1125 687 1126 687 1126 783 1125 782 1127 687 1126 782 1127 781 1128 687 1126 781 1128 688 1129 688 1129 781 1128 780 1130 688 1129 780 1130 689 1131 689 1131 780 1130 779 1132 689 1131 779 1132 690 1133 690 1133 779 1132 778 1134 690 1133 778 1134 691 1135 691 1135 778 1134 777 1136 691 1135 777 1136 692 1137 692 1137 777 1136 776 988 692 1137 776 988 624 990 623 1138 973 1139 555 1140 555 1140 973 1139 59 1141 555 1140 59 1141 556 1142 556 1142 59 1141 557 1143 557 1143 59 1141 975 1144 557 1143 975 1144 51 1145 51 1145 975 1144 48 1146 973 1139 623 1138 67 1147 67 1147 623 1138 622 1148 67 1147 622 1148 621 1149 67 1147 621 1149 971 1150 971 1150 621 1149 620 1151 971 1150 620 1151 75 1152 75 1152 620 1151 619 1153 75 1152 619 1153 618 1154 75 1152 618 1154 969 1155 969 1155 618 1154 617 1156 969 1155 617 1156 83 1157 83 1157 617 1156 616 1158 83 1157 616 1158 615 1159 614 1160 91 1161 615 1159 615 1159 91 1161 967 1162 615 1159 967 1162 83 1157 83 1157 967 1162 80 1163 614 1160 613 1164 91 1161 91 1161 613 1164 965 1165 91 1161 965 1165 88 1166 613 1164 612 1167 965 1165 965 1165 612 1167 963 1168 965 1165 963 1168 964 1169 612 1167 611 1170 963 1168 963 1168 611 1170 610 1171 963 1168 610 1171 961 1172 961 1172 610 1171 609 1173 961 1172 609 1173 95 1174 95 1174 609 1173 608 1175 95 1174 608 1175 607 1176 95 1174 607 1176 960 1177 960 1177 607 1176 606 1178 960 1177 606 1178 87 1179 87 1179 606 1178 605 1180 87 1179 605 1180 604 1181 603 1182 79 1183 604 1181 604 1181 79 1183 958 1184 604 1181 958 1184 87 1179 87 1179 958 1184 84 1185 603 1182 602 1186 79 1183 79 1183 602 1186 956 1187 79 1183 956 1187 76 1188 602 1186 601 1189 956 1187 956 1187 601 1189 71 1190 956 1187 71 1190 955 1191 601 1189 600 1192 71 1190 71 1190 600 1192 599 1193 71 1190 599 1193 954 1194 954 1194 599 1193 598 1195 954 1194 598 1195 63 1196 63 1196 598 1195 597 1197 63 1196 597 1197 596 1198 63 1196 596 1198 952 1199 952 1199 596 1198 595 1200 952 1199 595 1200 55 1201 55 1201 595 1200 594 1202 55 1201 594 1202 593 1203 592 1204 47 1205 593 1203 593 1203 47 1205 950 1206 593 1203 950 1206 55 1201 55 1201 950 1206 52 1207 592 1204 591 1208 47 1205 47 1205 591 1208 948 1209 47 1205 948 1209 44 1210 591 1208 590 1211 948 1209 948 1209 590 1211 39 1212 948 1209 39 1212 947 1213 590 1211 589 1214 39 1212 39 1212 589 1214 588 1215 39 1212 588 1215 946 1216 946 1216 588 1215 587 1217 946 1216 587 1217 31 1218 31 1218 587 1217 586 1219 31 1218 586 1219 585 1220 31 1218 585 1220 944 1221 944 1221 585 1220 584 1222 944 1221 584 1222 23 1223 23 1223 584 1222 583 1224 23 1223 583 1224 582 1225 23 1223 582 1225 942 1226 942 1226 582 1225 581 1227 942 1226 581 1227 15 1228 15 1228 581 1227 580 1229 15 1228 580 1229 940 1230 940 1230 580 1229 579 1231 940 1230 579 1231 7 1232 7 1232 579 1231 578 1233 7 1232 578 1233 577 1234 7 1232 577 1234 938 1235 938 1235 577 1234 576 1236 938 1235 576 1236 3 1237 3 1237 576 1236 575 1238 3 1237 575 1238 574 1239 3 1237 574 1239 987 1240 987 1240 574 1239 573 1241 987 1240 573 1241 11 1242 11 1242 573 1241 572 1243 11 1242 572 1243 571 1244 11 1242 571 1244 985 1245 985 1245 571 1244 570 1246 985 1245 570 1246 19 1247 19 1247 570 1246 569 1248 19 1247 569 1248 983 1249 983 1249 569 1248 568 1250 983 1249 568 1250 27 1251 27 1251 568 1250 567 1252 27 1251 567 1252 566 1253 27 1251 566 1253 981 1254 981 1254 566 1253 565 1255 981 1254 565 1255 35 1256 35 1256 565 1255 564 1257 35 1256 564 1257 563 1258 35 1256 563 1258 979 1259 979 1259 563 1258 562 1260 979 1259 562 1260 43 1261 43 1261 562 1260 561 1262 43 1261 561 1262 560 1263 43 1261 560 1263 977 1264 977 1264 560 1263 559 1265 977 1264 559 1265 51 1145 51 1145 559 1265 558 1266 51 1145 558 1266 557 1143 937 1267 938 1235 3 1237 938 1235 4 1268 7 1232 7 1232 939 1269 940 1230 940 1230 12 1270 15 1228 15 1228 941 1271 942 1226 942 1226 20 1272 23 1223 23 1223 943 1273 944 1221 944 1221 28 1274 31 1218 31 1218 945 1275 946 1216 946 1216 36 1276 39 1212 47 1205 949 1277 950 1206 55 1201 951 1278 952 1199 952 1199 60 1279 63 1196 63 1196 953 1280 954 1194 954 1194 68 1281 71 1190 79 1183 957 1282 958 1184 87 1179 959 1283 960 1177 960 1177 92 1284 95 1174 95 1174 148 1285 961 1172 961 1172 962 1286 963 1168 91 1161 966 1287 967 1162 83 1157 968 1288 969 1155 969 1155 72 1289 75 1152 75 1152 970 1290 971 1150 971 1150 64 1291 67 1147 67 1147 972 1292 973 1139 973 1139 56 1293 59 1141 59 1141 974 1294 975 1144 51 1145 976 1295 977 1264 977 1264 40 1296 43 1261 43 1261 978 1297 979 1259 979 1259 32 1298 35 1256 35 1256 980 1299 981 1254 981 1254 24 1300 27 1251 27 1251 982 1301 983 1249 983 1249 16 1302 19 1247 19 1247 984 1303 985 1245 985 1245 8 1304 11 1242 11 1242 986 1305 987 1240 987 1240 0 1306 3 1237 984 1307 19 1308 141 1309 141 1309 19 1308 18 1310 982 1311 27 1312 137 1313 137 1313 27 1312 26 1314 980 1315 35 1316 133 1317 133 1317 35 1316 34 1318 978 1319 43 1320 129 1321 129 1321 43 1320 42 1322 976 1323 51 1324 125 1325 125 1325 51 1324 50 1326 974 1327 59 1328 121 1329 121 1329 59 1328 58 1330 972 1331 67 1332 117 1333 117 1333 67 1332 66 1334 970 1335 75 1336 113 1337 113 1337 75 1336 74 1338 968 1339 83 1340 109 1341 109 1341 83 1340 82 1342 966 1343 91 1344 105 1345 105 1345 91 1344 90 1346 964 1347 963 1348 99 1349 99 1349 963 1348 100 1350 101 1351 100 1352 962 1353 962 1353 100 1352 963 1354 959 1355 87 1356 103 1357 103 1357 87 1356 86 1358 957 1359 79 1360 107 1361 107 1361 79 1360 78 1362 955 1363 71 1364 111 1365 111 1365 71 1364 70 1366 953 1367 63 1368 115 1369 115 1369 63 1368 62 1370 951 1371 55 1372 119 1373 119 1373 55 1372 54 1374 949 1375 47 1376 123 1377 123 1377 47 1376 46 1378 947 1379 39 1380 127 1381 127 1381 39 1380 38 1382 945 1383 31 1384 131 1385 131 1385 31 1384 30 1386 943 1387 23 1388 135 1389 135 1389 23 1388 22 1390 941 1391 15 1392 139 1393 139 1393 15 1392 14 1394 939 1395 7 1396 143 1397 143 1397 7 1396 6 1398 937 1399 3 1400 147 1401 147 1401 3 1400 2 1402 986 1403 11 1404 145 1405 145 1405 11 1404 10 1406 446 1407 445 1408 734 1409 734 1409 445 1408 499 1410 734 1409 499 1410 735 1411 735 1411 499 1410 498 1412 735 1411 498 1412 736 1413 736 1413 498 1412 497 1414 736 1413 497 1414 737 1415 737 1415 497 1414 496 1416 737 1415 496 1416 495 1417 737 1415 495 1417 738 1418 738 1418 495 1417 494 1419 738 1418 494 1419 739 1420 739 1420 494 1419 493 1421 739 1420 493 1421 740 1422 740 1422 493 1421 492 1423 740 1422 492 1423 491 1424 740 1422 491 1424 741 1425 741 1425 491 1424 490 1426 741 1425 490 1426 742 1427 742 1427 490 1426 489 1428 742 1427 489 1428 743 1429 743 1429 489 1428 488 1430 743 1429 488 1430 487 1431 743 1429 487 1431 744 1432 744 1432 487 1431 486 1433 744 1432 486 1433 745 1434 745 1434 486 1433 485 1435 745 1434 485 1435 746 1436 746 1436 485 1435 484 1437 746 1436 484 1437 483 1438 746 1436 483 1438 747 1439 747 1439 483 1438 482 1440 747 1439 482 1440 748 1441 748 1441 482 1440 481 1442 748 1441 481 1442 749 1443 749 1443 481 1442 480 1444 749 1443 480 1444 479 1445 749 1443 479 1445 750 1446 750 1446 479 1445 478 1447 750 1446 478 1447 751 1448 751 1448 478 1447 477 1449 751 1448 477 1449 752 1450 752 1450 477 1449 476 1451 752 1450 476 1451 475 1452 752 1450 475 1452 753 1453 753 1453 475 1452 474 1454 753 1453 474 1454 754 1455 754 1455 474 1454 473 1456 754 1455 473 1456 472 1457 754 1455 472 1457 755 1458 755 1458 472 1457 471 1459 755 1458 471 1459 756 1460 756 1460 471 1459 470 1461 756 1460 470 1461 757 1462 757 1462 470 1461 469 1463 757 1462 469 1463 468 1464 757 1462 468 1464 758 1465 758 1465 468 1464 467 1466 758 1465 467 1466 759 1467 759 1467 467 1466 466 1468 759 1467 466 1468 760 1469 760 1469 466 1468 465 1470 760 1469 465 1470 464 1471 760 1469 464 1471 761 1472 761 1472 464 1471 463 1473 761 1472 463 1473 762 1474 762 1474 463 1473 462 1475 762 1474 462 1475 763 1476 763 1476 462 1475 461 1477 763 1476 461 1477 460 1478 763 1476 460 1478 764 1479 764 1479 460 1478 459 1480 764 1479 459 1480 765 1481 765 1481 459 1480 458 1482 765 1481 458 1482 766 1483 766 1483 458 1482 457 1484 766 1483 457 1484 456 1485 766 1483 456 1485 767 1486 767 1486 456 1485 455 1487 767 1486 455 1487 768 1488 768 1488 455 1487 454 1489 768 1488 454 1489 769 1490 769 1490 454 1489 453 1491 769 1490 453 1491 452 1492 769 1490 452 1492 770 1493 770 1493 452 1492 451 1494 770 1493 451 1494 771 1495 771 1495 451 1494 450 1496 771 1495 450 1496 772 1497 772 1497 450 1496 449 1498 772 1497 449 1498 448 1499 772 1497 448 1499 773 1500 773 1500 448 1499 447 1501 773 1500 447 1501 774 1502 774 1502 447 1501 446 1407 774 1502 446 1407 734 1409 186 1503 185 1504 323 1505 323 1505 185 1504 253 1506 323 1505 253 1506 324 1507 324 1507 253 1506 252 1508 324 1507 252 1508 325 1509 325 1509 252 1508 251 1510 325 1509 251 1510 326 1511 326 1511 251 1510 250 1512 326 1511 250 1512 327 1513 327 1513 250 1512 249 1514 327 1513 249 1514 328 1515 328 1515 249 1514 248 1516 328 1515 248 1516 329 1517 329 1517 248 1516 247 1518 329 1517 247 1518 330 1519 330 1519 247 1518 246 1520 330 1519 246 1520 331 1521 331 1521 246 1520 245 1522 331 1521 245 1522 244 1523 331 1521 244 1523 332 1524 332 1524 244 1523 243 1525 332 1524 243 1525 333 1526 333 1526 243 1525 242 1527 333 1526 242 1527 334 1528 334 1528 242 1527 241 1529 334 1528 241 1529 335 1530 335 1530 241 1529 240 1531 335 1530 240 1531 336 1532 336 1532 240 1531 239 1533 336 1532 239 1533 337 1534 337 1534 239 1533 238 1535 337 1534 238 1535 338 1536 338 1536 238 1535 237 1537 338 1536 237 1537 236 1538 338 1536 236 1538 339 1539 339 1539 236 1538 235 1540 339 1539 235 1540 340 1541 340 1541 235 1540 234 1542 340 1541 234 1542 341 1543 341 1543 234 1542 233 1544 341 1543 233 1544 342 1545 342 1545 233 1544 232 1546 342 1545 232 1546 343 1547 343 1547 232 1546 231 1548 343 1547 231 1548 344 1549 344 1549 231 1548 230 1550 344 1549 230 1550 345 1551 345 1551 230 1550 229 1552 345 1551 229 1552 346 1553 346 1553 229 1552 228 1554 346 1553 228 1554 227 1555 346 1553 227 1555 347 1556 347 1556 227 1555 226 1557 347 1556 226 1557 348 1558 348 1558 226 1557 225 1559 348 1558 225 1559 349 1560 349 1560 225 1559 224 1561 349 1560 224 1561 350 1562 350 1562 224 1561 223 1563 350 1562 223 1563 351 1564 351 1564 223 1563 222 1565 351 1564 222 1565 352 1566 352 1566 222 1565 221 1567 352 1566 221 1567 353 1568 353 1568 221 1567 220 1569 353 1568 220 1569 219 1570 353 1568 219 1570 354 1571 354 1571 219 1570 218 1572 354 1571 218 1572 355 1573 355 1573 218 1572 217 1574 355 1573 217 1574 356 1575 356 1575 217 1574 216 1576 356 1575 216 1576 357 1577 357 1577 216 1576 215 1578 357 1577 215 1578 358 1579 358 1579 215 1578 214 1580 358 1579 214 1580 359 1581 359 1581 214 1580 213 1582 359 1581 213 1582 360 1583 360 1583 213 1582 212 1584 360 1583 212 1584 361 1585 361 1585 212 1584 211 1586 361 1585 211 1586 210 1587 361 1585 210 1587 362 1588 362 1588 210 1587 209 1589 362 1588 209 1589 363 1590 363 1590 209 1589 208 1591 363 1590 208 1591 364 1592 364 1592 208 1591 207 1593 364 1592 207 1593 365 1594 365 1594 207 1593 206 1595 365 1594 206 1595 366 1596 366 1596 206 1595 205 1597 366 1596 205 1597 367 1598 367 1598 205 1597 204 1599 367 1598 204 1599 368 1600 368 1600 204 1599 203 1601 368 1600 203 1601 369 1602 369 1602 203 1601 202 1603 369 1602 202 1603 201 1604 369 1602 201 1604 370 1605 370 1605 201 1604 200 1606 370 1605 200 1606 371 1607 371 1607 200 1606 199 1608 371 1607 199 1608 372 1609 372 1609 199 1608 198 1610 372 1609 198 1610 373 1611 373 1611 198 1610 197 1612 373 1611 197 1612 374 1613 374 1613 197 1612 196 1614 374 1613 196 1614 375 1615 375 1615 196 1614 195 1616 375 1615 195 1616 376 1617 376 1617 195 1616 194 1618 376 1617 194 1618 193 1619 376 1617 193 1619 377 1620 377 1620 193 1619 192 1621 377 1620 192 1621 378 1622 378 1622 192 1621 191 1623 378 1622 191 1623 379 1624 379 1624 191 1623 190 1625 379 1624 190 1625 380 1626 380 1626 190 1625 189 1627 380 1626 189 1627 381 1628 381 1628 189 1627 188 1629 381 1628 188 1629 382 1630 382 1630 188 1629 187 1631 382 1630 187 1631 383 1632 383 1632 187 1631 186 1503 383 1632 186 1503 323 1505 385 1633 384 1634 500 1635 500 1635 384 1634 444 1636 500 1635 444 1636 501 1637 501 1637 444 1636 443 1638 501 1637 443 1638 502 1639 502 1639 443 1638 442 1640 502 1639 442 1640 503 1641 503 1641 442 1640 441 1642 503 1641 441 1642 504 1643 504 1643 441 1642 440 1644 504 1643 440 1644 505 1645 505 1645 440 1644 439 1646 505 1645 439 1646 506 1647 506 1647 439 1646 438 1648 506 1647 438 1648 507 1649 507 1649 438 1648 437 1650 507 1649 437 1650 508 1651 508 1651 437 1650 436 1652 508 1651 436 1652 509 1653 509 1653 436 1652 435 1654 509 1653 435 1654 434 1655 509 1653 434 1655 510 1656 510 1656 434 1655 433 1657 510 1656 433 1657 511 1658 511 1658 433 1657 432 1659 511 1658 432 1659 512 1660 512 1660 432 1659 431 1661 512 1660 431 1661 513 1662 513 1662 431 1661 430 1663 513 1662 430 1663 514 1664 514 1664 430 1663 429 1665 514 1664 429 1665 515 1666 515 1666 429 1665 428 1667 515 1666 428 1667 516 1668 516 1668 428 1667 427 1669 516 1668 427 1669 517 1670 517 1670 427 1669 426 1671 517 1670 426 1671 518 1672 518 1672 426 1671 425 1673 518 1672 425 1673 424 1674 518 1672 424 1674 519 1675 519 1675 424 1674 423 1676 519 1675 423 1676 520 1677 520 1677 423 1676 422 1678 520 1677 422 1678 521 1679 521 1679 422 1678 421 1680 521 1679 421 1680 522 1681 522 1681 421 1680 420 1682 522 1681 420 1682 523 1683 523 1683 420 1682 419 1684 523 1683 419 1684 524 1685 524 1685 419 1684 418 1686 524 1685 418 1686 525 1687 525 1687 418 1686 417 1688 525 1687 417 1688 526 1689 526 1689 417 1688 416 1690 526 1689 416 1690 527 1691 527 1691 416 1690 415 1692 527 1691 415 1692 414 1693 527 1691 414 1693 528 1694 528 1694 414 1693 413 1695 528 1694 413 1695 529 1696 529 1696 413 1695 412 1697 529 1696 412 1697 530 1698 530 1698 412 1697 411 1699 530 1698 411 1699 531 1700 531 1700 411 1699 410 1701 531 1700 410 1701 532 1702 532 1702 410 1701 409 1703 532 1702 409 1703 533 1704 533 1704 409 1703 408 1705 533 1704 408 1705 534 1706 534 1706 408 1705 407 1707 534 1706 407 1707 535 1708 535 1708 407 1707 406 1709 535 1708 406 1709 536 1710 536 1710 406 1709 405 1711 536 1710 405 1711 537 1712 537 1712 405 1711 404 1713 537 1712 404 1713 403 1714 537 1712 403 1714 538 1715 538 1715 403 1714 402 1716 538 1715 402 1716 539 1717 539 1717 402 1716 401 1718 539 1717 401 1718 540 1719 540 1719 401 1718 400 1720 540 1719 400 1720 541 1721 541 1721 400 1720 399 1722 541 1721 399 1722 542 1723 542 1723 399 1722 398 1724 542 1723 398 1724 543 1725 543 1725 398 1724 397 1726 543 1725 397 1726 544 1727 544 1727 397 1726 396 1728 544 1727 396 1728 545 1729 545 1729 396 1728 395 1730 545 1729 395 1730 546 1731 546 1731 395 1730 394 1732 546 1731 394 1732 393 1733 546 1731 393 1733 547 1734 547 1734 393 1733 392 1735 547 1734 392 1735 548 1736 548 1736 392 1735 391 1737 548 1736 391 1737 549 1738 549 1738 391 1737 390 1739 549 1738 390 1739 550 1740 550 1740 390 1739 389 1741 550 1740 389 1741 551 1742 551 1742 389 1741 388 1743 551 1742 388 1743 552 1744 552 1744 388 1743 387 1745 552 1744 387 1745 553 1746 553 1746 387 1745 386 1747 553 1746 386 1747 554 1748 554 1748 386 1747 385 1633 554 1748 385 1633 500 1635 988 1749 989 1750 995 1751 995 1751 989 1750 990 1752 995 1751 990 1752 994 1753 994 1753 990 1752 991 1754 994 1753 991 1754 993 1755 993 1755 991 1754 992 1756 993 1757 992 1758 1005 1759 1005 1759 992 1758 996 1760 1005 1759 996 1760 1004 1761 1004 1761 996 1760 997 1762 1004 1761 997 1762 1003 1763 1003 1763 997 1762 998 1764 1003 1763 998 1764 1002 1765 1002 1765 998 1764 999 1766 1002 1765 999 1766 1001 1767 1001 1767 999 1766 1000 1768 1001 1767 1000 1768 180 1769 180 1769 1000 1768 181 1770 177 1771 184 1772 1017 1773 1017 1773 184 1772 1006 1774 1017 1773 1006 1774 1016 1775 1016 1775 1006 1774 1007 1776 1016 1775 1007 1776 1015 1777 1015 1777 1007 1776 1008 1778 1015 1777 1008 1778 1014 1779 1014 1779 1008 1778 1009 1780 1014 1779 1009 1780 1013 1781 1013 1781 1009 1780 1010 1782 1013 1781 1010 1782 1012 1783 1012 1783 1010 1782 1011 1784 1012 1785 1011 1786 1023 1787 1023 1787 1011 1786 1018 1788 1023 1787 1018 1788 1022 1789 1022 1789 1018 1788 1019 1790 1022 1789 1019 1790 1021 1791 1021 1791 1019 1790 1020 1792 1021 1793 1020 1794 1035 1795 1035 1795 1020 1794 1024 1796 1035 1795 1024 1796 1034 1797 1034 1797 1024 1796 1025 1798 1034 1797 1025 1798 1033 1799 1033 1799 1025 1798 1026 1800 1033 1799 1026 1800 1032 1801 1032 1801 1026 1800 1027 1802 1032 1801 1027 1802 1031 1803 1031 1803 1027 1802 1028 1804 1031 1803 1028 1804 1030 1805 1030 1805 1028 1804 1029 1806 1030 1807 1029 1808 1041 1809 1041 1809 1029 1808 1036 1810 1041 1809 1036 1810 1040 1811 1040 1811 1036 1810 1037 1812 1040 1811 1037 1812 1039 1813 1039 1813 1037 1812 1038 1814 1039 1815 1038 1816 1053 1817 1053 1817 1038 1816 1042 1818 1053 1817 1042 1818 1052 1819 1052 1819 1042 1818 1043 1820 1052 1819 1043 1820 1051 1821 1051 1821 1043 1820 1044 1822 1051 1821 1044 1822 1050 1823 1050 1823 1044 1822 1045 1824 1050 1823 1045 1824 1049 1825 1049 1825 1045 1824 1046 1826 1049 1825 1046 1826 1048 1827 1048 1827 1046 1826 1047 1828 1048 1829 1047 1830 1059 1831 1059 1831 1047 1830 1054 1832 1059 1831 1054 1832 1058 1833 1058 1833 1054 1832 1055 1834 1058 1833 1055 1834 1057 1835 1057 1835 1055 1834 1056 1836 1057 1837 1056 1838 1071 1839 1071 1839 1056 1838 1060 1840 1071 1839 1060 1840 1070 1841 1070 1841 1060 1840 1061 1842 1070 1841 1061 1842 1069 1843 1069 1843 1061 1842 1062 1844 1069 1843 1062 1844 1068 1845 1068 1845 1062 1844 1063 1846 1068 1845 1063 1846 1067 1847 1067 1847 1063 1846 1064 1848 1067 1847 1064 1848 1066 1849 1066 1849 1064 1848 1065 1850 1066 1851 1065 1852 1077 1853 1077 1853 1065 1852 1072 1854 1077 1853 1072 1854 1076 1855 1076 1855 1072 1854 1073 1856 1076 1855 1073 1856 1075 1857 1075 1857 1073 1856 1074 1858 1075 1859 1074 1860 1089 1861 1089 1861 1074 1860 1078 1862 1089 1861 1078 1862 1088 1863 1088 1863 1078 1862 1079 1864 1088 1863 1079 1864 1087 1865 1087 1865 1079 1864 1080 1866 1087 1865 1080 1866 1086 1867 1086 1867 1080 1866 1081 1868 1086 1867 1081 1868 1085 1869 1085 1869 1081 1868 1082 1870 1085 1869 1082 1870 1084 1871 1084 1871 1082 1870 1083 1872 1084 1873 1083 1874 1095 1875 1095 1875 1083 1874 1090 1876 1095 1875 1090 1876 1094 1877 1094 1877 1090 1876 1091 1878 1094 1877 1091 1878 1093 1879 1093 1879 1091 1878 1092 1880 1093 1881 1092 1882 1107 1883 1107 1883 1092 1882 1096 1884 1107 1883 1096 1884 1106 1885 1106 1885 1096 1884 1097 1886 1106 1885 1097 1886 1105 1887 1105 1887 1097 1886 1098 1888 1105 1887 1098 1888 1104 1889 1104 1889 1098 1888 1099 1890 1104 1889 1099 1890 1103 1891 1103 1891 1099 1890 1100 1892 1103 1891 1100 1892 1102 1893 1102 1893 1100 1892 1101 1894 1102 1895 1101 1896 1113 1897 1113 1897 1101 1896 1108 1898 1113 1897 1108 1898 1112 1899 1112 1899 1108 1898 1109 1900 1112 1899 1109 1900 1111 1901 1111 1901 1109 1900 1110 1902 1111 1903 1110 1904 1125 1905 1125 1905 1110 1904 1114 1906 1125 1905 1114 1906 1124 1907 1124 1907 1114 1906 1115 1908 1124 1907 1115 1908 1123 1909 1123 1909 1115 1908 1116 1910 1123 1909 1116 1910 1122 1911 1122 1911 1116 1910 1117 1912 1122 1911 1117 1912 1121 1913 1121 1913 1117 1912 1118 1914 1121 1913 1118 1914 1120 1915 1120 1915 1118 1914 1119 1916 1120 1917 1119 1918 1129 1919 1129 1919 1119 1918 1126 1920 1129 1919 1126 1920 1128 1921 1128 1921 1126 1920 1127 1922 1128 1921 1127 1922 169 1923 169 1923 1127 1922 170 1924 163 1925 176 1926 1135 1927 1135 1927 176 1926 1130 1928 1135 1927 1130 1928 1134 1929 1134 1929 1130 1928 1131 1930 1134 1929 1131 1930 1133 1931 1133 1931 1131 1930 1132 1932 1133 1933 1132 1934 1147 1935 1147 1935 1132 1934 1136 1936 1147 1935 1136 1936 1146 1937 1146 1937 1136 1936 1137 1938 1146 1937 1137 1938 1145 1939 1145 1939 1137 1938 1138 1940 1145 1939 1138 1940 1144 1941 1144 1941 1138 1940 1139 1942 1144 1941 1139 1942 1143 1943 1143 1943 1139 1942 1140 1944 1143 1943 1140 1944 1142 1945 1142 1945 1140 1944 1141 1946 1142 1947 1141 1948 1153 1949 1153 1949 1141 1948 1148 1950 1153 1949 1148 1950 1152 1951 1152 1951 1148 1950 1149 1952 1152 1951 1149 1952 1151 1953 1151 1953 1149 1952 1150 1954 1151 1955 1150 1956 1165 1957 1165 1957 1150 1956 1154 1958 1165 1957 1154 1958 1164 1959 1164 1959 1154 1958 1155 1960 1164 1959 1155 1960 1163 1961 1163 1961 1155 1960 1156 1962 1163 1961 1156 1962 1162 1963 1162 1963 1156 1962 1157 1964 1162 1963 1157 1964 1161 1965 1161 1965 1157 1964 1158 1966 1161 1965 1158 1966 1160 1967 1160 1967 1158 1966 1159 1968 1160 1969 1159 1970 1171 1971 1171 1971 1159 1970 1166 1972 1171 1971 1166 1972 1170 1973 1170 1973 1166 1972 1167 1974 1170 1973 1167 1974 1169 1975 1169 1975 1167 1974 1168 1976 1169 1977 1168 1978 1183 1979 1183 1979 1168 1978 1172 1980 1183 1979 1172 1980 1182 1981 1182 1981 1172 1980 1173 1982 1182 1981 1173 1982 1181 1983 1181 1983 1173 1982 1174 1984 1181 1983 1174 1984 1180 1985 1180 1985 1174 1984 1175 1986 1180 1985 1175 1986 1179 1987 1179 1987 1175 1986 1176 1988 1179 1987 1176 1988 1178 1989 1178 1989 1176 1988 1177 1990 1178 1991 1177 1992 1189 1993 1189 1993 1177 1992 1184 1994 1189 1993 1184 1994 1188 1995 1188 1995 1184 1994 1185 1996 1188 1995 1185 1996 1187 1997 1187 1997 1185 1996 1186 1998 1187 1999 1186 2000 1201 2001 1201 2001 1186 2000 1190 2002 1201 2001 1190 2002 1200 2003 1200 2003 1190 2002 1191 2004 1200 2003 1191 2004 1199 2005 1199 2005 1191 2004 1192 2006 1199 2005 1192 2006 1198 2007 1198 2007 1192 2006 1193 2008 1198 2007 1193 2008 1197 2009 1197 2009 1193 2008 1194 2010 1197 2009 1194 2010 1196 2011 1196 2011 1194 2010 1195 2012 1196 2013 1195 2014 1207 2015 1207 2015 1195 2014 1202 2016 1207 2015 1202 2016 1206 2017 1206 2017 1202 2016 1203 2018 1206 2017 1203 2018 1205 2019 1205 2019 1203 2018 1204 2020 1205 2021 1204 2022 1219 2023 1219 2023 1204 2022 1208 2024 1219 2023 1208 2024 1218 2025 1218 2025 1208 2024 1209 2026 1218 2025 1209 2026 1217 2027 1217 2027 1209 2026 1210 2028 1217 2027 1210 2028 1216 2029 1216 2029 1210 2028 1211 2030 1216 2029 1211 2030 1215 2031 1215 2031 1211 2030 1212 2032 1215 2031 1212 2032 1214 2033 1214 2033 1212 2032 1213 2034 1214 2035 1213 2036 1225 2037 1225 2037 1213 2036 1220 2038 1225 2037 1220 2038 1224 2039 1224 2039 1220 2038 1221 2040 1224 2039 1221 2040 1223 2041 1223 2041 1221 2040 1222 2042 1223 2043 1222 2044 1237 2045 1237 2045 1222 2044 1226 2046 1237 2045 1226 2046 1236 2047 1236 2047 1226 2046 1227 2048 1236 2047 1227 2048 1235 2049 1235 2049 1227 2048 1228 2050 1235 2049 1228 2050 1234 2051 1234 2051 1228 2050 1229 2052 1234 2051 1229 2052 1233 2053 1233 2053 1229 2052 1230 2054 1233 2053 1230 2054 1232 2055 1232 2055 1230 2054 1231 2056 1232 2057 1231 2058 1243 2059 1243 2059 1231 2058 1238 2060 1243 2059 1238 2060 1242 2061 1242 2061 1238 2060 1239 2062 1242 2061 1239 2062 1241 2063 1241 2063 1239 2062 1240 2064 1241 2065 1240 2066 1255 2067 1255 2067 1240 2066 1244 2068 1255 2067 1244 2068 1254 2069 1254 2069 1244 2068 1245 2070 1254 2069 1245 2070 1253 2071 1253 2071 1245 2070 1246 2072 1253 2071 1246 2072 1252 2073 1252 2073 1246 2072 1247 2074 1252 2073 1247 2074 1251 2075 1251 2075 1247 2074 1248 2076 1251 2075 1248 2076 1250 2077 1250 2077 1248 2076 1249 2078 1250 2079 1249 2080 1261 2081 1261 2081 1249 2080 1256 2082 1261 2081 1256 2082 1260 2083 1260 2083 1256 2082 1257 2084 1260 2083 1257 2084 1259 2085 1259 2085 1257 2084 1258 2086 1259 2087 1258 2088 1273 2089 1273 2089 1258 2088 1262 2090 1273 2089 1262 2090 1272 2091 1272 2091 1262 2090 1263 2092 1272 2091 1263 2092 1271 2093 1271 2093 1263 2092 1264 2094 1271 2093 1264 2094 1270 2095 1270 2095 1264 2094 1265 2096 1270 2095 1265 2096 1269 2097 1269 2097 1265 2096 1266 2098 1269 2097 1266 2098 1268 2099 1268 2099 1266 2098 1267 2100 1268 2101 1267 2102 1279 2103 1279 2103 1267 2102 1274 2104 1279 2103 1274 2104 1278 2105 1278 2105 1274 2104 1275 2106 1278 2105 1275 2106 1277 2107 1277 2107 1275 2106 1276 2108 1277 2109 1276 2110 1291 2111 1291 2111 1276 2110 1280 2112 1291 2111 1280 2112 1290 2113 1290 2113 1280 2112 1281 2114 1290 2113 1281 2114 1289 2115 1289 2115 1281 2114 1282 2116 1289 2115 1282 2116 1288 2117 1288 2117 1282 2116 1283 2118 1288 2117 1283 2118 1287 2119 1287 2119 1283 2118 1284 2120 1287 2119 1284 2120 1286 2121 1286 2121 1284 2120 1285 2122 1286 2123 1285 2124 1297 2125 1297 2125 1285 2124 1292 2126 1297 2125 1292 2126 1296 2127 1296 2127 1292 2126 1293 2128 1296 2127 1293 2128 1295 2129 1295 2129 1293 2128 1294 2130 1295 2131 1294 2132 1309 2133 1309 2133 1294 2132 1298 2134 1309 2133 1298 2134 1308 2135 1308 2135 1298 2134 1299 2136 1308 2135 1299 2136 1307 2137 1307 2137 1299 2136 1300 2138 1307 2137 1300 2138 1306 2139 1306 2139 1300 2138 1301 2140 1306 2139 1301 2140 1305 2141 1305 2141 1301 2140 1302 2142 1305 2141 1302 2142 1304 2143 1304 2143 1302 2142 1303 2144 1304 2145 1303 2146 1315 2147 1315 2147 1303 2146 1310 2148 1315 2147 1310 2148 1314 2149 1314 2149 1310 2148 1311 2150 1314 2149 1311 2150 1313 2151 1313 2151 1311 2150 1312 2152 1313 2153 1312 2154 1327 2155 1327 2155 1312 2154 1316 2156 1327 2155 1316 2156 1326 2157 1326 2157 1316 2156 1317 2158 1326 2157 1317 2158 1325 2159 1325 2159 1317 2158 1318 2160 1325 2159 1318 2160 1324 2161 1324 2161 1318 2160 1319 2162 1324 2161 1319 2162 1323 2163 1323 2163 1319 2162 1320 2164 1323 2163 1320 2164 1322 2165 1322 2165 1320 2164 1321 2166 1322 2167 1321 2168 1333 2169 1333 2169 1321 2168 1328 2170 1333 2169 1328 2170 1332 2171 1332 2171 1328 2170 1329 2172 1332 2171 1329 2172 1331 2173 1331 2173 1329 2172 1330 2174 1331 2175 1330 2176 1345 2177 1345 2177 1330 2176 1334 2178 1345 2177 1334 2178 1344 2179 1344 2179 1334 2178 1335 2180 1344 2179 1335 2180 1343 2181 1343 2181 1335 2180 1336 2182 1343 2181 1336 2182 1342 2183 1342 2183 1336 2182 1337 2184 1342 2183 1337 2184 1341 2185 1341 2185 1337 2184 1338 2186 1341 2185 1338 2186 1340 2187 1340 2187 1338 2186 1339 2188 1340 2189 1339 2190 1351 2191 1351 2191 1339 2190 1346 2192 1351 2191 1346 2192 1350 2193 1350 2193 1346 2192 1347 2194 1350 2193 1347 2194 1349 2195 1349 2195 1347 2194 1348 2196 1349 2197 1348 2198 1363 2199 1363 2199 1348 2198 1352 2200 1363 2199 1352 2200 1362 2201 1362 2201 1352 2200 1353 2202 1362 2201 1353 2202 1361 2203 1361 2203 1353 2202 1354 2204 1361 2203 1354 2204 1360 2205 1360 2205 1354 2204 1355 2206 1360 2205 1355 2206 1359 2207 1359 2207 1355 2206 1356 2208 1359 2207 1356 2208 1358 2209 1358 2209 1356 2208 1357 2210 1358 2211 1357 2212 1369 2213 1369 2213 1357 2212 1364 2214 1369 2213 1364 2214 1368 2215 1368 2215 1364 2214 1365 2216 1368 2215 1365 2216 1367 2217 1367 2217 1365 2216 1366 2218 1367 2219 1366 2220 1381 2221 1381 2221 1366 2220 1370 2222 1381 2221 1370 2222 1380 2223 1380 2223 1370 2222 1371 2224 1380 2223 1371 2224 1379 2225 1379 2225 1371 2224 1372 2226 1379 2225 1372 2226 1378 2227 1378 2227 1372 2226 1373 2228 1378 2227 1373 2228 1377 2229 1377 2229 1373 2228 1374 2230 1377 2229 1374 2230 1376 2231 1376 2231 1374 2230 1375 2232 1376 2233 1375 2234 1387 2235 1387 2235 1375 2234 1382 2236 1387 2235 1382 2236 1386 2237 1386 2237 1382 2236 1383 2238 1386 2237 1383 2238 1385 2239 1385 2239 1383 2238 1384 2240 1385 2241 1384 2242 1399 2243 1399 2243 1384 2242 1388 2244 1399 2243 1388 2244 1398 2245 1398 2245 1388 2244 1389 2246 1398 2245 1389 2246 1397 2247 1397 2247 1389 2246 1390 2248 1397 2247 1390 2248 1396 2249 1396 2249 1390 2248 1391 2250 1396 2249 1391 2250 1395 2251 1395 2251 1391 2250 1392 2252 1395 2251 1392 2252 1394 2253 1394 2253 1392 2252 1393 2254 1394 2255 1393 2256 1405 2257 1405 2257 1393 2256 1400 2258 1405 2257 1400 2258 1404 2259 1404 2259 1400 2258 1401 2260 1404 2259 1401 2260 1403 2261 1403 2261 1401 2260 1402 2262 1403 2263 1402 2264 1417 2265 1417 2265 1402 2264 1406 2266 1417 2265 1406 2266 1416 2267 1416 2267 1406 2266 1407 2268 1416 2267 1407 2268 1415 2269 1415 2269 1407 2268 1408 2270 1415 2269 1408 2270 1414 2271 1414 2271 1408 2270 1409 2272 1414 2271 1409 2272 1413 2273 1413 2273 1409 2272 1410 2274 1413 2273 1410 2274 1412 2275 1412 2275 1410 2274 1411 2276 1412 2277 1411 2278 1423 2279 1423 2279 1411 2278 1418 2280 1423 2279 1418 2280 1422 2281 1422 2281 1418 2280 1419 2282 1422 2281 1419 2282 1421 2283 1421 2283 1419 2282 1420 2284 1421 2285 1420 2286 1435 2287 1435 2287 1420 2286 1424 2288 1435 2287 1424 2288 1434 2289 1434 2289 1424 2288 1425 2290 1434 2289 1425 2290 1433 2291 1433 2291 1425 2290 1426 2292 1433 2291 1426 2292 1432 2293 1432 2293 1426 2292 1427 2294 1432 2293 1427 2294 1431 2295 1431 2295 1427 2294 1428 2296 1431 2295 1428 2296 1430 2297 1430 2297 1428 2296 1429 2298 1430 2299 1429 2300 1441 2301 1441 2301 1429 2300 1436 2302 1441 2301 1436 2302 1440 2303 1440 2303 1436 2302 1437 2304 1440 2303 1437 2304 1439 2305 1439 2305 1437 2304 1438 2306 1439 2307 1438 2308 1453 2309 1453 2309 1438 2308 1442 2310 1453 2309 1442 2310 1452 2311 1452 2311 1442 2310 1443 2312 1452 2311 1443 2312 1451 2313 1451 2313 1443 2312 1444 2314 1451 2313 1444 2314 1450 2315 1450 2315 1444 2314 1445 2316 1450 2315 1445 2316 1449 2317 1449 2317 1445 2316 1446 2318 1449 2317 1446 2318 1448 2319 1448 2319 1446 2318 1447 2320 1448 2321 1447 2322 1459 2323 1459 2323 1447 2322 1454 2324 1459 2323 1454 2324 1458 2325 1458 2325 1454 2324 1455 2326 1458 2325 1455 2326 1457 2327 1457 2327 1455 2326 1456 2328 1457 2329 1456 2330 1471 2331 1471 2331 1456 2330 1460 2332 1471 2331 1460 2332 1470 2333 1470 2333 1460 2332 1461 2334 1470 2333 1461 2334 1469 2335 1469 2335 1461 2334 1462 2336 1469 2335 1462 2336 1468 2337 1468 2337 1462 2336 1463 2338 1468 2337 1463 2338 1467 2339 1467 2339 1463 2338 1464 2340 1467 2339 1464 2340 1466 2341 1466 2341 1464 2340 1465 2342 1466 2343 1465 2344 1477 2345 1477 2345 1465 2344 1472 2346 1477 2345 1472 2346 1476 2347 1476 2347 1472 2346 1473 2348 1476 2347 1473 2348 1475 2349 1475 2349 1473 2348 1474 2350 1475 2351 1474 2352 1489 2353 1489 2353 1474 2352 1478 2354 1489 2353 1478 2354 1488 2355 1488 2355 1478 2354 1479 2356 1488 2355 1479 2356 1487 2357 1487 2357 1479 2356 1480 2358 1487 2357 1480 2358 1486 2359 1486 2359 1480 2358 1481 2360 1486 2359 1481 2360 1485 2361 1485 2361 1481 2360 1482 2362 1485 2361 1482 2362 1484 2363 1484 2363 1482 2362 1483 2364 1484 2365 1483 2366 1495 2367 1495 2367 1483 2366 1490 2368 1495 2367 1490 2368 1494 2369 1494 2369 1490 2368 1491 2370 1494 2369 1491 2370 1493 2371 1493 2371 1491 2370 1492 2372 1493 2373 1492 2374 1507 2375 1507 2375 1492 2374 1496 2376 1507 2375 1496 2376 1506 2377 1506 2377 1496 2376 1497 2378 1506 2377 1497 2378 1505 2379 1505 2379 1497 2378 1498 2380 1505 2379 1498 2380 1504 2381 1504 2381 1498 2380 1499 2382 1504 2381 1499 2382 1503 2383 1503 2383 1499 2382 1500 2384 1503 2383 1500 2384 1502 2385 1502 2385 1500 2384 1501 2386 1502 2387 1501 2388 1513 2389 1513 2389 1501 2388 1508 2390 1513 2389 1508 2390 1512 2391 1512 2391 1508 2390 1509 2392 1512 2391 1509 2392 1511 2393 1511 2393 1509 2392 1510 2394 1511 2395 1510 2396 1525 2397 1525 2397 1510 2396 1514 2398 1525 2397 1514 2398 1524 2399 1524 2399 1514 2398 1515 2400 1524 2399 1515 2400 1523 2401 1523 2401 1515 2400 1516 2402 1523 2401 1516 2402 1522 2403 1522 2403 1516 2402 1517 2404 1522 2403 1517 2404 1521 2405 1521 2405 1517 2404 1518 2406 1521 2405 1518 2406 1520 2407 1520 2407 1518 2406 1519 2408 1520 2409 1519 2410 1531 2411 1531 2411 1519 2410 1526 2412 1531 2411 1526 2412 1530 2413 1530 2413 1526 2412 1527 2414 1530 2413 1527 2414 1529 2415 1529 2415 1527 2414 1528 2416 1529 2417 1528 2418 1543 2419 1543 2419 1528 2418 1532 2420 1543 2419 1532 2420 1542 2421 1542 2421 1532 2420 1533 2422 1542 2421 1533 2422 1541 2423 1541 2423 1533 2422 1534 2424 1541 2423 1534 2424 1540 2425 1540 2425 1534 2424 1535 2426 1540 2425 1535 2426 1539 2427 1539 2427 1535 2426 1536 2428 1539 2427 1536 2428 1538 2429 1538 2429 1536 2428 1537 2430 1538 2431 1537 2432 1549 2433 1549 2433 1537 2432 1544 2434 1549 2433 1544 2434 1548 2435 1548 2435 1544 2434 1545 2436 1548 2435 1545 2436 1547 2437 1547 2437 1545 2436 1546 2438 1547 2439 1546 2440 1561 2441 1561 2441 1546 2440 1550 2442 1561 2441 1550 2442 1560 2443 1560 2443 1550 2442 1551 2444 1560 2443 1551 2444 1559 2445 1559 2445 1551 2444 1552 2446 1559 2445 1552 2446 1558 2447 1558 2447 1552 2446 1553 2448 1558 2447 1553 2448 1557 2449 1557 2449 1553 2448 1554 2450 1557 2449 1554 2450 1556 2451 1556 2451 1554 2450 1555 2452 1556 2453 1555 2454 1565 2455 1565 2455 1555 2454 1562 2456 1565 2455 1562 2456 1564 2457 1564 2457 1562 2456 1563 2458 1564 2457 1563 2458 155 2459 155 2459 1563 2458 156 2460 149 2461 162 2462 1571 2463 1571 2463 162 2462 1566 2464 1571 2463 1566 2464 1570 2465 1570 2465 1566 2464 1567 2466 1570 2465 1567 2466 1569 2467 1569 2467 1567 2466 1568 2468 1569 2469 1568 2470 1583 2471 1583 2471 1568 2470 1572 2472 1583 2471 1572 2472 1582 2473 1582 2473 1572 2472 1573 2474 1582 2473 1573 2474 1581 2475 1581 2475 1573 2474 1574 2476 1581 2475 1574 2476 1580 2477 1580 2477 1574 2476 1575 2478 1580 2477 1575 2478 1579 2479 1579 2479 1575 2478 1576 2480 1579 2479 1576 2480 1578 2481 1578 2481 1576 2480 1577 2482 1578 2483 1577 2484 1589 2485 1589 2485 1577 2484 1584 2486 1589 2485 1584 2486 1588 2487 1588 2487 1584 2486 1585 2488 1588 2487 1585 2488 1587 2489 1587 2489 1585 2488 1586 2490 1587 2491 1586 2492 1601 2493 1601 2493 1586 2492 1590 2494 1601 2493 1590 2494 1600 2495 1600 2495 1590 2494 1591 2496 1600 2495 1591 2496 1599 2497 1599 2497 1591 2496 1592 2498 1599 2497 1592 2498 1598 2499 1598 2499 1592 2498 1593 2500 1598 2499 1593 2500 1597 2501 1597 2501 1593 2500 1594 2502 1597 2501 1594 2502 1596 2503 1596 2503 1594 2502 1595 2504 1596 2505 1595 2506 1607 2507 1607 2507 1595 2506 1602 2508 1607 2507 1602 2508 1606 2509 1606 2509 1602 2508 1603 2510 1606 2509 1603 2510 1605 2511 1605 2511 1603 2510 1604 2512 1605 2513 1604 2514 1619 2515 1619 2515 1604 2514 1608 2516 1619 2515 1608 2516 1618 2517 1618 2517 1608 2516 1609 2518 1618 2517 1609 2518 1617 2519 1617 2519 1609 2518 1610 2520 1617 2519 1610 2520 1616 2521 1616 2521 1610 2520 1611 2522 1616 2521 1611 2522 1615 2523 1615 2523 1611 2522 1612 2524 1615 2523 1612 2524 1614 2525 1614 2525 1612 2524 1613 2526 1614 2527 1613 2528 1625 2529 1625 2529 1613 2528 1620 2530 1625 2529 1620 2530 1624 2531 1624 2531 1620 2530 1621 2532 1624 2531 1621 2532 1623 2533 1623 2533 1621 2532 1622 2534 1623 2535 1622 2536 1637 2537 1637 2537 1622 2536 1626 2538 1637 2537 1626 2538 1636 2539 1636 2539 1626 2538 1627 2540 1636 2539 1627 2540 1635 2541 1635 2541 1627 2540 1628 2542 1635 2541 1628 2542 1634 2543 1634 2543 1628 2542 1629 2544 1634 2543 1629 2544 1633 2545 1633 2545 1629 2544 1630 2546 1633 2545 1630 2546 1632 2547 1632 2547 1630 2546 1631 2548 1632 2549 1631 2550 1643 2551 1643 2551 1631 2550 1638 2552 1643 2551 1638 2552 1642 2553 1642 2553 1638 2552 1639 2554 1642 2553 1639 2554 1641 2555 1641 2555 1639 2554 1640 2556 1641 2557 1640 2558 1655 2559 1655 2559 1640 2558 1644 2560 1655 2559 1644 2560 1654 2561 1654 2561 1644 2560 1645 2562 1654 2561 1645 2562 1653 2563 1653 2563 1645 2562 1646 2564 1653 2563 1646 2564 1652 2565 1652 2565 1646 2564 1647 2566 1652 2565 1647 2566 1651 2567 1651 2567 1647 2566 1648 2568 1651 2567 1648 2568 1650 2569 1650 2569 1648 2568 1649 2570 1650 2571 1649 2572 1661 2573 1661 2573 1649 2572 1656 2574 1661 2573 1656 2574 1660 2575 1660 2575 1656 2574 1657 2576 1660 2575 1657 2576 1659 2577 1659 2577 1657 2576 1658 2578 1659 2579 1658 2580 1671 2581 1671 2581 1658 2580 1662 2582 1671 2581 1662 2582 1670 2583 1670 2583 1662 2582 1663 2584 1670 2583 1663 2584 1669 2585 1669 2585 1663 2584 1664 2586 1669 2585 1664 2586 1668 2587 1668 2587 1664 2586 1665 2588 1668 2587 1665 2588 1667 2589 1667 2589 1665 2588 1666 2590 1667 2589 1666 2590 988 2591 988 2591 1666 2590 989 2592 995 2593 935 2594 988 2595 988 2595 935 2594 934 2596 988 2595 934 2596 933 2597 995 2593 994 2598 935 2594 935 2594 994 2598 993 2599 935 2594 993 2599 936 2600 936 2600 993 2599 856 2601 856 2601 993 2599 1012 2602 856 2601 1012 2602 857 2603 857 2603 1012 2602 858 2604 858 2604 1012 2602 1023 2605 858 2604 1023 2605 1022 2606 1012 2602 993 2599 1013 2607 1013 2607 993 2599 1005 2608 1013 2607 1005 2608 1014 2609 1014 2609 1005 2608 1004 2610 1014 2609 1004 2610 1015 2611 1015 2611 1004 2610 1003 2612 1015 2611 1003 2612 1016 2613 1016 2613 1003 2612 1002 2614 1016 2613 1002 2614 1017 2615 1017 2615 1002 2614 1001 2616 1017 2615 1001 2616 178 2617 178 2617 1001 2616 179 2618 179 2618 1001 2616 180 2619 178 2617 177 2620 1017 2615 1022 2606 1021 2621 858 2604 858 2604 1021 2621 859 2622 859 2622 1021 2621 860 2623 860 2623 1021 2621 1048 2624 860 2623 1048 2624 861 2625 861 2625 1048 2624 862 2626 862 2626 1048 2624 1059 2627 862 2626 1059 2627 1058 2628 1021 2621 1035 2629 1048 2624 1048 2624 1035 2629 1049 2630 1049 2630 1035 2629 1034 2631 1049 2630 1034 2631 1050 2632 1050 2632 1034 2631 1033 2633 1050 2632 1033 2633 1051 2634 1051 2634 1033 2633 1032 2635 1051 2634 1032 2635 1052 2636 1052 2636 1032 2635 1053 2637 1053 2637 1032 2635 1031 2638 1053 2637 1031 2638 1040 2639 1040 2639 1031 2638 1041 2640 1041 2640 1031 2638 1030 2641 1040 2639 1039 2642 1053 2637 1058 2628 1057 2643 862 2626 862 2626 1057 2643 863 2644 863 2644 1057 2643 864 2645 864 2645 1057 2643 1084 2646 864 2645 1084 2646 865 2647 865 2647 1084 2646 866 2648 866 2648 1084 2646 1095 2649 866 2648 1095 2649 1094 2650 1057 2643 1071 2651 1084 2646 1084 2646 1071 2651 1085 2652 1085 2652 1071 2651 1070 2653 1085 2652 1070 2653 1086 2654 1086 2654 1070 2653 1069 2655 1086 2654 1069 2655 1087 2656 1087 2656 1069 2655 1068 2657 1087 2656 1068 2657 1088 2658 1088 2658 1068 2657 1067 2659 1088 2658 1067 2659 1089 2660 1089 2660 1067 2659 1076 2661 1089 2660 1076 2661 1075 2662 1066 2663 1077 2664 1067 2659 1067 2659 1077 2664 1076 2661 1094 2650 1093 2665 866 2648 866 2648 1093 2665 867 2666 867 2666 1093 2665 868 2667 868 2667 1093 2665 1120 2668 868 2667 1120 2668 869 2669 869 2669 1120 2668 870 2670 870 2670 1120 2668 1129 2671 870 2670 1129 2671 1128 2672 1093 2665 1107 2673 1120 2668 1120 2668 1107 2673 1121 2674 1121 2674 1107 2673 1106 2675 1121 2674 1106 2675 1122 2676 1122 2676 1106 2675 1105 2677 1122 2676 1105 2677 1123 2678 1123 2678 1105 2677 1104 2679 1123 2678 1104 2679 1124 2680 1124 2680 1104 2679 1103 2681 1124 2680 1103 2681 1125 2682 1125 2682 1103 2681 1113 2683 1125 2682 1113 2683 1112 2684 1103 2681 1102 2685 1113 2683 1112 2684 1111 2686 1125 2682 870 2670 1128 2672 871 2687 871 2687 1128 2672 169 2688 871 2687 169 2688 872 2689 872 2689 169 2688 1142 2690 872 2689 1142 2690 873 2691 873 2691 1142 2690 874 2692 874 2692 1142 2690 1153 2693 874 2692 1153 2693 1152 2694 169 2688 168 2695 1142 2690 1142 2690 168 2695 1143 2696 1143 2696 168 2695 167 2697 1143 2696 167 2697 1144 2698 1144 2698 167 2697 166 2699 1144 2698 166 2699 1145 2700 1145 2700 166 2699 165 2701 1145 2700 165 2701 1146 2702 1146 2702 165 2701 164 2703 1146 2702 164 2703 1147 2704 1147 2704 164 2703 1135 2705 1147 2704 1135 2705 1134 2706 164 2703 163 2707 1135 2705 1134 2706 1133 2708 1147 2704 874 2692 1152 2694 875 2709 875 2709 1152 2694 1151 2710 875 2709 1151 2710 876 2711 876 2711 1151 2710 1178 2712 876 2711 1178 2712 877 2713 877 2713 1178 2712 878 2714 878 2714 1178 2712 1189 2715 878 2714 1189 2715 1188 2716 1178 2712 1151 2710 1179 2717 1179 2717 1151 2710 1165 2718 1179 2717 1165 2718 1180 2719 1180 2719 1165 2718 1164 2720 1180 2719 1164 2720 1181 2721 1181 2721 1164 2720 1163 2722 1181 2721 1163 2722 1182 2723 1182 2723 1163 2722 1162 2724 1182 2723 1162 2724 1183 2725 1183 2725 1162 2724 1161 2726 1183 2725 1161 2726 1170 2727 1170 2727 1161 2726 1171 2728 1171 2728 1161 2726 1160 2729 1170 2727 1169 2730 1183 2725 878 2714 1188 2716 879 2731 879 2731 1188 2716 1187 2732 879 2731 1187 2732 880 2733 880 2733 1187 2732 1214 2734 880 2733 1214 2734 881 2735 881 2735 1214 2734 882 2736 882 2736 1214 2734 1225 2737 882 2736 1225 2737 1224 2738 1214 2734 1187 2732 1215 2739 1215 2739 1187 2732 1201 2740 1215 2739 1201 2740 1216 2741 1216 2741 1201 2740 1200 2742 1216 2741 1200 2742 1217 2743 1217 2743 1200 2742 1199 2744 1217 2743 1199 2744 1218 2745 1218 2745 1199 2744 1198 2746 1218 2745 1198 2746 1219 2747 1219 2747 1198 2746 1197 2748 1219 2747 1197 2748 1206 2749 1206 2749 1197 2748 1207 2750 1207 2750 1197 2748 1196 2751 1206 2749 1205 2752 1219 2747 882 2736 1224 2738 883 2753 883 2753 1224 2738 1223 2754 883 2753 1223 2754 884 2755 884 2755 1223 2754 1250 2756 884 2755 1250 2756 885 2757 885 2757 1250 2756 886 2758 886 2758 1250 2756 1261 2759 886 2758 1261 2759 1260 2760 1250 2756 1223 2754 1251 2761 1251 2761 1223 2754 1237 2762 1251 2761 1237 2762 1252 2763 1252 2763 1237 2762 1236 2764 1252 2763 1236 2764 1253 2765 1253 2765 1236 2764 1235 2766 1253 2765 1235 2766 1254 2767 1254 2767 1235 2766 1234 2768 1254 2767 1234 2768 1255 2769 1255 2769 1234 2768 1233 2770 1255 2769 1233 2770 1242 2771 1242 2771 1233 2770 1243 2772 1243 2772 1233 2770 1232 2773 1242 2771 1241 2774 1255 2769 886 2758 1260 2760 887 2775 887 2775 1260 2760 1259 2776 887 2775 1259 2776 888 2777 888 2777 1259 2776 1286 2778 888 2777 1286 2778 889 2779 889 2779 1286 2778 890 2780 890 2780 1286 2778 1297 2781 890 2780 1297 2781 1296 2782 1286 2778 1259 2776 1287 2783 1287 2783 1259 2776 1273 2784 1287 2783 1273 2784 1288 2785 1288 2785 1273 2784 1272 2786 1288 2785 1272 2786 1289 2787 1289 2787 1272 2786 1271 2788 1289 2787 1271 2788 1290 2789 1290 2789 1271 2788 1270 2790 1290 2789 1270 2790 1291 2791 1291 2791 1270 2790 1269 2792 1291 2791 1269 2792 1279 2793 1279 2793 1269 2792 1268 2794 1279 2793 1278 2795 1291 2791 1291 2791 1278 2795 1277 2796 890 2780 1296 2782 891 2797 891 2797 1296 2782 1295 2798 891 2797 1295 2798 892 2799 892 2799 1295 2798 1322 2800 892 2799 1322 2800 893 2801 893 2801 1322 2800 894 2802 894 2802 1322 2800 1333 2803 894 2802 1333 2803 1332 2804 1322 2800 1295 2798 1323 2805 1323 2805 1295 2798 1309 2806 1323 2805 1309 2806 1324 2807 1324 2807 1309 2806 1308 2808 1324 2807 1308 2808 1325 2809 1325 2809 1308 2808 1307 2810 1325 2809 1307 2810 1306 2811 1325 2809 1306 2811 1326 2812 1326 2812 1306 2811 1305 2813 1326 2812 1305 2813 1327 2814 1327 2814 1305 2813 1315 2815 1327 2814 1315 2815 1314 2816 1305 2813 1304 2817 1315 2815 1314 2816 1313 2818 1327 2814 894 2802 1332 2804 895 2819 895 2819 1332 2804 1331 2820 895 2819 1331 2820 896 2821 896 2821 1331 2820 1358 2822 896 2821 1358 2822 897 2823 897 2823 1358 2822 898 2824 898 2824 1358 2822 1369 2825 898 2824 1369 2825 899 2826 899 2826 1369 2825 1368 2827 899 2826 1368 2827 1367 2828 1358 2822 1331 2820 1359 2829 1359 2829 1331 2820 1345 2830 1359 2829 1345 2830 1344 2831 1359 2829 1344 2831 1360 2832 1360 2832 1344 2831 1343 2833 1360 2832 1343 2833 1361 2834 1361 2834 1343 2833 1342 2835 1361 2834 1342 2835 1362 2836 1362 2836 1342 2835 1341 2837 1362 2836 1341 2837 1363 2838 1363 2838 1341 2837 1351 2839 1363 2838 1351 2839 1350 2840 1341 2837 1340 2841 1351 2839 1350 2840 1349 2842 1363 2838 1381 2843 1394 2844 1367 2828 1367 2828 1394 2844 901 2845 1367 2828 901 2845 900 2846 1394 2844 1381 2843 1395 2847 1395 2847 1381 2843 1380 2848 1395 2847 1380 2848 1396 2849 1396 2849 1380 2848 1379 2850 1396 2849 1379 2850 1397 2851 1397 2851 1379 2850 1378 2852 1397 2851 1378 2852 1398 2853 1398 2853 1378 2852 1399 2854 1399 2854 1378 2852 1377 2855 1399 2854 1377 2855 1386 2856 1386 2856 1377 2855 1387 2857 1387 2857 1377 2855 1376 2858 1386 2856 1385 2859 1399 2854 901 2845 1394 2844 902 2860 902 2860 1394 2844 1405 2861 902 2860 1405 2861 903 2862 903 2862 1405 2861 1404 2863 903 2862 1404 2863 1403 2864 1417 2865 1430 2866 1403 2864 1403 2864 1430 2866 905 2867 1403 2864 905 2867 904 2868 1430 2866 1417 2865 1431 2869 1431 2869 1417 2865 1416 2870 1431 2869 1416 2870 1432 2871 1432 2871 1416 2870 1415 2872 1432 2871 1415 2872 1433 2873 1433 2873 1415 2872 1414 2874 1433 2873 1414 2874 1434 2875 1434 2875 1414 2874 1413 2876 1434 2875 1413 2876 1435 2877 1435 2877 1413 2876 1423 2878 1435 2877 1423 2878 1422 2879 1413 2876 1412 2880 1423 2878 1422 2879 1421 2881 1435 2877 905 2867 1430 2866 906 2882 906 2882 1430 2866 1441 2883 906 2882 1441 2883 907 2884 907 2884 1441 2883 1440 2885 907 2884 1440 2885 1439 2886 1453 2887 1466 2888 1439 2886 1439 2886 1466 2888 909 2889 1439 2886 909 2889 908 2890 1466 2888 1453 2887 1467 2891 1467 2891 1453 2887 1452 2892 1467 2891 1452 2892 1468 2893 1468 2893 1452 2892 1451 2894 1468 2893 1451 2894 1469 2895 1469 2895 1451 2894 1450 2896 1469 2895 1450 2896 1470 2897 1470 2897 1450 2896 1449 2898 1470 2897 1449 2898 1471 2899 1471 2899 1449 2898 1459 2900 1471 2899 1459 2900 1458 2901 1449 2898 1448 2902 1459 2900 1458 2901 1457 2903 1471 2899 909 2889 1466 2888 910 2904 910 2904 1466 2888 1477 2905 910 2904 1477 2905 911 2906 911 2906 1477 2905 1476 2907 911 2906 1476 2907 1475 2908 1489 2909 1502 2910 1475 2908 1475 2908 1502 2910 913 2911 1475 2908 913 2911 912 2912 1502 2910 1489 2909 1503 2913 1503 2913 1489 2909 1488 2914 1503 2913 1488 2914 1504 2915 1504 2915 1488 2914 1487 2916 1504 2915 1487 2916 1505 2917 1505 2917 1487 2916 1486 2918 1505 2917 1486 2918 1506 2919 1506 2919 1486 2918 1485 2920 1506 2919 1485 2920 1507 2921 1507 2921 1485 2920 1495 2922 1507 2921 1495 2922 1494 2923 1485 2920 1484 2924 1495 2922 1494 2923 1493 2925 1507 2921 913 2911 1502 2910 914 2926 914 2926 1502 2910 1513 2927 914 2926 1513 2927 915 2928 915 2928 1513 2927 1512 2929 915 2928 1512 2929 1511 2930 1525 2931 1539 2932 1511 2930 1511 2930 1539 2932 1538 2933 1511 2930 1538 2933 917 2934 917 2934 1538 2933 918 2935 918 2935 1538 2933 1549 2936 918 2935 1549 2936 919 2937 919 2937 1549 2936 1548 2938 919 2937 1548 2938 1547 2939 1539 2932 1525 2931 1540 2940 1540 2940 1525 2931 1524 2941 1540 2940 1524 2941 1541 2942 1541 2942 1524 2941 1523 2943 1541 2942 1523 2943 1542 2944 1542 2944 1523 2943 1522 2945 1542 2944 1522 2945 1543 2946 1543 2946 1522 2945 1521 2947 1543 2946 1521 2947 1530 2948 1530 2948 1521 2947 1531 2949 1531 2949 1521 2947 1520 2950 1530 2948 1529 2951 1543 2946 1561 2952 150 2953 1547 2939 1547 2939 150 2953 149 2954 1547 2939 149 2954 921 2955 921 2955 149 2954 922 2956 922 2956 149 2954 1571 2957 922 2956 1571 2957 923 2958 923 2958 1571 2957 1570 2959 923 2958 1570 2959 1569 2960 150 2953 1561 2952 151 2961 151 2961 1561 2952 1560 2962 151 2961 1560 2962 152 2963 152 2963 1560 2962 1559 2964 152 2963 1559 2964 153 2965 153 2965 1559 2964 1558 2966 153 2965 1558 2966 154 2967 154 2967 1558 2966 1557 2968 154 2967 1557 2968 1564 2969 1564 2969 1557 2968 1565 2970 1565 2970 1557 2968 1556 2971 1564 2969 155 2972 154 2967 1583 2973 1597 2974 1569 2960 1569 2960 1597 2974 1596 2975 1569 2960 1596 2975 925 2976 925 2976 1596 2975 926 2977 926 2977 1596 2975 927 2978 927 2978 1596 2975 1607 2979 927 2978 1607 2979 1606 2980 1597 2974 1583 2973 1598 2981 1598 2981 1583 2973 1582 2982 1598 2981 1582 2982 1599 2983 1599 2983 1582 2982 1581 2984 1599 2983 1581 2984 1600 2985 1600 2985 1581 2984 1580 2986 1600 2985 1580 2986 1601 2987 1601 2987 1580 2986 1579 2988 1601 2987 1579 2988 1588 2989 1588 2989 1579 2988 1589 2990 1589 2990 1579 2988 1578 2991 1588 2989 1587 2992 1601 2987 1606 2980 1605 2993 927 2978 927 2978 1605 2993 928 2994 928 2994 1605 2993 929 2995 929 2995 1605 2993 1632 2996 929 2995 1632 2996 930 2997 930 2997 1632 2996 931 2998 931 2998 1632 2996 1643 2999 931 2998 1643 2999 1642 3000 1632 2996 1605 2993 1633 3001 1633 3001 1605 2993 1619 3002 1633 3001 1619 3002 1634 3003 1634 3003 1619 3002 1618 3004 1634 3003 1618 3004 1635 3005 1635 3005 1618 3004 1617 3006 1635 3005 1617 3006 1636 3007 1636 3007 1617 3006 1616 3008 1636 3007 1616 3008 1637 3009 1637 3009 1616 3008 1615 3010 1637 3009 1615 3010 1624 3011 1624 3011 1615 3010 1625 3012 1625 3012 1615 3010 1614 3013 1624 3011 1623 3014 1637 3009 1642 3000 1641 3015 931 2998 931 2998 1641 3015 932 3016 932 3016 1641 3015 933 2597 933 2597 1641 3015 988 2595 988 2595 1641 3015 1667 3017 1667 3017 1641 3015 1655 3018 1667 3017 1655 3018 1668 3019 1668 3019 1655 3018 1654 3020 1668 3019 1654 3020 1669 3021 1669 3021 1654 3020 1653 3022 1669 3021 1653 3022 1652 3023 1669 3021 1652 3023 1670 3024 1670 3024 1652 3023 1651 3025 1670 3024 1651 3025 1671 3026 1671 3026 1651 3025 1661 3027 1671 3026 1661 3027 1660 3028 1651 3025 1650 3029 1661 3027 1660 3028 1659 3030 1671 3026 925 2976 924 3031 1569 2960 1569 2960 924 3031 923 2958 921 2955 920 3032 1547 2939 1547 2939 920 3032 919 2937 917 2934 916 3033 1511 2930 1511 2930 916 3033 915 2928 912 2912 911 2906 1475 2908 908 2890 907 2884 1439 2886 904 2868 903 2862 1403 2864 900 2846 899 2826 1367 2828 991 3034 255 3035 992 3036 992 3036 255 3035 254 3037 992 3036 254 3037 1011 3038 1011 3038 254 3037 322 3039 1011 3038 322 3039 1018 3040 1018 3040 322 3039 321 3041 1018 3040 321 3041 1019 3042 1019 3042 321 3041 1020 3043 1020 3043 321 3041 320 3044 1020 3043 320 3044 1047 3045 1047 3045 320 3044 319 3046 1047 3045 319 3046 318 3047 255 3035 991 3034 256 3048 256 3048 991 3034 990 3049 256 3048 990 3049 989 3050 1666 3051 1640 3052 989 3050 989 3050 1640 3052 257 3053 989 3050 257 3053 256 3048 1640 3052 1666 3051 1644 3054 1644 3054 1666 3051 1665 3055 1644 3054 1665 3055 1645 3056 1645 3056 1665 3055 1664 3057 1645 3056 1664 3057 1646 3058 1646 3058 1664 3057 1663 3059 1646 3058 1663 3059 1647 3060 1647 3060 1663 3059 1648 3061 1648 3061 1663 3059 1662 3062 1648 3061 1662 3062 1656 3063 1656 3063 1662 3062 1657 3064 1657 3064 1662 3062 1658 3065 1656 3063 1649 3066 1648 3061 1639 3067 259 3068 1640 3052 1640 3052 259 3068 258 3069 1640 3052 258 3069 257 3053 1639 3067 1638 3070 259 3068 259 3068 1638 3070 1631 3071 259 3068 1631 3071 260 3072 260 3072 1631 3071 261 3073 261 3073 1631 3071 1604 3074 261 3073 1604 3074 262 3075 262 3075 1604 3074 1603 3076 262 3075 1603 3076 263 3077 263 3077 1603 3076 1602 3078 263 3077 1602 3078 1595 3079 1631 3071 1630 3080 1604 3074 1604 3074 1630 3080 1608 3081 1608 3081 1630 3080 1629 3082 1608 3081 1629 3082 1609 3083 1609 3083 1629 3082 1628 3084 1609 3083 1628 3084 1610 3085 1610 3085 1628 3084 1627 3086 1610 3085 1627 3086 1611 3087 1611 3087 1627 3086 1626 3088 1611 3087 1626 3088 1612 3089 1612 3089 1626 3088 1621 3090 1612 3089 1621 3090 1620 3091 1626 3088 1622 3092 1621 3090 1620 3091 1613 3093 1612 3089 1594 3094 1568 3095 1595 3079 1595 3079 1568 3095 264 3096 1595 3079 264 3096 263 3077 1568 3095 1594 3094 1572 3097 1572 3097 1594 3094 1593 3098 1572 3097 1593 3098 1573 3099 1573 3099 1593 3098 1592 3100 1573 3099 1592 3100 1574 3101 1574 3101 1592 3100 1591 3102 1574 3101 1591 3102 1575 3103 1575 3103 1591 3102 1590 3104 1575 3103 1590 3104 1576 3105 1576 3105 1590 3104 1585 3106 1576 3105 1585 3106 1584 3107 1590 3104 1586 3108 1585 3106 1584 3107 1577 3109 1576 3105 1567 3110 266 3111 1568 3095 1568 3095 266 3111 265 3112 1568 3095 265 3112 264 3096 1567 3110 1566 3113 266 3111 266 3111 1566 3113 162 3114 266 3111 162 3114 267 3115 267 3115 162 3114 268 3116 268 3116 162 3114 1546 3117 268 3116 1546 3117 269 3118 269 3118 1546 3117 1545 3119 269 3118 1545 3119 270 3120 270 3120 1545 3119 1544 3121 270 3120 1544 3121 1537 3122 162 3114 161 3123 1546 3117 1546 3117 161 3123 1550 3124 1550 3124 161 3123 160 3125 1550 3124 160 3125 1551 3126 1551 3126 160 3125 159 3127 1551 3126 159 3127 1552 3128 1552 3128 159 3127 158 3129 1552 3128 158 3129 1553 3130 1553 3130 158 3129 157 3131 1553 3130 157 3131 1554 3132 1554 3132 157 3131 1563 3133 1554 3132 1563 3133 1562 3134 157 3131 156 3135 1563 3133 1562 3134 1555 3136 1554 3132 1536 3137 1514 3138 1537 3122 1537 3122 1514 3138 1510 3139 1537 3122 1510 3139 271 3140 271 3140 1510 3139 272 3141 272 3141 1510 3139 273 3142 273 3142 1510 3139 1509 3143 273 3142 1509 3143 1508 3144 1514 3138 1536 3137 1515 3145 1515 3145 1536 3137 1535 3146 1515 3145 1535 3146 1516 3147 1516 3147 1535 3146 1534 3148 1516 3147 1534 3148 1517 3149 1517 3149 1534 3148 1533 3150 1517 3149 1533 3150 1518 3151 1518 3151 1533 3150 1532 3152 1518 3151 1532 3152 1526 3153 1526 3153 1532 3152 1527 3154 1527 3154 1532 3152 1528 3155 1526 3153 1519 3156 1518 3151 1508 3144 1501 3157 273 3142 273 3142 1501 3157 274 3158 274 3158 1501 3157 275 3159 275 3159 1501 3157 1474 3160 275 3159 1474 3160 276 3161 276 3161 1474 3160 1473 3162 276 3161 1473 3162 1472 3163 1474 3160 1501 3157 1478 3164 1478 3164 1501 3157 1500 3165 1478 3164 1500 3165 1479 3166 1479 3166 1500 3165 1499 3167 1479 3166 1499 3167 1480 3168 1480 3168 1499 3167 1498 3169 1480 3168 1498 3169 1481 3170 1481 3170 1498 3169 1497 3171 1481 3170 1497 3171 1482 3172 1482 3172 1497 3171 1496 3173 1482 3172 1496 3173 1490 3174 1490 3174 1496 3173 1491 3175 1491 3175 1496 3173 1492 3176 1490 3174 1483 3177 1482 3172 276 3161 1472 3163 277 3178 277 3178 1472 3163 1465 3179 277 3178 1465 3179 278 3180 278 3180 1465 3179 1438 3181 278 3180 1438 3181 279 3182 279 3182 1438 3181 280 3183 280 3183 1438 3181 1437 3184 280 3183 1437 3184 1436 3185 1438 3181 1465 3179 1442 3186 1442 3186 1465 3179 1464 3187 1442 3186 1464 3187 1443 3188 1443 3188 1464 3187 1463 3189 1443 3188 1463 3189 1444 3190 1444 3190 1463 3189 1462 3191 1444 3190 1462 3191 1445 3192 1445 3192 1462 3191 1461 3193 1445 3192 1461 3193 1446 3194 1446 3194 1461 3193 1460 3195 1446 3194 1460 3195 1454 3196 1454 3196 1460 3195 1455 3197 1455 3197 1460 3195 1456 3198 1454 3196 1447 3199 1446 3194 1436 3185 1429 3200 280 3183 280 3183 1429 3200 281 3201 281 3201 1429 3200 282 3202 282 3202 1429 3200 1402 3203 282 3202 1402 3203 283 3204 283 3204 1402 3203 1401 3205 283 3204 1401 3205 1400 3206 1402 3203 1429 3200 1406 3207 1406 3207 1429 3200 1428 3208 1406 3207 1428 3208 1407 3209 1407 3209 1428 3208 1427 3210 1407 3209 1427 3210 1408 3211 1408 3211 1427 3210 1426 3212 1408 3211 1426 3212 1409 3213 1409 3213 1426 3212 1425 3214 1409 3213 1425 3214 1410 3215 1410 3215 1425 3214 1424 3216 1410 3215 1424 3216 1418 3217 1418 3217 1424 3216 1419 3218 1419 3218 1424 3216 1420 3219 1418 3217 1411 3220 1410 3215 283 3204 1400 3206 284 3221 284 3221 1400 3206 1393 3222 284 3221 1393 3222 285 3223 285 3223 1393 3222 1366 3224 285 3223 1366 3224 286 3225 286 3225 1366 3224 1365 3226 286 3225 1365 3226 287 3227 287 3227 1365 3226 1364 3228 287 3227 1364 3228 1357 3229 1366 3224 1393 3222 1370 3230 1370 3230 1393 3222 1392 3231 1370 3230 1392 3231 1371 3232 1371 3232 1392 3231 1391 3233 1371 3232 1391 3233 1372 3234 1372 3234 1391 3233 1390 3235 1372 3234 1390 3235 1389 3236 1372 3234 1389 3236 1373 3237 1373 3237 1389 3236 1388 3238 1373 3237 1388 3238 1374 3239 1374 3239 1388 3238 1383 3240 1374 3239 1383 3240 1382 3241 1388 3238 1384 3242 1383 3240 1382 3241 1375 3243 1374 3239 1356 3244 1334 3245 1357 3229 1357 3229 1334 3245 1330 3246 1357 3229 1330 3246 289 3247 289 3247 1330 3246 290 3248 290 3248 1330 3246 1329 3249 290 3248 1329 3249 1328 3250 1334 3245 1356 3244 1335 3251 1335 3251 1356 3244 1355 3252 1335 3251 1355 3252 1336 3253 1336 3253 1355 3252 1354 3254 1336 3253 1354 3254 1337 3255 1337 3255 1354 3254 1353 3256 1337 3255 1353 3256 1338 3257 1338 3257 1353 3256 1352 3258 1338 3257 1352 3258 1346 3259 1346 3259 1352 3258 1347 3260 1347 3260 1352 3258 1348 3261 1346 3259 1339 3262 1338 3257 290 3248 1328 3250 291 3263 291 3263 1328 3250 1321 3264 291 3263 1321 3264 292 3265 292 3265 1321 3264 1294 3266 292 3265 1294 3266 293 3267 293 3267 1294 3266 1293 3268 293 3267 1293 3268 294 3269 294 3269 1293 3268 1292 3270 294 3269 1292 3270 1285 3271 1321 3264 1320 3272 1294 3266 1294 3266 1320 3272 1298 3273 1298 3273 1320 3272 1319 3274 1298 3273 1319 3274 1299 3275 1299 3275 1319 3274 1318 3276 1299 3275 1318 3276 1300 3277 1300 3277 1318 3276 1317 3278 1300 3277 1317 3278 1301 3279 1301 3279 1317 3278 1302 3280 1302 3280 1317 3278 1316 3281 1302 3280 1316 3281 1310 3282 1310 3282 1316 3281 1311 3283 1311 3283 1316 3281 1312 3284 1310 3282 1303 3285 1302 3280 1284 3286 1258 3287 1285 3271 1285 3271 1258 3287 295 3288 1285 3271 295 3288 294 3269 1258 3287 1284 3286 1262 3289 1262 3289 1284 3286 1283 3290 1262 3289 1283 3290 1263 3291 1263 3291 1283 3290 1282 3292 1263 3291 1282 3292 1264 3293 1264 3293 1282 3292 1281 3294 1264 3293 1281 3294 1265 3295 1265 3295 1281 3294 1280 3296 1265 3295 1280 3296 1266 3297 1266 3297 1280 3296 1274 3298 1266 3297 1274 3298 1267 3299 1276 3300 1275 3301 1280 3296 1280 3296 1275 3301 1274 3298 1257 3302 297 3303 1258 3287 1258 3287 297 3303 296 3304 1258 3287 296 3304 295 3288 1257 3302 1256 3305 297 3303 297 3303 1256 3305 1249 3306 297 3303 1249 3306 298 3307 298 3307 1249 3306 299 3308 299 3308 1249 3306 1222 3309 299 3308 1222 3309 300 3310 300 3310 1222 3309 1221 3311 300 3310 1221 3311 301 3312 301 3312 1221 3311 1220 3313 301 3312 1220 3313 1213 3314 1249 3306 1248 3315 1222 3309 1222 3309 1248 3315 1226 3316 1226 3316 1248 3315 1247 3317 1226 3316 1247 3317 1227 3318 1227 3318 1247 3317 1246 3319 1227 3318 1246 3319 1228 3320 1228 3320 1246 3319 1245 3321 1228 3320 1245 3321 1229 3322 1229 3322 1245 3321 1244 3323 1229 3322 1244 3323 1230 3324 1230 3324 1244 3323 1239 3325 1230 3324 1239 3325 1238 3326 1244 3323 1240 3327 1239 3325 1238 3326 1231 3328 1230 3324 1212 3329 1186 3330 1213 3314 1213 3314 1186 3330 302 3331 1213 3314 302 3331 301 3312 1186 3330 1212 3329 1190 3332 1190 3332 1212 3329 1211 3333 1190 3332 1211 3333 1191 3334 1191 3334 1211 3333 1210 3335 1191 3334 1210 3335 1192 3336 1192 3336 1210 3335 1209 3337 1192 3336 1209 3337 1193 3338 1193 3338 1209 3337 1208 3339 1193 3338 1208 3339 1194 3340 1194 3340 1208 3339 1203 3341 1194 3340 1203 3341 1202 3342 1208 3339 1204 3343 1203 3341 1202 3342 1195 3344 1194 3340 1185 3345 304 3346 1186 3330 1186 3330 304 3346 303 3347 1186 3330 303 3347 302 3331 1185 3345 1184 3348 304 3346 304 3346 1184 3348 1177 3349 304 3346 1177 3349 305 3350 305 3350 1177 3349 306 3351 306 3351 1177 3349 1150 3352 306 3351 1150 3352 307 3353 307 3353 1150 3352 1149 3354 307 3353 1149 3354 1148 3355 1150 3352 1177 3349 1154 3356 1154 3356 1177 3349 1176 3357 1154 3356 1176 3357 1155 3358 1155 3358 1176 3357 1175 3359 1155 3358 1175 3359 1156 3360 1156 3360 1175 3359 1174 3361 1156 3360 1174 3361 1157 3362 1157 3362 1174 3361 1173 3363 1157 3362 1173 3363 1158 3364 1158 3364 1173 3363 1172 3365 1158 3364 1172 3365 1166 3366 1166 3366 1172 3365 1167 3367 1167 3367 1172 3365 1168 3368 1166 3366 1159 3369 1158 3364 307 3353 1148 3355 308 3370 308 3370 1148 3355 1141 3371 308 3370 1141 3371 309 3372 309 3372 1141 3371 170 3373 309 3372 170 3373 310 3374 310 3374 170 3373 311 3375 311 3375 170 3373 1127 3376 311 3375 1127 3376 1126 3377 170 3373 1141 3371 171 3378 171 3378 1141 3371 1140 3379 171 3378 1140 3379 172 3380 172 3380 1140 3379 1139 3381 172 3380 1139 3381 173 3382 173 3382 1139 3381 1138 3383 173 3382 1138 3383 174 3384 174 3384 1138 3383 1137 3385 174 3384 1137 3385 175 3386 175 3386 1137 3385 1136 3387 175 3386 1136 3387 1130 3388 1130 3388 1136 3387 1131 3389 1131 3389 1136 3387 1132 3390 1130 3388 176 3391 175 3386 1126 3377 1119 3392 311 3375 311 3375 1119 3392 312 3393 312 3393 1119 3392 313 3394 313 3394 1119 3392 1092 3395 313 3394 1092 3395 314 3396 314 3396 1092 3395 1091 3397 314 3396 1091 3397 1090 3398 1092 3395 1119 3392 1096 3399 1096 3399 1119 3392 1118 3400 1096 3399 1118 3400 1097 3401 1097 3401 1118 3400 1117 3402 1097 3401 1117 3402 1098 3403 1098 3403 1117 3402 1116 3404 1098 3403 1116 3404 1099 3405 1099 3405 1116 3404 1115 3406 1099 3405 1115 3406 1100 3407 1100 3407 1115 3406 1114 3408 1100 3407 1114 3408 1108 3409 1108 3409 1114 3408 1109 3410 1109 3410 1114 3408 1110 3411 1108 3409 1101 3412 1100 3407 314 3396 1090 3398 315 3413 315 3413 1090 3398 1083 3414 315 3413 1083 3414 316 3415 316 3415 1083 3414 1056 3416 316 3415 1056 3416 317 3417 317 3417 1056 3416 318 3047 318 3047 1056 3416 1055 3418 318 3047 1055 3418 1054 3419 1056 3416 1083 3414 1060 3420 1060 3420 1083 3414 1082 3421 1060 3420 1082 3421 1061 3422 1061 3422 1082 3421 1081 3423 1061 3422 1081 3423 1062 3424 1062 3424 1081 3423 1080 3425 1062 3424 1080 3425 1063 3426 1063 3426 1080 3425 1079 3427 1063 3426 1079 3427 1064 3428 1064 3428 1079 3427 1078 3429 1064 3428 1078 3429 1073 3430 1073 3430 1078 3429 1074 3431 1073 3430 1072 3432 1064 3428 1064 3428 1072 3432 1065 3433 1054 3419 1047 3045 318 3047 1020 3043 1047 3045 1024 3434 1024 3434 1047 3045 1046 3435 1024 3434 1046 3435 1025 3436 1025 3436 1046 3435 1045 3437 1025 3436 1045 3437 1026 3438 1026 3438 1045 3437 1044 3439 1026 3438 1044 3439 1043 3440 1026 3438 1043 3440 1027 3441 1027 3441 1043 3440 1042 3442 1027 3441 1042 3442 1028 3443 1028 3443 1042 3442 1037 3444 1028 3443 1037 3444 1036 3445 1042 3442 1038 3446 1037 3444 1036 3445 1029 3447 1028 3443 1011 3038 1010 3448 992 3036 992 3036 1010 3448 996 3449 996 3449 1010 3448 1009 3450 996 3449 1009 3450 997 3451 997 3451 1009 3450 1008 3452 997 3451 1008 3452 998 3453 998 3453 1008 3452 1007 3454 998 3453 1007 3454 999 3455 999 3455 1007 3454 1006 3456 999 3455 1006 3456 1000 3457 1000 3457 1006 3456 183 3458 1000 3457 183 3458 182 3459 1006 3456 184 3460 183 3458 182 3459 181 3461 1000 3457 289 3247 288 3462 1357 3229 1357 3229 288 3462 287 3227 271 3140 270 3120 1537 3122 938 3463 937 3464 1673 3465 1673 3465 937 3464 1672 3466 1672 3466 937 3464 146 3467 146 3467 937 3464 147 3468 1 3469 0 3470 146 3471 146 3471 0 3470 1672 3472 1672 3472 0 3470 1674 3473 1674 3473 0 3470 987 3474 987 3475 986 3476 1674 3477 1674 3477 986 3476 1675 3478 1675 3478 986 3476 144 3479 144 3479 986 3476 145 3480 940 3481 939 3482 1677 3483 1677 3483 939 3482 1676 3484 1676 3484 939 3482 142 3485 142 3485 939 3482 143 3486 9 3487 8 3488 144 3489 144 3489 8 3488 1675 3490 1675 3490 8 3488 1678 3491 1678 3491 8 3488 985 3492 985 3493 984 3494 1678 3495 1678 3495 984 3494 1679 3496 1679 3496 984 3494 140 3497 140 3497 984 3494 141 3498 942 3499 941 3500 1681 3501 1681 3501 941 3500 1680 3502 1680 3502 941 3500 138 3503 138 3503 941 3500 139 3504 17 3505 16 3506 140 3507 140 3507 16 3506 1679 3508 1679 3508 16 3506 1682 3509 1682 3509 16 3506 983 3510 983 3511 982 3512 1682 3513 1682 3513 982 3512 1683 3514 1683 3514 982 3512 136 3515 136 3515 982 3512 137 3516 944 3517 943 3518 1685 3519 1685 3519 943 3518 1684 3520 1684 3520 943 3518 134 3521 134 3521 943 3518 135 3522 25 3523 24 3524 136 3525 136 3525 24 3524 1683 3526 1683 3526 24 3524 1686 3527 1686 3527 24 3524 981 3528 981 3529 980 3530 1686 3531 1686 3531 980 3530 1687 3532 1687 3532 980 3530 132 3533 132 3533 980 3530 133 3534 946 3535 945 3536 1689 3537 1689 3537 945 3536 1688 3538 1688 3538 945 3536 130 3539 130 3539 945 3536 131 3540 33 3541 32 3542 132 3543 132 3543 32 3542 1687 3544 1687 3544 32 3542 1690 3545 1690 3545 32 3542 979 3546 979 3547 978 3548 1690 3549 1690 3549 978 3548 1691 3550 1691 3550 978 3548 128 3551 128 3551 978 3548 129 3552 948 3553 947 3554 1693 3555 1693 3555 947 3554 1692 3556 1692 3556 947 3554 126 3557 126 3557 947 3554 127 3558 41 3559 40 3560 128 3561 128 3561 40 3560 1691 3562 1691 3562 40 3560 1694 3563 1694 3563 40 3560 977 3564 977 3565 976 3566 1694 3567 1694 3567 976 3566 1695 3568 1695 3568 976 3566 124 3569 124 3569 976 3566 125 3570 950 3571 949 3572 1697 3573 1697 3573 949 3572 1696 3574 1696 3574 949 3572 122 3575 122 3575 949 3572 123 3576 49 3577 48 3578 124 3579 124 3579 48 3578 1695 3580 1695 3580 48 3578 1698 3581 1698 3581 48 3578 975 3582 975 3583 974 3584 1698 3585 1698 3585 974 3584 1699 3586 1699 3586 974 3584 120 3587 120 3587 974 3584 121 3588 952 3589 951 3590 1701 3591 1701 3591 951 3590 1700 3592 1700 3592 951 3590 118 3593 118 3593 951 3590 119 3594 57 3595 56 3596 120 3597 120 3597 56 3596 1699 3598 1699 3598 56 3596 1702 3599 1702 3599 56 3596 973 3600 973 3601 972 3602 1702 3603 1702 3603 972 3602 1703 3604 1703 3604 972 3602 116 3605 116 3605 972 3602 117 3606 954 3607 953 3608 1705 3609 1705 3609 953 3608 1704 3610 1704 3610 953 3608 114 3611 114 3611 953 3608 115 3612 65 3613 64 3614 116 3615 116 3615 64 3614 1703 3616 1703 3616 64 3614 1706 3617 1706 3617 64 3614 971 3618 971 3619 970 3620 1706 3621 1706 3621 970 3620 1707 3622 1707 3622 970 3620 112 3623 112 3623 970 3620 113 3624 956 3625 955 3626 1709 3627 1709 3627 955 3626 1708 3628 1708 3628 955 3626 110 3629 110 3629 955 3626 111 3630 73 3631 72 3632 112 3633 112 3633 72 3632 1707 3634 1707 3634 72 3632 1710 3635 1710 3635 72 3632 969 3636 969 3637 968 3638 1710 3639 1710 3639 968 3638 1711 3640 1711 3640 968 3638 108 3641 108 3641 968 3638 109 3642 958 3643 957 3644 1713 3645 1713 3645 957 3644 1712 3646 1712 3646 957 3644 106 3647 106 3647 957 3644 107 3648 81 3649 80 3650 108 3651 108 3651 80 3650 1711 3652 1711 3652 80 3650 1714 3653 1714 3653 80 3650 967 3654 967 3655 966 3656 1714 3657 1714 3657 966 3656 1715 3658 1715 3658 966 3656 104 3659 104 3659 966 3656 105 3660 960 3661 959 3662 1717 3663 1717 3663 959 3662 1716 3664 1716 3664 959 3662 102 3665 102 3665 959 3662 103 3666 89 3667 88 3668 104 3669 104 3669 88 3668 1715 3670 1715 3670 88 3668 1718 3671 1718 3671 88 3668 965 3672 965 3673 964 3674 1718 3675 1718 3675 964 3674 1719 3676 1719 3676 964 3674 98 3677 98 3677 964 3674 99 3678 101 3679 962 3680 98 3681 98 3681 962 3680 1719 3682 1719 3682 962 3680 1720 3683 1720 3683 962 3680 961 3684 733 3685 1730 3686 693 3687 693 3687 1730 3686 1731 3688 693 3687 1731 3688 694 3689 694 3689 1731 3688 1732 3690 694 3689 1732 3690 695 3691 695 3691 1732 3690 1733 3692 695 3691 1733 3692 696 3693 696 3693 1733 3692 697 3694 697 3694 1733 3692 1734 3695 697 3694 1734 3695 698 3696 698 3696 1734 3695 1735 3697 698 3696 1735 3697 699 3698 699 3698 1735 3697 1736 3699 699 3698 1736 3699 700 3700 700 3700 1736 3699 1737 3701 700 3700 1737 3701 701 3702 701 3702 1737 3701 1738 3703 701 3702 1738 3703 702 3704 702 3704 1738 3703 1739 3705 702 3704 1739 3705 703 3706 703 3706 1739 3705 1740 3707 703 3706 1740 3707 704 3708 704 3708 1740 3707 1741 3709 704 3708 1741 3709 705 3710 705 3710 1741 3709 1742 3711 705 3710 1742 3711 706 3712 706 3712 1742 3711 707 3713 707 3713 1742 3711 1743 3714 707 3713 1743 3714 708 3715 708 3715 1743 3714 1744 3716 708 3715 1744 3716 709 3717 709 3717 1744 3716 1745 3718 709 3717 1745 3718 710 3719 710 3719 1745 3718 1746 3720 710 3719 1746 3720 711 3721 711 3721 1746 3720 1747 3722 711 3721 1747 3722 712 3723 712 3723 1747 3722 1748 3724 712 3723 1748 3724 713 3725 713 3725 1748 3724 1749 3726 713 3725 1749 3726 714 3727 714 3727 1749 3726 1750 3728 714 3727 1750 3728 715 3729 715 3729 1750 3728 1751 3730 715 3729 1751 3730 716 3731 716 3731 1751 3730 717 3732 717 3732 1751 3730 1752 3733 717 3732 1752 3733 718 3734 718 3734 1752 3733 1753 3735 718 3734 1753 3735 719 3736 719 3736 1753 3735 1754 3737 719 3736 1754 3737 720 3738 720 3738 1754 3737 1755 3739 720 3738 1755 3739 721 3740 721 3740 1755 3739 1756 3741 721 3740 1756 3741 722 3742 722 3742 1756 3741 1757 3743 722 3742 1757 3743 723 3744 723 3744 1757 3743 1721 3745 723 3744 1721 3745 724 3746 724 3746 1721 3745 1722 3747 724 3746 1722 3747 725 3748 725 3748 1722 3747 1723 3749 725 3748 1723 3749 726 3750 726 3750 1723 3749 727 3751 727 3751 1723 3749 1724 3752 727 3751 1724 3752 728 3753 728 3753 1724 3752 1725 3754 728 3753 1725 3754 729 3755 729 3755 1725 3754 1726 3756 729 3755 1726 3756 730 3757 730 3757 1726 3756 1727 3758 730 3757 1727 3758 731 3759 731 3759 1727 3758 1728 3760 731 3759 1728 3760 732 3761 732 3761 1728 3760 1729 3762 732 3761 1729 3762 733 3685 733 3685 1729 3762 1730 3686 1759 3763 1796 3764 1758 3765 1758 3765 1796 3764 1795 3766 1758 3765 1795 3766 1794 3767 1794 3767 1795 3766 1831 3768 1794 3767 1831 3768 1793 3769 1793 3769 1831 3768 1830 3770 1793 3769 1830 3770 1792 3771 1792 3771 1830 3770 1829 3772 1792 3771 1829 3772 1791 3773 1791 3773 1829 3772 1828 3774 1791 3773 1828 3774 1790 3775 1790 3775 1828 3774 1827 3776 1790 3775 1827 3776 1789 3777 1789 3777 1827 3776 1826 3778 1789 3777 1826 3778 1788 3779 1788 3779 1826 3778 1825 3780 1788 3779 1825 3780 1787 3781 1787 3781 1825 3780 1824 3782 1787 3781 1824 3782 1786 3783 1786 3783 1824 3782 1823 3784 1786 3783 1823 3784 1785 3785 1785 3785 1823 3784 1822 3786 1785 3785 1822 3786 1784 3787 1784 3787 1822 3786 1821 3788 1784 3787 1821 3788 1783 3789 1783 3789 1821 3788 1820 3790 1783 3789 1820 3790 1782 3791 1782 3791 1820 3790 1819 3792 1782 3791 1819 3792 1781 3793 1781 3793 1819 3792 1818 3794 1781 3793 1818 3794 1780 3795 1780 3795 1818 3794 1817 3796 1780 3795 1817 3796 1779 3797 1779 3797 1817 3796 1816 3798 1779 3797 1816 3798 1778 3799 1778 3799 1816 3798 1815 3800 1778 3799 1815 3800 1777 3801 1777 3801 1815 3800 1814 3802 1777 3801 1814 3802 1776 3803 1776 3803 1814 3802 1813 3804 1776 3803 1813 3804 1775 3805 1775 3805 1813 3804 1812 3806 1775 3805 1812 3806 1774 3807 1774 3807 1812 3806 1811 3808 1774 3807 1811 3808 1773 3809 1773 3809 1811 3808 1810 3810 1773 3809 1810 3810 1772 3811 1772 3811 1810 3810 1809 3812 1772 3811 1809 3812 1771 3813 1771 3813 1809 3812 1808 3814 1771 3813 1808 3814 1770 3815 1770 3815 1808 3814 1807 3816 1770 3815 1807 3816 1769 3817 1769 3817 1807 3816 1806 3818 1769 3817 1806 3818 1768 3819 1768 3819 1806 3818 1805 3820 1768 3819 1805 3820 1767 3821 1767 3821 1805 3820 1804 3822 1767 3821 1804 3822 1766 3823 1766 3823 1804 3822 1803 3824 1766 3823 1803 3824 1765 3825 1765 3825 1803 3824 1802 3826 1765 3825 1802 3826 1764 3827 1764 3827 1802 3826 1801 3828 1764 3827 1801 3828 1763 3829 1763 3829 1801 3828 1800 3830 1763 3829 1800 3830 1762 3831 1762 3831 1800 3830 1799 3832 1762 3831 1799 3832 1761 3833 1761 3833 1799 3832 1798 3834 1761 3833 1798 3834 1760 3835 1760 3835 1798 3834 1797 3836 1760 3835 1797 3836 1759 3763 1759 3763 1797 3836 1796 3764 1757 3837 1795 3766 1721 3838 1721 3838 1795 3766 1796 3764 1721 3838 1796 3764 1722 3839 1722 3839 1796 3764 1797 3836 1722 3839 1797 3836 1723 3840 1723 3840 1797 3836 1798 3834 1723 3840 1798 3834 1724 3841 1724 3841 1798 3834 1799 3832 1724 3841 1799 3832 1725 3842 1725 3842 1799 3832 1800 3830 1725 3842 1800 3830 1726 3843 1726 3843 1800 3830 1801 3828 1726 3843 1801 3828 1727 3844 1727 3844 1801 3828 1802 3826 1727 3844 1802 3826 1728 3845 1728 3845 1802 3826 1803 3824 1728 3845 1803 3824 1729 3846 1729 3846 1803 3824 1804 3822 1729 3846 1804 3822 1730 3847 1730 3847 1804 3822 1805 3820 1730 3847 1805 3820 1731 3848 1731 3848 1805 3820 1806 3818 1731 3848 1806 3818 1732 3849 1732 3849 1806 3818 1807 3816 1732 3849 1807 3816 1733 3850 1733 3850 1807 3816 1808 3814 1733 3850 1808 3814 1734 3851 1734 3851 1808 3814 1809 3812 1734 3851 1809 3812 1735 3852 1735 3852 1809 3812 1810 3810 1735 3852 1810 3810 1736 3853 1736 3853 1810 3810 1811 3808 1736 3853 1811 3808 1737 3854 1737 3854 1811 3808 1812 3806 1737 3854 1812 3806 1738 3855 1738 3855 1812 3806 1813 3804 1738 3855 1813 3804 1739 3856 1739 3856 1813 3804 1814 3802 1739 3856 1814 3802 1740 3857 1740 3857 1814 3802 1815 3800 1740 3857 1815 3800 1741 3858 1741 3858 1815 3800 1816 3798 1741 3858 1816 3798 1742 3859 1742 3859 1816 3798 1817 3796 1742 3859 1817 3796 1743 3860 1743 3860 1817 3796 1818 3794 1743 3860 1818 3794 1744 3861 1744 3861 1818 3794 1819 3792 1744 3861 1819 3792 1745 3862 1745 3862 1819 3792 1820 3790 1745 3862 1820 3790 1746 3863 1746 3863 1820 3790 1821 3788 1746 3863 1821 3788 1747 3864 1747 3864 1821 3788 1822 3786 1747 3864 1822 3786 1748 3865 1748 3865 1822 3786 1823 3784 1748 3865 1823 3784 1749 3866 1749 3866 1823 3784 1824 3782 1749 3866 1824 3782 1750 3867 1750 3867 1824 3782 1825 3780 1750 3867 1825 3780 1751 3868 1751 3868 1825 3780 1826 3778 1751 3868 1826 3778 1752 3869 1752 3869 1826 3778 1827 3776 1752 3869 1827 3776 1753 3870 1753 3870 1827 3776 1828 3774 1753 3870 1828 3774 1754 3871 1754 3871 1828 3774 1829 3772 1754 3871 1829 3772 1755 3872 1755 3872 1829 3772 1830 3770 1755 3872 1830 3770 1756 3873 1756 3873 1830 3770 1831 3768 1756 3873 1831 3768 1757 3837 1757 3837 1831 3768 1795 3766 1833 3874 1889 3875 1832 3876 1832 3876 1889 3875 1890 3877 1832 3876 1890 3877 1888 3878 1888 3878 1890 3877 1678 3879 1888 3878 1678 3879 1887 3880 1887 3880 1678 3879 1891 3881 1887 3880 1891 3881 1892 3882 1889 3875 1833 3874 1674 3883 1674 3883 1833 3874 1834 3884 1674 3883 1834 3884 1938 3885 1938 3885 1834 3884 1937 3886 1937 3886 1834 3884 1835 3887 1937 3886 1835 3887 1673 3888 1673 3888 1835 3887 1836 3889 1673 3888 1836 3889 1936 3890 1936 3890 1836 3889 1837 3891 1936 3890 1837 3891 1935 3892 1935 3892 1837 3891 1677 3893 1677 3893 1837 3891 1838 3894 1677 3893 1838 3894 1934 3895 1934 3895 1838 3894 1839 3896 1934 3895 1839 3896 1933 3897 1933 3897 1839 3896 1840 3898 1933 3897 1840 3898 1681 3899 1681 3899 1840 3898 1932 3900 1932 3900 1840 3898 1841 3901 1932 3900 1841 3901 1931 3902 1931 3902 1841 3901 1842 3903 1931 3902 1842 3903 1685 3904 1685 3904 1842 3903 1843 3905 1685 3904 1843 3905 1930 3906 1930 3906 1843 3905 1929 3907 1929 3907 1843 3905 1844 3908 1929 3907 1844 3908 1689 3909 1689 3909 1844 3908 1845 3910 1689 3909 1845 3910 1928 3911 1928 3911 1845 3910 1846 3912 1928 3911 1846 3912 1927 3913 1927 3913 1846 3912 1693 3914 1693 3914 1846 3912 1847 3915 1693 3914 1847 3915 1926 3916 1926 3916 1847 3915 1848 3917 1926 3916 1848 3917 1925 3918 1925 3918 1848 3917 1849 3919 1925 3918 1849 3919 1697 3920 1697 3920 1849 3919 1924 3921 1924 3921 1849 3919 1850 3922 1924 3921 1850 3922 1923 3923 1923 3923 1850 3922 1851 3924 1923 3923 1851 3924 1701 3925 1701 3925 1851 3924 1852 3926 1701 3925 1852 3926 1922 3927 1922 3927 1852 3926 1853 3928 1922 3927 1853 3928 1921 3929 1921 3929 1853 3928 1705 3930 1705 3930 1853 3928 1854 3931 1705 3930 1854 3931 1920 3932 1920 3932 1854 3931 1855 3933 1920 3932 1855 3933 1919 3934 1919 3934 1855 3933 1856 3935 1919 3934 1856 3935 1709 3936 1709 3936 1856 3935 1918 3937 1918 3937 1856 3935 1857 3938 1918 3937 1857 3938 1917 3939 1917 3939 1857 3938 1858 3940 1917 3939 1858 3940 1713 3941 1713 3941 1858 3940 1859 3942 1713 3941 1859 3942 1916 3943 1916 3943 1859 3942 1915 3944 1915 3944 1859 3942 1860 3945 1915 3944 1860 3945 1717 3946 1717 3946 1860 3945 1861 3947 1717 3946 1861 3947 1914 3948 1914 3948 1861 3947 1862 3949 1914 3948 1862 3949 1913 3950 1913 3950 1862 3949 1720 3951 1720 3951 1862 3949 1863 3952 1720 3951 1863 3952 1912 3953 1912 3953 1863 3952 1864 3954 1912 3953 1864 3954 1911 3955 1911 3955 1864 3954 1865 3956 1911 3955 1865 3956 1718 3957 1718 3957 1865 3956 1910 3958 1910 3958 1865 3956 1866 3959 1910 3958 1866 3959 1909 3960 1909 3960 1866 3959 1867 3961 1909 3960 1867 3961 1714 3962 1714 3962 1867 3961 1868 3963 1714 3962 1868 3963 1908 3964 1908 3964 1868 3963 1907 3965 1907 3965 1868 3963 1869 3966 1907 3965 1869 3966 1710 3967 1710 3967 1869 3966 1870 3968 1710 3967 1870 3968 1906 3969 1906 3969 1870 3968 1871 3970 1906 3969 1871 3970 1905 3971 1905 3971 1871 3970 1872 3972 1905 3971 1872 3972 1706 3973 1706 3973 1872 3972 1904 3974 1904 3974 1872 3972 1873 3975 1904 3974 1873 3975 1903 3976 1903 3976 1873 3975 1874 3977 1903 3976 1874 3977 1702 3978 1702 3978 1874 3977 1875 3979 1702 3978 1875 3979 1902 3980 1902 3980 1875 3979 1901 3981 1901 3981 1875 3979 1876 3982 1901 3981 1876 3982 1698 3983 1698 3983 1876 3982 1877 3984 1698 3983 1877 3984 1900 3985 1900 3985 1877 3984 1878 3986 1900 3985 1878 3986 1899 3987 1899 3987 1878 3986 1694 3988 1694 3988 1878 3986 1879 3989 1694 3988 1879 3989 1898 3990 1898 3990 1879 3989 1880 3991 1898 3990 1880 3991 1897 3992 1897 3992 1880 3991 1881 3993 1897 3992 1881 3993 1690 3994 1690 3994 1881 3993 1896 3995 1896 3995 1881 3993 1882 3996 1896 3995 1882 3996 1895 3997 1895 3997 1882 3996 1883 3998 1895 3997 1883 3998 1686 3999 1686 3999 1883 3998 1884 4000 1686 3999 1884 4000 1894 4001 1894 4001 1884 4000 1893 4002 1893 4002 1884 4000 1885 4003 1893 4002 1885 4003 1682 4004 1682 4004 1885 4003 1886 4005 1682 4004 1886 4005 1892 3882 1892 3882 1886 4005 1887 3880 1833 4006 1832 4007 1862 4008 1862 4008 1832 4007 1888 4009 1862 4008 1888 4009 1887 4010 1862 4008 1887 4010 1863 4011 1863 4011 1887 4010 1886 4012 1863 4011 1886 4012 1864 4013 1864 4013 1886 4012 1885 4014 1864 4013 1885 4014 1865 4015 1865 4015 1885 4014 1884 4016 1865 4015 1884 4016 1866 4017 1866 4017 1884 4016 1883 4018 1866 4017 1883 4018 1867 4019 1867 4019 1883 4018 1882 4020 1867 4019 1882 4020 1868 4021 1868 4021 1882 4020 1881 4022 1868 4021 1881 4022 1869 4023 1869 4023 1881 4022 1880 4024 1869 4023 1880 4024 1870 4025 1870 4025 1880 4024 1879 4026 1870 4025 1879 4026 1871 4027 1871 4027 1879 4026 1878 4028 1871 4027 1878 4028 1872 4029 1872 4029 1878 4028 1877 4030 1872 4029 1877 4030 1873 4031 1873 4031 1877 4030 1876 4032 1873 4031 1876 4032 1874 4033 1874 4033 1876 4032 1875 4034 1861 4035 1859 4036 1862 4008 1862 4008 1859 4036 1858 4037 1862 4008 1858 4037 1857 4038 1861 4035 1860 4039 1859 4036 1857 4038 1856 4040 1862 4008 1862 4008 1856 4040 1855 4041 1862 4008 1855 4041 1854 4042 1854 4042 1853 4043 1862 4008 1862 4008 1853 4043 1852 4044 1862 4008 1852 4044 1851 4045 1851 4045 1850 4046 1862 4008 1862 4008 1850 4046 1849 4047 1862 4008 1849 4047 1848 4048 1848 4048 1847 4049 1862 4008 1862 4008 1847 4049 1846 4050 1862 4008 1846 4050 1845 4051 1845 4051 1844 4052 1862 4008 1862 4008 1844 4052 1843 4053 1862 4008 1843 4053 1842 4054 1842 4054 1841 4055 1862 4008 1862 4008 1841 4055 1840 4056 1862 4008 1840 4056 1839 4057 1839 4057 1838 4058 1862 4008 1862 4008 1838 4058 1837 4059 1862 4008 1837 4059 1836 4060 1836 4060 1835 4061 1862 4008 1862 4008 1835 4061 1834 4062 1862 4008 1834 4062 1833 4006 1678 4063 1679 4064 1891 4065 1891 4065 1679 4064 1892 4066 1892 4066 1679 4064 1682 4067 1682 4067 1683 4068 1893 4069 1893 4069 1683 4068 1894 4070 1894 4070 1683 4068 1686 4071 1686 4071 1687 4072 1895 4073 1895 4073 1687 4072 1896 4074 1896 4074 1687 4072 1690 4075 1690 4075 1691 4076 1897 4077 1897 4077 1691 4076 1898 4078 1898 4078 1691 4076 1694 4079 1694 4079 1695 4080 1899 4081 1899 4081 1695 4080 1900 4082 1900 4082 1695 4080 1698 4083 1698 4083 1699 4084 1901 4085 1901 4085 1699 4084 1902 4086 1902 4086 1699 4084 1702 4087 1702 4087 1703 4088 1903 4089 1903 4089 1703 4088 1904 4090 1904 4090 1703 4088 1706 4091 1706 4091 1707 4092 1905 4093 1905 4093 1707 4092 1906 4094 1906 4094 1707 4092 1710 4095 1710 4095 1711 4096 1907 4097 1907 4097 1711 4096 1908 4098 1908 4098 1711 4096 1714 4099 1714 4099 1715 4100 1909 4101 1909 4101 1715 4100 1910 4102 1910 4102 1715 4100 1718 4103 1718 4103 1719 4104 1911 4105 1911 4105 1719 4104 1912 4106 1912 4106 1719 4104 1720 4107 1720 4107 1939 4108 1913 4109 1913 4109 1939 4108 1914 4110 1914 4110 1939 4108 1717 4111 1717 4111 1716 4112 1915 4113 1915 4113 1716 4112 1916 4114 1916 4114 1716 4112 1713 4115 1713 4115 1712 4116 1917 4117 1917 4117 1712 4116 1918 4118 1918 4118 1712 4116 1709 4119 1709 4119 1708 4120 1919 4121 1919 4121 1708 4120 1920 4122 1920 4122 1708 4120 1705 4123 1705 4123 1704 4124 1921 4125 1921 4125 1704 4124 1922 4126 1922 4126 1704 4124 1701 4127 1701 4127 1700 4128 1923 4129 1923 4129 1700 4128 1924 4130 1924 4130 1700 4128 1697 4131 1697 4131 1696 4132 1925 4133 1925 4133 1696 4132 1926 4134 1926 4134 1696 4132 1693 4135 1693 4135 1692 4136 1927 4137 1927 4137 1692 4136 1928 4138 1928 4138 1692 4136 1689 4139 1689 4139 1688 4140 1929 4141 1929 4141 1688 4140 1930 4142 1930 4142 1688 4140 1685 4143 1685 4143 1684 4144 1931 4145 1931 4145 1684 4144 1932 4146 1932 4146 1684 4144 1681 4147 1681 4147 1680 4148 1933 4149 1933 4149 1680 4148 1934 4150 1934 4150 1680 4148 1677 4151 1677 4151 1676 4152 1935 4153 1935 4153 1676 4152 1936 4154 1936 4154 1676 4152 1673 4155 1673 4155 1672 4156 1937 4157 1937 4157 1672 4156 1938 4158 1938 4158 1672 4156 1674 4159 1674 4159 1675 4160 1889 4161 1889 4161 1675 4160 1890 4162 1890 4162 1675 4160 1678 4063 960 4163 1717 4164 92 4165 92 4165 1717 4164 1939 4166 92 4165 1939 4166 96 4167 96 4167 93 4168 92 4165 958 4169 1713 4170 84 4171 84 4171 1713 4170 1716 4172 84 4171 1716 4172 102 4173 102 4173 85 4174 84 4171 956 4175 1709 4176 76 4177 76 4177 1709 4176 1712 4178 76 4177 1712 4178 106 4179 106 4179 77 4180 76 4177 954 4181 1705 4182 68 4183 68 4183 1705 4182 1708 4184 68 4183 1708 4184 110 4185 110 4185 69 4186 68 4183 952 4187 1701 4188 60 4189 60 4189 1701 4188 1704 4190 60 4189 1704 4190 114 4191 114 4191 61 4192 60 4189 950 4193 1697 4194 52 4195 52 4195 1697 4194 1700 4196 52 4195 1700 4196 118 4197 118 4197 53 4198 52 4195 948 4199 1693 4200 44 4201 44 4201 1693 4200 1696 4202 44 4201 1696 4202 122 4203 122 4203 45 4204 44 4201 946 4205 1689 4206 36 4207 36 4207 1689 4206 1692 4208 36 4207 1692 4208 126 4209 126 4209 37 4210 36 4207 944 4211 1685 4212 28 4213 28 4213 1685 4212 1688 4214 28 4213 1688 4214 130 4215 130 4215 29 4216 28 4213 942 4217 1681 4218 20 4219 20 4219 1681 4218 1684 4220 20 4219 1684 4220 134 4221 134 4221 21 4222 20 4219 940 4223 1677 4224 12 4225 12 4225 1677 4224 1680 4226 12 4225 1680 4226 138 4227 138 4227 13 4228 12 4225 938 4229 1673 4230 4 4231 4 4231 1673 4230 1676 4232 4 4231 1676 4232 142 4233 142 4233 5 4234 4 4231 97 4235 96 4236 148 4237 148 4237 96 4236 1939 4238 148 4237 1939 4238 1720 4239 1720 4239 961 4240 148 4237 1759 4241 1758 4242 1773 4243 1773 4243 1758 4242 1794 4244 1773 4243 1794 4244 1793 4245 1793 4245 1792 4246 1773 4243 1773 4243 1792 4246 1791 4247 1773 4243 1791 4247 1790 4248 1790 4248 1789 4249 1773 4243 1773 4243 1789 4249 1788 4250 1773 4243 1788 4250 1787 4251 1787 4251 1786 4252 1773 4243 1773 4243 1786 4252 1785 4253 1773 4243 1785 4253 1784 4254 1784 4254 1783 4255 1773 4243 1773 4243 1783 4255 1782 4256 1773 4243 1782 4256 1781 4257 1781 4257 1780 4258 1773 4243 1773 4243 1780 4258 1774 4259 1774 4259 1780 4258 1779 4260 1774 4259 1779 4260 1775 4261 1775 4261 1779 4260 1778 4262 1775 4261 1778 4262 1776 4263 1776 4263 1778 4262 1777 4264 1772 4265 1762 4266 1773 4243 1773 4243 1762 4266 1761 4267 1773 4243 1761 4267 1760 4268 1762 4266 1772 4265 1763 4269 1763 4269 1772 4265 1771 4270 1763 4269 1771 4270 1764 4271 1764 4271 1771 4270 1770 4272 1764 4271 1770 4272 1765 4273 1765 4273 1770 4272 1769 4274 1765 4273 1769 4274 1766 4275 1766 4275 1769 4274 1768 4276 1766 4275 1768 4276 1767 4277 1760 4268 1759 4241 1773 4243</p>
        </triangles>
      </mesh>
    </geometry>
  </library_geometries>
  <library_visual_scenes>
    <visual_scene id="Scene" name="Scene">
      <node id="servo_left_gear-node" name="servo_left_gear" type="NODE">
        <instance_geometry url="#servo_left_gear-mesh">
          <bind_material>
            <technique_common>
              <instance_material symbol="Opaque_202_209_238_" target="#Opaque_202_209_238_"/>
            </technique_common>
          </bind_material>
        </instance_geometry>
      </node>
    </visual_scene>
  </library_visual_scenes>
  <scene>
    <instance_visual_scene url="#Scene"/>
  </scene>
</COLLADA>
